ISO-10303-21;
HEADER;
FILE_DESCRIPTION(('Open CASCADE Model'),'2;1');
FILE_NAME('Open CASCADE Shape Model','2026-08-07T15:00:39',('Author'),(
    'Open CASCADE'),'Open CASCADE STEP processor 7.9','Open CASCADE 7.9'
  ,'Unknown');
FILE_SCHEMA(('AUTOMOTIVE_DESIGN { 1 0 10303 214 1 1 1 1 }'));
ENDSEC;
DATA;
#1 = APPLICATION_PROTOCOL_DEFINITION('international standard',
  'automotive_design',2000,#2);
#2 = APPLICATION_CONTEXT(
  'core data for automotive mechanical design processes');
#3 = SHAPE_DEFINITION_REPRESENTATION(#4,#10);
#4 = PRODUCT_DEFINITION_SHAPE('','',#5);
#5 = PRODUCT_DEFINITION('design','',#6,#9);
#6 = PRODUCT_DEFINITION_FORMATION('','',#7);
#7 = PRODUCT('Open CASCADE STEP translator 7.9 31',
  'Open CASCADE STEP translator 7.9 31','',(#8));
#8 = PRODUCT_CONTEXT('',#2,'mechanical');
#9 = PRODUCT_DEFINITION_CONTEXT('part definition',#2,'design');
#10 = SHAPE_REPRESENTATION('',(#11,#15,#19),#23);
#11 = AXIS2_PLACEMENT_3D('',#12,#13,#14);
#12 = CARTESIAN_POINT('',(0.,0.,0.));
#13 = DIRECTION('',(0.,0.,1.));
#14 = DIRECTION('',(1.,0.,-0.));
#15 = AXIS2_PLACEMENT_3D('',#16,#17,#18);
#16 = CARTESIAN_POINT('',(0.,0.,0.));
#17 = DIRECTION('',(0.,0.,1.));
#18 = DIRECTION('',(1.,0.,-0.));
#19 = AXIS2_PLACEMENT_3D('',#20,#21,#22);
#20 = CARTESIAN_POINT('',(0.,0.,0.));
#21 = DIRECTION('',(0.,0.,1.));
#22 = DIRECTION('',(1.,0.,-0.));
#23 = ( GEOMETRIC_REPRESENTATION_CONTEXT(3) 
GLOBAL_UNCERTAINTY_ASSIGNED_CONTEXT((#27)) GLOBAL_UNIT_ASSIGNED_CONTEXT(
(#24,#25,#26)) REPRESENTATION_CONTEXT('Context #1',
  '3D Context with UNIT and UNCERTAINTY') );
#24 = ( LENGTH_UNIT() NAMED_UNIT(*) SI_UNIT(.MILLI.,.METRE.) );
#25 = ( NAMED_UNIT(*) PLANE_ANGLE_UNIT() SI_UNIT($,.RADIAN.) );
#26 = ( NAMED_UNIT(*) SI_UNIT($,.STERADIAN.) SOLID_ANGLE_UNIT() );
#27 = UNCERTAINTY_MEASURE_WITH_UNIT(LENGTH_MEASURE(1.E-03),#24,
  'distance_accuracy_value','confusion accuracy');
#28 = PRODUCT_RELATED_PRODUCT_CATEGORY('part',$,(#7));
#29 = SHAPE_DEFINITION_REPRESENTATION(#30,#36);
#30 = PRODUCT_DEFINITION_SHAPE('','',#31);
#31 = PRODUCT_DEFINITION('design','',#32,#35);
#32 = PRODUCT_DEFINITION_FORMATION('','',#33);
#33 = PRODUCT('Open CASCADE STEP translator 7.9 31.1',
  'Open CASCADE STEP translator 7.9 31.1','',(#34));
#34 = PRODUCT_CONTEXT('',#2,'mechanical');
#35 = PRODUCT_DEFINITION_CONTEXT('part definition',#2,'design');
#36 = ADVANCED_BREP_SHAPE_REPRESENTATION('',(#11,#37),#7702);
#37 = MANIFOLD_SOLID_BREP('',#38);
#38 = CLOSED_SHELL('',(#39,#302,#1052,#1592,#1932,#2240,#2875,#3458,
    #4021,#4628,#4736,#5127,#5216,#5293,#5663,#5713,#5841,#5971,#6349,
    #6470,#6866,#6896,#6903,#7015,#7075,#7082,#7194,#7201,#7257,#7344,
    #7383,#7462,#7543,#7599,#7634,#7688,#7695));
#39 = ADVANCED_FACE('',(#40),#64,.F.);
#40 = FACE_BOUND('',#41,.F.);
#41 = EDGE_LOOP('',(#42,#201,#230,#276));
#42 = ORIENTED_EDGE('',*,*,#43,.T.);
#43 = EDGE_CURVE('',#44,#46,#48,.T.);
#44 = VERTEX_POINT('',#45);
#45 = CARTESIAN_POINT('',(-4.363912712964,4.603896362843,-3.9975986482)
  );
#46 = VERTEX_POINT('',#47);
#47 = CARTESIAN_POINT('',(-4.78308187749,4.818163816162,-3.622480950801)
  );
#48 = SURFACE_CURVE('',#49,(#63,#74),.PCURVE_S1.);
#49 = B_SPLINE_CURVE_WITH_KNOTS('',3,(#50,#51,#52,#53,#54,#55,#56,#57,
    #58,#59,#60,#61,#62),.UNSPECIFIED.,.F.,.F.,(4,3,3,3,4),(
    41.009087228333,41.117594816645,41.226147753878,41.334894741375,
    41.400780979561),.UNSPECIFIED.);
#50 = CARTESIAN_POINT('',(-4.363912712964,4.603896362843,-3.9975986482)
  );
#51 = CARTESIAN_POINT('',(-4.405035488547,4.613309474047,-3.960546337292
    ));
#52 = CARTESIAN_POINT('',(-4.445783574406,4.62573741059,-3.923868716106)
  );
#53 = CARTESIAN_POINT('',(-4.485904086249,4.641087542291,-3.887818668938
    ));
#54 = CARTESIAN_POINT('',(-4.526041365784,4.656444089321,-3.85175355526)
  );
#55 = CARTESIAN_POINT('',(-4.565550180686,4.674725078638,-3.816316906214
    ));
#56 = CARTESIAN_POINT('',(-4.604189963045,4.695788705269,-3.781749289711
    ));
#57 = CARTESIAN_POINT('',(-4.642898818247,4.71688998544,-3.747119879809)
  );
#58 = CARTESIAN_POINT('',(-4.680735189658,4.740783588419,-3.713362953697
    ));
#59 = CARTESIAN_POINT('',(-4.717475223011,4.767281227982,-3.680702365642
    ));
#60 = CARTESIAN_POINT('',(-4.739734805959,4.783335279978,-3.660914384997
    ));
#61 = CARTESIAN_POINT('',(-4.761592324155,4.800344337611,-3.641528469103
    ));
#62 = CARTESIAN_POINT('',(-4.78300196728,4.818259106119,-3.62259042828)
  );
#63 = PCURVE('',#64,#69);
#64 = CYLINDRICAL_SURFACE('',#65,1.543);
#65 = AXIS2_PLACEMENT_3D('',#66,#67,#68);
#66 = CARTESIAN_POINT('',(-1.902582846623,6.124999910593,-1.902582846623
    ));
#67 = DIRECTION('',(-0.707106781187,0.,-0.707106781187));
#68 = DIRECTION('',(0.118701900442,0.985809168989,-0.118701900442));
#69 = DEFINITIONAL_REPRESENTATION('',(#70),#73);
#70 = B_SPLINE_CURVE_WITH_KNOTS('',1,(#71,#72),.UNSPECIFIED.,.F.,.F.,(2,
    2),(41.009087228333,41.400780979561),.PIECEWISE_BEZIER_KNOTS.);
#71 = CARTESIAN_POINT('',(3.14159265359,3.221822919215));
#72 = CARTESIAN_POINT('',(3.533623938943,3.252992917558));
#73 = ( GEOMETRIC_REPRESENTATION_CONTEXT(2) 
PARAMETRIC_REPRESENTATION_CONTEXT() REPRESENTATION_CONTEXT('2D SPACE',''
  ) );
#74 = PCURVE('',#75,#196);
#75 = B_SPLINE_SURFACE_WITH_KNOTS('',3,3,(
    (#76,#77,#78,#79,#80,#81,#82,#83,#84,#85,#86,#87,#88,#89,#90,#91,#92
      ,#93,#94,#95,#96,#97,#98,#99,#100,#101,#102,#103,#104,#105)
    ,(#106,#107,#108,#109,#110,#111,#112,#113,#114,#115,#116,#117,#118
      ,#119,#120,#121,#122,#123,#124,#125,#126,#127,#128,#129,#130,#131
      ,#132,#133,#134,#135)
    ,(#136,#137,#138,#139,#140,#141,#142,#143,#144,#145,#146,#147,#148
      ,#149,#150,#151,#152,#153,#154,#155,#156,#157,#158,#159,#160,#161
      ,#162,#163,#164,#165)
    ,(#166,#167,#168,#169,#170,#171,#172,#173,#174,#175,#176,#177,#178
      ,#179,#180,#181,#182,#183,#184,#185,#186,#187,#188,#189,#190,#191
      ,#192,#193,#194,#195
    )),.UNSPECIFIED.,.F.,.F.,.F.,(4,4),(4,1,1,1,1,1,1,1,1,1,1,1,1,1,1,1,
    1,1,1,1,1,1,1,1,1,1,1,4),(-2.064721334445E-04,3.239410231566E-02),(
    16.184129679089,17.156463077163,18.128796475237,19.101129873311,
    20.073463271385,21.045796669459,22.018130067532,22.990463465606,
    23.96279686368,24.935130261754,25.907463659828,26.879797057901,
    27.852130455975,28.824463854049,29.796797252123,30.769130650197,
    31.741464048271,32.713797446345,33.686130844418,34.658464242492,
    35.630797640566,36.60313103864,37.575464436714,38.547797834787,
    39.520131232861,40.492464630935,41.464798029009,42.437367119404),
  .UNSPECIFIED.);
#76 = CARTESIAN_POINT('',(-3.285288308221,4.752056089103,-2.283893740214
    ));
#77 = CARTESIAN_POINT('',(-3.61817885182,4.981556877628,-1.987478514241)
  );
#78 = CARTESIAN_POINT('',(-4.109477169885,5.902064891662,-1.569130831428
    ));
#79 = CARTESIAN_POINT('',(-3.739207846328,7.486278407367,-2.048826107864
    ));
#80 = CARTESIAN_POINT('',(-2.629895778882,7.878080258316,-3.267564128188
    ));
#81 = CARTESIAN_POINT('',(-1.799504718533,6.74080288927,-4.207381141416)
  );
#82 = CARTESIAN_POINT('',(-2.020201794712,5.064854875368,-4.096110018116
    ));
#83 = CARTESIAN_POINT('',(-3.147426980196,4.315152980079,-3.078310785511
    ));
#84 = CARTESIAN_POINT('',(-4.244406969588,5.145664909311,-2.090756748998
    ));
#85 = CARTESIAN_POINT('',(-4.401080073986,6.831508590186,-2.043509597478
    ));
#86 = CARTESIAN_POINT('',(-3.528357019284,7.90032739344,-3.02565860506)
  );
#87 = CARTESIAN_POINT('',(-2.43615149324,7.41886781788,-4.227290083982)
  );
#88 = CARTESIAN_POINT('',(-2.126000325986,5.807516568973,-4.646867204115
    ));
#89 = CARTESIAN_POINT('',(-2.916529720869,4.473417638274,-3.965763762111
    ));
#90 = CARTESIAN_POINT('',(-4.165181291759,4.581563942672,-2.826538144099
    ));
#91 = CARTESIAN_POINT('',(-4.829346593844,6.037524465458,-2.271798794893
    ));
#92 = CARTESIAN_POINT('',(-4.376816578612,7.56987020079,-2.833754763004)
  );
#93 = CARTESIAN_POINT('',(-3.250546742898,7.840482016848,-4.069450551597
    ));
#94 = CARTESIAN_POINT('',(-2.481827986009,6.613035523042,-4.947595261365
    ));
#95 = CARTESIAN_POINT('',(-2.789737473601,4.959424178423,-4.749111726651
    ));
#96 = CARTESIAN_POINT('',(-3.953146367548,4.323628973254,-3.695128785583
    ));
#97 = CARTESIAN_POINT('',(-5.003928799899,5.260939983394,-2.753772306111
    ));
#98 = CARTESIAN_POINT('',(-5.072172374347,6.952692022852,-2.794954684542
    ));
#99 = CARTESIAN_POINT('',(-4.146239074743,7.921858454104,-3.830313937025
    ));
#100 = CARTESIAN_POINT('',(-3.082135605651,7.32152295586,-5.003843358996
    ));
#101 = CARTESIAN_POINT('',(-2.857547867529,5.677077654941,
    -5.337857049997));
#102 = CARTESIAN_POINT('',(-3.715050414847,4.422296755435,
    -4.589780455557));
#103 = CARTESIAN_POINT('',(-4.956389357487,4.6574030122,-3.457876307364)
  );
#104 = CARTESIAN_POINT('',(-5.344742403094,5.664314885298,
    -3.142482738578));
#105 = CARTESIAN_POINT('',(-5.353819390248,6.16495340179,-3.169889910619
    ));
#106 = CARTESIAN_POINT('',(-3.216365275508,4.835696947476,
    -2.275976482048));
#107 = CARTESIAN_POINT('',(-3.530086908508,5.051216360617,
    -1.998730166675));
#108 = CARTESIAN_POINT('',(-3.993677038103,5.915646275003,
    -1.608090672332));
#109 = CARTESIAN_POINT('',(-3.649297983185,7.403348210098,
    -2.061895680129));
#110 = CARTESIAN_POINT('',(-2.610899271635,7.771281172449,
    -3.209720344557));
#111 = CARTESIAN_POINT('',(-1.83442947174,6.703287669114,-4.095616097331
    ));
#112 = CARTESIAN_POINT('',(-2.045014661065,5.129439776337,
    -3.994456860884));
#113 = CARTESIAN_POINT('',(-3.106901527256,4.425410332509,
    -3.041995947572));
#114 = CARTESIAN_POINT('',(-4.140385759391,5.205326797045,
    -2.117937668317));
#115 = CARTESIAN_POINT('',(-4.290847369561,6.788467504684,
    -2.076902011025));
#116 = CARTESIAN_POINT('',(-3.474624474965,7.792172993941,-3.0025508585)
  );
#117 = CARTESIAN_POINT('',(-2.452290160351,7.340044328751,
    -4.134311125993));
#118 = CARTESIAN_POINT('',(-2.164366814577,5.826857913314,
    -4.531660424645));
#119 = CARTESIAN_POINT('',(-2.910069672584,4.574033378531,
    -3.895383519517));
#120 = CARTESIAN_POINT('',(-4.085985529659,4.675591321782,
    -2.828893615322));
#121 = CARTESIAN_POINT('',(-4.713022498554,6.042853540984,
    -2.311282599305));
#122 = CARTESIAN_POINT('',(-4.291394140449,7.481847523228,
    -2.842336910288));
#123 = CARTESIAN_POINT('',(-3.237070741717,7.735973446544,
    -4.006086261899));
#124 = CARTESIAN_POINT('',(-2.51851611821,6.583303995136,-4.834066838285
    ));
#125 = CARTESIAN_POINT('',(-2.811000667653,5.030432003515,
    -4.651008241721));
#126 = CARTESIAN_POINT('',(-3.906866901249,4.433369961261,
    -3.664567961004));
#127 = CARTESIAN_POINT('',(-4.89696796923,5.313579219513,-2.783892845902
    ));
#128 = CARTESIAN_POINT('',(-4.964387248601,6.902268343708,
    -2.825899519409));
#129 = CARTESIAN_POINT('',(-4.09819572066,7.812392364813,-3.801517000229
    ));
#130 = CARTESIAN_POINT('',(-3.102251462748,7.248629795191,-4.90688721102
    ));
#131 = CARTESIAN_POINT('',(-2.894678952157,5.704365444406,-5.22388567449
    ));
#132 = CARTESIAN_POINT('',(-3.70327490348,4.526026821606,-4.524715676046
    ));
#133 = CARTESIAN_POINT('',(-4.872323892904,4.746810213286,
    -3.465101481069));
#134 = CARTESIAN_POINT('',(-5.239240529394,5.692380193108,-3.1711443214)
  );
#135 = CARTESIAN_POINT('',(-5.248875861462,6.162519402492,
    -3.197993148527));
#136 = CARTESIAN_POINT('',(-3.147442242796,4.91933780585,-2.268059223882
    ));
#137 = CARTESIAN_POINT('',(-3.441994965195,5.120875843607,
    -2.009981819109));
#138 = CARTESIAN_POINT('',(-3.87787690632,5.929227658344,-1.647050513236
    ));
#139 = CARTESIAN_POINT('',(-3.559388120042,7.320418012829,
    -2.074965252393));
#140 = CARTESIAN_POINT('',(-2.591902764388,7.664482086583,
    -3.151876560926));
#141 = CARTESIAN_POINT('',(-1.869354224946,6.665772448958,
    -3.983851053247));
#142 = CARTESIAN_POINT('',(-2.069827527419,5.194024677305,
    -3.892803703653));
#143 = CARTESIAN_POINT('',(-3.066376074316,4.535667684939,
    -3.005681109634));
#144 = CARTESIAN_POINT('',(-4.036364549193,5.264988684779,
    -2.145118587636));
#145 = CARTESIAN_POINT('',(-4.180614665136,6.745426419183,
    -2.110294424572));
#146 = CARTESIAN_POINT('',(-3.420891930645,7.684018594442,
    -2.979443111941));
#147 = CARTESIAN_POINT('',(-2.468428827461,7.261220839623,
    -4.041332168005));
#148 = CARTESIAN_POINT('',(-2.202733303169,5.846199257655,
    -4.416453645175));
#149 = CARTESIAN_POINT('',(-2.903609624299,4.674649118789,
    -3.825003276924));
#150 = CARTESIAN_POINT('',(-4.006789767558,4.769618700893,
    -2.831249086544));
#151 = CARTESIAN_POINT('',(-4.596698403264,6.04818261651,-2.350766403717
    ));
#152 = CARTESIAN_POINT('',(-4.205971702287,7.393824845666,
    -2.850919057572));
#153 = CARTESIAN_POINT('',(-3.223594740537,7.63146487624,-3.942721972201
    ));
#154 = CARTESIAN_POINT('',(-2.555204250412,6.55357246723,-4.720538415205
    ));
#155 = CARTESIAN_POINT('',(-2.832263861705,5.101439828607,
    -4.552904756791));
#156 = CARTESIAN_POINT('',(-3.86058743495,4.543110949267,-3.634007136424
    ));
#157 = CARTESIAN_POINT('',(-4.79000713856,5.366218455631,-2.814013385693
    ));
#158 = CARTESIAN_POINT('',(-4.856602122856,6.851844664563,
    -2.856844354276));
#159 = CARTESIAN_POINT('',(-4.050152366577,7.702926275522,
    -3.772720063434));
#160 = CARTESIAN_POINT('',(-3.122367319844,7.175736634522,
    -4.809931063045));
#161 = CARTESIAN_POINT('',(-2.931810036784,5.73165323387,-5.109914298984
    ));
#162 = CARTESIAN_POINT('',(-3.691499392113,4.629756887777,
    -4.459650896534));
#163 = CARTESIAN_POINT('',(-4.788258428322,4.836217414372,
    -3.472326654773));
#164 = CARTESIAN_POINT('',(-5.133738655694,5.720445500918,
    -3.199805904221));
#165 = CARTESIAN_POINT('',(-5.143932332675,6.160085403193,
    -3.226096386435));
#166 = CARTESIAN_POINT('',(-3.078519210083,5.002978664223,
    -2.260141965715));
#167 = CARTESIAN_POINT('',(-3.353903021882,5.190535326596,
    -2.021233471543));
#168 = CARTESIAN_POINT('',(-3.762076774538,5.942809041684,-1.68601035414
    ));
#169 = CARTESIAN_POINT('',(-3.469478256898,7.23748781556,-2.088034824658
    ));
#170 = CARTESIAN_POINT('',(-2.572906257141,7.557683000717,
    -3.094032777294));
#171 = CARTESIAN_POINT('',(-1.904278978153,6.628257228801,
    -3.872086009162));
#172 = CARTESIAN_POINT('',(-2.094640393772,5.258609578274,
    -3.791150546421));
#173 = CARTESIAN_POINT('',(-3.025850621376,4.645925037369,
    -2.969366271695));
#174 = CARTESIAN_POINT('',(-3.932343338995,5.324650572512,
    -2.172299506955));
#175 = CARTESIAN_POINT('',(-4.07038196071,6.702385333681,-2.143686838119
    ));
#176 = CARTESIAN_POINT('',(-3.367159386326,7.575864194943,
    -2.956335365382));
#177 = CARTESIAN_POINT('',(-2.484567494571,7.182397350494,
    -3.948353210016));
#178 = CARTESIAN_POINT('',(-2.241099791761,5.865540601996,
    -4.301246865705));
#179 = CARTESIAN_POINT('',(-2.897149576014,4.775264859046,-3.75462303433
    ));
#180 = CARTESIAN_POINT('',(-3.927594005457,4.863646080004,
    -2.833604557766));
#181 = CARTESIAN_POINT('',(-4.480374307974,6.053511692036,
    -2.390250208128));
#182 = CARTESIAN_POINT('',(-4.120549264124,7.305802168103,
    -2.859501204856));
#183 = CARTESIAN_POINT('',(-3.210118739356,7.526956305937,
    -3.879357682503));
#184 = CARTESIAN_POINT('',(-2.591892382614,6.523840939324,
    -4.607009992125));
#185 = CARTESIAN_POINT('',(-2.853527055756,5.1724476537,-4.454801271861)
  );
#186 = CARTESIAN_POINT('',(-3.814307968651,4.652851937274,
    -3.603446311845));
#187 = CARTESIAN_POINT('',(-4.683046307891,5.41885769175,-2.844133925484
    ));
#188 = CARTESIAN_POINT('',(-4.74881699711,6.801420985419,-2.887789189143
    ));
#189 = CARTESIAN_POINT('',(-4.002109012494,7.593460186231,
    -3.743923126638));
#190 = CARTESIAN_POINT('',(-3.142483176941,7.102843473852,-4.71297491507
    ));
#191 = CARTESIAN_POINT('',(-2.968941121412,5.758941023335,
    -4.995942923478));
#192 = CARTESIAN_POINT('',(-3.679723880746,4.733486953949,
    -4.394586117023));
#193 = CARTESIAN_POINT('',(-4.704192963739,4.925624615458,
    -3.479551828477));
#194 = CARTESIAN_POINT('',(-5.028236781994,5.748510808727,
    -3.228467487043));
#195 = CARTESIAN_POINT('',(-5.038988803888,6.157651403894,
    -3.254199624344));
#196 = DEFINITIONAL_REPRESENTATION('',(#197),#200);
#197 = B_SPLINE_CURVE_WITH_KNOTS('',1,(#198,#199),.UNSPECIFIED.,.F.,.F.,
  (2,2),(41.009087228333,41.400780979561),.PIECEWISE_BEZIER_KNOTS.);
#198 = CARTESIAN_POINT('',(-2.183305467934E-04,41.008950810607));
#199 = CARTESIAN_POINT('',(1.578155982129E-04,41.400805991325));
#200 = ( GEOMETRIC_REPRESENTATION_CONTEXT(2) 
PARAMETRIC_REPRESENTATION_CONTEXT() REPRESENTATION_CONTEXT('2D SPACE',''
  ) );
#201 = ORIENTED_EDGE('',*,*,#202,.T.);
#202 = EDGE_CURVE('',#46,#203,#205,.T.);
#203 = VERTEX_POINT('',#204);
#204 = CARTESIAN_POINT('',(-4.635296623785,4.696690776445,
    -3.809727708055));
#205 = SURFACE_CURVE('',#206,(#213,#219),.PCURVE_S1.);
#206 = B_SPLINE_CURVE_WITH_KNOTS('',3,(#207,#208,#209,#210,#211,#212),
  .UNSPECIFIED.,.F.,.F.,(4,2,4),(0.150690655411,0.175224307597,
    0.176035651008),.UNSPECIFIED.);
#207 = CARTESIAN_POINT('',(-4.783171145033,4.818449955654,
    -3.622329885215));
#208 = CARTESIAN_POINT('',(-4.739054746604,4.772972885462,-3.68058418305
    ));
#209 = CARTESIAN_POINT('',(-4.691183573469,4.733088855422,
    -3.741554077252));
#210 = CARTESIAN_POINT('',(-4.638668536726,4.698860308382,-3.80562231953
    ));
#211 = CARTESIAN_POINT('',(-4.636984184464,4.697771880483,-3.80767445257
    ));
#212 = CARTESIAN_POINT('',(-4.635296623785,4.696690776445,
    -3.809727708055));
#213 = PCURVE('',#64,#214);
#214 = DEFINITIONAL_REPRESENTATION('',(#215),#218);
#215 = B_SPLINE_CURVE_WITH_KNOTS('',1,(#216,#217),.UNSPECIFIED.,.F.,.F.,
  (2,2),(0.150719079744,0.176035651008),.PIECEWISE_BEZIER_KNOTS.);
#216 = CARTESIAN_POINT('',(3.533663917225,3.25296305672));
#217 = CARTESIAN_POINT('',(3.360917275375,3.280875507098));
#218 = ( GEOMETRIC_REPRESENTATION_CONTEXT(2) 
PARAMETRIC_REPRESENTATION_CONTEXT() REPRESENTATION_CONTEXT('2D SPACE',''
  ) );
#219 = PCURVE('',#220,#225);
#220 = CYLINDRICAL_SURFACE('',#221,6.);
#221 = AXIS2_PLACEMENT_3D('',#222,#223,#224);
#222 = CARTESIAN_POINT('',(2.072416312634E-15,3.5,0.));
#223 = DIRECTION('',(5.551115123126E-16,1.,0.));
#224 = DIRECTION('',(-1.,5.551115123126E-16,0.));
#225 = DEFINITIONAL_REPRESENTATION('',(#226),#229);
#226 = B_SPLINE_CURVE_WITH_KNOTS('',1,(#227,#228),.UNSPECIFIED.,.F.,.F.,
  (2,2),(0.150719079744,0.176035651008),.PIECEWISE_BEZIER_KNOTS.);
#227 = CARTESIAN_POINT('',(-0.648203663439,1.318291910959));
#228 = CARTESIAN_POINT('',(-0.687949775463,1.196690776445));
#229 = ( GEOMETRIC_REPRESENTATION_CONTEXT(2) 
PARAMETRIC_REPRESENTATION_CONTEXT() REPRESENTATION_CONTEXT('2D SPACE',''
  ) );
#230 = ORIENTED_EDGE('',*,*,#231,.F.);
#231 = EDGE_CURVE('',#232,#203,#234,.T.);
#232 = VERTEX_POINT('',#233);
#233 = CARTESIAN_POINT('',(-4.393332751697,4.603896362843,
    -4.027018686934));
#234 = SURFACE_CURVE('',#235,(#243,#249),.PCURVE_S1.);
#235 = B_SPLINE_CURVE_WITH_KNOTS('',3,(#236,#237,#238,#239,#240,#241,
    #242),.UNSPECIFIED.,.F.,.F.,(4,3,4),(41.009460009218,41.127067272022
    ,41.228697561766),.UNSPECIFIED.);
#236 = CARTESIAN_POINT('',(-4.393332751697,4.603896362843,
    -4.027018686934));
#237 = CARTESIAN_POINT('',(-4.437732594249,4.614057558328,
    -3.987030666783));
#238 = CARTESIAN_POINT('',(-4.481705334018,4.627733377832,
    -3.947469749413));
#239 = CARTESIAN_POINT('',(-4.524958614493,4.644825101194,
    -3.908628291338));
#240 = CARTESIAN_POINT('',(-4.562335927103,4.659594910099,
    -3.875063454065));
#241 = CARTESIAN_POINT('',(-4.59917597065,4.67691469492,-3.842035885854)
  );
#242 = CARTESIAN_POINT('',(-4.635296623785,4.696690776445,
    -3.809727708055));
#243 = PCURVE('',#64,#244);
#244 = DEFINITIONAL_REPRESENTATION('',(#245),#248);
#245 = B_SPLINE_CURVE_WITH_KNOTS('',1,(#246,#247),.UNSPECIFIED.,.F.,.F.,
  (2,2),(41.009460009218,41.228697561766),.PIECEWISE_BEZIER_KNOTS.);
#246 = CARTESIAN_POINT('',(3.14159265359,3.263429136998));
#247 = CARTESIAN_POINT('',(3.360917275375,3.280875507098));
#248 = ( GEOMETRIC_REPRESENTATION_CONTEXT(2) 
PARAMETRIC_REPRESENTATION_CONTEXT() REPRESENTATION_CONTEXT('2D SPACE',''
  ) );
#249 = PCURVE('',#250,#271);
#250 = B_SPLINE_SURFACE_WITH_KNOTS('',3,3,(
    (#251,#252,#253,#254,#255)
    ,(#256,#257,#258,#259,#260)
    ,(#261,#262,#263,#264,#265)
    ,(#266,#267,#268,#269,#270
  )),.UNSPECIFIED.,.F.,.F.,.F.,(4,4),(4,1,4),(1.836918447387E-02,
    3.215840999386E-02),(39.870919761796,40.549808661781,41.228697561766
    ),.UNSPECIFIED.);
#251 = CARTESIAN_POINT('',(-3.364635068024,5.319997018683,
    -5.025090124163));
#252 = CARTESIAN_POINT('',(-3.506181768341,5.054298226429,
    -4.909010705242));
#253 = CARTESIAN_POINT('',(-3.921257070985,4.652128790186,
    -4.544869965391));
#254 = CARTESIAN_POINT('',(-4.428505033082,4.685352686628,
    -4.088556566087));
#255 = CARTESIAN_POINT('',(-4.652102057389,4.807232643013,
    -3.890426823176));
#256 = CARTESIAN_POINT('',(-3.325169563039,5.297487600808,
    -5.032054112907));
#257 = CARTESIAN_POINT('',(-3.47031812245,5.024359363015,-4.912372834892
    ));
#258 = CARTESIAN_POINT('',(-3.896287609258,4.61094450146,-4.537337910876
    ));
#259 = CARTESIAN_POINT('',(-4.417007079067,4.645097401483,
    -4.067553003861));
#260 = CARTESIAN_POINT('',(-4.646500246188,4.770385354157,
    -3.863527118136));
#261 = CARTESIAN_POINT('',(-3.285704058054,5.274978182933,-5.03901810165
    ));
#262 = CARTESIAN_POINT('',(-3.434454476559,4.994420499602,
    -4.915734964541));
#263 = CARTESIAN_POINT('',(-3.871318147532,4.569760212735,
    -4.529805856361));
#264 = CARTESIAN_POINT('',(-4.405509125052,4.604842116337,
    -4.046549441634));
#265 = CARTESIAN_POINT('',(-4.640898434987,4.733538065301,
    -3.836627413096));
#266 = CARTESIAN_POINT('',(-3.246238553069,5.252468765058,
    -5.045982090393));
#267 = CARTESIAN_POINT('',(-3.398590830667,4.964481636188,
    -4.919097094191));
#268 = CARTESIAN_POINT('',(-3.846348685805,4.52857592401,-4.522273801846
    ));
#269 = CARTESIAN_POINT('',(-4.394011171037,4.564586831192,
    -4.025545879408));
#270 = CARTESIAN_POINT('',(-4.635296623785,4.696690776445,
    -3.809727708055));
#271 = DEFINITIONAL_REPRESENTATION('',(#272),#275);
#272 = B_SPLINE_CURVE_WITH_KNOTS('',1,(#273,#274),.UNSPECIFIED.,.F.,.F.,
  (2,2),(41.009460009218,41.228697561766),.PIECEWISE_BEZIER_KNOTS.);
#273 = CARTESIAN_POINT('',(3.221371584268E-02,41.009436504555));
#274 = CARTESIAN_POINT('',(3.215840999386E-02,41.228697561766));
#275 = ( GEOMETRIC_REPRESENTATION_CONTEXT(2) 
PARAMETRIC_REPRESENTATION_CONTEXT() REPRESENTATION_CONTEXT('2D SPACE',''
  ) );
#276 = ORIENTED_EDGE('',*,*,#277,.F.);
#277 = EDGE_CURVE('',#44,#232,#278,.T.);
#278 = SURFACE_CURVE('',#279,(#283,#290),.PCURVE_S1.);
#279 = LINE('',#280,#281);
#280 = CARTESIAN_POINT('',(-2.085739879004,4.603896362843,
    -1.719425814241));
#281 = VECTOR('',#282,1.);
#282 = DIRECTION('',(-0.707106781187,0.,-0.707106781187));
#283 = PCURVE('',#64,#284);
#284 = DEFINITIONAL_REPRESENTATION('',(#285),#289);
#285 = LINE('',#286,#287);
#286 = CARTESIAN_POINT('',(3.14159265359,-8.881784197001E-16));
#287 = VECTOR('',#288,1.);
#288 = DIRECTION('',(2.134725209431E-14,1.));
#289 = ( GEOMETRIC_REPRESENTATION_CONTEXT(2) 
PARAMETRIC_REPRESENTATION_CONTEXT() REPRESENTATION_CONTEXT('2D SPACE',''
  ) );
#290 = PCURVE('',#291,#296);
#291 = CYLINDRICAL_SURFACE('',#292,1.543);
#292 = AXIS2_PLACEMENT_3D('',#293,#294,#295);
#293 = CARTESIAN_POINT('',(-1.902582846623,6.124999910593,
    -1.902582846623));
#294 = DIRECTION('',(-0.707106781187,0.,-0.707106781187));
#295 = DIRECTION('',(0.118701900442,0.985809168989,-0.118701900442));
#296 = DEFINITIONAL_REPRESENTATION('',(#297),#301);
#297 = LINE('',#298,#299);
#298 = CARTESIAN_POINT('',(9.424777960769,-8.881784197001E-16));
#299 = VECTOR('',#300,1.);
#300 = DIRECTION('',(4.269450418861E-14,1.));
#301 = ( GEOMETRIC_REPRESENTATION_CONTEXT(2) 
PARAMETRIC_REPRESENTATION_CONTEXT() REPRESENTATION_CONTEXT('2D SPACE',''
  ) );
#302 = ADVANCED_FACE('',(#303),#291,.F.);
#303 = FACE_BOUND('',#304,.F.);
#304 = EDGE_LOOP('',(#305,#737,#760,#761,#786,#810,#882,#1026));
#305 = ORIENTED_EDGE('',*,*,#306,.T.);
#306 = EDGE_CURVE('',#307,#309,#311,.T.);
#307 = VERTEX_POINT('',#308);
#308 = CARTESIAN_POINT('',(-4.010392510089,4.603896362843,
    -3.644078445325));
#309 = VERTEX_POINT('',#310);
#310 = CARTESIAN_POINT('',(-4.17073654048,4.582000102585,-4.171825105548
    ));
#311 = SURFACE_CURVE('',#312,(#482,#488),.PCURVE_S1.);
#312 = B_SPLINE_CURVE_WITH_KNOTS('',3,(#313,#314,#315,#316,#317,#318,
    #319,#320,#321,#322,#323,#324,#325,#326,#327,#328,#329,#330,#331,
    #332,#333,#334,#335,#336,#337,#338,#339,#340,#341,#342,#343,#344,
    #345,#346,#347,#348,#349,#350,#351,#352,#353,#354,#355,#356,#357,
    #358,#359,#360,#361,#362,#363,#364,#365,#366,#367,#368,#369,#370,
    #371,#372,#373,#374,#375,#376,#377,#378,#379,#380,#381,#382,#383,
    #384,#385,#386,#387,#388,#389,#390,#391,#392,#393,#394,#395,#396,
    #397,#398,#399,#400,#401,#402,#403,#404,#405,#406,#407,#408,#409,
    #410,#411,#412,#413,#414,#415,#416,#417,#418,#419,#420,#421,#422,
    #423,#424,#425,#426,#427,#428,#429,#430,#431,#432,#433,#434,#435,
    #436,#437,#438,#439,#440,#441,#442,#443,#444,#445,#446,#447,#448,
    #449,#450,#451,#452,#453,#454,#455,#456,#457,#458,#459,#460,#461,
    #462,#463,#464,#465,#466,#467,#468,#469,#470,#471,#472,#473,#474,
    #475,#476,#477,#478,#479,#480,#481),.UNSPECIFIED.,.F.,.F.,(4,3,3,3,3
    ,3,3,3,3,3,3,3,3,3,3,3,3,3,3,3,3,3,3,3,3,3,3,3,3,3,3,3,3,3,3,3,3,3,3
    ,3,3,3,3,3,3,3,3,3,3,3,3,3,3,3,3,3,4),(34.726491717742,
    34.839529958095,34.951528050217,35.063447701049,35.175331373767,
    35.289197940467,35.401205022507,35.516001331537,35.630797640566,
    35.743090091028,35.8551938287,35.967192825051,36.079129538616,
    36.191046337521,36.303060875369,36.415125567128,36.527386521167,
    36.60313103864,36.715438429607,36.827557805698,36.939572852924,
    37.051525994376,37.163459563202,37.275491254247,37.387573335551,
    37.49985184556,37.575464436714,37.687600194152,37.799547345529,
    37.91138995771,38.023170775675,38.134932454394,38.24679427031,
    38.358707380402,38.470820368124,38.547797834787,38.660254316772,
    38.772520835709,38.884681691724,38.996779042302,39.108854953163,
    39.221025021431,39.33324342856,39.445653396121,39.520131232861,
    39.632553594688,39.744791057799,39.856925982544,39.969000533629,
    40.08105678771,40.19321209044,40.305418454281,40.417820808558,
    40.492464630935,40.61957964604,40.745736635812,40.840704496209),
  .UNSPECIFIED.);
#313 = CARTESIAN_POINT('',(-4.010392510089,4.603896362843,
    -3.644078445325));
#314 = CARTESIAN_POINT('',(-4.052903162806,4.61362323947,-3.605808216447
    ));
#315 = CARTESIAN_POINT('',(-4.095093774367,4.626588383166,
    -3.567858028725));
#316 = CARTESIAN_POINT('',(-4.136687270967,4.642731210091,
    -3.530504955964));
#317 = CARTESIAN_POINT('',(-4.177898035125,4.658725494958,
    -3.493495596378));
#318 = CARTESIAN_POINT('',(-4.218522266496,4.677839095949,
    -3.457072769579));
#319 = CARTESIAN_POINT('',(-4.258297096636,4.69996174949,-3.42149934401)
  );
#320 = CARTESIAN_POINT('',(-4.298044069257,4.722068908754,
    -3.385950833378));
#321 = CARTESIAN_POINT('',(-4.336942482624,4.747180744253,-3.351250882)
  );
#322 = CARTESIAN_POINT('',(-4.374741944259,4.775137996792,
    -3.317649882355));
#323 = CARTESIAN_POINT('',(-4.412529254735,4.803086262088,
    -3.284059684214));
#324 = CARTESIAN_POINT('',(-4.449217994369,4.833877878355,
    -3.251568056916));
#325 = CARTESIAN_POINT('',(-4.484574987154,4.867307524761,
    -3.220408176467));
#326 = CARTESIAN_POINT('',(-4.520558605491,4.901329638711,
    -3.188696055124));
#327 = CARTESIAN_POINT('',(-4.555162473146,4.938083922504,
    -3.158363684464));
#328 = CARTESIAN_POINT('',(-4.588163838065,4.977309147298,
    -3.129633816539));
#329 = CARTESIAN_POINT('',(-4.620626278051,5.015893809142,
    -3.101373118365));
#330 = CARTESIAN_POINT('',(-4.65153793551,5.056868883915,-3.074663202718
    ));
#331 = CARTESIAN_POINT('',(-4.680712963507,5.099948248422,
    -3.049689916533));
#332 = CARTESIAN_POINT('',(-4.710614514988,5.144100385507,
    -3.024094739637));
#333 = CARTESIAN_POINT('',(-4.738691508654,5.190462595373,
    -3.000324120557));
#334 = CARTESIAN_POINT('',(-4.764776031575,5.238692916638,
    -2.978545972222));
#335 = CARTESIAN_POINT('',(-4.790860554495,5.286923237904,
    -2.956767823887));
#336 = CARTESIAN_POINT('',(-4.81495242853,5.337021145435,-2.936982324437
    ));
#337 = CARTESIAN_POINT('',(-4.836919403904,5.388617830188,-2.91932172365
    ));
#338 = CARTESIAN_POINT('',(-4.858407250637,5.439089123348,
    -2.902046323805));
#339 = CARTESIAN_POINT('',(-4.877937415464,5.49119080143,-2.886728605867
    ));
#340 = CARTESIAN_POINT('',(-4.895372353583,5.544588456618,
    -2.873506114637));
#341 = CARTESIAN_POINT('',(-4.912777991461,5.597896374514,
    -2.860305844431));
#342 = CARTESIAN_POINT('',(-4.928095256457,5.652495469404,
    -2.849193947107));
#343 = CARTESIAN_POINT('',(-4.941219367058,5.708027714604,
    -2.840275204177));
#344 = CARTESIAN_POINT('',(-4.954331215476,5.763508074641,
    -2.831364794252));
#345 = CARTESIAN_POINT('',(-4.965253872351,5.819919360706,
    -2.824643575869));
#346 = CARTESIAN_POINT('',(-4.973917263991,5.876886239547,
    -2.820181622721));
#347 = CARTESIAN_POINT('',(-4.982575837908,5.933821439033,-2.81572215087
    ));
#348 = CARTESIAN_POINT('',(-4.988977579372,5.991311108524,
    -2.813519511473));
#349 = CARTESIAN_POINT('',(-4.993088524016,6.048969646343,
    -2.813607668896));
#350 = CARTESIAN_POINT('',(-4.997198737282,6.106617926132,
    -2.813695810634));
#351 = CARTESIAN_POINT('',(-4.999018945635,6.164434497739,
    -2.816073957286));
#352 = CARTESIAN_POINT('',(-4.998551965078,6.222030742471,
    -2.820739292847));
#353 = CARTESIAN_POINT('',(-4.998084576699,6.279677287033,
    -2.825408702729));
#354 = CARTESIAN_POINT('',(-4.995326032346,6.337102602663,
    -2.832369268585));
#355 = CARTESIAN_POINT('',(-4.990315946936,6.393921592041,
    -2.841581375498));
#356 = CARTESIAN_POINT('',(-4.985303618288,6.450766021819,
    -2.850797607082));
#357 = CARTESIAN_POINT('',(-4.978037822493,6.507003079325,
    -2.862267305812));
#358 = CARTESIAN_POINT('',(-4.968594128909,6.562259361408,
    -2.875914902332));
#359 = CARTESIAN_POINT('',(-4.959133896299,6.617612415489,-2.8895864003)
  );
#360 = CARTESIAN_POINT('',(-4.947488270369,6.671980774623,
    -2.905443291588));
#361 = CARTESIAN_POINT('',(-4.933767517291,6.725008732593,
    -2.923375310023));
#362 = CARTESIAN_POINT('',(-4.924509874417,6.760787665022,
    -2.935474370604));
#363 = CARTESIAN_POINT('',(-4.914308254413,6.795956804581,
    -2.948517408314));
#364 = CARTESIAN_POINT('',(-4.903204756692,6.830413551281,-2.96246232374
    ));
#365 = CARTESIAN_POINT('',(-4.886741454777,6.881503022206,-2.98313863301
    ));
#366 = CARTESIAN_POINT('',(-4.868222174377,6.931222724867,
    -3.005870920764));
#367 = CARTESIAN_POINT('',(-4.847764915846,6.979223510726,-3.03054118665
    ));
#368 = CARTESIAN_POINT('',(-4.827341905007,7.02714393801,-3.055170151808
    ));
#369 = CARTESIAN_POINT('',(-4.804987558328,7.0733507337,-3.081730452806)
  );
#370 = CARTESIAN_POINT('',(-4.780852126252,7.117519742234,
    -3.110071839201));
#371 = CARTESIAN_POINT('',(-4.75673915258,7.161647650802,-3.138386853484
    ));
#372 = CARTESIAN_POINT('',(-4.730848612733,7.203741135998,
    -3.168479433942));
#373 = CARTESIAN_POINT('',(-4.703360413374,7.243506862024,
    -3.200169673913));
#374 = CARTESIAN_POINT('',(-4.675887405529,7.283250611288,
    -3.231842400087));
#375 = CARTESIAN_POINT('',(-4.646818753995,7.320668796724,
    -3.265110769949));
#376 = CARTESIAN_POINT('',(-4.616360699057,7.355504501235,
    -3.299768543217));
#377 = CARTESIAN_POINT('',(-4.585907969061,7.390334115464,-3.33442025731
    ));
#378 = CARTESIAN_POINT('',(-4.554066610089,7.422581833977,
    -3.370460600379));
#379 = CARTESIAN_POINT('',(-4.521065337903,7.452032024213,
    -3.407660856663));
#380 = CARTESIAN_POINT('',(-4.488035136432,7.481508030814,
    -3.444893723108));
#381 = CARTESIAN_POINT('',(-4.453843305942,7.508181345783,
    -3.483288218572));
#382 = CARTESIAN_POINT('',(-4.418737229595,7.531881322976,
    -3.522596959893));
#383 = CARTESIAN_POINT('',(-4.383615363035,7.555591960082,
    -3.561923381726));
#384 = CARTESIAN_POINT('',(-4.347578772776,7.57632640679,-3.602164527257
    ));
#385 = CARTESIAN_POINT('',(-4.310888259222,7.593962618883,
    -3.643059596084));
#386 = CARTESIAN_POINT('',(-4.274133443954,7.611629739201,
    -3.684026335291));
#387 = CARTESIAN_POINT('',(-4.236722770968,7.62618764797,-3.725648932214
    ));
#388 = CARTESIAN_POINT('',(-4.198926243749,7.637564813344,
    -3.767657383372));
#389 = CARTESIAN_POINT('',(-4.173472634154,7.645226626401,
    -3.795947461697));
#390 = CARTESIAN_POINT('',(-4.147844189804,7.651446982157,
    -3.824412374776));
#391 = CARTESIAN_POINT('',(-4.122124114583,7.656217315233,
    -3.852968918728));
#392 = CARTESIAN_POINT('',(-4.083980465854,7.663291863328,
    -3.895319136292));
#393 = CARTESIAN_POINT('',(-4.045478135776,7.667202496281,
    -3.938028035205));
#394 = CARTESIAN_POINT('',(-4.006886795974,7.667889866485,
    -3.980825943843));
#395 = CARTESIAN_POINT('',(-3.968360364643,7.668576080571,
    -4.023551868796));
#396 = CARTESIAN_POINT('',(-3.92974558527,7.666049787727,-4.066366141792
    ));
#397 = CARTESIAN_POINT('',(-3.891315768947,7.660303391293,
    -4.108995451736));
#398 = CARTESIAN_POINT('',(-3.852921839398,7.654562360996,-4.15158495331
    ));
#399 = CARTESIAN_POINT('',(-3.814712894378,7.645607237885,
    -4.193989470355));
#400 = CARTESIAN_POINT('',(-3.776961002369,7.633482441786,
    -4.235936934388));
#401 = CARTESIAN_POINT('',(-3.739229968677,7.621364344764,
    -4.277861222007));
#402 = CARTESIAN_POINT('',(-3.701955845645,7.606080156387,
    -4.319328598966));
#403 = CARTESIAN_POINT('',(-3.665404298482,7.587725592209,
    -4.360073400056));
#404 = CARTESIAN_POINT('',(-3.62885900972,7.569374170722,-4.400811224771
    ));
#405 = CARTESIAN_POINT('',(-3.593036398913,7.547953583416,-4.44082637153
    ));
#406 = CARTESIAN_POINT('',(-3.558190693939,7.523609074713,
    -4.479864612457));
#407 = CARTESIAN_POINT('',(-3.523313767608,7.499242753607,
    -4.518937831206));
#408 = CARTESIAN_POINT('',(-3.489415829066,7.471947497795,
    -4.557032062166));
#409 = CARTESIAN_POINT('',(-3.456735351643,7.441915715714,
    -4.593908832007));
#410 = CARTESIAN_POINT('',(-3.424039888604,7.411870162576,
    -4.630802511671));
#411 = CARTESIAN_POINT('',(-3.392563302201,7.379085877288,
    -4.666477314699));
#412 = CARTESIAN_POINT('',(-3.362523217396,7.343798315575,-4.70071561613
    ));
#413 = CARTESIAN_POINT('',(-3.33242948078,7.308447730019,-4.735015067416
    ));
#414 = CARTESIAN_POINT('',(-3.303777647879,7.270585279462,
    -4.767872614988));
#415 = CARTESIAN_POINT('',(-3.276761004306,7.230485615397,
    -4.799094973232));
#416 = CARTESIAN_POINT('',(-3.258211210725,7.20295293951,-4.820532436363
    ));
#417 = CARTESIAN_POINT('',(-3.240431754964,7.174366373875,
    -4.841199561675));
#418 = CARTESIAN_POINT('',(-3.223477344219,7.14482371173,-4.86104164197)
  );
#419 = CARTESIAN_POINT('',(-3.198708623332,7.101664797865,
    -4.890028963091));
#420 = CARTESIAN_POINT('',(-3.175596921565,7.056295197496,
    -4.917359265091));
#421 = CARTESIAN_POINT('',(-3.154329208967,7.008998552555,
    -4.942845577922));
#422 = CARTESIAN_POINT('',(-3.133097422083,6.961781801762,-4.96828883892
    ));
#423 = CARTESIAN_POINT('',(-3.113703647231,6.912644889562,
    -4.991894087887));
#424 = CARTESIAN_POINT('',(-3.096306603354,6.861904751092,
    -5.013502605879));
#425 = CARTESIAN_POINT('',(-3.078925933214,6.811212368189,
    -5.035090786382));
#426 = CARTESIAN_POINT('',(-3.063538442384,6.758920201416,
    -5.054685787574));
#427 = CARTESIAN_POINT('',(-3.050271725464,6.705372956666,
    -5.072160014857));
#428 = CARTESIAN_POINT('',(-3.037012520154,6.651856030346,
    -5.089624348239));
#429 = CARTESIAN_POINT('',(-3.02587184421,6.597085912709,-5.104970152255
    ));
#430 = CARTESIAN_POINT('',(-3.016943703008,6.54142867837,-5.118103421529
    ));
#431 = CARTESIAN_POINT('',(-3.0080172694,6.485782089023,-5.131234178936)
  );
#432 = CARTESIAN_POINT('',(-3.001302628031,6.429249216742,
    -5.142153144105));
#433 = CARTESIAN_POINT('',(-2.996858404545,6.372210667894,
    -5.150801691391));
#434 = CARTESIAN_POINT('',(-2.99241044737,6.315124199723,-5.15945750451)
  );
#435 = CARTESIAN_POINT('',(-2.990236777287,6.257531716578,
    -5.165839030536));
#436 = CARTESIAN_POINT('',(-2.9903595931,6.19982199332,-5.169924070667)
  );
#437 = CARTESIAN_POINT('',(-2.990482461839,6.142087400486,
    -5.174010871215));
#438 = CARTESIAN_POINT('',(-2.992903787747,6.0842359836,-5.175799214595)
  );
#439 = CARTESIAN_POINT('',(-2.997608877983,6.026656496255,
    -5.175303793648));
#440 = CARTESIAN_POINT('',(-3.002321999959,5.968978718873,
    -5.174807527001));
#441 = CARTESIAN_POINT('',(-3.009326630413,5.911574311701,
    -5.172019751875));
#442 = CARTESIAN_POINT('',(-3.018571461025,5.854825755966,
    -5.166991776592));
#443 = CARTESIAN_POINT('',(-3.024696673939,5.817226691034,
    -5.163660464162));
#444 = CARTESIAN_POINT('',(-3.03180453453,5.779915346576,-5.159346504054
    ));
#445 = CARTESIAN_POINT('',(-3.039871584938,5.742999335239,
    -5.154073354131));
#446 = CARTESIAN_POINT('',(-3.052048588184,5.687275574113,
    -5.146113671162));
#447 = CARTESIAN_POINT('',(-3.066450608586,5.632243831984,
    -5.135928971037));
#448 = CARTESIAN_POINT('',(-3.08301691946,5.578282253039,-5.12357998044)
  );
#449 = CARTESIAN_POINT('',(-3.099555984067,5.524409423578,
    -5.111251299971));
#450 = CARTESIAN_POINT('',(-3.118252143382,5.471603742053,
    -5.096765524795));
#451 = CARTESIAN_POINT('',(-3.139009314736,5.420229034116,-5.08021873758
    ));
#452 = CARTESIAN_POINT('',(-3.159747522667,5.368901261297,
    -5.063687067247));
#453 = CARTESIAN_POINT('',(-3.182542844298,5.319002327904,
    -5.045098283214));
#454 = CARTESIAN_POINT('',(-3.207265460504,5.270875255871,
    -5.024582204606));
#455 = CARTESIAN_POINT('',(-3.231974766006,5.222774095546,
    -5.004077171894));
#456 = CARTESIAN_POINT('',(-3.258609106363,5.176443333643,
    -4.981647104328));
#457 = CARTESIAN_POINT('',(-3.287007286746,5.132198706475,
    -4.957453196736));
#458 = CARTESIAN_POINT('',(-3.315400830914,5.087961302571,
    -4.933263238979));
#459 = CARTESIAN_POINT('',(-3.345557407982,5.045809751298,
    -4.907310248323));
#460 = CARTESIAN_POINT('',(-3.377287441697,5.006026566357,
    -4.879783801019));
#461 = CARTESIAN_POINT('',(-3.40904552219,4.966208216304,-4.852233022567
    ));
#462 = CARTESIAN_POINT('',(-3.4423795723,4.928762770324,-4.823106274498)
  );
#463 = CARTESIAN_POINT('',(-3.477074759419,4.893934730036,
    -4.792618389421));
#464 = CARTESIAN_POINT('',(-3.511785742266,4.859090833535,
    -4.762116624079));
#465 = CARTESIAN_POINT('',(-3.547858794226,4.826867006808,
    -4.730252789626));
#466 = CARTESIAN_POINT('',(-3.585058368673,4.79746457773,-4.697262432684
    ));
#467 = CARTESIAN_POINT('',(-3.622322919478,4.768010791541,-4.66421445161
    ));
#468 = CARTESIAN_POINT('',(-3.660717598771,4.741388485395,
    -4.630036342047));
#469 = CARTESIAN_POINT('',(-3.699989948548,4.717752632779,
    -4.594980562001));
#470 = CARTESIAN_POINT('',(-3.726069814223,4.702056605807,
    -4.571700823459));
#471 = CARTESIAN_POINT('',(-3.752536414837,4.687676611665,
    -4.548034349978));
#472 = CARTESIAN_POINT('',(-3.779313130557,4.674645913314,-4.52405776139
    ));
#473 = CARTESIAN_POINT('',(-3.824912652593,4.652455230081,
    -4.483226727776));
#474 = CARTESIAN_POINT('',(-3.871554643817,4.634106071094,
    -4.441353224974));
#475 = CARTESIAN_POINT('',(-3.918911689176,4.619769177669,
    -4.398764668037));
#476 = CARTESIAN_POINT('',(-3.965911819586,4.605540336837,
    -4.356497087473));
#477 = CARTESIAN_POINT('',(-4.013616103512,4.595263630021,
    -4.313525353392));
#478 = CARTESIAN_POINT('',(-4.061689988333,4.589059117558,
    -4.270184018417));
#479 = CARTESIAN_POINT('',(-4.097878819333,4.584388514094,
    -4.237557733842));
#480 = CARTESIAN_POINT('',(-4.13427677982,4.582024567779,-4.204722319781
    ));
#481 = CARTESIAN_POINT('',(-4.17073654048,4.582000102585,-4.171825105548
    ));
#482 = PCURVE('',#291,#483);
#483 = DEFINITIONAL_REPRESENTATION('',(#484),#487);
#484 = B_SPLINE_CURVE_WITH_KNOTS('',1,(#485,#486),.UNSPECIFIED.,.F.,.F.,
  (2,2),(34.726491717742,40.840704496209),.PIECEWISE_BEZIER_KNOTS.);
#485 = CARTESIAN_POINT('',(3.14159265359,2.721869853737));
#486 = CARTESIAN_POINT('',(9.255610663423,3.208423447141));
#487 = ( GEOMETRIC_REPRESENTATION_CONTEXT(2) 
PARAMETRIC_REPRESENTATION_CONTEXT() REPRESENTATION_CONTEXT('2D SPACE',''
  ) );
#488 = PCURVE('',#75,#489);
#489 = DEFINITIONAL_REPRESENTATION('',(#490),#736);
#490 = B_SPLINE_CURVE_WITH_KNOTS('',3,(#491,#492,#493,#494,#495,#496,
    #497,#498,#499,#500,#501,#502,#503,#504,#505,#506,#507,#508,#509,
    #510,#511,#512,#513,#514,#515,#516,#517,#518,#519,#520,#521,#522,
    #523,#524,#525,#526,#527,#528,#529,#530,#531,#532,#533,#534,#535,
    #536,#537,#538,#539,#540,#541,#542,#543,#544,#545,#546,#547,#548,
    #549,#550,#551,#552,#553,#554,#555,#556,#557,#558,#559,#560,#561,
    #562,#563,#564,#565,#566,#567,#568,#569,#570,#571,#572,#573,#574,
    #575,#576,#577,#578,#579,#580,#581,#582,#583,#584,#585,#586,#587,
    #588,#589,#590,#591,#592,#593,#594,#595,#596,#597,#598,#599,#600,
    #601,#602,#603,#604,#605,#606,#607,#608,#609,#610,#611,#612,#613,
    #614,#615,#616,#617,#618,#619,#620,#621,#622,#623,#624,#625,#626,
    #627,#628,#629,#630,#631,#632,#633,#634,#635,#636,#637,#638,#639,
    #640,#641,#642,#643,#644,#645,#646,#647,#648,#649,#650,#651,#652,
    #653,#654,#655,#656,#657,#658,#659,#660,#661,#662,#663,#664,#665,
    #666,#667,#668,#669,#670,#671,#672,#673,#674,#675,#676,#677,#678,
    #679,#680,#681,#682,#683,#684,#685,#686,#687,#688,#689,#690,#691,
    #692,#693,#694,#695,#696,#697,#698,#699,#700,#701,#702,#703,#704,
    #705,#706,#707,#708,#709,#710,#711,#712,#713,#714,#715,#716,#717,
    #718,#719,#720,#721,#722,#723,#724,#725,#726,#727,#728,#729,#730,
    #731,#732,#733,#734,#735),.UNSPECIFIED.,.F.,.F.,(4,1,1,1,1,1,1,1,1,1
    ,1,1,1,1,1,1,1,1,1,1,1,1,1,1,1,1,1,1,1,1,1,1,1,1,1,1,1,1,1,1,1,1,1,1
    ,1,1,1,1,1,1,1,1,1,1,1,1,1,1,1,1,1,1,1,1,1,1,1,1,1,1,1,1,1,1,1,1,1,1
    ,1,1,1,1,1,1,1,1,1,1,1,1,1,1,1,1,1,1,1,1,1,1,1,1,1,1,1,1,1,1,1,1,1,1
    ,1,1,1,1,1,1,1,1,1,1,1,1,1,1,1,1,1,1,1,1,1,1,1,1,1,1,1,1,1,1,1,1,1,1
    ,1,1,1,1,1,1,1,1,1,1,1,1,1,1,1,1,1,1,1,1,1,1,1,1,1,1,1,1,1,1,1,1,1,1
    ,1,1,1,1,1,1,1,1,1,1,1,1,1,1,1,1,1,1,1,1,1,1,1,1,1,1,1,1,1,1,1,1,1,1
    ,1,1,1,1,1,1,1,1,1,1,1,1,1,1,1,1,1,1,1,1,1,1,1,1,1,1,1,1,4),(
    34.726491717742,34.751757059801,34.777022401861,34.802287743921,
    34.827553085981,34.852818428041,34.8780837701,34.90334911216,
    34.92861445422,34.95387979628,34.97914513834,35.004410480399,
    35.029675822459,35.054941164519,35.080206506579,35.105471848638,
    35.130737190698,35.156002532758,35.181267874818,35.206533216878,
    35.231798558937,35.257063900997,35.282329243057,35.307594585117,
    35.332859927176,35.358125269236,35.383390611296,35.408655953356,
    35.433921295416,35.459186637475,35.484451979535,35.509717321595,
    35.534982663655,35.560248005714,35.585513347774,35.610778689834,
    35.636044031894,35.661309373954,35.686574716013,35.711840058073,
    35.737105400133,35.762370742193,35.787636084252,35.812901426312,
    35.838166768372,35.863432110432,35.888697452492,35.913962794551,
    35.939228136611,35.964493478671,35.989758820731,36.01502416279,
    36.04028950485,36.06555484691,36.09082018897,36.11608553103,
    36.141350873089,36.166616215149,36.191881557209,36.217146899269,
    36.242412241329,36.267677583388,36.292942925448,36.318208267508,
    36.343473609568,36.368738951627,36.394004293687,36.419269635747,
    36.444534977807,36.469800319867,36.495065661926,36.520331003986,
    36.545596346046,36.570861688106,36.596127030165,36.621392372225,
    36.646657714285,36.671923056345,36.697188398405,36.722453740464,
    36.747719082524,36.772984424584,36.798249766644,36.823515108703,
    36.848780450763,36.874045792823,36.899311134883,36.924576476943,
    36.949841819002,36.975107161062,37.000372503122,37.025637845182,
    37.050903187241,37.076168529301,37.101433871361,37.126699213421,
    37.151964555481,37.17722989754,37.2024952396,37.22776058166,
    37.25302592372,37.27829126578,37.303556607839,37.328821949899,
    37.354087291959,37.379352634019,37.404617976078,37.429883318138,
    37.455148660198,37.480414002258,37.505679344318,37.530944686377,
    37.556210028437,37.581475370497,37.606740712557,37.632006054616,
    37.657271396676,37.682536738736,37.707802080796,37.733067422856,
    37.758332764915,37.783598106975,37.808863449035,37.834128791095,
    37.859394133154,37.884659475214,37.909924817274,37.935190159334,
    37.960455501394,37.985720843453,38.010986185513,38.036251527573,
    38.061516869633,38.086782211692,38.112047553752,38.137312895812,
    38.162578237872,38.187843579932,38.213108921991,38.238374264051,
    38.263639606111,38.288904948171,38.31417029023,38.33943563229,
    38.36470097435,38.38996631641,38.41523165847,38.440497000529,
    38.465762342589,38.491027684649,38.516293026709,38.541558368769,
    38.566823710828,38.592089052888,38.617354394948,38.642619737008,
    38.667885079067,38.693150421127,38.718415763187,38.743681105247,
    38.768946447307,38.794211789366,38.819477131426,38.844742473486,
    38.870007815546,38.895273157605,38.920538499665,38.945803841725,
    38.971069183785,38.996334525845,39.021599867904,39.046865209964,
    39.072130552024,39.097395894084,39.122661236143,39.147926578203,
    39.173191920263,39.198457262323,39.223722604383,39.248987946442,
    39.274253288502,39.299518630562,39.324783972622,39.350049314681,
    39.375314656741,39.400579998801,39.425845340861,39.451110682921,
    39.47637602498,39.50164136704,39.5269067091,39.55217205116,
    39.577437393219,39.602702735279,39.627968077339,39.653233419399,
    39.678498761459,39.703764103518,39.729029445578,39.754294787638,
    39.779560129698,39.804825471758,39.830090813817,39.855356155877,
    39.880621497937,39.905886839997,39.931152182056,39.956417524116,
    39.981682866176,40.006948208236,40.032213550296,40.057478892355,
    40.082744234415,40.108009576475,40.133274918535,40.158540260594,
    40.183805602654,40.209070944714,40.234336286774,40.259601628834,
    40.284866970893,40.310132312953,40.335397655013,40.360662997073,
    40.385928339132,40.411193681192,40.436459023252,40.461724365312,
    40.486989707372,40.512255049431,40.537520391491,40.562785733551,
    40.588051075611,40.61331641767,40.63858175973,40.66384710179,
    40.68911244385,40.71437778591,40.739643127969,40.764908470029,
    40.790173812089,40.815439154149,40.840704496209),
  .QUASI_UNIFORM_KNOTS.);
#491 = CARTESIAN_POINT('',(1.71646791512E-04,34.726581905305));
#492 = CARTESIAN_POINT('',(1.658709382099E-04,34.735015373047));
#493 = CARTESIAN_POINT('',(1.526488896034E-04,34.751884010885));
#494 = CARTESIAN_POINT('',(1.287005034283E-04,34.777188692469));
#495 = CARTESIAN_POINT('',(1.015210328644E-04,34.802491434688));
#496 = CARTESIAN_POINT('',(7.203490031594E-05,34.827789560183));
#497 = CARTESIAN_POINT('',(4.123155034336E-05,34.853081110238));
#498 = CARTESIAN_POINT('',(9.926575042366E-06,34.878364543739));
#499 = CARTESIAN_POINT('',(-2.122023448882E-05,34.9036388078));
#500 = CARTESIAN_POINT('',(-5.149837763183E-05,34.928903365449));
#501 = CARTESIAN_POINT('',(-8.019054965802E-05,34.954158210225));
#502 = CARTESIAN_POINT('',(-1.065963905079E-04,34.979403735075));
#503 = CARTESIAN_POINT('',(-1.303187186677E-04,35.004640539739));
#504 = CARTESIAN_POINT('',(-1.509364195236E-04,35.0298695546));
#505 = CARTESIAN_POINT('',(-1.680454552968E-04,35.055091965775));
#506 = CARTESIAN_POINT('',(-1.812007548093E-04,35.080309256854));
#507 = CARTESIAN_POINT('',(-1.902103853957E-04,35.105522942426));
#508 = CARTESIAN_POINT('',(-1.950057262869E-04,35.130734676837));
#509 = CARTESIAN_POINT('',(-1.955002796019E-04,35.15594613984));
#510 = CARTESIAN_POINT('',(-1.916025331228E-04,35.181159096416));
#511 = CARTESIAN_POINT('',(-1.832994310914E-04,35.206375235781));
#512 = CARTESIAN_POINT('',(-1.708702742139E-04,35.231596199934));
#513 = CARTESIAN_POINT('',(-1.545615045166E-04,35.256823469753));
#514 = CARTESIAN_POINT('',(-1.346453783819E-04,35.28205835048));
#515 = CARTESIAN_POINT('',(-1.113566356828E-04,35.307301959545));
#516 = CARTESIAN_POINT('',(-8.520917093319E-05,35.332555138821));
#517 = CARTESIAN_POINT('',(-5.680432104664E-05,35.357818470023));
#518 = CARTESIAN_POINT('',(-2.672812299483E-05,35.383092090808));
#519 = CARTESIAN_POINT('',(4.454920213651E-06,35.408375757096));
#520 = CARTESIAN_POINT('',(3.609135514356E-05,35.433668729957));
#521 = CARTESIAN_POINT('',(6.726928022683E-05,35.458969922696));
#522 = CARTESIAN_POINT('',(9.713201518079E-05,35.484277584296));
#523 = CARTESIAN_POINT('',(1.248202540108E-04,35.509589359414));
#524 = CARTESIAN_POINT('',(1.495389175637E-04,35.534902151103));
#525 = CARTESIAN_POINT('',(1.702466912443E-04,35.560212543449));
#526 = CARTESIAN_POINT('',(1.858457292624E-04,35.585515536082));
#527 = CARTESIAN_POINT('',(1.95340785378E-04,35.610808708622));
#528 = CARTESIAN_POINT('',(1.976361520681E-04,35.636075922367));
#529 = CARTESIAN_POINT('',(1.922878342829E-04,35.661354146691));
#530 = CARTESIAN_POINT('',(1.803873828626E-04,35.686647691832));
#531 = CARTESIAN_POINT('',(1.628459121611E-04,35.711948492434));
#532 = CARTESIAN_POINT('',(1.406849020569E-04,35.737252858507));
#533 = CARTESIAN_POINT('',(1.149903831424E-04,35.762557039298));
#534 = CARTESIAN_POINT('',(8.661768800701E-05,35.78785795397));
#535 = CARTESIAN_POINT('',(5.637618444682E-05,35.813153131919));
#536 = CARTESIAN_POINT('',(2.51148471686E-05,35.838440748865));
#537 = CARTESIAN_POINT('',(-6.274889878042E-06,35.863719675009));
#538 = CARTESIAN_POINT('',(-3.699748946373E-05,35.888989203173));
#539 = CARTESIAN_POINT('',(-6.649713354316E-05,35.91424898832));
#540 = CARTESIAN_POINT('',(-9.416613779934E-05,35.939499134197));
#541 = CARTESIAN_POINT('',(-1.19408573394E-04,35.964740159475));
#542 = CARTESIAN_POINT('',(-1.416010257073E-04,35.989972974746));
#543 = CARTESIAN_POINT('',(-1.604249898316E-04,36.015198605815));
#544 = CARTESIAN_POINT('',(-1.755924602974E-04,36.040418343319));
#545 = CARTESIAN_POINT('',(-1.868203311992E-04,36.065633637273));
#546 = CARTESIAN_POINT('',(-1.937943877938E-04,36.090846162858));
#547 = CARTESIAN_POINT('',(-1.963774945206E-04,36.116057592256));
#548 = CARTESIAN_POINT('',(-1.946407830514E-04,36.141269658632));
#549 = CARTESIAN_POINT('',(-1.88621565783E-04,36.166484048073));
#550 = CARTESIAN_POINT('',(-1.783721558553E-04,36.191702433377));
#551 = CARTESIAN_POINT('',(-1.639571825881E-04,36.216926378906));
#552 = CARTESIAN_POINT('',(-1.457593889986E-04,36.242157315594));
#553 = CARTESIAN_POINT('',(-1.241560222276E-04,36.267396469678));
#554 = CARTESIAN_POINT('',(-9.954194127486E-05,36.292644792086));
#555 = CARTESIAN_POINT('',(-7.227119307587E-05,36.317902974734));
#556 = CARTESIAN_POINT('',(-4.292465486927E-05,36.343171363651));
#557 = CARTESIAN_POINT('',(-1.222496761936E-05,36.368450000276));
#558 = CARTESIAN_POINT('',(1.913849651346E-05,36.3937383942));
#559 = CARTESIAN_POINT('',(5.048895282655E-05,36.41903559136));
#560 = CARTESIAN_POINT('',(8.111189138593E-05,36.444340067845));
#561 = CARTESIAN_POINT('',(1.100170228109E-04,36.469649895291));
#562 = CARTESIAN_POINT('',(1.362657001419E-04,36.494962426036));
#563 = CARTESIAN_POINT('',(1.589303277699E-04,36.520274339337));
#564 = CARTESIAN_POINT('',(1.771454491041E-04,36.545581462259));
#565 = CARTESIAN_POINT('',(1.897931502037E-04,36.570879527505));
#566 = CARTESIAN_POINT('',(1.958567143017E-04,36.596161534875));
#567 = CARTESIAN_POINT('',(1.941867771544E-04,36.621426832375));
#568 = CARTESIAN_POINT('',(1.854623196885E-04,36.64671570656));
#569 = CARTESIAN_POINT('',(1.706693996864E-04,36.672012672529));
#570 = CARTESIAN_POINT('',(1.507783146889E-04,36.697315534038));
#571 = CARTESIAN_POINT('',(1.268496283495E-04,36.722619658689));
#572 = CARTESIAN_POINT('',(9.988795924461E-05,36.74792194371));
#573 = CARTESIAN_POINT('',(7.06696868122E-05,36.773219544602));
#574 = CARTESIAN_POINT('',(4.004144447249E-05,36.798510373872));
#575 = CARTESIAN_POINT('',(8.854663654061E-06,36.823792960427));
#576 = CARTESIAN_POINT('',(-2.198901341055E-05,36.849066485173));
#577 = CARTESIAN_POINT('',(-5.186871975496E-05,36.874330389669));
#578 = CARTESIAN_POINT('',(-8.020119923067E-05,36.899584597942));
#579 = CARTESIAN_POINT('',(-1.063923835384E-04,36.924829422226));
#580 = CARTESIAN_POINT('',(-1.298142003146E-04,36.950065636267));
#581 = CARTESIAN_POINT('',(-1.499843597218E-04,36.975294205049));
#582 = CARTESIAN_POINT('',(-1.66645447792E-04,37.000516310189));
#583 = CARTESIAN_POINT('',(-1.794998107215E-04,37.025733326779));
#584 = CARTESIAN_POINT('',(-1.882666053673E-04,37.050946828398));
#585 = CARTESIAN_POINT('',(-1.92661170726E-04,37.076158519508));
#586 = CARTESIAN_POINT('',(-1.927175428605E-04,37.101370092341));
#587 = CARTESIAN_POINT('',(-1.884797328637E-04,37.126583272063));
#588 = CARTESIAN_POINT('',(-1.800077789649E-04,37.151799723488));
#589 = CARTESIAN_POINT('',(-1.67327077167E-04,37.177021095151));
#590 = CARTESIAN_POINT('',(-1.506746151867E-04,37.202248853463));
#591 = CARTESIAN_POINT('',(-1.304606545444E-04,37.227484352992));
#592 = CARTESIAN_POINT('',(-1.070657257114E-04,37.252728656892));
#593 = CARTESIAN_POINT('',(-8.087447514923E-05,37.27798259388));
#594 = CARTESIAN_POINT('',(-5.230363260287E-05,37.30324664465));
#595 = CARTESIAN_POINT('',(-2.207247121219E-05,37.328521024685));
#596 = CARTESIAN_POINT('',(9.127897683015E-06,37.353805485104));
#597 = CARTESIAN_POINT('',(4.05949776376E-05,37.37909928066));
#598 = CARTESIAN_POINT('',(7.167943047143E-05,37.404401152979));
#599 = CARTESIAN_POINT('',(1.01494596519E-04,37.429709340291));
#600 = CARTESIAN_POINT('',(1.290626543948E-04,37.455021576114));
#601 = CARTESIAN_POINT('',(1.534454307223E-04,37.480334770044));
#602 = CARTESIAN_POINT('',(1.737657706378E-04,37.505645375318));
#603 = CARTESIAN_POINT('',(1.890307487036E-04,37.530948249166));
#604 = CARTESIAN_POINT('',(1.981626036527E-04,37.556241041478));
#605 = CARTESIAN_POINT('',(1.999954646674E-04,37.581507606009));
#606 = CARTESIAN_POINT('',(1.941733395701E-04,37.606786685014));
#607 = CARTESIAN_POINT('',(1.818163121279E-04,37.632080531891));
#608 = CARTESIAN_POINT('',(1.638356680311E-04,37.657381638315));
#609 = CARTESIAN_POINT('',(1.412613508235E-04,37.682686179366));
#610 = CARTESIAN_POINT('',(1.15182902561E-04,37.707990451748));
#611 = CARTESIAN_POINT('',(8.644959891411E-05,37.733291364345));
#612 = CARTESIAN_POINT('',(5.587853534198E-05,37.758586462018));
#613 = CARTESIAN_POINT('',(2.432224961021E-05,37.783873932038));
#614 = CARTESIAN_POINT('',(-7.319868231397E-06,37.80915266346));
#615 = CARTESIAN_POINT('',(-3.826276213259E-05,37.834421948939));
#616 = CARTESIAN_POINT('',(-6.79475003695E-05,37.85968145716));
#617 = CARTESIAN_POINT('',(-9.576303455817E-05,37.884931302302));
#618 = CARTESIAN_POINT('',(-1.211079735955E-04,37.910172021638));
#619 = CARTESIAN_POINT('',(-1.433621835572E-04,37.935404529615));
#620 = CARTESIAN_POINT('',(-1.6221697541E-04,37.960629861952));
#621 = CARTESIAN_POINT('',(-1.773786451843E-04,37.985849317654));
#622 = CARTESIAN_POINT('',(-1.885631410556E-04,38.011064357894));
#623 = CARTESIAN_POINT('',(-1.95451359505E-04,38.036276667543));
#624 = CARTESIAN_POINT('',(-1.979248273568E-04,38.06148792069));
#625 = CARTESIAN_POINT('',(-1.960515346614E-04,38.086699857793));
#626 = CARTESIAN_POINT('',(-1.89869112866E-04,38.111914167281));
#627 = CARTESIAN_POINT('',(-1.794246530093E-04,38.137132530237));
#628 = CARTESIAN_POINT('',(-1.647962617479E-04,38.162356504803));
#629 = CARTESIAN_POINT('',(-1.463762135046E-04,38.18758752973));
#630 = CARTESIAN_POINT('',(-1.245391906919E-04,38.212826823248));
#631 = CARTESIAN_POINT('',(-9.968052209613E-05,38.238075335052));
#632 = CARTESIAN_POINT('',(-7.215412934322E-05,38.263333746512));
#633 = CARTESIAN_POINT('',(-4.25654183721E-05,38.288602403737));
#634 = CARTESIAN_POINT('',(-1.163352872278E-05,38.313881333667));
#635 = CARTESIAN_POINT('',(1.994887337631E-05,38.339170030378));
#636 = CARTESIAN_POINT('',(5.150997217479E-05,38.36446752118));
#637 = CARTESIAN_POINT('',(8.231207022967E-05,38.389772265855));
#638 = CARTESIAN_POINT('',(1.113579374319E-04,38.41508232199));
#639 = CARTESIAN_POINT('',(1.377082289687E-04,38.440395004384));
#640 = CARTESIAN_POINT('',(1.60436870825E-04,38.465706970896));
#641 = CARTESIAN_POINT('',(1.78666648108E-04,38.491013976838));
#642 = CARTESIAN_POINT('',(1.912645571893E-04,38.516311871759));
#643 = CARTESIAN_POINT('',(1.972104313815E-04,38.541593069221));
#644 = CARTESIAN_POINT('',(1.953701380685E-04,38.566858877644));
#645 = CARTESIAN_POINT('',(1.864702011512E-04,38.592148631182));
#646 = CARTESIAN_POINT('',(1.71481196378E-04,38.617446546333));
#647 = CARTESIAN_POINT('',(1.513745820761E-04,38.642750486349));
#648 = CARTESIAN_POINT('',(1.272097159934E-04,38.668055782763));
#649 = CARTESIAN_POINT('',(9.998206387124E-05,38.693359308786));
#650 = CARTESIAN_POINT('',(7.046700366736E-05,38.718658199244));
#651 = CARTESIAN_POINT('',(3.951124602758E-05,38.743950345255));
#652 = CARTESIAN_POINT('',(7.966854876129E-06,38.769234256711));
#653 = CARTESIAN_POINT('',(-2.326614403195E-05,38.794509090474));
#654 = CARTESIAN_POINT('',(-5.357055169467E-05,38.819774265169));
#655 = CARTESIAN_POINT('',(-8.235980766276E-05,38.845029684643));
#656 = CARTESIAN_POINT('',(-1.090382826779E-04,38.87027564207));
#657 = CARTESIAN_POINT('',(-1.329750046491E-04,38.895512893961));
#658 = CARTESIAN_POINT('',(-1.536894848469E-04,38.920742385765));
#659 = CARTESIAN_POINT('',(-1.709203095541E-04,38.945965282893));
#660 = CARTESIAN_POINT('',(-1.843661542349E-04,38.971182945501));
#661 = CARTESIAN_POINT('',(-1.937418622107E-04,38.996396935648));
#662 = CARTESIAN_POINT('',(-1.987600312998E-04,39.021608946789));
#663 = CARTESIAN_POINT('',(-1.99450859527E-04,39.046820661627));
#664 = CARTESIAN_POINT('',(-1.958525347917E-04,39.072033797383));
#665 = CARTESIAN_POINT('',(-1.880196576392E-04,39.097250014729));
#666 = CARTESIAN_POINT('',(-1.759721020454E-04,39.122470961784));
#667 = CARTESIAN_POINT('',(-1.599410821118E-04,39.147698105812));
#668 = CARTESIAN_POINT('',(-1.403298711988E-04,39.172932803315));
#669 = CARTESIAN_POINT('',(-1.175120714127E-04,39.198176124442));
#670 = CARTESIAN_POINT('',(-9.186571235198E-05,39.223428909272));
#671 = CARTESIAN_POINT('',(-6.379943944251E-05,39.248691654979));
#672 = CARTESIAN_POINT('',(-3.402398899181E-05,39.273964592163));
#673 = CARTESIAN_POINT('',(-3.222683834674E-06,39.29924749427));
#674 = CARTESIAN_POINT('',(2.790986219699E-05,39.324539643321));
#675 = CARTESIAN_POINT('',(5.873212551535E-05,39.349839816372));
#676 = CARTESIAN_POINT('',(8.836900536837E-05,39.375146285984));
#677 = CARTESIAN_POINT('',(1.158504978879E-04,39.400456826009));
#678 = CARTESIAN_POINT('',(1.402468517834E-04,39.425768397266));
#679 = CARTESIAN_POINT('',(1.606882861237E-04,39.451077499022));
#680 = CARTESIAN_POINT('',(1.761924636567E-04,39.476379086664));
#681 = CARTESIAN_POINT('',(1.856929294074E-04,39.501670728576));
#682 = CARTESIAN_POINT('',(1.880228777601E-04,39.526936885999));
#683 = CARTESIAN_POINT('',(1.828922441811E-04,39.552216044324));
#684 = CARTESIAN_POINT('',(1.714130487312E-04,39.577508435415));
#685 = CARTESIAN_POINT('',(1.544900990899E-04,39.602807337467));
#686 = CARTESIAN_POINT('',(1.331440274125E-04,39.628108946015));
#687 = CARTESIAN_POINT('',(1.084511657654E-04,39.653409760256));
#688 = CARTESIAN_POINT('',(8.124343375989E-05,39.678706833806));
#689 = CARTESIAN_POINT('',(5.232639241478E-05,39.703997862869));
#690 = CARTESIAN_POINT('',(2.253749912886E-05,39.729281166638));
#691 = CARTESIAN_POINT('',(-7.239514371942E-06,39.754555752214));
#692 = CARTESIAN_POINT('',(-3.623881032911E-05,39.779821017754));
#693 = CARTESIAN_POINT('',(-6.39174234E-05,39.805076732616));
#694 = CARTESIAN_POINT('',(-8.968160265298E-05,39.830323096307));
#695 = CARTESIAN_POINT('',(-1.129483230186E-04,39.855560718119));
#696 = CARTESIAN_POINT('',(-1.331159915109E-04,39.880790572663));
#697 = CARTESIAN_POINT('',(-1.498924987726E-04,39.906013749297));
#698 = CARTESIAN_POINT('',(-1.630025888466E-04,39.931231588445));
#699 = CARTESIAN_POINT('',(-1.721807432296E-04,39.956445580511));
#700 = CARTESIAN_POINT('',(-1.77128012395E-04,39.981657427703));
#701 = CARTESIAN_POINT('',(-1.777386632728E-04,40.006868814953));
#702 = CARTESIAN_POINT('',(-1.74098970395E-04,40.032081482005));
#703 = CARTESIAN_POINT('',(-1.662641527014E-04,40.057297106877));
#704 = CARTESIAN_POINT('',(-1.54301626296E-04,40.082517346764));
#705 = CARTESIAN_POINT('',(-1.383012296026E-04,40.107743731583));
#706 = CARTESIAN_POINT('',(-1.186675505933E-04,40.132977655458));
#707 = CARTESIAN_POINT('',(-9.579281387661E-05,40.158220287832));
#708 = CARTESIAN_POINT('',(-7.008861147115E-05,40.183472515394));
#709 = CARTESIAN_POINT('',(-4.192522091252E-05,40.208734950798));
#710 = CARTESIAN_POINT('',(-1.190885430825E-05,40.234007853519));
#711 = CARTESIAN_POINT('',(1.922525326498E-05,40.259291160347));
#712 = CARTESIAN_POINT('',(5.077286732961E-05,40.284584264998));
#713 = CARTESIAN_POINT('',(8.204553531542E-05,40.309886085816));
#714 = CARTESIAN_POINT('',(1.123096467107E-04,40.335194960699));
#715 = CARTESIAN_POINT('',(1.405625821794E-04,40.360508811093));
#716 = CARTESIAN_POINT('',(1.658565609753E-04,40.385824820975));
#717 = CARTESIAN_POINT('',(1.872565348308E-04,40.411139502067));
#718 = CARTESIAN_POINT('',(2.038874864468E-04,40.436448473001));
#719 = CARTESIAN_POINT('',(2.146246669004E-04,40.461747372873));
#720 = CARTESIAN_POINT('',(2.184477256136E-04,40.487028629315));
#721 = CARTESIAN_POINT('',(2.142261147278E-04,40.512292755666));
#722 = CARTESIAN_POINT('',(2.02745957194E-04,40.53756788509));
#723 = CARTESIAN_POINT('',(1.850492423381E-04,40.562842922194));
#724 = CARTESIAN_POINT('',(1.621463053516E-04,40.588117104466));
#725 = CARTESIAN_POINT('',(1.35075301412E-04,40.613387941467));
#726 = CARTESIAN_POINT('',(1.049066101622E-04,40.638654487068));
#727 = CARTESIAN_POINT('',(7.253172747607E-05,40.663916048214));
#728 = CARTESIAN_POINT('',(3.878498839536E-05,40.689172577117));
#729 = CARTESIAN_POINT('',(4.511749004421E-06,40.714424661018));
#730 = CARTESIAN_POINT('',(-2.94600081888E-05,40.739673500519));
#731 = CARTESIAN_POINT('',(-6.230200473213E-05,40.764920932191));
#732 = CARTESIAN_POINT('',(-9.340071824175E-05,40.790168919259));
#733 = CARTESIAN_POINT('',(-1.221610585065E-04,40.815419850733));
#734 = CARTESIAN_POINT('',(-1.393992758715E-04,40.8322577566));
#735 = CARTESIAN_POINT('',(-1.474389920586E-04,40.840678166294));
#736 = ( GEOMETRIC_REPRESENTATION_CONTEXT(2) 
PARAMETRIC_REPRESENTATION_CONTEXT() REPRESENTATION_CONTEXT('2D SPACE',''
  ) );
#737 = ORIENTED_EDGE('',*,*,#738,.T.);
#738 = EDGE_CURVE('',#309,#44,#739,.T.);
#739 = SURFACE_CURVE('',#740,(#748,#754),.PCURVE_S1.);
#740 = B_SPLINE_CURVE_WITH_KNOTS('',3,(#741,#742,#743,#744,#745,#746,
    #747),.UNSPECIFIED.,.F.,.F.,(4,3,4),(40.840704496667,40.94914809947,
    41.009087228333),.UNSPECIFIED.);
#741 = CARTESIAN_POINT('',(-4.170736541008,4.582000102585,
    -4.171825105071));
#742 = CARTESIAN_POINT('',(-4.212369866081,4.581972165856,
    -4.134259844373));
#743 = CARTESIAN_POINT('',(-4.254033208608,4.584997364746,-4.09666456622
    ));
#744 = CARTESIAN_POINT('',(-4.295465792879,4.591063187623,
    -4.059300046324));
#745 = CARTESIAN_POINT('',(-4.318366479904,4.594415899352,
    -4.038647866619));
#746 = CARTESIAN_POINT('',(-4.341196667172,4.598696600372,
    -4.018066186672));
#747 = CARTESIAN_POINT('',(-4.363912712964,4.603896362843,-3.9975986482)
  );
#748 = PCURVE('',#291,#749);
#749 = DEFINITIONAL_REPRESENTATION('',(#750),#753);
#750 = B_SPLINE_CURVE_WITH_KNOTS('',1,(#751,#752),.UNSPECIFIED.,.F.,.F.,
  (2,2),(40.840704496667,41.009087228333),.PIECEWISE_BEZIER_KNOTS.);
#751 = CARTESIAN_POINT('',(9.255610663884,3.208423447177));
#752 = CARTESIAN_POINT('',(9.424777960769,3.221822919215));
#753 = ( GEOMETRIC_REPRESENTATION_CONTEXT(2) 
PARAMETRIC_REPRESENTATION_CONTEXT() REPRESENTATION_CONTEXT('2D SPACE',''
  ) );
#754 = PCURVE('',#75,#755);
#755 = DEFINITIONAL_REPRESENTATION('',(#756),#759);
#756 = B_SPLINE_CURVE_WITH_KNOTS('',1,(#757,#758),.UNSPECIFIED.,.F.,.F.,
  (2,2),(40.840704496667,41.009087228333),.PIECEWISE_BEZIER_KNOTS.);
#757 = CARTESIAN_POINT('',(-1.474389924971E-04,40.840678166752));
#758 = CARTESIAN_POINT('',(-2.183305467935E-04,41.008950810607));
#759 = ( GEOMETRIC_REPRESENTATION_CONTEXT(2) 
PARAMETRIC_REPRESENTATION_CONTEXT() REPRESENTATION_CONTEXT('2D SPACE',''
  ) );
#760 = ORIENTED_EDGE('',*,*,#277,.T.);
#761 = ORIENTED_EDGE('',*,*,#762,.F.);
#762 = EDGE_CURVE('',#763,#232,#765,.T.);
#763 = VERTEX_POINT('',#764);
#764 = CARTESIAN_POINT('',(-4.200450556341,4.582360373307,
    -4.200909187212));
#765 = SURFACE_CURVE('',#766,(#774,#780),.PCURVE_S1.);
#766 = B_SPLINE_CURVE_WITH_KNOTS('',3,(#767,#768,#769,#770,#771,#772,
    #773),.UNSPECIFIED.,.F.,.F.,(4,3,4),(40.840704496667,40.958261846713
    ,41.009460009218),.UNSPECIFIED.);
#767 = CARTESIAN_POINT('',(-4.200450782282,4.58199994461,-4.200908988676
    ));
#768 = CARTESIAN_POINT('',(-4.245440410547,4.581987239359,
    -4.160329310425));
#769 = CARTESIAN_POINT('',(-4.290433047272,4.585537902997,
    -4.119746623713));
#770 = CARTESIAN_POINT('',(-4.33512885262,4.592627268136,-4.079460768379
    ));
#771 = CARTESIAN_POINT('',(-4.354594612137,4.595714803439,-4.06191561474
    ));
#772 = CARTESIAN_POINT('',(-4.374004095457,4.599472872956,
    -4.044426737297));
#773 = CARTESIAN_POINT('',(-4.393332751697,4.603896362843,
    -4.027018686934));
#774 = PCURVE('',#291,#775);
#775 = DEFINITIONAL_REPRESENTATION('',(#776),#779);
#776 = B_SPLINE_CURVE_WITH_KNOTS('',1,(#777,#778),.UNSPECIFIED.,.F.,.F.,
  (2,2),(40.840704496667,41.009460009218),.PIECEWISE_BEZIER_KNOTS.);
#777 = CARTESIAN_POINT('',(9.255899536348,3.25));
#778 = CARTESIAN_POINT('',(9.424777960769,3.263429136998));
#779 = ( GEOMETRIC_REPRESENTATION_CONTEXT(2) 
PARAMETRIC_REPRESENTATION_CONTEXT() REPRESENTATION_CONTEXT('2D SPACE',''
  ) );
#780 = PCURVE('',#250,#781);
#781 = DEFINITIONAL_REPRESENTATION('',(#782),#785);
#782 = B_SPLINE_CURVE_WITH_KNOTS('',1,(#783,#784),.UNSPECIFIED.,.F.,.F.,
  (2,2),(40.840704496667,41.009460009218),.PIECEWISE_BEZIER_KNOTS.);
#783 = CARTESIAN_POINT('',(3.222089542265E-02,40.840714734078));
#784 = CARTESIAN_POINT('',(3.221371584268E-02,41.009436504555));
#785 = ( GEOMETRIC_REPRESENTATION_CONTEXT(2) 
PARAMETRIC_REPRESENTATION_CONTEXT() REPRESENTATION_CONTEXT('2D SPACE',''
  ) );
#786 = ORIENTED_EDGE('',*,*,#787,.F.);
#787 = EDGE_CURVE('',#788,#763,#790,.T.);
#788 = VERTEX_POINT('',#789);
#789 = CARTESIAN_POINT('',(-3.246238553069,5.252468765058,
    -5.045982090393));
#790 = SURFACE_CURVE('',#791,(#797,#803),.PCURVE_S1.);
#791 = B_SPLINE_CURVE_WITH_KNOTS('',3,(#792,#793,#794,#795,#796),
  .UNSPECIFIED.,.F.,.F.,(4,1,4),(39.870919761796,40.549808661781,
    40.840703924864),.UNSPECIFIED.);
#792 = CARTESIAN_POINT('',(-3.246238553069,5.252468765058,
    -5.045982090393));
#793 = CARTESIAN_POINT('',(-3.398590830667,4.964481636188,
    -4.919097094191));
#794 = CARTESIAN_POINT('',(-3.718399032578,4.65313875205,-4.635668579996
    ));
#795 = CARTESIAN_POINT('',(-4.089172980348,4.582541291493,-4.30127431994
    ));
#796 = CARTESIAN_POINT('',(-4.200450233112,4.582720801848,
    -4.200909473495));
#797 = PCURVE('',#291,#798);
#798 = DEFINITIONAL_REPRESENTATION('',(#799),#802);
#799 = B_SPLINE_CURVE_WITH_KNOTS('',1,(#800,#801),.UNSPECIFIED.,.F.,.F.,
  (2,2),(39.870919761796,40.840703924864),.PIECEWISE_BEZIER_KNOTS.);
#800 = CARTESIAN_POINT('',(8.286324782585,3.172826982855));
#801 = CARTESIAN_POINT('',(9.255898964138,3.249999954497));
#802 = ( GEOMETRIC_REPRESENTATION_CONTEXT(2) 
PARAMETRIC_REPRESENTATION_CONTEXT() REPRESENTATION_CONTEXT('2D SPACE',''
  ) );
#803 = PCURVE('',#250,#804);
#804 = DEFINITIONAL_REPRESENTATION('',(#805),#809);
#805 = LINE('',#806,#807);
#806 = CARTESIAN_POINT('',(3.215840999387E-02,0.));
#807 = VECTOR('',#808,1.);
#808 = DIRECTION('',(-1.144814554522E-16,1.));
#809 = ( GEOMETRIC_REPRESENTATION_CONTEXT(2) 
PARAMETRIC_REPRESENTATION_CONTEXT() REPRESENTATION_CONTEXT('2D SPACE',''
  ) );
#810 = ORIENTED_EDGE('',*,*,#811,.T.);
#811 = EDGE_CURVE('',#788,#812,#814,.T.);
#812 = VERTEX_POINT('',#813);
#813 = CARTESIAN_POINT('',(-3.025767011731,6.365673969187,
    -5.181190402863));
#814 = SURFACE_CURVE('',#815,(#824,#853),.PCURVE_S1.);
#815 = B_SPLINE_CURVE_WITH_KNOTS('',3,(#816,#817,#818,#819,#820,#821,
    #822,#823),.UNSPECIFIED.,.F.,.F.,(4,2,2,4),(0.378370565656,
    0.408841422709,0.467252584245,0.490901533657),.UNSPECIFIED.);
#816 = CARTESIAN_POINT('',(-3.246238553069,5.252468765058,
    -5.045982090393));
#817 = CARTESIAN_POINT('',(-3.194873701393,5.339523194174,
    -5.079026710607));
#818 = CARTESIAN_POINT('',(-3.149788015383,5.434219711997,
    -5.106919738003));
#819 = CARTESIAN_POINT('',(-3.044181838031,5.723246774222,
    -5.171029754791));
#820 = CARTESIAN_POINT('',(-3.00888246801,5.930296038806,-5.191013994751
    ));
#821 = CARTESIAN_POINT('',(-3.00888246801,6.203829741969,-5.191013994751
    ));
#822 = CARTESIAN_POINT('',(-3.014356122893,6.2847372835,-5.187854255826)
  );
#823 = CARTESIAN_POINT('',(-3.025767011731,6.365673969187,
    -5.181190402863));
#824 = PCURVE('',#291,#825);
#825 = DEFINITIONAL_REPRESENTATION('',(#826),#852);
#826 = B_SPLINE_CURVE_WITH_KNOTS('',3,(#827,#828,#829,#830,#831,#832,
    #833,#834,#835,#836,#837,#838,#839,#840,#841,#842,#843,#844,#845,
    #846,#847,#848,#849,#850,#851),.UNSPECIFIED.,.F.,.F.,(4,1,1,1,1,1,1,
    1,1,1,1,1,1,1,1,1,1,1,1,1,1,1,4),(0.378370565656,0.383485609656,
    0.388600653656,0.393715697656,0.398830741656,0.403945785656,
    0.409060829656,0.414175873656,0.419290917656,0.424405961656,
    0.429521005656,0.434636049656,0.439751093657,0.444866137657,
    0.449981181657,0.455096225657,0.460211269657,0.465326313657,
    0.470441357657,0.475556401657,0.480671445657,0.485786489657,
    0.490901533657),.QUASI_UNIFORM_KNOTS.);
#827 = CARTESIAN_POINT('',(8.286324782585,3.172826982855));
#828 = CARTESIAN_POINT('',(8.274841690328,3.170652376451));
#829 = CARTESIAN_POINT('',(8.251812105951,3.166348103721));
#830 = CARTESIAN_POINT('',(8.217109821126,3.160063384854));
#831 = CARTESIAN_POINT('',(8.182281852471,3.153987393114));
#832 = CARTESIAN_POINT('',(8.147360658559,3.148156581229));
#833 = CARTESIAN_POINT('',(8.112377140851,3.142609571703));
#834 = CARTESIAN_POINT('',(8.077363988147,3.137376892116));
#835 = CARTESIAN_POINT('',(8.042340494611,3.132519466921));
#836 = CARTESIAN_POINT('',(8.007322707157,3.128064760562));
#837 = CARTESIAN_POINT('',(7.972339388935,3.124017551578));
#838 = CARTESIAN_POINT('',(7.937420327489,3.120388697185));
#839 = CARTESIAN_POINT('',(7.902598732713,3.117187425787));
#840 = CARTESIAN_POINT('',(7.867909824321,3.114423402364));
#841 = CARTESIAN_POINT('',(7.833390430479,3.112106174409));
#842 = CARTESIAN_POINT('',(7.799078265591,3.110245322776));
#843 = CARTESIAN_POINT('',(7.765011457188,3.108850412372));
#844 = CARTESIAN_POINT('',(7.731227443213,3.107931038522));
#845 = CARTESIAN_POINT('',(7.697764255204,3.107496690835));
#846 = CARTESIAN_POINT('',(7.664653072352,3.107557251363));
#847 = CARTESIAN_POINT('',(7.631075954596,3.108074577287));
#848 = CARTESIAN_POINT('',(7.597220453739,3.109060994761));
#849 = CARTESIAN_POINT('',(7.563088328986,3.110519686981));
#850 = CARTESIAN_POINT('',(7.540181380269,3.111810761466));
#851 = CARTESIAN_POINT('',(7.528695693005,3.112536775537));
#852 = ( GEOMETRIC_REPRESENTATION_CONTEXT(2) 
PARAMETRIC_REPRESENTATION_CONTEXT() REPRESENTATION_CONTEXT('2D SPACE',''
  ) );
#853 = PCURVE('',#220,#854);
#854 = DEFINITIONAL_REPRESENTATION('',(#855),#881);
#855 = B_SPLINE_CURVE_WITH_KNOTS('',3,(#856,#857,#858,#859,#860,#861,
    #862,#863,#864,#865,#866,#867,#868,#869,#870,#871,#872,#873,#874,
    #875,#876,#877,#878,#879,#880),.UNSPECIFIED.,.F.,.F.,(4,1,1,1,1,1,1,
    1,1,1,1,1,1,1,1,1,1,1,1,1,1,1,4),(0.378370565656,0.383485609656,
    0.388600653656,0.393715697656,0.398830741656,0.403945785656,
    0.409060829656,0.414175873656,0.419290917656,0.424405961656,
    0.429521005656,0.434636049656,0.439751093657,0.444866137657,
    0.449981181657,0.455096225657,0.460211269657,0.465326313657,
    0.470441357657,0.475556401657,0.480671445657,0.485786489657,
    0.490901533657),.QUASI_UNIFORM_KNOTS.);
#856 = CARTESIAN_POINT('',(-0.999123367661,1.752468765058));
#857 = CARTESIAN_POINT('',(-1.000832140379,1.767082309881));
#858 = CARTESIAN_POINT('',(-1.004173912226,1.796740102317));
#859 = CARTESIAN_POINT('',(-1.008947036542,1.842426508351));
#860 = CARTESIAN_POINT('',(-1.013468373569,1.889220462398));
#861 = CARTESIAN_POINT('',(-1.017725813514,1.937029019398));
#862 = CARTESIAN_POINT('',(-1.021706516375,1.985762115431));
#863 = CARTESIAN_POINT('',(-1.025400238611,2.035318937716));
#864 = CARTESIAN_POINT('',(-1.028786852626,2.085639034589));
#865 = CARTESIAN_POINT('',(-1.031860647683,2.136627526559));
#866 = CARTESIAN_POINT('',(-1.034623257211,2.188159369278));
#867 = CARTESIAN_POINT('',(-1.037074344324,2.240117601223));
#868 = CARTESIAN_POINT('',(-1.039214093633,2.292383094424));
#869 = CARTESIAN_POINT('',(-1.041042541214,2.344837303874));
#870 = CARTESIAN_POINT('',(-1.042559751124,2.397361519162));
#871 = CARTESIAN_POINT('',(-1.043765773029,2.449837108528));
#872 = CARTESIAN_POINT('',(-1.044660634271,2.502145291014));
#873 = CARTESIAN_POINT('',(-1.045244418518,2.5541678038));
#874 = CARTESIAN_POINT('',(-1.045516969043,2.605784460717));
#875 = CARTESIAN_POINT('',(-1.045479012369,2.656882250852));
#876 = CARTESIAN_POINT('',(-1.04514449373,2.708662228001));
#877 = CARTESIAN_POINT('',(-1.04450415144,2.760776177048));
#878 = CARTESIAN_POINT('',(-1.043553105978,2.813159784674));
#879 = CARTESIAN_POINT('',(-1.042707899347,2.848168129867));
#880 = CARTESIAN_POINT('',(-1.042231548009,2.865673969187));
#881 = ( GEOMETRIC_REPRESENTATION_CONTEXT(2) 
PARAMETRIC_REPRESENTATION_CONTEXT() REPRESENTATION_CONTEXT('2D SPACE',''
  ) );
#882 = ORIENTED_EDGE('',*,*,#883,.F.);
#883 = EDGE_CURVE('',#884,#812,#886,.T.);
#884 = VERTEX_POINT('',#885);
#885 = CARTESIAN_POINT('',(-4.039490088592,4.606106293204,
    -3.673693810844));
#886 = SURFACE_CURVE('',#887,(#896,#902),.PCURVE_S1.);
#887 = B_SPLINE_CURVE_WITH_KNOTS('',3,(#888,#889,#890,#891,#892,#893,
    #894,#895),.UNSPECIFIED.,.F.,.F.,(4,1,1,1,1,4),(34.725734820599,
    35.141762808459,36.134644774398,37.127526740338,38.120408706277,
    39.113290672217),.UNSPECIFIED.);
#888 = CARTESIAN_POINT('',(-4.039490088592,4.606106293204,
    -3.673693810844));
#889 = CARTESIAN_POINT('',(-4.197071381743,4.641264429094,-3.53171905042
    ));
#890 = CARTESIAN_POINT('',(-4.712879958494,4.902611539137,
    -3.068763166145));
#891 = CARTESIAN_POINT('',(-5.223081150226,6.136141249497,
    -2.648660826636));
#892 = CARTESIAN_POINT('',(-4.688898680974,7.657193589084,
    -3.294581775132));
#893 = CARTESIAN_POINT('',(-3.519734997893,7.785137718298,
    -4.575483937457));
#894 = CARTESIAN_POINT('',(-3.063467563781,6.870095901621,
    -5.106243691065));
#895 = CARTESIAN_POINT('',(-3.025767011731,6.365673969187,
    -5.181190402863));
#896 = PCURVE('',#291,#897);
#897 = DEFINITIONAL_REPRESENTATION('',(#898),#901);
#898 = B_SPLINE_CURVE_WITH_KNOTS('',1,(#899,#900),.UNSPECIFIED.,.F.,.F.,
  (2,2),(34.725734820599,39.113290672217),.PIECEWISE_BEZIER_KNOTS.);
#899 = CARTESIAN_POINT('',(3.141599173515,2.763386174598));
#900 = CARTESIAN_POINT('',(7.528695693005,3.112536775537));
#901 = ( GEOMETRIC_REPRESENTATION_CONTEXT(2) 
PARAMETRIC_REPRESENTATION_CONTEXT() REPRESENTATION_CONTEXT('2D SPACE',''
  ) );
#902 = PCURVE('',#903,#1020);
#903 = B_SPLINE_SURFACE_WITH_KNOTS('',3,3,(
    (#904,#905,#906,#907,#908,#909,#910,#911,#912,#913,#914,#915,#916
      ,#917,#918,#919,#920,#921,#922,#923,#924,#925,#926,#927,#928,#929
      ,#930,#931,#932)
    ,(#933,#934,#935,#936,#937,#938,#939,#940,#941,#942,#943,#944,#945
      ,#946,#947,#948,#949,#950,#951,#952,#953,#954,#955,#956,#957,#958
      ,#959,#960,#961)
    ,(#962,#963,#964,#965,#966,#967,#968,#969,#970,#971,#972,#973,#974
      ,#975,#976,#977,#978,#979,#980,#981,#982,#983,#984,#985,#986,#987
      ,#988,#989,#990)
    ,(#991,#992,#993,#994,#995,#996,#997,#998,#999,#1000,#1001,#1002
      ,#1003,#1004,#1005,#1006,#1007,#1008,#1009,#1010,#1011,#1012,#1013
      ,#1014,#1015,#1016,#1017,#1018,#1019
    )),.UNSPECIFIED.,.F.,.F.,.F.,(4,4),(4,1,1,1,1,1,1,1,1,1,1,1,1,1,1,1,
    1,1,1,1,1,1,1,1,1,1,4),(-2.572529727716E-04,3.23754088166E-02),(
    13.29810230482,14.291241523732,15.284123489672,16.277005455611,
    17.26988742155,18.26276938749,19.255651353429,20.248533319368,
    21.241415285308,22.234297251247,23.227179217186,24.220061183126,
    25.212943149065,26.205825115005,27.198707080944,28.191589046883,
    29.184471012823,30.177352978762,31.170234944702,32.163116910641,
    33.15599887658,34.14888084252,35.141762808459,36.134644774398,
    37.127526740338,38.120408706277,39.113290672217),.UNSPECIFIED.);
#904 = CARTESIAN_POINT('',(-2.169097853556,7.064153687837,
    -3.361843500563));
#905 = CARTESIAN_POINT('',(-1.967878859131,6.784954661926,
    -3.600318305112));
#906 = CARTESIAN_POINT('',(-1.780616139246,5.89847029775,-3.86208299487)
  );
#907 = CARTESIAN_POINT('',(-2.443955634052,4.76625828166,-3.310491629686
    ));
#908 = CARTESIAN_POINT('',(-3.500682735157,4.870620448266,
    -2.365503007825));
#909 = CARTESIAN_POINT('',(-4.042201474925,6.11153740282,-1.935722747301
    ));
#910 = CARTESIAN_POINT('',(-3.628044084642,7.365548836607,
    -2.461618616828));
#911 = CARTESIAN_POINT('',(-2.684613274356,7.493382080407,
    -3.516787906358));
#912 = CARTESIAN_POINT('',(-2.118779157539,6.379716516614,
    -4.194360502419));
#913 = CARTESIAN_POINT('',(-2.494670854738,5.034791526108,
    -3.930207284465));
#914 = CARTESIAN_POINT('',(-3.521902213169,4.679229948807,
    -3.014714405278));
#915 = CARTESIAN_POINT('',(-4.319008652843,5.635591994511,
    -2.329346444848));
#916 = CARTESIAN_POINT('',(-4.21336324057,7.036079962461,-2.546730336365
    ));
#917 = CARTESIAN_POINT('',(-3.35152969039,7.609806294608,-3.520302365789
    ));
#918 = CARTESIAN_POINT('',(-2.566271762335,6.836158032652,
    -4.417298773089));
#919 = CARTESIAN_POINT('',(-2.620866147421,5.417173111263,
    -4.474442867247));
#920 = CARTESIAN_POINT('',(-3.516466528104,4.640499469066,
    -3.690580965807));
#921 = CARTESIAN_POINT('',(-4.491070847459,5.210931077994,
    -2.827715125697));
#922 = CARTESIAN_POINT('',(-4.710965706065,6.610818476531,
    -2.719558746335));
#923 = CARTESIAN_POINT('',(-4.027332751944,7.569873103685,-3.5149301797)
  );
#924 = CARTESIAN_POINT('',(-3.111178501676,7.21774720717,-4.542822909212
    ));
#925 = CARTESIAN_POINT('',(-2.844656996764,5.8740919201,-4.921082893368)
  );
#926 = CARTESIAN_POINT('',(-3.520129627565,4.757971051649,
    -4.357348741812));
#927 = CARTESIAN_POINT('',(-4.575711612969,4.882645000616,
    -3.413505235652));
#928 = CARTESIAN_POINT('',(-5.103497433757,6.134114234327,
    -2.997457894108));
#929 = CARTESIAN_POINT('',(-4.676666852399,7.378431776297,
    -3.536026954711));
#930 = CARTESIAN_POINT('',(-3.730381257807,7.483098210337,
    -4.594051028547));
#931 = CARTESIAN_POINT('',(-3.363901913797,6.734535814097,
    -5.035022692052));
#932 = CARTESIAN_POINT('',(-3.336448680972,6.321886595693,
    -5.099722084625));
#933 = CARTESIAN_POINT('',(-2.08613305592,7.134241998946,-3.367892376733
    ));
#934 = CARTESIAN_POINT('',(-1.868507059511,6.834206568323,
    -3.622774183268));
#935 = CARTESIAN_POINT('',(-1.664489057613,5.8815645701,-3.901294155039)
  );
#936 = CARTESIAN_POINT('',(-2.373163221858,4.664856457686,
    -3.304368120414));
#937 = CARTESIAN_POINT('',(-3.504583561569,4.777007091078,
    -2.284686259948));
#938 = CARTESIAN_POINT('',(-4.082345943307,6.110532706405,
    -1.818662357455));
#939 = CARTESIAN_POINT('',(-3.633110833629,7.458130031699,
    -2.379635946377));
#940 = CARTESIAN_POINT('',(-2.615103042996,7.595503370399,
    -3.509382216253));
#941 = CARTESIAN_POINT('',(-2.002871691435,6.398725817497,
    -4.233352047058));
#942 = CARTESIAN_POINT('',(-2.402646414089,4.953430127926,
    -3.945315803649));
#943 = CARTESIAN_POINT('',(-3.502369766943,4.571333268488,
    -2.957330930039));
#944 = CARTESIAN_POINT('',(-4.354794158524,5.599067864904,
    -2.216645017702));
#945 = CARTESIAN_POINT('',(-4.237095034234,7.104073153424,
    -2.446082621237));
#946 = CARTESIAN_POINT('',(-3.306774043343,7.720616232555,
    -3.488142091371));
#947 = CARTESIAN_POINT('',(-2.458743453304,6.889231206517,
    -4.447911160655));
#948 = CARTESIAN_POINT('',(-2.513242696994,5.364348551404,
    -4.505150396209));
#949 = CARTESIAN_POINT('',(-3.471511555288,4.529712363368,
    -3.658620017159));
#950 = CARTESIAN_POINT('',(-4.514680354343,5.142714836665,
    -2.727189697349));
#951 = CARTESIAN_POINT('',(-4.746816316474,6.647074735747,
    -2.606792214462));
#952 = CARTESIAN_POINT('',(-4.007994892609,7.677702858858,
    -3.457352117571));
#953 = CARTESIAN_POINT('',(-3.019299290312,7.299298082374,
    -4.557786199112));
#954 = CARTESIAN_POINT('',(-2.728718016543,5.855366853211,
    -4.960105952125));
#955 = CARTESIAN_POINT('',(-3.450431163324,4.655950758187,
    -4.350131284588));
#956 = CARTESIAN_POINT('',(-4.580620928246,4.789929026355,
    -3.331679998911));
#957 = CARTESIAN_POINT('',(-5.143625514011,6.134794429171,
    -2.880413892389));
#958 = CARTESIAN_POINT('',(-4.680771422931,7.471974415091,
    -3.455006462714));
#959 = CARTESIAN_POINT('',(-3.659695797674,7.584452023158,
    -4.587820567215));
#960 = CARTESIAN_POINT('',(-3.263086735406,6.780025001354,
    -5.058921948979));
#961 = CARTESIAN_POINT('',(-3.232194863438,6.336580094855,
    -5.127059980695));
#962 = CARTESIAN_POINT('',(-2.003168258285,7.204330310055,
    -3.373941252903));
#963 = CARTESIAN_POINT('',(-1.769135259891,6.883458474719,
    -3.645230061423));
#964 = CARTESIAN_POINT('',(-1.548361975979,5.864658842449,
    -3.940505315208));
#965 = CARTESIAN_POINT('',(-2.302370809665,4.563454633712,
    -3.298244611143));
#966 = CARTESIAN_POINT('',(-3.508484387982,4.68339373389,-2.20386951207)
  );
#967 = CARTESIAN_POINT('',(-4.122490411688,6.10952800999,-1.701601967608
    ));
#968 = CARTESIAN_POINT('',(-3.638177582616,7.55071122679,-2.297653275925
    ));
#969 = CARTESIAN_POINT('',(-2.545592811636,7.697624660391,
    -3.501976526149));
#970 = CARTESIAN_POINT('',(-1.886964225331,6.41773511838,-4.272343591698
    ));
#971 = CARTESIAN_POINT('',(-2.31062197344,4.872068729743,-3.960424322833
    ));
#972 = CARTESIAN_POINT('',(-3.482837320717,4.46343658817,-2.8999474548)
  );
#973 = CARTESIAN_POINT('',(-4.390579664205,5.562543735296,
    -2.103943590557));
#974 = CARTESIAN_POINT('',(-4.260826827897,7.172066344388,
    -2.345434906108));
#975 = CARTESIAN_POINT('',(-3.262018396296,7.831426170501,
    -3.455981816953));
#976 = CARTESIAN_POINT('',(-2.351215144273,6.942304380383,
    -4.478523548221));
#977 = CARTESIAN_POINT('',(-2.405619246567,5.311523991545,
    -4.535857925171));
#978 = CARTESIAN_POINT('',(-3.426556582473,4.418925257669,-3.62665906851
    ));
#979 = CARTESIAN_POINT('',(-4.538289861226,5.074498595336,-2.626664269)
  );
#980 = CARTESIAN_POINT('',(-4.782666926883,6.683330994963,
    -2.494025682588));
#981 = CARTESIAN_POINT('',(-3.988657033273,7.785532614031,
    -3.399774055442));
#982 = CARTESIAN_POINT('',(-2.927420078948,7.380848957578,
    -4.572749489011));
#983 = CARTESIAN_POINT('',(-2.612779036322,5.836641786323,
    -4.999129010881));
#984 = CARTESIAN_POINT('',(-3.380732699084,4.553930464726,
    -4.342913827364));
#985 = CARTESIAN_POINT('',(-4.585530243523,4.697213052094,
    -3.249854762169));
#986 = CARTESIAN_POINT('',(-5.183753594265,6.135474624016,
    -2.763369890671));
#987 = CARTESIAN_POINT('',(-4.684875993463,7.565517053885,
    -3.373985970717));
#988 = CARTESIAN_POINT('',(-3.58901033754,7.685805835978,-4.581590105883
    ));
#989 = CARTESIAN_POINT('',(-3.162271557014,6.825514188612,
    -5.082821205906));
#990 = CARTESIAN_POINT('',(-3.127941045904,6.351273594016,
    -5.154397876764));
#991 = CARTESIAN_POINT('',(-1.92020346065,7.274418621163,-3.379990129074
    ));
#992 = CARTESIAN_POINT('',(-1.66976346027,6.932710381116,-3.667685939578
    ));
#993 = CARTESIAN_POINT('',(-1.432234894346,5.847753114798,
    -3.979716475376));
#994 = CARTESIAN_POINT('',(-2.231578397472,4.462052809737,
    -3.292121101871));
#995 = CARTESIAN_POINT('',(-3.512385214394,4.589780376701,
    -2.123052764193));
#996 = CARTESIAN_POINT('',(-4.162634880069,6.108523313576,
    -1.584541577762));
#997 = CARTESIAN_POINT('',(-3.643244331603,7.643292421881,
    -2.215670605473));
#998 = CARTESIAN_POINT('',(-2.476082580276,7.799745950384,
    -3.494570836044));
#999 = CARTESIAN_POINT('',(-1.771056759227,6.436744419263,
    -4.311335136337));
#1000 = CARTESIAN_POINT('',(-2.218597532791,4.790707331561,
    -3.975532842017));
#1001 = CARTESIAN_POINT('',(-3.463304874491,4.355539907851,
    -2.842563979561));
#1002 = CARTESIAN_POINT('',(-4.426365169885,5.526019605689,
    -1.991242163411));
#1003 = CARTESIAN_POINT('',(-4.284558621561,7.240059535351,
    -2.24478719098));
#1004 = CARTESIAN_POINT('',(-3.21726274925,7.942236108448,
    -3.423821542535));
#1005 = CARTESIAN_POINT('',(-2.243686835242,6.995377554249,
    -4.509135935787));
#1006 = CARTESIAN_POINT('',(-2.29799579614,5.258699431687,
    -4.566565454133));
#1007 = CARTESIAN_POINT('',(-3.381601609657,4.308138151971,
    -3.594698119861));
#1008 = CARTESIAN_POINT('',(-4.56189936811,5.006282354006,
    -2.526138840652));
#1009 = CARTESIAN_POINT('',(-4.818517537291,6.71958725418,
    -2.381259150715));
#1010 = CARTESIAN_POINT('',(-3.969319173938,7.893362369204,
    -3.342195993312));
#1011 = CARTESIAN_POINT('',(-2.835540867583,7.462399832782,
    -4.587712778911));
#1012 = CARTESIAN_POINT('',(-2.496840056101,5.817916719435,
    -5.038152069637));
#1013 = CARTESIAN_POINT('',(-3.311034234843,4.451910171264,
    -4.335696370139));
#1014 = CARTESIAN_POINT('',(-4.590439558799,4.604497077833,
    -3.168029525427));
#1015 = CARTESIAN_POINT('',(-5.223881674519,6.13615481886,
    -2.646325888952));
#1016 = CARTESIAN_POINT('',(-4.688980563995,7.659059692679,
    -3.29296547872));
#1017 = CARTESIAN_POINT('',(-3.518324877407,7.787159648799,
    -4.575359644552));
#1018 = CARTESIAN_POINT('',(-3.061456378622,6.871003375869,
    -5.106720462833));
#1019 = CARTESIAN_POINT('',(-3.02368722837,6.365967093178,
    -5.181735772833));
#1020 = DEFINITIONAL_REPRESENTATION('',(#1021),#1025);
#1021 = LINE('',#1022,#1023);
#1022 = CARTESIAN_POINT('',(3.215840999386E-02,2.13162820728E-14));
#1023 = VECTOR('',#1024,1.);
#1024 = DIRECTION('',(6.80042483694E-17,1.));
#1025 = ( GEOMETRIC_REPRESENTATION_CONTEXT(2) 
PARAMETRIC_REPRESENTATION_CONTEXT() REPRESENTATION_CONTEXT('2D SPACE',''
  ) );
#1026 = ORIENTED_EDGE('',*,*,#1027,.F.);
#1027 = EDGE_CURVE('',#307,#884,#1028,.T.);
#1028 = SURFACE_CURVE('',#1029,(#1033,#1040),.PCURVE_S1.);
#1029 = LINE('',#1030,#1031);
#1030 = CARTESIAN_POINT('',(-2.085739879004,4.603896362843,
    -1.719425814241));
#1031 = VECTOR('',#1032,1.);
#1032 = DIRECTION('',(-0.707106781187,0.,-0.707106781187));
#1033 = PCURVE('',#291,#1034);
#1034 = DEFINITIONAL_REPRESENTATION('',(#1035),#1039);
#1035 = LINE('',#1036,#1037);
#1036 = CARTESIAN_POINT('',(3.14159265359,-4.440892098501E-16));
#1037 = VECTOR('',#1038,1.);
#1038 = DIRECTION('',(-1.06967380691E-14,1.));
#1039 = ( GEOMETRIC_REPRESENTATION_CONTEXT(2) 
PARAMETRIC_REPRESENTATION_CONTEXT() REPRESENTATION_CONTEXT('2D SPACE',''
  ) );
#1040 = PCURVE('',#1041,#1046);
#1041 = CYLINDRICAL_SURFACE('',#1042,1.543);
#1042 = AXIS2_PLACEMENT_3D('',#1043,#1044,#1045);
#1043 = CARTESIAN_POINT('',(-1.902582846623,6.124999910593,
    -1.902582846623));
#1044 = DIRECTION('',(-0.707106781187,0.,-0.707106781187));
#1045 = DIRECTION('',(0.118701900442,0.985809168989,-0.118701900442));
#1046 = DEFINITIONAL_REPRESENTATION('',(#1047),#1051);
#1047 = LINE('',#1048,#1049);
#1048 = CARTESIAN_POINT('',(9.424777960769,-4.440892098501E-16));
#1049 = VECTOR('',#1050,1.);
#1050 = DIRECTION('',(0.,1.));
#1051 = ( GEOMETRIC_REPRESENTATION_CONTEXT(2) 
PARAMETRIC_REPRESENTATION_CONTEXT() REPRESENTATION_CONTEXT('2D SPACE',''
  ) );
#1052 = ADVANCED_FACE('',(#1053),#1041,.F.);
#1053 = FACE_BOUND('',#1054,.F.);
#1054 = EDGE_LOOP('',(#1055,#1490,#1513,#1514,#1537,#1566));
#1055 = ORIENTED_EDGE('',*,*,#1056,.T.);
#1056 = EDGE_CURVE('',#1057,#1059,#1061,.T.);
#1057 = VERTEX_POINT('',#1058);
#1058 = CARTESIAN_POINT('',(-3.656803452056,4.603896362843,
    -3.290489387293));
#1059 = VERTEX_POINT('',#1060);
#1060 = CARTESIAN_POINT('',(-3.818281945922,4.582000109871,
    -3.817172918929));
#1061 = SURFACE_CURVE('',#1062,(#1235,#1241),.PCURVE_S1.);
#1062 = B_SPLINE_CURVE_WITH_KNOTS('',3,(#1063,#1064,#1065,#1066,#1067,
    #1068,#1069,#1070,#1071,#1072,#1073,#1074,#1075,#1076,#1077,#1078,
    #1079,#1080,#1081,#1082,#1083,#1084,#1085,#1086,#1087,#1088,#1089,
    #1090,#1091,#1092,#1093,#1094,#1095,#1096,#1097,#1098,#1099,#1100,
    #1101,#1102,#1103,#1104,#1105,#1106,#1107,#1108,#1109,#1110,#1111,
    #1112,#1113,#1114,#1115,#1116,#1117,#1118,#1119,#1120,#1121,#1122,
    #1123,#1124,#1125,#1126,#1127,#1128,#1129,#1130,#1131,#1132,#1133,
    #1134,#1135,#1136,#1137,#1138,#1139,#1140,#1141,#1142,#1143,#1144,
    #1145,#1146,#1147,#1148,#1149,#1150,#1151,#1152,#1153,#1154,#1155,
    #1156,#1157,#1158,#1159,#1160,#1161,#1162,#1163,#1164,#1165,#1166,
    #1167,#1168,#1169,#1170,#1171,#1172,#1173,#1174,#1175,#1176,#1177,
    #1178,#1179,#1180,#1181,#1182,#1183,#1184,#1185,#1186,#1187,#1188,
    #1189,#1190,#1191,#1192,#1193,#1194,#1195,#1196,#1197,#1198,#1199,
    #1200,#1201,#1202,#1203,#1204,#1205,#1206,#1207,#1208,#1209,#1210,
    #1211,#1212,#1213,#1214,#1215,#1216,#1217,#1218,#1219,#1220,#1221,
    #1222,#1223,#1224,#1225,#1226,#1227,#1228,#1229,#1230,#1231,#1232,
    #1233,#1234),.UNSPECIFIED.,.F.,.F.,(4,3,3,3,3,3,3,3,3,3,3,3,3,3,3,3,
    3,3,3,3,3,3,3,3,3,3,3,3,3,3,3,3,3,3,3,3,3,3,3,3,3,3,3,3,3,3,3,3,3,3,
    3,3,3,3,3,3,3,4),(28.442672545538,28.557279045331,28.671994267603,
    28.786945159914,28.824463854049,28.936737958814,29.048823576191,
    29.160804606609,29.2727235405,29.384622778094,29.496620224362,
    29.608668065567,29.7209127515,29.796797252123,29.909072115646,
    30.021158496596,30.133140292862,30.245059993456,30.356959997188,
    30.468958202782,30.581006800481,30.69325222952,30.769130650197,
    30.881406352817,30.993493580621,31.105476227714,31.217396781453,
    31.329297639,31.44129669261,31.55334613617,31.665592397545,
    31.741464048271,31.853736257723,31.965819990986,32.077799145862,
    32.189716216231,32.301613605783,32.413609242191,32.525655292581,
    32.6378982393,32.713797446345,32.826073507591,32.938161053993,
    33.050143994914,33.162064817458,33.273965918509,33.38596517543,
    33.498014800069,33.610261205162,33.686130844418,33.797004586713,
    33.907731685884,34.018356995818,34.128925217616,34.23954717476,
    34.350190834314,34.461009901438,34.557519189116),.UNSPECIFIED.);
#1063 = CARTESIAN_POINT('',(-3.656803452056,4.603896362843,
    -3.290489387293));
#1064 = CARTESIAN_POINT('',(-3.700158166519,4.613819423673,
    -3.251433927068));
#1065 = CARTESIAN_POINT('',(-3.743075977521,4.627087362089,
    -3.212815370304));
#1066 = CARTESIAN_POINT('',(-3.785280536809,4.643590803112,
    -3.174910065253));
#1067 = CARTESIAN_POINT('',(-3.827525133828,4.660109900272,
    -3.136968800997));
#1068 = CARTESIAN_POINT('',(-3.869054809069,4.679870450838,
    -3.09974245852));
#1069 = CARTESIAN_POINT('',(-3.909606108864,4.702714227099,
    -3.063494491488));
#1070 = CARTESIAN_POINT('',(-3.950240716926,4.725604933433,
    -3.027172056922));
#1071 = CARTESIAN_POINT('',(-3.989892629173,4.75159129907,
    -2.991832318171));
#1072 = CARTESIAN_POINT('',(-4.028315110638,4.780468688699,
    -2.957722010202));
#1073 = CARTESIAN_POINT('',(-4.040855781711,4.789893947843,
    -2.94658878465));
#1074 = CARTESIAN_POINT('',(-4.053265645815,4.799626843632,
    -2.935586366067));
#1075 = CARTESIAN_POINT('',(-4.065536624542,4.809659290695,
    -2.92472283286));
#1076 = CARTESIAN_POINT('',(-4.102257336254,4.839681231451,
    -2.892213879831));
#1077 = CARTESIAN_POINT('',(-4.137858605688,4.872497979387,
    -2.86082436908));
#1078 = CARTESIAN_POINT('',(-4.17210319285,4.907917117283,
    -2.830791540602));
#1079 = CARTESIAN_POINT('',(-4.206290289705,4.94327679302,
    -2.800809131669));
#1080 = CARTESIAN_POINT('',(-4.239124939254,4.981229869121,
    -2.772179170042));
#1081 = CARTESIAN_POINT('',(-4.270389935174,5.021540316074,
    -2.745118862044));
#1082 = CARTESIAN_POINT('',(-4.301625757764,5.061813149396,
    -2.718083803987));
#1083 = CARTESIAN_POINT('',(-4.331294568868,5.104438633508,
    -2.692615757416));
#1084 = CARTESIAN_POINT('',(-4.359203112548,5.149141222301,
    -2.668907978268));
#1085 = CARTESIAN_POINT('',(-4.387096180182,5.193819022293,
    -2.645213345729));
#1086 = CARTESIAN_POINT('',(-4.413230684927,5.240571242376,
    -2.623277276079));
#1087 = CARTESIAN_POINT('',(-4.437441023006,5.289087928005,
    -2.603265373094));
#1088 = CARTESIAN_POINT('',(-4.461647100377,5.33759607532,
    -2.583256991947));
#1089 = CARTESIAN_POINT('',(-4.483929485762,5.387867635988,
    -2.565172302786));
#1090 = CARTESIAN_POINT('',(-4.504153371524,5.439564056523,
    -2.549146113248));
#1091 = CARTESIAN_POINT('',(-4.524395006834,5.491305848564,
    -2.533105858281));
#1092 = CARTESIAN_POINT('',(-4.542574370575,5.544474533639,
    -2.519127874883));
#1093 = CARTESIAN_POINT('',(-4.558589777143,5.598708610446,
    -2.507313848659));
#1094 = CARTESIAN_POINT('',(-4.574612390084,5.652967090693,
    -2.495494506535));
#1095 = CARTESIAN_POINT('',(-4.588468998849,5.708291421769,
    -2.485841168589));
#1096 = CARTESIAN_POINT('',(-4.600093196426,5.76430483596,
    -2.478420241829));
#1097 = CARTESIAN_POINT('',(-4.611737815299,5.820416654056,
    -2.470986278046));
#1098 = CARTESIAN_POINT('',(-4.621142123327,5.877219462878,
    -2.465792625108));
#1099 = CARTESIAN_POINT('',(-4.628276022585,5.93432731645,
    -2.462869380939));
#1100 = CARTESIAN_POINT('',(-4.633098989287,5.972935834207,
    -2.460893083156));
#1101 = CARTESIAN_POINT('',(-4.636885005997,6.011683633247,
    -2.459953735365));
#1102 = CARTESIAN_POINT('',(-4.639634318618,6.050451413716,
    -2.460051091662));
#1103 = CARTESIAN_POINT('',(-4.643702062318,6.107810258086,
    -2.460195135109));
#1104 = CARTESIAN_POINT('',(-4.645506347384,6.165435626779,
    -2.462602637191));
#1105 = CARTESIAN_POINT('',(-4.645025933991,6.222941914812,
    -2.46729483773));
#1106 = CARTESIAN_POINT('',(-4.644546327097,6.280351663578,
    -2.471979161191));
#1107 = CARTESIAN_POINT('',(-4.641789659307,6.337642215471,
    -2.478940545546));
#1108 = CARTESIAN_POINT('',(-4.636771456135,6.394426803884,
    -2.488163465285));
#1109 = CARTESIAN_POINT('',(-4.631757935308,6.451158408178,
    -2.497377779374));
#1110 = CARTESIAN_POINT('',(-4.624487125066,6.507384476999,
    -2.508849382878));
#1111 = CARTESIAN_POINT('',(-4.615011130022,6.562723965813,
    -2.522526171184));
#1112 = CARTESIAN_POINT('',(-4.605540389567,6.618032768007,
    -2.536195375495));
#1113 = CARTESIAN_POINT('',(-4.59386699295,6.672455469403,
    -2.552067235968));
#1114 = CARTESIAN_POINT('',(-4.580078725093,6.725623950484,
    -2.570053967681));
#1115 = CARTESIAN_POINT('',(-4.566292883847,6.778783074391,
    -2.588037533891));
#1116 = CARTESIAN_POINT('',(-4.550393053509,6.830687939862,
    -2.608135089193));
#1117 = CARTESIAN_POINT('',(-4.532501076555,6.880990298706,
    -2.630224791111));
#1118 = CARTESIAN_POINT('',(-4.514593397855,6.931336802189,
    -2.65233387864));
#1119 = CARTESIAN_POINT('',(-4.494690259949,6.980077537406,
    -2.676438425374));
#1120 = CARTESIAN_POINT('',(-4.472945571753,7.026890028762,
    -2.702384522397));
#1121 = CARTESIAN_POINT('',(-4.451191099824,7.073723582778,
    -2.728342293523));
#1122 = CARTESIAN_POINT('',(-4.427593656251,7.118626759888,
    -2.756143036292));
#1123 = CARTESIAN_POINT('',(-4.40233594382,7.16130970423,-2.785604047919
    ));
#1124 = CARTESIAN_POINT('',(-4.377033862166,7.204067628012,
    -2.81511681254));
#1125 = CARTESIAN_POINT('',(-4.35006594712,7.244597164018,
    -2.846295410551));
#1126 = CARTESIAN_POINT('',(-4.32164071912,7.282645710065,
    -2.878931321517));
#1127 = CARTESIAN_POINT('',(-4.302425135674,7.30836670029,
    -2.900993345803));
#1128 = CARTESIAN_POINT('',(-4.282544101395,7.332954737242,
    -2.923720820923));
#1129 = CARTESIAN_POINT('',(-4.262067433711,7.356342913829,
    -2.947043929448));
#1130 = CARTESIAN_POINT('',(-4.231768539361,7.390949906645,
    -2.981554642423));
#1131 = CARTESIAN_POINT('',(-4.200038751153,7.423062319047,
    -3.017496249254));
#1132 = CARTESIAN_POINT('',(-4.167091383333,7.452438094165,
    -3.054655435699));
#1133 = CARTESIAN_POINT('',(-4.134199323553,7.481764556799,
    -3.091752243813));
#1134 = CARTESIAN_POINT('',(-4.100094054686,7.508363240337,
    -3.130062261015));
#1135 = CARTESIAN_POINT('',(-4.065010281889,7.532034391428,
    -3.169350782146));
#1136 = CARTESIAN_POINT('',(-4.029959243294,7.555683456634,
    -3.20860264592));
#1137 = CARTESIAN_POINT('',(-3.993931842711,7.576410191473,
    -3.248830871683));
#1138 = CARTESIAN_POINT('',(-3.957180049777,7.594060806493,
    -3.289783489796));
#1139 = CARTESIAN_POINT('',(-3.920448635376,7.611701634408,
    -3.330713400056));
#1140 = CARTESIAN_POINT('',(-3.882993973194,7.626269566914,
    -3.372366558099));
#1141 = CARTESIAN_POINT('',(-3.845080582994,7.637659786115,
    -3.414478444159));
#1142 = CARTESIAN_POINT('',(-3.807173864932,7.649048000824,
    -3.456582919214));
#1143 = CARTESIAN_POINT('',(-3.76880893809,7.657259511452,-3.49914560305
    ));
#1144 = CARTESIAN_POINT('',(-3.730257900091,7.662240488885,
    -3.541894398043));
#1145 = CARTESIAN_POINT('',(-3.691673032501,7.667225837262,
    -3.584680706272));
#1146 = CARTESIAN_POINT('',(-3.652902093048,7.668974944703,
    -3.627653086366));
#1147 = CARTESIAN_POINT('',(-3.614220187926,7.66748596898,
    -3.670536432128));
#1148 = CARTESIAN_POINT('',(-3.57552087927,7.665996323347,-3.71343907171
    ));
#1149 = CARTESIAN_POINT('',(-3.536911050343,7.661265732204,
    -3.756252231565));
#1150 = CARTESIAN_POINT('',(-3.498662972165,7.653344373933,
    -3.79870364067));
#1151 = CARTESIAN_POINT('',(-3.460347710226,7.645409101586,
    -3.841229616799));
#1152 = CARTESIAN_POINT('',(-3.42239582833,7.634271966741,
    -3.883392212883));
#1153 = CARTESIAN_POINT('',(-3.385072378411,7.620034301538,
    -3.924926376992));
#1154 = CARTESIAN_POINT('',(-3.359843994664,7.61041050518,
    -3.953000947618));
#1155 = CARTESIAN_POINT('',(-3.334902551783,7.599371156584,
    -3.980788577377));
#1156 = CARTESIAN_POINT('',(-3.310326449627,7.586960125648,
    -4.008210866411));
#1157 = CARTESIAN_POINT('',(-3.273959595046,7.568594717076,
    -4.048789408577));
#1158 = CARTESIAN_POINT('',(-3.238243909699,7.547152206721,
    -4.088716781508));
#1159 = CARTESIAN_POINT('',(-3.203440970868,7.522745450376,
    -4.127731407923));
#1160 = CARTESIAN_POINT('',(-3.168696457228,7.498379666703,
    -4.166680538806));
#1161 = CARTESIAN_POINT('',(-3.134861977454,7.471059733997,
    -4.204719635823));
#1162 = CARTESIAN_POINT('',(-3.102186446875,7.440947335073,
    -4.241599783645));
#1163 = CARTESIAN_POINT('',(-3.069541403809,7.410863032163,
    -4.278445520886));
#1164 = CARTESIAN_POINT('',(-3.038053477704,7.377991696244,
    -4.314134141166));
#1165 = CARTESIAN_POINT('',(-3.007954458366,7.342541077876,
    -4.348433854679));
#1166 = CARTESIAN_POINT('',(-2.977872126801,7.307110114365,
    -4.382714551432));
#1167 = CARTESIAN_POINT('',(-2.949177463386,7.26910302186,
    -4.415607580035));
#1168 = CARTESIAN_POINT('',(-2.922080718991,7.228769804613,
    -4.446902689619));
#1169 = CARTESIAN_POINT('',(-2.894988739606,7.188443680034,
    -4.478192295901));
#1170 = CARTESIAN_POINT('',(-2.869494382643,7.145792605348,
    -4.507884279762));
#1171 = CARTESIAN_POINT('',(-2.84578238,7.101104164969,-4.535793909303)
  );
#1172 = CARTESIAN_POINT('',(-2.822049558018,7.056376487761,
    -4.563728043735));
#1173 = CARTESIAN_POINT('',(-2.800102448558,7.009608273405,
    -4.589876465644));
#1174 = CARTESIAN_POINT('',(-2.780097107096,6.961119909786,
    -4.614083119556));
#1175 = CARTESIAN_POINT('',(-2.760082760382,6.9126097195,-4.638300669909
    ));
#1176 = CARTESIAN_POINT('',(-2.742012105592,6.862378287112,
    -4.660574528338));
#1177 = CARTESIAN_POINT('',(-2.726009209552,6.810771994291,
    -4.680780628016));
#1178 = CARTESIAN_POINT('',(-2.709978191937,6.759075014743,
    -4.701022235477));
#1179 = CARTESIAN_POINT('',(-2.696022335701,6.70599882579,
    -4.719188681559));
#1180 = CARTESIAN_POINT('',(-2.684231755703,6.651910192179,
    -4.735189851403));
#1181 = CARTESIAN_POINT('',(-2.676258910205,6.61533520443,
    -4.746009917505));
#1182 = CARTESIAN_POINT('',(-2.669275418691,6.578297654299,
    -4.755840629623));
#1183 = CARTESIAN_POINT('',(-2.663299837733,6.54091399314,
    -4.764663431184));
#1184 = CARTESIAN_POINT('',(-2.654460289605,6.485613148858,
    -4.777714811389));
#1185 = CARTESIAN_POINT('',(-2.647785418123,6.429339566942,
    -4.788601514948));
#1186 = CARTESIAN_POINT('',(-2.643356655483,6.372462483787,
    -4.797242109665));
#1187 = CARTESIAN_POINT('',(-2.638935328868,6.315680898945,
    -4.805868196567));
#1188 = CARTESIAN_POINT('',(-2.636752682313,6.258298332007,
    -4.812255603408));
#1189 = CARTESIAN_POINT('',(-2.636854488975,6.200696731267,
    -4.816358557032));
#1190 = CARTESIAN_POINT('',(-2.636956200625,6.143148887108,
    -4.820457681583));
#1191 = CARTESIAN_POINT('',(-2.639338157888,6.085382929259,
    -4.822276560522));
#1192 = CARTESIAN_POINT('',(-2.644009572431,6.027786748729,
    -4.821805982181));
#1193 = CARTESIAN_POINT('',(-2.64867839568,5.97022251754,-4.821335664876
    ));
#1194 = CARTESIAN_POINT('',(-2.655634134671,5.912828392828,
    -4.818578431829));
#1195 = CARTESIAN_POINT('',(-2.664849181464,5.855990903343,
    -4.81356189098));
#1196 = CARTESIAN_POINT('',(-2.674062604479,5.799163429156,
    -4.808546234093));
#1197 = CARTESIAN_POINT('',(-2.685534480313,5.742892904943,
    -4.801272124387));
#1198 = CARTESIAN_POINT('',(-2.699200869459,5.687557214389,
    -4.791803501369));
#1199 = CARTESIAN_POINT('',(-2.712879246301,5.632172985234,
    -4.782326572794));
#1200 = CARTESIAN_POINT('',(-2.728755877721,5.57772572537,-4.77065138964
    ));
#1201 = CARTESIAN_POINT('',(-2.746731504398,5.524578293183,
    -4.75687721123));
#1202 = CARTESIAN_POINT('',(-2.76471521498,5.471406959813,
    -4.743096838369));
#1203 = CARTESIAN_POINT('',(-2.784799641498,5.419537085366,
    -4.72721574957));
#1204 = CARTESIAN_POINT('',(-2.806852316749,5.369308797366,
    -4.70936641204));
#1205 = CARTESIAN_POINT('',(-2.828943720692,5.318992298939,
    -4.691485727677));
#1206 = CARTESIAN_POINT('',(-2.853010080681,5.270323583116,
    -4.671630087268));
#1207 = CARTESIAN_POINT('',(-2.87888789332,5.223614591486,
    -4.649962994211));
#1208 = CARTESIAN_POINT('',(-2.896379235764,5.192043029421,
    -4.635317763189));
#1209 = CARTESIAN_POINT('',(-2.91469754323,5.161366171371,
    -4.619845567144));
#1210 = CARTESIAN_POINT('',(-2.933785309998,5.131671204402,
    -4.603603911797));
#1211 = CARTESIAN_POINT('',(-2.961679631817,5.088275820591,
    -4.579868816613));
#1212 = CARTESIAN_POINT('',(-2.991324304073,5.046801065231,
    -4.554383370991));
#1213 = CARTESIAN_POINT('',(-3.022555332957,5.007545958327,
    -4.527311568741));
#1214 = CARTESIAN_POINT('',(-3.053745055256,4.968342770764,
    -4.500275572027));
#1215 = CARTESIAN_POINT('',(-3.086516710629,4.931353783816,
    -4.471657642238));
#1216 = CARTESIAN_POINT('',(-3.120678364726,4.896844241485,
    -4.441649713725));
#1217 = CARTESIAN_POINT('',(-3.154808614689,4.862366423095,
    -4.411669370909));
#1218 = CARTESIAN_POINT('',(-3.19032603441,4.830363855794,
    -4.380301858334));
#1219 = CARTESIAN_POINT('',(-3.227014445609,4.801062622859,
    -4.347763354282));
#1220 = CARTESIAN_POINT('',(-3.263683923771,4.77177651081,
    -4.315241641709));
#1221 = CARTESIAN_POINT('',(-3.301522873126,4.745189242608,
    -4.281550457943));
#1222 = CARTESIAN_POINT('',(-3.340295092896,4.721483186171,
    -4.246926003761));
#1223 = CARTESIAN_POINT('',(-3.379086155681,4.697765608764,
    -4.212284722349));
#1224 = CARTESIAN_POINT('',(-3.418811055561,4.676932272421,
    -4.176709603842));
#1225 = CARTESIAN_POINT('',(-3.45921776518,4.659118435706,
    -4.140452675595));
#1226 = CARTESIAN_POINT('',(-3.499632402005,4.641301104177,
    -4.104188634269));
#1227 = CARTESIAN_POINT('',(-3.540728752796,4.626504600046,
    -4.067242878977));
#1228 = CARTESIAN_POINT('',(-3.582244450625,4.614814093312,
    -4.029877776647));
#1229 = CARTESIAN_POINT('',(-3.623825964857,4.603105053176,
    -3.99245343801));
#1230 = CARTESIAN_POINT('',(-3.6658277818,4.59451193436,-3.954608796661)
  );
#1231 = CARTESIAN_POINT('',(-3.707981614034,4.589068384836,
    -3.916612140022));
#1232 = CARTESIAN_POINT('',(-3.744692230965,4.58432774678,
    -3.883521893356));
#1233 = CARTESIAN_POINT('',(-3.781517917073,4.581974986889,
    -3.850316577513));
#1234 = CARTESIAN_POINT('',(-3.818281945922,4.582000109871,
    -3.817172918929));
#1235 = PCURVE('',#1041,#1236);
#1236 = DEFINITIONAL_REPRESENTATION('',(#1237),#1240);
#1237 = B_SPLINE_CURVE_WITH_KNOTS('',1,(#1238,#1239),.UNSPECIFIED.,.F.,
  .F.,(2,2),(28.442672545538,34.557519189116),.PIECEWISE_BEZIER_KNOTS.);
#1238 = CARTESIAN_POINT('',(3.14159265359,2.221819412361));
#1239 = CARTESIAN_POINT('',(9.256617748526,2.708423447148));
#1240 = ( GEOMETRIC_REPRESENTATION_CONTEXT(2) 
PARAMETRIC_REPRESENTATION_CONTEXT() REPRESENTATION_CONTEXT('2D SPACE',''
  ) );
#1241 = PCURVE('',#75,#1242);
#1242 = DEFINITIONAL_REPRESENTATION('',(#1243),#1489);
#1243 = B_SPLINE_CURVE_WITH_KNOTS('',3,(#1244,#1245,#1246,#1247,#1248,
    #1249,#1250,#1251,#1252,#1253,#1254,#1255,#1256,#1257,#1258,#1259,
    #1260,#1261,#1262,#1263,#1264,#1265,#1266,#1267,#1268,#1269,#1270,
    #1271,#1272,#1273,#1274,#1275,#1276,#1277,#1278,#1279,#1280,#1281,
    #1282,#1283,#1284,#1285,#1286,#1287,#1288,#1289,#1290,#1291,#1292,
    #1293,#1294,#1295,#1296,#1297,#1298,#1299,#1300,#1301,#1302,#1303,
    #1304,#1305,#1306,#1307,#1308,#1309,#1310,#1311,#1312,#1313,#1314,
    #1315,#1316,#1317,#1318,#1319,#1320,#1321,#1322,#1323,#1324,#1325,
    #1326,#1327,#1328,#1329,#1330,#1331,#1332,#1333,#1334,#1335,#1336,
    #1337,#1338,#1339,#1340,#1341,#1342,#1343,#1344,#1345,#1346,#1347,
    #1348,#1349,#1350,#1351,#1352,#1353,#1354,#1355,#1356,#1357,#1358,
    #1359,#1360,#1361,#1362,#1363,#1364,#1365,#1366,#1367,#1368,#1369,
    #1370,#1371,#1372,#1373,#1374,#1375,#1376,#1377,#1378,#1379,#1380,
    #1381,#1382,#1383,#1384,#1385,#1386,#1387,#1388,#1389,#1390,#1391,
    #1392,#1393,#1394,#1395,#1396,#1397,#1398,#1399,#1400,#1401,#1402,
    #1403,#1404,#1405,#1406,#1407,#1408,#1409,#1410,#1411,#1412,#1413,
    #1414,#1415,#1416,#1417,#1418,#1419,#1420,#1421,#1422,#1423,#1424,
    #1425,#1426,#1427,#1428,#1429,#1430,#1431,#1432,#1433,#1434,#1435,
    #1436,#1437,#1438,#1439,#1440,#1441,#1442,#1443,#1444,#1445,#1446,
    #1447,#1448,#1449,#1450,#1451,#1452,#1453,#1454,#1455,#1456,#1457,
    #1458,#1459,#1460,#1461,#1462,#1463,#1464,#1465,#1466,#1467,#1468,
    #1469,#1470,#1471,#1472,#1473,#1474,#1475,#1476,#1477,#1478,#1479,
    #1480,#1481,#1482,#1483,#1484,#1485,#1486,#1487,#1488),
  .UNSPECIFIED.,.F.,.F.,(4,1,1,1,1,1,1,1,1,1,1,1,1,1,1,1,1,1,1,1,1,1,1,1
    ,1,1,1,1,1,1,1,1,1,1,1,1,1,1,1,1,1,1,1,1,1,1,1,1,1,1,1,1,1,1,1,1,1,1
    ,1,1,1,1,1,1,1,1,1,1,1,1,1,1,1,1,1,1,1,1,1,1,1,1,1,1,1,1,1,1,1,1,1,1
    ,1,1,1,1,1,1,1,1,1,1,1,1,1,1,1,1,1,1,1,1,1,1,1,1,1,1,1,1,1,1,1,1,1,1
    ,1,1,1,1,1,1,1,1,1,1,1,1,1,1,1,1,1,1,1,1,1,1,1,1,1,1,1,1,1,1,1,1,1,1
    ,1,1,1,1,1,1,1,1,1,1,1,1,1,1,1,1,1,1,1,1,1,1,1,1,1,1,1,1,1,1,1,1,1,1
    ,1,1,1,1,1,1,1,1,1,1,1,1,1,1,1,1,1,1,1,1,1,1,1,1,1,1,1,1,1,1,1,1,1,1
    ,1,1,1,1,1,1,1,1,1,1,1,1,1,1,4),(28.442672545538,28.467940506875,
    28.493208468212,28.518476429549,28.543744390886,28.569012352223,
    28.59428031356,28.619548274897,28.644816236234,28.670084197571,
    28.695352158909,28.720620120246,28.745888081583,28.77115604292,
    28.796424004257,28.821691965594,28.846959926931,28.872227888268,
    28.897495849605,28.922763810942,28.94803177228,28.973299733617,
    28.998567694954,29.023835656291,29.049103617628,29.074371578965,
    29.099639540302,29.124907501639,29.150175462976,29.175443424313,
    29.200711385651,29.225979346988,29.251247308325,29.276515269662,
    29.301783230999,29.327051192336,29.352319153673,29.37758711501,
    29.402855076347,29.428123037684,29.453390999022,29.478658960359,
    29.503926921696,29.529194883033,29.55446284437,29.579730805707,
    29.604998767044,29.630266728381,29.655534689718,29.680802651055,
    29.706070612393,29.73133857373,29.756606535067,29.781874496404,
    29.807142457741,29.832410419078,29.857678380415,29.882946341752,
    29.908214303089,29.933482264426,29.958750225764,29.984018187101,
    30.009286148438,30.034554109775,30.059822071112,30.085090032449,
    30.110357993786,30.135625955123,30.16089391646,30.186161877797,
    30.211429839135,30.236697800472,30.261965761809,30.287233723146,
    30.312501684483,30.33776964582,30.363037607157,30.388305568494,
    30.413573529831,30.438841491168,30.464109452506,30.489377413843,
    30.51464537518,30.539913336517,30.565181297854,30.590449259191,
    30.615717220528,30.640985181865,30.666253143202,30.691521104539,
    30.716789065877,30.742057027214,30.767324988551,30.792592949888,
    30.817860911225,30.843128872562,30.868396833899,30.893664795236,
    30.918932756573,30.94420071791,30.969468679248,30.994736640585,
    31.020004601922,31.045272563259,31.070540524596,31.095808485933,
    31.12107644727,31.146344408607,31.171612369944,31.196880331281,
    31.222148292619,31.247416253956,31.272684215293,31.29795217663,
    31.323220137967,31.348488099304,31.373756060641,31.399024021978,
    31.424291983315,31.449559944652,31.47482790599,31.500095867327,
    31.525363828664,31.550631790001,31.575899751338,31.601167712675,
    31.626435674012,31.651703635349,31.676971596686,31.702239558023,
    31.72750751936,31.752775480698,31.778043442035,31.803311403372,
    31.828579364709,31.853847326046,31.879115287383,31.90438324872,
    31.929651210057,31.954919171394,31.980187132731,32.005455094069,
    32.030723055406,32.055991016743,32.08125897808,32.106526939417,
    32.131794900754,32.157062862091,32.182330823428,32.207598784765,
    32.232866746102,32.25813470744,32.283402668777,32.308670630114,
    32.333938591451,32.359206552788,32.384474514125,32.409742475462,
    32.435010436799,32.460278398136,32.485546359473,32.510814320811,
    32.536082282148,32.561350243485,32.586618204822,32.611886166159,
    32.637154127496,32.662422088833,32.68769005017,32.712958011507,
    32.738225972844,32.763493934182,32.788761895519,32.814029856856,
    32.839297818193,32.86456577953,32.889833740867,32.915101702204,
    32.940369663541,32.965637624878,32.990905586215,33.016173547553,
    33.04144150889,33.066709470227,33.091977431564,33.117245392901,
    33.142513354238,33.167781315575,33.193049276912,33.218317238249,
    33.243585199586,33.268853160924,33.294121122261,33.319389083598,
    33.344657044935,33.369925006272,33.395192967609,33.420460928946,
    33.445728890283,33.47099685162,33.496264812957,33.521532774295,
    33.546800735632,33.572068696969,33.597336658306,33.622604619643,
    33.64787258098,33.673140542317,33.698408503654,33.723676464991,
    33.748944426328,33.774212387666,33.799480349003,33.82474831034,
    33.850016271677,33.875284233014,33.900552194351,33.925820155688,
    33.951088117025,33.976356078362,34.001624039699,34.026892001037,
    34.052159962374,34.077427923711,34.102695885048,34.127963846385,
    34.153231807722,34.178499769059,34.203767730396,34.229035691733,
    34.25430365307,34.279571614408,34.304839575745,34.330107537082,
    34.355375498419,34.380643459756,34.405911421093,34.43117938243,
    34.456447343767,34.481715305104,34.506983266441,34.532251227779,
    34.557519189116),.QUASI_UNIFORM_KNOTS.);
#1244 = CARTESIAN_POINT('',(-1.592200163042E-04,28.442497626627));
#1245 = CARTESIAN_POINT('',(-1.535435124492E-04,28.450911553734));
#1246 = CARTESIAN_POINT('',(-1.409098473555E-04,28.467740503684));
#1247 = CARTESIAN_POINT('',(-1.185881870923E-04,28.492988582067));
#1248 = CARTESIAN_POINT('',(-9.336004273943E-05,28.518242813045));
#1249 = CARTESIAN_POINT('',(-6.571155131298E-05,28.54350423065));
#1250 = CARTESIAN_POINT('',(-3.609814354908E-05,28.568773560749));
#1251 = CARTESIAN_POINT('',(-5.140257853404E-06,28.594051135878));
#1252 = CARTESIAN_POINT('',(2.635543423881E-05,28.619336971297));
#1253 = CARTESIAN_POINT('',(5.76222510265E-05,28.64463047812));
#1254 = CARTESIAN_POINT('',(8.788574314554E-05,28.669930523021));
#1255 = CARTESIAN_POINT('',(1.163996328407E-04,28.695235359778));
#1256 = CARTESIAN_POINT('',(1.421489573728E-04,28.720542742875));
#1257 = CARTESIAN_POINT('',(1.64123538419E-04,28.745849847213));
#1258 = CARTESIAN_POINT('',(1.813329502524E-04,28.771152648343));
#1259 = CARTESIAN_POINT('',(1.928641076815E-04,28.796447872074));
#1260 = CARTESIAN_POINT('',(1.976336428221E-04,28.821725905499));
#1261 = CARTESIAN_POINT('',(1.945813155639E-04,28.846997524653));
#1262 = CARTESIAN_POINT('',(1.846627323522E-04,28.872291102168));
#1263 = CARTESIAN_POINT('',(1.688032143572E-04,28.897592194701));
#1264 = CARTESIAN_POINT('',(1.480003265542E-04,28.922898478237));
#1265 = CARTESIAN_POINT('',(1.233288694578E-04,28.948205520123));
#1266 = CARTESIAN_POINT('',(9.57439320127E-05,28.973510239297));
#1267 = CARTESIAN_POINT('',(6.602760866341E-05,28.998809902951));
#1268 = CARTESIAN_POINT('',(3.503159107521E-05,29.024102508506));
#1269 = CARTESIAN_POINT('',(3.619399167006E-06,29.04938669686));
#1270 = CARTESIAN_POINT('',(-2.732762297612E-05,29.074661692643));
#1271 = CARTESIAN_POINT('',(-5.722626905852E-05,29.099926997142));
#1272 = CARTESIAN_POINT('',(-8.547845069966E-05,29.125182596382));
#1273 = CARTESIAN_POINT('',(-1.114915745157E-04,29.150428866373));
#1274 = CARTESIAN_POINT('',(-1.34627606196E-04,29.175666638964));
#1275 = CARTESIAN_POINT('',(-1.544656981376E-04,29.200896889739));
#1276 = CARTESIAN_POINT('',(-1.707401164351E-04,29.226120841395));
#1277 = CARTESIAN_POINT('',(-1.831559049634E-04,29.251339891124));
#1278 = CARTESIAN_POINT('',(-1.914194911924E-04,29.276555654416));
#1279 = CARTESIAN_POINT('',(-1.952862245757E-04,29.301769820894));
#1280 = CARTESIAN_POINT('',(-1.948166371705E-04,29.326984103408));
#1281 = CARTESIAN_POINT('',(-1.900465220655E-04,29.352200213378));
#1282 = CARTESIAN_POINT('',(-1.810365530046E-04,29.377419818467));
#1283 = CARTESIAN_POINT('',(-1.678115882753E-04,29.402644548017));
#1284 = CARTESIAN_POINT('',(-1.506706078723E-04,29.427875853353));
#1285 = CARTESIAN_POINT('',(-1.300114216371E-04,29.45311505343));
#1286 = CARTESIAN_POINT('',(-1.062196601451E-04,29.478363172125));
#1287 = CARTESIAN_POINT('',(-7.966507475891E-05,29.503620999848));
#1288 = CARTESIAN_POINT('',(-5.081737406084E-05,29.528888966851));
#1289 = CARTESIAN_POINT('',(-2.040776235428E-05,29.554167243866));
#1290 = CARTESIAN_POINT('',(1.08775706357E-05,29.579455497672));
#1291 = CARTESIAN_POINT('',(4.23409569484E-05,29.604752916487));
#1292 = CARTESIAN_POINT('',(7.332541892595E-05,29.630058150671));
#1293 = CARTESIAN_POINT('',(1.028913202229E-04,29.655369390264));
#1294 = CARTESIAN_POINT('',(1.300781259335E-04,29.680684246183));
#1295 = CARTESIAN_POINT('',(1.539476629618E-04,29.705999534665));
#1296 = CARTESIAN_POINT('',(1.736374989558E-04,29.731311551825));
#1297 = CARTESIAN_POINT('',(1.880978716281E-04,29.756615241725));
#1298 = CARTESIAN_POINT('',(1.962840860606E-04,29.781907484991));
#1299 = CARTESIAN_POINT('',(1.969847753065E-04,29.807174382603));
#1300 = CARTESIAN_POINT('',(1.902276123419E-04,29.832460270485));
#1301 = CARTESIAN_POINT('',(1.771100390586E-04,29.857757819317));
#1302 = CARTESIAN_POINT('',(1.585564177607E-04,29.883062295877));
#1303 = CARTESIAN_POINT('',(1.356040954874E-04,29.908369354711));
#1304 = CARTESIAN_POINT('',(1.093257632295E-04,29.933675591525));
#1305 = CARTESIAN_POINT('',(8.05285059624E-05,29.95897797482));
#1306 = CARTESIAN_POINT('',(5.00423893178E-05,29.984274194407));
#1307 = CARTESIAN_POINT('',(1.87149072748E-05,30.00956255442));
#1308 = CARTESIAN_POINT('',(-1.254736839258E-05,30.03484206283));
#1309 = CARTESIAN_POINT('',(-4.30199483806E-05,30.060112060326));
#1310 = CARTESIAN_POINT('',(-7.214146216487E-05,30.08537230977));
#1311 = CARTESIAN_POINT('',(-9.930645896481E-05,30.110622994029));
#1312 = CARTESIAN_POINT('',(-1.239076386339E-04,30.135864737674));
#1313 = CARTESIAN_POINT('',(-1.453612244392E-04,30.161098475249));
#1314 = CARTESIAN_POINT('',(-1.633904123632E-04,30.186325293662));
#1315 = CARTESIAN_POINT('',(-1.776969453584E-04,30.211546518843));
#1316 = CARTESIAN_POINT('',(-1.880027178709E-04,30.236763646934));
#1317 = CARTESIAN_POINT('',(-1.939907934008E-04,30.261978378929));
#1318 = CARTESIAN_POINT('',(-1.956012626954E-04,30.287192387198));
#1319 = CARTESIAN_POINT('',(-1.928960933242E-04,30.312407410453));
#1320 = CARTESIAN_POINT('',(-1.859211319204E-04,30.337625124042));
#1321 = CARTESIAN_POINT('',(-1.747157336001E-04,30.362847200834));
#1322 = CARTESIAN_POINT('',(-1.594040936296E-04,30.388075160889));
#1323 = CARTESIAN_POINT('',(-1.403943432317E-04,30.413310417424));
#1324 = CARTESIAN_POINT('',(-1.180599504274E-04,30.438554130923));
#1325 = CARTESIAN_POINT('',(-9.27969792159E-05,30.463807205864));
#1326 = CARTESIAN_POINT('',(-6.496759994611E-05,30.489070255766));
#1327 = CARTESIAN_POINT('',(-3.522395235759E-05,30.514343576131));
#1328 = CARTESIAN_POINT('',(-4.274282595412E-06,30.539627100651));
#1329 = CARTESIAN_POINT('',(2.718458692638E-05,30.564920236141));
#1330 = CARTESIAN_POINT('',(5.84922782761E-05,30.590221913395));
#1331 = CARTESIAN_POINT('',(8.886708809362E-05,30.61553050702));
#1332 = CARTESIAN_POINT('',(1.173126720581E-04,30.640843970899));
#1333 = CARTESIAN_POINT('',(1.428933974835E-04,30.666159472654));
#1334 = CARTESIAN_POINT('',(1.646975901692E-04,30.691473616584));
#1335 = CARTESIAN_POINT('',(1.818242429859E-04,30.71678178697));
#1336 = CARTESIAN_POINT('',(1.931453540919E-04,30.742080676105));
#1337 = CARTESIAN_POINT('',(1.976124100339E-04,30.76735894641));
#1338 = CARTESIAN_POINT('',(1.942792687327E-04,30.792631219369));
#1339 = CARTESIAN_POINT('',(1.841193272513E-04,30.817925257085));
#1340 = CARTESIAN_POINT('',(1.680551493403E-04,30.843226603506));
#1341 = CARTESIAN_POINT('',(1.470871778714E-04,30.868532979539));
#1342 = CARTESIAN_POINT('',(1.222931310619E-04,30.893839982561));
#1343 = CARTESIAN_POINT('',(9.461567210722E-05,30.919144545913));
#1344 = CARTESIAN_POINT('',(6.483914334601E-05,30.944443965422));
#1345 = CARTESIAN_POINT('',(3.381530488808E-05,30.969736261581));
#1346 = CARTESIAN_POINT('',(2.4105949022E-06,30.995020104365));
#1347 = CARTESIAN_POINT('',(-2.850133091936E-05,31.020294728309));
#1348 = CARTESIAN_POINT('',(-5.834368210948E-05,31.045559653345));
#1349 = CARTESIAN_POINT('',(-8.651628340082E-05,31.070814880688));
#1350 = CARTESIAN_POINT('',(-1.124269900508E-04,31.096060803379));
#1351 = CARTESIAN_POINT('',(-1.354373377843E-04,31.121298266113));
#1352 = CARTESIAN_POINT('',(-1.551403911574E-04,31.14652824919));
#1353 = CARTESIAN_POINT('',(-1.71268204344E-04,31.171751985031));
#1354 = CARTESIAN_POINT('',(-1.835273052743E-04,31.196970876952));
#1355 = CARTESIAN_POINT('',(-1.916214850558E-04,31.222186549294));
#1356 = CARTESIAN_POINT('',(-1.95317582185E-04,31.24740068912));
#1357 = CARTESIAN_POINT('',(-1.946799548058E-04,31.272615012938));
#1358 = CARTESIAN_POINT('',(-1.897438723525E-04,31.297831229002));
#1359 = CARTESIAN_POINT('',(-1.80570044747E-04,31.323051005225));
#1360 = CARTESIAN_POINT('',(-1.671854280508E-04,31.348275964689));
#1361 = CARTESIAN_POINT('',(-1.49901784256E-04,31.373507555008));
#1362 = CARTESIAN_POINT('',(-1.291142799702E-04,31.39874708489));
#1363 = CARTESIAN_POINT('',(-1.052101242566E-04,31.423995568445));
#1364 = CARTESIAN_POINT('',(-7.855641299802E-05,31.449253784758));
#1365 = CARTESIAN_POINT('',(-4.963593001297E-05,31.474522152192));
#1366 = CARTESIAN_POINT('',(-1.918075274076E-05,31.49980082717));
#1367 = CARTESIAN_POINT('',(1.212302617059E-05,31.525089455969));
#1368 = CARTESIAN_POINT('',(4.357919917583E-05,31.550387209254));
#1369 = CARTESIAN_POINT('',(7.452676977478E-05,31.57569271432));
#1370 = CARTESIAN_POINT('',(1.040166043963E-04,31.601004147093));
#1371 = CARTESIAN_POINT('',(1.310915339792E-04,31.626319086835));
#1372 = CARTESIAN_POINT('',(1.548136958676E-04,31.651634328551));
#1373 = CARTESIAN_POINT('',(1.74322444632E-04,31.676946121336));
#1374 = CARTESIAN_POINT('',(1.8855707132E-04,31.702249459011));
#1375 = CARTESIAN_POINT('',(1.964792427174E-04,31.72754091884));
#1376 = CARTESIAN_POINT('',(1.968731895504E-04,31.752807576772));
#1377 = CARTESIAN_POINT('',(1.898528615199E-04,31.778094303606));
#1378 = CARTESIAN_POINT('',(1.765057547132E-04,31.803392125954));
#1379 = CARTESIAN_POINT('',(1.577613791881E-04,31.828696790579));
#1380 = CARTESIAN_POINT('',(1.346599279979E-04,31.854003868855));
#1381 = CARTESIAN_POINT('',(1.082689445792E-04,31.879310005837));
#1382 = CARTESIAN_POINT('',(7.938884188494E-05,31.904612185659));
#1383 = CARTESIAN_POINT('',(4.885302870405E-05,31.929908125294));
#1384 = CARTESIAN_POINT('',(1.75090841315E-05,31.95519615369));
#1385 = CARTESIAN_POINT('',(-1.373466991058E-05,31.980475301976));
#1386 = CARTESIAN_POINT('',(-4.416732079464E-05,32.005744920007));
#1387 = CARTESIAN_POINT('',(-7.322511570655E-05,32.031004790189));
#1388 = CARTESIAN_POINT('',(-1.003035164225E-04,32.056255109909));
#1389 = CARTESIAN_POINT('',(-1.247923175087E-04,32.081496522758));
#1390 = CARTESIAN_POINT('',(-1.461180440276E-04,32.106729966317));
#1391 = CARTESIAN_POINT('',(-1.640086753046E-04,32.131956539041));
#1392 = CARTESIAN_POINT('',(-1.781648468401E-04,32.157177572689));
#1393 = CARTESIAN_POINT('',(-1.883086674925E-04,32.182394572283));
#1394 = CARTESIAN_POINT('',(-1.941243225104E-04,32.207609241595));
#1395 = CARTESIAN_POINT('',(-1.955655348548E-04,32.232823253886));
#1396 = CARTESIAN_POINT('',(-1.926917163573E-04,32.258038347683));
#1397 = CARTESIAN_POINT('',(-1.855504159786E-04,32.283256196764));
#1398 = CARTESIAN_POINT('',(-1.741782913006E-04,32.308478472787));
#1399 = CARTESIAN_POINT('',(-1.587126260417E-04,32.333706688713));
#1400 = CARTESIAN_POINT('',(-1.395636137093E-04,32.358942252802));
#1401 = CARTESIAN_POINT('',(-1.171046938193E-04,32.384186313804));
#1402 = CARTESIAN_POINT('',(-9.173121873536E-05,32.409439767882));
#1403 = CARTESIAN_POINT('',(-6.380903460683E-05,32.434703213425));
#1404 = CARTESIAN_POINT('',(-3.400171106944E-05,32.459976937438));
#1405 = CARTESIAN_POINT('',(-3.01452863066E-06,32.485260852795));
#1406 = CARTESIAN_POINT('',(2.845456822015E-05,32.510554348326));
#1407 = CARTESIAN_POINT('',(5.974798427606E-05,32.53585633318));
#1408 = CARTESIAN_POINT('',(9.007050628762E-05,32.561165165561));
#1409 = CARTESIAN_POINT('',(1.184268590748E-04,32.586478775955));
#1410 = CARTESIAN_POINT('',(1.438813967038E-04,32.611794298704));
#1411 = CARTESIAN_POINT('',(1.655266689108E-04,32.637108327981));
#1412 = CARTESIAN_POINT('',(1.824517006686E-04,32.662416157015));
#1413 = CARTESIAN_POINT('',(1.935315313269E-04,32.687714697614));
#1414 = CARTESIAN_POINT('',(1.97705797333E-04,32.71299165337));
#1415 = CARTESIAN_POINT('',(1.940851755826E-04,32.738265063307));
#1416 = CARTESIAN_POINT('',(1.836788913015E-04,32.763559438443));
#1417 = CARTESIAN_POINT('',(1.674024502513E-04,32.788861091143));
#1418 = CARTESIAN_POINT('',(1.462604699363E-04,32.814167576049));
#1419 = CARTESIAN_POINT('',(1.213330170443E-04,32.839474574525));
#1420 = CARTESIAN_POINT('',(9.355044437949E-05,32.864779017989));
#1421 = CARTESIAN_POINT('',(6.369982032732E-05,32.890078233569));
#1422 = CARTESIAN_POINT('',(3.263293442037E-05,32.915370262502));
#1423 = CARTESIAN_POINT('',(1.219511358641E-06,32.940653802807));
#1424 = CARTESIAN_POINT('',(-2.967526816658E-05,32.965928097437));
#1425 = CARTESIAN_POINT('',(-5.947995686786E-05,32.99119268417));
#1426 = CARTESIAN_POINT('',(-8.759241966693E-05,33.016447578428));
#1427 = CARTESIAN_POINT('',(-1.134205942317E-04,33.041693189723));
#1428 = CARTESIAN_POINT('',(-1.363259390301E-04,33.06693037427));
#1429 = CARTESIAN_POINT('',(-1.559150751006E-04,33.092160116883));
#1430 = CARTESIAN_POINT('',(-1.719174395286E-04,33.117383658972));
#1431 = CARTESIAN_POINT('',(-1.840409320008E-04,33.142602409759));
#1432 = CARTESIAN_POINT('',(-1.919864574546E-04,33.167818001864));
#1433 = CARTESIAN_POINT('',(-1.955328383296E-04,33.193032119775));
#1434 = CARTESIAN_POINT('',(-1.9474731951E-04,33.218246483279));
#1435 = CARTESIAN_POINT('',(-1.896647026139E-04,33.243462797531));
#1436 = CARTESIAN_POINT('',(-1.803452966716E-04,33.26868273094));
#1437 = CARTESIAN_POINT('',(-1.668186775271E-04,33.293907900116));
#1438 = CARTESIAN_POINT('',(-1.494087598049E-04,33.319139749587));
#1439 = CARTESIAN_POINT('',(-1.285078344375E-04,33.344379577871));
#1440 = CARTESIAN_POINT('',(-1.045044776746E-04,33.369628390021));
#1441 = CARTESIAN_POINT('',(-7.776306248083E-05,33.394886954131));
#1442 = CARTESIAN_POINT('',(-4.877971034801E-05,33.420155677831));
#1443 = CARTESIAN_POINT('',(-1.82866162829E-05,33.445434703486));
#1444 = CARTESIAN_POINT('',(1.303018355329E-05,33.470723657977));
#1445 = CARTESIAN_POINT('',(4.447639409822E-05,33.496021695489));
#1446 = CARTESIAN_POINT('',(7.538625408983E-05,33.521327421402));
#1447 = CARTESIAN_POINT('',(1.048019700703E-04,33.546638998756));
#1448 = CARTESIAN_POINT('',(1.31769729565E-04,33.571953976519));
#1449 = CARTESIAN_POINT('',(1.553522841431E-04,33.597269129078));
#1450 = CARTESIAN_POINT('',(1.746903540734E-04,33.622580663743));
#1451 = CARTESIAN_POINT('',(1.887127038419E-04,33.647883612634));
#1452 = CARTESIAN_POINT('',(1.963870791829E-04,33.673174299829));
#1453 = CARTESIAN_POINT('',(1.964951006129E-04,33.698440596641));
#1454 = CARTESIAN_POINT('',(1.892489055035E-04,33.723731099011));
#1455 = CARTESIAN_POINT('',(1.757168499003E-04,33.74903476184));
#1456 = CARTESIAN_POINT('',(1.568326182641E-04,33.774347601851));
#1457 = CARTESIAN_POINT('',(1.336458022144E-04,33.799664861652));
#1458 = CARTESIAN_POINT('',(1.072111400118E-04,33.824982978));
#1459 = CARTESIAN_POINT('',(7.831423455139E-05,33.850298687322));
#1460 = CARTESIAN_POINT('',(4.779757022576E-05,33.875609481444));
#1461 = CARTESIAN_POINT('',(1.651578211148E-05,33.900913477184));
#1462 = CARTESIAN_POINT('',(-1.461095557273E-05,33.926209490323));
#1463 = CARTESIAN_POINT('',(-4.491752460986E-05,33.951496608487));
#1464 = CARTESIAN_POINT('',(-7.382398214799E-05,33.976774395759));
#1465 = CARTESIAN_POINT('',(-1.007220831479E-04,34.002042823588));
#1466 = CARTESIAN_POINT('',(-1.24972984943E-04,34.027302336938));
#1467 = CARTESIAN_POINT('',(-1.46054907178E-04,34.052553602229));
#1468 = CARTESIAN_POINT('',(-1.637012256545E-04,34.07779750245));
#1469 = CARTESIAN_POINT('',(-1.775999555854E-04,34.103035129818));
#1470 = CARTESIAN_POINT('',(-1.874537140172E-04,34.12826778149));
#1471 = CARTESIAN_POINT('',(-1.929544115745E-04,34.153496896579));
#1472 = CARTESIAN_POINT('',(-1.941207131054E-04,34.178723921174));
#1473 = CARTESIAN_POINT('',(-1.909820203037E-04,34.203950344727));
#1474 = CARTESIAN_POINT('',(-1.835801542109E-04,34.229177601041));
#1475 = CARTESIAN_POINT('',(-1.719168473849E-04,34.254407106561));
#1476 = CARTESIAN_POINT('',(-1.562258127089E-04,34.279640117036));
#1477 = CARTESIAN_POINT('',(-1.368993046652E-04,34.304877796279));
#1478 = CARTESIAN_POINT('',(-1.143005023154E-04,34.330121011933));
#1479 = CARTESIAN_POINT('',(-8.878405163091E-05,34.355370401651));
#1480 = CARTESIAN_POINT('',(-6.076989512041E-05,34.380626255002));
#1481 = CARTESIAN_POINT('',(-3.096916118246E-05,34.405888652597));
#1482 = CARTESIAN_POINT('',(-5.045639812857E-08,34.431157184164));
#1483 = CARTESIAN_POINT('',(3.131177342434E-05,34.456430954765));
#1484 = CARTESIAN_POINT('',(6.247888491586E-05,34.481708555341));
#1485 = CARTESIAN_POINT('',(9.253081084843E-05,34.506988144126));
#1486 = CARTESIAN_POINT('',(1.205454352136E-04,34.532267349522));
#1487 = CARTESIAN_POINT('',(1.372780181256E-04,34.549117663756));
#1488 = CARTESIAN_POINT('',(1.450098637686E-04,34.557541686711));
#1489 = ( GEOMETRIC_REPRESENTATION_CONTEXT(2) 
PARAMETRIC_REPRESENTATION_CONTEXT() REPRESENTATION_CONTEXT('2D SPACE',''
  ) );
#1490 = ORIENTED_EDGE('',*,*,#1491,.T.);
#1491 = EDGE_CURVE('',#1059,#307,#1492,.T.);
#1492 = SURFACE_CURVE('',#1493,(#1501,#1507),.PCURVE_S1.);
#1493 = B_SPLINE_CURVE_WITH_KNOTS('',3,(#1494,#1495,#1496,#1497,#1498,
    #1499,#1500),.UNSPECIFIED.,.F.,.F.,(4,3,4),(34.557519189488,
    34.658464242492,34.726491717742),.UNSPECIFIED.);
#1494 = CARTESIAN_POINT('',(-3.818281946347,4.582000109871,
    -3.817172918546));
#1495 = CARTESIAN_POINT('',(-3.856735725564,4.582026387576,
    -3.782505909256));
#1496 = CARTESIAN_POINT('',(-3.895139557428,4.584651444759,
    -3.74788884732));
#1497 = CARTESIAN_POINT('',(-3.933355877958,4.589854397367,
    -3.713459296716));
#1498 = CARTESIAN_POINT('',(-3.959110085041,4.593360698262,
    -3.690257016547));
#1499 = CARTESIAN_POINT('',(-3.984809199817,4.598042637086,
    -3.667109828684));
#1500 = CARTESIAN_POINT('',(-4.010392510089,4.603896362843,
    -3.644078445325));
#1501 = PCURVE('',#1041,#1502);
#1502 = DEFINITIONAL_REPRESENTATION('',(#1503),#1506);
#1503 = B_SPLINE_CURVE_WITH_KNOTS('',1,(#1504,#1505),.UNSPECIFIED.,.F.,
  .F.,(2,2),(34.557519189488,34.726491717742),.PIECEWISE_BEZIER_KNOTS.);
#1504 = CARTESIAN_POINT('',(9.256617748897,2.708423447177));
#1505 = CARTESIAN_POINT('',(9.424777960769,2.721869853737));
#1506 = ( GEOMETRIC_REPRESENTATION_CONTEXT(2) 
PARAMETRIC_REPRESENTATION_CONTEXT() REPRESENTATION_CONTEXT('2D SPACE',''
  ) );
#1507 = PCURVE('',#75,#1508);
#1508 = DEFINITIONAL_REPRESENTATION('',(#1509),#1512);
#1509 = B_SPLINE_CURVE_WITH_KNOTS('',1,(#1510,#1511),.UNSPECIFIED.,.F.,
  .F.,(2,2),(34.557519189488,34.726491717742),.PIECEWISE_BEZIER_KNOTS.);
#1510 = CARTESIAN_POINT('',(1.450098641101E-04,34.557541687083));
#1511 = CARTESIAN_POINT('',(1.71646791512E-04,34.726581905305));
#1512 = ( GEOMETRIC_REPRESENTATION_CONTEXT(2) 
PARAMETRIC_REPRESENTATION_CONTEXT() REPRESENTATION_CONTEXT('2D SPACE',''
  ) );
#1513 = ORIENTED_EDGE('',*,*,#1027,.T.);
#1514 = ORIENTED_EDGE('',*,*,#1515,.F.);
#1515 = EDGE_CURVE('',#1516,#884,#1518,.T.);
#1516 = VERTEX_POINT('',#1517);
#1517 = CARTESIAN_POINT('',(-3.846656138518,4.584178133048,
    -3.847596851253));
#1518 = SURFACE_CURVE('',#1519,(#1524,#1530),.PCURVE_S1.);
#1519 = B_SPLINE_CURVE_WITH_KNOTS('',3,(#1520,#1521,#1522,#1523),
  .UNSPECIFIED.,.F.,.F.,(4,4),(34.557519189488,34.725734820599),
  .PIECEWISE_BEZIER_KNOTS.);
#1520 = CARTESIAN_POINT('',(-3.846656138518,4.584178133048,
    -3.847596851253));
#1521 = CARTESIAN_POINT('',(-3.911196273064,4.584543512261,
    -3.789367019929));
#1522 = CARTESIAN_POINT('',(-3.975774094832,4.591890547653,
    -3.731099501382));
#1523 = CARTESIAN_POINT('',(-4.039490088592,4.606106293204,
    -3.673693810844));
#1524 = PCURVE('',#1041,#1525);
#1525 = DEFINITIONAL_REPRESENTATION('',(#1526),#1529);
#1526 = B_SPLINE_CURVE_WITH_KNOTS('',1,(#1527,#1528),.UNSPECIFIED.,.F.,
  .F.,(2,2),(34.557519189488,34.725734820599),.PIECEWISE_BEZIER_KNOTS.);
#1527 = CARTESIAN_POINT('',(9.255677809959,2.75));
#1528 = CARTESIAN_POINT('',(9.424784480695,2.763386174598));
#1529 = ( GEOMETRIC_REPRESENTATION_CONTEXT(2) 
PARAMETRIC_REPRESENTATION_CONTEXT() REPRESENTATION_CONTEXT('2D SPACE',''
  ) );
#1530 = PCURVE('',#903,#1531);
#1531 = DEFINITIONAL_REPRESENTATION('',(#1532),#1536);
#1532 = LINE('',#1533,#1534);
#1533 = CARTESIAN_POINT('',(3.2158409994E-02,1.42108547152E-14));
#1534 = VECTOR('',#1535,1.);
#1535 = DIRECTION('',(-4.083749482434E-15,1.));
#1536 = ( GEOMETRIC_REPRESENTATION_CONTEXT(2) 
PARAMETRIC_REPRESENTATION_CONTEXT() REPRESENTATION_CONTEXT('2D SPACE',''
  ) );
#1537 = ORIENTED_EDGE('',*,*,#1538,.F.);
#1538 = EDGE_CURVE('',#1539,#1516,#1541,.T.);
#1539 = VERTEX_POINT('',#1540);
#1540 = CARTESIAN_POINT('',(-3.686232006241,4.604201039586,
    -3.319995928946));
#1541 = SURFACE_CURVE('',#1542,(#1553,#1559),.PCURVE_S1.);
#1542 = B_SPLINE_CURVE_WITH_KNOTS('',3,(#1543,#1544,#1545,#1546,#1547,
    #1548,#1549,#1550,#1551,#1552),.UNSPECIFIED.,.F.,.F.,(4,1,1,1,1,1,1,
    4),(28.443889637408,29.184471012823,30.177352978762,31.170234944702,
    32.163116910641,33.15599887658,34.14888084252,34.557519189488),
  .UNSPECIFIED.);
#1543 = CARTESIAN_POINT('',(-3.686232006241,4.604201039586,
    -3.319995928946));
#1544 = CARTESIAN_POINT('',(-3.965264678459,4.671817823661,
    -3.06874481905));
#1545 = CARTESIAN_POINT('',(-4.583144050764,5.152588946401,
    -2.515893168814));
#1546 = CARTESIAN_POINT('',(-4.817802345227,6.718863969734,
    -2.38350875617));
#1547 = CARTESIAN_POINT('',(-3.969704949337,7.891211248641,
    -3.343344631304));
#1548 = CARTESIAN_POINT('',(-2.837373787082,7.460772955634,
    -4.587414272802));
#1549 = CARTESIAN_POINT('',(-2.499152949457,5.818290270096,
    -5.037373589672));
#1550 = CARTESIAN_POINT('',(-3.152906271291,4.721553503106,
    -4.473441911133));
#1551 = CARTESIAN_POINT('',(-3.689871815207,4.583290534454,
    -3.989051850765));
#1552 = CARTESIAN_POINT('',(-3.846656138518,4.584178133048,
    -3.847596851253));
#1553 = PCURVE('',#1041,#1554);
#1554 = DEFINITIONAL_REPRESENTATION('',(#1555),#1558);
#1555 = B_SPLINE_CURVE_WITH_KNOTS('',1,(#1556,#1557),.UNSPECIFIED.,.F.,
  .F.,(2,2),(28.443889637408,34.557519189488),.PIECEWISE_BEZIER_KNOTS.);
#1556 = CARTESIAN_POINT('',(3.141590568355,2.263492818277));
#1557 = CARTESIAN_POINT('',(9.255677809959,2.75));
#1558 = ( GEOMETRIC_REPRESENTATION_CONTEXT(2) 
PARAMETRIC_REPRESENTATION_CONTEXT() REPRESENTATION_CONTEXT('2D SPACE',''
  ) );
#1559 = PCURVE('',#903,#1560);
#1560 = DEFINITIONAL_REPRESENTATION('',(#1561),#1565);
#1561 = LINE('',#1562,#1563);
#1562 = CARTESIAN_POINT('',(3.215840999386E-02,2.13162820728E-14));
#1563 = VECTOR('',#1564,1.);
#1564 = DIRECTION('',(1.13498762802E-18,1.));
#1565 = ( GEOMETRIC_REPRESENTATION_CONTEXT(2) 
PARAMETRIC_REPRESENTATION_CONTEXT() REPRESENTATION_CONTEXT('2D SPACE',''
  ) );
#1566 = ORIENTED_EDGE('',*,*,#1567,.F.);
#1567 = EDGE_CURVE('',#1057,#1539,#1568,.T.);
#1568 = SURFACE_CURVE('',#1569,(#1573,#1580),.PCURVE_S1.);
#1569 = LINE('',#1570,#1571);
#1570 = CARTESIAN_POINT('',(-2.085739879004,4.603896362843,
    -1.719425814241));
#1571 = VECTOR('',#1572,1.);
#1572 = DIRECTION('',(-0.707106781187,0.,-0.707106781187));
#1573 = PCURVE('',#1041,#1574);
#1574 = DEFINITIONAL_REPRESENTATION('',(#1575),#1579);
#1575 = LINE('',#1576,#1577);
#1576 = CARTESIAN_POINT('',(3.14159265359,0.));
#1577 = VECTOR('',#1578,1.);
#1578 = DIRECTION('',(0.,1.));
#1579 = ( GEOMETRIC_REPRESENTATION_CONTEXT(2) 
PARAMETRIC_REPRESENTATION_CONTEXT() REPRESENTATION_CONTEXT('2D SPACE',''
  ) );
#1580 = PCURVE('',#1581,#1586);
#1581 = CYLINDRICAL_SURFACE('',#1582,1.543);
#1582 = AXIS2_PLACEMENT_3D('',#1583,#1584,#1585);
#1583 = CARTESIAN_POINT('',(-1.902582846623,6.124999910593,
    -1.902582846623));
#1584 = DIRECTION('',(-0.707106781187,0.,-0.707106781187));
#1585 = DIRECTION('',(0.118701900442,0.985809168989,-0.118701900442));
#1586 = DEFINITIONAL_REPRESENTATION('',(#1587),#1591);
#1587 = LINE('',#1588,#1589);
#1588 = CARTESIAN_POINT('',(9.424777960769,0.));
#1589 = VECTOR('',#1590,1.);
#1590 = DIRECTION('',(0.,1.));
#1591 = ( GEOMETRIC_REPRESENTATION_CONTEXT(2) 
PARAMETRIC_REPRESENTATION_CONTEXT() REPRESENTATION_CONTEXT('2D SPACE',''
  ) );
#1592 = ADVANCED_FACE('',(#1593),#1608,.F.);
#1593 = FACE_BOUND('',#1594,.F.);
#1594 = EDGE_LOOP('',(#1595,#1625,#1806,#1859,#1887,#1911));
#1595 = ORIENTED_EDGE('',*,*,#1596,.F.);
#1596 = EDGE_CURVE('',#1597,#1599,#1601,.T.);
#1597 = VERTEX_POINT('',#1598);
#1598 = CARTESIAN_POINT('',(-3.140992931669,4.582000524432,
    -3.139046495729));
#1599 = VERTEX_POINT('',#1600);
#1600 = CARTESIAN_POINT('',(-3.33288599928,4.601803226231,
    -2.966085697061));
#1601 = SURFACE_CURVE('',#1602,(#1607,#1618),.PCURVE_S1.);
#1602 = B_SPLINE_CURVE_WITH_KNOTS('',3,(#1603,#1604,#1605,#1606),
  .UNSPECIFIED.,.F.,.F.,(4,4),(21.991149591492,22.159376284471),
  .PIECEWISE_BEZIER_KNOTS.);
#1603 = CARTESIAN_POINT('',(-3.140993989993,4.582171433757,
    -3.139045551786));
#1604 = CARTESIAN_POINT('',(-3.205332572359,4.581397821431,
    -3.081017687607));
#1605 = CARTESIAN_POINT('',(-3.269587739103,4.587835204801,
    -3.023073239052));
#1606 = CARTESIAN_POINT('',(-3.332885999281,4.601803226231,
    -2.966085697061));
#1607 = PCURVE('',#1608,#1613);
#1608 = CYLINDRICAL_SURFACE('',#1609,1.543);
#1609 = AXIS2_PLACEMENT_3D('',#1610,#1611,#1612);
#1610 = CARTESIAN_POINT('',(-1.902582846623,6.124999910593,
    -1.902582846623));
#1611 = DIRECTION('',(-0.707106781187,0.,-0.707106781187));
#1612 = DIRECTION('',(0.118701900442,0.985809168989,-0.118701900442));
#1613 = DEFINITIONAL_REPRESENTATION('',(#1614),#1617);
#1614 = B_SPLINE_CURVE_WITH_KNOTS('',1,(#1615,#1616),.UNSPECIFIED.,.F.,
  .F.,(2,2),(21.991149661336,22.159376284471),.PIECEWISE_BEZIER_KNOTS.);
#1615 = CARTESIAN_POINT('',(2.973817285102,1.750000086438));
#1616 = CARTESIAN_POINT('',(3.141584607737,1.763387135753));
#1617 = ( GEOMETRIC_REPRESENTATION_CONTEXT(2) 
PARAMETRIC_REPRESENTATION_CONTEXT() REPRESENTATION_CONTEXT('2D SPACE',''
  ) );
#1618 = PCURVE('',#903,#1619);
#1619 = DEFINITIONAL_REPRESENTATION('',(#1620),#1624);
#1620 = LINE('',#1621,#1622);
#1621 = CARTESIAN_POINT('',(3.215840999388E-02,3.552713678801E-15));
#1622 = VECTOR('',#1623,1.);
#1623 = DIRECTION('',(-7.424513905288E-16,1.));
#1624 = ( GEOMETRIC_REPRESENTATION_CONTEXT(2) 
PARAMETRIC_REPRESENTATION_CONTEXT() REPRESENTATION_CONTEXT('2D SPACE',''
  ) );
#1625 = ORIENTED_EDGE('',*,*,#1626,.F.);
#1626 = EDGE_CURVE('',#1627,#1597,#1629,.T.);
#1627 = VERTEX_POINT('',#1628);
#1628 = CARTESIAN_POINT('',(-3.166511626014,4.668963201474,
    -2.444284374108));
#1629 = SURFACE_CURVE('',#1630,(#1794,#1800),.PCURVE_S1.);
#1630 = B_SPLINE_CURVE_WITH_KNOTS('',3,(#1631,#1632,#1633,#1634,#1635,
    #1636,#1637,#1638,#1639,#1640,#1641,#1642,#1643,#1644,#1645,#1646,
    #1647,#1648,#1649,#1650,#1651,#1652,#1653,#1654,#1655,#1656,#1657,
    #1658,#1659,#1660,#1661,#1662,#1663,#1664,#1665,#1666,#1667,#1668,
    #1669,#1670,#1671,#1672,#1673,#1674,#1675,#1676,#1677,#1678,#1679,
    #1680,#1681,#1682,#1683,#1684,#1685,#1686,#1687,#1688,#1689,#1690,
    #1691,#1692,#1693,#1694,#1695,#1696,#1697,#1698,#1699,#1700,#1701,
    #1702,#1703,#1704,#1705,#1706,#1707,#1708,#1709,#1710,#1711,#1712,
    #1713,#1714,#1715,#1716,#1717,#1718,#1719,#1720,#1721,#1722,#1723,
    #1724,#1725,#1726,#1727,#1728,#1729,#1730,#1731,#1732,#1733,#1734,
    #1735,#1736,#1737,#1738,#1739,#1740,#1741,#1742,#1743,#1744,#1745,
    #1746,#1747,#1748,#1749,#1750,#1751,#1752,#1753,#1754,#1755,#1756,
    #1757,#1758,#1759,#1760,#1761,#1762,#1763,#1764,#1765,#1766,#1767,
    #1768,#1769,#1770,#1771,#1772,#1773,#1774,#1775,#1776,#1777,#1778,
    #1779,#1780,#1781,#1782,#1783,#1784,#1785,#1786,#1787,#1788,#1789,
    #1790,#1791,#1792,#1793),.UNSPECIFIED.,.F.,.F.,(4,3,3,3,3,3,3,3,3,3,
    3,3,3,3,3,3,3,3,3,3,3,3,3,3,3,3,3,3,3,3,3,3,3,3,3,3,3,3,3,3,3,3,3,3,
    3,3,3,3,3,3,3,3,3,3,4),(16.044408166088,16.190717283825,
    16.277005455611,16.389175435988,16.501153939214,16.613025830696,
    16.724833829111,16.836620560885,16.948510543864,17.060449634009,
    17.172602633225,17.26988742155,17.381739626794,17.493391644792,
    17.604931984875,17.716403961037,17.827850788819,17.939397516333,
    18.0509909664,18.162798761275,18.26276938749,18.374782808944,
    18.486598990288,18.598305173071,18.709944380279,18.82155953863,
    18.933274973951,19.045037611527,19.157013222938,19.255651353429,
    19.367657965299,19.479467933066,19.591168270465,19.702802011186,
    19.81441209309,19.926123108929,20.037881681007,20.14985387936,
    20.248533319368,20.360501219274,20.472271353979,20.583931204189,
    20.695523875678,20.807092377581,20.918761345193,21.030477544917,
    21.142407369397,21.241415285308,21.352052481802,21.462531394201,
    21.572897242025,21.683228973637,21.793535185264,21.903934578776,
    21.991148575128),.UNSPECIFIED.);
#1631 = CARTESIAN_POINT('',(-3.166511626014,4.668963201474,
    -2.444284374108));
#1632 = CARTESIAN_POINT('',(-3.219467223463,4.693869164314,
    -2.396817296905));
#1633 = CARTESIAN_POINT('',(-3.270979563302,4.72389711739,
    -2.350793477312));
#1634 = CARTESIAN_POINT('',(-3.32062603678,4.75870542547,-2.30663552408)
  );
#1635 = CARTESIAN_POINT('',(-3.34990584858,4.779234188911,
    -2.280592655986));
#1636 = CARTESIAN_POINT('',(-3.378537223582,4.801424990486,
    -2.25519822469));
#1637 = CARTESIAN_POINT('',(-3.406437678841,4.825201807954,
    -2.230534713137));
#1638 = CARTESIAN_POINT('',(-3.442706769427,4.856110391293,
    -2.198473475198));
#1639 = CARTESIAN_POINT('',(-3.477823756973,4.8897783917,-2.167564340298
    ));
#1640 = CARTESIAN_POINT('',(-3.511554140845,4.92600827708,
    -2.138041809073));
#1641 = CARTESIAN_POINT('',(-3.545226946052,4.962176317078,
    -2.108569673596));
#1642 = CARTESIAN_POINT('',(-3.577517563107,5.000897236663,
    -2.08047972627));
#1643 = CARTESIAN_POINT('',(-3.608212015275,5.041930356306,
    -2.053985943832));
#1644 = CARTESIAN_POINT('',(-3.638877244075,5.082924409411,
    -2.027517385416));
#1645 = CARTESIAN_POINT('',(-3.667949062974,5.126225932124,
    -2.002642236902));
#1646 = CARTESIAN_POINT('',(-3.695237894941,5.171555285668,
    -1.979550075318));
#1647 = CARTESIAN_POINT('',(-3.722511141517,5.21685875039,
    -1.956471102294));
#1648 = CARTESIAN_POINT('',(-3.74800319375,5.264187342274,
    -1.935173323613));
#1649 = CARTESIAN_POINT('',(-3.771552526052,5.313227666717,
    -1.915818264864));
#1650 = CARTESIAN_POINT('',(-3.79509737911,5.362258663357,
    -1.896466887579));
#1651 = CARTESIAN_POINT('',(-3.816700053159,5.413000304586,
    -1.879057689302));
#1652 = CARTESIAN_POINT('',(-3.836230157474,5.465111335385,
    -1.86372106076));
#1653 = CARTESIAN_POINT('',(-3.855778300663,5.517270498254,
    -1.848370266624));
#1654 = CARTESIAN_POINT('',(-3.873249891445,5.570801107814,
    -1.835096024896));
#1655 = CARTESIAN_POINT('',(-3.888547923437,5.6253397069,-1.823995341958
    ));
#1656 = CARTESIAN_POINT('',(-3.903852669551,5.67990224232,
    -1.812889787064));
#1657 = CARTESIAN_POINT('',(-3.916981855167,5.735473148618,
    -1.803959792668));
#1658 = CARTESIAN_POINT('',(-3.927873949482,5.791674576824,
    -1.797266889573));
#1659 = CARTESIAN_POINT('',(-3.938786857953,5.84798340268,-1.79056119673
    ));
#1660 = CARTESIAN_POINT('',(-3.94745407328,5.904924644134,
    -1.786101197032));
#1661 = CARTESIAN_POINT('',(-3.953850489189,5.96211200582,
    -1.783911996753));
#1662 = CARTESIAN_POINT('',(-3.959398927234,6.011717994204,
    -1.782013020468));
#1663 = CARTESIAN_POINT('',(-3.963239327513,6.061508872429,
    -1.78182208195));
#1664 = CARTESIAN_POINT('',(-3.965377772534,6.111233259944,
    -1.783333098688));
#1665 = CARTESIAN_POINT('',(-3.967836428153,6.168403373522,
    -1.78507037496));
#1666 = CARTESIAN_POINT('',(-3.968045993626,6.225723252181,
    -1.789056741378));
#1667 = CARTESIAN_POINT('',(-3.965993789301,6.282809366259,
    -1.795304877594));
#1668 = CARTESIAN_POINT('',(-3.963945257903,6.339793310586,
    -1.801541831222));
#1669 = CARTESIAN_POINT('',(-3.959643028386,6.396543805176,
    -1.81003248297));
#1670 = CARTESIAN_POINT('',(-3.953111184077,6.452677729898,
    -1.82075274951));
#1671 = CARTESIAN_POINT('',(-3.946585873127,6.508755507675,
    -1.831462293297));
#1672 = CARTESIAN_POINT('',(-3.937835443666,6.564217429298,
    -1.844396955594));
#1673 = CARTESIAN_POINT('',(-3.926920409425,6.618687682384,
    -1.859496222673));
#1674 = CARTESIAN_POINT('',(-3.916012065091,6.673124550239,
    -1.874586235296));
#1675 = CARTESIAN_POINT('',(-3.902941863704,6.726570460198,
    -1.891838104971));
#1676 = CARTESIAN_POINT('',(-3.887805686056,6.778664130409,
    -1.911155950907));
#1677 = CARTESIAN_POINT('',(-3.872672923172,6.830746048147,
    -1.930469438685));
#1678 = CARTESIAN_POINT('',(-3.855475265817,6.881475858622,
    -1.951847820933));
#1679 = CARTESIAN_POINT('',(-3.836342167507,6.930513740214,
    -1.975161644136));
#1680 = CARTESIAN_POINT('',(-3.817191918495,6.979595578834,
    -1.998496365598));
#1681 = CARTESIAN_POINT('',(-3.7961029545,7.026982010638,-2.023769802043
    ));
#1682 = CARTESIAN_POINT('',(-3.773236179747,7.072360485618,
    -2.050821049246));
#1683 = CARTESIAN_POINT('',(-3.750359826998,7.117757967863,
    -2.077883627157));
#1684 = CARTESIAN_POINT('',(-3.725704421863,7.161145421288,
    -2.106725257453));
#1685 = CARTESIAN_POINT('',(-3.699458833007,7.202244359615,
    -2.137157071469));
#1686 = CARTESIAN_POINT('',(-3.67316283254,7.243422239349,
    -2.167647337854));
#1687 = CARTESIAN_POINT('',(-3.645270818165,7.282302465784,
    -2.199733618145));
#1688 = CARTESIAN_POINT('',(-3.615996615608,7.318645019199,
    -2.233202086619));
#1689 = CARTESIAN_POINT('',(-3.589821693145,7.351139961321,
    -2.263127225162));
#1690 = CARTESIAN_POINT('',(-3.56254223561,7.381606535756,
    -2.294156898777));
#1691 = CARTESIAN_POINT('',(-3.534324231592,7.409903195675,
    -2.326125118875));
#1692 = CARTESIAN_POINT('',(-3.502706992645,7.441608565676,
    -2.361944337445));
#1693 = CARTESIAN_POINT('',(-3.469770340358,7.470721409692,
    -2.399082969355));
#1694 = CARTESIAN_POINT('',(-3.435735500145,7.497017415606,
    -2.437319789192));
#1695 = CARTESIAN_POINT('',(-3.401760590567,7.523267117898,
    -2.475489279289));
#1696 = CARTESIAN_POINT('',(-3.366691656277,7.546709591005,-2.5147527941
    ));
#1697 = CARTESIAN_POINT('',(-3.330769677607,7.567164375334,
    -2.554869353289));
#1698 = CARTESIAN_POINT('',(-3.294883036989,7.587599037379,
    -2.594946448031));
#1699 = CARTESIAN_POINT('',(-3.258145357289,7.605051649932,
    -2.635874581855));
#1700 = CARTESIAN_POINT('',(-3.220813108322,7.61938895681,
    -2.677397284946));
#1701 = CARTESIAN_POINT('',(-3.183503242618,7.633717667481,
    -2.718895092308));
#1702 = CARTESIAN_POINT('',(-3.145599870348,7.644934645869,
    -2.760986406235));
#1703 = CARTESIAN_POINT('',(-3.107370102861,7.652956500038,
    -2.803404115379));
#1704 = CARTESIAN_POINT('',(-3.069148570672,7.660976626171,
    -2.845812687076));
#1705 = CARTESIAN_POINT('',(-3.030601147416,7.665802922244,
    -2.88854714984));
#1706 = CARTESIAN_POINT('',(-2.99200051543,7.66740350135,-2.931334821333
    ));
#1707 = CARTESIAN_POINT('',(-2.953365203976,7.669005518444,
    -2.974160934004));
#1708 = CARTESIAN_POINT('',(-2.914676957276,7.667376012277,
    -3.017039981921));
#1709 = CARTESIAN_POINT('',(-2.876209440879,7.662535249821,
    -3.059698299533));
#1710 = CARTESIAN_POINT('',(-2.837725671103,7.657692442035,
    -3.102374641232));
#1711 = CARTESIAN_POINT('',(-2.799463183099,7.649635744898,
    -3.144829701159));
#1712 = CARTESIAN_POINT('',(-2.761690717653,7.638437152674,
    -3.186794738527));
#1713 = CARTESIAN_POINT('',(-2.723846273352,7.627217220518,
    -3.228839744077));
#1714 = CARTESIAN_POINT('',(-2.686494075454,7.612843559376,
    -3.270392503223));
#1715 = CARTESIAN_POINT('',(-2.649893696394,7.595438730203,
    -3.311193443532));
#1716 = CARTESIAN_POINT('',(-2.617652810004,7.580107000468,
    -3.34713455985));
#1717 = CARTESIAN_POINT('',(-2.585995294349,7.5624240276,-3.382492305434
    ));
#1718 = CARTESIAN_POINT('',(-2.555088524091,7.542503951598,
    -3.417099305619));
#1719 = CARTESIAN_POINT('',(-2.519992941854,7.519884096476,
    -3.456396612031));
#1720 = CARTESIAN_POINT('',(-2.485712091807,7.494285370113,
    -3.494879186252));
#1721 = CARTESIAN_POINT('',(-2.45249964756,7.465847319897,
    -3.532293354674));
#1722 = CARTESIAN_POINT('',(-2.41934551265,7.437459196867,
    -3.569641837012));
#1723 = CARTESIAN_POINT('',(-2.3872563779,7.406241900147,-3.605925319191
    ));
#1724 = CARTESIAN_POINT('',(-2.35647073203,7.372382331609,
    -3.640905312489));
#1725 = CARTESIAN_POINT('',(-2.325715271677,7.338555962589,
    -3.675851007687));
#1726 = CARTESIAN_POINT('',(-2.296261064157,7.302092760203,
    -3.709495450052));
#1727 = CARTESIAN_POINT('',(-2.268327096739,7.263223756258,
    -3.741619652316));
#1728 = CARTESIAN_POINT('',(-2.240409783786,7.22437792634,-3.77372470186
    ));
#1729 = CARTESIAN_POINT('',(-2.214011185307,7.183129489381,
    -3.804311036932));
#1730 = CARTESIAN_POINT('',(-2.189326562923,7.139749316272,
    -3.833183395907));
#1731 = CARTESIAN_POINT('',(-2.164647172013,7.09637833683,
    -3.862049635892));
#1732 = CARTESIAN_POINT('',(-2.141681278036,7.050876910582,
    -3.889202378944));
#1733 = CARTESIAN_POINT('',(-2.120596675575,7.003550635683,
    -3.914473830479));
#1734 = CARTESIAN_POINT('',(-2.099493005375,6.95618156154,
    -3.939768136106));
#1735 = CARTESIAN_POINT('',(-2.080274236989,6.906984769924,
    -3.963177539919));
#1736 = CARTESIAN_POINT('',(-2.063077808847,6.856295506786,
    -3.984564603488));
#1737 = CARTESIAN_POINT('',(-2.045874060054,6.805584664839,
    -4.005960771695));
#1738 = CARTESIAN_POINT('',(-2.03069452488,6.753380557121,
    -4.025332726281));
#1739 = CARTESIAN_POINT('',(-2.017643310469,6.700040841523,
    -4.042576360106));
#1740 = CARTESIAN_POINT('',(-2.004567148689,6.646599167171,-4.0598529551
    ));
#1741 = CARTESIAN_POINT('',(-1.993627555619,6.592018042365,
    -4.074992981383));
#1742 = CARTESIAN_POINT('',(-1.984893677868,6.536671877312,
    -4.087927292348));
#1743 = CARTESIAN_POINT('',(-1.977196640761,6.487896121773,
    -4.099326109034));
#1744 = CARTESIAN_POINT('',(-1.97121219725,6.43852662858,-4.109012332125
    ));
#1745 = CARTESIAN_POINT('',(-1.966964161411,6.388824340496,
    -4.116962147544));
#1746 = CARTESIAN_POINT('',(-1.962144072733,6.332428997994,
    -4.125982508187));
#1747 = CARTESIAN_POINT('',(-1.959531497457,6.275370990964,
    -4.132795355428));
#1748 = CARTESIAN_POINT('',(-1.959182525494,6.218026734635,
    -4.137344599357));
#1749 = CARTESIAN_POINT('',(-1.958834169908,6.160783763571,
    -4.141885808107));
#1750 = CARTESIAN_POINT('',(-1.96074150394,6.103256062931,
    -4.144171327239));
#1751 = CARTESIAN_POINT('',(-1.96492428072,6.045827970233,
    -4.144181403622));
#1752 = CARTESIAN_POINT('',(-1.969102930321,5.988456542297,
    -4.144191470064));
#1753 = CARTESIAN_POINT('',(-1.975552555372,5.931185045665,
    -4.141930561055));
#1754 = CARTESIAN_POINT('',(-1.984256119939,5.87439886427,
    -4.137415712529));
#1755 = CARTESIAN_POINT('',(-1.992954448118,5.817646847555,
    -4.132903580305));
#1756 = CARTESIAN_POINT('',(-2.003903967886,5.761380080674,
    -4.126140256491));
#1757 = CARTESIAN_POINT('',(-2.017051084267,5.705977640302,
    -4.117179336065));
#1758 = CARTESIAN_POINT('',(-2.030195353145,5.65058719941,
    -4.108220356463));
#1759 = CARTESIAN_POINT('',(-2.045536173499,5.596061214844,
    -4.097064825386));
#1760 = CARTESIAN_POINT('',(-2.062984372564,5.542765225189,
    -4.083801915596));
#1761 = CARTESIAN_POINT('',(-2.080448283463,5.48942124332,
    -4.070527062762));
#1762 = CARTESIAN_POINT('',(-2.100023226161,5.437309953848,
    -4.055141178129));
#1763 = CARTESIAN_POINT('',(-2.121585879408,5.386777153213,
    -4.037767582946));
#1764 = CARTESIAN_POINT('',(-2.143157652912,5.336222978951,
    -4.020386639333));
#1765 = CARTESIAN_POINT('',(-2.166718618982,5.28724906907,
    -4.001016503154));
#1766 = CARTESIAN_POINT('',(-2.19211396769,5.240173995151,
    -3.979811984338));
#1767 = CARTESIAN_POINT('',(-2.21755787762,5.193008903838,
    -3.958566918043));
#1768 = CARTESIAN_POINT('',(-2.24484295093,5.14775031533,-3.935480688369
    ));
#1769 = CARTESIAN_POINT('',(-2.273785351125,5.10468455059,
    -3.910737131809));
#1770 = CARTESIAN_POINT('',(-2.299386451976,5.066590578463,
    -3.888850132713));
#1771 = CARTESIAN_POINT('',(-2.326283769854,5.03021200417,-3.86566691659
    ));
#1772 = CARTESIAN_POINT('',(-2.354334255338,4.995721364212,
    -3.841330532861));
#1773 = CARTESIAN_POINT('',(-2.385679497239,4.957179519601,
    -3.814135644009));
#1774 = CARTESIAN_POINT('',(-2.418593221971,4.920827331963,
    -3.785372272326));
#1775 = CARTESIAN_POINT('',(-2.452888983735,4.886934070939,
    -3.755226863612));
#1776 = CARTESIAN_POINT('',(-2.48713567996,4.853089299612,
    -3.725124582696));
#1777 = CARTESIAN_POINT('',(-2.522760198452,4.821696806488,
    -3.693644479513));
#1778 = CARTESIAN_POINT('',(-2.559551079597,4.792987776376,
    -3.660998013678));
#1779 = CARTESIAN_POINT('',(-2.596304308802,4.764308127204,
    -3.62838495837));
#1780 = CARTESIAN_POINT('',(-2.634221211393,4.738306769527,
    -3.594608229676));
#1781 = CARTESIAN_POINT('',(-2.673069444662,4.715172037402,
    -3.559900170305));
#1782 = CARTESIAN_POINT('',(-2.711905669193,4.692044456668,
    -3.525202839864));
#1783 = CARTESIAN_POINT('',(-2.751672313859,4.671781977885,
    -3.489575089288));
#1784 = CARTESIAN_POINT('',(-2.79212050908,4.654526361026,
    -3.453265788157));
#1785 = CARTESIAN_POINT('',(-2.832559348539,4.637274735431,
    -3.416964885452));
#1786 = CARTESIAN_POINT('',(-2.873679063916,4.623028747851,
    -3.379983106829));
#1787 = CARTESIAN_POINT('',(-2.915219435988,4.611880554037,
    -3.342580671512));
#1788 = CARTESIAN_POINT('',(-2.956794899558,4.600722942714,
    -3.305146640245));
#1789 = CARTESIAN_POINT('',(-2.998791357126,4.592668450624,
    -3.267291614979));
#1790 = CARTESIAN_POINT('',(-3.040941895092,4.587757930124,
    -3.229282509317));
#1791 = CARTESIAN_POINT('',(-3.074240238022,4.583878686739,
    -3.199255840716));
#1792 = CARTESIAN_POINT('',(-3.10763455541,4.581960507637,
    -3.169133197658));
#1793 = CARTESIAN_POINT('',(-3.140992931669,4.582000524432,
    -3.139046495729));
#1794 = PCURVE('',#1608,#1795);
#1795 = DEFINITIONAL_REPRESENTATION('',(#1796),#1799);
#1796 = B_SPLINE_CURVE_WITH_KNOTS('',1,(#1797,#1798),.UNSPECIFIED.,.F.,
  .F.,(2,2),(16.044408166088,21.991148575128),.PIECEWISE_BEZIER_KNOTS.);
#1797 = CARTESIAN_POINT('',(-2.972926286691,1.276773434308));
#1798 = CARTESIAN_POINT('',(2.973816198764,1.75));
#1799 = ( GEOMETRIC_REPRESENTATION_CONTEXT(2) 
PARAMETRIC_REPRESENTATION_CONTEXT() REPRESENTATION_CONTEXT('2D SPACE',''
  ) );
#1800 = PCURVE('',#903,#1801);
#1801 = DEFINITIONAL_REPRESENTATION('',(#1802),#1805);
#1802 = B_SPLINE_CURVE_WITH_KNOTS('',1,(#1803,#1804),.UNSPECIFIED.,.F.,
  .F.,(2,2),(16.044408166088,21.991148575128),.PIECEWISE_BEZIER_KNOTS.);
#1803 = CARTESIAN_POINT('',(3.215867434444E-02,16.04440821479));
#1804 = CARTESIAN_POINT('',(3.217322051544E-02,21.99115131413));
#1805 = ( GEOMETRIC_REPRESENTATION_CONTEXT(2) 
PARAMETRIC_REPRESENTATION_CONTEXT() REPRESENTATION_CONTEXT('2D SPACE',''
  ) );
#1806 = ORIENTED_EDGE('',*,*,#1807,.T.);
#1807 = EDGE_CURVE('',#1627,#1808,#1810,.T.);
#1808 = VERTEX_POINT('',#1809);
#1809 = CARTESIAN_POINT('',(-3.283978759001,4.753645279487,
    -2.283743310976));
#1810 = SURFACE_CURVE('',#1811,(#1819,#1825),.PCURVE_S1.);
#1811 = B_SPLINE_CURVE_WITH_KNOTS('',3,(#1812,#1813,#1814,#1815,#1816,
    #1817,#1818),.UNSPECIFIED.,.F.,.F.,(4,3,4),(0.755773880042,
    0.764243333151,0.776243034645),.UNSPECIFIED.);
#1812 = CARTESIAN_POINT('',(-3.166111598907,4.668802624458,
    -2.444532131552));
#1813 = CARTESIAN_POINT('',(-3.183354562279,4.678607989856,
    -2.422199356901));
#1814 = CARTESIAN_POINT('',(-3.20021410164,4.68922312053,-2.399873932187
    ));
#1815 = CARTESIAN_POINT('',(-3.216656607261,4.700617432241,
    -2.377629128136));
#1816 = CARTESIAN_POINT('',(-3.239952699313,4.716761135677,
    -2.34611221613));
#1817 = CARTESIAN_POINT('',(-3.26241821416,4.73447570558,-2.314746957906
    ));
#1818 = CARTESIAN_POINT('',(-3.283978759001,4.753645279487,
    -2.283743310976));
#1819 = PCURVE('',#1608,#1820);
#1820 = DEFINITIONAL_REPRESENTATION('',(#1821),#1824);
#1821 = B_SPLINE_CURVE_WITH_KNOTS('',1,(#1822,#1823),.UNSPECIFIED.,.F.,
  .F.,(2,2),(0.755818193736,0.776243034645),.PIECEWISE_BEZIER_KNOTS.);
#1822 = CARTESIAN_POINT('',(-2.972939211659,1.276609249096));
#1823 = CARTESIAN_POINT('',(-2.834094685763,1.246315566211));
#1824 = ( GEOMETRIC_REPRESENTATION_CONTEXT(2) 
PARAMETRIC_REPRESENTATION_CONTEXT() REPRESENTATION_CONTEXT('2D SPACE',''
  ) );
#1825 = PCURVE('',#1826,#1831);
#1826 = CYLINDRICAL_SURFACE('',#1827,4.);
#1827 = AXIS2_PLACEMENT_3D('',#1828,#1829,#1830);
#1828 = CARTESIAN_POINT('',(1.232595164408E-30,2.22044604925E-15,0.));
#1829 = DIRECTION('',(5.921189464668E-16,1.,0.));
#1830 = DIRECTION('',(-1.,5.921189464668E-16,0.));
#1831 = DEFINITIONAL_REPRESENTATION('',(#1832),#1858);
#1832 = B_SPLINE_CURVE_WITH_KNOTS('',3,(#1833,#1834,#1835,#1836,#1837,
    #1838,#1839,#1840,#1841,#1842,#1843,#1844,#1845,#1846,#1847,#1848,
    #1849,#1850,#1851,#1852,#1853,#1854,#1855,#1856,#1857),
  .UNSPECIFIED.,.F.,.F.,(4,1,1,1,1,1,1,1,1,1,1,1,1,1,1,1,1,1,1,1,1,1,4),
  (0.755818193736,0.756746595596,0.757674997455,0.758603399315,
    0.759531801174,0.760460203034,0.761388604893,0.762317006753,
    0.763245408612,0.764173810472,0.765102212331,0.766030614191,
    0.76695901605,0.76788741791,0.768815819769,0.769744221629,
    0.770672623488,0.771601025348,0.772529427207,0.773457829067,
    0.774386230926,0.775314632786,0.776243034645),
  .QUASI_UNIFORM_KNOTS.);
#1833 = CARTESIAN_POINT('',(5.625804769116,4.668956601238));
#1834 = CARTESIAN_POINT('',(5.626577909328,4.670032371485));
#1835 = CARTESIAN_POINT('',(5.628122744773,4.672203368473));
#1836 = CARTESIAN_POINT('',(5.630435520068,4.675517991731));
#1837 = CARTESIAN_POINT('',(5.632743674622,4.678890501045));
#1838 = CARTESIAN_POINT('',(5.635047065344,4.682320654753));
#1839 = CARTESIAN_POINT('',(5.637345548904,4.68580821098));
#1840 = CARTESIAN_POINT('',(5.639638982141,4.689352928633));
#1841 = CARTESIAN_POINT('',(5.641927220486,4.692954563714));
#1842 = CARTESIAN_POINT('',(5.644210123914,4.696612883064));
#1843 = CARTESIAN_POINT('',(5.646487534762,4.700327613068));
#1844 = CARTESIAN_POINT('',(5.648759360545,4.7040986311));
#1845 = CARTESIAN_POINT('',(5.651025549966,4.707925810124));
#1846 = CARTESIAN_POINT('',(5.653285944278,4.711808777063));
#1847 = CARTESIAN_POINT('',(5.655540412752,4.715747223664));
#1848 = CARTESIAN_POINT('',(5.657788816872,4.719740824305));
#1849 = CARTESIAN_POINT('',(5.660031019942,4.723789258018));
#1850 = CARTESIAN_POINT('',(5.662266884518,4.727892202588));
#1851 = CARTESIAN_POINT('',(5.664496273106,4.732049336133));
#1852 = CARTESIAN_POINT('',(5.666719047985,4.736260336683));
#1853 = CARTESIAN_POINT('',(5.668935071264,4.740524882292));
#1854 = CARTESIAN_POINT('',(5.671144204872,4.744842651006));
#1855 = CARTESIAN_POINT('',(5.673346310583,4.749213320874));
#1856 = CARTESIAN_POINT('',(5.674809603498,4.752162153588));
#1857 = CARTESIAN_POINT('',(5.675540032501,4.753645279487));
#1858 = ( GEOMETRIC_REPRESENTATION_CONTEXT(2) 
PARAMETRIC_REPRESENTATION_CONTEXT() REPRESENTATION_CONTEXT('2D SPACE',''
  ) );
#1859 = ORIENTED_EDGE('',*,*,#1860,.T.);
#1860 = EDGE_CURVE('',#1808,#1861,#1863,.T.);
#1861 = VERTEX_POINT('',#1862);
#1862 = CARTESIAN_POINT('',(-3.110787644567,4.579797465115,
    -3.110453657953));
#1863 = SURFACE_CURVE('',#1864,(#1874,#1880),.PCURVE_S1.);
#1864 = B_SPLINE_CURVE_WITH_KNOTS('',3,(#1865,#1866,#1867,#1868,#1869,
    #1870,#1871,#1872,#1873),.UNSPECIFIED.,.F.,.F.,(4,1,1,1,1,1,4),(
    16.184129679089,17.156463077163,18.128796475237,19.101129873311,
    20.073463271385,21.045796669459,21.991148575129),.UNSPECIFIED.);
#1865 = CARTESIAN_POINT('',(-3.283978759001,4.753645279487,
    -2.283743310976));
#1866 = CARTESIAN_POINT('',(-3.616505090074,4.982880419527,
    -1.98769229753));
#1867 = CARTESIAN_POINT('',(-4.107276947895,5.902322940231,
    -1.569871074961));
#1868 = CARTESIAN_POINT('',(-3.737499543799,7.484702719664,
    -2.049074431936));
#1869 = CARTESIAN_POINT('',(-2.629534842048,7.876051057713,
    -3.266465086566));
#1870 = CARTESIAN_POINT('',(-1.800168294721,6.740090093775,
    -4.205257586772));
#1871 = CARTESIAN_POINT('',(-2.018633629978,5.081566138428,
    -4.095206042817));
#1872 = CARTESIAN_POINT('',(-2.750615167253,4.580831033446,
    -3.435162979217));
#1873 = CARTESIAN_POINT('',(-3.110787644567,4.579797465115,
    -3.110453657953));
#1874 = PCURVE('',#1608,#1875);
#1875 = DEFINITIONAL_REPRESENTATION('',(#1876),#1879);
#1876 = B_SPLINE_CURVE_WITH_KNOTS('',1,(#1877,#1878),.UNSPECIFIED.,.F.,
  .F.,(2,2),(16.184129679089,21.991148575129),.PIECEWISE_BEZIER_KNOTS.);
#1877 = CARTESIAN_POINT('',(-2.834094685763,1.246315566211));
#1878 = CARTESIAN_POINT('',(2.973077047336,1.708423447177));
#1879 = ( GEOMETRIC_REPRESENTATION_CONTEXT(2) 
PARAMETRIC_REPRESENTATION_CONTEXT() REPRESENTATION_CONTEXT('2D SPACE',''
  ) );
#1880 = PCURVE('',#75,#1881);
#1881 = DEFINITIONAL_REPRESENTATION('',(#1882),#1886);
#1882 = LINE('',#1883,#1884);
#1883 = CARTESIAN_POINT('',(-8.790789029329E-16,0.));
#1884 = VECTOR('',#1885,1.);
#1885 = DIRECTION('',(4.525689237661E-17,1.));
#1886 = ( GEOMETRIC_REPRESENTATION_CONTEXT(2) 
PARAMETRIC_REPRESENTATION_CONTEXT() REPRESENTATION_CONTEXT('2D SPACE',''
  ) );
#1887 = ORIENTED_EDGE('',*,*,#1888,.T.);
#1888 = EDGE_CURVE('',#1861,#1889,#1891,.T.);
#1889 = VERTEX_POINT('',#1890);
#1890 = CARTESIAN_POINT('',(-3.303449445968,4.602755087413,
    -2.93684769996));
#1891 = SURFACE_CURVE('',#1892,(#1898,#1904),.PCURVE_S1.);
#1892 = B_SPLINE_CURVE_WITH_KNOTS('',3,(#1893,#1894,#1895,#1896,#1897),
  .UNSPECIFIED.,.F.,.F.,(4,1,4),(21.991148575129,22.018130067532,
    22.160474338231),.UNSPECIFIED.);
#1893 = CARTESIAN_POINT('',(-3.110787644567,4.579797465115,
    -3.110453657953));
#1894 = CARTESIAN_POINT('',(-3.121067404836,4.579767965819,
    -3.10118605926));
#1895 = CARTESIAN_POINT('',(-3.185575919319,4.580839459195,
    -3.04302949258));
#1896 = CARTESIAN_POINT('',(-3.249931741254,4.58988864509,
    -2.985025618448));
#1897 = CARTESIAN_POINT('',(-3.303449445968,4.602755087413,
    -2.93684769996));
#1898 = PCURVE('',#1608,#1899);
#1899 = DEFINITIONAL_REPRESENTATION('',(#1900),#1903);
#1900 = B_SPLINE_CURVE_WITH_KNOTS('',1,(#1901,#1902),.UNSPECIFIED.,.F.,
  .F.,(2,2),(21.991148575129,22.160474338231),.PIECEWISE_BEZIER_KNOTS.);
#1901 = CARTESIAN_POINT('',(2.973077047336,1.708423447177));
#1902 = CARTESIAN_POINT('',(3.141598448925,1.721897963273));
#1903 = ( GEOMETRIC_REPRESENTATION_CONTEXT(2) 
PARAMETRIC_REPRESENTATION_CONTEXT() REPRESENTATION_CONTEXT('2D SPACE',''
  ) );
#1904 = PCURVE('',#75,#1905);
#1905 = DEFINITIONAL_REPRESENTATION('',(#1906),#1910);
#1906 = LINE('',#1907,#1908);
#1907 = CARTESIAN_POINT('',(-6.553091874294E-14,-4.618527782441E-14));
#1908 = VECTOR('',#1909,1.);
#1909 = DIRECTION('',(2.986914772021E-15,1.));
#1910 = ( GEOMETRIC_REPRESENTATION_CONTEXT(2) 
PARAMETRIC_REPRESENTATION_CONTEXT() REPRESENTATION_CONTEXT('2D SPACE',''
  ) );
#1911 = ORIENTED_EDGE('',*,*,#1912,.T.);
#1912 = EDGE_CURVE('',#1889,#1599,#1913,.T.);
#1913 = SURFACE_CURVE('',#1914,(#1918,#1925),.PCURVE_S1.);
#1914 = LINE('',#1915,#1916);
#1915 = CARTESIAN_POINT('',(-2.085739879004,4.603896362843,
    -1.719425814241));
#1916 = VECTOR('',#1917,1.);
#1917 = DIRECTION('',(-0.707106781187,0.,-0.707106781187));
#1918 = PCURVE('',#1608,#1919);
#1919 = DEFINITIONAL_REPRESENTATION('',(#1920),#1924);
#1920 = LINE('',#1921,#1922);
#1921 = CARTESIAN_POINT('',(3.14159265359,-1.33226762955E-15));
#1922 = VECTOR('',#1923,1.);
#1923 = DIRECTION('',(1.070373746445E-14,1.));
#1924 = ( GEOMETRIC_REPRESENTATION_CONTEXT(2) 
PARAMETRIC_REPRESENTATION_CONTEXT() REPRESENTATION_CONTEXT('2D SPACE',''
  ) );
#1925 = PCURVE('',#1581,#1926);
#1926 = DEFINITIONAL_REPRESENTATION('',(#1927),#1931);
#1927 = LINE('',#1928,#1929);
#1928 = CARTESIAN_POINT('',(3.14159265359,-1.33226762955E-15));
#1929 = VECTOR('',#1930,1.);
#1930 = DIRECTION('',(1.070373746445E-14,1.));
#1931 = ( GEOMETRIC_REPRESENTATION_CONTEXT(2) 
PARAMETRIC_REPRESENTATION_CONTEXT() REPRESENTATION_CONTEXT('2D SPACE',''
  ) );
#1932 = ADVANCED_FACE('',(#1933),#2008,.F.);
#1933 = FACE_BOUND('',#1934,.F.);
#1934 = EDGE_LOOP('',(#1935,#2024,#2096,#2167,#2214));
#1935 = ORIENTED_EDGE('',*,*,#1936,.F.);
#1936 = EDGE_CURVE('',#1937,#1939,#1941,.T.);
#1937 = VERTEX_POINT('',#1938);
#1938 = CARTESIAN_POINT('',(-3.501419117589,6.937058450369,
    -4.872200776334));
#1939 = VERTEX_POINT('',#1940);
#1940 = CARTESIAN_POINT('',(-4.945122974844,6.197392646479,
    -3.159782927799));
#1941 = SURFACE_CURVE('',#1942,(#2007,#2018),.PCURVE_S1.);
#1942 = B_SPLINE_CURVE_WITH_KNOTS('',3,(#1943,#1944,#1945,#1946,#1947,
    #1948,#1949,#1950,#1951,#1952,#1953,#1954,#1955,#1956,#1957,#1958,
    #1959,#1960,#1961,#1962,#1963,#1964,#1965,#1966,#1967,#1968,#1969,
    #1970,#1971,#1972,#1973,#1974,#1975,#1976,#1977,#1978,#1979,#1980,
    #1981,#1982,#1983,#1984,#1985,#1986,#1987,#1988,#1989,#1990,#1991,
    #1992,#1993,#1994,#1995,#1996,#1997,#1998,#1999,#2000,#2001,#2002,
    #2003,#2004,#2005,#2006),.UNSPECIFIED.,.F.,.F.,(4,3,3,3,3,3,3,3,3,3,
    3,3,3,3,3,3,3,3,3,3,3,4),(-26.71828068856,-26.58749788198,
    -26.45617589838,-26.32418471367,-26.26504744269,-26.14846113804,
    -26.03211532058,-25.91590279727,-25.79977156896,-25.68366977626,
    -25.5674621877,-25.45119707813,-25.33471337207,-25.27216547675,
    -25.15436776672,-25.03674033126,-24.91923327958,-24.80179690149,
    -24.68398544471,-24.56647762067,-24.44851434751,-24.33055107436),
  .UNSPECIFIED.);
#1943 = CARTESIAN_POINT('',(-3.501419117589,6.937058450369,
    -4.872200776334));
#1944 = CARTESIAN_POINT('',(-3.524078918008,6.979449754241,
    -4.844634896972));
#1945 = CARTESIAN_POINT('',(-3.548652219267,7.019415300119,
    -4.815155516769));
#1946 = CARTESIAN_POINT('',(-3.574895487965,7.056657535661,
    -4.784006169128));
#1947 = CARTESIAN_POINT('',(-3.601246949533,7.094053309409,
    -4.752728402372));
#1948 = CARTESIAN_POINT('',(-3.629281959739,7.128703139724,
    -4.719767086979));
#1949 = CARTESIAN_POINT('',(-3.658734690767,7.160350908663,
    -4.685388050763));
#1950 = CARTESIAN_POINT('',(-3.688337509388,7.192159950845,
    -4.650833823093));
#1951 = CARTESIAN_POINT('',(-3.71937232087,7.220936135961,
    -4.614847602562));
#1952 = CARTESIAN_POINT('',(-3.751553028998,7.246466828442,
    -4.577715485385));
#1953 = CARTESIAN_POINT('',(-3.765971258981,7.257905588407,
    -4.56107882832));
#1954 = CARTESIAN_POINT('',(-3.78061931949,7.268693492998,
    -4.544212340729));
#1955 = CARTESIAN_POINT('',(-3.795470607028,7.278814574326,
    -4.527142626111));
#1956 = CARTESIAN_POINT('',(-3.824749210939,7.298767802665,
    -4.493490499186));
#1957 = CARTESIAN_POINT('',(-3.854927854459,7.316195227028,
    -4.458938332653));
#1958 = CARTESIAN_POINT('',(-3.885780150052,7.330933008192,
    -4.423712514046));
#1959 = CARTESIAN_POINT('',(-3.916568805391,7.345640389149,
    -4.388559357134));
#1960 = CARTESIAN_POINT('',(-3.948027985067,7.3576689567,-4.352735675884
    ));
#1961 = CARTESIAN_POINT('',(-3.979916454748,7.366902414705,
    -4.316482704629));
#1962 = CARTESIAN_POINT('',(-4.011768390704,7.376125294197,
    -4.280271267385));
#1963 = CARTESIAN_POINT('',(-4.044048257611,7.382559292913,
    -4.243631899192));
#1964 = CARTESIAN_POINT('',(-4.076504878594,7.386138199952,
    -4.206815776922));
#1965 = CARTESIAN_POINT('',(-4.108938794955,7.389714603412,
    -4.170025408909));
#1966 = CARTESIAN_POINT('',(-4.141548826869,7.390439827395,
    -4.133058925342));
#1967 = CARTESIAN_POINT('',(-4.174079321888,7.388299349735,
    -4.09617197867));
#1968 = CARTESIAN_POINT('',(-4.206601571451,7.386159414618,
    -4.059294381678));
#1969 = CARTESIAN_POINT('',(-4.239043928893,7.381155243145,
    -4.022496676807));
#1970 = CARTESIAN_POINT('',(-4.271151844938,7.373324383629,
    -3.986033413333));
#1971 = CARTESIAN_POINT('',(-4.303289018797,7.36548638837,
    -3.949536923305));
#1972 = CARTESIAN_POINT('',(-4.335090751167,7.354816651374,
    -3.913375874767));
#1973 = CARTESIAN_POINT('',(-4.366308617206,7.34140415128,-3.87779869256
    ));
#1974 = CARTESIAN_POINT('',(-4.39754193562,7.327985012199,
    -3.842203900181));
#1975 = CARTESIAN_POINT('',(-4.428190438282,7.311820592274,
    -3.807193923555));
#1976 = CARTESIAN_POINT('',(-4.458017883787,7.293049107897,
    -3.773005004085));
#1977 = CARTESIAN_POINT('',(-4.487901409528,7.274242330209,
    -3.738751804131));
#1978 = CARTESIAN_POINT('',(-4.516960441674,7.252818952127,
    -3.70532309777));
#1979 = CARTESIAN_POINT('',(-4.544975406199,7.22896369233,
    -3.672938459031));
#1980 = CARTESIAN_POINT('',(-4.560018515039,7.21615420727,
    -3.655548979746));
#1981 = CARTESIAN_POINT('',(-4.574760924107,7.202644287306,
    -3.638460200233));
#1982 = CARTESIAN_POINT('',(-4.589171280718,7.188467479767,
    -3.621703473176));
#1983 = CARTESIAN_POINT('',(-4.616310595337,7.161768012817,
    -3.590145191876));
#1984 = CARTESIAN_POINT('',(-4.642406176691,7.132577619308,
    -3.55963064384));
#1985 = CARTESIAN_POINT('',(-4.667235813245,7.101084947778,
    -3.530382040605));
#1986 = CARTESIAN_POINT('',(-4.692029558984,7.069637798367,
    -3.501175715725));
#1987 = CARTESIAN_POINT('',(-4.715560686528,7.035895302267,
    -3.473232009041));
#1988 = CARTESIAN_POINT('',(-4.737627461167,7.000089259025,
    -3.446752655262));
#1989 = CARTESIAN_POINT('',(-4.759671651943,6.964319860866,
    -3.420300401323));
#1990 = CARTESIAN_POINT('',(-4.780254191621,6.926491490279,
    -3.395309798484));
#1991 = CARTESIAN_POINT('',(-4.799198141626,6.886874396753,
    -3.371957785317));
#1992 = CARTESIAN_POINT('',(-4.818130697959,6.847281130578,
    -3.348619817013));
#1993 = CARTESIAN_POINT('',(-4.835426385597,6.805901708771,
    -3.326918717404));
#1994 = CARTESIAN_POINT('',(-4.850936828451,6.763039254609,
    -3.307002862578));
#1995 = CARTESIAN_POINT('',(-4.866496809929,6.720039902551,
    -3.287023398735));
#1996 = CARTESIAN_POINT('',(-4.880259906283,6.675548488574,
    -3.268840820016));
#1997 = CARTESIAN_POINT('',(-4.892108300249,6.629898075856,
    -3.252572943684));
#1998 = CARTESIAN_POINT('',(-4.903926157624,6.584365316892,
    -3.236346994173));
#1999 = CARTESIAN_POINT('',(-4.913839043132,6.53768004621,-3.22202601653
    ));
#2000 = CARTESIAN_POINT('',(-4.921764358275,6.490192206648,
    -3.209692609251));
#2001 = CARTESIAN_POINT('',(-4.929720391183,6.442520308748,
    -3.197311398862));
#2002 = CARTESIAN_POINT('',(-4.935673315324,6.394040143417,
    -3.186933297241));
#2003 = CARTESIAN_POINT('',(-4.939575958739,6.345117447531,
    -3.178605476345));
#2004 = CARTESIAN_POINT('',(-4.943478602155,6.296194751646,
    -3.170277655449));
#2005 = CARTESIAN_POINT('',(-4.945330953318,6.246830078883,
    -3.164000126806));
#2006 = CARTESIAN_POINT('',(-4.945122974844,6.197392646479,
    -3.159782927799));
#2007 = PCURVE('',#2008,#2013);
#2008 = CYLINDRICAL_SURFACE('',#2009,1.2645);
#2009 = AXIS2_PLACEMENT_3D('',#2010,#2011,#2012);
#2010 = CARTESIAN_POINT('',(0.,6.124999910593,0.));
#2011 = DIRECTION('',(-0.707106781187,0.,-0.707106781187));
#2012 = DIRECTION('',(0.705947033232,-5.725008769129E-02,-0.705947033232
    ));
#2013 = DEFINITIONAL_REPRESENTATION('',(#2014),#2017);
#2014 = B_SPLINE_CURVE_WITH_KNOTS('',1,(#2015,#2016),.UNSPECIFIED.,.F.,
  .F.,(2,2),(-26.71828068856,-24.33055107436),.PIECEWISE_BEZIER_KNOTS.);
#2015 = CARTESIAN_POINT('',(5.528542488957,5.921043410071));
#2016 = CARTESIAN_POINT('',(3.14159265359,5.731033924638));
#2017 = ( GEOMETRIC_REPRESENTATION_CONTEXT(2) 
PARAMETRIC_REPRESENTATION_CONTEXT() REPRESENTATION_CONTEXT('2D SPACE',''
  ) );
#2018 = PCURVE('',#903,#2019);
#2019 = DEFINITIONAL_REPRESENTATION('',(#2020),#2023);
#2020 = B_SPLINE_CURVE_WITH_KNOTS('',1,(#2021,#2022),.UNSPECIFIED.,.F.,
  .F.,(2,2),(-26.71828068856,-24.33055107436),.PIECEWISE_BEZIER_KNOTS.);
#2021 = CARTESIAN_POINT('',(1.073420997572E-04,38.574743769434));
#2022 = CARTESIAN_POINT('',(-1.568087261675E-04,36.185911647607));
#2023 = ( GEOMETRIC_REPRESENTATION_CONTEXT(2) 
PARAMETRIC_REPRESENTATION_CONTEXT() REPRESENTATION_CONTEXT('2D SPACE',''
  ) );
#2024 = ORIENTED_EDGE('',*,*,#2025,.T.);
#2025 = EDGE_CURVE('',#1937,#2026,#2028,.T.);
#2026 = VERTEX_POINT('',#2027);
#2027 = CARTESIAN_POINT('',(-4.132203336499,7.380062677685,
    -4.350275345978));
#2028 = SURFACE_CURVE('',#2029,(#2038,#2067),.PCURVE_S1.);
#2029 = B_SPLINE_CURVE_WITH_KNOTS('',3,(#2030,#2031,#2032,#2033,#2034,
    #2035,#2036,#2037),.UNSPECIFIED.,.F.,.F.,(4,2,2,4),(0.466697596572,
    0.477868689467,0.525653569006,0.558256106037),.UNSPECIFIED.);
#2030 = CARTESIAN_POINT('',(-3.500799907114,6.936009852867,
    -4.872822591717));
#2031 = CARTESIAN_POINT('',(-3.520881218143,6.965199574862,
    -4.858395501368));
#2032 = CARTESIAN_POINT('',(-3.541712596917,6.992954161309,
    -4.843239924035));
#2033 = CARTESIAN_POINT('',(-3.654144283472,7.131132354272,
    -4.760258136077));
#2034 = CARTESIAN_POINT('',(-3.767122165306,7.228372840403,
    -4.672600317427));
#2035 = CARTESIAN_POINT('',(-3.967348122634,7.337045254232,
    -4.502389208809));
#2036 = CARTESIAN_POINT('',(-4.051334243388,7.366363544511,
    -4.427090607036));
#2037 = CARTESIAN_POINT('',(-4.132203336499,7.380062677685,
    -4.350275345978));
#2038 = PCURVE('',#2008,#2039);
#2039 = DEFINITIONAL_REPRESENTATION('',(#2040),#2066);
#2040 = B_SPLINE_CURVE_WITH_KNOTS('',3,(#2041,#2042,#2043,#2044,#2045,
    #2046,#2047,#2048,#2049,#2050,#2051,#2052,#2053,#2054,#2055,#2056,
    #2057,#2058,#2059,#2060,#2061,#2062,#2063,#2064,#2065),
  .UNSPECIFIED.,.F.,.F.,(4,1,1,1,1,1,1,1,1,1,1,1,1,1,1,1,1,1,1,1,1,1,4),
  (0.466829961849,0.470985695676,0.475141429503,0.479297163329,
    0.483452897156,0.487608630983,0.491764364809,0.495920098636,
    0.500075832463,0.50423156629,0.508387300116,0.512543033943,
    0.51669876777,0.520854501597,0.525010235423,0.52916596925,
    0.533321703077,0.537477436903,0.54163317073,0.545788904557,
    0.549944638384,0.55410037221,0.558256106037),.QUASI_UNIFORM_KNOTS.);
#2041 = CARTESIAN_POINT('',(5.528554458017,5.921187379037));
#2042 = CARTESIAN_POINT('',(5.517359857777,5.922675522093));
#2043 = CARTESIAN_POINT('',(5.495088199381,5.925652617526));
#2044 = CARTESIAN_POINT('',(5.461951828004,5.930111244044));
#2045 = CARTESIAN_POINT('',(5.429307826951,5.934513106383));
#2046 = CARTESIAN_POINT('',(5.396317775843,5.938949517319));
#2047 = CARTESIAN_POINT('',(5.362983591443,5.943399905871));
#2048 = CARTESIAN_POINT('',(5.329350339009,5.947838190663));
#2049 = CARTESIAN_POINT('',(5.295452529007,5.952239766785));
#2050 = CARTESIAN_POINT('',(5.261327836641,5.95657963385));
#2051 = CARTESIAN_POINT('',(5.227012711629,5.96083289692));
#2052 = CARTESIAN_POINT('',(5.192542823774,5.964974634735));
#2053 = CARTESIAN_POINT('',(5.157952158722,5.968979925872));
#2054 = CARTESIAN_POINT('',(5.123272626756,5.972823875884));
#2055 = CARTESIAN_POINT('',(5.088532983459,5.976481482581));
#2056 = CARTESIAN_POINT('',(5.053760063339,5.97992814777));
#2057 = CARTESIAN_POINT('',(5.018971574106,5.983137765021));
#2058 = CARTESIAN_POINT('',(4.98418451529,5.98609816224));
#2059 = CARTESIAN_POINT('',(4.949431416322,5.988799788702));
#2060 = CARTESIAN_POINT('',(4.914743481085,5.991232411851));
#2061 = CARTESIAN_POINT('',(4.880154171884,5.993385981826));
#2062 = CARTESIAN_POINT('',(4.845697469284,5.995250399811));
#2063 = CARTESIAN_POINT('',(4.811407682714,5.996815580112));
#2064 = CARTESIAN_POINT('',(4.78868148853,5.997652815707));
#2065 = CARTESIAN_POINT('',(4.777357438634,5.99801819765));
#2066 = ( GEOMETRIC_REPRESENTATION_CONTEXT(2) 
PARAMETRIC_REPRESENTATION_CONTEXT() REPRESENTATION_CONTEXT('2D SPACE',''
  ) );
#2067 = PCURVE('',#220,#2068);
#2068 = DEFINITIONAL_REPRESENTATION('',(#2069),#2095);
#2069 = B_SPLINE_CURVE_WITH_KNOTS('',3,(#2070,#2071,#2072,#2073,#2074,
    #2075,#2076,#2077,#2078,#2079,#2080,#2081,#2082,#2083,#2084,#2085,
    #2086,#2087,#2088,#2089,#2090,#2091,#2092,#2093,#2094),
  .UNSPECIFIED.,.F.,.F.,(4,1,1,1,1,1,1,1,1,1,1,1,1,1,1,1,1,1,1,1,1,1,4),
  (0.466829961849,0.470985695676,0.475141429503,0.479297163329,
    0.483452897156,0.487608630983,0.491764364809,0.495920098636,
    0.500075832463,0.50423156629,0.508387300116,0.512543033943,
    0.51669876777,0.520854501597,0.525010235423,0.52916596925,
    0.533321703077,0.537477436903,0.54163317073,0.545788904557,
    0.549944638384,0.55410037221,0.558256106037),.QUASI_UNIFORM_KNOTS.);
#2070 = CARTESIAN_POINT('',(-0.947659030656,3.437046847364));
#2071 = CARTESIAN_POINT('',(-0.946123610489,3.447897146204));
#2072 = CARTESIAN_POINT('',(-0.943009101469,3.469180784936));
#2073 = CARTESIAN_POINT('',(-0.938202771067,3.499911870461));
#2074 = CARTESIAN_POINT('',(-0.933308034396,3.529259094983));
#2075 = CARTESIAN_POINT('',(-0.928197027077,3.557893944542));
#2076 = CARTESIAN_POINT('',(-0.922874848143,3.585769293325));
#2077 = CARTESIAN_POINT('',(-0.91735391856,3.612808262217));
#2078 = CARTESIAN_POINT('',(-0.911644668921,3.638941944778));
#2079 = CARTESIAN_POINT('',(-0.905758031858,3.664099297174));
#2080 = CARTESIAN_POINT('',(-0.899704770569,3.688209852473));
#2081 = CARTESIAN_POINT('',(-0.893495654738,3.711202973532));
#2082 = CARTESIAN_POINT('',(-0.887141407421,3.733008127145));
#2083 = CARTESIAN_POINT('',(-0.880652717541,3.753554534566));
#2084 = CARTESIAN_POINT('',(-0.87404021611,3.772772295278));
#2085 = CARTESIAN_POINT('',(-0.867314529355,3.790588241386));
#2086 = CARTESIAN_POINT('',(-0.860486058303,3.806941396282));
#2087 = CARTESIAN_POINT('',(-0.853570171118,3.821853193861));
#2088 = CARTESIAN_POINT('',(-0.846582200835,3.835305052231));
#2089 = CARTESIAN_POINT('',(-0.839537488132,3.847288346315));
#2090 = CARTESIAN_POINT('',(-0.832451369683,3.85779178311));
#2091 = CARTESIAN_POINT('',(-0.825339170625,3.8668047845));
#2092 = CARTESIAN_POINT('',(-0.818216200426,3.87431658075));
#2093 = CARTESIAN_POINT('',(-0.81347055305,3.878316496059));
#2094 = CARTESIAN_POINT('',(-0.81110102613,3.880062677685));
#2095 = ( GEOMETRIC_REPRESENTATION_CONTEXT(2) 
PARAMETRIC_REPRESENTATION_CONTEXT() REPRESENTATION_CONTEXT('2D SPACE',''
  ) );
#2096 = ORIENTED_EDGE('',*,*,#2097,.F.);
#2097 = EDGE_CURVE('',#2098,#2026,#2100,.T.);
#2098 = VERTEX_POINT('',#2099);
#2099 = CARTESIAN_POINT('',(-4.893752079992,6.891508120889,
    -3.471482475769));
#2100 = SURFACE_CURVE('',#2101,(#2133,#2139),.PCURVE_S1.);
#2101 = B_SPLINE_CURVE_WITH_KNOTS('',3,(#2102,#2103,#2104,#2105,#2106,
    #2107,#2108,#2109,#2110,#2111,#2112,#2113,#2114,#2115,#2116,#2117,
    #2118,#2119,#2120,#2121,#2122,#2123,#2124,#2125,#2126,#2127,#2128,
    #2129,#2130,#2131,#2132),.UNSPECIFIED.,.F.,.F.,(4,3,3,3,3,3,3,3,3,3,
    4),(28.664343028622,28.788012849658,28.91169671067,29.035374633128,
    29.15909748098,29.185244958808,29.315470441354,29.439162141787,
    29.562824289329,29.686496430639,29.706146888994),.UNSPECIFIED.);
#2102 = CARTESIAN_POINT('',(-4.893752079992,6.891508120889,
    -3.471482475769));
#2103 = CARTESIAN_POINT('',(-4.873728559786,6.932966222197,
    -3.496145244212));
#2104 = CARTESIAN_POINT('',(-4.851886519442,6.972474086477,
    -3.522626532794));
#2105 = CARTESIAN_POINT('',(-4.828411957755,7.009724654264,
    -3.550740342718));
#2106 = CARTESIAN_POINT('',(-4.80493473105,7.04697945103,-3.578857344344
    ));
#2107 = CARTESIAN_POINT('',(-4.779824840335,7.081976103809,
    -3.608607009981));
#2108 = CARTESIAN_POINT('',(-4.753294785249,7.114443765893,
    -3.639776839989));
#2109 = CARTESIAN_POINT('',(-4.726766003977,7.146909869076,
    -3.670945173408));
#2110 = CARTESIAN_POINT('',(-4.698817454024,7.176846938678,
    -3.703533275508));
#2111 = CARTESIAN_POINT('',(-4.669684376889,7.204025138465,
    -3.737305904791));
#2112 = CARTESIAN_POINT('',(-4.640540717307,7.231213210599,
    -3.771090801815));
#2113 = CARTESIAN_POINT('',(-4.610211953517,7.255640173133,
    -3.806060803046));
#2114 = CARTESIAN_POINT('',(-4.578952296511,7.277120858445,
    -3.841961697493));
#2115 = CARTESIAN_POINT('',(-4.572345908099,7.281660567583,
    -3.849548960944));
#2116 = CARTESIAN_POINT('',(-4.565697999706,7.286068850096,
    -3.857177744375));
#2117 = CARTESIAN_POINT('',(-4.5590110588,7.290344228964,-3.864845560319
    ));
#2118 = CARTESIAN_POINT('',(-4.525707268966,7.311637421362,-3.9030345221
    ));
#2119 = CARTESIAN_POINT('',(-4.491410767914,7.329643050244,
    -3.942216195099));
#2120 = CARTESIAN_POINT('',(-4.456435199177,7.344201439863,
    -3.982076935782));
#2121 = CARTESIAN_POINT('',(-4.423214454004,7.35802939375,
    -4.019937749958));
#2122 = CARTESIAN_POINT('',(-4.389381507316,7.368747649574,
    -4.058410765648));
#2123 = CARTESIAN_POINT('',(-4.355215866928,7.376270627462,
    -4.09721647504));
#2124 = CARTESIAN_POINT('',(-4.321058389524,7.383791807931,
    -4.136012912824));
#2125 = CARTESIAN_POINT('',(-4.286568702166,7.388119166685,
    -4.175141560562));
#2126 = CARTESIAN_POINT('',(-4.252031702961,7.389218669435,
    -4.214317520147));
#2127 = CARTESIAN_POINT('',(-4.217491912645,7.390318261041,
    -4.253496645741));
#2128 = CARTESIAN_POINT('',(-4.182905131413,7.388189466192,
    -4.292722762251));
#2129 = CARTESIAN_POINT('',(-4.148557012612,7.382850339692,
    -4.331710216331));
#2130 = CARTESIAN_POINT('',(-4.14309938674,7.382001997601,
    -4.337904993381));
#2131 = CARTESIAN_POINT('',(-4.137647781728,7.381072712533,
    -4.344093749571));
#2132 = CARTESIAN_POINT('',(-4.1322033365,7.380062677685,-4.350275345978
    ));
#2133 = PCURVE('',#2008,#2134);
#2134 = DEFINITIONAL_REPRESENTATION('',(#2135),#2138);
#2135 = B_SPLINE_CURVE_WITH_KNOTS('',1,(#2136,#2137),.UNSPECIFIED.,.F.,
  .F.,(2,2),(28.664343028622,29.706146888994),.PIECEWISE_BEZIER_KNOTS.);
#2136 = CARTESIAN_POINT('',(3.735553578262,5.915114080595));
#2137 = CARTESIAN_POINT('',(4.777357438634,5.99801819765));
#2138 = ( GEOMETRIC_REPRESENTATION_CONTEXT(2) 
PARAMETRIC_REPRESENTATION_CONTEXT() REPRESENTATION_CONTEXT('2D SPACE',''
  ) );
#2139 = PCURVE('',#2140,#2161);
#2140 = B_SPLINE_SURFACE_WITH_KNOTS('',3,3,(
    (#2141,#2142,#2143,#2144,#2145)
    ,(#2146,#2147,#2148,#2149,#2150)
    ,(#2151,#2152,#2153,#2154,#2155)
    ,(#2156,#2157,#2158,#2159,#2160
    )),.UNSPECIFIED.,.F.,.F.,.F.,(4,4),(4,1,4),(2.751844805384E-02,
    3.217887423096E-02),(43.062722691357,43.58364508578,44.104567480203)
  ,.UNSPECIFIED.);
#2141 = CARTESIAN_POINT('',(-4.932765539047,6.915844964477,
    -3.465276199201));
#2142 = CARTESIAN_POINT('',(-4.845434319987,7.096027171046,
    -3.572148873725));
#2143 = CARTESIAN_POINT('',(-4.603029087816,7.38305695041,
    -3.853637016825));
#2144 = CARTESIAN_POINT('',(-4.294351252729,7.447573794629,
    -4.201397762842));
#2145 = CARTESIAN_POINT('',(-4.145125549003,7.419942774517,
    -4.370164922033));
#2146 = CARTESIAN_POINT('',(-4.919707025242,6.907690014034,
    -3.467349983162));
#2147 = CARTESIAN_POINT('',(-4.833377091529,7.086014237223,
    -3.57322137234));
#2148 = CARTESIAN_POINT('',(-4.593672972864,7.37008425397,
    -3.852008401934));
#2149 = CARTESIAN_POINT('',(-4.288379633938,7.433935820376,
    -4.196384651789));
#2150 = CARTESIAN_POINT('',(-4.140793452408,7.406589722828,
    -4.363512288784));
#2151 = CARTESIAN_POINT('',(-4.906648511436,6.89953506359,
    -3.469423767124));
#2152 = CARTESIAN_POINT('',(-4.82131986307,7.0760013034,-3.574293870955)
  );
#2153 = CARTESIAN_POINT('',(-4.584316857912,7.35711155753,
    -3.850379787043));
#2154 = CARTESIAN_POINT('',(-4.282408015148,7.420297846124,
    -4.191371540736));
#2155 = CARTESIAN_POINT('',(-4.136461355813,7.393236671138,
    -4.356859655536));
#2156 = CARTESIAN_POINT('',(-4.893589997631,6.891380113146,
    -3.471497551086));
#2157 = CARTESIAN_POINT('',(-4.809262634611,7.065988369578,
    -3.57536636957));
#2158 = CARTESIAN_POINT('',(-4.57496074296,7.34413886109,-3.848751172151
    ));
#2159 = CARTESIAN_POINT('',(-4.276436396357,7.406659871871,
    -4.186358429683));
#2160 = CARTESIAN_POINT('',(-4.132129259218,7.379883619449,
    -4.350207022287));
#2161 = DEFINITIONAL_REPRESENTATION('',(#2162),#2166);
#2162 = LINE('',#2163,#2164);
#2163 = CARTESIAN_POINT('',(3.215840999388E-02,14.398400126972));
#2164 = VECTOR('',#2165,1.);
#2165 = DIRECTION('',(-5.195159521789E-16,1.));
#2166 = ( GEOMETRIC_REPRESENTATION_CONTEXT(2) 
PARAMETRIC_REPRESENTATION_CONTEXT() REPRESENTATION_CONTEXT('2D SPACE',''
  ) );
#2167 = ORIENTED_EDGE('',*,*,#2168,.T.);
#2168 = EDGE_CURVE('',#2098,#2169,#2171,.T.);
#2169 = VERTEX_POINT('',#2170);
#2170 = CARTESIAN_POINT('',(-5.040336865146,6.197392646479,
    -3.254996818101));
#2171 = SURFACE_CURVE('',#2172,(#2179,#2185),.PCURVE_S1.);
#2172 = B_SPLINE_CURVE_WITH_KNOTS('',3,(#2173,#2174,#2175,#2176,#2177,
    #2178),.UNSPECIFIED.,.F.,.F.,(4,2,4),(0.685722692254,0.716796402839,
    0.757407277005),.UNSPECIFIED.);
#2173 = CARTESIAN_POINT('',(-4.893752079992,6.891508120889,
    -3.471482475769));
#2174 = CARTESIAN_POINT('',(-4.931791002307,6.806467490299,
    -3.417858971547));
#2175 = CARTESIAN_POINT('',(-4.963554608404,6.710807602989,
    -3.371195537534));
#2176 = CARTESIAN_POINT('',(-5.018473685192,6.4772516144,-3.289081025838
    ));
#2177 = CARTESIAN_POINT('',(-5.035959879317,6.334940682529,
    -3.261774546089));
#2178 = CARTESIAN_POINT('',(-5.040336865146,6.197392646479,
    -3.254996818101));
#2179 = PCURVE('',#2008,#2180);
#2180 = DEFINITIONAL_REPRESENTATION('',(#2181),#2184);
#2181 = B_SPLINE_CURVE_WITH_KNOTS('',1,(#2182,#2183),.UNSPECIFIED.,.F.,
  .F.,(2,2),(0.685722692254,0.757407277005),.PIECEWISE_BEZIER_KNOTS.);
#2182 = CARTESIAN_POINT('',(3.735553578262,5.915114080595));
#2183 = CARTESIAN_POINT('',(3.14159265359,5.865686699629));
#2184 = ( GEOMETRIC_REPRESENTATION_CONTEXT(2) 
PARAMETRIC_REPRESENTATION_CONTEXT() REPRESENTATION_CONTEXT('2D SPACE',''
  ) );
#2185 = PCURVE('',#220,#2186);
#2186 = DEFINITIONAL_REPRESENTATION('',(#2187),#2213);
#2187 = B_SPLINE_CURVE_WITH_KNOTS('',3,(#2188,#2189,#2190,#2191,#2192,
    #2193,#2194,#2195,#2196,#2197,#2198,#2199,#2200,#2201,#2202,#2203,
    #2204,#2205,#2206,#2207,#2208,#2209,#2210,#2211,#2212),
  .UNSPECIFIED.,.F.,.F.,(4,1,1,1,1,1,1,1,1,1,1,1,1,1,1,1,1,1,1,1,1,1,4),
  (0.685722692254,0.68898108247,0.692239472686,0.695497862902,
    0.698756253118,0.702014643334,0.70527303355,0.708531423766,
    0.711789813982,0.715048204198,0.718306594414,0.721564984629,
    0.724823374845,0.728081765061,0.731340155277,0.734598545493,
    0.737856935709,0.741115325925,0.744373716141,0.747632106357,
    0.750890496573,0.754148886789,0.757407277005),
  .QUASI_UNIFORM_KNOTS.);
#2188 = CARTESIAN_POINT('',(-0.616987124489,3.391508120889));
#2189 = CARTESIAN_POINT('',(-0.615838116754,3.382590757837));
#2190 = CARTESIAN_POINT('',(-0.61357421298,3.364522500979));
#2191 = CARTESIAN_POINT('',(-0.610285649127,3.336754374313));
#2192 = CARTESIAN_POINT('',(-0.607109330783,3.308355356941));
#2193 = CARTESIAN_POINT('',(-0.604050222218,3.279360300256));
#2194 = CARTESIAN_POINT('',(-0.601113293556,3.249804052981));
#2195 = CARTESIAN_POINT('',(-0.59830352285,3.219721473796));
#2196 = CARTESIAN_POINT('',(-0.595625889656,3.189147384221));
#2197 = CARTESIAN_POINT('',(-0.593085396147,3.158116744465));
#2198 = CARTESIAN_POINT('',(-0.590686986854,3.126663997135));
#2199 = CARTESIAN_POINT('',(-0.588435846606,3.094825516561));
#2200 = CARTESIAN_POINT('',(-0.586336971556,3.062620030814));
#2201 = CARTESIAN_POINT('',(-0.584390144211,3.030095930648));
#2202 = CARTESIAN_POINT('',(-0.582595944946,2.997298246163));
#2203 = CARTESIAN_POINT('',(-0.580954741783,2.964272907944));
#2204 = CARTESIAN_POINT('',(-0.579466961531,2.931065605291));
#2205 = CARTESIAN_POINT('',(-0.578133017447,2.897722092156));
#2206 = CARTESIAN_POINT('',(-0.576953328817,2.864288105169));
#2207 = CARTESIAN_POINT('',(-0.575928315768,2.830809385599));
#2208 = CARTESIAN_POINT('',(-0.575058400583,2.797331673474));
#2209 = CARTESIAN_POINT('',(-0.57434400716,2.763900709154));
#2210 = CARTESIAN_POINT('',(-0.573785560744,2.73056223291));
#2211 = CARTESIAN_POINT('',(-0.57351751209,2.708428734327));
#2212 = CARTESIAN_POINT('',(-0.573409621017,2.697392646479));
#2213 = ( GEOMETRIC_REPRESENTATION_CONTEXT(2) 
PARAMETRIC_REPRESENTATION_CONTEXT() REPRESENTATION_CONTEXT('2D SPACE',''
  ) );
#2214 = ORIENTED_EDGE('',*,*,#2215,.F.);
#2215 = EDGE_CURVE('',#1939,#2169,#2216,.T.);
#2216 = SURFACE_CURVE('',#2217,(#2221,#2228),.PCURVE_S1.);
#2217 = LINE('',#2218,#2219);
#2218 = CARTESIAN_POINT('',(-0.892670023522,6.197392646479,
    0.892670023522));
#2219 = VECTOR('',#2220,1.);
#2220 = DIRECTION('',(-0.707106781187,0.,-0.707106781187));
#2221 = PCURVE('',#2008,#2222);
#2222 = DEFINITIONAL_REPRESENTATION('',(#2223),#2227);
#2223 = LINE('',#2224,#2225);
#2224 = CARTESIAN_POINT('',(3.14159265359,-8.881784197001E-16));
#2225 = VECTOR('',#2226,1.);
#2226 = DIRECTION('',(6.596064728379E-15,1.));
#2227 = ( GEOMETRIC_REPRESENTATION_CONTEXT(2) 
PARAMETRIC_REPRESENTATION_CONTEXT() REPRESENTATION_CONTEXT('2D SPACE',''
  ) );
#2228 = PCURVE('',#2229,#2234);
#2229 = CYLINDRICAL_SURFACE('',#2230,1.2645);
#2230 = AXIS2_PLACEMENT_3D('',#2231,#2232,#2233);
#2231 = CARTESIAN_POINT('',(0.,6.124999910593,0.));
#2232 = DIRECTION('',(-0.707106781187,0.,-0.707106781187));
#2233 = DIRECTION('',(0.705947033232,-5.725008769129E-02,-0.705947033232
    ));
#2234 = DEFINITIONAL_REPRESENTATION('',(#2235),#2239);
#2235 = LINE('',#2236,#2237);
#2236 = CARTESIAN_POINT('',(9.424777960769,-8.881784197001E-16));
#2237 = VECTOR('',#2238,1.);
#2238 = DIRECTION('',(6.596064728379E-15,1.));
#2239 = ( GEOMETRIC_REPRESENTATION_CONTEXT(2) 
PARAMETRIC_REPRESENTATION_CONTEXT() REPRESENTATION_CONTEXT('2D SPACE',''
  ) );
#2240 = ADVANCED_FACE('',(#2241),#2229,.F.);
#2241 = FACE_BOUND('',#2242,.F.);
#2242 = EDGE_LOOP('',(#2243,#2357,#2419,#2420,#2442,#2849));
#2243 = ORIENTED_EDGE('',*,*,#2244,.F.);
#2244 = EDGE_CURVE('',#2245,#2247,#2249,.T.);
#2245 = VERTEX_POINT('',#2246);
#2246 = CARTESIAN_POINT('',(-3.96043763835,4.860500028426,
    -3.961209649209));
#2247 = VERTEX_POINT('',#2248);
#2248 = CARTESIAN_POINT('',(-4.591282294125,6.197392795915,
    -2.805942259199));
#2249 = SURFACE_CURVE('',#2250,(#2345,#2351),.PCURVE_S1.);
#2250 = B_SPLINE_CURVE_WITH_KNOTS('',3,(#2251,#2252,#2253,#2254,#2255,
    #2256,#2257,#2258,#2259,#2260,#2261,#2262,#2263,#2264,#2265,#2266,
    #2267,#2268,#2269,#2270,#2271,#2272,#2273,#2274,#2275,#2276,#2277,
    #2278,#2279,#2280,#2281,#2282,#2283,#2284,#2285,#2286,#2287,#2288,
    #2289,#2290,#2291,#2292,#2293,#2294,#2295,#2296,#2297,#2298,#2299,
    #2300,#2301,#2302,#2303,#2304,#2305,#2306,#2307,#2308,#2309,#2310,
    #2311,#2312,#2313,#2314,#2315,#2316,#2317,#2318,#2319,#2320,#2321,
    #2322,#2323,#2324,#2325,#2326,#2327,#2328,#2329,#2330,#2331,#2332,
    #2333,#2334,#2335,#2336,#2337,#2338,#2339,#2340,#2341,#2342,#2343,
    #2344),.UNSPECIFIED.,.F.,.F.,(4,2,2,2,2,2,2,2,2,2,2,2,2,2,2,2,2,2,2,
    2,2,2,2,2,2,2,2,2,2,2,2,2,2,2,2,2,2,2,2,2,2,2,2,2,2,2,4),(
    -1.592797858473,-1.557561763603,-1.545961417462,-1.540736894425,
    -1.535278706857,-1.523833233995,-1.500330218473,-1.485703435547,
    -1.477090641666,-1.468028412669,-1.45003156299,-1.430641763958,
    -1.422893709563,-1.416620039517,-1.41170580137,-1.403118337361,
    -1.379018356919,-1.361427560365,-1.352566569934,-1.343840116477,
    -1.327884064672,-1.305742060903,-1.294301924816,-1.289075570733,
    -1.283571119458,-1.27139163396,-1.248530072768,-1.23408887865,
    -1.225515497114,-1.216467731933,-1.198797644702,-1.179078987147,
    -1.168224944894,-1.163066570115,-1.157467266018,-1.143575952599,
    -1.12205925244,-1.107994180876,-1.09945083045,-1.090316864227,
    -1.067366252553,-1.051591689598,-1.041884561408,-1.036855487644,
    -1.031002852478,-1.016309343079,-1.002851289754),.UNSPECIFIED.);
#2251 = CARTESIAN_POINT('',(-3.959754108006,4.860500003316,
    -3.960438938663));
#2252 = CARTESIAN_POINT('',(-3.871876922544,4.860544904238,
    -4.038375625238));
#2253 = CARTESIAN_POINT('',(-3.784791876802,4.87689522486,
    -4.116285238744));
#2254 = CARTESIAN_POINT('',(-3.672407440498,4.919684216611,
    -4.215849252383));
#2255 = CARTESIAN_POINT('',(-3.644905264537,4.931975374884,
    -4.240123417785));
#2256 = CARTESIAN_POINT('',(-3.605571476912,4.952200585457,
    -4.274606820521));
#2257 = CARTESIAN_POINT('',(-3.593439119699,4.958814257924,
    -4.285209853991));
#2258 = CARTESIAN_POINT('',(-3.568807562791,4.97301008784,
    -4.306655007903));
#2259 = CARTESIAN_POINT('',(-3.556319720032,4.980620512392,
    -4.317484198112));
#2260 = CARTESIAN_POINT('',(-3.517982962086,5.005278996875,
    -4.350611081204));
#2261 = CARTESIAN_POINT('',(-3.492522258511,5.023510647989,
    -4.372443420775));
#2262 = CARTESIAN_POINT('',(-3.416606816624,5.083695881643,
    -4.437151912056));
#2263 = CARTESIAN_POINT('',(-3.368236461762,5.130287516607,
    -4.477847855848));
#2264 = CARTESIAN_POINT('',(-3.295333934579,5.214826246173,
    -4.538644870843));
#2265 = CARTESIAN_POINT('',(-3.268754304126,5.249324518554,
    -4.560668165987));
#2266 = CARTESIAN_POINT('',(-3.228943928247,5.307153540397,
    -4.59342813079));
#2267 = CARTESIAN_POINT('',(-3.214729275013,5.329226969547,
    -4.605072324767));
#2268 = CARTESIAN_POINT('',(-3.18671067194,5.37576476249,-4.627901920281
    ));
#2269 = CARTESIAN_POINT('',(-3.172976134746,5.400278410151,
    -4.639024151389));
#2270 = CARTESIAN_POINT('',(-3.13391124783,5.475285635549,
    -4.670412569695));
#2271 = CARTESIAN_POINT('',(-3.110553093635,5.527465808801,
    -4.688843843038));
#2272 = CARTESIAN_POINT('',(-3.067681143504,5.6398172714,-4.721599221208
    ));
#2273 = CARTESIAN_POINT('',(-3.048670674737,5.700120943398,
    -4.735443865013));
#2274 = CARTESIAN_POINT('',(-3.026601764013,5.78663037603,-4.75004666484
    ));
#2275 = CARTESIAN_POINT('',(-3.020823623716,5.811548723107,
    -4.753667127137));
#2276 = CARTESIAN_POINT('',(-3.011307430186,5.856976984377,
    -4.759197448402));
#2277 = CARTESIAN_POINT('',(-3.007391927241,5.877416069002,
    -4.761300798956));
#2278 = CARTESIAN_POINT('',(-3.001015281608,5.914033811383,
    -4.764376205734));
#2279 = CARTESIAN_POINT('',(-2.99842296531,5.930170945141,
    -4.765493495788));
#2280 = CARTESIAN_POINT('',(-2.991879844355,5.974631728731,
    -4.76792354255));
#2281 = CARTESIAN_POINT('',(-2.988364781544,6.003036429397,
    -4.768758467977));
#2282 = CARTESIAN_POINT('',(-2.977508528976,6.111450572079,
    -4.769267960074));
#2283 = CARTESIAN_POINT('',(-2.974757922457,6.191763899046,
    -4.764130552744));
#2284 = CARTESIAN_POINT('',(-2.979430773137,6.329487890712,
    -4.746104268087));
#2285 = CARTESIAN_POINT('',(-2.98429924993,6.387064357487,-4.73570254886
    ));
#2286 = CARTESIAN_POINT('',(-2.995948922707,6.47221808276,
    -4.715988850982));
#2287 = CARTESIAN_POINT('',(-3.000577600391,6.500476680126,
    -4.708703221535));
#2288 = CARTESIAN_POINT('',(-3.011185358283,6.555933124819,
    -4.692910512158));
#2289 = CARTESIAN_POINT('',(-3.017139615129,6.583123613402,
    -4.684428472642));
#2290 = CARTESIAN_POINT('',(-3.035892720377,6.658974000543,
    -4.658637805302));
#2291 = CARTESIAN_POINT('',(-3.050257364521,6.70667943224,
    -4.639866711873));
#2292 = CARTESIAN_POINT('',(-3.089586115407,6.81674015135,
    -4.590176412405));
#2293 = CARTESIAN_POINT('',(-3.116423348195,6.877382770172,
    -4.557471246328));
#2294 = CARTESIAN_POINT('',(-3.162376963656,6.963271020327,
    -4.502310639265));
#2295 = CARTESIAN_POINT('',(-3.178929653102,6.991412331346,
    -4.482569606475));
#2296 = CARTESIAN_POINT('',(-3.204226794632,7.030657200876,
    -4.45246354733));
#2297 = CARTESIAN_POINT('',(-3.212326228559,7.042708512943,
    -4.442833027862));
#2298 = CARTESIAN_POINT('',(-3.229280577983,7.066912711208,
    -4.422675630494));
#2299 = CARTESIAN_POINT('',(-3.238150892519,7.079033738173,
    -4.412131270638));
#2300 = CARTESIAN_POINT('',(-3.267194548902,7.117000413284,
    -4.377632870792));
#2301 = CARTESIAN_POINT('',(-3.288015505015,7.141644766836,
    -4.352942071259));
#2302 = CARTESIAN_POINT('',(-3.350144164217,7.207975772516,
    -4.27955758483));
#2303 = CARTESIAN_POINT('',(-3.393294738262,7.245527998179,
    -4.228949474594));
#2304 = CARTESIAN_POINT('',(-3.467298910211,7.29671135866,-4.14310925383
    ));
#2305 = CARTESIAN_POINT('',(-3.496767586077,7.314018662759,
    -4.109144704704));
#2306 = CARTESIAN_POINT('',(-3.544816503601,7.337468774129,
    -4.054116091075));
#2307 = CARTESIAN_POINT('',(-3.562941423131,7.3452837608,-4.033433334859
    ));
#2308 = CARTESIAN_POINT('',(-3.600589825261,7.359425827343,
    -3.990613400207));
#2309 = CARTESIAN_POINT('',(-3.62012282172,7.36564199446,-3.968473192159
    ));
#2310 = CARTESIAN_POINT('',(-3.67827345791,7.380875655329,
    -3.902745928756));
#2311 = CARTESIAN_POINT('',(-3.717267280697,7.386898076445,
    -3.858913795615));
#2312 = CARTESIAN_POINT('',(-3.800153734361,7.390970312474,
    -3.765912903841));
#2313 = CARTESIAN_POINT('',(-3.843957528031,7.388008261205,
    -3.716863031128));
#2314 = CARTESIAN_POINT('',(-3.911157782787,7.375536827115,
    -3.641259834375));
#2315 = CARTESIAN_POINT('',(-3.934842296939,7.369575472236,
    -3.614541714855));
#2316 = CARTESIAN_POINT('',(-3.969386586197,7.358543868354,
    -3.575370982232));
#2317 = CARTESIAN_POINT('',(-3.980450720713,7.354648675939,
    -3.562793638561));
#2318 = CARTESIAN_POINT('',(-4.003369991347,7.345818496472,
    -3.536659601501));
#2319 = CARTESIAN_POINT('',(-4.015209170816,7.340824337193,
    -3.523115313766));
#2320 = CARTESIAN_POINT('',(-4.056087074175,7.322067752989,
    -3.47621747815));
#2321 = CARTESIAN_POINT('',(-4.084605174318,7.306285816142,
    -3.443264950772));
#2322 = CARTESIAN_POINT('',(-4.155503596342,7.260090795361,
    -3.360958844464));
#2323 = CARTESIAN_POINT('',(-4.196786683168,7.226478774775,
    -3.312674104983));
#2324 = CARTESIAN_POINT('',(-4.261487144582,7.162330779886,
    -3.236700378173));
#2325 = CARTESIAN_POINT('',(-4.286090288499,7.13480888837,
    -3.207724870878));
#2326 = CARTESIAN_POINT('',(-4.323897702209,7.087290845803,
    -3.163066635998));
#2327 = CARTESIAN_POINT('',(-4.33777386227,7.068595615385,
    -3.146643656033));
#2328 = CARTESIAN_POINT('',(-4.365581707733,7.028448579883,
    -3.113651561604));
#2329 = CARTESIAN_POINT('',(-4.379441603654,7.006909039791,
    -3.097161939411));
#2330 = CARTESIAN_POINT('',(-4.426224092214,6.928599273871,
    -3.041289309758));
#2331 = CARTESIAN_POINT('',(-4.456175163606,6.867992141476,
    -3.005135368196));
#2332 = CARTESIAN_POINT('',(-4.49986656635,6.75922580771,-2.951012453956
    ));
#2333 = CARTESIAN_POINT('',(-4.515699908212,6.713210663122,
    -2.930944671311));
#2334 = CARTESIAN_POINT('',(-4.537821461947,6.636550224863,
    -2.901777307252));
#2335 = CARTESIAN_POINT('',(-4.5454296449,6.606830505932,-2.89143878596)
  );
#2336 = CARTESIAN_POINT('',(-4.555678441852,6.561029708833,
    -2.876918001051));
#2337 = CARTESIAN_POINT('',(-4.558944923107,6.545282617413,
    -2.872171246927));
#2338 = CARTESIAN_POINT('',(-4.565502979701,6.510976483673,
    -2.862352030466));
#2339 = CARTESIAN_POINT('',(-4.568710817272,6.492385056835,
    -2.857356066722));
#2340 = CARTESIAN_POINT('',(-4.578854973194,6.426678960033,
    -2.840844786193));
#2341 = CARTESIAN_POINT('',(-4.584096851001,6.37895115337,
    -2.830895259779));
#2342 = CARTESIAN_POINT('',(-4.590326961332,6.286555784455,
    -2.815579651314));
#2343 = CARTESIAN_POINT('',(-4.591630463158,6.24204854868,-2.80991187706
    ));
#2344 = CARTESIAN_POINT('',(-4.591282294125,6.197392795915,
    -2.805942259199));
#2345 = PCURVE('',#2229,#2346);
#2346 = DEFINITIONAL_REPRESENTATION('',(#2347),#2350);
#2347 = B_SPLINE_CURVE_WITH_KNOTS('',1,(#2348,#2349),.UNSPECIFIED.,.F.,
  .F.,(2,2),(-1.592797858473,-1.002851289754),.PIECEWISE_BEZIER_KNOTS.);
#2348 = CARTESIAN_POINT('',(7.796317270079,5.600422211606));
#2349 = CARTESIAN_POINT('',(3.141592771962,5.230627643615));
#2350 = ( GEOMETRIC_REPRESENTATION_CONTEXT(2) 
PARAMETRIC_REPRESENTATION_CONTEXT() REPRESENTATION_CONTEXT('2D SPACE',''
  ) );
#2351 = PCURVE('',#903,#2352);
#2352 = DEFINITIONAL_REPRESENTATION('',(#2353),#2356);
#2353 = B_SPLINE_CURVE_WITH_KNOTS('',1,(#2354,#2355),.UNSPECIFIED.,.F.,
  .F.,(2,2),(-1.592797858473,-1.002851289754),.PIECEWISE_BEZIER_KNOTS.);
#2354 = CARTESIAN_POINT('',(2.064329109273E-04,34.557567707739));
#2355 = CARTESIAN_POINT('',(6.241704081138E-05,29.901543331193));
#2356 = ( GEOMETRIC_REPRESENTATION_CONTEXT(2) 
PARAMETRIC_REPRESENTATION_CONTEXT() REPRESENTATION_CONTEXT('2D SPACE',''
  ) );
#2357 = ORIENTED_EDGE('',*,*,#2358,.F.);
#2358 = EDGE_CURVE('',#1939,#2245,#2359,.T.);
#2359 = SURFACE_CURVE('',#2360,(#2407,#2413),.PCURVE_S1.);
#2360 = B_SPLINE_CURVE_WITH_KNOTS('',3,(#2361,#2362,#2363,#2364,#2365,
    #2366,#2367,#2368,#2369,#2370,#2371,#2372,#2373,#2374,#2375,#2376,
    #2377,#2378,#2379,#2380,#2381,#2382,#2383,#2384,#2385,#2386,#2387,
    #2388,#2389,#2390,#2391,#2392,#2393,#2394,#2395,#2396,#2397,#2398,
    #2399,#2400,#2401,#2402,#2403,#2404,#2405,#2406),.UNSPECIFIED.,.F.,
  .F.,(4,3,3,3,3,3,3,3,3,3,3,3,3,3,3,4),(-24.33055107436,-24.27928351081
    ,-24.16139040284,-24.04370535541,-23.92613446028,-23.80862813073,
    -23.69113688641,-23.57352872087,-23.455854447,-23.33796453009,
    -23.28640154488,-23.1667957433,-23.04745590189,-22.92827296981,
    -22.80920082628,-22.7021579259),.UNSPECIFIED.);
#2361 = CARTESIAN_POINT('',(-4.945122974844,6.197392646479,
    -3.159782927799));
#2362 = CARTESIAN_POINT('',(-4.945032586121,6.175906834503,
    -3.157950107191));
#2363 = CARTESIAN_POINT('',(-4.944553512066,6.154407274398,
    -3.156505971915));
#2364 = CARTESIAN_POINT('',(-4.943687105252,6.132924075332,
    -3.155449169398));
#2365 = CARTESIAN_POINT('',(-4.941694746242,6.083522057133,
    -3.153018983047));
#2366 = CARTESIAN_POINT('',(-4.937652616414,6.033998208659,
    -3.152638567514));
#2367 = CARTESIAN_POINT('',(-4.931551698269,5.984719628556,
    -3.154316940297));
#2368 = CARTESIAN_POINT('',(-4.925461547168,5.935528016453,
    -3.155992351049));
#2369 = CARTESIAN_POINT('',(-4.917319857481,5.886581352342,
    -3.159719300387));
#2370 = CARTESIAN_POINT('',(-4.907154374719,5.838245496548,-3.1654700428
    ));
#2371 = CARTESIAN_POINT('',(-4.896998752286,5.789956525634,
    -3.171215207101));
#2372 = CARTESIAN_POINT('',(-4.884823310934,5.742277718995,
    -3.17898019032));
#2373 = CARTESIAN_POINT('',(-4.870692104017,5.695566434281,
    -3.188700939104));
#2374 = CARTESIAN_POINT('',(-4.856568657435,5.648880801673,
    -3.198416349613));
#2375 = CARTESIAN_POINT('',(-4.840491704367,5.603162150497,
    -3.210085266608));
#2376 = CARTESIAN_POINT('',(-4.822560349396,5.558751839182,
    -3.223608585506));
#2377 = CARTESIAN_POINT('',(-4.804631296418,5.514347229177,
    -3.237130168307));
#2378 = CARTESIAN_POINT('',(-4.784848487895,5.471251112472,
    -3.252505506652));
#2379 = CARTESIAN_POINT('',(-4.763344033781,5.429781706667,
    -3.269602490588));
#2380 = CARTESIAN_POINT('',(-4.741818179544,5.38827103265,
    -3.286716488561));
#2381 = CARTESIAN_POINT('',(-4.718567472815,5.348390757014,
    -3.305555339026));
#2382 = CARTESIAN_POINT('',(-4.693754594116,5.310429933628,
    -3.32595636146));
#2383 = CARTESIAN_POINT('',(-4.668927767931,5.272447772209,
    -3.346368851447));
#2384 = CARTESIAN_POINT('',(-4.642537286988,5.236387607692,
    -3.368344996191));
#2385 = CARTESIAN_POINT('',(-4.614772572255,5.202502574856,
    -3.391695374726));
#2386 = CARTESIAN_POINT('',(-4.586956977518,5.168555446276,
    -3.415088543809));
#2387 = CARTESIAN_POINT('',(-4.557762419919,5.136791753084,
    -3.439860675753));
#2388 = CARTESIAN_POINT('',(-4.527401515629,5.107424132921,
    -3.465799154389));
#2389 = CARTESIAN_POINT('',(-4.514122187762,5.094579250138,
    -3.477144190718));
#2390 = CARTESIAN_POINT('',(-4.50061999077,5.08219217601,-3.488712096173
    ));
#2391 = CARTESIAN_POINT('',(-4.486913799193,5.070277970034,
    -3.500483996213));
#2392 = CARTESIAN_POINT('',(-4.455120837178,5.042641708284,
    -3.527790164283));
#2393 = CARTESIAN_POINT('',(-4.422103125648,5.017434993978,
    -3.556321081869));
#2394 = CARTESIAN_POINT('',(-4.388078338062,4.99487497175,-3.58585907551
    ));
#2395 = CARTESIAN_POINT('',(-4.354129209334,4.972365114876,
    -3.615331387305));
#2396 = CARTESIAN_POINT('',(-4.319177779535,4.952490497143,
    -3.645806000172));
#2397 = CARTESIAN_POINT('',(-4.283461092033,4.935424129193,
    -3.677045870742));
#2398 = CARTESIAN_POINT('',(-4.24779136522,4.918380200289,
    -3.708244666789));
#2399 = CARTESIAN_POINT('',(-4.21135872147,4.904137379664,
    -3.740206379774));
#2400 = CARTESIAN_POINT('',(-4.174415330846,4.892821292935,
    -3.772678839633));
#2401 = CARTESIAN_POINT('',(-4.13750628159,4.88151572527,-3.805121114155
    ));
#2402 = CARTESIAN_POINT('',(-4.100087786789,4.873131615433,
    -3.838072834221));
#2403 = CARTESIAN_POINT('',(-4.06242223921,4.867744579359,
    -3.871271607067));
#2404 = CARTESIAN_POINT('',(-4.0285618472,4.862901767693,-3.901116479504
    ));
#2405 = CARTESIAN_POINT('',(-3.994502124736,4.860480456941,
    -3.931160682396));
#2406 = CARTESIAN_POINT('',(-3.96043763835,4.860500028426,
    -3.961209649209));
#2407 = PCURVE('',#2229,#2408);
#2408 = DEFINITIONAL_REPRESENTATION('',(#2409),#2412);
#2409 = B_SPLINE_CURVE_WITH_KNOTS('',1,(#2410,#2411),.UNSPECIFIED.,.F.,
  .F.,(2,2),(-24.33055107436,-22.7021579259),.PIECEWISE_BEZIER_KNOTS.);
#2410 = CARTESIAN_POINT('',(9.424777960769,5.731033924638));
#2411 = CARTESIAN_POINT('',(7.796268519018,5.601450515201));
#2412 = ( GEOMETRIC_REPRESENTATION_CONTEXT(2) 
PARAMETRIC_REPRESENTATION_CONTEXT() REPRESENTATION_CONTEXT('2D SPACE',''
  ) );
#2413 = PCURVE('',#903,#2414);
#2414 = DEFINITIONAL_REPRESENTATION('',(#2415),#2418);
#2415 = B_SPLINE_CURVE_WITH_KNOTS('',1,(#2416,#2417),.UNSPECIFIED.,.F.,
  .F.,(2,2),(-24.33055107436,-22.7021579259),.PIECEWISE_BEZIER_KNOTS.);
#2416 = CARTESIAN_POINT('',(-1.568087261674E-04,36.185911647607));
#2417 = CARTESIAN_POINT('',(1.54854158336E-04,34.557555598753));
#2418 = ( GEOMETRIC_REPRESENTATION_CONTEXT(2) 
PARAMETRIC_REPRESENTATION_CONTEXT() REPRESENTATION_CONTEXT('2D SPACE',''
  ) );
#2419 = ORIENTED_EDGE('',*,*,#2215,.T.);
#2420 = ORIENTED_EDGE('',*,*,#2421,.T.);
#2421 = EDGE_CURVE('',#2169,#2422,#2424,.T.);
#2422 = VERTEX_POINT('',#2423);
#2423 = CARTESIAN_POINT('',(-5.041257099257,6.157406260494,
    -3.253571400659));
#2424 = SURFACE_CURVE('',#2425,(#2430,#2436),.PCURVE_S1.);
#2425 = B_SPLINE_CURVE_WITH_KNOTS('',3,(#2426,#2427,#2428,#2429),
  .UNSPECIFIED.,.F.,.F.,(4,4),(0.757407277005,0.76135734654),
  .PIECEWISE_BEZIER_KNOTS.);
#2426 = CARTESIAN_POINT('',(-5.040336865146,6.197392646479,
    -3.254996818101));
#2427 = CARTESIAN_POINT('',(-5.04076259837,6.18401385772,-3.254337573567
    ));
#2428 = CARTESIAN_POINT('',(-5.041068323139,6.170680656118,
    -3.253863900445));
#2429 = CARTESIAN_POINT('',(-5.041257088213,6.157407037146,
    -3.253571417772));
#2430 = PCURVE('',#2229,#2431);
#2431 = DEFINITIONAL_REPRESENTATION('',(#2432),#2435);
#2432 = B_SPLINE_CURVE_WITH_KNOTS('',1,(#2433,#2434),.UNSPECIFIED.,.F.,
  .F.,(2,2),(0.757407277005,0.76135734654),.PIECEWISE_BEZIER_KNOTS.);
#2433 = CARTESIAN_POINT('',(9.424777960769,5.865686699629));
#2434 = CARTESIAN_POINT('',(9.393127771329,5.865329485362));
#2435 = ( GEOMETRIC_REPRESENTATION_CONTEXT(2) 
PARAMETRIC_REPRESENTATION_CONTEXT() REPRESENTATION_CONTEXT('2D SPACE',''
  ) );
#2436 = PCURVE('',#220,#2437);
#2437 = DEFINITIONAL_REPRESENTATION('',(#2438),#2441);
#2438 = B_SPLINE_CURVE_WITH_KNOTS('',1,(#2439,#2440),.UNSPECIFIED.,.F.,
  .F.,(2,2),(0.757407277005,0.76135734654),.PIECEWISE_BEZIER_KNOTS.);
#2439 = CARTESIAN_POINT('',(-0.573409621017,2.697392646479));
#2440 = CARTESIAN_POINT('',(-0.573126848208,2.657407037146));
#2441 = ( GEOMETRIC_REPRESENTATION_CONTEXT(2) 
PARAMETRIC_REPRESENTATION_CONTEXT() REPRESENTATION_CONTEXT('2D SPACE',''
  ) );
#2442 = ORIENTED_EDGE('',*,*,#2443,.F.);
#2443 = EDGE_CURVE('',#2444,#2422,#2446,.T.);
#2444 = VERTEX_POINT('',#2445);
#2445 = CARTESIAN_POINT('',(-4.688989845616,6.1973926463,-2.903649798557
    ));
#2446 = SURFACE_CURVE('',#2447,(#2572,#2578),.PCURVE_S1.);
#2447 = B_SPLINE_CURVE_WITH_KNOTS('',3,(#2448,#2449,#2450,#2451,#2452,
    #2453,#2454,#2455,#2456,#2457,#2458,#2459,#2460,#2461,#2462,#2463,
    #2464,#2465,#2466,#2467,#2468,#2469,#2470,#2471,#2472,#2473,#2474,
    #2475,#2476,#2477,#2478,#2479,#2480,#2481,#2482,#2483,#2484,#2485,
    #2486,#2487,#2488,#2489,#2490,#2491,#2492,#2493,#2494,#2495,#2496,
    #2497,#2498,#2499,#2500,#2501,#2502,#2503,#2504,#2505,#2506,#2507,
    #2508,#2509,#2510,#2511,#2512,#2513,#2514,#2515,#2516,#2517,#2518,
    #2519,#2520,#2521,#2522,#2523,#2524,#2525,#2526,#2527,#2528,#2529,
    #2530,#2531,#2532,#2533,#2534,#2535,#2536,#2537,#2538,#2539,#2540,
    #2541,#2542,#2543,#2544,#2545,#2546,#2547,#2548,#2549,#2550,#2551,
    #2552,#2553,#2554,#2555,#2556,#2557,#2558,#2559,#2560,#2561,#2562,
    #2563,#2564,#2565,#2566,#2567,#2568,#2569,#2570,#2571),
  .UNSPECIFIED.,.F.,.F.,(4,2,2,2,2,2,2,2,2,2,2,2,2,2,2,2,2,2,2,2,2,2,2,2
    ,2,2,2,2,2,2,2,2,2,2,2,2,2,2,2,2,2,2,2,2,2,2,2,2,2,2,2,2,2,2,2,2,2,2
    ,2,2,2,4),(-0.792411601721,-0.776225747171,-0.752245140996,
    -0.743188760216,-0.738136767533,-0.73165820883,-0.72357357284,
    -0.702092901663,-0.686109298067,-0.677162120734,-0.667761621258,
    -0.644790576177,-0.623055425641,-0.617057083592,-0.611826668109,
    -0.600982590758,-0.58123074865,-0.564004693688,-0.554859355782,
    -0.545876645708,-0.528714680362,-0.504491940395,-0.496105340693,
    -0.491103399889,-0.48423087699,-0.462344744125,-0.440944933933,
    -0.431609171165,-0.42259840714,-0.405929998218,-0.381722090109,
    -0.372911008022,-0.367785983131,-0.360706537958,-0.351483720773,
    -0.325492881673,-0.313804791481,-0.305076249681,-0.293878828635,
    -0.280277578918,-0.253805147195,-0.247975750147,-0.24299014884,
    -0.233368319516,-0.217707823809,-0.194443669375,-0.185403187097,
    -0.177026028542,-0.163471522193,-0.143146220324,-0.12883900728,
    -0.123225383817,-0.117922998839,-0.106971268221,-8.771682001932E-02,
    -6.689567655448E-02,-5.675574257187E-02,-4.653065584206E-02,
    -2.515429776399E-02,-7.28876028396E-03,-3.28602600173E-03,
    -2.986233031131E-05),.UNSPECIFIED.);
#2448 = CARTESIAN_POINT('',(-4.688989845616,6.1973926463,-2.903649798557
    ));
#2449 = CARTESIAN_POINT('',(-4.689120863283,6.25115615316,
    -2.908140867799));
#2450 = CARTESIAN_POINT('',(-4.686755787912,6.304671682648,
    -2.914988663529));
#2451 = CARTESIAN_POINT('',(-4.674857226552,6.436052294315,
    -2.93786285695));
#2452 = CARTESIAN_POINT('',(-4.662445018112,6.512919683802,
    -2.956663578892));
#2453 = CARTESIAN_POINT('',(-4.638636112065,6.615238506598,
    -2.989676197469));
#2454 = CARTESIAN_POINT('',(-4.631423848389,6.642882181128,
    -2.999452066885));
#2455 = CARTESIAN_POINT('',(-4.619169397078,6.685233545159,
    -3.015809799655));
#2456 = CARTESIAN_POINT('',(-4.614579718515,6.700250816725,
    -3.021890737942));
#2457 = CARTESIAN_POINT('',(-4.603652934129,6.734175808707,
    -3.036279678931));
#2458 = CARTESIAN_POINT('',(-4.597189997819,6.752975366807,
    -3.044726515637));
#2459 = CARTESIAN_POINT('',(-4.581938701671,6.794605749816,
    -3.064499149577));
#2460 = CARTESIAN_POINT('',(-4.572974559936,6.817270854932,
    -3.07601486839));
#2461 = CARTESIAN_POINT('',(-4.538395006434,6.898400557006,
    -3.120004719977));
#2462 = CARTESIAN_POINT('',(-4.509852607095,6.953819218889,
    -3.155509085974));
#2463 = CARTESIAN_POINT('',(-4.454470404964,7.043289456523,
    -3.222779923631));
#2464 = CARTESIAN_POINT('',(-4.429119452945,7.079092740708,
    -3.253113980642));
#2465 = CARTESIAN_POINT('',(-4.38711123106,7.13091078402,-3.302685586546
    ));
#2466 = CARTESIAN_POINT('',(-4.371553505193,7.148682024093,
    -3.320914332576));
#2467 = CARTESIAN_POINT('',(-4.338726133987,7.183364296273,
    -3.359131009734));
#2468 = CARTESIAN_POINT('',(-4.321421313274,7.200173823151,
    -3.379147701145));
#2469 = CARTESIAN_POINT('',(-4.260302131314,7.254633174467,
    -3.449461127817));
#2470 = CARTESIAN_POINT('',(-4.214406141924,7.287219963561,
    -3.501596377418));
#2471 = CARTESIAN_POINT('',(-4.121599608603,7.338071117963,
    -3.606525546895));
#2472 = CARTESIAN_POINT('',(-4.075059789346,7.356912829404,
    -3.658933063582));
#2473 = CARTESIAN_POINT('',(-4.014801903054,7.373190638399,
    -3.727126819837));
#2474 = CARTESIAN_POINT('',(-4.001726043725,7.376245465905,
    -3.741945277313));
#2475 = CARTESIAN_POINT('',(-3.977198118689,7.381087565537,
    -3.769800761843));
#2476 = CARTESIAN_POINT('',(-3.9657564562,7.38298639657,-3.782819856134)
  );
#2477 = CARTESIAN_POINT('',(-3.930557582884,7.38772309363,
    -3.822934757377));
#2478 = CARTESIAN_POINT('',(-3.906774899591,7.389379668079,
    -3.850125783505));
#2479 = CARTESIAN_POINT('',(-3.839696809333,7.389701119993,
    -3.926939464383));
#2480 = CARTESIAN_POINT('',(-3.796511789375,7.384790371115,
    -3.976528301889));
#2481 = CARTESIAN_POINT('',(-3.716465676016,7.366097423981,
    -4.068371897679));
#2482 = CARTESIAN_POINT('',(-3.679592421357,7.353550927999,
    -4.110651171593));
#2483 = CARTESIAN_POINT('',(-3.624147911029,7.32859583016,
    -4.174134267804));
#2484 = CARTESIAN_POINT('',(-3.605124093095,7.318891590018,
    -4.19590076837));
#2485 = CARTESIAN_POINT('',(-3.56789685297,7.297610677903,
    -4.238474578566));
#2486 = CARTESIAN_POINT('',(-3.549696906539,7.286077250635,
    -4.259278312727));
#2487 = CARTESIAN_POINT('',(-3.497557684492,7.249693408067,
    -4.31888010392));
#2488 = CARTESIAN_POINT('',(-3.464437092336,7.222323355104,
    -4.356740786004));
#2489 = CARTESIAN_POINT('',(-3.387936514396,7.148361204936,
    -4.444524448933));
#2490 = CARTESIAN_POINT('',(-3.346123657724,7.098671986633,
    -4.492786928613));
#2491 = CARTESIAN_POINT('',(-3.294972752509,7.024080023045,
    -4.55306164469));
#2492 = CARTESIAN_POINT('',(-3.282290784156,7.004232140997,
    -4.568128505014));
#2493 = CARTESIAN_POINT('',(-3.262855669904,6.971539144476,
    -4.591470332971));
#2494 = CARTESIAN_POINT('',(-3.255778514644,6.959105186169,
    -4.600029594381));
#2495 = CARTESIAN_POINT('',(-3.239422655297,6.929075566364,
    -4.619962559827));
#2496 = CARTESIAN_POINT('',(-3.230313726866,6.911297143926,
    -4.631184444871));
#2497 = CARTESIAN_POINT('',(-3.19371043762,6.835318039483,
    -4.676752657159));
#2498 = CARTESIAN_POINT('',(-3.169580119479,6.773788489221,
    -4.707976322797));
#2499 = CARTESIAN_POINT('',(-3.129494524682,6.646120179579,
    -4.761952119348));
#2500 = CARTESIAN_POINT('',(-3.113437073635,6.580332664444,
    -4.784783717017));
#2501 = CARTESIAN_POINT('',(-3.09597135345,6.483012144328,
    -4.811635610025));
#2502 = CARTESIAN_POINT('',(-3.091414990884,6.453109156877,
    -4.818996690493));
#2503 = CARTESIAN_POINT('',(-3.083955975405,6.393789725343,
    -4.831875298681));
#2504 = CARTESIAN_POINT('',(-3.081003723113,6.364411863736,
    -4.837443920443));
#2505 = CARTESIAN_POINT('',(-3.07464864322,6.280153109629,
    -4.851141661469));
#2506 = CARTESIAN_POINT('',(-3.073000401017,6.224911346642,
    -4.857407778173));
#2507 = CARTESIAN_POINT('',(-3.075204196785,6.088965885209,
    -4.866377945805));
#2508 = CARTESIAN_POINT('',(-3.081872973023,6.008374831558,
    -4.866163986752));
#2509 = CARTESIAN_POINT('',(-3.09853921975,5.899836629826,
    -4.858721774869));
#2510 = CARTESIAN_POINT('',(-3.103717521126,5.871042513941,
    -4.856044652834));
#2511 = CARTESIAN_POINT('',(-3.113073637283,5.825850296371,
    -4.850750523095));
#2512 = CARTESIAN_POINT('',(-3.116762882815,5.80931215309,-4.84857821065
    ));
#2513 = CARTESIAN_POINT('',(-3.126139813894,5.770137648623,
    -4.84287372981));
#2514 = CARTESIAN_POINT('',(-3.132048788569,5.747592515449,
    -4.839138940985));
#2515 = CARTESIAN_POINT('',(-3.146707292908,5.696149067888,
    -4.829555039648));
#2516 = CARTESIAN_POINT('',(-3.155770626373,5.667409494399,
    -4.823410955633));
#2517 = CARTESIAN_POINT('',(-3.193204031671,5.559286360499,
    -4.797199392062));
#2518 = CARTESIAN_POINT('',(-3.226611825031,5.483089024026,
    -4.772176720578));
#2519 = CARTESIAN_POINT('',(-3.282464033691,5.379597660966,
    -4.728041676074));
#2520 = CARTESIAN_POINT('',(-3.300798217395,5.348520707043,
    -4.713280008392));
#2521 = CARTESIAN_POINT('',(-3.334486774886,5.296201457743,
    -4.685705979156));
#2522 = CARTESIAN_POINT('',(-3.349410169397,5.274477237317,
    -4.673354983333));
#2523 = CARTESIAN_POINT('',(-3.38461498495,5.22644091945,-4.643932378193
    ));
#2524 = CARTESIAN_POINT('',(-3.405199968146,5.2005934664,-4.626528350564
    ));
#2525 = CARTESIAN_POINT('',(-3.452461873431,5.146056571178,
    -4.586198073338));
#2526 = CARTESIAN_POINT('',(-3.479462177553,5.117989159539,
    -4.562918367135));
#2527 = CARTESIAN_POINT('',(-3.561957579264,5.041085427624,
    -4.491314176161));
#2528 = CARTESIAN_POINT('',(-3.619994369967,4.997951322685,
    -4.440336130505));
#2529 = CARTESIAN_POINT('',(-3.694448129659,4.955525825442,
    -4.375134303632));
#2530 = CARTESIAN_POINT('',(-3.708019105924,4.948281002597,
    -4.36325796724));
#2531 = CARTESIAN_POINT('',(-3.733434951684,4.935613958097,
    -4.341047364021));
#2532 = CARTESIAN_POINT('',(-3.745242511574,4.930081476821,
    -4.330742615864));
#2533 = CARTESIAN_POINT('',(-3.780084195154,4.914778245827,
    -4.300368802554));
#2534 = CARTESIAN_POINT('',(-3.803334377599,4.905855748768,
    -4.280139733945));
#2535 = CARTESIAN_POINT('',(-3.865043290495,4.885502080411,
    -4.226478777752));
#2536 = CARTESIAN_POINT('',(-3.903833334467,4.876028794704,
    -4.192774674278));
#2537 = CARTESIAN_POINT('',(-4.000982854635,4.860406182958,
    -4.108203452371));
#2538 = CARTESIAN_POINT('',(-4.059497609396,4.858135314368,
    -4.057111786664));
#2539 = CARTESIAN_POINT('',(-4.140279069707,4.864842086166,
    -3.986221695698));
#2540 = CARTESIAN_POINT('',(-4.162810264328,4.86778915103,-3.96641303235
    ));
#2541 = CARTESIAN_POINT('',(-4.205995880709,4.875518969334,
    -3.928383435846));
#2542 = CARTESIAN_POINT('',(-4.226654591886,4.880148994183,
    -3.910163382306));
#2543 = CARTESIAN_POINT('',(-4.280369867529,4.894640155119,
    -3.862735916631));
#2544 = CARTESIAN_POINT('',(-4.313156937564,4.905954921207,
    -3.833732087836));
#2545 = CARTESIAN_POINT('',(-4.393806620233,4.940014320325,
    -3.762388874802));
#2546 = CARTESIAN_POINT('',(-4.440879137663,4.965587224346,
    -3.720744059348));
#2547 = CARTESIAN_POINT('',(-4.518347572858,5.017501048531,
    -3.652699502709));
#2548 = CARTESIAN_POINT('',(-4.549490958743,5.041329031843,
    -3.625495749852));
#2549 = CARTESIAN_POINT('',(-4.591545315668,5.077661653543,
    -3.589156511369));
#2550 = CARTESIAN_POINT('',(-4.603246046105,5.088244230638,
    -3.579091124635));
#2551 = CARTESIAN_POINT('',(-4.625698905182,5.109476475701,
    -3.55988133555));
#2552 = CARTESIAN_POINT('',(-4.636465141118,5.120087543392,
    -3.550718904422));
#2553 = CARTESIAN_POINT('',(-4.669009896123,5.153505670549,
    -3.523159832336));
#2554 = CARTESIAN_POINT('',(-4.690285724087,5.177247203928,
    -3.505337132622));
#2555 = CARTESIAN_POINT('',(-4.746951465931,5.24592241051,
    -3.458321754967));
#2556 = CARTESIAN_POINT('',(-4.780733930708,5.293184246887,
    -3.430813083373));
#2557 = CARTESIAN_POINT('',(-4.845427426817,5.397961559327,
    -3.379023610213));
#2558 = CARTESIAN_POINT('',(-4.875773776876,5.45582713538,-3.35527061146
    ));
#2559 = CARTESIAN_POINT('',(-4.915558072261,5.546109374079,
    -3.324970961205));
#2560 = CARTESIAN_POINT('',(-4.927721027005,5.576316699065,
    -3.315861864651));
#2561 = CARTESIAN_POINT('',(-4.950358781322,5.638124954493,
    -3.299255988118));
#2562 = CARTESIAN_POINT('',(-4.960809071969,5.669709565312,
    -3.291780356842));
#2563 = CARTESIAN_POINT('',(-4.990224678338,5.768791820641,
    -3.27142578628));
#2564 = CARTESIAN_POINT('',(-5.005988138069,5.837705558384,
    -3.261578790577));
#2565 = CARTESIAN_POINT('',(-5.027283323762,5.966346073907,
    -3.251150753664));
#2566 = CARTESIAN_POINT('',(-5.034044750085,6.025555383796,
    -3.249329447406));
#2567 = CARTESIAN_POINT('',(-5.038805754733,6.098278435106,
    -3.250832837566));
#2568 = CARTESIAN_POINT('',(-5.039532797575,6.111594957639,
    -3.251261063093));
#2569 = CARTESIAN_POINT('',(-5.040591386608,6.135745029641,
    -3.252317274997));
#2570 = CARTESIAN_POINT('',(-5.0409713608,6.146577377569,-3.252893060114
    ));
#2571 = CARTESIAN_POINT('',(-5.041257099257,6.157406260494,
    -3.253571400659));
#2572 = PCURVE('',#2229,#2573);
#2573 = DEFINITIONAL_REPRESENTATION('',(#2574),#2577);
#2574 = B_SPLINE_CURVE_WITH_KNOTS('',1,(#2575,#2576),.UNSPECIFIED.,.F.,
  .F.,(2,2),(-0.792411601721,-2.986233031131E-05),
  .PIECEWISE_BEZIER_KNOTS.);
#2575 = CARTESIAN_POINT('',(3.141592653448,5.3688069795));
#2576 = CARTESIAN_POINT('',(9.39312715693,5.86532948107));
#2577 = ( GEOMETRIC_REPRESENTATION_CONTEXT(2) 
PARAMETRIC_REPRESENTATION_CONTEXT() REPRESENTATION_CONTEXT('2D SPACE',''
  ) );
#2578 = PCURVE('',#75,#2579);
#2579 = DEFINITIONAL_REPRESENTATION('',(#2580),#2848);
#2580 = B_SPLINE_CURVE_WITH_KNOTS('',3,(#2581,#2582,#2583,#2584,#2585,
    #2586,#2587,#2588,#2589,#2590,#2591,#2592,#2593,#2594,#2595,#2596,
    #2597,#2598,#2599,#2600,#2601,#2602,#2603,#2604,#2605,#2606,#2607,
    #2608,#2609,#2610,#2611,#2612,#2613,#2614,#2615,#2616,#2617,#2618,
    #2619,#2620,#2621,#2622,#2623,#2624,#2625,#2626,#2627,#2628,#2629,
    #2630,#2631,#2632,#2633,#2634,#2635,#2636,#2637,#2638,#2639,#2640,
    #2641,#2642,#2643,#2644,#2645,#2646,#2647,#2648,#2649,#2650,#2651,
    #2652,#2653,#2654,#2655,#2656,#2657,#2658,#2659,#2660,#2661,#2662,
    #2663,#2664,#2665,#2666,#2667,#2668,#2669,#2670,#2671,#2672,#2673,
    #2674,#2675,#2676,#2677,#2678,#2679,#2680,#2681,#2682,#2683,#2684,
    #2685,#2686,#2687,#2688,#2689,#2690,#2691,#2692,#2693,#2694,#2695,
    #2696,#2697,#2698,#2699,#2700,#2701,#2702,#2703,#2704,#2705,#2706,
    #2707,#2708,#2709,#2710,#2711,#2712,#2713,#2714,#2715,#2716,#2717,
    #2718,#2719,#2720,#2721,#2722,#2723,#2724,#2725,#2726,#2727,#2728,
    #2729,#2730,#2731,#2732,#2733,#2734,#2735,#2736,#2737,#2738,#2739,
    #2740,#2741,#2742,#2743,#2744,#2745,#2746,#2747,#2748,#2749,#2750,
    #2751,#2752,#2753,#2754,#2755,#2756,#2757,#2758,#2759,#2760,#2761,
    #2762,#2763,#2764,#2765,#2766,#2767,#2768,#2769,#2770,#2771,#2772,
    #2773,#2774,#2775,#2776,#2777,#2778,#2779,#2780,#2781,#2782,#2783,
    #2784,#2785,#2786,#2787,#2788,#2789,#2790,#2791,#2792,#2793,#2794,
    #2795,#2796,#2797,#2798,#2799,#2800,#2801,#2802,#2803,#2804,#2805,
    #2806,#2807,#2808,#2809,#2810,#2811,#2812,#2813,#2814,#2815,#2816,
    #2817,#2818,#2819,#2820,#2821,#2822,#2823,#2824,#2825,#2826,#2827,
    #2828,#2829,#2830,#2831,#2832,#2833,#2834,#2835,#2836,#2837,#2838,
    #2839,#2840,#2841,#2842,#2843,#2844,#2845,#2846,#2847),
  .UNSPECIFIED.,.F.,.F.,(4,1,1,1,1,1,1,1,1,1,1,1,1,1,1,1,1,1,1,1,1,1,1,1
    ,1,1,1,1,1,1,1,1,1,1,1,1,1,1,1,1,1,1,1,1,1,1,1,1,1,1,1,1,1,1,1,1,1,1
    ,1,1,1,1,1,1,1,1,1,1,1,1,1,1,1,1,1,1,1,1,1,1,1,1,1,1,1,1,1,1,1,1,1,1
    ,1,1,1,1,1,1,1,1,1,1,1,1,1,1,1,1,1,1,1,1,1,1,1,1,1,1,1,1,1,1,1,1,1,1
    ,1,1,1,1,1,1,1,1,1,1,1,1,1,1,1,1,1,1,1,1,1,1,1,1,1,1,1,1,1,1,1,1,1,1
    ,1,1,1,1,1,1,1,1,1,1,1,1,1,1,1,1,1,1,1,1,1,1,1,1,1,1,1,1,1,1,1,1,1,1
    ,1,1,1,1,1,1,1,1,1,1,1,1,1,1,1,1,1,1,1,1,1,1,1,1,1,1,1,1,1,1,1,1,1,1
    ,1,1,1,1,1,1,1,1,1,1,1,1,1,1,1,1,1,1,1,1,1,1,1,1,1,1,1,1,1,1,1,1,1,1
    ,1,1,4),(-0.792411601721,-0.789410155738,-0.786408709756,
    -0.783407263773,-0.780405817791,-0.777404371808,-0.774402925825,
    -0.771401479843,-0.76840003386,-0.765398587878,-0.762397141895,
    -0.759395695913,-0.75639424993,-0.753392803948,-0.750391357965,
    -0.747389911983,-0.744388466,-0.741387020017,-0.738385574035,
    -0.735384128052,-0.73238268207,-0.729381236087,-0.726379790105,
    -0.723378344122,-0.72037689814,-0.717375452157,-0.714374006175,
    -0.711372560192,-0.70837111421,-0.705369668227,-0.702368222244,
    -0.699366776262,-0.696365330279,-0.693363884297,-0.690362438314,
    -0.687360992332,-0.684359546349,-0.681358100367,-0.678356654384,
    -0.675355208402,-0.672353762419,-0.669352316437,-0.666350870454,
    -0.663349424471,-0.660347978489,-0.657346532506,-0.654345086524,
    -0.651343640541,-0.648342194559,-0.645340748576,-0.642339302594,
    -0.639337856611,-0.636336410629,-0.633334964646,-0.630333518664,
    -0.627332072681,-0.624330626698,-0.621329180716,-0.618327734733,
    -0.615326288751,-0.612324842768,-0.609323396786,-0.606321950803,
    -0.603320504821,-0.600319058838,-0.597317612856,-0.594316166873,
    -0.591314720891,-0.588313274908,-0.585311828925,-0.582310382943,
    -0.57930893696,-0.576307490978,-0.573306044995,-0.570304599013,
    -0.56730315303,-0.564301707048,-0.561300261065,-0.558298815083,
    -0.5552973691,-0.552295923118,-0.549294477135,-0.546293031152,
    -0.54329158517,-0.540290139187,-0.537288693205,-0.534287247222,
    -0.53128580124,-0.528284355257,-0.525282909275,-0.522281463292,
    -0.51928001731,-0.516278571327,-0.513277125345,-0.510275679362,
    -0.507274233379,-0.504272787397,-0.501271341414,-0.498269895432,
    -0.495268449449,-0.492267003467,-0.489265557484,-0.486264111502,
    -0.483262665519,-0.480261219537,-0.477259773554,-0.474258327572,
    -0.471256881589,-0.468255435606,-0.465253989624,-0.462252543641,
    -0.459251097659,-0.456249651676,-0.453248205694,-0.450246759711,
    -0.447245313729,-0.444243867746,-0.441242421764,-0.438240975781,
    -0.435239529798,-0.432238083816,-0.429236637833,-0.426235191851,
    -0.423233745868,-0.420232299886,-0.417230853903,-0.414229407921,
    -0.411227961938,-0.408226515956,-0.405225069973,-0.402223623991,
    -0.399222178008,-0.396220732025,-0.393219286043,-0.39021784006,
    -0.387216394078,-0.384214948095,-0.381213502113,-0.37821205613,
    -0.375210610148,-0.372209164165,-0.369207718183,-0.3662062722,
    -0.363204826218,-0.360203380235,-0.357201934252,-0.35420048827,
    -0.351199042287,-0.348197596305,-0.345196150322,-0.34219470434,
    -0.339193258357,-0.336191812375,-0.333190366392,-0.33018892041,
    -0.327187474427,-0.324186028445,-0.321184582462,-0.318183136479,
    -0.315181690497,-0.312180244514,-0.309178798532,-0.306177352549,
    -0.303175906567,-0.300174460584,-0.297173014602,-0.294171568619,
    -0.291170122637,-0.288168676654,-0.285167230672,-0.282165784689,
    -0.279164338706,-0.276162892724,-0.273161446741,-0.270160000759,
    -0.267158554776,-0.264157108794,-0.261155662811,-0.258154216829,
    -0.255152770846,-0.252151324864,-0.249149878881,-0.246148432899,
    -0.243146986916,-0.240145540933,-0.237144094951,-0.234142648968,
    -0.231141202986,-0.228139757003,-0.225138311021,-0.222136865038,
    -0.219135419056,-0.216133973073,-0.213132527091,-0.210131081108,
    -0.207129635126,-0.204128189143,-0.20112674316,-0.198125297178,
    -0.195123851195,-0.192122405213,-0.18912095923,-0.186119513248,
    -0.183118067265,-0.180116621283,-0.1771151753,-0.174113729318,
    -0.171112283335,-0.168110837353,-0.16510939137,-0.162107945387,
    -0.159106499405,-0.156105053422,-0.15310360744,-0.150102161457,
    -0.147100715475,-0.144099269492,-0.14109782351,-0.138096377527,
    -0.135094931545,-0.132093485562,-0.129092039579,-0.126090593597,
    -0.123089147614,-0.120087701632,-0.117086255649,-0.114084809667,
    -0.111083363684,-0.108081917702,-0.105080471719,-0.102079025737,
    -9.90775797541E-02,-9.607613377157E-02,-9.307468778903E-02,
    -9.007324180649E-02,-8.707179582395E-02,-8.407034984141E-02,
    -8.106890385887E-02,-7.806745787633E-02,-7.506601189379E-02,
    -7.206456591125E-02,-6.906311992871E-02,-6.606167394617E-02,
    -6.306022796363E-02,-6.00587819811E-02,-5.705733599856E-02,
    -5.405589001602E-02,-5.105444403348E-02,-4.805299805094E-02,
    -4.50515520684E-02,-4.205010608586E-02,-3.904866010332E-02,
    -3.604721412078E-02,-3.304576813824E-02,-3.00443221557E-02,
    -2.704287617316E-02,-2.404143019062E-02,-2.103998420809E-02,
    -1.803853822555E-02,-1.503709224301E-02,-1.203564626047E-02,
    -9.034200277929E-03,-6.03275429539E-03,-3.03130831285E-03,
    -2.986233031131E-05),.UNSPECIFIED.);
#2581 = CARTESIAN_POINT('',(3.196157104369E-02,36.185277897986));
#2582 = CARTESIAN_POINT('',(3.196548033687E-02,36.19313977148));
#2583 = CARTESIAN_POINT('',(3.197462551893E-02,36.20886301812));
#2584 = CARTESIAN_POINT('',(3.199202583022E-02,36.232451787131));
#2585 = CARTESIAN_POINT('',(3.201282924362E-02,36.256049913849));
#2586 = CARTESIAN_POINT('',(3.203669397794E-02,36.279662651949));
#2587 = CARTESIAN_POINT('',(3.206323424825E-02,36.303294964787));
#2588 = CARTESIAN_POINT('',(3.2092029234E-02,36.32695200939));
#2589 = CARTESIAN_POINT('',(3.212254571328E-02,36.350611018558));
#2590 = CARTESIAN_POINT('',(3.215417783855E-02,36.374280627331));
#2591 = CARTESIAN_POINT('',(3.21862868352E-02,36.397963528757));
#2592 = CARTESIAN_POINT('',(3.221819287448E-02,36.421663526692));
#2593 = CARTESIAN_POINT('',(3.224917905883E-02,36.445383617528));
#2594 = CARTESIAN_POINT('',(3.227849267891E-02,36.469126483751));
#2595 = CARTESIAN_POINT('',(3.230534575065E-02,36.492894308313));
#2596 = CARTESIAN_POINT('',(3.232892181792E-02,36.516688891494));
#2597 = CARTESIAN_POINT('',(3.234827715064E-02,36.540489102217));
#2598 = CARTESIAN_POINT('',(3.2362509846E-02,36.56429936112));
#2599 = CARTESIAN_POINT('',(3.237071343936E-02,36.588118134175));
#2600 = CARTESIAN_POINT('',(3.237182428103E-02,36.611936556756));
#2601 = CARTESIAN_POINT('',(3.236551877882E-02,36.635754938004));
#2602 = CARTESIAN_POINT('',(3.23529668411E-02,36.659563847185));
#2603 = CARTESIAN_POINT('',(3.233504686687E-02,36.683364311935));
#2604 = CARTESIAN_POINT('',(3.231269385073E-02,36.707147610425));
#2605 = CARTESIAN_POINT('',(3.228677208821E-02,36.730919737662));
#2606 = CARTESIAN_POINT('',(3.225819363535E-02,36.754669889581));
#2607 = CARTESIAN_POINT('',(3.222776964231E-02,36.778392730157));
#2608 = CARTESIAN_POINT('',(3.219624140025E-02,36.802092896385));
#2609 = CARTESIAN_POINT('',(3.216432781524E-02,36.825772822013));
#2610 = CARTESIAN_POINT('',(3.213271039321E-02,36.849436228483));
#2611 = CARTESIAN_POINT('',(3.210203581988E-02,36.873086198949));
#2612 = CARTESIAN_POINT('',(3.207291117016E-02,36.896729257014));
#2613 = CARTESIAN_POINT('',(3.204591135269E-02,36.920360847691));
#2614 = CARTESIAN_POINT('',(3.202147829478E-02,36.943969248463));
#2615 = CARTESIAN_POINT('',(3.200000096858E-02,36.967563725785));
#2616 = CARTESIAN_POINT('',(3.198182804009E-02,36.991148341052));
#2617 = CARTESIAN_POINT('',(3.196726059999E-02,37.014728590222));
#2618 = CARTESIAN_POINT('',(3.195656528154E-02,37.038310407646));
#2619 = CARTESIAN_POINT('',(3.194989310467E-02,37.061883305319));
#2620 = CARTESIAN_POINT('',(3.194733725634E-02,37.085455339791));
#2621 = CARTESIAN_POINT('',(3.194895472152E-02,37.109031755001));
#2622 = CARTESIAN_POINT('',(3.195471869166E-02,37.132606574153));
#2623 = CARTESIAN_POINT('',(3.196453107811E-02,37.156186687698));
#2624 = CARTESIAN_POINT('',(3.197825499207E-02,37.17977985309));
#2625 = CARTESIAN_POINT('',(3.199571280324E-02,37.203369585652));
#2626 = CARTESIAN_POINT('',(3.201657722093E-02,37.226963007339));
#2627 = CARTESIAN_POINT('',(3.204049043677E-02,37.250564930074));
#2628 = CARTESIAN_POINT('',(3.206704536955E-02,37.274180471298));
#2629 = CARTESIAN_POINT('',(3.209579176622E-02,37.297814535942));
#2630 = CARTESIAN_POINT('',(3.212623420218E-02,37.321471151965));
#2631 = CARTESIAN_POINT('',(3.215783739371E-02,37.345156520045));
#2632 = CARTESIAN_POINT('',(3.219001025005E-02,37.368867346959));
#2633 = CARTESIAN_POINT('',(3.222200617318E-02,37.392582058021));
#2634 = CARTESIAN_POINT('',(3.225309790085E-02,37.416309778496));
#2635 = CARTESIAN_POINT('',(3.228250950771E-02,37.440051546735));
#2636 = CARTESIAN_POINT('',(3.230943597176E-02,37.46380995398));
#2637 = CARTESIAN_POINT('',(3.233304000161E-02,37.487586621233));
#2638 = CARTESIAN_POINT('',(3.23524585599E-02,37.511382531925));
#2639 = CARTESIAN_POINT('',(3.236679432364E-02,37.535199106121));
#2640 = CARTESIAN_POINT('',(3.237511631483E-02,37.55901727391));
#2641 = CARTESIAN_POINT('',(3.237634670883E-02,37.582839368703));
#2642 = CARTESIAN_POINT('',(3.237008863669E-02,37.606655027752));
#2643 = CARTESIAN_POINT('',(3.235748222477E-02,37.630463137586));
#2644 = CARTESIAN_POINT('',(3.23394257354E-02,37.654256434566));
#2645 = CARTESIAN_POINT('',(3.231684475054E-02,37.678036139321));
#2646 = CARTESIAN_POINT('',(3.229062227062E-02,37.701806385301));
#2647 = CARTESIAN_POINT('',(3.226167624752E-02,37.725552746746));
#2648 = CARTESIAN_POINT('',(3.223080599462E-02,37.749273896553));
#2649 = CARTESIAN_POINT('',(3.219877192653E-02,37.772973322801));
#2650 = CARTESIAN_POINT('',(3.216630403711E-02,37.796653768606));
#2651 = CARTESIAN_POINT('',(3.213409848544E-02,37.82031864029));
#2652 = CARTESIAN_POINT('',(3.210281224211E-02,37.843971797935));
#2653 = CARTESIAN_POINT('',(3.207307791573E-02,37.867616851926));
#2654 = CARTESIAN_POINT('',(3.204543819122E-02,37.891235686945));
#2655 = CARTESIAN_POINT('',(3.202033146042E-02,37.914837027469));
#2656 = CARTESIAN_POINT('',(3.199816710934E-02,37.938424886938));
#2657 = CARTESIAN_POINT('',(3.197930698074E-02,37.96200426633));
#2658 = CARTESIAN_POINT('',(3.196407176649E-02,37.985582081322));
#2659 = CARTESIAN_POINT('',(3.195272996665E-02,38.009157634429));
#2660 = CARTESIAN_POINT('',(3.194542422504E-02,38.032724248607));
#2661 = CARTESIAN_POINT('',(3.194226566782E-02,38.056291684996));
#2662 = CARTESIAN_POINT('',(3.194331843346E-02,38.079861439655));
#2663 = CARTESIAN_POINT('',(3.194855378987E-02,38.103429810157));
#2664 = CARTESIAN_POINT('',(3.195788505367E-02,38.127006250397));
#2665 = CARTESIAN_POINT('',(3.197119428518E-02,38.150590458648));
#2666 = CARTESIAN_POINT('',(3.198826060323E-02,38.174174713965));
#2667 = CARTESIAN_POINT('',(3.200878664701E-02,38.197767727412));
#2668 = CARTESIAN_POINT('',(3.203243700893E-02,38.221374284121));
#2669 = CARTESIAN_POINT('',(3.205882679203E-02,38.244998258059));
#2670 = CARTESIAN_POINT('',(3.208753260482E-02,38.268649919002));
#2671 = CARTESIAN_POINT('',(3.211806114284E-02,38.292312073278));
#2672 = CARTESIAN_POINT('',(3.214980085234E-02,38.315980626438));
#2673 = CARTESIAN_POINT('',(3.218211180232E-02,38.339661774238));
#2674 = CARTESIAN_POINT('',(3.221431140737E-02,38.363358493441));
#2675 = CARTESIAN_POINT('',(3.2245679832E-02,38.387074023783));
#2676 = CARTESIAN_POINT('',(3.227546199915E-02,38.410811323513));
#2677 = CARTESIAN_POINT('',(3.230286395395E-02,38.434571636665));
#2678 = CARTESIAN_POINT('',(3.232707583348E-02,38.458360637496));
#2679 = CARTESIAN_POINT('',(3.234719383575E-02,38.482164847751));
#2680 = CARTESIAN_POINT('',(3.236226981105E-02,38.505975165449));
#2681 = CARTESIAN_POINT('',(3.237140677258E-02,38.529796343445));
#2682 = CARTESIAN_POINT('',(3.237354688261E-02,38.553616614422));
#2683 = CARTESIAN_POINT('',(3.236815771821E-02,38.577438911664));
#2684 = CARTESIAN_POINT('',(3.235633916091E-02,38.601251191682));
#2685 = CARTESIAN_POINT('',(3.233898286628E-02,38.625057903438));
#2686 = CARTESIAN_POINT('',(3.2317069239E-02,38.648842450077));
#2687 = CARTESIAN_POINT('',(3.22914553686E-02,38.672604896527));
#2688 = CARTESIAN_POINT('',(3.226297736304E-02,38.696346993139));
#2689 = CARTESIAN_POINT('',(3.223244456463E-02,38.720070553787));
#2690 = CARTESIAN_POINT('',(3.220063740949E-02,38.743778322504));
#2691 = CARTESIAN_POINT('',(3.216830794464E-02,38.767471998445));
#2692 = CARTESIAN_POINT('',(3.213616693817E-02,38.79115913986));
#2693 = CARTESIAN_POINT('',(3.210492275786E-02,38.814827330182));
#2694 = CARTESIAN_POINT('',(3.207514028067E-02,38.838467634652));
#2695 = CARTESIAN_POINT('',(3.204731808723E-02,38.862087947873));
#2696 = CARTESIAN_POINT('',(3.202192064416E-02,38.885691928397));
#2697 = CARTESIAN_POINT('',(3.199936915865E-02,38.909284822868));
#2698 = CARTESIAN_POINT('',(3.198004161811E-02,38.932871106354));
#2699 = CARTESIAN_POINT('',(3.196427726017E-02,38.956457973861));
#2700 = CARTESIAN_POINT('',(3.195235386441E-02,38.980043615134));
#2701 = CARTESIAN_POINT('',(3.194440449521E-02,39.003619447122));
#2702 = CARTESIAN_POINT('',(3.194055077421E-02,39.027195389706));
#2703 = CARTESIAN_POINT('',(3.194086377867E-02,39.050773797194));
#2704 = CARTESIAN_POINT('',(3.194532506376E-02,39.074350047845));
#2705 = CARTESIAN_POINT('',(3.195385524872E-02,39.097933107715));
#2706 = CARTESIAN_POINT('',(3.196634327282E-02,39.121524555319));
#2707 = CARTESIAN_POINT('',(3.198258287089E-02,39.145115344996));
#2708 = CARTESIAN_POINT('',(3.200228644927E-02,39.168714197316));
#2709 = CARTESIAN_POINT('',(3.202512979505E-02,39.192325860161));
#2710 = CARTESIAN_POINT('',(3.205073899026E-02,39.215954167298));
#2711 = CARTESIAN_POINT('',(3.207870334275E-02,39.239609431836));
#2712 = CARTESIAN_POINT('',(3.210853646625E-02,39.263271739013));
#2713 = CARTESIAN_POINT('',(3.213964104668E-02,39.286940735248));
#2714 = CARTESIAN_POINT('',(3.217139121384E-02,39.31062160338));
#2715 = CARTESIAN_POINT('',(3.220311891494E-02,39.334317592474));
#2716 = CARTESIAN_POINT('',(3.223411905206E-02,39.358031867311));
#2717 = CARTESIAN_POINT('',(3.226365178078E-02,39.381767456448));
#2718 = CARTESIAN_POINT('',(3.229093783527E-02,39.405525483591));
#2719 = CARTESIAN_POINT('',(3.231518519528E-02,39.429312164858));
#2720 = CARTESIAN_POINT('',(3.233549245104E-02,39.453110793836));
#2721 = CARTESIAN_POINT('',(3.235093783436E-02,39.476915601478));
#2722 = CARTESIAN_POINT('',(3.236063425815E-02,39.500730712898));
#2723 = CARTESIAN_POINT('',(3.236355460858E-02,39.524544495312));
#2724 = CARTESIAN_POINT('',(3.235908617606E-02,39.548359546065));
#2725 = CARTESIAN_POINT('',(3.234828402128E-02,39.572164603647));
#2726 = CARTESIAN_POINT('',(3.233206233237E-02,39.595962231865));
#2727 = CARTESIAN_POINT('',(3.231134815023E-02,39.619745021514));
#2728 = CARTESIAN_POINT('',(3.228702386252E-02,39.643510456245));
#2729 = CARTESIAN_POINT('',(3.225992239002E-02,39.667264574424));
#2730 = CARTESIAN_POINT('',(3.223095065901E-02,39.690994260839));
#2731 = CARTESIAN_POINT('',(3.220087467645E-02,39.714694200834));
#2732 = CARTESIAN_POINT('',(3.217037503729E-02,39.738369497531));
#2733 = CARTESIAN_POINT('',(3.21401116113E-02,39.762022929226));
#2734 = CARTESIAN_POINT('',(3.211070463306E-02,39.78565835945));
#2735 = CARTESIAN_POINT('',(3.208273760487E-02,39.809279700785));
#2736 = CARTESIAN_POINT('',(3.205675692419E-02,39.832891516433));
#2737 = CARTESIAN_POINT('',(3.203326301584E-02,39.856497522079));
#2738 = CARTESIAN_POINT('',(3.201273878471E-02,39.880105853263));
#2739 = CARTESIAN_POINT('',(3.199549662615E-02,39.903697864825));
#2740 = CARTESIAN_POINT('',(3.19818049673E-02,39.92728018306));
#2741 = CARTESIAN_POINT('',(3.197189433357E-02,39.950857726078));
#2742 = CARTESIAN_POINT('',(3.196595491399E-02,39.974437087186));
#2743 = CARTESIAN_POINT('',(3.196408809238E-02,39.998010420123));
#2744 = CARTESIAN_POINT('',(3.196632292509E-02,40.021585198403));
#2745 = CARTESIAN_POINT('',(3.197265470898E-02,40.045166481938));
#2746 = CARTESIAN_POINT('',(3.198299287885E-02,40.068747203506));
#2747 = CARTESIAN_POINT('',(3.199717320728E-02,40.092334789148));
#2748 = CARTESIAN_POINT('',(3.201499043775E-02,40.115935825708));
#2749 = CARTESIAN_POINT('',(3.203619204381E-02,40.139549742496));
#2750 = CARTESIAN_POINT('',(3.206041619981E-02,40.163169833822));
#2751 = CARTESIAN_POINT('',(3.208725647374E-02,40.186804488501));
#2752 = CARTESIAN_POINT('',(3.21162605493E-02,40.210456414604));
#2753 = CARTESIAN_POINT('',(3.214693849252E-02,40.234134931763));
#2754 = CARTESIAN_POINT('',(3.21787329076E-02,40.257817386442));
#2755 = CARTESIAN_POINT('',(3.221098239962E-02,40.281507445919));
#2756 = CARTESIAN_POINT('',(3.22429969689E-02,40.30520866976));
#2757 = CARTESIAN_POINT('',(3.227404688864E-02,40.328924112126));
#2758 = CARTESIAN_POINT('',(3.230336803363E-02,40.35265641279));
#2759 = CARTESIAN_POINT('',(3.23301628997E-02,40.376407708214));
#2760 = CARTESIAN_POINT('',(3.235360304373E-02,40.400179772717));
#2761 = CARTESIAN_POINT('',(3.237283096407E-02,40.423973419139));
#2762 = CARTESIAN_POINT('',(3.23869637926E-02,40.447790632637));
#2763 = CARTESIAN_POINT('',(3.239503360864E-02,40.471609239318));
#2764 = CARTESIAN_POINT('',(3.239603046365E-02,40.495431241926));
#2765 = CARTESIAN_POINT('',(3.238923882557E-02,40.51924650042));
#2766 = CARTESIAN_POINT('',(3.237571601862E-02,40.54305372858));
#2767 = CARTESIAN_POINT('',(3.235642611597E-02,40.566846295042));
#2768 = CARTESIAN_POINT('',(3.233231329183E-02,40.590626656495));
#2769 = CARTESIAN_POINT('',(3.230431608796E-02,40.614393113382));
#2770 = CARTESIAN_POINT('',(3.227334560401E-02,40.638133578563));
#2771 = CARTESIAN_POINT('',(3.224022954243E-02,40.661852965692));
#2772 = CARTESIAN_POINT('',(3.220577912473E-02,40.68555309382));
#2773 = CARTESIAN_POINT('',(3.217076950482E-02,40.709236566914));
#2774 = CARTESIAN_POINT('',(3.213594599434E-02,40.732908618411));
#2775 = CARTESIAN_POINT('',(3.210205656514E-02,40.756548770934));
#2776 = CARTESIAN_POINT('',(3.206965434337E-02,40.780164007626));
#2777 = CARTESIAN_POINT('',(3.203927607417E-02,40.803758069798));
#2778 = CARTESIAN_POINT('',(3.201140999531E-02,40.827335880498));
#2779 = CARTESIAN_POINT('',(3.198650354993E-02,40.850902436163));
#2780 = CARTESIAN_POINT('',(3.196495999763E-02,40.874462686306));
#2781 = CARTESIAN_POINT('',(3.194713942418E-02,40.898022998811));
#2782 = CARTESIAN_POINT('',(3.193335296645E-02,40.921585299312));
#2783 = CARTESIAN_POINT('',(3.192373856138E-02,40.945137214914));
#2784 = CARTESIAN_POINT('',(3.19184315751E-02,40.968689172163));
#2785 = CARTESIAN_POINT('',(3.191751467877E-02,40.992244250142));
#2786 = CARTESIAN_POINT('',(3.192098126294E-02,41.015797979828));
#2787 = CARTESIAN_POINT('',(3.192876214236E-02,41.03936041781));
#2788 = CARTESIAN_POINT('',(3.194075078608E-02,41.062929667383));
#2789 = CARTESIAN_POINT('',(3.195673302237E-02,41.086502831852));
#2790 = CARTESIAN_POINT('',(3.197643803654E-02,41.110088112406));
#2791 = CARTESIAN_POINT('',(3.199954723573E-02,41.133689618917));
#2792 = CARTESIAN_POINT('',(3.202570327415E-02,41.157315831833));
#2793 = CARTESIAN_POINT('',(3.205445891756E-02,41.18094853369));
#2794 = CARTESIAN_POINT('',(3.208526837589E-02,41.20459410899));
#2795 = CARTESIAN_POINT('',(3.211755223569E-02,41.228256687254));
#2796 = CARTESIAN_POINT('',(3.215068488239E-02,41.251940619672));
#2797 = CARTESIAN_POINT('',(3.218399926649E-02,41.275649621997));
#2798 = CARTESIAN_POINT('',(3.221678657687E-02,41.299387591826));
#2799 = CARTESIAN_POINT('',(3.224829917233E-02,41.323156056248));
#2800 = CARTESIAN_POINT('',(3.227765077367E-02,41.34693505042));
#2801 = CARTESIAN_POINT('',(3.23039786682E-02,41.370731101143));
#2802 = CARTESIAN_POINT('',(3.232637810926E-02,41.394544123633));
#2803 = CARTESIAN_POINT('',(3.234392037116E-02,41.418376917994));
#2804 = CARTESIAN_POINT('',(3.235564677968E-02,41.442224035114));
#2805 = CARTESIAN_POINT('',(3.236053994484E-02,41.466077185282));
#2806 = CARTESIAN_POINT('',(3.235767394332E-02,41.489932873609));
#2807 = CARTESIAN_POINT('',(3.23479943274E-02,41.513787629641));
#2808 = CARTESIAN_POINT('',(3.233238003028E-02,41.537632816217));
#2809 = CARTESIAN_POINT('',(3.231169844495E-02,41.56146690263));
#2810 = CARTESIAN_POINT('',(3.228679534543E-02,41.585290696692));
#2811 = CARTESIAN_POINT('',(3.225850796434E-02,41.609104799288));
#2812 = CARTESIAN_POINT('',(3.222767205193E-02,41.632892692303));
#2813 = CARTESIAN_POINT('',(3.219501206113E-02,41.656659486668));
#2814 = CARTESIAN_POINT('',(3.216124131585E-02,41.680406647324));
#2815 = CARTESIAN_POINT('',(3.212703814358E-02,41.704137538495));
#2816 = CARTESIAN_POINT('',(3.209305244141E-02,41.727853917347));
#2817 = CARTESIAN_POINT('',(3.205989284947E-02,41.751564287563));
#2818 = CARTESIAN_POINT('',(3.202816667832E-02,41.775250887191));
#2819 = CARTESIAN_POINT('',(3.19983256268E-02,41.798913066596));
#2820 = CARTESIAN_POINT('',(3.197077992524E-02,41.822556566695));
#2821 = CARTESIAN_POINT('',(3.194590021965E-02,41.84618557536));
#2822 = CARTESIAN_POINT('',(3.192401770077E-02,41.869805241253));
#2823 = CARTESIAN_POINT('',(3.190541840794E-02,41.89341944143));
#2824 = CARTESIAN_POINT('',(3.189036235939E-02,41.917037080535));
#2825 = CARTESIAN_POINT('',(3.187899946215E-02,41.940645049222));
#2826 = CARTESIAN_POINT('',(3.187139959346E-02,41.96424603313));
#2827 = CARTESIAN_POINT('',(3.186760403878E-02,41.987847256824));
#2828 = CARTESIAN_POINT('',(3.186760991357E-02,42.011448858249));
#2829 = CARTESIAN_POINT('',(3.187132264754E-02,42.035046679225));
#2830 = CARTESIAN_POINT('',(3.187859761797E-02,42.058647773356));
#2831 = CARTESIAN_POINT('',(3.18892533732E-02,42.082258762899));
#2832 = CARTESIAN_POINT('',(3.190305882204E-02,42.105863191835));
#2833 = CARTESIAN_POINT('',(3.191966379005E-02,42.129467802624));
#2834 = CARTESIAN_POINT('',(3.193869018394E-02,42.153076639735));
#2835 = CARTESIAN_POINT('',(3.195971636769E-02,42.176694059759));
#2836 = CARTESIAN_POINT('',(3.198228404412E-02,42.200324380575));
#2837 = CARTESIAN_POINT('',(3.200589194813E-02,42.22397016312));
#2838 = CARTESIAN_POINT('',(3.203001977097E-02,42.24763932039));
#2839 = CARTESIAN_POINT('',(3.205402159717E-02,42.271308908622));
#2840 = CARTESIAN_POINT('',(3.207723074405E-02,42.294981349714));
#2841 = CARTESIAN_POINT('',(3.209895966193E-02,42.318658907427));
#2842 = CARTESIAN_POINT('',(3.21184917988E-02,42.342343492697));
#2843 = CARTESIAN_POINT('',(3.213508495249E-02,42.366035894429));
#2844 = CARTESIAN_POINT('',(3.214798043376E-02,42.389738959493));
#2845 = CARTESIAN_POINT('',(3.215636564481E-02,42.413438877976));
#2846 = CARTESIAN_POINT('',(3.215840958354E-02,42.429235149226));
#2847 = CARTESIAN_POINT('',(3.215840999386E-02,42.437131427083));
#2848 = ( GEOMETRIC_REPRESENTATION_CONTEXT(2) 
PARAMETRIC_REPRESENTATION_CONTEXT() REPRESENTATION_CONTEXT('2D SPACE',''
  ) );
#2849 = ORIENTED_EDGE('',*,*,#2850,.F.);
#2850 = EDGE_CURVE('',#2247,#2444,#2851,.T.);
#2851 = SURFACE_CURVE('',#2852,(#2856,#2863),.PCURVE_S1.);
#2852 = LINE('',#2853,#2854);
#2853 = CARTESIAN_POINT('',(-0.892670023522,6.197392646479,
    0.892670023522));
#2854 = VECTOR('',#2855,1.);
#2855 = DIRECTION('',(-0.707106781187,0.,-0.707106781187));
#2856 = PCURVE('',#2229,#2857);
#2857 = DEFINITIONAL_REPRESENTATION('',(#2858),#2862);
#2858 = LINE('',#2859,#2860);
#2859 = CARTESIAN_POINT('',(3.14159265359,0.));
#2860 = VECTOR('',#2861,1.);
#2861 = DIRECTION('',(6.427722452213E-15,1.));
#2862 = ( GEOMETRIC_REPRESENTATION_CONTEXT(2) 
PARAMETRIC_REPRESENTATION_CONTEXT() REPRESENTATION_CONTEXT('2D SPACE',''
  ) );
#2863 = PCURVE('',#2864,#2869);
#2864 = CYLINDRICAL_SURFACE('',#2865,1.2645);
#2865 = AXIS2_PLACEMENT_3D('',#2866,#2867,#2868);
#2866 = CARTESIAN_POINT('',(0.,6.124999910593,0.));
#2867 = DIRECTION('',(-0.707106781187,0.,-0.707106781187));
#2868 = DIRECTION('',(0.705947033232,-5.725008769129E-02,-0.705947033232
    ));
#2869 = DEFINITIONAL_REPRESENTATION('',(#2870),#2874);
#2870 = LINE('',#2871,#2872);
#2871 = CARTESIAN_POINT('',(3.14159265359,0.));
#2872 = VECTOR('',#2873,1.);
#2873 = DIRECTION('',(6.427722452213E-15,1.));
#2874 = ( GEOMETRIC_REPRESENTATION_CONTEXT(2) 
PARAMETRIC_REPRESENTATION_CONTEXT() REPRESENTATION_CONTEXT('2D SPACE',''
  ) );
#2875 = ADVANCED_FACE('',(#2876),#2864,.F.);
#2876 = FACE_BOUND('',#2877,.F.);
#2877 = EDGE_LOOP('',(#2878,#3024,#3025,#3432));
#2878 = ORIENTED_EDGE('',*,*,#2879,.F.);
#2879 = EDGE_CURVE('',#2247,#2880,#2882,.T.);
#2880 = VERTEX_POINT('',#2881);
#2881 = CARTESIAN_POINT('',(-4.237348437687,6.197392663693,
    -2.452008392038));
#2882 = SURFACE_CURVE('',#2883,(#3012,#3018),.PCURVE_S1.);
#2883 = B_SPLINE_CURVE_WITH_KNOTS('',3,(#2884,#2885,#2886,#2887,#2888,
    #2889,#2890,#2891,#2892,#2893,#2894,#2895,#2896,#2897,#2898,#2899,
    #2900,#2901,#2902,#2903,#2904,#2905,#2906,#2907,#2908,#2909,#2910,
    #2911,#2912,#2913,#2914,#2915,#2916,#2917,#2918,#2919,#2920,#2921,
    #2922,#2923,#2924,#2925,#2926,#2927,#2928,#2929,#2930,#2931,#2932,
    #2933,#2934,#2935,#2936,#2937,#2938,#2939,#2940,#2941,#2942,#2943,
    #2944,#2945,#2946,#2947,#2948,#2949,#2950,#2951,#2952,#2953,#2954,
    #2955,#2956,#2957,#2958,#2959,#2960,#2961,#2962,#2963,#2964,#2965,
    #2966,#2967,#2968,#2969,#2970,#2971,#2972,#2973,#2974,#2975,#2976,
    #2977,#2978,#2979,#2980,#2981,#2982,#2983,#2984,#2985,#2986,#2987,
    #2988,#2989,#2990,#2991,#2992,#2993,#2994,#2995,#2996,#2997,#2998,
    #2999,#3000,#3001,#3002,#3003,#3004,#3005,#3006,#3007,#3008,#3009,
    #3010,#3011),.UNSPECIFIED.,.F.,.F.,(4,2,2,2,2,2,2,2,2,2,2,2,2,2,2,2,
    2,2,2,2,2,2,2,2,2,2,2,2,2,2,2,2,2,2,2,2,2,2,2,2,2,2,2,2,2,2,2,2,2,2,
    2,2,2,2,2,2,2,2,2,2,2,2,2,4),(-1.002851289754,-0.993844874274,
    -0.981161615641,-0.972756608815,-0.963269191253,-0.938007744324,
    -0.918454752797,-0.912654798135,-0.907606132092,-0.897715037364,
    -0.872125221029,-0.857001610307,-0.848357462844,-0.839405113433,
    -0.806856502573,-0.796443079017,-0.788831349588,-0.784002641118,
    -0.777221268194,-0.768508152427,-0.742101428619,-0.729443647861,
    -0.721040145862,-0.71154216382,-0.700993809762,-0.67811997406,
    -0.665951504778,-0.660459089782,-0.65521852128,-0.643644174545,
    -0.620885681869,-0.605479421717,-0.596807648484,-0.587890678318,
    -0.569445713644,-0.544976452509,-0.537264406527,-0.532430548015,
    -0.525721632184,-0.503198764165,-0.481690046002,-0.472563401129,
    -0.464022598051,-0.449950664432,-0.428397251521,-0.414612275683,
    -0.409008239781,-0.403848455631,-0.393002100103,-0.373319945645,
    -0.355751784291,-0.346657388673,-0.338097811069,-0.32384692868,
    -0.301674542871,-0.288804032746,-0.283197289317,-0.278039659452,
    -0.267210242655,-0.247594392875,-0.230727354567,-0.221418098912,
    -0.212956199715,-0.206588940183),.UNSPECIFIED.);
#2884 = CARTESIAN_POINT('',(-4.591282294125,6.197392795915,
    -2.805942259199));
#2885 = CARTESIAN_POINT('',(-4.591049292004,6.167508216529,
    -2.80328570651));
#2886 = CARTESIAN_POINT('',(-4.590076307649,6.137557147955,
    -2.801389425322));
#2887 = CARTESIAN_POINT('',(-4.585959467064,6.0654042941,-2.798677102884
    ));
#2888 = CARTESIAN_POINT('',(-4.582096122015,6.023264284116,
    -2.798621267054));
#2889 = CARTESIAN_POINT('',(-4.573275638314,5.953546906346,
    -2.801075694993));
#2890 = CARTESIAN_POINT('',(-4.569129246207,5.92587158429,
    -2.802725802269));
#2891 = CARTESIAN_POINT('',(-4.558967789325,5.867290702951,
    -2.807657929561));
#2892 = CARTESIAN_POINT('',(-4.552784588799,5.836449399197,
    -2.811121009811));
#2893 = CARTESIAN_POINT('',(-4.527245240356,5.724535017785,
    -2.826858487112));
#2894 = CARTESIAN_POINT('',(-4.503158200718,5.645494396749,
    -2.844179231232));
#2895 = CARTESIAN_POINT('',(-4.450816448237,5.511459077941,
    -2.884442178862));
#2896 = CARTESIAN_POINT('',(-4.424810718906,5.455277529009,
    -2.905161694355));
#2897 = CARTESIAN_POINT('',(-4.387068525268,5.386060273175,
    -2.935654705695));
#2898 = CARTESIAN_POINT('',(-4.37816638788,5.370481438312,
    -2.942872272709));
#2899 = CARTESIAN_POINT('',(-4.361018576415,5.341843118309,
    -2.956804977051));
#2900 = CARTESIAN_POINT('',(-4.352838859311,5.328722386876,
    -2.963461690318));
#2901 = CARTESIAN_POINT('',(-4.328063246079,5.290529701902,
    -2.983665603629));
#2902 = CARTESIAN_POINT('',(-4.310928353614,5.266077340144,
    -2.997692135386));
#2903 = CARTESIAN_POINT('',(-4.247037161103,5.181552810602,
    -3.050280850868));
#2904 = CARTESIAN_POINT('',(-4.196595364359,5.126744099045,
    -3.092338365079));
#2905 = CARTESIAN_POINT('',(-4.110895852708,5.050656607198,
    -3.16508648748));
#2906 = CARTESIAN_POINT('',(-4.077937494656,5.024899056088,
    -3.193324158365));
#2907 = CARTESIAN_POINT('',(-4.024657854675,4.988575510418,
    -3.239384637594));
#2908 = CARTESIAN_POINT('',(-4.004987332706,4.976239567932,
    -3.256472369363));
#2909 = CARTESIAN_POINT('',(-3.964412401229,4.952952527776,
    -3.291875955803));
#2910 = CARTESIAN_POINT('',(-3.943502093403,4.942073993143,
    -3.310202475897));
#2911 = CARTESIAN_POINT('',(-3.845480703056,4.896230790295,
    -3.396435676537));
#2912 = CARTESIAN_POINT('',(-3.76596829993,4.873555959771,
    -3.467360110521));
#2913 = CARTESIAN_POINT('',(-3.659372005921,4.86188855355,
    -3.562303618685));
#2914 = CARTESIAN_POINT('',(-3.633451046739,4.860482031143,
    -3.585374256086));
#2915 = CARTESIAN_POINT('',(-3.58850810601,4.860513276533,
    -3.625262366974));
#2916 = CARTESIAN_POINT('',(-3.569516957051,4.861287601894,
    -3.642082636423));
#2917 = CARTESIAN_POINT('',(-3.538482639181,4.863794826185,
    -3.669479753041));
#2918 = CARTESIAN_POINT('',(-3.526441591902,4.865073346625,
    -3.680086584055));
#2919 = CARTESIAN_POINT('',(-3.497508459512,4.868880438995,
    -3.705513993975));
#2920 = CARTESIAN_POINT('',(-3.480633232657,4.871704468429,
    -3.720298251421));
#2921 = CARTESIAN_POINT('',(-3.44218547927,4.879521082003,
    -3.753899525594));
#2922 = CARTESIAN_POINT('',(-3.420654707798,4.884900128572,
    -3.772656623956));
#2923 = CARTESIAN_POINT('',(-3.334428108465,4.910505601369,
    -3.847610921417));
#2924 = CARTESIAN_POINT('',(-3.271093986176,4.938637341382,
    -3.902316798405));
#2925 = CARTESIAN_POINT('',(-3.181388347294,4.992717926124,
    -3.97972520182));
#2926 = CARTESIAN_POINT('',(-3.15299236272,5.012144253187,
    -4.004210661093));
#2927 = CARTESIAN_POINT('',(-3.107037592708,5.04751572408,
    -4.043808521165));
#2928 = CARTESIAN_POINT('',(-3.089056729645,5.062426553706,
    -4.059293938724));
#2929 = CARTESIAN_POINT('',(-3.051567146152,5.095837811419,
    -4.09155233614));
#2930 = CARTESIAN_POINT('',(-3.032178135382,5.114540668768,
    -4.108218660627));
#2931 = CARTESIAN_POINT('',(-2.992385680602,5.155992609239,
    -4.142357475629));
#2932 = CARTESIAN_POINT('',(-2.972125279091,5.178941633593,
    -4.159699875472));
#2933 = CARTESIAN_POINT('',(-2.910198963119,5.255071097131,
    -4.212489811274));
#2934 = CARTESIAN_POINT('',(-2.87132263658,5.31207883248,-4.245306448419
    ));
#2935 = CARTESIAN_POINT('',(-2.817511604654,5.405866659147,
    -4.289549624377));
#2936 = CARTESIAN_POINT('',(-2.799918333358,5.439569642349,
    -4.303770286865));
#2937 = CARTESIAN_POINT('',(-2.775996369884,5.48996202668,
    -4.322619273147));
#2938 = CARTESIAN_POINT('',(-2.76878605986,5.505834754914,
    -4.328227457877));
#2939 = CARTESIAN_POINT('',(-2.755145965116,5.537223212954,
    -4.338675475304));
#2940 = CARTESIAN_POINT('',(-2.748696908152,5.552718212944,
    -4.343537246735));
#2941 = CARTESIAN_POINT('',(-2.72870239303,5.602945772292,
    -4.358366375291));
#2942 = CARTESIAN_POINT('',(-2.716009862589,5.638272498103,
    -4.367396408192));
#2943 = CARTESIAN_POINT('',(-2.681725759408,5.744966264035,
    -4.390681490047));
#2944 = CARTESIAN_POINT('',(-2.663457012161,5.817976298924,
    -4.401517904911));
#2945 = CARTESIAN_POINT('',(-2.64086773013,5.942761152022,
    -4.411955296112));
#2946 = CARTESIAN_POINT('',(-2.633965714498,5.993665189206,
    -4.414043717968));
#2947 = CARTESIAN_POINT('',(-2.626715277522,6.073614135581,
    -4.413976973213));
#2948 = CARTESIAN_POINT('',(-2.624822628284,6.102463881455,
    -4.413277286257));
#2949 = CARTESIAN_POINT('',(-2.622443759904,6.160990559407,
    -4.410484771971));
#2950 = CARTESIAN_POINT('',(-2.621999589284,6.1906491052,-4.408354013492
    ));
#2951 = CARTESIAN_POINT('',(-2.622961115402,6.281450216664,
    -4.399616168119));
#2952 = CARTESIAN_POINT('',(-2.626852115956,6.342245475061,
    -4.390673992407));
#2953 = CARTESIAN_POINT('',(-2.643185203203,6.481611668014,
    -4.362732628841));
#2954 = CARTESIAN_POINT('',(-2.657966674427,6.559159272668,
    -4.341473181261));
#2955 = CARTESIAN_POINT('',(-2.683923914007,6.657207540238,
    -4.306498405393));
#2956 = CARTESIAN_POINT('',(-2.690629565395,6.680382594378,
    -4.297594917276));
#2957 = CARTESIAN_POINT('',(-2.702294048075,6.717508220836,
    -4.282264209622));
#2958 = CARTESIAN_POINT('',(-2.706968733656,6.731668521717,
    -4.27615457657));
#2959 = CARTESIAN_POINT('',(-2.718556323073,6.76512801215,
    -4.261083152246));
#2960 = CARTESIAN_POINT('',(-2.725632212521,6.784280482504,
    -4.251939832259));
#2961 = CARTESIAN_POINT('',(-2.757938182042,6.866358214731,
    -4.210495868927));
#2962 = CARTESIAN_POINT('',(-2.786593551444,6.925898787506,
    -4.17449413933));
#2963 = CARTESIAN_POINT('',(-2.849602644966,7.033696432253,
    -4.097280154193));
#2964 = CARTESIAN_POINT('',(-2.883533626279,7.082154700857,
    -4.056509613927));
#2965 = CARTESIAN_POINT('',(-2.935893833839,7.144447197187,
    -3.994770204262));
#2966 = CARTESIAN_POINT('',(-2.951984055202,7.162134231572,
    -3.975932308742));
#2967 = CARTESIAN_POINT('',(-2.984019132031,7.19462072961,
    -3.938670171221));
#2968 = CARTESIAN_POINT('',(-2.999897621015,7.209523169163,
    -3.920307859516));
#2969 = CARTESIAN_POINT('',(-3.042893762438,7.246787645251,
    -3.870837983279));
#2970 = CARTESIAN_POINT('',(-3.070596750933,7.267700491088,
    -3.839218355169));
#2971 = CARTESIAN_POINT('',(-3.142723250638,7.314634674957,
    -3.757339142944));
#2972 = CARTESIAN_POINT('',(-3.188070905717,7.337371021263,
    -3.706266620993));
#2973 = CARTESIAN_POINT('',(-3.264120547805,7.364968680294,
    -3.62061189465));
#2974 = CARTESIAN_POINT('',(-3.294149050319,7.373297403035,
    -3.586785854069));
#2975 = CARTESIAN_POINT('',(-3.336621827252,7.381534627425,
    -3.538753306901));
#2976 = CARTESIAN_POINT('',(-3.348920020955,7.383505780826,
    -3.524823078273));
#2977 = CARTESIAN_POINT('',(-3.372558601271,7.386502512208,
    -3.497987543505));
#2978 = CARTESIAN_POINT('',(-3.383894296339,7.38759029461,
    -3.485091419675));
#2979 = CARTESIAN_POINT('',(-3.419057500741,7.389881442788,
    -3.445018598628));
#2980 = CARTESIAN_POINT('',(-3.442870751646,7.389890069694,
    -3.417782822043));
#2981 = CARTESIAN_POINT('',(-3.509729029959,7.385570975179,
    -3.341165921285));
#2982 = CARTESIAN_POINT('',(-3.552547706521,7.377711182818,
    -3.291930050433));
#2983 = CARTESIAN_POINT('',(-3.632476411876,7.353363790093,
    -3.200047841123));
#2984 = CARTESIAN_POINT('',(-3.66961213892,7.337921890611,-3.15736833427
    ));
#2985 = CARTESIAN_POINT('',(-3.724742311209,7.308641729493,
    -3.094079502425));
#2986 = CARTESIAN_POINT('',(-3.743311202141,7.29763196247,
    -3.072773997409));
#2987 = CARTESIAN_POINT('',(-3.778826128178,7.274315100637,
    -3.032038265969));
#2988 = CARTESIAN_POINT('',(-3.795792920282,7.262129221391,
    -3.012583375753));
#2989 = CARTESIAN_POINT('',(-3.840245748752,7.227362469475,
    -2.961603379971));
#2990 = CARTESIAN_POINT('',(-3.867189252302,7.203286046392,
    -2.930696743692));
#2991 = CARTESIAN_POINT('',(-3.933522571328,7.136015942552,
    -2.854399733394));
#2992 = CARTESIAN_POINT('',(-3.971374934733,7.089771023282,
    -2.810665738702));
#2993 = CARTESIAN_POINT('',(-4.026200005672,7.009148961146,
    -2.746297094763));
#2994 = CARTESIAN_POINT('',(-4.045231109323,6.977986945338,
    -2.723710988408));
#2995 = CARTESIAN_POINT('',(-4.070790157974,6.931197457703,
    -2.692854113892));
#2996 = CARTESIAN_POINT('',(-4.07830943534,6.916734424794,
    -2.683702163922));
#2997 = CARTESIAN_POINT('',(-4.092273240065,6.888478312567,
    -2.666541518262));
#2998 = CARTESIAN_POINT('',(-4.098753463923,6.874727858852,
    -2.658501660984));
#2999 = CARTESIAN_POINT('',(-4.11818338791,6.831475556516,
    -2.634168416556));
#3000 = CARTESIAN_POINT('',(-4.130403929912,6.80129707878,
    -2.618531094851));
#3001 = CARTESIAN_POINT('',(-4.162079805978,6.714215215762,
    -2.577124197516));
#3002 = CARTESIAN_POINT('',(-4.179320062355,6.65561607843,-2.55348893345
    ));
#3003 = CARTESIAN_POINT('',(-4.205361122833,6.542967261278,
    -2.515739372491));
#3004 = CARTESIAN_POINT('',(-4.214977469745,6.489551607182,
    -2.500794905813));
#3005 = CARTESIAN_POINT('',(-4.226064836136,6.405129489803,
    -2.481675666203));
#3006 = CARTESIAN_POINT('',(-4.229250486362,6.374835028378,
    -2.475681521569));
#3007 = CARTESIAN_POINT('',(-4.233869082575,6.316602494071,
    -2.465795900682));
#3008 = CARTESIAN_POINT('',(-4.23543380177,6.288717625144,
    -2.461765486623));
#3009 = CARTESIAN_POINT('',(-4.237052025002,6.239656448936,
    -2.455893379696));
#3010 = CARTESIAN_POINT('',(-4.23738329172,6.218540031881,
    -2.453758231636));
#3011 = CARTESIAN_POINT('',(-4.237348437687,6.197392663693,
    -2.452008392038));
#3012 = PCURVE('',#2864,#3013);
#3013 = DEFINITIONAL_REPRESENTATION('',(#3014),#3017);
#3014 = B_SPLINE_CURVE_WITH_KNOTS('',1,(#3015,#3016),.UNSPECIFIED.,.F.,
  .F.,(2,2),(-1.002851289754,-0.206588940183),.PIECEWISE_BEZIER_KNOTS.);
#3015 = CARTESIAN_POINT('',(3.141592771962,5.230627643615));
#3016 = CARTESIAN_POINT('',(-3.141592639954,4.730089576075));
#3017 = ( GEOMETRIC_REPRESENTATION_CONTEXT(2) 
PARAMETRIC_REPRESENTATION_CONTEXT() REPRESENTATION_CONTEXT('2D SPACE',''
  ) );
#3018 = PCURVE('',#903,#3019);
#3019 = DEFINITIONAL_REPRESENTATION('',(#3020),#3023);
#3020 = B_SPLINE_CURVE_WITH_KNOTS('',1,(#3021,#3022),.UNSPECIFIED.,.F.,
  .F.,(2,2),(-1.002851289754,-0.206588940183),.PIECEWISE_BEZIER_KNOTS.);
#3021 = CARTESIAN_POINT('',(6.24170408114E-05,29.901543331193));
#3022 = CARTESIAN_POINT('',(1.92219019984E-04,23.619752166768));
#3023 = ( GEOMETRIC_REPRESENTATION_CONTEXT(2) 
PARAMETRIC_REPRESENTATION_CONTEXT() REPRESENTATION_CONTEXT('2D SPACE',''
  ) );
#3024 = ORIENTED_EDGE('',*,*,#2850,.T.);
#3025 = ORIENTED_EDGE('',*,*,#3026,.F.);
#3026 = EDGE_CURVE('',#3027,#2444,#3029,.T.);
#3027 = VERTEX_POINT('',#3028);
#3028 = CARTESIAN_POINT('',(-4.334249130431,6.197392644317,
    -2.548909083211));
#3029 = SURFACE_CURVE('',#3030,(#3155,#3161),.PCURVE_S1.);
#3030 = B_SPLINE_CURVE_WITH_KNOTS('',3,(#3031,#3032,#3033,#3034,#3035,
    #3036,#3037,#3038,#3039,#3040,#3041,#3042,#3043,#3044,#3045,#3046,
    #3047,#3048,#3049,#3050,#3051,#3052,#3053,#3054,#3055,#3056,#3057,
    #3058,#3059,#3060,#3061,#3062,#3063,#3064,#3065,#3066,#3067,#3068,
    #3069,#3070,#3071,#3072,#3073,#3074,#3075,#3076,#3077,#3078,#3079,
    #3080,#3081,#3082,#3083,#3084,#3085,#3086,#3087,#3088,#3089,#3090,
    #3091,#3092,#3093,#3094,#3095,#3096,#3097,#3098,#3099,#3100,#3101,
    #3102,#3103,#3104,#3105,#3106,#3107,#3108,#3109,#3110,#3111,#3112,
    #3113,#3114,#3115,#3116,#3117,#3118,#3119,#3120,#3121,#3122,#3123,
    #3124,#3125,#3126,#3127,#3128,#3129,#3130,#3131,#3132,#3133,#3134,
    #3135,#3136,#3137,#3138,#3139,#3140,#3141,#3142,#3143,#3144,#3145,
    #3146,#3147,#3148,#3149,#3150,#3151,#3152,#3153,#3154),
  .UNSPECIFIED.,.F.,.F.,(4,2,2,2,2,2,2,2,2,2,2,2,2,2,2,2,2,2,2,2,2,2,2,2
    ,2,2,2,2,2,2,2,2,2,2,2,2,2,2,2,2,2,2,2,2,2,2,2,2,2,2,2,2,2,2,2,2,2,2
    ,2,2,2,4),(-1.58885550839,-1.565523155613,-1.54899545197,
    -1.540020322813,-1.530727642947,-1.509540301235,-1.487647837411,
    -1.480869539451,-1.475900618523,-1.46756289561,-1.455521838967,
    -1.427599544724,-1.418218124036,-1.409299799518,-1.393475533529,
    -1.364586496002,-1.357715179388,-1.352708178371,-1.344459020255,
    -1.332630932122,-1.304140237389,-1.294808713987,-1.28586042487,
    -1.269664282374,-1.239387881278,-1.233308705068,-1.228082983767,
    -1.217449087988,-1.198528893523,-1.180481366336,-1.171241154892,
    -1.162223934362,-1.145155418734,-1.120897588727,-1.112419000543,
    -1.10739524296,-1.10051520304,-1.078506057141,-1.057462131217,
    -1.048168418767,-1.039184982827,-1.022593930834,-0.998568205878,
    -0.989541694754,-0.984476682888,-0.97788879406,-0.969589035558,
    -0.946539365522,-0.931815410393,-0.922997317953,-0.913447022301,
    -0.902983035377,-0.881052944445,-0.870120201046,-0.863846843,
    -0.858702222917,-0.848837619316,-0.832574061466,-0.810966015356,
    -0.801661463767,-0.792689850721,-0.792411601721),.UNSPECIFIED.);
#3031 = CARTESIAN_POINT('',(-4.334249130431,6.197392644317,
    -2.548909083211));
#3032 = CARTESIAN_POINT('',(-4.334800382991,6.27486130756,
    -2.555742800917));
#3033 = CARTESIAN_POINT('',(-4.330415264793,6.351761265619,
    -2.567711364216));
#3034 = CARTESIAN_POINT('',(-4.31435304584,6.480503588933,
    -2.596447600544));
#3035 = CARTESIAN_POINT('',(-4.305194596472,6.532977309491,
    -2.61076954217));
#3036 = CARTESIAN_POINT('',(-4.287280243485,6.612029904851,
    -2.63642979024));
#3037 = CARTESIAN_POINT('',(-4.280259059692,6.639459453383,
    -2.646133338055));
#3038 = CARTESIAN_POINT('',(-4.264541122171,6.69438827829,-2.66722263933
    ));
#3039 = CARTESIAN_POINT('',(-4.255799309164,6.721836648934,
    -2.678648442568));
#3040 = CARTESIAN_POINT('',(-4.224755338908,6.810067984789,
    -2.71836025544));
#3041 = CARTESIAN_POINT('',(-4.199470365521,6.86838585443,
    -2.749428971044));
#3042 = CARTESIAN_POINT('',(-4.141327699313,6.979598991967,
    -2.819261460028));
#3043 = CARTESIAN_POINT('',(-4.108362209666,7.032030145792,
    -2.858111511333));
#3044 = CARTESIAN_POINT('',(-4.061487290605,7.094581002785,
    -2.91311322091));
#3045 = CARTESIAN_POINT('',(-4.050143414747,7.108909828513,
    -2.926408457201));
#3046 = CARTESIAN_POINT('',(-4.030064189723,7.132920139369,
    -2.949943477124));
#3047 = CARTESIAN_POINT('',(-4.021444419814,7.142817820641,
    -2.960048953099));
#3048 = CARTESIAN_POINT('',(-3.998031028937,7.168620279716,
    -2.987500432806));
#3049 = CARTESIAN_POINT('',(-3.983019258234,7.184040617759,
    -3.005101000665));
#3050 = CARTESIAN_POINT('',(-3.945530654052,7.219844030193,
    -3.049003463119));
#3051 = CARTESIAN_POINT('',(-3.922718809193,7.239370575325,
    -3.075674665339));
#3052 = CARTESIAN_POINT('',(-3.844992597839,7.298555467263,
    -3.166242392656));
#3053 = CARTESIAN_POINT('',(-3.787623588651,7.330629409154,
    -3.232563070475));
#3054 = CARTESIAN_POINT('',(-3.70811802574,7.360296265849,
    -3.323469691056));
#3055 = CARTESIAN_POINT('',(-3.68791079271,7.366633117262,
    -3.346497546963));
#3056 = CARTESIAN_POINT('',(-3.64816410966,7.376775389562,-3.39165344652
    ));
#3057 = CARTESIAN_POINT('',(-3.628653616089,7.380687099546,
    -3.413755452558));
#3058 = CARTESIAN_POINT('',(-3.574249463925,7.388657877372,
    -3.475239801654));
#3059 = CARTESIAN_POINT('',(-3.539196737385,7.39047742842,
    -3.514686282692));
#3060 = CARTESIAN_POINT('',(-3.440133850711,7.386321897691,
    -3.625987309913));
#3061 = CARTESIAN_POINT('',(-3.376440040896,7.372685493589,
    -3.697317182083));
#3062 = CARTESIAN_POINT('',(-3.300102108815,7.34258358448,
    -3.783781743844));
#3063 = CARTESIAN_POINT('',(-3.285563995652,7.336201064132,
    -3.800296190436));
#3064 = CARTESIAN_POINT('',(-3.26069814817,7.324145782856,
    -3.828653983974));
#3065 = CARTESIAN_POINT('',(-3.250302566711,7.31875204368,
    -3.840545714496));
#3066 = CARTESIAN_POINT('',(-3.223018539825,7.303652314398,
    -3.871850870417));
#3067 = CARTESIAN_POINT('',(-3.206291238465,7.293419947307,
    -3.891138039369));
#3068 = CARTESIAN_POINT('',(-3.166233090599,7.266521856206,
    -3.937511778061));
#3069 = CARTESIAN_POINT('',(-3.143205603896,7.249004533367,
    -3.964328118527));
#3070 = CARTESIAN_POINT('',(-3.066840361635,7.183793575454,-4.0536465854
    ));
#3071 = CARTESIAN_POINT('',(-3.016708876582,7.128546784227,
    -4.112917153861));
#3072 = CARTESIAN_POINT('',(-2.956337416272,7.044409789255,
    -4.184840008852));
#3073 = CARTESIAN_POINT('',(-2.941964449096,7.022807375758,
    -4.202016711852));
#3074 = CARTESIAN_POINT('',(-2.91489320525,6.978920990419,
    -4.234488100665));
#3075 = CARTESIAN_POINT('',(-2.902159095733,6.956715510034,-4.249820726)
  );
#3076 = CARTESIAN_POINT('',(-2.867912673251,6.892404114212,
    -4.291257524924));
#3077 = CARTESIAN_POINT('',(-2.847679441524,6.848816070694,
    -4.315981533641));
#3078 = CARTESIAN_POINT('',(-2.795368647161,6.718296355038,
    -4.380998780023));
#3079 = CARTESIAN_POINT('',(-2.768471869965,6.62712002921,-4.4158836181)
  );
#3080 = CARTESIAN_POINT('',(-2.746155620145,6.512589547616,
    -4.448591297036));
#3081 = CARTESIAN_POINT('',(-2.742763213252,6.493286340214,
    -4.45374792341));
#3082 = CARTESIAN_POINT('',(-2.737100551486,6.45713826426,
    -4.462757860435));
#3083 = CARTESIAN_POINT('',(-2.734741049063,6.440333636476,
    -4.466691955564));
#3084 = CARTESIAN_POINT('',(-2.72836090188,6.389075666739,
    -4.477918057765));
#3085 = CARTESIAN_POINT('',(-2.725149870586,6.354374788896,
    -4.484466710515));
#3086 = CARTESIAN_POINT('',(-2.719160204842,6.257264830243,
    -4.499848150708));
#3087 = CARTESIAN_POINT('',(-2.718672890596,6.19446122902,
    -4.506461451744));
#3088 = CARTESIAN_POINT('',(-2.724126112424,6.071530126181,
    -4.512814502774));
#3089 = CARTESIAN_POINT('',(-2.729764411107,6.011563709689,
    -4.512849315964));
#3090 = CARTESIAN_POINT('',(-2.742700950555,5.921653619887,
    -4.508234934083));
#3091 = CARTESIAN_POINT('',(-2.747842824311,5.891369640016,
    -4.505865570766));
#3092 = CARTESIAN_POINT('',(-2.759492085255,5.831970138795,
    -4.499603341387));
#3093 = CARTESIAN_POINT('',(-2.76595974966,5.802863394702,
    -4.495750677296));
#3094 = CARTESIAN_POINT('',(-2.786716788138,5.719486119322,
    -4.482442916589));
#3095 = CARTESIAN_POINT('',(-2.802807059805,5.666051125964,
    -4.471070796924));
#3096 = CARTESIAN_POINT('',(-2.847731448509,5.540262414639,
    -4.437421739175));
#3097 = CARTESIAN_POINT('',(-2.878967223977,5.469724390322,
    -4.412647668227));
#3098 = CARTESIAN_POINT('',(-2.927492280167,5.380281591272,
    -4.373279680454));
#3099 = CARTESIAN_POINT('',(-2.940623443691,5.357663172546,
    -4.36255878817));
#3100 = CARTESIAN_POINT('',(-2.962419515154,5.322573895863,
    -4.344701701406));
#3101 = CARTESIAN_POINT('',(-2.97072144621,5.309728494235,-4.33788786495
    ));
#3102 = CARTESIAN_POINT('',(-2.990845184711,5.279799603815,
    -4.321349161558));
#3103 = CARTESIAN_POINT('',(-3.002826802924,5.262912750405,
    -4.311482259697));
#3104 = CARTESIAN_POINT('',(-3.054530533447,5.193809438795,
    -4.268781375233));
#3105 = CARTESIAN_POINT('',(-3.097219637172,5.14568106385,
    -4.233223142681));
#3106 = CARTESIAN_POINT('',(-3.185976809576,5.061429457688,
    -4.158268640468));
#3107 = CARTESIAN_POINT('',(-3.231667016031,5.025011764555,
    -4.119232518933));
#3108 = CARTESIAN_POINT('',(-3.30013484621,4.979923445773,
    -4.060024081914));
#3109 = CARTESIAN_POINT('',(-3.321439266972,4.967128991836,
    -4.041510277009));
#3110 = CARTESIAN_POINT('',(-3.363906649583,4.94402047496,
    -4.004439244762));
#3111 = CARTESIAN_POINT('',(-3.385036890901,4.933645329324,
    -3.985916100735));
#3112 = CARTESIAN_POINT('',(-3.445825691593,4.906963493954,
    -3.932435998765));
#3113 = CARTESIAN_POINT('',(-3.485951412156,4.893104085012,
    -3.89690415957));
#3114 = CARTESIAN_POINT('',(-3.585387264613,4.867840933959,
    -3.808562703513));
#3115 = CARTESIAN_POINT('',(-3.644997659889,4.860380671201,
    -3.75535217893));
#3116 = CARTESIAN_POINT('',(-3.727369160609,4.860546691237,
    -3.682194921398));
#3117 = CARTESIAN_POINT('',(-3.749875643676,4.861662061868,
    -3.66224582886));
#3118 = CARTESIAN_POINT('',(-3.784988082845,4.865069631805,
    -3.631235854857));
#3119 = CARTESIAN_POINT('',(-3.797599681101,4.866629996749,
    -3.620121161019));
#3120 = CARTESIAN_POINT('',(-3.826588153288,4.870990507149,
    -3.59463577353));
#3121 = CARTESIAN_POINT('',(-3.842947525054,4.87402122774,
    -3.580296668136));
#3122 = CARTESIAN_POINT('',(-3.879803036513,4.882140720409,
    -3.548070037582));
#3123 = CARTESIAN_POINT('',(-3.900260364107,4.887557639292,
    -3.530236535551));
#3124 = CARTESIAN_POINT('',(-3.977036204254,4.911347088641,
    -3.463453498324));
#3125 = CARTESIAN_POINT('',(-4.032321418292,4.935590568798,
    -3.415647731874));
#3126 = CARTESIAN_POINT('',(-4.119700898245,4.985896128662,
    -3.340212357793));
#3127 = CARTESIAN_POINT('',(-4.152889677191,5.008097057385,
    -3.311595953112));
#3128 = CARTESIAN_POINT('',(-4.20428749614,5.047562269809,
    -3.267325440246));
#3129 = CARTESIAN_POINT('',(-4.223150072319,5.063222789777,
    -3.251090008455));
#3130 = CARTESIAN_POINT('',(-4.261564972976,5.097615256699,
    -3.218060592847));
#3131 = CARTESIAN_POINT('',(-4.281030401461,5.116481656358,
    -3.201344234949));
#3132 = CARTESIAN_POINT('',(-4.320687792371,5.158000190134,
    -3.167358519808));
#3133 = CARTESIAN_POINT('',(-4.340753401928,5.180823354991,-3.1502043328
    ));
#3134 = CARTESIAN_POINT('',(-4.400688330833,5.254755504365,
    -3.099180568697));
#3135 = CARTESIAN_POINT('',(-4.438041788083,5.309308974687,
    -3.067688103057));
#3136 = CARTESIAN_POINT('',(-4.488854516098,5.396893137943,
    -3.025881884704));
#3137 = CARTESIAN_POINT('',(-4.504878990839,5.426955212135,
    -3.012888940935));
#3138 = CARTESIAN_POINT('',(-4.528690636813,5.475589788564,
    -2.993983851874));
#3139 = CARTESIAN_POINT('',(-4.537074020369,5.493590769113,
    -2.987417063807));
#3140 = CARTESIAN_POINT('',(-4.551786218592,5.526812723428,
    -2.976079845806));
#3141 = CARTESIAN_POINT('',(-4.558212024193,5.541946532965,
    -2.97120110511));
#3142 = CARTESIAN_POINT('',(-4.57635131098,5.586554722546,
    -2.957639708297));
#3143 = CARTESIAN_POINT('',(-4.587500343763,5.616432847339,
    -2.949577247306));
#3144 = CARTESIAN_POINT('',(-4.614876946787,5.696872720176,
    -2.930482255803));
#3145 = CARTESIAN_POINT('',(-4.629679858102,5.748202388952,
    -2.920932338095));
#3146 = CARTESIAN_POINT('',(-4.658610259539,5.869926930366,
    -2.904152167462));
#3147 = CARTESIAN_POINT('',(-4.670862782351,5.940831799831,
    -2.898740619449));
#3148 = CARTESIAN_POINT('',(-4.682054627062,6.043249344664,
    -2.89698599821));
#3149 = CARTESIAN_POINT('',(-4.684599467422,6.074169200675,
    -2.897235677627));
#3150 = CARTESIAN_POINT('',(-4.687973990231,6.134962698077,
    -2.899258351453));
#3151 = CARTESIAN_POINT('',(-4.688860722206,6.164814598932,
    -2.900975890443));
#3152 = CARTESIAN_POINT('',(-4.688984604016,6.19554408952,
    -2.903496084922));
#3153 = CARTESIAN_POINT('',(-4.688987593308,6.196468404582,
    -2.903572593147));
#3154 = CARTESIAN_POINT('',(-4.688989845616,6.1973926463,-2.903649798557
    ));
#3155 = PCURVE('',#2864,#3156);
#3156 = DEFINITIONAL_REPRESENTATION('',(#3157),#3160);
#3157 = B_SPLINE_CURVE_WITH_KNOTS('',1,(#3158,#3159),.UNSPECIFIED.,.F.,
  .F.,(2,2),(-1.58885550839,-0.792411601721),.PIECEWISE_BEZIER_KNOTS.);
#3158 = CARTESIAN_POINT('',(-3.141592655302,4.867127848846));
#3159 = CARTESIAN_POINT('',(3.141592653448,5.3688069795));
#3160 = ( GEOMETRIC_REPRESENTATION_CONTEXT(2) 
PARAMETRIC_REPRESENTATION_CONTEXT() REPRESENTATION_CONTEXT('2D SPACE',''
  ) );
#3161 = PCURVE('',#75,#3162);
#3162 = DEFINITIONAL_REPRESENTATION('',(#3163),#3431);
#3163 = B_SPLINE_CURVE_WITH_KNOTS('',3,(#3164,#3165,#3166,#3167,#3168,
    #3169,#3170,#3171,#3172,#3173,#3174,#3175,#3176,#3177,#3178,#3179,
    #3180,#3181,#3182,#3183,#3184,#3185,#3186,#3187,#3188,#3189,#3190,
    #3191,#3192,#3193,#3194,#3195,#3196,#3197,#3198,#3199,#3200,#3201,
    #3202,#3203,#3204,#3205,#3206,#3207,#3208,#3209,#3210,#3211,#3212,
    #3213,#3214,#3215,#3216,#3217,#3218,#3219,#3220,#3221,#3222,#3223,
    #3224,#3225,#3226,#3227,#3228,#3229,#3230,#3231,#3232,#3233,#3234,
    #3235,#3236,#3237,#3238,#3239,#3240,#3241,#3242,#3243,#3244,#3245,
    #3246,#3247,#3248,#3249,#3250,#3251,#3252,#3253,#3254,#3255,#3256,
    #3257,#3258,#3259,#3260,#3261,#3262,#3263,#3264,#3265,#3266,#3267,
    #3268,#3269,#3270,#3271,#3272,#3273,#3274,#3275,#3276,#3277,#3278,
    #3279,#3280,#3281,#3282,#3283,#3284,#3285,#3286,#3287,#3288,#3289,
    #3290,#3291,#3292,#3293,#3294,#3295,#3296,#3297,#3298,#3299,#3300,
    #3301,#3302,#3303,#3304,#3305,#3306,#3307,#3308,#3309,#3310,#3311,
    #3312,#3313,#3314,#3315,#3316,#3317,#3318,#3319,#3320,#3321,#3322,
    #3323,#3324,#3325,#3326,#3327,#3328,#3329,#3330,#3331,#3332,#3333,
    #3334,#3335,#3336,#3337,#3338,#3339,#3340,#3341,#3342,#3343,#3344,
    #3345,#3346,#3347,#3348,#3349,#3350,#3351,#3352,#3353,#3354,#3355,
    #3356,#3357,#3358,#3359,#3360,#3361,#3362,#3363,#3364,#3365,#3366,
    #3367,#3368,#3369,#3370,#3371,#3372,#3373,#3374,#3375,#3376,#3377,
    #3378,#3379,#3380,#3381,#3382,#3383,#3384,#3385,#3386,#3387,#3388,
    #3389,#3390,#3391,#3392,#3393,#3394,#3395,#3396,#3397,#3398,#3399,
    #3400,#3401,#3402,#3403,#3404,#3405,#3406,#3407,#3408,#3409,#3410,
    #3411,#3412,#3413,#3414,#3415,#3416,#3417,#3418,#3419,#3420,#3421,
    #3422,#3423,#3424,#3425,#3426,#3427,#3428,#3429,#3430),
  .UNSPECIFIED.,.F.,.F.,(4,1,1,1,1,1,1,1,1,1,1,1,1,1,1,1,1,1,1,1,1,1,1,1
    ,1,1,1,1,1,1,1,1,1,1,1,1,1,1,1,1,1,1,1,1,1,1,1,1,1,1,1,1,1,1,1,1,1,1
    ,1,1,1,1,1,1,1,1,1,1,1,1,1,1,1,1,1,1,1,1,1,1,1,1,1,1,1,1,1,1,1,1,1,1
    ,1,1,1,1,1,1,1,1,1,1,1,1,1,1,1,1,1,1,1,1,1,1,1,1,1,1,1,1,1,1,1,1,1,1
    ,1,1,1,1,1,1,1,1,1,1,1,1,1,1,1,1,1,1,1,1,1,1,1,1,1,1,1,1,1,1,1,1,1,1
    ,1,1,1,1,1,1,1,1,1,1,1,1,1,1,1,1,1,1,1,1,1,1,1,1,1,1,1,1,1,1,1,1,1,1
    ,1,1,1,1,1,1,1,1,1,1,1,1,1,1,1,1,1,1,1,1,1,1,1,1,1,1,1,1,1,1,1,1,1,1
    ,1,1,1,1,1,1,1,1,1,1,1,1,1,1,1,1,1,1,1,1,1,1,1,1,1,1,1,1,1,1,1,1,1,1
    ,1,1,4),(-1.58885550839,-1.58583867541,-1.58282184243,
    -1.579805009451,-1.576788176471,-1.573771343491,-1.570754510511,
    -1.567737677531,-1.564720844552,-1.561704011572,-1.558687178592,
    -1.555670345612,-1.552653512632,-1.549636679653,-1.546619846673,
    -1.543603013693,-1.540586180713,-1.537569347733,-1.534552514754,
    -1.531535681774,-1.528518848794,-1.525502015814,-1.522485182834,
    -1.519468349854,-1.516451516875,-1.513434683895,-1.510417850915,
    -1.507401017935,-1.504384184955,-1.501367351976,-1.498350518996,
    -1.495333686016,-1.492316853036,-1.489300020056,-1.486283187077,
    -1.483266354097,-1.480249521117,-1.477232688137,-1.474215855157,
    -1.471199022178,-1.468182189198,-1.465165356218,-1.462148523238,
    -1.459131690258,-1.456114857279,-1.453098024299,-1.450081191319,
    -1.447064358339,-1.444047525359,-1.441030692379,-1.4380138594,
    -1.43499702642,-1.43198019344,-1.42896336046,-1.42594652748,
    -1.422929694501,-1.419912861521,-1.416896028541,-1.413879195561,
    -1.410862362581,-1.407845529602,-1.404828696622,-1.401811863642,
    -1.398795030662,-1.395778197682,-1.392761364703,-1.389744531723,
    -1.386727698743,-1.383710865763,-1.380694032783,-1.377677199803,
    -1.374660366824,-1.371643533844,-1.368626700864,-1.365609867884,
    -1.362593034904,-1.359576201925,-1.356559368945,-1.353542535965,
    -1.350525702985,-1.347508870005,-1.344492037026,-1.341475204046,
    -1.338458371066,-1.335441538086,-1.332424705106,-1.329407872127,
    -1.326391039147,-1.323374206167,-1.320357373187,-1.317340540207,
    -1.314323707228,-1.311306874248,-1.308290041268,-1.305273208288,
    -1.302256375308,-1.299239542328,-1.296222709349,-1.293205876369,
    -1.290189043389,-1.287172210409,-1.284155377429,-1.28113854445,
    -1.27812171147,-1.27510487849,-1.27208804551,-1.26907121253,
    -1.266054379551,-1.263037546571,-1.260020713591,-1.257003880611,
    -1.253987047631,-1.250970214652,-1.247953381672,-1.244936548692,
    -1.241919715712,-1.238902882732,-1.235886049752,-1.232869216773,
    -1.229852383793,-1.226835550813,-1.223818717833,-1.220801884853,
    -1.217785051874,-1.214768218894,-1.211751385914,-1.208734552934,
    -1.205717719954,-1.202700886975,-1.199684053995,-1.196667221015,
    -1.193650388035,-1.190633555055,-1.187616722076,-1.184599889096,
    -1.181583056116,-1.178566223136,-1.175549390156,-1.172532557177,
    -1.169515724197,-1.166498891217,-1.163482058237,-1.160465225257,
    -1.157448392277,-1.154431559298,-1.151414726318,-1.148397893338,
    -1.145381060358,-1.142364227378,-1.139347394399,-1.136330561419,
    -1.133313728439,-1.130296895459,-1.127280062479,-1.1242632295,
    -1.12124639652,-1.11822956354,-1.11521273056,-1.11219589758,
    -1.109179064601,-1.106162231621,-1.103145398641,-1.100128565661,
    -1.097111732681,-1.094094899702,-1.091078066722,-1.088061233742,
    -1.085044400762,-1.082027567782,-1.079010734802,-1.075993901823,
    -1.072977068843,-1.069960235863,-1.066943402883,-1.063926569903,
    -1.060909736924,-1.057892903944,-1.054876070964,-1.051859237984,
    -1.048842405004,-1.045825572025,-1.042808739045,-1.039791906065,
    -1.036775073085,-1.033758240105,-1.030741407126,-1.027724574146,
    -1.024707741166,-1.021690908186,-1.018674075206,-1.015657242226,
    -1.012640409247,-1.009623576267,-1.006606743287,-1.003589910307,
    -1.000573077327,-0.997556244348,-0.994539411368,-0.991522578388,
    -0.988505745408,-0.985488912428,-0.982472079449,-0.979455246469,
    -0.976438413489,-0.973421580509,-0.970404747529,-0.96738791455,
    -0.96437108157,-0.96135424859,-0.95833741561,-0.95532058263,
    -0.952303749651,-0.949286916671,-0.946270083691,-0.943253250711,
    -0.940236417731,-0.937219584751,-0.934202751772,-0.931185918792,
    -0.928169085812,-0.925152252832,-0.922135419852,-0.919118586873,
    -0.916101753893,-0.913084920913,-0.910068087933,-0.907051254953,
    -0.904034421974,-0.901017588994,-0.898000756014,-0.894983923034,
    -0.891967090054,-0.888950257075,-0.885933424095,-0.882916591115,
    -0.879899758135,-0.876882925155,-0.873866092175,-0.870849259196,
    -0.867832426216,-0.864815593236,-0.861798760256,-0.858781927276,
    -0.855765094297,-0.852748261317,-0.849731428337,-0.846714595357,
    -0.843697762377,-0.840680929398,-0.837664096418,-0.834647263438,
    -0.831630430458,-0.828613597478,-0.825596764499,-0.822579931519,
    -0.819563098539,-0.816546265559,-0.813529432579,-0.8105125996,
    -0.80749576662,-0.80447893364,-0.80146210066,-0.79844526768,
    -0.7954284347,-0.792411601721),.QUASI_UNIFORM_KNOTS.);
#3164 = CARTESIAN_POINT('',(3.231093785334E-02,29.902943376753));
#3165 = CARTESIAN_POINT('',(3.230268556928E-02,29.91090976111));
#3166 = CARTESIAN_POINT('',(3.228503943491E-02,29.926833199178));
#3167 = CARTESIAN_POINT('',(3.225593867018E-02,29.950692620333));
#3168 = CARTESIAN_POINT('',(3.222501153916E-02,29.974528375663));
#3169 = CARTESIAN_POINT('',(3.219302102405E-02,29.99834318582));
#3170 = CARTESIAN_POINT('',(3.216069978478E-02,30.022140023689));
#3171 = CARTESIAN_POINT('',(3.212874533989E-02,30.045922729175));
#3172 = CARTESIAN_POINT('',(3.20978166209E-02,30.069693809846));
#3173 = CARTESIAN_POINT('',(3.20685422544E-02,30.093462488862));
#3174 = CARTESIAN_POINT('',(3.204147843431E-02,30.117209905828));
#3175 = CARTESIAN_POINT('',(3.20170538884E-02,30.140937664532));
#3176 = CARTESIAN_POINT('',(3.199566645147E-02,30.164651786909));
#3177 = CARTESIAN_POINT('',(3.197766609643E-02,30.188357078693));
#3178 = CARTESIAN_POINT('',(3.196335803879E-02,30.212059906258));
#3179 = CARTESIAN_POINT('',(3.195300356738E-02,30.235762599838));
#3180 = CARTESIAN_POINT('',(3.194673658989E-02,30.25945640717));
#3181 = CARTESIAN_POINT('',(3.194465123838E-02,30.283151193015));
#3182 = CARTESIAN_POINT('',(3.194679711691E-02,30.306849109228));
#3183 = CARTESIAN_POINT('',(3.195313043928E-02,30.330545905522));
#3184 = CARTESIAN_POINT('',(3.196354497602E-02,30.354250445259));
#3185 = CARTESIAN_POINT('',(3.197790512994E-02,30.377965225911));
#3186 = CARTESIAN_POINT('',(3.199598923057E-02,30.401677066182));
#3187 = CARTESIAN_POINT('',(3.201746243795E-02,30.425395491324));
#3188 = CARTESIAN_POINT('',(3.204195857046E-02,30.44912470804));
#3189 = CARTESIAN_POINT('',(3.206906119192E-02,30.472870140037));
#3190 = CARTESIAN_POINT('',(3.209830969664E-02,30.496636343728));
#3191 = CARTESIAN_POINT('',(3.212919713116E-02,30.520428683544));
#3192 = CARTESIAN_POINT('',(3.216117585121E-02,30.544248582743));
#3193 = CARTESIAN_POINT('',(3.219354058154E-02,30.568072347186));
#3194 = CARTESIAN_POINT('',(3.222558178957E-02,30.591909132875));
#3195 = CARTESIAN_POINT('',(3.225654575874E-02,30.615760486923));
#3196 = CARTESIAN_POINT('',(3.228564472306E-02,30.639629355341));
#3197 = CARTESIAN_POINT('',(3.231205808927E-02,30.663517935463));
#3198 = CARTESIAN_POINT('',(3.233492981047E-02,30.687427131501));
#3199 = CARTESIAN_POINT('',(3.235339094605E-02,30.711360753134));
#3200 = CARTESIAN_POINT('',(3.236645611871E-02,30.735298700363));
#3201 = CARTESIAN_POINT('',(3.237323324214E-02,30.759244316766));
#3202 = CARTESIAN_POINT('',(3.23725468753E-02,30.783187114436));
#3203 = CARTESIAN_POINT('',(3.236461840379E-02,30.807127018798));
#3204 = CARTESIAN_POINT('',(3.23505571332E-02,30.831055263251));
#3205 = CARTESIAN_POINT('',(3.233127144648E-02,30.854973423101));
#3206 = CARTESIAN_POINT('',(3.230770393249E-02,30.878879214228));
#3207 = CARTESIAN_POINT('',(3.228075202647E-02,30.902763505419));
#3208 = CARTESIAN_POINT('',(3.225126418455E-02,30.926630047742));
#3209 = CARTESIAN_POINT('',(3.222005490208E-02,30.950481833603));
#3210 = CARTESIAN_POINT('',(3.218795589501E-02,30.974316270846));
#3211 = CARTESIAN_POINT('',(3.215576858979E-02,30.998115824278));
#3212 = CARTESIAN_POINT('',(3.212409315148E-02,31.021889027547));
#3213 = CARTESIAN_POINT('',(3.209353114289E-02,31.045638504372));
#3214 = CARTESIAN_POINT('',(3.206463382138E-02,31.069368846791));
#3215 = CARTESIAN_POINT('',(3.203791491172E-02,31.09308448653));
#3216 = CARTESIAN_POINT('',(3.201384548508E-02,31.116790194988));
#3217 = CARTESIAN_POINT('',(3.199285597462E-02,31.140491081756));
#3218 = CARTESIAN_POINT('',(3.197532743425E-02,31.164191975515));
#3219 = CARTESIAN_POINT('',(3.196161845726E-02,31.187899780878));
#3220 = CARTESIAN_POINT('',(3.195186501896E-02,31.211596090131));
#3221 = CARTESIAN_POINT('',(3.194621233413E-02,31.235289324087));
#3222 = CARTESIAN_POINT('',(3.194476016642E-02,31.25898609019));
#3223 = CARTESIAN_POINT('',(3.194753437868E-02,31.282680293613));
#3224 = CARTESIAN_POINT('',(3.195447743693E-02,31.306377858515));
#3225 = CARTESIAN_POINT('',(3.196549638949E-02,31.33008628468));
#3226 = CARTESIAN_POINT('',(3.198042936655E-02,31.353794344682));
#3227 = CARTESIAN_POINT('',(3.199900787211E-02,31.377508988898));
#3228 = CARTESIAN_POINT('',(3.202092651348E-02,31.401235723251));
#3229 = CARTESIAN_POINT('',(3.204582987448E-02,31.424978286803));
#3230 = CARTESIAN_POINT('',(3.207331827763E-02,31.448747837276));
#3231 = CARTESIAN_POINT('',(3.210294104962E-02,31.472521955972));
#3232 = CARTESIAN_POINT('',(3.213410763409E-02,31.49630011898));
#3233 = CARTESIAN_POINT('',(3.216619273025E-02,31.520087879759));
#3234 = CARTESIAN_POINT('',(3.21985282761E-02,31.543888681536));
#3235 = CARTESIAN_POINT('',(3.223040760546E-02,31.56770602657));
#3236 = CARTESIAN_POINT('',(3.226108642603E-02,31.591542860819));
#3237 = CARTESIAN_POINT('',(3.228978470942E-02,31.61540173734));
#3238 = CARTESIAN_POINT('',(3.231568865976E-02,31.63928464689));
#3239 = CARTESIAN_POINT('',(3.233795218892E-02,31.663193399206));
#3240 = CARTESIAN_POINT('',(3.235570121086E-02,31.687128133621));
#3241 = CARTESIAN_POINT('',(3.23679129234E-02,31.711065018241));
#3242 = CARTESIAN_POINT('',(3.237368733091E-02,31.7350098942));
#3243 = CARTESIAN_POINT('',(3.237189268856E-02,31.758950527996));
#3244 = CARTESIAN_POINT('',(3.236302010492E-02,31.78288815312));
#3245 = CARTESIAN_POINT('',(3.234814835697E-02,31.806813289941));
#3246 = CARTESIAN_POINT('',(3.232818583485E-02,31.830729487292));
#3247 = CARTESIAN_POINT('',(3.23040765118E-02,31.854630472036));
#3248 = CARTESIAN_POINT('',(3.227670259848E-02,31.878511107));
#3249 = CARTESIAN_POINT('',(3.224691580302E-02,31.902373800643));
#3250 = CARTESIAN_POINT('',(3.221551288119E-02,31.926224662317));
#3251 = CARTESIAN_POINT('',(3.218337599106E-02,31.950050070294));
#3252 = CARTESIAN_POINT('',(3.215122709081E-02,31.973842868779));
#3253 = CARTESIAN_POINT('',(3.211967707048E-02,31.997609522538));
#3254 = CARTESIAN_POINT('',(3.208931784186E-02,32.021353260145));
#3255 = CARTESIAN_POINT('',(3.206069638138E-02,32.045078560736));
#3256 = CARTESIAN_POINT('',(3.203432055287E-02,32.068789921881));
#3257 = CARTESIAN_POINT('',(3.20106560278E-02,32.092492166237));
#3258 = CARTESIAN_POINT('',(3.199012705128E-02,32.116190317927));
#3259 = CARTESIAN_POINT('',(3.19731106043E-02,32.139889666168));
#3260 = CARTESIAN_POINT('',(3.19599528878E-02,32.163595513958));
#3261 = CARTESIAN_POINT('',(3.195077048641E-02,32.187289702152));
#3262 = CARTESIAN_POINT('',(3.194570671944E-02,32.210981791761));
#3263 = CARTESIAN_POINT('',(3.194485253618E-02,32.234677422414));
#3264 = CARTESIAN_POINT('',(3.194822114226E-02,32.258370442805));
#3265 = CARTESIAN_POINT('',(3.195574731815E-02,32.282067851981));
#3266 = CARTESIAN_POINT('',(3.196733190096E-02,32.305775897364));
#3267 = CARTESIAN_POINT('',(3.198279957922E-02,32.329483243563));
#3268 = CARTESIAN_POINT('',(3.200187293255E-02,32.353197722706));
#3269 = CARTESIAN_POINT('',(3.20242381492E-02,32.376924591828));
#3270 = CARTESIAN_POINT('',(3.204953175441E-02,32.400667556242));
#3271 = CARTESIAN_POINT('',(3.207734459305E-02,32.424437983135));
#3272 = CARTESIAN_POINT('',(3.210722237665E-02,32.448213706406));
#3273 = CARTESIAN_POINT('',(3.213856699802E-02,32.471992203022));
#3274 = CARTESIAN_POINT('',(3.217074312806E-02,32.495779507737));
#3275 = CARTESIAN_POINT('',(3.220307370463E-02,32.519578872854));
#3276 = CARTESIAN_POINT('',(3.223484320533E-02,32.543393770145));
#3277 = CARTESIAN_POINT('',(3.226529912483E-02,32.567227098617));
#3278 = CARTESIAN_POINT('',(3.229365324029E-02,32.591081224293));
#3279 = CARTESIAN_POINT('',(3.23190860879E-02,32.614958484086));
#3280 = CARTESIAN_POINT('',(3.234073955958E-02,32.638858999989));
#3281 = CARTESIAN_POINT('',(3.23577547502E-02,32.662788787726));
#3282 = CARTESIAN_POINT('',(3.236913530877E-02,32.68672770925));
#3283 = CARTESIAN_POINT('',(3.237393449919E-02,32.710670583389));
#3284 = CARTESIAN_POINT('',(3.237106606248E-02,32.734610601755));
#3285 = CARTESIAN_POINT('',(3.236131298441E-02,32.75854518231));
#3286 = CARTESIAN_POINT('',(3.234568237077E-02,32.78246650681));
#3287 = CARTESIAN_POINT('',(3.232509856969E-02,32.806374256548));
#3288 = CARTESIAN_POINT('',(3.23004721056E-02,32.830270847362));
#3289 = CARTESIAN_POINT('',(3.227271862976E-02,32.854151246231));
#3290 = CARTESIAN_POINT('',(3.224270088591E-02,32.878004215034));
#3291 = CARTESIAN_POINT('',(3.221119342405E-02,32.901835538126));
#3292 = CARTESIAN_POINT('',(3.217895361369E-02,32.925647150407));
#3293 = CARTESIAN_POINT('',(3.21467017734E-02,32.949442550713));
#3294 = CARTESIAN_POINT('',(3.211512025996E-02,32.973225303957));
#3295 = CARTESIAN_POINT('',(3.208486632409E-02,32.996999482483));
#3296 = CARTESIAN_POINT('',(3.205652020033E-02,33.020746454282));
#3297 = CARTESIAN_POINT('',(3.203054284829E-02,33.044474755547));
#3298 = CARTESIAN_POINT('',(3.20073679983E-02,33.068188301256));
#3299 = CARTESIAN_POINT('',(3.198738201708E-02,33.091892487402));
#3300 = CARTESIAN_POINT('',(3.197092534329E-02,33.115592643102));
#3301 = CARTESIAN_POINT('',(3.1958302662E-02,33.139293995254));
#3302 = CARTESIAN_POINT('',(3.194968566714E-02,33.162984874976));
#3303 = CARTESIAN_POINT('',(3.194519901894E-02,33.18667394146));
#3304 = CARTESIAN_POINT('',(3.194492778969E-02,33.210366711265));
#3305 = CARTESIAN_POINT('',(3.19488737499E-02,33.23405705074));
#3306 = CARTESIAN_POINT('',(3.195696356491E-02,33.257752312797));
#3307 = CARTESIAN_POINT('',(3.196908992292E-02,33.281458416515));
#3308 = CARTESIAN_POINT('',(3.198506955581E-02,33.30516344902));
#3309 = CARTESIAN_POINT('',(3.200461393775E-02,33.328875530959));
#3310 = CARTESIAN_POINT('',(3.202739911367E-02,33.352599592185));
#3311 = CARTESIAN_POINT('',(3.205305126865E-02,33.376340194886));
#3312 = CARTESIAN_POINT('',(3.208115169135E-02,33.400105404765));
#3313 = CARTESIAN_POINT('',(3.211123355562E-02,33.423888356571));
#3314 = CARTESIAN_POINT('',(3.21426974295E-02,33.44767434307));
#3315 = CARTESIAN_POINT('',(3.217490658945E-02,33.47147247622));
#3316 = CARTESIAN_POINT('',(3.220718274168E-02,33.495285121265));
#3317 = CARTESIAN_POINT('',(3.223880893891E-02,33.519115892356));
#3318 = CARTESIAN_POINT('',(3.226903154302E-02,33.5429676991));
#3319 = CARTESIAN_POINT('',(3.229705936896E-02,33.566842434199));
#3320 = CARTESIAN_POINT('',(3.232207565967E-02,33.590744043336));
#3321 = CARTESIAN_POINT('',(3.234320234663E-02,33.614666423293));
#3322 = CARTESIAN_POINT('',(3.235947075364E-02,33.638593157386));
#3323 = CARTESIAN_POINT('',(3.236997060147E-02,33.662531026779));
#3324 = CARTESIAN_POINT('',(3.237370405796E-02,33.686469674963));
#3325 = CARTESIAN_POINT('',(3.236979022692E-02,33.71041001791));
#3326 = CARTESIAN_POINT('',(3.235914980173E-02,33.734341587386));
#3327 = CARTESIAN_POINT('',(3.234275359996E-02,33.758266879982));
#3328 = CARTESIAN_POINT('',(3.232158248217E-02,33.782173022548));
#3329 = CARTESIAN_POINT('',(3.229653813039E-02,33.80605528184));
#3330 = CARTESIAN_POINT('',(3.22684700534E-02,33.829916637313));
#3331 = CARTESIAN_POINT('',(3.223820874521E-02,33.853758589341));
#3332 = CARTESIAN_POINT('',(3.220655319091E-02,33.877583796456));
#3333 = CARTESIAN_POINT('',(3.217427340768E-02,33.90139458308));
#3334 = CARTESIAN_POINT('',(3.214209942384E-02,33.925196137173));
#3335 = CARTESIAN_POINT('',(3.211075021085E-02,33.948985079405));
#3336 = CARTESIAN_POINT('',(3.208083282859E-02,33.972743848161));
#3337 = CARTESIAN_POINT('',(3.20528533542E-02,33.996482208143));
#3338 = CARTESIAN_POINT('',(3.202729083498E-02,34.020203414128));
#3339 = CARTESIAN_POINT('',(3.200457772634E-02,34.043912896342));
#3340 = CARTESIAN_POINT('',(3.198510327466E-02,34.067615281289));
#3341 = CARTESIAN_POINT('',(3.196921496282E-02,34.091317495898));
#3342 = CARTESIAN_POINT('',(3.195720448521E-02,34.115019207508));
#3343 = CARTESIAN_POINT('',(3.194921312305E-02,34.138710769196));
#3344 = CARTESIAN_POINT('',(3.194536761583E-02,34.1624023278));
#3345 = CARTESIAN_POINT('',(3.194574407943E-02,34.186096525673));
#3346 = CARTESIAN_POINT('',(3.19503274709E-02,34.20978860573));
#3347 = CARTESIAN_POINT('',(3.195903954569E-02,34.233487735884));
#3348 = CARTESIAN_POINT('',(3.19717696886E-02,34.257195337666));
#3349 = CARTESIAN_POINT('',(3.198830869871E-02,34.280902597075));
#3350 = CARTESIAN_POINT('',(3.200836553885E-02,34.304618374986));
#3351 = CARTESIAN_POINT('',(3.203161129355E-02,34.328347514629));
#3352 = CARTESIAN_POINT('',(3.205766569531E-02,34.352094022784));
#3353 = CARTESIAN_POINT('',(3.20861120065E-02,34.375868104561));
#3354 = CARTESIAN_POINT('',(3.211644860683E-02,34.3996482725));
#3355 = CARTESIAN_POINT('',(3.214806635248E-02,34.423436491763));
#3356 = CARTESIAN_POINT('',(3.218032668069E-02,34.447237436596));
#3357 = CARTESIAN_POINT('',(3.221254758944E-02,34.47105459401));
#3358 = CARTESIAN_POINT('',(3.224400887597E-02,34.494891163447));
#3359 = CARTESIAN_POINT('',(3.22739544714E-02,34.518750225298));
#3360 = CARTESIAN_POINT('',(3.230158758246E-02,34.542633034968));
#3361 = CARTESIAN_POINT('',(3.232609814234E-02,34.566545543255));
#3362 = CARTESIAN_POINT('',(3.234654563448E-02,34.590467287643));
#3363 = CARTESIAN_POINT('',(3.236200374951E-02,34.614397403846));
#3364 = CARTESIAN_POINT('',(3.237155029762E-02,34.638338243745));
#3365 = CARTESIAN_POINT('',(3.23741627022E-02,34.662278358889));
#3366 = CARTESIAN_POINT('',(3.236913287542E-02,34.686220754962));
#3367 = CARTESIAN_POINT('',(3.235755051661E-02,34.710153291709));
#3368 = CARTESIAN_POINT('',(3.23403438378E-02,34.734078706416));
#3369 = CARTESIAN_POINT('',(3.231846256553E-02,34.757987539598));
#3370 = CARTESIAN_POINT('',(3.229279989286E-02,34.781882229815));
#3371 = CARTESIAN_POINT('',(3.226425497366E-02,34.805761652432));
#3372 = CARTESIAN_POINT('',(3.223372058467E-02,34.829610595947));
#3373 = CARTESIAN_POINT('',(3.220193598812E-02,34.853435239087));
#3374 = CARTESIAN_POINT('',(3.216963566455E-02,34.877237544523));
#3375 = CARTESIAN_POINT('',(3.213751221076E-02,34.901021012334));
#3376 = CARTESIAN_POINT('',(3.210622484957E-02,34.924789569046));
#3377 = CARTESIAN_POINT('',(3.207639295255E-02,34.948546120527));
#3378 = CARTESIAN_POINT('',(3.204860429975E-02,34.972299318384));
#3379 = CARTESIAN_POINT('',(3.20233790913E-02,34.99603732638));
#3380 = CARTESIAN_POINT('',(3.200110204384E-02,35.01975602336));
#3381 = CARTESIAN_POINT('',(3.198213030645E-02,35.043463321231));
#3382 = CARTESIAN_POINT('',(3.196676928942E-02,35.067163166568));
#3383 = CARTESIAN_POINT('',(3.195528753723E-02,35.09086431151));
#3384 = CARTESIAN_POINT('',(3.194787560399E-02,35.114559378996));
#3385 = CARTESIAN_POINT('',(3.1944625834E-02,35.13825043998));
#3386 = CARTESIAN_POINT('',(3.194559814033E-02,35.161946473465));
#3387 = CARTESIAN_POINT('',(3.19507865068E-02,35.185641866979));
#3388 = CARTESIAN_POINT('',(3.196009297582E-02,35.209340555997));
#3389 = CARTESIAN_POINT('',(3.197338099032E-02,35.233051181605));
#3390 = CARTESIAN_POINT('',(3.199045205899E-02,35.256769264676));
#3391 = CARTESIAN_POINT('',(3.20110126386E-02,35.280495770491));
#3392 = CARTESIAN_POINT('',(3.203472595099E-02,35.304237463994));
#3393 = CARTESIAN_POINT('',(3.206121728152E-02,35.327998465585));
#3394 = CARTESIAN_POINT('',(3.209002682638E-02,35.351762159708));
#3395 = CARTESIAN_POINT('',(3.212059983415E-02,35.375537105437));
#3396 = CARTESIAN_POINT('',(3.215234972379E-02,35.39932659446));
#3397 = CARTESIAN_POINT('',(3.218464463194E-02,35.423134807695));
#3398 = CARTESIAN_POINT('',(3.221681425028E-02,35.44696553494));
#3399 = CARTESIAN_POINT('',(3.22481432869E-02,35.470821007374));
#3400 = CARTESIAN_POINT('',(3.227789845628E-02,35.494707711027));
#3401 = CARTESIAN_POINT('',(3.230520483264E-02,35.518605659008));
#3402 = CARTESIAN_POINT('',(3.232919527753E-02,35.542516478385));
#3403 = CARTESIAN_POINT('',(3.2348984793E-02,35.56644188204));
#3404 = CARTESIAN_POINT('',(3.236364545127E-02,35.5903805446));
#3405 = CARTESIAN_POINT('',(3.237226351326E-02,35.614322158296));
#3406 = CARTESIAN_POINT('',(3.23737311097E-02,35.638267529893));
#3407 = CARTESIAN_POINT('',(3.236766492427E-02,35.662206923863));
#3408 = CARTESIAN_POINT('',(3.235520165039E-02,35.686138344515));
#3409 = CARTESIAN_POINT('',(3.233725547444E-02,35.710055937574));
#3410 = CARTESIAN_POINT('',(3.231475816199E-02,35.733961978066));
#3411 = CARTESIAN_POINT('',(3.228862351487E-02,35.757855566434));
#3412 = CARTESIAN_POINT('',(3.225974423575E-02,35.781723546107));
#3413 = CARTESIAN_POINT('',(3.222892279441E-02,35.805570946421));
#3414 = CARTESIAN_POINT('',(3.219694466173E-02,35.829399844623));
#3415 = CARTESIAN_POINT('',(3.216456164056E-02,35.853212273024));
#3416 = CARTESIAN_POINT('',(3.213248346205E-02,35.877015998503));
#3417 = CARTESIAN_POINT('',(3.210143122663E-02,35.900792401655));
#3418 = CARTESIAN_POINT('',(3.207194903966E-02,35.924544046128));
#3419 = CARTESIAN_POINT('',(3.20445454044E-02,35.948275920594));
#3420 = CARTESIAN_POINT('',(3.201968486127E-02,35.971992597404));
#3421 = CARTESIAN_POINT('',(3.19977906242E-02,35.995699377959));
#3422 = CARTESIAN_POINT('',(3.197923783232E-02,36.019400421805));
#3423 = CARTESIAN_POINT('',(3.196437315248E-02,36.043104959542));
#3424 = CARTESIAN_POINT('',(3.195343477466E-02,36.066803029472));
#3425 = CARTESIAN_POINT('',(3.194655641129E-02,36.090494051258));
#3426 = CARTESIAN_POINT('',(3.194385236443E-02,36.114187467523));
#3427 = CARTESIAN_POINT('',(3.194537721708E-02,36.13788063856));
#3428 = CARTESIAN_POINT('',(3.195109420808E-02,36.161574369166));
#3429 = CARTESIAN_POINT('',(3.195763328465E-02,36.177375284795));
#3430 = CARTESIAN_POINT('',(3.196157104369E-02,36.185277897986));
#3431 = ( GEOMETRIC_REPRESENTATION_CONTEXT(2) 
PARAMETRIC_REPRESENTATION_CONTEXT() REPRESENTATION_CONTEXT('2D SPACE',''
  ) );
#3432 = ORIENTED_EDGE('',*,*,#3433,.F.);
#3433 = EDGE_CURVE('',#2880,#3027,#3434,.T.);
#3434 = SURFACE_CURVE('',#3435,(#3439,#3446),.PCURVE_S1.);
#3435 = LINE('',#3436,#3437);
#3436 = CARTESIAN_POINT('',(-0.892670023522,6.197392646479,
    0.892670023522));
#3437 = VECTOR('',#3438,1.);
#3438 = DIRECTION('',(-0.707106781187,0.,-0.707106781187));
#3439 = PCURVE('',#2864,#3440);
#3440 = DEFINITIONAL_REPRESENTATION('',(#3441),#3445);
#3441 = LINE('',#3442,#3443);
#3442 = CARTESIAN_POINT('',(-3.14159265359,0.));
#3443 = VECTOR('',#3444,1.);
#3444 = DIRECTION('',(0.,1.));
#3445 = ( GEOMETRIC_REPRESENTATION_CONTEXT(2) 
PARAMETRIC_REPRESENTATION_CONTEXT() REPRESENTATION_CONTEXT('2D SPACE',''
  ) );
#3446 = PCURVE('',#3447,#3452);
#3447 = CYLINDRICAL_SURFACE('',#3448,1.2645);
#3448 = AXIS2_PLACEMENT_3D('',#3449,#3450,#3451);
#3449 = CARTESIAN_POINT('',(0.,6.124999910593,0.));
#3450 = DIRECTION('',(-0.707106781187,0.,-0.707106781187));
#3451 = DIRECTION('',(0.705947033232,-5.725008769129E-02,-0.705947033232
    ));
#3452 = DEFINITIONAL_REPRESENTATION('',(#3453),#3457);
#3453 = LINE('',#3454,#3455);
#3454 = CARTESIAN_POINT('',(9.424777960769,0.));
#3455 = VECTOR('',#3456,1.);
#3456 = DIRECTION('',(0.,1.));
#3457 = ( GEOMETRIC_REPRESENTATION_CONTEXT(2) 
PARAMETRIC_REPRESENTATION_CONTEXT() REPRESENTATION_CONTEXT('2D SPACE',''
  ) );
#3458 = ADVANCED_FACE('',(#3459),#3566,.F.);
#3459 = FACE_BOUND('',#3460,.F.);
#3460 = EDGE_LOOP('',(#3461,#3781,#3851,#3936,#4000));
#3461 = ORIENTED_EDGE('',*,*,#3462,.F.);
#3462 = EDGE_CURVE('',#3463,#3465,#3467,.T.);
#3463 = VERTEX_POINT('',#3464);
#3464 = CARTESIAN_POINT('',(-2.71982431966,7.380482244894,
    -2.933011365505));
#3465 = VERTEX_POINT('',#3466);
#3466 = CARTESIAN_POINT('',(-3.981669266728,6.197392308661,
    -2.196329192288));
#3467 = SURFACE_CURVE('',#3468,(#3565,#3576),.PCURVE_S1.);
#3468 = B_SPLINE_CURVE_WITH_KNOTS('',3,(#3469,#3470,#3471,#3472,#3473,
    #3474,#3475,#3476,#3477,#3478,#3479,#3480,#3481,#3482,#3483,#3484,
    #3485,#3486,#3487,#3488,#3489,#3490,#3491,#3492,#3493,#3494,#3495,
    #3496,#3497,#3498,#3499,#3500,#3501,#3502,#3503,#3504,#3505,#3506,
    #3507,#3508,#3509,#3510,#3511,#3512,#3513,#3514,#3515,#3516,#3517,
    #3518,#3519,#3520,#3521,#3522,#3523,#3524,#3525,#3526,#3527,#3528,
    #3529,#3530,#3531,#3532,#3533,#3534,#3535,#3536,#3537,#3538,#3539,
    #3540,#3541,#3542,#3543,#3544,#3545,#3546,#3547,#3548,#3549,#3550,
    #3551,#3552,#3553,#3554,#3555,#3556,#3557,#3558,#3559,#3560,#3561,
    #3562,#3563,#3564),.UNSPECIFIED.,.F.,.F.,(4,2,2,2,2,2,2,2,2,2,2,2,2,
    2,2,2,2,2,2,2,2,2,2,2,2,2,2,2,2,2,2,2,2,2,2,2,2,2,2,2,2,2,2,2,2,2,2,
    4),(-2.974625008939,-2.967719835124,-2.962523699091,-2.957940531893,
    -2.952211329766,-2.923700089724,-2.910944772331,-2.900212584602,
    -2.891585082488,-2.879762514649,-2.853275686322,-2.843950170519,
    -2.836834195876,-2.831854368535,-2.823843998439,-2.79944839553,
    -2.7819269462,-2.77292052319,-2.763809206886,-2.732148170766,
    -2.721642337141,-2.713979183637,-2.709011789253,-2.701619466853,
    -2.677618709162,-2.664491257918,-2.65357552011,-2.644968423222,
    -2.633418225599,-2.60641420182,-2.597247627599,-2.590212217427,
    -2.585191540561,-2.576893243162,-2.552539317799,-2.535317860395,
    -2.526290376912,-2.517065376498,-2.485537505507,-2.475147829782,
    -2.467529697991,-2.462548398042,-2.455051683006,-2.430972115999,
    -2.412447101383,-2.403338772117,-2.394222984638,-2.385284357545),
  .UNSPECIFIED.);
#3469 = CARTESIAN_POINT('',(-2.71982431966,7.380482244894,
    -2.933011365505));
#3470 = CARTESIAN_POINT('',(-2.704642646016,7.377742448699,
    -2.950099623731));
#3471 = CARTESIAN_POINT('',(-2.689525216983,7.374381121761,
    -2.967140004224));
#3472 = CARTESIAN_POINT('',(-2.66318710022,7.367407854766,
    -2.996898997875));
#3473 = CARTESIAN_POINT('',(-2.651931166307,7.364064678449,
    -3.009639874314));
#3474 = CARTESIAN_POINT('',(-2.630866971238,7.357120133788,
    -3.033539616269));
#3475 = CARTESIAN_POINT('',(-2.621046412009,7.353596353033,
    -3.044705722009));
#3476 = CARTESIAN_POINT('',(-2.599081225535,7.345066146363,
    -3.069744710033));
#3477 = CARTESIAN_POINT('',(-2.586972386253,7.339910408203,
    -3.08359308122));
#3478 = CARTESIAN_POINT('',(-2.51520383144,7.306631966302,
    -3.165901584506));
#3479 = CARTESIAN_POINT('',(-2.45811970822,7.268803451487,
    -3.232290885052));
#3480 = CARTESIAN_POINT('',(-2.380517981365,7.200439874574,
    -3.323056914974));
#3481 = CARTESIAN_POINT('',(-2.357276619675,7.17746868176,
    -3.350323367567));
#3482 = CARTESIAN_POINT('',(-2.315999531794,7.131939752666,
    -3.398873050571));
#3483 = CARTESIAN_POINT('',(-2.297741471353,7.10991468913,-3.42039782316
    ));
#3484 = CARTESIAN_POINT('',(-2.265984675837,7.06808570428,
    -3.457935784683));
#3485 = CARTESIAN_POINT('',(-2.252264299525,7.048705640797,
    -3.474191026917));
#3486 = CARTESIAN_POINT('',(-2.22083107449,7.001094700807,
    -3.511541274227));
#3487 = CARTESIAN_POINT('',(-2.203538848541,6.972270917814,
    -3.532177820159));
#3488 = CARTESIAN_POINT('',(-2.150594082273,6.874963337972,
    -3.595784875608));
#3489 = CARTESIAN_POINT('',(-2.118913896158,6.801913195104,
    -3.634513878238));
#3490 = CARTESIAN_POINT('',(-2.083872601161,6.696944816738,
    -3.679368025493));
#3491 = CARTESIAN_POINT('',(-2.07547638437,6.66908015461,-3.690344968641
    ));
#3492 = CARTESIAN_POINT('',(-2.062019544372,6.619117177826,
    -3.708451623173));
#3493 = CARTESIAN_POINT('',(-2.05664280742,6.597227322473,
    -3.715872917318));
#3494 = CARTESIAN_POINT('',(-2.048288914371,6.559611592992,
    -3.727781431266));
#3495 = CARTESIAN_POINT('',(-2.045077829666,6.544013290747,
    -3.732479721321));
#3496 = CARTESIAN_POINT('',(-2.037299604184,6.50304912681,
    -3.744197019127));
#3497 = CARTESIAN_POINT('',(-2.033097353602,6.477528104077,
    -3.750883287421));
#3498 = CARTESIAN_POINT('',(-2.018490789187,6.373384323826,
    -3.77567717149));
#3499 = CARTESIAN_POINT('',(-2.013003956823,6.293148061484,
    -3.789108120548));
#3500 = CARTESIAN_POINT('',(-2.012889586604,6.154033213527,
    -3.802590644762));
#3501 = CARTESIAN_POINT('',(-2.01564036166,6.095668856041,
    -3.805332540365));
#3502 = CARTESIAN_POINT('',(-2.023994424608,6.007610052391,
    -3.805049157803));
#3503 = CARTESIAN_POINT('',(-2.02755983776,5.977794783816,
    -3.804179801804));
#3504 = CARTESIAN_POINT('',(-2.036191133554,5.918093626275,
    -3.800883420748));
#3505 = CARTESIAN_POINT('',(-2.04127113216,5.888230846161,
    -3.798439470048));
#3506 = CARTESIAN_POINT('',(-2.067295212712,5.755573808022,
    -3.784029952282));
#3507 = CARTESIAN_POINT('',(-2.0962485353,5.655743374457,-3.763500307552
    ));
#3508 = CARTESIAN_POINT('',(-2.146228532954,5.530102995645,
    -3.725013326611));
#3509 = CARTESIAN_POINT('',(-2.15960565022,5.499461481208,
    -3.714523302593));
#3510 = CARTESIAN_POINT('',(-2.18432378787,5.44775022911,-3.694915438898
    ));
#3511 = CARTESIAN_POINT('',(-2.195230438907,5.426346455261,
    -3.686199153669));
#3512 = CARTESIAN_POINT('',(-2.213992684264,5.391786624182,
    -3.671134925107));
#3513 = CARTESIAN_POINT('',(-2.221569844476,5.378382738902,
    -3.665035264979));
#3514 = CARTESIAN_POINT('',(-2.240910370225,5.345511542702,
    -3.649429514481));
#3515 = CARTESIAN_POINT('',(-2.25290454257,5.326288152867,-3.63971711405
    ));
#3516 = CARTESIAN_POINT('',(-2.305557525865,5.246610671563,
    -3.596888337393));
#3517 = CARTESIAN_POINT('',(-2.349955522608,5.190722933147,
    -3.560295466026));
#3518 = CARTESIAN_POINT('',(-2.423877324188,5.113199140217,
    -3.498239006167));
#3519 = CARTESIAN_POINT('',(-2.450981356598,5.087566721357,
    -3.475286217129));
#3520 = CARTESIAN_POINT('',(-2.502179167171,5.044065968281,
    -3.431545642397));
#3521 = CARTESIAN_POINT('',(-2.525987322467,5.025637221757,
    -3.411065056912));
#3522 = CARTESIAN_POINT('',(-2.56946272198,4.995131865568,
    -3.373426343843));
#3523 = CARTESIAN_POINT('',(-2.588928118143,4.982545124204,
    -3.356492857447));
#3524 = CARTESIAN_POINT('',(-2.635143715451,4.955138481552,
    -3.316116621432));
#3525 = CARTESIAN_POINT('',(-2.662083734583,4.941041420662,
    -3.292449515734));
#3526 = CARTESIAN_POINT('',(-2.753312558543,4.899497911436,
    -3.211971068667));
#3527 = CARTESIAN_POINT('',(-2.8190596546,4.879550859281,-3.153411209647
    ));
#3528 = CARTESIAN_POINT('',(-2.908572387336,4.865540735384,
    -3.073821966162));
#3529 = CARTESIAN_POINT('',(-2.931352556689,4.863088300088,
    -3.053581893347));
#3530 = CARTESIAN_POINT('',(-2.971736564129,4.860702373664,
    -3.017784669856));
#3531 = CARTESIAN_POINT('',(-2.98930432303,4.860316293535,
    -3.002240162934));
#3532 = CARTESIAN_POINT('',(-3.019442586429,4.860768781991,
    -2.975647217955));
#3533 = CARTESIAN_POINT('',(-3.031999916053,4.861288211822,
    -2.964590577327));
#3534 = CARTESIAN_POINT('',(-3.065313553277,4.863543170182,
    -2.935318407821));
#3535 = CARTESIAN_POINT('',(-3.086059232339,4.865850640994,
    -2.917148857302));
#3536 = CARTESIAN_POINT('',(-3.167481002517,4.8784650995,-2.846002162337
    ));
#3537 = CARTESIAN_POINT('',(-3.227568942883,4.895584285993,
    -2.793839329912));
#3538 = CARTESIAN_POINT('',(-3.327368573224,4.937570438793,
    -2.70728253318));
#3539 = CARTESIAN_POINT('',(-3.367784245963,4.958652861663,
    -2.672258443646));
#3540 = CARTESIAN_POINT('',(-3.427534108841,4.996194453972,
    -2.620489273979));
#3541 = CARTESIAN_POINT('',(-3.447730919784,5.010068633659,
    -2.602993177175));
#3542 = CARTESIAN_POINT('',(-3.487782047985,5.040015279561,
    -2.568313776614));
#3543 = CARTESIAN_POINT('',(-3.507605522765,5.056118976233,
    -2.551157527451));
#3544 = CARTESIAN_POINT('',(-3.593181584315,5.131398554412,-2.4771830697
    ));
#3545 = CARTESIAN_POINT('',(-3.653727749358,5.200272177058,
    -2.42502948328));
#3546 = CARTESIAN_POINT('',(-3.725509748514,5.303881889406,
    -2.364685600088));
#3547 = CARTESIAN_POINT('',(-3.742560846229,5.330500280111,
    -2.350493277348));
#3548 = CARTESIAN_POINT('',(-3.770799531162,5.378144568348,
    -2.327324499948));
#3549 = CARTESIAN_POINT('',(-3.78233122148,5.398756743158,-2.31797221071
    ));
#3550 = CARTESIAN_POINT('',(-3.800709177335,5.433554954571,
    -2.30328549405));
#3551 = CARTESIAN_POINT('',(-3.80779371865,5.447490894822,
    -2.297683499629));
#3552 = CARTESIAN_POINT('',(-3.825080667671,5.482832958011,
    -2.284169295775));
#3553 = CARTESIAN_POINT('',(-3.835044230108,5.504447219744,
    -2.276521535207));
#3554 = CARTESIAN_POINT('',(-3.875147974449,5.596970821336,
    -2.246306931728));
#3555 = CARTESIAN_POINT('',(-3.901074158438,5.67096895226,
    -2.228213239306));
#3556 = CARTESIAN_POINT('',(-3.937802446082,5.80622260065,
    -2.205094465547));
#3557 = CARTESIAN_POINT('',(-3.950668118776,5.866304910601,
    -2.198049474498));
#3558 = CARTESIAN_POINT('',(-3.965045584871,5.957112859465,
    -2.192086159881));
#3559 = CARTESIAN_POINT('',(-3.969000564424,5.987206938462,
    -2.190859982628));
#3560 = CARTESIAN_POINT('',(-3.97533429758,6.047629238154,
    -2.189896451259));
#3561 = CARTESIAN_POINT('',(-3.977709652548,6.077937497824,
    -2.190160643233));
#3562 = CARTESIAN_POINT('',(-3.980845511283,6.138017227513,
    -2.192172413663));
#3563 = CARTESIAN_POINT('',(-3.98163415787,6.167742103056,
    -2.193889556116));
#3564 = CARTESIAN_POINT('',(-3.981669266728,6.197392308661,
    -2.196329192288));
#3565 = PCURVE('',#3566,#3571);
#3566 = CYLINDRICAL_SURFACE('',#3567,1.2645);
#3567 = AXIS2_PLACEMENT_3D('',#3568,#3569,#3570);
#3568 = CARTESIAN_POINT('',(0.,6.124999910593,0.));
#3569 = DIRECTION('',(-0.707106781187,0.,-0.707106781187));
#3570 = DIRECTION('',(0.705947033232,-5.725008769129E-02,-0.705947033232
    ));
#3571 = DEFINITIONAL_REPRESENTATION('',(#3572),#3575);
#3572 = B_SPLINE_CURVE_WITH_KNOTS('',1,(#3573,#3574),.UNSPECIFIED.,.F.,
  .F.,(2,2),(-2.974625008939,-2.385284357545),.PIECEWISE_BEZIER_KNOTS.);
#3573 = CARTESIAN_POINT('',(-1.508579612563,3.997158445914));
#3574 = CARTESIAN_POINT('',(3.141592385996,4.36850460453));
#3575 = ( GEOMETRIC_REPRESENTATION_CONTEXT(2) 
PARAMETRIC_REPRESENTATION_CONTEXT() REPRESENTATION_CONTEXT('2D SPACE',''
  ) );
#3576 = PCURVE('',#75,#3577);
#3577 = DEFINITIONAL_REPRESENTATION('',(#3578),#3780);
#3578 = B_SPLINE_CURVE_WITH_KNOTS('',3,(#3579,#3580,#3581,#3582,#3583,
    #3584,#3585,#3586,#3587,#3588,#3589,#3590,#3591,#3592,#3593,#3594,
    #3595,#3596,#3597,#3598,#3599,#3600,#3601,#3602,#3603,#3604,#3605,
    #3606,#3607,#3608,#3609,#3610,#3611,#3612,#3613,#3614,#3615,#3616,
    #3617,#3618,#3619,#3620,#3621,#3622,#3623,#3624,#3625,#3626,#3627,
    #3628,#3629,#3630,#3631,#3632,#3633,#3634,#3635,#3636,#3637,#3638,
    #3639,#3640,#3641,#3642,#3643,#3644,#3645,#3646,#3647,#3648,#3649,
    #3650,#3651,#3652,#3653,#3654,#3655,#3656,#3657,#3658,#3659,#3660,
    #3661,#3662,#3663,#3664,#3665,#3666,#3667,#3668,#3669,#3670,#3671,
    #3672,#3673,#3674,#3675,#3676,#3677,#3678,#3679,#3680,#3681,#3682,
    #3683,#3684,#3685,#3686,#3687,#3688,#3689,#3690,#3691,#3692,#3693,
    #3694,#3695,#3696,#3697,#3698,#3699,#3700,#3701,#3702,#3703,#3704,
    #3705,#3706,#3707,#3708,#3709,#3710,#3711,#3712,#3713,#3714,#3715,
    #3716,#3717,#3718,#3719,#3720,#3721,#3722,#3723,#3724,#3725,#3726,
    #3727,#3728,#3729,#3730,#3731,#3732,#3733,#3734,#3735,#3736,#3737,
    #3738,#3739,#3740,#3741,#3742,#3743,#3744,#3745,#3746,#3747,#3748,
    #3749,#3750,#3751,#3752,#3753,#3754,#3755,#3756,#3757,#3758,#3759,
    #3760,#3761,#3762,#3763,#3764,#3765,#3766,#3767,#3768,#3769,#3770,
    #3771,#3772,#3773,#3774,#3775,#3776,#3777,#3778,#3779),
  .UNSPECIFIED.,.F.,.F.,(4,1,1,1,1,1,1,1,1,1,1,1,1,1,1,1,1,1,1,1,1,1,1,1
    ,1,1,1,1,1,1,1,1,1,1,1,1,1,1,1,1,1,1,1,1,1,1,1,1,1,1,1,1,1,1,1,1,1,1
    ,1,1,1,1,1,1,1,1,1,1,1,1,1,1,1,1,1,1,1,1,1,1,1,1,1,1,1,1,1,1,1,1,1,1
    ,1,1,1,1,1,1,1,1,1,1,1,1,1,1,1,1,1,1,1,1,1,1,1,1,1,1,1,1,1,1,1,1,1,1
    ,1,1,1,1,1,1,1,1,1,1,1,1,1,1,1,1,1,1,1,1,1,1,1,1,1,1,1,1,1,1,1,1,1,1
    ,1,1,1,1,1,1,1,1,1,1,1,1,1,1,1,1,1,1,1,1,1,1,1,1,1,1,1,1,1,1,1,1,1,1
    ,1,1,1,1,4),(-2.974625008939,-2.971648541002,-2.968672073066,
    -2.96569560513,-2.962719137193,-2.959742669257,-2.956766201321,
    -2.953789733384,-2.950813265448,-2.947836797512,-2.944860329575,
    -2.941883861639,-2.938907393703,-2.935930925766,-2.93295445783,
    -2.929977989894,-2.927001521957,-2.924025054021,-2.921048586085,
    -2.918072118148,-2.915095650212,-2.912119182276,-2.909142714339,
    -2.906166246403,-2.903189778467,-2.90021331053,-2.897236842594,
    -2.894260374658,-2.891283906721,-2.888307438785,-2.885330970849,
    -2.882354502912,-2.879378034976,-2.87640156704,-2.873425099103,
    -2.870448631167,-2.867472163231,-2.864495695294,-2.861519227358,
    -2.858542759422,-2.855566291485,-2.852589823549,-2.849613355613,
    -2.846636887676,-2.84366041974,-2.840683951804,-2.837707483867,
    -2.834731015931,-2.831754547995,-2.828778080058,-2.825801612122,
    -2.822825144186,-2.819848676249,-2.816872208313,-2.813895740377,
    -2.81091927244,-2.807942804504,-2.804966336568,-2.801989868631,
    -2.799013400695,-2.796036932759,-2.793060464822,-2.790083996886,
    -2.78710752895,-2.784131061013,-2.781154593077,-2.778178125141,
    -2.775201657204,-2.772225189268,-2.769248721332,-2.766272253395,
    -2.763295785459,-2.760319317523,-2.757342849586,-2.75436638165,
    -2.751389913714,-2.748413445777,-2.745436977841,-2.742460509905,
    -2.739484041968,-2.736507574032,-2.733531106096,-2.730554638159,
    -2.727578170223,-2.724601702287,-2.72162523435,-2.718648766414,
    -2.715672298478,-2.712695830541,-2.709719362605,-2.706742894669,
    -2.703766426732,-2.700789958796,-2.69781349086,-2.694837022923,
    -2.691860554987,-2.688884087051,-2.685907619114,-2.682931151178,
    -2.679954683242,-2.676978215305,-2.674001747369,-2.671025279433,
    -2.668048811496,-2.66507234356,-2.662095875624,-2.659119407687,
    -2.656142939751,-2.653166471815,-2.650190003878,-2.647213535942,
    -2.644237068006,-2.641260600069,-2.638284132133,-2.635307664197,
    -2.63233119626,-2.629354728324,-2.626378260388,-2.623401792451,
    -2.620425324515,-2.617448856579,-2.614472388642,-2.611495920706,
    -2.60851945277,-2.605542984833,-2.602566516897,-2.599590048961,
    -2.596613581024,-2.593637113088,-2.590660645152,-2.587684177215,
    -2.584707709279,-2.581731241343,-2.578754773406,-2.57577830547,
    -2.572801837534,-2.569825369597,-2.566848901661,-2.563872433725,
    -2.560895965788,-2.557919497852,-2.554943029916,-2.551966561979,
    -2.548990094043,-2.546013626107,-2.54303715817,-2.540060690234,
    -2.537084222298,-2.534107754361,-2.531131286425,-2.528154818489,
    -2.525178350552,-2.522201882616,-2.51922541468,-2.516248946743,
    -2.513272478807,-2.510296010871,-2.507319542934,-2.504343074998,
    -2.501366607062,-2.498390139125,-2.495413671189,-2.492437203253,
    -2.489460735316,-2.48648426738,-2.483507799444,-2.480531331507,
    -2.477554863571,-2.474578395635,-2.471601927698,-2.468625459762,
    -2.465648991826,-2.462672523889,-2.459696055953,-2.456719588017,
    -2.45374312008,-2.450766652144,-2.447790184208,-2.444813716271,
    -2.441837248335,-2.438860780399,-2.435884312462,-2.432907844526,
    -2.42993137659,-2.426954908653,-2.423978440717,-2.421001972781,
    -2.418025504844,-2.415049036908,-2.412072568972,-2.409096101035,
    -2.406119633099,-2.403143165163,-2.400166697226,-2.39719022929,
    -2.394213761354,-2.391237293417,-2.388260825481,-2.385284357545),
  .QUASI_UNIFORM_KNOTS.);
#3579 = CARTESIAN_POINT('',(3.227623946703E-02,18.968405272442));
#3580 = CARTESIAN_POINT('',(3.228507933412E-02,18.976263215584));
#3581 = CARTESIAN_POINT('',(3.230196913691E-02,18.991983904648));
#3582 = CARTESIAN_POINT('',(3.232407812124E-02,19.015578178266));
#3583 = CARTESIAN_POINT('',(3.234212305865E-02,19.039186893704));
#3584 = CARTESIAN_POINT('',(3.235520402706E-02,19.062802957359));
#3585 = CARTESIAN_POINT('',(3.236246134935E-02,19.086424965082));
#3586 = CARTESIAN_POINT('',(3.236282394156E-02,19.110048823124));
#3587 = CARTESIAN_POINT('',(3.235602873974E-02,19.133667476467));
#3588 = CARTESIAN_POINT('',(3.234318458998E-02,19.15728230792));
#3589 = CARTESIAN_POINT('',(3.232523196244E-02,19.180872891037));
#3590 = CARTESIAN_POINT('',(3.230302076961E-02,19.204441376205));
#3591 = CARTESIAN_POINT('',(3.227737743106E-02,19.227988424632));
#3592 = CARTESIAN_POINT('',(3.22491055623E-02,19.251515702004));
#3593 = CARTESIAN_POINT('',(3.221898283209E-02,19.27502520231));
#3594 = CARTESIAN_POINT('',(3.218775894008E-02,19.29851933408));
#3595 = CARTESIAN_POINT('',(3.215615390095E-02,19.322001126878));
#3596 = CARTESIAN_POINT('',(3.212485477008E-02,19.345473195429));
#3597 = CARTESIAN_POINT('',(3.209451891864E-02,19.368941554651));
#3598 = CARTESIAN_POINT('',(3.206575312953E-02,19.392401275445));
#3599 = CARTESIAN_POINT('',(3.203901659332E-02,19.415838308861));
#3600 = CARTESIAN_POINT('',(3.20147642687E-02,19.43926196481));
#3601 = CARTESIAN_POINT('',(3.199339911012E-02,19.462675731684));
#3602 = CARTESIAN_POINT('',(3.197529348759E-02,19.486085099605));
#3603 = CARTESIAN_POINT('',(3.196073538434E-02,19.509480604956));
#3604 = CARTESIAN_POINT('',(3.194993555776E-02,19.53286951196));
#3605 = CARTESIAN_POINT('',(3.194306884168E-02,19.556258398065));
#3606 = CARTESIAN_POINT('',(3.194026083866E-02,19.57964634518));
#3607 = CARTESIAN_POINT('',(3.194154082739E-02,19.603031426098));
#3608 = CARTESIAN_POINT('',(3.194689551205E-02,19.626423563071));
#3609 = CARTESIAN_POINT('',(3.195626540821E-02,19.649818127586));
#3610 = CARTESIAN_POINT('',(3.196949139449E-02,19.673216214636));
#3611 = CARTESIAN_POINT('',(3.198637233573E-02,19.696623203983));
#3612 = CARTESIAN_POINT('',(3.200665437045E-02,19.720048947831));
#3613 = CARTESIAN_POINT('',(3.203006845407E-02,19.743479289487));
#3614 = CARTESIAN_POINT('',(3.205619954174E-02,19.766910972062));
#3615 = CARTESIAN_POINT('',(3.208457959238E-02,19.790350936326));
#3616 = CARTESIAN_POINT('',(3.211470149933E-02,19.813803034195));
#3617 = CARTESIAN_POINT('',(3.214601679871E-02,19.8372716007));
#3618 = CARTESIAN_POINT('',(3.217793688056E-02,19.860760336066));
#3619 = CARTESIAN_POINT('',(3.220983639946E-02,19.88427308475));
#3620 = CARTESIAN_POINT('',(3.22410445104E-02,19.907811711986));
#3621 = CARTESIAN_POINT('',(3.227088287951E-02,19.931383688557));
#3622 = CARTESIAN_POINT('',(3.229851446226E-02,19.954970467794));
#3623 = CARTESIAN_POINT('',(3.232309933612E-02,19.978569090519));
#3624 = CARTESIAN_POINT('',(3.234380322796E-02,20.002183987708));
#3625 = CARTESIAN_POINT('',(3.235974420094E-02,20.025807577383));
#3626 = CARTESIAN_POINT('',(3.237003090365E-02,20.049436443063));
#3627 = CARTESIAN_POINT('',(3.237371721544E-02,20.073069542605));
#3628 = CARTESIAN_POINT('',(3.236993765646E-02,20.096698477578));
#3629 = CARTESIAN_POINT('',(3.235953242502E-02,20.120321685106));
#3630 = CARTESIAN_POINT('',(3.234347222163E-02,20.1439323863));
#3631 = CARTESIAN_POINT('',(3.232263828532E-02,20.167535664822));
#3632 = CARTESIAN_POINT('',(3.2297993516E-02,20.19111328965));
#3633 = CARTESIAN_POINT('',(3.227035249449E-02,20.214666068692));
#3634 = CARTESIAN_POINT('',(3.224050680105E-02,20.238196049425));
#3635 = CARTESIAN_POINT('',(3.220921878036E-02,20.261705540106));
#3636 = CARTESIAN_POINT('',(3.217722063486E-02,20.285197200347));
#3637 = CARTESIAN_POINT('',(3.2145212682E-02,20.308674525319));
#3638 = CARTESIAN_POINT('',(3.21138603538E-02,20.332139688687));
#3639 = CARTESIAN_POINT('',(3.208379761798E-02,20.355601560042));
#3640 = CARTESIAN_POINT('',(3.20556059856E-02,20.379044250725));
#3641 = CARTESIAN_POINT('',(3.20297318969E-02,20.402464760639));
#3642 = CARTESIAN_POINT('',(3.200658950105E-02,20.425869829647));
#3643 = CARTESIAN_POINT('',(3.198654947577E-02,20.449264112294));
#3644 = CARTESIAN_POINT('',(3.196993751982E-02,20.47265201925));
#3645 = CARTESIAN_POINT('',(3.195704801855E-02,20.496042058709));
#3646 = CARTESIAN_POINT('',(3.194808092623E-02,20.519424600354));
#3647 = CARTESIAN_POINT('',(3.194314903994E-02,20.542802336569));
#3648 = CARTESIAN_POINT('',(3.194233717937E-02,20.566183718916));
#3649 = CARTESIAN_POINT('',(3.194566719787E-02,20.589564214349));
#3650 = CARTESIAN_POINT('',(3.195307875014E-02,20.612946067899));
#3651 = CARTESIAN_POINT('',(3.196444938788E-02,20.636340775188));
#3652 = CARTESIAN_POINT('',(3.197969882611E-02,20.659731494571));
#3653 = CARTESIAN_POINT('',(3.199855058086E-02,20.683116798032));
#3654 = CARTESIAN_POINT('',(3.202065888349E-02,20.706503823482));
#3655 = CARTESIAN_POINT('',(3.204564038401E-02,20.729897147864));
#3656 = CARTESIAN_POINT('',(3.207306670828E-02,20.753301746405));
#3657 = CARTESIAN_POINT('',(3.210246739065E-02,20.776722171458));
#3658 = CARTESIAN_POINT('',(3.213333015524E-02,20.800162763462));
#3659 = CARTESIAN_POINT('',(3.216510123731E-02,20.823627509462));
#3660 = CARTESIAN_POINT('',(3.219718812513E-02,20.847120274036));
#3661 = CARTESIAN_POINT('',(3.222895264309E-02,20.870643887252));
#3662 = CARTESIAN_POINT('',(3.225974045982E-02,20.894203425832));
#3663 = CARTESIAN_POINT('',(3.228865320592E-02,20.917773081495));
#3664 = CARTESIAN_POINT('',(3.231489626705E-02,20.941357799519));
#3665 = CARTESIAN_POINT('',(3.233763293474E-02,20.964959961759));
#3666 = CARTESIAN_POINT('',(3.235599552928E-02,20.98857409861));
#3667 = CARTESIAN_POINT('',(3.236907103351E-02,21.01219370532));
#3668 = CARTESIAN_POINT('',(3.237598249437E-02,21.035821713263));
#3669 = CARTESIAN_POINT('',(3.237563413898E-02,21.05944676875));
#3670 = CARTESIAN_POINT('',(3.236816944924E-02,21.083071021734));
#3671 = CARTESIAN_POINT('',(3.23546887673E-02,21.106683720212));
#3672 = CARTESIAN_POINT('',(3.233604368525E-02,21.130290424914));
#3673 = CARTESIAN_POINT('',(3.231320465799E-02,21.153873936147));
#3674 = CARTESIAN_POINT('',(3.22870006858E-02,21.177433517734));
#3675 = CARTESIAN_POINT('',(3.225823396073E-02,21.200971320743));
#3676 = CARTESIAN_POINT('',(3.22276804814E-02,21.224489327917));
#3677 = CARTESIAN_POINT('',(3.219608699647E-02,21.247990015109));
#3678 = CARTESIAN_POINT('',(3.2164170222E-02,21.27147663158));
#3679 = CARTESIAN_POINT('',(3.213261142551E-02,21.294951289628));
#3680 = CARTESIAN_POINT('',(3.210206788997E-02,21.318422200396));
#3681 = CARTESIAN_POINT('',(3.207311850291E-02,21.341873811309));
#3682 = CARTESIAN_POINT('',(3.204623945319E-02,21.365306178547));
#3683 = CARTESIAN_POINT('',(3.202188232951E-02,21.388724855105));
#3684 = CARTESIAN_POINT('',(3.200045157193E-02,21.412135274015));
#3685 = CARTESIAN_POINT('',(3.198231897824E-02,21.435539148444));
#3686 = CARTESIAN_POINT('',(3.196775660339E-02,21.45892918178));
#3687 = CARTESIAN_POINT('',(3.195697478717E-02,21.482313142192));
#3688 = CARTESIAN_POINT('',(3.195014669727E-02,21.505698070523));
#3689 = CARTESIAN_POINT('',(3.194738847596E-02,21.529080264864));
#3690 = CARTESIAN_POINT('',(3.194872223461E-02,21.552460703964));
#3691 = CARTESIAN_POINT('',(3.195413306027E-02,21.575848682121));
#3692 = CARTESIAN_POINT('',(3.196355017255E-02,21.599237599002));
#3693 = CARTESIAN_POINT('',(3.197680735345E-02,21.622631352775));
#3694 = CARTESIAN_POINT('',(3.199369892409E-02,21.646034706047));
#3695 = CARTESIAN_POINT('',(3.201397089655E-02,21.669457229089));
#3696 = CARTESIAN_POINT('',(3.203734326065E-02,21.69287878383));
#3697 = CARTESIAN_POINT('',(3.206337853739E-02,21.716303955937));
#3698 = CARTESIAN_POINT('',(3.209160746987E-02,21.739737568676));
#3699 = CARTESIAN_POINT('',(3.212151595825E-02,21.763184022372));
#3700 = CARTESIAN_POINT('',(3.21525499958E-02,21.786647482051));
#3701 = CARTESIAN_POINT('',(3.218411491798E-02,21.810131670036));
#3702 = CARTESIAN_POINT('',(3.221557939898E-02,21.833640386271));
#3703 = CARTESIAN_POINT('',(3.224626628559E-02,21.857175508115));
#3704 = CARTESIAN_POINT('',(3.227549162681E-02,21.880744339605));
#3705 = CARTESIAN_POINT('',(3.230239967917E-02,21.904326745748));
#3706 = CARTESIAN_POINT('',(3.232615059354E-02,21.927921526116));
#3707 = CARTESIAN_POINT('',(3.234590325751E-02,21.951532747026));
#3708 = CARTESIAN_POINT('',(3.236076222044E-02,21.975151222298));
#3709 = CARTESIAN_POINT('',(3.236985187695E-02,21.998775989784));
#3710 = CARTESIAN_POINT('',(3.237214545403E-02,22.022403289898));
#3711 = CARTESIAN_POINT('',(3.236706207797E-02,22.046027049734));
#3712 = CARTESIAN_POINT('',(3.235560960663E-02,22.069643447579));
#3713 = CARTESIAN_POINT('',(3.233869983408E-02,22.093247977514));
#3714 = CARTESIAN_POINT('',(3.231721884279E-02,22.116845063532));
#3715 = CARTESIAN_POINT('',(3.229211505843E-02,22.140416235719));
#3716 = CARTESIAN_POINT('',(3.22641895024E-02,22.163962982784));
#3717 = CARTESIAN_POINT('',(3.223422259059E-02,22.187487268781));
#3718 = CARTESIAN_POINT('',(3.220296455175E-02,22.21099151485));
#3719 = CARTESIAN_POINT('',(3.217113542806E-02,22.23447843027));
#3720 = CARTESIAN_POINT('',(3.213942329333E-02,22.257951575126));
#3721 = CARTESIAN_POINT('',(3.210848071036E-02,22.281413149908));
#3722 = CARTESIAN_POINT('',(3.207893053638E-02,22.304872148834));
#3723 = CARTESIAN_POINT('',(3.205133542983E-02,22.328311394215));
#3724 = CARTESIAN_POINT('',(3.20261282279E-02,22.351729716354));
#3725 = CARTESIAN_POINT('',(3.200371174725E-02,22.375133402618));
#3726 = CARTESIAN_POINT('',(3.198444484767E-02,22.398527197553));
#3727 = CARTESIAN_POINT('',(3.196864139955E-02,22.421915683387));
#3728 = CARTESIAN_POINT('',(3.195658479716E-02,22.4453066408));
#3729 = CARTESIAN_POINT('',(3.194845111823E-02,22.46868902984));
#3730 = CARTESIAN_POINT('',(3.194434619085E-02,22.492068310186));
#3731 = CARTESIAN_POINT('',(3.194434486193E-02,22.515451844742));
#3732 = CARTESIAN_POINT('',(3.194845192449E-02,22.538833957832));
#3733 = CARTESIAN_POINT('',(3.195659531821E-02,22.562218745067));
#3734 = CARTESIAN_POINT('',(3.196864587833E-02,22.585617078338));
#3735 = CARTESIAN_POINT('',(3.198451240821E-02,22.609009336711));
#3736 = CARTESIAN_POINT('',(3.200389271511E-02,22.632397763763));
#3737 = CARTESIAN_POINT('',(3.202643699927E-02,22.655788436592));
#3738 = CARTESIAN_POINT('',(3.205175248733E-02,22.679186134834));
#3739 = CARTESIAN_POINT('',(3.207940323245E-02,22.702595691094));
#3740 = CARTESIAN_POINT('',(3.210891115578E-02,22.726021608856));
#3741 = CARTESIAN_POINT('',(3.213975668415E-02,22.749468125594));
#3742 = CARTESIAN_POINT('',(3.217137959837E-02,22.772939223133));
#3743 = CARTESIAN_POINT('',(3.220317940101E-02,22.796438398632));
#3744 = CARTESIAN_POINT('',(3.223451748908E-02,22.819969440018));
#3745 = CARTESIAN_POINT('',(3.22647128303E-02,22.843533416873));
#3746 = CARTESIAN_POINT('',(3.229286350924E-02,22.867106287396));
#3747 = CARTESIAN_POINT('',(3.231818281677E-02,22.890694462067));
#3748 = CARTESIAN_POINT('',(3.233983062168E-02,22.914300374955));
#3749 = CARTESIAN_POINT('',(3.235693126445E-02,22.937915065685));
#3750 = CARTESIAN_POINT('',(3.236858239315E-02,22.961536217994));
#3751 = CARTESIAN_POINT('',(3.23738828337E-02,22.985163528961));
#3752 = CARTESIAN_POINT('',(3.237180352161E-02,23.008787832115));
#3753 = CARTESIAN_POINT('',(3.236285503327E-02,23.032408996642));
#3754 = CARTESIAN_POINT('',(3.23480855981E-02,23.05601857702));
#3755 = CARTESIAN_POINT('',(3.232836022691E-02,23.079621104889));
#3756 = CARTESIAN_POINT('',(3.230464349375E-02,23.103197869269));
#3757 = CARTESIAN_POINT('',(3.227774608019E-02,23.126751324035));
#3758 = CARTESIAN_POINT('',(3.224846823266E-02,23.150282908251));
#3759 = CARTESIAN_POINT('',(3.221757884096E-02,23.173794932001));
#3760 = CARTESIAN_POINT('',(3.218581827555E-02,23.197289911473));
#3761 = CARTESIAN_POINT('',(3.215389583732E-02,23.220771212982));
#3762 = CARTESIAN_POINT('',(3.212248575306E-02,23.244241013996));
#3763 = CARTESIAN_POINT('',(3.209223495994E-02,23.267707689767));
#3764 = CARTESIAN_POINT('',(3.206372416753E-02,23.291149959359));
#3765 = CARTESIAN_POINT('',(3.203740744798E-02,23.31457151179));
#3766 = CARTESIAN_POINT('',(3.201371104555E-02,23.337977191501));
#3767 = CARTESIAN_POINT('',(3.199301701105E-02,23.361372069845));
#3768 = CARTESIAN_POINT('',(3.197566357433E-02,23.384760353549));
#3769 = CARTESIAN_POINT('',(3.196195625541E-02,23.408150561194));
#3770 = CARTESIAN_POINT('',(3.195211749298E-02,23.431535081988));
#3771 = CARTESIAN_POINT('',(3.19462666132E-02,23.454913224233));
#3772 = CARTESIAN_POINT('',(3.194449809879E-02,23.478294070296));
#3773 = CARTESIAN_POINT('',(3.194685310633E-02,23.5016752954));
#3774 = CARTESIAN_POINT('',(3.195327954466E-02,23.525056494544));
#3775 = CARTESIAN_POINT('',(3.196368529529E-02,23.54844866104));
#3776 = CARTESIAN_POINT('',(3.197791901341E-02,23.571841659738));
#3777 = CARTESIAN_POINT('',(3.199573763958E-02,23.595226127881));
#3778 = CARTESIAN_POINT('',(3.200981084429E-02,23.610816303059));
#3779 = CARTESIAN_POINT('',(3.201734943501E-02,23.61861218738));
#3780 = ( GEOMETRIC_REPRESENTATION_CONTEXT(2) 
PARAMETRIC_REPRESENTATION_CONTEXT() REPRESENTATION_CONTEXT('2D SPACE',''
  ) );
#3781 = ORIENTED_EDGE('',*,*,#3782,.T.);
#3782 = EDGE_CURVE('',#3463,#3783,#3785,.T.);
#3783 = VERTEX_POINT('',#3784);
#3784 = CARTESIAN_POINT('',(-2.166979099895,7.065593889914,
    -3.362172152139));
#3785 = SURFACE_CURVE('',#3786,(#3793,#3822),.PCURVE_S1.);
#3786 = B_SPLINE_CURVE_WITH_KNOTS('',3,(#3787,#3788,#3789,#3790,#3791,
    #3792),.UNSPECIFIED.,.F.,.F.,(4,2,4),(-0.561019024639,
    -0.527895493813,-0.486693895656),.UNSPECIFIED.);
#3787 = CARTESIAN_POINT('',(-2.71982431966,7.380482244894,
    -2.933011365505));
#3788 = CARTESIAN_POINT('',(-2.636845609576,7.366904129197,
    -3.00995873651));
#3789 = CARTESIAN_POINT('',(-2.549533042903,7.337279862983,
    -3.084087479675));
#3790 = CARTESIAN_POINT('',(-2.358233562795,7.237060118099,
    -3.233706729138));
#3791 = CARTESIAN_POINT('',(-2.255254698821,7.157826620481,
    -3.305276975673));
#3792 = CARTESIAN_POINT('',(-2.166979099895,7.065593889914,
    -3.362172152139));
#3793 = PCURVE('',#3566,#3794);
#3794 = DEFINITIONAL_REPRESENTATION('',(#3795),#3821);
#3795 = B_SPLINE_CURVE_WITH_KNOTS('',3,(#3796,#3797,#3798,#3799,#3800,
    #3801,#3802,#3803,#3804,#3805,#3806,#3807,#3808,#3809,#3810,#3811,
    #3812,#3813,#3814,#3815,#3816,#3817,#3818,#3819,#3820),
  .UNSPECIFIED.,.F.,.F.,(4,1,1,1,1,1,1,1,1,1,1,1,1,1,1,1,1,1,1,1,1,1,4),
  (-0.561019024639,-0.557640609685,-0.554262194732,-0.550883779778,
    -0.547505364824,-0.54412694987,-0.540748534916,-0.537370119963,
    -0.533991705009,-0.530613290055,-0.527234875101,-0.523856460148,
    -0.520478045194,-0.51709963024,-0.513721215286,-0.510342800332,
    -0.506964385379,-0.503585970425,-0.500207555471,-0.496829140517,
    -0.493450725564,-0.49007231061,-0.486693895656),
  .QUASI_UNIFORM_KNOTS.);
#3796 = CARTESIAN_POINT('',(-1.508579612563,3.997158445914));
#3797 = CARTESIAN_POINT('',(-1.499392728915,3.99672346008));
#3798 = CARTESIAN_POINT('',(-1.480969830669,3.99574826203));
#3799 = CARTESIAN_POINT('',(-1.45320586743,3.993977714027));
#3800 = CARTESIAN_POINT('',(-1.425329926127,3.991907343413));
#3801 = CARTESIAN_POINT('',(-1.397360131698,3.989545078161));
#3802 = CARTESIAN_POINT('',(-1.36931467054,3.986898847518));
#3803 = CARTESIAN_POINT('',(-1.341211665403,3.983976575987));
#3804 = CARTESIAN_POINT('',(-1.313068870038,3.980786205769));
#3805 = CARTESIAN_POINT('',(-1.284903768114,3.977335613021));
#3806 = CARTESIAN_POINT('',(-1.25673223317,3.97363292037));
#3807 = CARTESIAN_POINT('',(-1.228572551692,3.969685330614));
#3808 = CARTESIAN_POINT('',(-1.200428207183,3.965503690345));
#3809 = CARTESIAN_POINT('',(-1.172308596804,3.961108755107));
#3810 = CARTESIAN_POINT('',(-1.14422853033,3.956519673162));
#3811 = CARTESIAN_POINT('',(-1.116203016949,3.951756023441));
#3812 = CARTESIAN_POINT('',(-1.088248418945,3.946837269479));
#3813 = CARTESIAN_POINT('',(-1.060381892352,3.94178290573));
#3814 = CARTESIAN_POINT('',(-1.032621282325,3.936612418365));
#3815 = CARTESIAN_POINT('',(-1.004984893399,3.931345295773));
#3816 = CARTESIAN_POINT('',(-0.9774912989,3.92600102575));
#3817 = CARTESIAN_POINT('',(-0.950159125908,3.920599096249));
#3818 = CARTESIAN_POINT('',(-0.923006920026,3.915158995182));
#3819 = CARTESIAN_POINT('',(-0.905037473694,3.911519805376));
#3820 = CARTESIAN_POINT('',(-0.896088790821,3.909700344519));
#3821 = ( GEOMETRIC_REPRESENTATION_CONTEXT(2) 
PARAMETRIC_REPRESENTATION_CONTEXT() REPRESENTATION_CONTEXT('2D SPACE',''
  ) );
#3822 = PCURVE('',#1826,#3823);
#3823 = DEFINITIONAL_REPRESENTATION('',(#3824),#3850);
#3824 = B_SPLINE_CURVE_WITH_KNOTS('',3,(#3825,#3826,#3827,#3828,#3829,
    #3830,#3831,#3832,#3833,#3834,#3835,#3836,#3837,#3838,#3839,#3840,
    #3841,#3842,#3843,#3844,#3845,#3846,#3847,#3848,#3849),
  .UNSPECIFIED.,.F.,.F.,(4,1,1,1,1,1,1,1,1,1,1,1,1,1,1,1,1,1,1,1,1,1,4),
  (-0.561019024639,-0.557640609685,-0.554262194732,-0.550883779778,
    -0.547505364824,-0.54412694987,-0.540748534916,-0.537370119963,
    -0.533991705009,-0.530613290055,-0.527234875101,-0.523856460148,
    -0.520478045194,-0.51709963024,-0.513721215286,-0.510342800332,
    -0.506964385379,-0.503585970425,-0.500207555471,-0.496829140517,
    -0.493450725564,-0.49007231061,-0.486693895656),
  .QUASI_UNIFORM_KNOTS.);
#3825 = CARTESIAN_POINT('',(5.460091715782,7.380482244894));
#3826 = CARTESIAN_POINT('',(5.457206165369,7.379097353007));
#3827 = CARTESIAN_POINT('',(5.451428487916,7.375993717524));
#3828 = CARTESIAN_POINT('',(5.442754064426,7.370343118522));
#3829 = CARTESIAN_POINT('',(5.434083538365,7.363703782732));
#3830 = CARTESIAN_POINT('',(5.425428776878,7.356082120386));
#3831 = CARTESIAN_POINT('',(5.416801675166,7.347484537109));
#3832 = CARTESIAN_POINT('',(5.408214158315,7.337917455708));
#3833 = CARTESIAN_POINT('',(5.399678152402,7.327387234874));
#3834 = CARTESIAN_POINT('',(5.391205642749,7.315900472579));
#3835 = CARTESIAN_POINT('',(5.382808415799,7.303462873786));
#3836 = CARTESIAN_POINT('',(5.374498981848,7.290083476214));
#3837 = CARTESIAN_POINT('',(5.366286850269,7.275757207648));
#3838 = CARTESIAN_POINT('',(5.35817993095,7.260517617801));
#3839 = CARTESIAN_POINT('',(5.350187199472,7.244400503527));
#3840 = CARTESIAN_POINT('',(5.342317439116,7.227441059558));
#3841 = CARTESIAN_POINT('',(5.334579569439,7.209674641968));
#3842 = CARTESIAN_POINT('',(5.326982550147,7.191136563597));
#3843 = CARTESIAN_POINT('',(5.319535399225,7.171862148869));
#3844 = CARTESIAN_POINT('',(5.312247181093,7.151886719107));
#3845 = CARTESIAN_POINT('',(5.305127003115,7.131245596461));
#3846 = CARTESIAN_POINT('',(5.298184011728,7.109974102863));
#3847 = CARTESIAN_POINT('',(5.291427385028,7.088107560301));
#3848 = CARTESIAN_POINT('',(5.287053357313,7.073156713933));
#3849 = CARTESIAN_POINT('',(5.284900475701,7.065593889914));
#3850 = ( GEOMETRIC_REPRESENTATION_CONTEXT(2) 
PARAMETRIC_REPRESENTATION_CONTEXT() REPRESENTATION_CONTEXT('2D SPACE',''
  ) );
#3851 = ORIENTED_EDGE('',*,*,#3852,.F.);
#3852 = EDGE_CURVE('',#3853,#3783,#3855,.T.);
#3853 = VERTEX_POINT('',#3854);
#3854 = CARTESIAN_POINT('',(-2.899803888792,4.860500012847,
    -2.900523055148));
#3855 = SURFACE_CURVE('',#3856,(#3924,#3930),.PCURVE_S1.);
#3856 = B_SPLINE_CURVE_WITH_KNOTS('',3,(#3857,#3858,#3859,#3860,#3861,
    #3862,#3863,#3864,#3865,#3866,#3867,#3868,#3869,#3870,#3871,#3872,
    #3873,#3874,#3875,#3876,#3877,#3878,#3879,#3880,#3881,#3882,#3883,
    #3884,#3885,#3886,#3887,#3888,#3889,#3890,#3891,#3892,#3893,#3894,
    #3895,#3896,#3897,#3898,#3899,#3900,#3901,#3902,#3903,#3904,#3905,
    #3906,#3907,#3908,#3909,#3910,#3911,#3912,#3913,#3914,#3915,#3916,
    #3917,#3918,#3919,#3920,#3921,#3922,#3923),.UNSPECIFIED.,.F.,.F.,(4,
    3,3,3,3,3,3,3,3,3,3,3,3,3,3,3,3,3,3,3,3,3,4),(-3.852602003841,
    -3.724074811968,-3.595103862647,-3.465551454196,-3.428762226092,
    -3.312250969442,-3.195951750577,-3.079768249134,-2.963648521171,
    -2.847540735518,-2.731300767114,-2.614988247465,-2.498434289589,
    -2.435880260153,-2.31177001441,-2.191139984294,-2.070665876122,
    -1.950306852567,-1.830022261304,-1.709736527761,-1.589451162042,
    -1.469080809182,-1.442998294213),.UNSPECIFIED.);
#3857 = CARTESIAN_POINT('',(-2.899803888792,4.860500012847,
    -2.900523055148));
#3858 = CARTESIAN_POINT('',(-2.858903561818,4.860521903257,
    -2.936601918459));
#3859 = CARTESIAN_POINT('',(-2.818082588538,4.864062701737,
    -2.972601428076));
#3860 = CARTESIAN_POINT('',(-2.77764850556,4.871054132076,
    -3.008214047391));
#3861 = CARTESIAN_POINT('',(-2.737074818462,4.87806970127,
    -3.043949624073));
#3862 = CARTESIAN_POINT('',(-2.696890940287,4.888559619793,
    -3.079295391832));
#3863 = CARTESIAN_POINT('',(-2.657396065864,4.902404917002,
    -3.113952155839));
#3864 = CARTESIAN_POINT('',(-2.617723130759,4.916312635047,
    -3.148765168147));
#3865 = CARTESIAN_POINT('',(-2.57874565889,4.933605885286,
    -3.182882717219));
#3866 = CARTESIAN_POINT('',(-2.540751701382,4.954116139352,
    -3.21601675193));
#3867 = CARTESIAN_POINT('',(-2.529962489618,4.959940472719,
    -3.225425882764));
#3868 = CARTESIAN_POINT('',(-2.519252482988,4.966023939138,
    -3.234755808464));
#3869 = CARTESIAN_POINT('',(-2.508628016237,4.972362010003,
    -3.244000194286));
#3870 = CARTESIAN_POINT('',(-2.474980396098,4.992434641023,-3.2732771067
    ));
#3871 = CARTESIAN_POINT('',(-2.442079298063,5.015136428933,
    -3.301807497011));
#3872 = CARTESIAN_POINT('',(-2.410160994208,5.040333439164,
    -3.329355093142));
#3873 = CARTESIAN_POINT('',(-2.378300778185,5.065484593584,
    -3.356852555652));
#3874 = CARTESIAN_POINT('',(-2.347420148425,5.093121686097,-3.3833704319
    ));
#3875 = CARTESIAN_POINT('',(-2.317739766276,5.123063705227,
    -3.408688060537));
#3876 = CARTESIAN_POINT('',(-2.28808891603,5.152975932124,
    -3.433980498199));
#3877 = CARTESIAN_POINT('',(-2.259636263468,5.18518820976,
    -3.458074738176));
#3878 = CARTESIAN_POINT('',(-2.232582223571,5.219476067071,
    -3.48077036549));
#3879 = CARTESIAN_POINT('',(-2.205543033719,5.253745103672,
    -3.503453535104));
#3880 = CARTESIAN_POINT('',(-2.179901219951,5.290087074714,
    -3.524739328633));
#3881 = CARTESIAN_POINT('',(-2.155832514448,5.328238846739,
    -3.544452013898));
#3882 = CARTESIAN_POINT('',(-2.131766284287,5.366386695053,
    -3.564162671816));
#3883 = CARTESIAN_POINT('',(-2.109273089736,5.406343539306,
    -3.582300294122));
#3884 = CARTESIAN_POINT('',(-2.088500124224,5.447813299716,
    -3.598717687391));
#3885 = CARTESIAN_POINT('',(-2.067703509756,5.489330271319,
    -3.615153771019));
#3886 = CARTESIAN_POINT('',(-2.048631244343,5.532363121851,
    -3.629865505593));
#3887 = CARTESIAN_POINT('',(-2.031399064988,5.576588540111,
    -3.642737154109));
#3888 = CARTESIAN_POINT('',(-2.014156130158,5.620841561692,
    -3.655616836471));
#3889 = CARTESIAN_POINT('',(-1.998755714558,5.66628811237,
    -3.666653999604));
#3890 = CARTESIAN_POINT('',(-1.985279262987,5.712585653332,
    -3.675767198707));
#3891 = CARTESIAN_POINT('',(-1.97177483738,5.758979297416,
    -3.684899314731));
#3892 = CARTESIAN_POINT('',(-1.960202448852,5.806226916584,
    -3.692099393676));
#3893 = CARTESIAN_POINT('',(-1.950607792854,5.853973263821,
    -3.697321740092));
#3894 = CARTESIAN_POINT('',(-1.945458380472,5.879598531851,
    -3.700124551918));
#3895 = CARTESIAN_POINT('',(-1.940878011397,5.90536732408,
    -3.702358320437));
#3896 = CARTESIAN_POINT('',(-1.936869381601,5.931224323859,
    -3.704020349677));
#3897 = CARTESIAN_POINT('',(-1.928916064547,5.982525872707,
    -3.707317896763));
#3898 = CARTESIAN_POINT('',(-1.923189739912,6.034412369764,
    -3.70838845143));
#3899 = CARTESIAN_POINT('',(-1.919739747261,6.08647535186,
    -3.707182674112));
#3900 = CARTESIAN_POINT('',(-1.916386496972,6.137078419001,
    -3.706010708386));
#3901 = CARTESIAN_POINT('',(-1.915183606064,6.187847652325,
    -3.702688383281));
#3902 = CARTESIAN_POINT('',(-1.916139646734,6.238399937439,
    -3.697207126597));
#3903 = CARTESIAN_POINT('',(-1.917094451662,6.288886880526,
    -3.691732954783));
#3904 = CARTESIAN_POINT('',(-1.920202619161,6.339156925123,
    -3.684105420398));
#3905 = CARTESIAN_POINT('',(-1.925435960587,6.388828165642,
    -3.674352712086));
#3906 = CARTESIAN_POINT('',(-1.930664302788,6.438451956997,
    -3.664609320189));
#3907 = CARTESIAN_POINT('',(-1.938013714036,6.48747758102,
    -3.652744859245));
#3908 = CARTESIAN_POINT('',(-1.947419688304,6.535531585124,
    -3.638823835282));
#3909 = CARTESIAN_POINT('',(-1.956819845739,6.583555871724,
    -3.624911420342));
#3910 = CARTESIAN_POINT('',(-1.968273922723,6.630609248919,
    -3.608945085854));
#3911 = CARTESIAN_POINT('',(-1.981682264638,6.676333799058,
    -3.591024486435));
#3912 = CARTESIAN_POINT('',(-1.995090733885,6.72205878342,
    -3.573103716834));
#3913 = CARTESIAN_POINT('',(-2.010453354377,6.766454450472,
    -3.553228795987));
#3914 = CARTESIAN_POINT('',(-2.027637071716,6.809184901563,
    -3.531532778294));
#3915 = CARTESIAN_POINT('',(-2.044820736509,6.851915221989,
    -3.509836826944));
#3916 = CARTESIAN_POINT('',(-2.063825286123,6.89297991113,
    -3.486319990774));
#3917 = CARTESIAN_POINT('',(-2.084486913155,6.932071792798,
    -3.461146077185));
#3918 = CARTESIAN_POINT('',(-2.105163138577,6.971191294678,
    -3.435954377069));
#3919 = CARTESIAN_POINT('',(-2.127498541022,7.008334820571,
    -3.409103499931));
#3920 = CARTESIAN_POINT('',(-2.151301497722,7.04322936152,
    -3.380785068536));
#3921 = CARTESIAN_POINT('',(-2.15645925426,7.050790503986,
    -3.374648873923));
#3922 = CARTESIAN_POINT('',(-2.16168582205,7.058246192342,
    -3.368443868058));
#3923 = CARTESIAN_POINT('',(-2.166979099895,7.065593889914,
    -3.362172152139));
#3924 = PCURVE('',#3566,#3925);
#3925 = DEFINITIONAL_REPRESENTATION('',(#3926),#3929);
#3926 = B_SPLINE_CURVE_WITH_KNOTS('',1,(#3927,#3928),.UNSPECIFIED.,.F.,
  .F.,(2,2),(-3.852602003841,-1.442998294213),.PIECEWISE_BEZIER_KNOTS.);
#3927 = CARTESIAN_POINT('',(1.513112762419,4.101450515159));
#3928 = CARTESIAN_POINT('',(-0.896088790821,3.909700344519));
#3929 = ( GEOMETRIC_REPRESENTATION_CONTEXT(2) 
PARAMETRIC_REPRESENTATION_CONTEXT() REPRESENTATION_CONTEXT('2D SPACE',''
  ) );
#3930 = PCURVE('',#903,#3931);
#3931 = DEFINITIONAL_REPRESENTATION('',(#3932),#3935);
#3932 = B_SPLINE_CURVE_WITH_KNOTS('',1,(#3933,#3934),.UNSPECIFIED.,.F.,
  .F.,(2,2),(-3.852602003841,-1.442998294213),.PIECEWISE_BEZIER_KNOTS.);
#3933 = CARTESIAN_POINT('',(1.399404365922E-04,15.707996293196));
#3934 = CARTESIAN_POINT('',(-2.294730941525E-16,13.298359557793));
#3935 = ( GEOMETRIC_REPRESENTATION_CONTEXT(2) 
PARAMETRIC_REPRESENTATION_CONTEXT() REPRESENTATION_CONTEXT('2D SPACE',''
  ) );
#3936 = ORIENTED_EDGE('',*,*,#3937,.F.);
#3937 = EDGE_CURVE('',#3938,#3853,#3940,.T.);
#3938 = VERTEX_POINT('',#3939);
#3939 = CARTESIAN_POINT('',(-3.884466622425,6.197392646479,
    -2.09912657538));
#3940 = SURFACE_CURVE('',#3941,(#3988,#3994),.PCURVE_S1.);
#3941 = B_SPLINE_CURVE_WITH_KNOTS('',3,(#3942,#3943,#3944,#3945,#3946,
    #3947,#3948,#3949,#3950,#3951,#3952,#3953,#3954,#3955,#3956,#3957,
    #3958,#3959,#3960,#3961,#3962,#3963,#3964,#3965,#3966,#3967,#3968,
    #3969,#3970,#3971,#3972,#3973,#3974,#3975,#3976,#3977,#3978,#3979,
    #3980,#3981,#3982,#3983,#3984,#3985,#3986,#3987),.UNSPECIFIED.,.F.,
  .F.,(4,3,3,3,3,3,3,3,3,3,3,3,3,3,3,4),(-5.481063028707,-5.414526157971
    ,-5.290415912228,-5.172725334268,-5.055151291494,-4.937644190916,
    -4.820154549149,-4.702553588449,-4.584888455427,-4.467015823052,
    -4.421644192032,-4.301641733157,-4.181905233795,-4.062325599522,
    -3.942865167604,-3.85260200437),.UNSPECIFIED.);
#3942 = CARTESIAN_POINT('',(-3.884466622425,6.197392646479,
    -2.09912657538));
#3943 = CARTESIAN_POINT('',(-3.884349550026,6.169501741668,
    -2.09674763818));
#3944 = CARTESIAN_POINT('',(-3.883577360457,6.141588218424,
    -2.095023818151));
#3945 = CARTESIAN_POINT('',(-3.882153521018,6.113718037783,
    -2.093951647993));
#3946 = CARTESIAN_POINT('',(-3.879497654267,6.061732200006,
    -2.091951744775));
#3947 = CARTESIAN_POINT('',(-3.874570333659,6.009657535004,
    -2.092223295415));
#3948 = CARTESIAN_POINT('',(-3.867366089141,5.957922264538,
    -2.094771769964));
#3949 = CARTESIAN_POINT('',(-3.860534487962,5.908863028165,
    -2.097188423326));
#3950 = CARTESIAN_POINT('',(-3.851655747144,5.860109570713,
    -2.101652216328));
#3951 = CARTESIAN_POINT('',(-3.840762878304,5.812026840681,
    -2.108130137352));
#3952 = CARTESIAN_POINT('',(-3.829880795395,5.763991721342,
    -2.11460164405));
#3953 = CARTESIAN_POINT('',(-3.816988628636,5.716626540619,
    -2.123083234597));
#3954 = CARTESIAN_POINT('',(-3.802155566687,5.670286709626,
    -2.133505720335));
#3955 = CARTESIAN_POINT('',(-3.787330950121,5.623973262773,
    -2.143922271905));
#3956 = CARTESIAN_POINT('',(-3.770567766672,5.578684517051,
    -2.156277390358));
#3957 = CARTESIAN_POINT('',(-3.751970019068,5.534758887167,
    -2.170467072965));
#3958 = CARTESIAN_POINT('',(-3.733375034655,5.490839783606,
    -2.184654647318));
#3959 = CARTESIAN_POINT('',(-3.712946208179,5.448283875371,
    -2.200676063732));
#3960 = CARTESIAN_POINT('',(-3.690820209463,5.40740549908,
    -2.218394652387));
#3961 = CARTESIAN_POINT('',(-3.668673246834,5.366488391398,
    -2.236130029028));
#3962 = CARTESIAN_POINT('',(-3.644826122018,5.327252437831,
    -2.255565567856));
#3963 = CARTESIAN_POINT('',(-3.619445638068,5.289981921731,
    -2.276534465818));
#3964 = CARTESIAN_POINT('',(-3.594051304532,5.252691067909,
    -2.297514806058));
#3965 = CARTESIAN_POINT('',(-3.567122217098,5.217368175607,
    -2.320029900196));
#3966 = CARTESIAN_POINT('',(-3.538851400193,5.184260860116,
    -2.343886723805));
#3967 = CARTESIAN_POINT('',(-3.510530728449,5.151095160749,
    -2.367785618292));
#3968 = CARTESIAN_POINT('',(-3.48086390756,5.120153174519,
    -2.393030661926));
#3969 = CARTESIAN_POINT('',(-3.450066540684,5.091641340591,
    -2.419406251545));
#3970 = CARTESIAN_POINT('',(-3.438211992786,5.080666541924,
    -2.429558765288));
#3971 = CARTESIAN_POINT('',(-3.426190139527,5.070051333717,
    -2.439878584393));
#3972 = CARTESIAN_POINT('',(-3.414013967091,5.059805678067,
    -2.450352722675));
#3973 = CARTESIAN_POINT('',(-3.381809468396,5.032707162033,
    -2.47805554755));
#3974 = CARTESIAN_POINT('',(-3.348400859886,5.008085435397,
    -2.506962482239));
#3975 = CARTESIAN_POINT('',(-3.314010224155,4.986152965069,
    -2.536851444149));
#3976 = CARTESIAN_POINT('',(-3.279695807835,4.964269103321,
    -2.566674163635));
#3977 = CARTESIAN_POINT('',(-3.244404015047,4.945062883595,
    -2.597474259589));
#3978 = CARTESIAN_POINT('',(-3.208375656347,4.928702078955,
    -2.629010921454));
#3979 = CARTESIAN_POINT('',(-3.172394497889,4.912362708374,
    -2.660506267587));
#3980 = CARTESIAN_POINT('',(-3.135679031828,4.898861529527,
    -2.692735921323));
#3981 = CARTESIAN_POINT('',(-3.098484557445,4.888318529285,
    -2.72544458338));
#3982 = CARTESIAN_POINT('',(-3.061327160185,4.877786038779,
    -2.758120639973));
#3983 = CARTESIAN_POINT('',(-3.023692059861,4.870205984136,
    -2.791274399631));
#3984 = CARTESIAN_POINT('',(-2.985844102492,4.865648080282,
    -2.824641016334));
#3985 = CARTESIAN_POINT('',(-2.957246546805,4.862204171593,
    -2.849852513745));
#3986 = CARTESIAN_POINT('',(-2.928527716809,4.860484639484,
    -2.875185285466));
#3987 = CARTESIAN_POINT('',(-2.899803889297,4.860500012847,
    -2.900523054703));
#3988 = PCURVE('',#3566,#3989);
#3989 = DEFINITIONAL_REPRESENTATION('',(#3990),#3993);
#3990 = B_SPLINE_CURVE_WITH_KNOTS('',1,(#3991,#3992),.UNSPECIFIED.,.F.,
  .F.,(2,2),(-5.481063028707,-3.85260200437),.PIECEWISE_BEZIER_KNOTS.);
#3991 = CARTESIAN_POINT('',(3.14159265359,4.231039326029));
#3992 = CARTESIAN_POINT('',(1.51311276295,4.101450515201));
#3993 = ( GEOMETRIC_REPRESENTATION_CONTEXT(2) 
PARAMETRIC_REPRESENTATION_CONTEXT() REPRESENTATION_CONTEXT('2D SPACE',''
  ) );
#3994 = PCURVE('',#903,#3995);
#3995 = DEFINITIONAL_REPRESENTATION('',(#3996),#3999);
#3996 = B_SPLINE_CURVE_WITH_KNOTS('',1,(#3997,#3998),.UNSPECIFIED.,.F.,
  .F.,(2,2),(-5.481063028707,-3.85260200437),.PIECEWISE_BEZIER_KNOTS.);
#3997 = CARTESIAN_POINT('',(-1.544442988503E-04,17.33644917467));
#3998 = CARTESIAN_POINT('',(1.399404368397E-04,15.707996293725));
#3999 = ( GEOMETRIC_REPRESENTATION_CONTEXT(2) 
PARAMETRIC_REPRESENTATION_CONTEXT() REPRESENTATION_CONTEXT('2D SPACE',''
  ) );
#4000 = ORIENTED_EDGE('',*,*,#4001,.T.);
#4001 = EDGE_CURVE('',#3938,#3465,#4002,.T.);
#4002 = SURFACE_CURVE('',#4003,(#4007,#4014),.PCURVE_S1.);
#4003 = LINE('',#4004,#4005);
#4004 = CARTESIAN_POINT('',(-0.892670023522,6.197392646479,
    0.892670023522));
#4005 = VECTOR('',#4006,1.);
#4006 = DIRECTION('',(-0.707106781187,0.,-0.707106781187));
#4007 = PCURVE('',#3566,#4008);
#4008 = DEFINITIONAL_REPRESENTATION('',(#4009),#4013);
#4009 = LINE('',#4010,#4011);
#4010 = CARTESIAN_POINT('',(3.14159265359,-8.881784197001E-16));
#4011 = VECTOR('',#4012,1.);
#4012 = DIRECTION('',(1.292222195137E-14,1.));
#4013 = ( GEOMETRIC_REPRESENTATION_CONTEXT(2) 
PARAMETRIC_REPRESENTATION_CONTEXT() REPRESENTATION_CONTEXT('2D SPACE',''
  ) );
#4014 = PCURVE('',#3447,#4015);
#4015 = DEFINITIONAL_REPRESENTATION('',(#4016),#4020);
#4016 = LINE('',#4017,#4018);
#4017 = CARTESIAN_POINT('',(3.14159265359,-8.881784197001E-16));
#4018 = VECTOR('',#4019,1.);
#4019 = DIRECTION('',(6.461110975686E-15,1.));
#4020 = ( GEOMETRIC_REPRESENTATION_CONTEXT(2) 
PARAMETRIC_REPRESENTATION_CONTEXT() REPRESENTATION_CONTEXT('2D SPACE',''
  ) );
#4021 = ADVANCED_FACE('',(#4022),#3447,.F.);
#4022 = FACE_BOUND('',#4023,.F.);
#4023 = EDGE_LOOP('',(#4024,#4169,#4221,#4222,#4627));
#4024 = ORIENTED_EDGE('',*,*,#4025,.F.);
#4025 = EDGE_CURVE('',#4026,#3938,#4028,.T.);
#4026 = VERTEX_POINT('',#4027);
#4027 = CARTESIAN_POINT('',(-3.254514421973,4.860500413639,
    -3.252919303213));
#4028 = SURFACE_CURVE('',#4029,(#4157,#4163),.PCURVE_S1.);
#4029 = B_SPLINE_CURVE_WITH_KNOTS('',3,(#4030,#4031,#4032,#4033,#4034,
    #4035,#4036,#4037,#4038,#4039,#4040,#4041,#4042,#4043,#4044,#4045,
    #4046,#4047,#4048,#4049,#4050,#4051,#4052,#4053,#4054,#4055,#4056,
    #4057,#4058,#4059,#4060,#4061,#4062,#4063,#4064,#4065,#4066,#4067,
    #4068,#4069,#4070,#4071,#4072,#4073,#4074,#4075,#4076,#4077,#4078,
    #4079,#4080,#4081,#4082,#4083,#4084,#4085,#4086,#4087,#4088,#4089,
    #4090,#4091,#4092,#4093,#4094,#4095,#4096,#4097,#4098,#4099,#4100,
    #4101,#4102,#4103,#4104,#4105,#4106,#4107,#4108,#4109,#4110,#4111,
    #4112,#4113,#4114,#4115,#4116,#4117,#4118,#4119,#4120,#4121,#4122,
    #4123,#4124,#4125,#4126,#4127,#4128,#4129,#4130,#4131,#4132,#4133,
    #4134,#4135,#4136,#4137,#4138,#4139,#4140,#4141,#4142,#4143,#4144,
    #4145,#4146,#4147,#4148,#4149,#4150,#4151,#4152,#4153,#4154,#4155,
    #4156),.UNSPECIFIED.,.F.,.F.,(4,3,3,3,3,3,3,3,3,3,3,3,3,3,3,3,3,3,3,
    3,3,3,3,3,3,3,3,3,3,3,3,3,3,3,3,3,3,3,3,3,3,3,4),(-10.13578731154,
    -10.01975657659,-9.903808363454,-9.787890493696,-9.671870379756,
    -9.555792861986,-9.439504271067,-9.386054021728,-9.268374496364,
    -9.150909393791,-9.033562185877,-8.916282837668,-8.799021425455,
    -8.681645560464,-8.564205316612,-8.446549390681,-8.393172055789,
    -8.275447990338,-8.157938600658,-8.040547300926,-7.923224137257,
    -7.805919267267,-7.688500818148,-7.571018430616,-7.453321514372,
    -7.40029008985,-7.282562653383,-7.165049095744,-7.047653139654,
    -6.930324846189,-6.813014387277,-6.695589713647,-6.578100729757,
    -6.460396732349,-6.40740812391,-6.289900218026,-6.17256314979,
    -6.055346458844,-5.938199867842,-5.8210008923,-5.703782731628,
    -5.586372838444,-5.481063028707),.UNSPECIFIED.);
#4030 = CARTESIAN_POINT('',(-3.254514421973,4.860500413639,
    -3.252919303213));
#4031 = CARTESIAN_POINT('',(-3.217751494324,4.860456783955,
    -3.285329549034));
#4032 = CARTESIAN_POINT('',(-3.180936398446,4.863255465223,
    -3.317791963085));
#4033 = CARTESIAN_POINT('',(-3.144323826696,4.868895520188,
    -3.350051853008));
#4034 = CARTESIAN_POINT('',(-3.107737294047,4.874531563909,
    -3.382288799486));
#4035 = CARTESIAN_POINT('',(-3.071353394218,4.883004917824,
    -3.414323113143));
#4036 = CARTESIAN_POINT('',(-3.035424424633,4.894262681842,
    -3.445902496557));
#4037 = CARTESIAN_POINT('',(-2.999504857577,4.905517499728,
    -3.477473615718));
#4038 = CARTESIAN_POINT('',(-2.964040371129,4.919555153394,
    -3.508589654271));
#4039 = CARTESIAN_POINT('',(-2.92927531512,4.936271877789,
    -3.539006262385));
#4040 = CARTESIAN_POINT('',(-2.894479594946,4.953003347001,
    -3.569449699159));
#4041 = CARTESIAN_POINT('',(-2.860384911128,4.972418412533,
    -3.599192099578));
#4042 = CARTESIAN_POINT('',(-2.827222778722,4.994364420898,
    -3.628001948585));
#4043 = CARTESIAN_POINT('',(-2.794044238529,5.016321287595,
    -3.656826051978));
#4044 = CARTESIAN_POINT('',(-2.761799512442,5.040811308025,
    -3.684716341266));
#4045 = CARTESIAN_POINT('',(-2.730701621684,5.067636703121,
    -3.711459795225));
#4046 = CARTESIAN_POINT('',(-2.699547183112,5.094510877004,
    -3.738251878972));
#4047 = CARTESIAN_POINT('',(-2.669544058314,5.123728560968,
    -3.763892648946));
#4048 = CARTESIAN_POINT('',(-2.640882679442,5.155050795094,
    -3.788191672993));
#4049 = CARTESIAN_POINT('',(-2.62770892065,5.169447574783,-3.79936034297
    ));
#4050 = CARTESIAN_POINT('',(-2.614818266632,5.184288447601,
    -3.810245908171));
#4051 = CARTESIAN_POINT('',(-2.602227276977,5.199547725305,
    -3.82083180901));
#4052 = CARTESIAN_POINT('',(-2.574506139942,5.233143537858,
    -3.844138412847));
#4053 = CARTESIAN_POINT('',(-2.548120638323,5.268926104615,
    -3.866109381268));
#4054 = CARTESIAN_POINT('',(-2.523265811547,5.306654748674,
    -3.886549674845));
#4055 = CARTESIAN_POINT('',(-2.498456272525,5.344314647714,
    -3.906952724349));
#4056 = CARTESIAN_POINT('',(-2.47517212543,5.383913176689,
    -3.925830381927));
#4057 = CARTESIAN_POINT('',(-2.453582661783,5.425172536537,
    -3.943013356056));
#4058 = CARTESIAN_POINT('',(-2.43201486655,5.466390486144,
    -3.960179084375));
#4059 = CARTESIAN_POINT('',(-2.412138600911,5.509265512293,-3.9756532831
    ));
#4060 = CARTESIAN_POINT('',(-2.394093962091,5.553488134317,
    -3.989295855005));
#4061 = CARTESIAN_POINT('',(-2.37605975815,5.597685183222,
    -4.002930537665));
#4062 = CARTESIAN_POINT('',(-2.359855257398,5.643227796145,
    -4.014735517136));
#4063 = CARTESIAN_POINT('',(-2.345588338618,5.689781256626,
    -4.024602914635));
#4064 = CARTESIAN_POINT('',(-2.331323601735,5.7363275975,-4.034468803074
    ));
#4065 = CARTESIAN_POINT('',(-2.318995991005,5.783883964349,
    -4.042397565359));
#4066 = CARTESIAN_POINT('',(-2.308678871285,5.832097427857,
    -4.048315836635));
#4067 = CARTESIAN_POINT('',(-2.298351681559,5.880357950024,
    -4.054239884429));
#4068 = CARTESIAN_POINT('',(-2.290038989517,5.929276314892,
    -4.058149434538));
#4069 = CARTESIAN_POINT('',(-2.283778199401,5.978488044084,
    -4.060007082722));
#4070 = CARTESIAN_POINT('',(-2.277513975337,6.027726765155,
    -4.061865749798));
#4071 = CARTESIAN_POINT('',(-2.273303916291,6.077258623361,
    -4.061670251856));
#4072 = CARTESIAN_POINT('',(-2.271148604363,6.126716191953,
    -4.059420006795));
#4073 = CARTESIAN_POINT('',(-2.268989334149,6.176264590662,
    -4.057165629101));
#4074 = CARTESIAN_POINT('',(-2.268892318224,6.225737880401,
    -4.052848997117));
#4075 = CARTESIAN_POINT('',(-2.270821386283,6.274772495108,
    -4.046506281149));
#4076 = CARTESIAN_POINT('',(-2.271696552672,6.297018183371,
    -4.043628761197));
#4077 = CARTESIAN_POINT('',(-2.272988230599,6.319173714282,
    -4.040334729707));
#4078 = CARTESIAN_POINT('',(-2.274690616572,6.341205997186,
    -4.036629990171));
#4079 = CARTESIAN_POINT('',(-2.278445240104,6.38979834298,
    -4.028459162601));
#4080 = CARTESIAN_POINT('',(-2.284226038412,6.438002417332,
    -4.018262160253));
#4081 = CARTESIAN_POINT('',(-2.291996904191,6.485455505252,
    -4.006075090435));
#4082 = CARTESIAN_POINT('',(-2.299753599405,6.532822060074,
    -3.993910244354));
#4083 = CARTESIAN_POINT('',(-2.309493054718,6.579439824027,
    -3.979762638173));
#4084 = CARTESIAN_POINT('',(-2.321143113448,6.624956321718,
    -3.963704428575));
#4085 = CARTESIAN_POINT('',(-2.332781464562,6.670427078036,
    -3.947662356522));
#4086 = CARTESIAN_POINT('',(-2.346326465407,6.714798258575,
    -3.929713634739));
#4087 = CARTESIAN_POINT('',(-2.3616712498,6.757734674286,-3.909965129407
    ));
#4088 = CARTESIAN_POINT('',(-2.377007127799,6.800646168913,
    -3.89022808647));
#4089 = CARTESIAN_POINT('',(-2.394140526312,6.842124075399,
    -3.868693523019));
#4090 = CARTESIAN_POINT('',(-2.412932034483,6.881857588452,
    -3.84550084991));
#4091 = CARTESIAN_POINT('',(-2.431720612579,6.921584906035,
    -3.822311793131));
#4092 = CARTESIAN_POINT('',(-2.452166554738,6.959567932514,
    -3.797465372287));
#4093 = CARTESIAN_POINT('',(-2.474100808898,6.995526796643,
    -3.771130639444));
#4094 = CARTESIAN_POINT('',(-2.496056300653,7.03152047754,-3.74477040829
    ));
#4095 = CARTESIAN_POINT('',(-2.51950271369,7.065485686313,
    -3.716919255855));
#4096 = CARTESIAN_POINT('',(-2.544244510258,7.097178837998,
    -3.687772719888));
#4097 = CARTESIAN_POINT('',(-2.568999779591,7.128889247702,
    -3.658610312623));
#4098 = CARTESIAN_POINT('',(-2.595051525081,7.158324811607,
    -3.628151429202));
#4099 = CARTESIAN_POINT('',(-2.622182340359,7.185283943743,
    -3.596613475993));
#4100 = CARTESIAN_POINT('',(-2.649362697862,7.212292304602,
    -3.565017932905));
#4101 = CARTESIAN_POINT('',(-2.677625720822,7.236814938462,
    -3.532339724359));
#4102 = CARTESIAN_POINT('',(-2.706736204165,7.258695896635,
    -3.498814055429));
#4103 = CARTESIAN_POINT('',(-2.719852693956,7.268554934738,
    -3.483708188274));
#4104 = CARTESIAN_POINT('',(-2.733141042613,7.277878314528,
    -3.468430462251));
#4105 = CARTESIAN_POINT('',(-2.746578933729,7.286655036873,
    -3.45300319377));
#4106 = CARTESIAN_POINT('',(-2.776410462617,7.306138975531,
    -3.418755334385));
#4107 = CARTESIAN_POINT('',(-2.807118839186,7.32301018266,-3.38363062732
    ));
#4108 = CARTESIAN_POINT('',(-2.83846945334,7.337113358073,-3.34786368267
    ));
#4109 = CARTESIAN_POINT('',(-2.86976311193,7.351190911842,
    -3.312161716859));
#4110 = CARTESIAN_POINT('',(-2.901696325716,7.362510253417,
    -3.275820195852));
#4111 = CARTESIAN_POINT('',(-2.934020865715,7.370964384605,
    -3.239087348631));
#4112 = CARTESIAN_POINT('',(-2.966313056971,7.379410055332,
    -3.202391261762));
#4113 = CARTESIAN_POINT('',(-2.99899541942,7.384996099565,-3.1653050037)
  );
#4114 = CARTESIAN_POINT('',(-3.031811012436,7.387666081864,
    -3.128085515071));
#4115 = CARTESIAN_POINT('',(-3.064607691775,7.390334525284,
    -3.090887478359));
#4116 = CARTESIAN_POINT('',(-3.097537063671,7.390090207253,
    -3.053556749089));
#4117 = CARTESIAN_POINT('',(-3.130338861749,7.386928565203,
    -3.016353593638));
#4118 = CARTESIAN_POINT('',(-3.163135673771,7.383767403741,
    -2.979156093274));
#4119 = CARTESIAN_POINT('',(-3.1958045644,7.377689834795,-2.942086514303
    ));
#4120 = CARTESIAN_POINT('',(-3.228087406559,7.368743305211,
    -2.905402983801));
#4121 = CARTESIAN_POINT('',(-3.260401679639,7.359788065189,
    -2.868683737822));
#4122 = CARTESIAN_POINT('',(-3.292328772567,7.347958388259,
    -2.832351671995));
#4123 = CARTESIAN_POINT('',(-3.32361758929,7.333352915159,
    -2.796657882372));
#4124 = CARTESIAN_POINT('',(-3.354923542037,7.318739443042,
    -2.760944544243));
#4125 = CARTESIAN_POINT('',(-3.385590159607,7.301347339621,
    -2.725870541291));
#4126 = CARTESIAN_POINT('',(-3.415379283272,7.281324088675,
    -2.691674032244));
#4127 = CARTESIAN_POINT('',(-3.445222923234,7.261264193702,
    -2.65741494106));
#4128 = CARTESIAN_POINT('',(-3.474185520356,7.238563792666,
    -2.624036892715));
#4129 = CARTESIAN_POINT('',(-3.502046229529,7.213416378121,
    -2.59176073232));
#4130 = CARTESIAN_POINT('',(-3.514588711022,7.202095381961,
    -2.577230479629));
#4131 = CARTESIAN_POINT('',(-3.526908157525,7.190279039478,
    -2.562923261927));
#4132 = CARTESIAN_POINT('',(-3.538985912925,7.17798772912,-2.54885773533
    ));
#4133 = CARTESIAN_POINT('',(-3.565769627136,7.150730433952,
    -2.517665925913));
#4134 = CARTESIAN_POINT('',(-3.591490263853,7.121015203121,
    -2.48753719399));
#4135 = CARTESIAN_POINT('',(-3.615928236771,7.089033823156,
    -2.458691125865));
#4136 = CARTESIAN_POINT('',(-3.640330680797,7.057098938988,
    -2.429886995297));
#4137 = CARTESIAN_POINT('',(-3.663453858022,7.022904777913,
    -2.402362131529));
#4138 = CARTESIAN_POINT('',(-3.68509903941,6.986685911459,
    -2.376315263599));
#4139 = CARTESIAN_POINT('',(-3.706722014785,6.950504202307,
    -2.350295117416));
#4140 = CARTESIAN_POINT('',(-3.726869733123,6.912302300641,
    -2.325750228271));
#4141 = CARTESIAN_POINT('',(-3.745368621285,6.872352757587,
    -2.302854169301));
#4142 = CARTESIAN_POINT('',(-3.763856446423,6.832427105846,
    -2.279971803027));
#4143 = CARTESIAN_POINT('',(-3.780697166358,6.790756326151,
    -2.258736541956));
#4144 = CARTESIAN_POINT('',(-3.795746095192,6.747645269748,
    -2.239293071986));
#4145 = CARTESIAN_POINT('',(-3.810801753468,6.704514935338,
    -2.219840907464));
#4146 = CARTESIAN_POINT('',(-3.824063819979,6.659943509478,
    -2.202182334706));
#4147 = CARTESIAN_POINT('',(-3.83541937261,6.614262344618,
    -2.186430275829));
#4148 = CARTESIAN_POINT('',(-3.846776784112,6.568573701885,
    -2.170675638385));
#4149 = CARTESIAN_POINT('',(-3.856226921296,6.521775472393,
    -2.156828275259));
#4150 = CARTESIAN_POINT('',(-3.863691276938,6.474217827433,
    -2.144966693675));
#4151 = CARTESIAN_POINT('',(-3.871167841949,6.426582392934,
    -2.133085710226));
#4152 = CARTESIAN_POINT('',(-3.876652042821,6.378185596522,
    -2.123197090916));
#4153 = CARTESIAN_POINT('',(-3.880101215175,6.32939010993,
    -2.115343500124));
#4154 = CARTESIAN_POINT('',(-3.883194921118,6.285623411319,
    -2.10829928835));
#4155 = CARTESIAN_POINT('',(-3.88465191626,6.241536379817,
    -2.102891787376));
#4156 = CARTESIAN_POINT('',(-3.884466622425,6.197392646479,
    -2.09912657538));
#4157 = PCURVE('',#3447,#4158);
#4158 = DEFINITIONAL_REPRESENTATION('',(#4159),#4162);
#4159 = B_SPLINE_CURVE_WITH_KNOTS('',1,(#4160,#4161),.UNSPECIFIED.,.F.,
  .F.,(2,2),(-10.13578731154,-5.481063028707),.PIECEWISE_BEZIER_KNOTS.);
#4160 = CARTESIAN_POINT('',(7.797592215002,4.601450515201));
#4161 = CARTESIAN_POINT('',(3.14159265359,4.231039326029));
#4162 = ( GEOMETRIC_REPRESENTATION_CONTEXT(2) 
PARAMETRIC_REPRESENTATION_CONTEXT() REPRESENTATION_CONTEXT('2D SPACE',''
  ) );
#4163 = PCURVE('',#903,#4164);
#4164 = DEFINITIONAL_REPRESENTATION('',(#4165),#4168);
#4165 = B_SPLINE_CURVE_WITH_KNOTS('',1,(#4166,#4167),.UNSPECIFIED.,.F.,
  .F.,(2,2),(-10.13578731154,-5.481063028707),.PIECEWISE_BEZIER_KNOTS.);
#4166 = CARTESIAN_POINT('',(1.214086709215E-05,21.99115185404));
#4167 = CARTESIAN_POINT('',(-1.544442988503E-04,17.33644917467));
#4168 = ( GEOMETRIC_REPRESENTATION_CONTEXT(2) 
PARAMETRIC_REPRESENTATION_CONTEXT() REPRESENTATION_CONTEXT('2D SPACE',''
  ) );
#4169 = ORIENTED_EDGE('',*,*,#4170,.F.);
#4170 = EDGE_CURVE('',#2880,#4026,#4171,.T.);
#4171 = SURFACE_CURVE('',#4172,(#4209,#4215),.PCURVE_S1.);
#4172 = B_SPLINE_CURVE_WITH_KNOTS('',3,(#4173,#4174,#4175,#4176,#4177,
    #4178,#4179,#4180,#4181,#4182,#4183,#4184,#4185,#4186,#4187,#4188,
    #4189,#4190,#4191,#4192,#4193,#4194,#4195,#4196,#4197,#4198,#4199,
    #4200,#4201,#4202,#4203,#4204,#4205,#4206,#4207,#4208),
  .UNSPECIFIED.,.F.,.F.,(4,2,2,2,2,2,2,2,2,2,2,2,2,2,2,2,2,4),(
    -0.206588940183,-0.199680493937,-0.180635458481,-0.164439698168,
    -0.158247898248,-0.153334557688,-0.144663148607,-0.131769593471,
    -0.105123711825,-9.574388792989E-02,-8.730434975799E-02,
    -7.427100506083E-02,-5.591816645614E-02,-3.849980026954E-02,
    -3.234835326501E-02,-2.742081331642E-02,-1.863130718318E-02,
    -3.675969082584E-04),.UNSPECIFIED.);
#4173 = CARTESIAN_POINT('',(-4.237348437687,6.197392663693,
    -2.452008392038));
#4174 = CARTESIAN_POINT('',(-4.237310621227,6.174447869995,
    -2.450109824413));
#4175 = CARTESIAN_POINT('',(-4.236841812032,6.151466639257,
    -2.44866485837));
#4176 = CARTESIAN_POINT('',(-4.233445560193,6.065090000857,
    -2.444932956627));
#4177 = CARTESIAN_POINT('',(-4.227655414797,6.001782144409,
    -2.445636612584));
#4178 = CARTESIAN_POINT('',(-4.210702992931,5.885766509349,
    -2.453072072196));
#4179 = CARTESIAN_POINT('',(-4.200490726565,5.833014869345,
    -2.458876828839));
#4180 = CARTESIAN_POINT('',(-4.182982486276,5.761324638251,
    -2.470017179932));
#4181 = CARTESIAN_POINT('',(-4.177784172236,5.741638322418,
    -2.473425907511));
#4182 = CARTESIAN_POINT('',(-4.16782069818,5.706615397876,
    -2.480111073521));
#4183 = CARTESIAN_POINT('',(-4.163188355608,5.691224694726,
    -2.483267860363));
#4184 = CARTESIAN_POINT('',(-4.149770866538,5.64898136266,
    -2.492545101438));
#4185 = CARTESIAN_POINT('',(-4.140523892485,5.62237716643,
    -2.499084050301));
#4186 = CARTESIAN_POINT('',(-4.115899322368,5.557227793288,
    -2.516878386059));
#4187 = CARTESIAN_POINT('',(-4.099744128236,5.519214519872,
    -2.528869913069));
#4188 = CARTESIAN_POINT('',(-4.046092900972,5.4059739838,-2.569736361414
    ));
#4189 = CARTESIAN_POINT('',(-4.004367850854,5.334594462028,
    -2.602885473944));
#4190 = CARTESIAN_POINT('',(-3.94149340161,5.24635801243,-2.654697170211
    ));
#4191 = CARTESIAN_POINT('',(-3.924550235599,5.22417226272,-2.66880847504
    ));
#4192 = CARTESIAN_POINT('',(-3.891335291524,5.183608200058,
    -2.69673886226));
#4193 = CARTESIAN_POINT('',(-3.875175892829,5.165082720585,
    -2.710437422543));
#4194 = CARTESIAN_POINT('',(-3.833029007709,5.119772632263,
    -2.74642038254));
#4195 = CARTESIAN_POINT('',(-3.806509345678,5.09401247395,-2.76929529206
    ));
#4196 = CARTESIAN_POINT('',(-3.740578178941,5.036418445606,
    -2.826596666058));
#4197 = CARTESIAN_POINT('',(-3.700414362692,5.006475825207,
    -2.861850236794));
#4198 = CARTESIAN_POINT('',(-3.619397746437,4.955855180845,
    -2.933217917125));
#4199 = CARTESIAN_POINT('',(-3.578783068368,4.934845651537,
    -2.969107264977));
#4200 = CARTESIAN_POINT('',(-3.522478186711,4.911539804191,
    -3.018704857771));
#4201 = CARTESIAN_POINT('',(-3.507667753986,4.905933109436,
    -3.03173660346));
#4202 = CARTESIAN_POINT('',(-3.480799114693,4.896700859964,
    -3.055333606735));
#4203 = CARTESIAN_POINT('',(-3.468782517295,4.892904311141,
    -3.065869814762));
#4204 = CARTESIAN_POINT('',(-3.435166747145,4.88320220684,
    -3.095303655391));
#4205 = CARTESIAN_POINT('',(-3.413448571236,4.877978482337,
    -3.11427547481));
#4206 = CARTESIAN_POINT('',(-3.346210331127,4.864984664128,
    -3.172941082667));
#4207 = CARTESIAN_POINT('',(-3.300352420953,4.860554857212,
    -3.212859725591));
#4208 = CARTESIAN_POINT('',(-3.254461404445,4.860500418577,
    -3.252858474783));
#4209 = PCURVE('',#3447,#4210);
#4210 = DEFINITIONAL_REPRESENTATION('',(#4211),#4214);
#4211 = B_SPLINE_CURVE_WITH_KNOTS('',1,(#4212,#4213),.UNSPECIFIED.,.F.,
  .F.,(2,2),(-0.206588940183,-3.675969082584E-04),
  .PIECEWISE_BEZIER_KNOTS.);
#4212 = CARTESIAN_POINT('',(9.424777974405,4.730089576075));
#4213 = CARTESIAN_POINT('',(7.79759658285,4.601370013952));
#4214 = ( GEOMETRIC_REPRESENTATION_CONTEXT(2) 
PARAMETRIC_REPRESENTATION_CONTEXT() REPRESENTATION_CONTEXT('2D SPACE',''
  ) );
#4215 = PCURVE('',#903,#4216);
#4216 = DEFINITIONAL_REPRESENTATION('',(#4217),#4220);
#4217 = B_SPLINE_CURVE_WITH_KNOTS('',1,(#4218,#4219),.UNSPECIFIED.,.F.,
  .F.,(2,2),(-0.206588940183,-3.675969082584E-04),
  .PIECEWISE_BEZIER_KNOTS.);
#4218 = CARTESIAN_POINT('',(1.922190199841E-04,23.619752166768));
#4219 = CARTESIAN_POINT('',(1.61697578602E-05,21.991152942451));
#4220 = ( GEOMETRIC_REPRESENTATION_CONTEXT(2) 
PARAMETRIC_REPRESENTATION_CONTEXT() REPRESENTATION_CONTEXT('2D SPACE',''
  ) );
#4221 = ORIENTED_EDGE('',*,*,#3433,.T.);
#4222 = ORIENTED_EDGE('',*,*,#4223,.F.);
#4223 = EDGE_CURVE('',#3465,#3027,#4224,.T.);
#4224 = SURFACE_CURVE('',#4225,(#4350,#4356),.PCURVE_S1.);
#4225 = B_SPLINE_CURVE_WITH_KNOTS('',3,(#4226,#4227,#4228,#4229,#4230,
    #4231,#4232,#4233,#4234,#4235,#4236,#4237,#4238,#4239,#4240,#4241,
    #4242,#4243,#4244,#4245,#4246,#4247,#4248,#4249,#4250,#4251,#4252,
    #4253,#4254,#4255,#4256,#4257,#4258,#4259,#4260,#4261,#4262,#4263,
    #4264,#4265,#4266,#4267,#4268,#4269,#4270,#4271,#4272,#4273,#4274,
    #4275,#4276,#4277,#4278,#4279,#4280,#4281,#4282,#4283,#4284,#4285,
    #4286,#4287,#4288,#4289,#4290,#4291,#4292,#4293,#4294,#4295,#4296,
    #4297,#4298,#4299,#4300,#4301,#4302,#4303,#4304,#4305,#4306,#4307,
    #4308,#4309,#4310,#4311,#4312,#4313,#4314,#4315,#4316,#4317,#4318,
    #4319,#4320,#4321,#4322,#4323,#4324,#4325,#4326,#4327,#4328,#4329,
    #4330,#4331,#4332,#4333,#4334,#4335,#4336,#4337,#4338,#4339,#4340,
    #4341,#4342,#4343,#4344,#4345,#4346,#4347,#4348,#4349),
  .UNSPECIFIED.,.F.,.F.,(4,2,2,2,2,2,2,2,2,2,2,2,2,2,2,2,2,2,2,2,2,2,2,2
    ,2,2,2,2,2,2,2,2,2,2,2,2,2,2,2,2,2,2,2,2,2,2,2,2,2,2,2,2,2,2,2,2,2,2
    ,2,2,2,4),(-2.385284357545,-2.361902208338,-2.351709144701,
    -2.344183309083,-2.339200166881,-2.331602036741,-2.307443335578,
    -2.289115756187,-2.28001143833,-2.270867345121,-2.239083857927,
    -2.228663452006,-2.221031011917,-2.216043946464,-2.20853429455,
    -2.184444979233,-2.165940535839,-2.156828205063,-2.147700645277,
    -2.115529359884,-2.105268994279,-2.097710760115,-2.09272636665,
    -2.08515555455,-2.061017279722,-2.042637326305,-2.033532638402,
    -2.024397848668,-1.99242107685,-1.982078651424,-1.974482491233,
    -1.969497382841,-1.961961210273,-1.937848811721,-1.919395846372,
    -1.910285514776,-1.901153078697,-1.86908885625,-1.858784192966,
    -1.851205206966,-1.846219581456,-1.838664146922,-1.814536819903,
    -1.796123268037,-1.787015516479,-1.777881079921,-1.76118870992,
    -1.7409636921,-1.729997119742,-1.724737430462,-1.718729606966,
    -1.6971677326,-1.673815572362,-1.664497782112,-1.655541222215,
    -1.639235126639,-1.618056412172,-1.610020233533,-1.603570672292,
    -1.598532848495,-1.589524353725,-1.58885550839),.UNSPECIFIED.);
#4226 = CARTESIAN_POINT('',(-3.981669266728,6.197392308661,
    -2.196329192288));
#4227 = CARTESIAN_POINT('',(-3.981761106398,6.274952936732,
    -2.202710925902));
#4228 = CARTESIAN_POINT('',(-3.976689236228,6.35200324575,
    -2.214028991566));
#4229 = CARTESIAN_POINT('',(-3.96236675105,6.460500585499,
    -2.237518707882));
#4230 = CARTESIAN_POINT('',(-3.957096017293,6.493097424985,
    -2.245596643675));
#4231 = CARTESIAN_POINT('',(-3.94639382672,6.549029834028,
    -2.261290808369));
#4232 = CARTESIAN_POINT('',(-3.941367889123,6.57254379514,
    -2.268471147838));
#4233 = CARTESIAN_POINT('',(-3.932243845477,6.6111725715,-2.281261530933
    ));
#4234 = CARTESIAN_POINT('',(-3.92840795584,6.626435544704,
    -2.286581296229));
#4235 = CARTESIAN_POINT('',(-3.918220038654,6.664639654781,
    -2.300574734615));
#4236 = CARTESIAN_POINT('',(-3.911605394116,6.687395527355,
    -2.309537856846));
#4237 = CARTESIAN_POINT('',(-3.882036288826,6.781054111948,
    -2.34905820138));
#4238 = CARTESIAN_POINT('',(-3.854943970009,6.848597113854,
    -2.38400901363));
#4239 = CARTESIAN_POINT('',(-3.799570626693,6.959253907828,
    -2.452947477693));
#4240 = CARTESIAN_POINT('',(-3.77322711918,7.004188841698,
    -2.485046098285));
#4241 = CARTESIAN_POINT('',(-3.730399657217,7.066727167691,
    -2.536224191161));
#4242 = CARTESIAN_POINT('',(-3.715640222723,7.086684733749,
    -2.553710540581));
#4243 = CARTESIAN_POINT('',(-3.685025017963,7.125009745813,
    -2.58970190752));
#4244 = CARTESIAN_POINT('',(-3.669175007418,7.143357014684,
    -2.608198978181));
#4245 = CARTESIAN_POINT('',(-3.596116646071,7.221480147173,
    -2.692923488523));
#4246 = CARTESIAN_POINT('',(-3.533944242339,7.271037347063,
    -2.763558343993));
#4247 = CARTESIAN_POINT('',(-3.446760257741,7.32055076601,
    -2.862258627274));
#4248 = CARTESIAN_POINT('',(-3.424901086688,7.331435032962,
    -2.886984819631));
#4249 = CARTESIAN_POINT('',(-3.386594318591,7.347921313228,
    -2.930373828792));
#4250 = CARTESIAN_POINT('',(-3.370272859388,7.354153510435,
    -2.948878599057));
#4251 = CARTESIAN_POINT('',(-3.343132782435,7.363224256208,
    -2.979715545134));
#4252 = CARTESIAN_POINT('',(-3.332372067468,7.366489122199,
    -2.991960422548));
#4253 = CARTESIAN_POINT('',(-3.305330545477,7.373866204744,
    -3.022780101639));
#4254 = CARTESIAN_POINT('',(-3.289017292352,7.377569380453,
    -3.041413034684));
#4255 = CARTESIAN_POINT('',(-3.220169979591,7.39006090751,
    -3.120156047676));
#4256 = CARTESIAN_POINT('',(-3.16731888188,7.39199988623,-3.180841813445
    ));
#4257 = CARTESIAN_POINT('',(-3.074192608201,7.38197374133,
    -3.287571882891));
#4258 = CARTESIAN_POINT('',(-3.033964829517,7.373140844126,
    -3.333612905465));
#4259 = CARTESIAN_POINT('',(-2.974721320521,7.353376779232,-3.401264611)
  );
#4260 = CARTESIAN_POINT('',(-2.955322591569,7.345792515696,
    -3.423393057112));
#4261 = CARTESIAN_POINT('',(-2.916871025309,7.328511946506,
    -3.467218951308));
#4262 = CARTESIAN_POINT('',(-2.897831668313,7.318817904216,
    -3.488900983487));
#4263 = CARTESIAN_POINT('',(-2.812794119545,7.270303676996,
    -3.585712305555));
#4264 = CARTESIAN_POINT('',(-2.749926022839,7.219946049648,
    -3.657137165623));
#4265 = CARTESIAN_POINT('',(-2.674129210706,7.138538855183,
    -3.744516999766));
#4266 = CARTESIAN_POINT('',(-2.656385792067,7.117732838617,
    -3.765085279266));
#4267 = CARTESIAN_POINT('',(-2.626704939387,7.079743047439,
    -3.799784944231));
#4268 = CARTESIAN_POINT('',(-2.614476140018,7.063057307289,
    -3.814176885876));
#4269 = CARTESIAN_POINT('',(-2.594825913195,7.034457186297,
    -3.83750264318));
#4270 = CARTESIAN_POINT('',(-2.587188922862,7.022857019338,
    -3.84662356227));
#4271 = CARTESIAN_POINT('',(-2.568393331685,6.993057853001,
    -3.869216126018));
#4272 = CARTESIAN_POINT('',(-2.557467817583,6.974566973553,
    -3.882481159465));
#4273 = CARTESIAN_POINT('',(-2.513448527106,6.895040002752,
    -3.936434585421));
#4274 = CARTESIAN_POINT('',(-2.484246421249,6.829617475496,
    -3.973487964248));
#4275 = CARTESIAN_POINT('',(-2.440802228981,6.707335500449,
    -4.030508364312));
#4276 = CARTESIAN_POINT('',(-2.424710642893,6.652312276281,
    -4.052372083563));
#4277 = CARTESIAN_POINT('',(-2.404833788147,6.56744231133,-4.08061566148
    ));
#4278 = CARTESIAN_POINT('',(-2.398943403202,6.538930306299,
    -4.089233078177));
#4279 = CARTESIAN_POINT('',(-2.3885620267,6.481124982616,-4.104987950848
    ));
#4280 = CARTESIAN_POINT('',(-2.384079203077,6.451848730845,
    -4.112115152779));
#4281 = CARTESIAN_POINT('',(-2.367194215258,6.318877232534,
    -4.140718763918));
#4282 = CARTESIAN_POINT('',(-2.363059741232,6.212710513569,
    -4.153361986798));
#4283 = CARTESIAN_POINT('',(-2.370306276544,6.071893668263,
    -4.157664429489));
#4284 = CARTESIAN_POINT('',(-2.373082528397,6.037516273209,
    -4.157734431111));
#4285 = CARTESIAN_POINT('',(-2.379671466908,5.978103114377,
    -4.156196425399));
#4286 = CARTESIAN_POINT('',(-2.383011702112,5.953024843079,
    -4.155029489696));
#4287 = CARTESIAN_POINT('',(-2.389464426659,5.911677799544,
    -4.152262772174));
#4288 = CARTESIAN_POINT('',(-2.392260242167,5.895349819686,
    -4.150950716944));
#4289 = CARTESIAN_POINT('',(-2.399881156959,5.854492104005,
    -4.147115694223));
#4290 = CARTESIAN_POINT('',(-2.405008827936,5.830053308676,
    -4.144316191051));
#4291 = CARTESIAN_POINT('',(-2.428754626292,5.728196732125,
    -4.130482857777));
#4292 = CARTESIAN_POINT('',(-2.45217849282,5.65269844838,-4.114901109177
    ));
#4293 = CARTESIAN_POINT('',(-2.502095296433,5.524933343709,
    -4.078576941806));
#4294 = CARTESIAN_POINT('',(-2.526515382216,5.471537131467,
    -4.059952804149));
#4295 = CARTESIAN_POINT('',(-2.566832078656,5.395388135122,
    -4.028027113549));
#4296 = CARTESIAN_POINT('',(-2.58077210755,5.370832720951,
    -4.016815910538));
#4297 = CARTESIAN_POINT('',(-2.609868157312,5.322986215098,
    -3.993094493258));
#4298 = CARTESIAN_POINT('',(-2.6250173228,5.29971433267,-3.980589128537)
  );
#4299 = CARTESIAN_POINT('',(-2.695882311832,5.198007505428,
    -3.921467510881));
#4300 = CARTESIAN_POINT('',(-2.757612051525,5.128221475034,
    -3.868268009762));
#4301 = CARTESIAN_POINT('',(-2.846615774718,5.05058489289,
    -3.790828169685));
#4302 = CARTESIAN_POINT('',(-2.868808236552,5.03287587941,
    -3.771472064719));
#4303 = CARTESIAN_POINT('',(-2.90821618942,5.004253802299,
    -3.737100223567));
#4304 = CARTESIAN_POINT('',(-2.925186184509,4.992788931739,
    -3.722298876062));
#4305 = CARTESIAN_POINT('',(-2.953744612701,4.97490971875,
    -3.697421852327));
#4306 = CARTESIAN_POINT('',(-2.96518414224,4.9681120633,-3.68746636762)
  );
#4307 = CARTESIAN_POINT('',(-2.99422014003,4.951765774788,
    -3.662222503619));
#4308 = CARTESIAN_POINT('',(-3.011940721845,4.942610150859,
    -3.646836277637));
#4309 = CARTESIAN_POINT('',(-3.087074574258,4.907170290985,-3.5816265809
    ));
#4310 = CARTESIAN_POINT('',(-3.146129627309,4.887437572075,
    -3.530418498803));
#4311 = CARTESIAN_POINT('',(-3.251802284411,4.865907129798,
    -3.438329224602));
#4312 = CARTESIAN_POINT('',(-3.297920170068,4.860996325031,
    -3.397994141018));
#4313 = CARTESIAN_POINT('',(-3.366845302848,4.860307816459,
    -3.33744664857));
#4314 = CARTESIAN_POINT('',(-3.389632865711,4.861168932424,
    -3.317386953902));
#4315 = CARTESIAN_POINT('',(-3.435147728529,4.865072364659,
    -3.277246209761));
#4316 = CARTESIAN_POINT('',(-3.45785943686,4.868119758691,
    -3.257178699976));
#4317 = CARTESIAN_POINT('',(-3.521743148287,4.879810338097,
    -3.200656567171));
#4318 = CARTESIAN_POINT('',(-3.562566462684,4.890983938515,
    -3.164443814238));
#4319 = CARTESIAN_POINT('',(-3.651371143126,4.923540704038,
    -3.085709717639));
#4320 = CARTESIAN_POINT('',(-3.698889330836,4.946529517535,
    -3.043606845778));
#4321 = CARTESIAN_POINT('',(-3.769977306202,4.989591225804,
    -2.981131090054));
#4322 = CARTESIAN_POINT('',(-3.794518237346,5.006160300369,
    -2.959665526851));
#4323 = CARTESIAN_POINT('',(-3.830102756797,5.032720556851,
    -2.928778942684));
#4324 = CARTESIAN_POINT('',(-3.841520794709,5.041645009278,
    -2.91890643916));
#4325 = CARTESIAN_POINT('',(-3.865722854159,5.061426227713,
    -2.898075402581));
#4326 = CARTESIAN_POINT('',(-3.87846523353,5.072373945435,
    -2.887164832088));
#4327 = CARTESIAN_POINT('',(-3.936129296437,5.124406786586,
    -2.838023297977));
#4328 = CARTESIAN_POINT('',(-3.978851425978,5.170049957075,
    -2.802268017825));
#4329 = CARTESIAN_POINT('',(-4.061656046056,5.274403233078,
    -2.733892105316));
#4330 = CARTESIAN_POINT('',(-4.10105367682,5.333672173779,
    -2.701913368427));
#4331 = CARTESIAN_POINT('',(-4.150278357008,5.422556906358,
    -2.662666114205));
#4332 = CARTESIAN_POINT('',(-4.163631958283,5.448556796118,
    -2.652112034178));
#4333 = CARTESIAN_POINT('',(-4.188428039664,5.500719502242,
    -2.632714434377));
#4334 = CARTESIAN_POINT('',(-4.199916599681,5.52682017132,
    -2.623826717869));
#4335 = CARTESIAN_POINT('',(-4.230400377348,5.601811339996,
    -2.600566891874));
#4336 = CARTESIAN_POINT('',(-4.247785011962,5.651746690897,
    -2.587702403784));
#4337 = CARTESIAN_POINT('',(-4.282357083622,5.769353245273,
    -2.563377988586));
#4338 = CARTESIAN_POINT('',(-4.297868212468,5.837648741011,
    -2.553530054001));
#4339 = CARTESIAN_POINT('',(-4.313746792393,5.933425349246,
    -2.545711293601));
#4340 = CARTESIAN_POINT('',(-4.317535011568,5.959908922449,
    -2.544165122931));
#4341 = CARTESIAN_POINT('',(-4.323330343471,6.007824107301,
    -2.542493053055));
#4342 = CARTESIAN_POINT('',(-4.325540470328,6.029212574467,
    -2.542147325012));
#4343 = CARTESIAN_POINT('',(-4.328825442977,6.067368547207,
    -2.542253387568));
#4344 = CARTESIAN_POINT('',(-4.330043217942,6.084117507694,
    -2.542547909101));
#4345 = CARTESIAN_POINT('',(-4.332812137805,6.130835670199,
    -2.544055999257));
#4346 = CARTESIAN_POINT('',(-4.333867719864,6.160806579388,
    -2.545809602137));
#4347 = CARTESIAN_POINT('',(-4.334213477103,6.192950742125,
    -2.548521519621));
#4348 = CARTESIAN_POINT('',(-4.334233328223,6.19517192725,
    -2.548713187827));
#4349 = CARTESIAN_POINT('',(-4.334249130431,6.197392644317,
    -2.548909083211));
#4350 = PCURVE('',#3447,#4351);
#4351 = DEFINITIONAL_REPRESENTATION('',(#4352),#4355);
#4352 = B_SPLINE_CURVE_WITH_KNOTS('',1,(#4353,#4354),.UNSPECIFIED.,.F.,
  .F.,(2,2),(-2.385284357545,-1.58885550839),.PIECEWISE_BEZIER_KNOTS.);
#4353 = CARTESIAN_POINT('',(3.141592385996,4.36850460453));
#4354 = CARTESIAN_POINT('',(9.424777959057,4.867127848846));
#4355 = ( GEOMETRIC_REPRESENTATION_CONTEXT(2) 
PARAMETRIC_REPRESENTATION_CONTEXT() REPRESENTATION_CONTEXT('2D SPACE',''
  ) );
#4356 = PCURVE('',#75,#4357);
#4357 = DEFINITIONAL_REPRESENTATION('',(#4358),#4626);
#4358 = B_SPLINE_CURVE_WITH_KNOTS('',3,(#4359,#4360,#4361,#4362,#4363,
    #4364,#4365,#4366,#4367,#4368,#4369,#4370,#4371,#4372,#4373,#4374,
    #4375,#4376,#4377,#4378,#4379,#4380,#4381,#4382,#4383,#4384,#4385,
    #4386,#4387,#4388,#4389,#4390,#4391,#4392,#4393,#4394,#4395,#4396,
    #4397,#4398,#4399,#4400,#4401,#4402,#4403,#4404,#4405,#4406,#4407,
    #4408,#4409,#4410,#4411,#4412,#4413,#4414,#4415,#4416,#4417,#4418,
    #4419,#4420,#4421,#4422,#4423,#4424,#4425,#4426,#4427,#4428,#4429,
    #4430,#4431,#4432,#4433,#4434,#4435,#4436,#4437,#4438,#4439,#4440,
    #4441,#4442,#4443,#4444,#4445,#4446,#4447,#4448,#4449,#4450,#4451,
    #4452,#4453,#4454,#4455,#4456,#4457,#4458,#4459,#4460,#4461,#4462,
    #4463,#4464,#4465,#4466,#4467,#4468,#4469,#4470,#4471,#4472,#4473,
    #4474,#4475,#4476,#4477,#4478,#4479,#4480,#4481,#4482,#4483,#4484,
    #4485,#4486,#4487,#4488,#4489,#4490,#4491,#4492,#4493,#4494,#4495,
    #4496,#4497,#4498,#4499,#4500,#4501,#4502,#4503,#4504,#4505,#4506,
    #4507,#4508,#4509,#4510,#4511,#4512,#4513,#4514,#4515,#4516,#4517,
    #4518,#4519,#4520,#4521,#4522,#4523,#4524,#4525,#4526,#4527,#4528,
    #4529,#4530,#4531,#4532,#4533,#4534,#4535,#4536,#4537,#4538,#4539,
    #4540,#4541,#4542,#4543,#4544,#4545,#4546,#4547,#4548,#4549,#4550,
    #4551,#4552,#4553,#4554,#4555,#4556,#4557,#4558,#4559,#4560,#4561,
    #4562,#4563,#4564,#4565,#4566,#4567,#4568,#4569,#4570,#4571,#4572,
    #4573,#4574,#4575,#4576,#4577,#4578,#4579,#4580,#4581,#4582,#4583,
    #4584,#4585,#4586,#4587,#4588,#4589,#4590,#4591,#4592,#4593,#4594,
    #4595,#4596,#4597,#4598,#4599,#4600,#4601,#4602,#4603,#4604,#4605,
    #4606,#4607,#4608,#4609,#4610,#4611,#4612,#4613,#4614,#4615,#4616,
    #4617,#4618,#4619,#4620,#4621,#4622,#4623,#4624,#4625),
  .UNSPECIFIED.,.F.,.F.,(4,1,1,1,1,1,1,1,1,1,1,1,1,1,1,1,1,1,1,1,1,1,1,1
    ,1,1,1,1,1,1,1,1,1,1,1,1,1,1,1,1,1,1,1,1,1,1,1,1,1,1,1,1,1,1,1,1,1,1
    ,1,1,1,1,1,1,1,1,1,1,1,1,1,1,1,1,1,1,1,1,1,1,1,1,1,1,1,1,1,1,1,1,1,1
    ,1,1,1,1,1,1,1,1,1,1,1,1,1,1,1,1,1,1,1,1,1,1,1,1,1,1,1,1,1,1,1,1,1,1
    ,1,1,1,1,1,1,1,1,1,1,1,1,1,1,1,1,1,1,1,1,1,1,1,1,1,1,1,1,1,1,1,1,1,1
    ,1,1,1,1,1,1,1,1,1,1,1,1,1,1,1,1,1,1,1,1,1,1,1,1,1,1,1,1,1,1,1,1,1,1
    ,1,1,1,1,1,1,1,1,1,1,1,1,1,1,1,1,1,1,1,1,1,1,1,1,1,1,1,1,1,1,1,1,1,1
    ,1,1,1,1,1,1,1,1,1,1,1,1,1,1,1,1,1,1,1,1,1,1,1,1,1,1,1,1,1,1,1,1,1,1
    ,1,1,4),(-2.385284357545,-2.382267581601,-2.379250805657,
    -2.376234029713,-2.37321725377,-2.370200477826,-2.367183701882,
    -2.364166925938,-2.361150149995,-2.358133374051,-2.355116598107,
    -2.352099822163,-2.34908304622,-2.346066270276,-2.343049494332,
    -2.340032718388,-2.337015942444,-2.333999166501,-2.330982390557,
    -2.327965614613,-2.324948838669,-2.321932062726,-2.318915286782,
    -2.315898510838,-2.312881734894,-2.309864958951,-2.306848183007,
    -2.303831407063,-2.300814631119,-2.297797855175,-2.294781079232,
    -2.291764303288,-2.288747527344,-2.2857307514,-2.282713975457,
    -2.279697199513,-2.276680423569,-2.273663647625,-2.270646871682,
    -2.267630095738,-2.264613319794,-2.26159654385,-2.258579767907,
    -2.255562991963,-2.252546216019,-2.249529440075,-2.246512664131,
    -2.243495888188,-2.240479112244,-2.2374623363,-2.234445560356,
    -2.231428784413,-2.228412008469,-2.225395232525,-2.222378456581,
    -2.219361680638,-2.216344904694,-2.21332812875,-2.210311352806,
    -2.207294576862,-2.204277800919,-2.201261024975,-2.198244249031,
    -2.195227473087,-2.192210697144,-2.1891939212,-2.186177145256,
    -2.183160369312,-2.180143593369,-2.177126817425,-2.174110041481,
    -2.171093265537,-2.168076489593,-2.16505971365,-2.162042937706,
    -2.159026161762,-2.156009385818,-2.152992609875,-2.149975833931,
    -2.146959057987,-2.143942282043,-2.1409255061,-2.137908730156,
    -2.134891954212,-2.131875178268,-2.128858402325,-2.125841626381,
    -2.122824850437,-2.119808074493,-2.116791298549,-2.113774522606,
    -2.110757746662,-2.107740970718,-2.104724194774,-2.101707418831,
    -2.098690642887,-2.095673866943,-2.092657090999,-2.089640315056,
    -2.086623539112,-2.083606763168,-2.080589987224,-2.07757321128,
    -2.074556435337,-2.071539659393,-2.068522883449,-2.065506107505,
    -2.062489331562,-2.059472555618,-2.056455779674,-2.05343900373,
    -2.050422227787,-2.047405451843,-2.044388675899,-2.041371899955,
    -2.038355124011,-2.035338348068,-2.032321572124,-2.02930479618,
    -2.026288020236,-2.023271244293,-2.020254468349,-2.017237692405,
    -2.014220916461,-2.011204140518,-2.008187364574,-2.00517058863,
    -2.002153812686,-1.999137036742,-1.996120260799,-1.993103484855,
    -1.990086708911,-1.987069932967,-1.984053157024,-1.98103638108,
    -1.978019605136,-1.975002829192,-1.971986053249,-1.968969277305,
    -1.965952501361,-1.962935725417,-1.959918949474,-1.95690217353,
    -1.953885397586,-1.950868621642,-1.947851845698,-1.944835069755,
    -1.941818293811,-1.938801517867,-1.935784741923,-1.93276796598,
    -1.929751190036,-1.926734414092,-1.923717638148,-1.920700862205,
    -1.917684086261,-1.914667310317,-1.911650534373,-1.908633758429,
    -1.905616982486,-1.902600206542,-1.899583430598,-1.896566654654,
    -1.893549878711,-1.890533102767,-1.887516326823,-1.884499550879,
    -1.881482774936,-1.878465998992,-1.875449223048,-1.872432447104,
    -1.86941567116,-1.866398895217,-1.863382119273,-1.860365343329,
    -1.857348567385,-1.854331791442,-1.851315015498,-1.848298239554,
    -1.84528146361,-1.842264687667,-1.839247911723,-1.836231135779,
    -1.833214359835,-1.830197583891,-1.827180807948,-1.824164032004,
    -1.82114725606,-1.818130480116,-1.815113704173,-1.812096928229,
    -1.809080152285,-1.806063376341,-1.803046600398,-1.800029824454,
    -1.79701304851,-1.793996272566,-1.790979496623,-1.787962720679,
    -1.784945944735,-1.781929168791,-1.778912392847,-1.775895616904,
    -1.77287884096,-1.769862065016,-1.766845289072,-1.763828513129,
    -1.760811737185,-1.757794961241,-1.754778185297,-1.751761409354,
    -1.74874463341,-1.745727857466,-1.742711081522,-1.739694305578,
    -1.736677529635,-1.733660753691,-1.730643977747,-1.727627201803,
    -1.72461042586,-1.721593649916,-1.718576873972,-1.715560098028,
    -1.712543322085,-1.709526546141,-1.706509770197,-1.703492994253,
    -1.700476218309,-1.697459442366,-1.694442666422,-1.691425890478,
    -1.688409114534,-1.685392338591,-1.682375562647,-1.679358786703,
    -1.676342010759,-1.673325234816,-1.670308458872,-1.667291682928,
    -1.664274906984,-1.661258131041,-1.658241355097,-1.655224579153,
    -1.652207803209,-1.649191027265,-1.646174251322,-1.643157475378,
    -1.640140699434,-1.63712392349,-1.634107147547,-1.631090371603,
    -1.628073595659,-1.625056819715,-1.622040043772,-1.619023267828,
    -1.616006491884,-1.61298971594,-1.609972939996,-1.606956164053,
    -1.603939388109,-1.600922612165,-1.597905836221,-1.594889060278,
    -1.591872284334,-1.58885550839),.QUASI_UNIFORM_KNOTS.);
#4359 = CARTESIAN_POINT('',(3.201734943501E-02,23.61861218738));
#4360 = CARTESIAN_POINT('',(3.202498261943E-02,23.626513605805));
#4361 = CARTESIAN_POINT('',(3.204129754999E-02,23.64231825353));
#4362 = CARTESIAN_POINT('',(3.206841208933E-02,23.666035438235));
#4363 = CARTESIAN_POINT('',(3.209768246564E-02,23.689767714522));
#4364 = CARTESIAN_POINT('',(3.212856204948E-02,23.713519617957));
#4365 = CARTESIAN_POINT('',(3.216046504952E-02,23.737295267634));
#4366 = CARTESIAN_POINT('',(3.219276413999E-02,23.761098971971));
#4367 = CARTESIAN_POINT('',(3.222478353583E-02,23.784932743944));
#4368 = CARTESIAN_POINT('',(3.225583399792E-02,23.808805492854));
#4369 = CARTESIAN_POINT('',(3.228506903909E-02,23.832693935074));
#4370 = CARTESIAN_POINT('',(3.231163507561E-02,23.856595584429));
#4371 = CARTESIAN_POINT('',(3.233467283301E-02,23.880514225002));
#4372 = CARTESIAN_POINT('',(3.23532864937E-02,23.904446803229));
#4373 = CARTESIAN_POINT('',(3.236652769029E-02,23.928384151459));
#4374 = CARTESIAN_POINT('',(3.23734920287E-02,23.952330186111));
#4375 = CARTESIAN_POINT('',(3.237303428287E-02,23.97627305118));
#4376 = CARTESIAN_POINT('',(3.236528408157E-02,24.000214795938));
#4377 = CARTESIAN_POINT('',(3.235138419202E-02,24.024144403568));
#4378 = CARTESIAN_POINT('',(3.233222108001E-02,24.048067610425));
#4379 = CARTESIAN_POINT('',(3.230880143606E-02,24.071967982098));
#4380 = CARTESIAN_POINT('',(3.228199476552E-02,24.095842931288));
#4381 = CARTESIAN_POINT('',(3.225263046379E-02,24.119695242494));
#4382 = CARTESIAN_POINT('',(3.222151299672E-02,24.143526898909));
#4383 = CARTESIAN_POINT('',(3.218941495821E-02,24.167340554106));
#4384 = CARTESIAN_POINT('',(3.215707663255E-02,24.191139679112));
#4385 = CARTESIAN_POINT('',(3.212520250314E-02,24.214926365282));
#4386 = CARTESIAN_POINT('',(3.209446412586E-02,24.238709831348));
#4387 = CARTESIAN_POINT('',(3.206548098607E-02,24.262471777251));
#4388 = CARTESIAN_POINT('',(3.203873038186E-02,24.286211015762));
#4389 = CARTESIAN_POINT('',(3.201465559221E-02,24.309933925925));
#4390 = CARTESIAN_POINT('',(3.199365449172E-02,24.333645414395));
#4391 = CARTESIAN_POINT('',(3.197607857916E-02,24.357349975537));
#4392 = CARTESIAN_POINT('',(3.196224427976E-02,24.381056363039));
#4393 = CARTESIAN_POINT('',(3.195238302076E-02,24.404757037108));
#4394 = CARTESIAN_POINT('',(3.194661744509E-02,24.428451259162));
#4395 = CARTESIAN_POINT('',(3.194504414878E-02,24.452148581617));
#4396 = CARTESIAN_POINT('',(3.194769991368E-02,24.475845996959));
#4397 = CARTESIAN_POINT('',(3.195453146895E-02,24.499543740676));
#4398 = CARTESIAN_POINT('',(3.196541814831E-02,24.523253720919));
#4399 = CARTESIAN_POINT('',(3.198027598447E-02,24.546962435338));
#4400 = CARTESIAN_POINT('',(3.199884423254E-02,24.570664048077));
#4401 = CARTESIAN_POINT('',(3.202076293946E-02,24.594367150874));
#4402 = CARTESIAN_POINT('',(3.204563960793E-02,24.618076192217));
#4403 = CARTESIAN_POINT('',(3.207303246634E-02,24.641796429668));
#4404 = CARTESIAN_POINT('',(3.210245596333E-02,24.665532573105));
#4405 = CARTESIAN_POINT('',(3.213338043439E-02,24.6892891376));
#4406 = CARTESIAN_POINT('',(3.216523264684E-02,24.713070262206));
#4407 = CARTESIAN_POINT('',(3.219739857996E-02,24.73687994996));
#4408 = CARTESIAN_POINT('',(3.222921645231E-02,24.760721150891));
#4409 = CARTESIAN_POINT('',(3.226000675158E-02,24.78459904516));
#4410 = CARTESIAN_POINT('',(3.228883814302E-02,24.808487155067));
#4411 = CARTESIAN_POINT('',(3.231488518265E-02,24.832390486696));
#4412 = CARTESIAN_POINT('',(3.233727949458E-02,24.856311855209));
#4413 = CARTESIAN_POINT('',(3.23551162606E-02,24.880243906133));
#4414 = CARTESIAN_POINT('',(3.236745284004E-02,24.904182005634));
#4415 = CARTESIAN_POINT('',(3.237336524248E-02,24.928127409406));
#4416 = CARTESIAN_POINT('',(3.237174817485E-02,24.952069645728));
#4417 = CARTESIAN_POINT('',(3.236300753336E-02,24.976009452708));
#4418 = CARTESIAN_POINT('',(3.234825675874E-02,24.999937246129));
#4419 = CARTESIAN_POINT('',(3.232838939929E-02,25.023858094407));
#4420 = CARTESIAN_POINT('',(3.230441037085E-02,25.047752868175));
#4421 = CARTESIAN_POINT('',(3.227716484657E-02,25.071623631702));
#4422 = CARTESIAN_POINT('',(3.22474845628E-02,25.09547201372));
#4423 = CARTESIAN_POINT('',(3.221616885302E-02,25.119300385157));
#4424 = CARTESIAN_POINT('',(3.218398672391E-02,25.143111403299));
#4425 = CARTESIAN_POINT('',(3.215167457041E-02,25.166908518752));
#4426 = CARTESIAN_POINT('',(3.211993110562E-02,25.190694267006));
#4427 = CARTESIAN_POINT('',(3.208942841816E-02,25.21447646154));
#4428 = CARTESIAN_POINT('',(3.206075792145E-02,25.238232475317));
#4429 = CARTESIAN_POINT('',(3.203438713557E-02,25.261968138649));
#4430 = CARTESIAN_POINT('',(3.201075472634E-02,25.285687988765));
#4431 = CARTESIAN_POINT('',(3.199025276822E-02,25.309397465144));
#4432 = CARTESIAN_POINT('',(3.197322616254E-02,25.333100940232));
#4433 = CARTESIAN_POINT('',(3.19599886392E-02,25.356807275506));
#4434 = CARTESIAN_POINT('',(3.195074565487E-02,25.380505506857));
#4435 = CARTESIAN_POINT('',(3.194561695096E-02,25.404199084023));
#4436 = CARTESIAN_POINT('',(3.194469313529E-02,25.427896537914));
#4437 = CARTESIAN_POINT('',(3.194799633132E-02,25.451592823792));
#4438 = CARTESIAN_POINT('',(3.19554638365E-02,25.475290845262));
#4439 = CARTESIAN_POINT('',(3.196696987377E-02,25.49900238908));
#4440 = CARTESIAN_POINT('',(3.198243402717E-02,25.522707681384));
#4441 = CARTESIAN_POINT('',(3.200155444516E-02,25.546408089936));
#4442 = CARTESIAN_POINT('',(3.202397272243E-02,25.570110237779));
#4443 = CARTESIAN_POINT('',(3.204928666183E-02,25.593819058225));
#4444 = CARTESIAN_POINT('',(3.207704798108E-02,25.617539631401));
#4445 = CARTESIAN_POINT('',(3.210676395034E-02,25.641276664457));
#4446 = CARTESIAN_POINT('',(3.213789805377E-02,25.665034611904));
#4447 = CARTESIAN_POINT('',(3.216987043362E-02,25.688817587021));
#4448 = CARTESIAN_POINT('',(3.220206012109E-02,25.712629463261));
#4449 = CARTESIAN_POINT('',(3.223380042636E-02,25.736473418338));
#4450 = CARTESIAN_POINT('',(3.226440015578E-02,25.760353510939));
#4451 = CARTESIAN_POINT('',(3.229291721573E-02,25.784243335054));
#4452 = CARTESIAN_POINT('',(3.231852553419E-02,25.808148482601));
#4453 = CARTESIAN_POINT('',(3.234035162781E-02,25.83207172588));
#4454 = CARTESIAN_POINT('',(3.235748235143E-02,25.856004010542));
#4455 = CARTESIAN_POINT('',(3.236898072257E-02,25.879942974574));
#4456 = CARTESIAN_POINT('',(3.237389496641E-02,25.903887678083));
#4457 = CARTESIAN_POINT('',(3.237119626828E-02,25.927829501276));
#4458 = CARTESIAN_POINT('',(3.236155257225E-02,25.951766968463));
#4459 = CARTESIAN_POINT('',(3.234601961006E-02,25.975692901573));
#4460 = CARTESIAN_POINT('',(3.23255084966E-02,25.999610812922));
#4461 = CARTESIAN_POINT('',(3.230101345072E-02,26.023501449377));
#4462 = CARTESIAN_POINT('',(3.227336998761E-02,26.047368459136));
#4463 = CARTESIAN_POINT('',(3.224340695255E-02,26.071213138185));
#4464 = CARTESIAN_POINT('',(3.221191852605E-02,26.095038024889));
#4465 = CARTESIAN_POINT('',(3.21796687029E-02,26.118845837582));
#4466 = CARTESIAN_POINT('',(3.214738859535E-02,26.142639990945));
#4467 = CARTESIAN_POINT('',(3.211577075273E-02,26.166423456625));
#4468 = CARTESIAN_POINT('',(3.208548319233E-02,26.190202670932));
#4469 = CARTESIAN_POINT('',(3.205709917363E-02,26.213954833471));
#4470 = CARTESIAN_POINT('',(3.203108003078E-02,26.237687569025));
#4471 = CARTESIAN_POINT('',(3.200785770737E-02,26.261404990375));
#4472 = CARTESIAN_POINT('',(3.198781758593E-02,26.285112635589));
#4473 = CARTESIAN_POINT('',(3.197129760462E-02,26.30881508177));
#4474 = CARTESIAN_POINT('',(3.195860489328E-02,26.332520427628));
#4475 = CARTESIAN_POINT('',(3.194992513988E-02,26.356216539408));
#4476 = CARTESIAN_POINT('',(3.194537500015E-02,26.379909362148));
#4477 = CARTESIAN_POINT('',(3.194503831998E-02,26.403606341057));
#4478 = CARTESIAN_POINT('',(3.194892365717E-02,26.427301566734));
#4479 = CARTESIAN_POINT('',(3.195695924068E-02,26.45099983808));
#4480 = CARTESIAN_POINT('',(3.196901888986E-02,26.474711608353));
#4481 = CARTESIAN_POINT('',(3.198500963682E-02,26.498414753304));
#4482 = CARTESIAN_POINT('',(3.200460566891E-02,26.522114737034));
#4483 = CARTESIAN_POINT('',(3.202744694927E-02,26.545817046595));
#4484 = CARTESIAN_POINT('',(3.205312382882E-02,26.569526878907));
#4485 = CARTESIAN_POINT('',(3.208118226053E-02,26.593249196767));
#4486 = CARTESIAN_POINT('',(3.21111234845E-02,26.616988698795));
#4487 = CARTESIAN_POINT('',(3.214240493555E-02,26.640749760666));
#4488 = CARTESIAN_POINT('',(3.217444161679E-02,26.664536572397));
#4489 = CARTESIAN_POINT('',(3.220660434752E-02,26.688352514382));
#4490 = CARTESIAN_POINT('',(3.223823015822E-02,26.712202376065));
#4491 = CARTESIAN_POINT('',(3.226858749815E-02,26.736083958566));
#4492 = CARTESIAN_POINT('',(3.229673712596E-02,26.759974548061));
#4493 = CARTESIAN_POINT('',(3.232185921541E-02,26.783881184543));
#4494 = CARTESIAN_POINT('',(3.234307452846E-02,26.807805982196));
#4495 = CARTESIAN_POINT('',(3.235946012083E-02,26.831737840797));
#4496 = CARTESIAN_POINT('',(3.23700895141E-02,26.855677495988));
#4497 = CARTESIAN_POINT('',(3.237396859032E-02,26.879620796092));
#4498 = CARTESIAN_POINT('',(3.23702055745E-02,26.903562140991));
#4499 = CARTESIAN_POINT('',(3.23596785059E-02,26.927496950203));
#4500 = CARTESIAN_POINT('',(3.234338301958E-02,26.951421408946));
#4501 = CARTESIAN_POINT('',(3.232225584963E-02,26.975335545498));
#4502 = CARTESIAN_POINT('',(3.22972697564E-02,26.999221572128));
#4503 = CARTESIAN_POINT('',(3.226925256714E-02,27.023084603053));
#4504 = CARTESIAN_POINT('',(3.223903033437E-02,27.046925631075));
#4505 = CARTESIAN_POINT('',(3.22073927841E-02,27.070747335562));
#4506 = CARTESIAN_POINT('',(3.217509952577E-02,27.094552549535));
#4507 = CARTESIAN_POINT('',(3.214287708877E-02,27.118344445157));
#4508 = CARTESIAN_POINT('',(3.211141265065E-02,27.142127188929));
#4509 = CARTESIAN_POINT('',(3.208137074654E-02,27.165903002536));
#4510 = CARTESIAN_POINT('',(3.20532985037E-02,27.189650834216));
#4511 = CARTESIAN_POINT('',(3.20276537648E-02,27.213380431785));
#4512 = CARTESIAN_POINT('',(3.200486191515E-02,27.237095407234));
#4513 = CARTESIAN_POINT('',(3.198530235352E-02,27.260801348639));
#4514 = CARTESIAN_POINT('',(3.196930737014E-02,27.284503286989));
#4515 = CARTESIAN_POINT('',(3.195717603144E-02,27.308207592579));
#4516 = CARTESIAN_POINT('',(3.194907362951E-02,27.331901963902));
#4517 = CARTESIAN_POINT('',(3.194511465822E-02,27.355594510395));
#4518 = CARTESIAN_POINT('',(3.194537578982E-02,27.379291105377));
#4519 = CARTESIAN_POINT('',(3.194985130254E-02,27.402985636769));
#4520 = CARTESIAN_POINT('',(3.195846029991E-02,27.426684821094));
#4521 = CARTESIAN_POINT('',(3.19710811224E-02,27.450396416043));
#4522 = CARTESIAN_POINT('',(3.198760040159E-02,27.474097501967));
#4523 = CARTESIAN_POINT('',(3.200767320484E-02,27.497796888475));
#4524 = CARTESIAN_POINT('',(3.203093618859E-02,27.521499126226));
#4525 = CARTESIAN_POINT('',(3.205697233757E-02,27.54520962008));
#4526 = CARTESIAN_POINT('',(3.208532147841E-02,27.568933228261));
#4527 = CARTESIAN_POINT('',(3.211547860156E-02,27.592674633014));
#4528 = CARTESIAN_POINT('',(3.214689489923E-02,27.616438135291));
#4529 = CARTESIAN_POINT('',(3.217897997594E-02,27.640227976796));
#4530 = CARTESIAN_POINT('',(3.221109663378E-02,27.664047122759));
#4531 = CARTESIAN_POINT('',(3.224258431857E-02,27.687901668046));
#4532 = CARTESIAN_POINT('',(3.227267564775E-02,27.711784282446));
#4533 = CARTESIAN_POINT('',(3.2300442002E-02,27.735676371694));
#4534 = CARTESIAN_POINT('',(3.232505925546E-02,27.75958474802));
#4535 = CARTESIAN_POINT('',(3.234564446765E-02,27.783510814956));
#4536 = CARTESIAN_POINT('',(3.236126550608E-02,27.807442680896));
#4537 = CARTESIAN_POINT('',(3.237100918973E-02,27.831383131743));
#4538 = CARTESIAN_POINT('',(3.237382670257E-02,27.855325043189));
#4539 = CARTESIAN_POINT('',(3.236902783227E-02,27.879265727252));
#4540 = CARTESIAN_POINT('',(3.235763388472E-02,27.903197978299));
#4541 = CARTESIAN_POINT('',(3.234059403568E-02,27.927120940063));
#4542 = CARTESIAN_POINT('',(3.231886694172E-02,27.951031016254));
#4543 = CARTESIAN_POINT('',(3.229340247823E-02,27.97491292563));
#4544 = CARTESIAN_POINT('',(3.226502542363E-02,27.998772090554));
#4545 = CARTESIAN_POINT('',(3.223455734097E-02,28.022609513103));
#4546 = CARTESIAN_POINT('',(3.220278344051E-02,28.046427931714));
#4547 = CARTESIAN_POINT('',(3.217045846619E-02,28.070230317418));
#4548 = CARTESIAN_POINT('',(3.213830374522E-02,28.094019594325));
#4549 = CARTESIAN_POINT('',(3.210700129496E-02,28.117801126039));
#4550 = CARTESIAN_POINT('',(3.207720908642E-02,28.141572917004));
#4551 = CARTESIAN_POINT('',(3.20494532434E-02,28.165317089216));
#4552 = CARTESIAN_POINT('',(3.202418825269E-02,28.189043741257));
#4553 = CARTESIAN_POINT('',(3.200183247138E-02,28.212756474053));
#4554 = CARTESIAN_POINT('',(3.198275872553E-02,28.236460748892));
#4555 = CARTESIAN_POINT('',(3.196729401144E-02,28.260162275989));
#4556 = CARTESIAN_POINT('',(3.195572592374E-02,28.283864978411));
#4557 = CARTESIAN_POINT('',(3.194820341774E-02,28.307557756358));
#4558 = CARTESIAN_POINT('',(3.194483801288E-02,28.331250038306));
#4559 = CARTESIAN_POINT('',(3.194569844302E-02,28.354945888184));
#4560 = CARTESIAN_POINT('',(3.195076489636E-02,28.378639780922));
#4561 = CARTESIAN_POINT('',(3.195994909352E-02,28.40233993132));
#4562 = CARTESIAN_POINT('',(3.197312912843E-02,28.426050804151));
#4563 = CARTESIAN_POINT('',(3.199009746019E-02,28.44976127241));
#4564 = CARTESIAN_POINT('',(3.201055162943E-02,28.473479879722));
#4565 = CARTESIAN_POINT('',(3.203415329144E-02,28.497211499523));
#4566 = CARTESIAN_POINT('',(3.20605125416E-02,28.520960220358));
#4567 = CARTESIAN_POINT('',(3.20892024692E-02,28.544735738403));
#4568 = CARTESIAN_POINT('',(3.211971774697E-02,28.568523755455));
#4569 = CARTESIAN_POINT('',(3.215144350663E-02,28.592320324342));
#4570 = CARTESIAN_POINT('',(3.218373975016E-02,28.616131669052));
#4571 = CARTESIAN_POINT('',(3.221592154084E-02,28.63996073249));
#4572 = CARTESIAN_POINT('',(3.224726747796E-02,28.663811090324));
#4573 = CARTESIAN_POINT('',(3.227701456893E-02,28.687684616603));
#4574 = CARTESIAN_POINT('',(3.230437970454E-02,28.711586772822));
#4575 = CARTESIAN_POINT('',(3.232845892078E-02,28.735497853625));
#4576 = CARTESIAN_POINT('',(3.234836022652E-02,28.759419689154));
#4577 = CARTESIAN_POINT('',(3.23631613218E-02,28.783353382453));
#4578 = CARTESIAN_POINT('',(3.237194575025E-02,28.807296540761));
#4579 = CARTESIAN_POINT('',(3.237364408713E-02,28.831241638748));
#4580 = CARTESIAN_POINT('',(3.236776274473E-02,28.855183720354));
#4581 = CARTESIAN_POINT('',(3.235546296611E-02,28.879119984253));
#4582 = CARTESIAN_POINT('',(3.23376819116E-02,28.903040893277));
#4583 = CARTESIAN_POINT('',(3.231536424354E-02,28.926939069464));
#4584 = CARTESIAN_POINT('',(3.228937948211E-02,28.950817679661));
#4585 = CARTESIAN_POINT('',(3.226058759654E-02,28.974677661018));
#4586 = CARTESIAN_POINT('',(3.222981720235E-02,28.9985214159));
#4587 = CARTESIAN_POINT('',(3.219787147209E-02,29.022350676214));
#4588 = CARTESIAN_POINT('',(3.216551163023E-02,29.046171219995));
#4589 = CARTESIAN_POINT('',(3.213350325932E-02,29.069976010014));
#4590 = CARTESIAN_POINT('',(3.210249489997E-02,29.093749146649));
#4591 = CARTESIAN_POINT('',(3.20730268094E-02,29.117499975792));
#4592 = CARTESIAN_POINT('',(3.20456160298E-02,29.141231639233));
#4593 = CARTESIAN_POINT('',(3.202073257462E-02,29.164949174637));
#4594 = CARTESIAN_POINT('',(3.199880644838E-02,29.188657755958));
#4595 = CARTESIAN_POINT('',(3.198021848592E-02,29.212361502074));
#4596 = CARTESIAN_POINT('',(3.196532489013E-02,29.236069877212));
#4597 = CARTESIAN_POINT('',(3.195435812162E-02,29.259771727077));
#4598 = CARTESIAN_POINT('',(3.194745029445E-02,29.283466557417));
#4599 = CARTESIAN_POINT('',(3.194471781853E-02,29.307163765811));
#4600 = CARTESIAN_POINT('',(3.194621693511E-02,29.330860801263));
#4601 = CARTESIAN_POINT('',(3.195190870079E-02,29.354557761369));
#4602 = CARTESIAN_POINT('',(3.196170600042E-02,29.3782649543));
#4603 = CARTESIAN_POINT('',(3.19754830489E-02,29.401975410832));
#4604 = CARTESIAN_POINT('',(3.199299440763E-02,29.425688717581));
#4605 = CARTESIAN_POINT('',(3.201394329265E-02,29.449412052332));
#4606 = CARTESIAN_POINT('',(3.203798761131E-02,29.473150151769));
#4607 = CARTESIAN_POINT('',(3.206473606201E-02,29.496908856877));
#4608 = CARTESIAN_POINT('',(3.20937598649E-02,29.520690839219));
#4609 = CARTESIAN_POINT('',(3.212450236989E-02,29.544476549039));
#4610 = CARTESIAN_POINT('',(3.215635620708E-02,29.568275159734));
#4611 = CARTESIAN_POINT('',(3.218867507083E-02,29.592089284257));
#4612 = CARTESIAN_POINT('',(3.222077186041E-02,29.615922834536));
#4613 = CARTESIAN_POINT('',(3.225192099043E-02,29.63977876614));
#4614 = CARTESIAN_POINT('',(3.228135975425E-02,29.663660107241));
#4615 = CARTESIAN_POINT('',(3.230828981277E-02,29.687567961622));
#4616 = CARTESIAN_POINT('',(3.233178951896E-02,29.711484420842));
#4617 = CARTESIAN_POINT('',(3.235097956865E-02,29.735415939316));
#4618 = CARTESIAN_POINT('',(3.236491797471E-02,29.759356022745));
#4619 = CARTESIAN_POINT('',(3.23727097329E-02,29.783300802579));
#4620 = CARTESIAN_POINT('',(3.237319436048E-02,29.807246942206));
#4621 = CARTESIAN_POINT('',(3.236627187454E-02,29.83118792805));
#4622 = CARTESIAN_POINT('',(3.23530747069E-02,29.855119069432));
#4623 = CARTESIAN_POINT('',(3.23345147602E-02,29.879037968593));
#4624 = CARTESIAN_POINT('',(3.231918652379E-02,29.894976209545));
#4625 = CARTESIAN_POINT('',(3.231093785334E-02,29.902943376753));
#4626 = ( GEOMETRIC_REPRESENTATION_CONTEXT(2) 
PARAMETRIC_REPRESENTATION_CONTEXT() REPRESENTATION_CONTEXT('2D SPACE',''
  ) );
#4627 = ORIENTED_EDGE('',*,*,#4001,.F.);
#4628 = ADVANCED_FACE('',(#4629),#1581,.F.);
#4629 = FACE_BOUND('',#4630,.F.);
#4630 = EDGE_LOOP('',(#4631,#4660,#4683,#4684,#4707,#4735));
#4631 = ORIENTED_EDGE('',*,*,#4632,.T.);
#4632 = EDGE_CURVE('',#1889,#4633,#4635,.T.);
#4633 = VERTEX_POINT('',#4634);
#4634 = CARTESIAN_POINT('',(-3.463835289268,4.583605636185,
    -3.46451244504));
#4635 = SURFACE_CURVE('',#4636,(#4647,#4653),.PCURVE_S1.);
#4636 = B_SPLINE_CURVE_WITH_KNOTS('',3,(#4637,#4638,#4639,#4640,#4641,
    #4642,#4643,#4644,#4645,#4646),.UNSPECIFIED.,.F.,.F.,(4,1,1,1,1,1,1,
    4),(22.160474338231,22.990463465606,23.96279686368,24.935130261754,
    25.907463659828,26.879797057901,27.852130455975,28.274329845138),
  .UNSPECIFIED.);
#4637 = CARTESIAN_POINT('',(-3.303449445968,4.602755087413,
    -2.93684769996));
#4638 = CARTESIAN_POINT('',(-3.615503544223,4.677777476323,
    -2.655929133106));
#4639 = CARTESIAN_POINT('',(-4.250070150705,5.228969357895,
    -2.08897337565));
#4640 = CARTESIAN_POINT('',(-4.398985634053,6.830690802318,
    -2.044144058955));
#4641 = CARTESIAN_POINT('',(-3.5273360919,7.89827244165,-3.025219553987)
  );
#4642 = CARTESIAN_POINT('',(-2.436458130631,7.417370158322,
    -4.225523468134));
#4643 = CARTESIAN_POINT('',(-2.126729295725,5.80788405777,
    -4.644678255919));
#4644 = CARTESIAN_POINT('',(-2.76747707806,4.726643585438,
    -4.092719150451));
#4645 = CARTESIAN_POINT('',(-3.301874106377,4.583457194904,
    -3.610635481374));
#4646 = CARTESIAN_POINT('',(-3.46383432098,4.584087905583,
    -3.464513308385));
#4647 = PCURVE('',#1581,#4648);
#4648 = DEFINITIONAL_REPRESENTATION('',(#4649),#4652);
#4649 = B_SPLINE_CURVE_WITH_KNOTS('',1,(#4650,#4651),.UNSPECIFIED.,.F.,
  .F.,(2,2),(22.160474338231,28.274329782471),.PIECEWISE_BEZIER_KNOTS.);
#4650 = CARTESIAN_POINT('',(3.141598448925,1.721897963273));
#4651 = CARTESIAN_POINT('',(9.25579787501,2.208423120923));
#4652 = ( GEOMETRIC_REPRESENTATION_CONTEXT(2) 
PARAMETRIC_REPRESENTATION_CONTEXT() REPRESENTATION_CONTEXT('2D SPACE',''
  ) );
#4653 = PCURVE('',#75,#4654);
#4654 = DEFINITIONAL_REPRESENTATION('',(#4655),#4659);
#4655 = LINE('',#4656,#4657);
#4656 = CARTESIAN_POINT('',(6.39151815099E-15,-6.750155989721E-14));
#4657 = VECTOR('',#4658,1.);
#4658 = DIRECTION('',(-2.586667501565E-16,1.));
#4659 = ( GEOMETRIC_REPRESENTATION_CONTEXT(2) 
PARAMETRIC_REPRESENTATION_CONTEXT() REPRESENTATION_CONTEXT('2D SPACE',''
  ) );
#4660 = ORIENTED_EDGE('',*,*,#4661,.T.);
#4661 = EDGE_CURVE('',#4633,#1057,#4662,.T.);
#4662 = SURFACE_CURVE('',#4663,(#4671,#4677),.PCURVE_S1.);
#4663 = B_SPLINE_CURVE_WITH_KNOTS('',3,(#4664,#4665,#4666,#4667,#4668,
    #4669,#4670),.UNSPECIFIED.,.F.,.F.,(4,3,4),(28.274333882308,
    28.388736213681,28.442672545538),.UNSPECIFIED.);
#4664 = CARTESIAN_POINT('',(-3.463838513058,4.581999983555,
    -3.464509570648));
#4665 = CARTESIAN_POINT('',(-3.507780992269,4.58198180599,
    -3.424858686668));
#4666 = CARTESIAN_POINT('',(-3.551707535904,4.585364526523,
    -3.385223738263));
#4667 = CARTESIAN_POINT('',(-3.595332151695,4.592114237914,
    -3.345890717704));
#4668 = CARTESIAN_POINT('',(-3.615899492641,4.59529646916,
    -3.327346700075));
#4669 = CARTESIAN_POINT('',(-3.636399772763,4.599226352826,
    -3.30886974327));
#4670 = CARTESIAN_POINT('',(-3.656803452056,4.603896362843,
    -3.290489387293));
#4671 = PCURVE('',#1581,#4672);
#4672 = DEFINITIONAL_REPRESENTATION('',(#4673),#4676);
#4673 = B_SPLINE_CURVE_WITH_KNOTS('',1,(#4674,#4675),.UNSPECIFIED.,.F.,
  .F.,(2,2),(28.274333882308,28.442672545538),.PIECEWISE_BEZIER_KNOTS.);
#4674 = CARTESIAN_POINT('',(9.255801993555,2.208423447177));
#4675 = CARTESIAN_POINT('',(9.424777960769,2.221819412361));
#4676 = ( GEOMETRIC_REPRESENTATION_CONTEXT(2) 
PARAMETRIC_REPRESENTATION_CONTEXT() REPRESENTATION_CONTEXT('2D SPACE',''
  ) );
#4677 = PCURVE('',#75,#4678);
#4678 = DEFINITIONAL_REPRESENTATION('',(#4679),#4682);
#4679 = B_SPLINE_CURVE_WITH_KNOTS('',1,(#4680,#4681),.UNSPECIFIED.,.F.,
  .F.,(2,2),(28.274333882308,28.442672545538),.PIECEWISE_BEZIER_KNOTS.);
#4680 = CARTESIAN_POINT('',(-1.810534246535E-04,28.274302890244));
#4681 = CARTESIAN_POINT('',(-1.592200163042E-04,28.442497626627));
#4682 = ( GEOMETRIC_REPRESENTATION_CONTEXT(2) 
PARAMETRIC_REPRESENTATION_CONTEXT() REPRESENTATION_CONTEXT('2D SPACE',''
  ) );
#4683 = ORIENTED_EDGE('',*,*,#1567,.T.);
#4684 = ORIENTED_EDGE('',*,*,#4685,.F.);
#4685 = EDGE_CURVE('',#4686,#1539,#4688,.T.);
#4686 = VERTEX_POINT('',#4687);
#4687 = CARTESIAN_POINT('',(-3.493056752517,4.579950390108,
    -3.494089456068));
#4688 = SURFACE_CURVE('',#4689,(#4694,#4700),.PCURVE_S1.);
#4689 = B_SPLINE_CURVE_WITH_KNOTS('',3,(#4690,#4691,#4692,#4693),
  .UNSPECIFIED.,.F.,.F.,(4,4),(28.274333882308,28.443889637408),
  .PIECEWISE_BEZIER_KNOTS.);
#4690 = CARTESIAN_POINT('',(-3.493056752517,4.579950390108,
    -3.494089456068));
#4691 = CARTESIAN_POINT('',(-3.557673887488,4.580461585365,
    -3.43583289663));
#4692 = CARTESIAN_POINT('',(-3.62234760811,4.588720208901,
    -3.377519751543));
#4693 = CARTESIAN_POINT('',(-3.686232006241,4.604201039586,
    -3.319995928946));
#4694 = PCURVE('',#1581,#4695);
#4695 = DEFINITIONAL_REPRESENTATION('',(#4696),#4699);
#4696 = B_SPLINE_CURVE_WITH_KNOTS('',1,(#4697,#4698),.UNSPECIFIED.,.F.,
  .F.,(2,2),(28.274333882308,28.443889637408),.PIECEWISE_BEZIER_KNOTS.);
#4697 = CARTESIAN_POINT('',(9.255636890773,2.25));
#4698 = CARTESIAN_POINT('',(9.424775875534,2.263492818277));
#4699 = ( GEOMETRIC_REPRESENTATION_CONTEXT(2) 
PARAMETRIC_REPRESENTATION_CONTEXT() REPRESENTATION_CONTEXT('2D SPACE',''
  ) );
#4700 = PCURVE('',#903,#4701);
#4701 = DEFINITIONAL_REPRESENTATION('',(#4702),#4706);
#4702 = LINE('',#4703,#4704);
#4703 = CARTESIAN_POINT('',(3.215840999383E-02,4.618527782441E-14));
#4704 = VECTOR('',#4705,1.);
#4705 = DIRECTION('',(1.186795004951E-15,1.));
#4706 = ( GEOMETRIC_REPRESENTATION_CONTEXT(2) 
PARAMETRIC_REPRESENTATION_CONTEXT() REPRESENTATION_CONTEXT('2D SPACE',''
  ) );
#4707 = ORIENTED_EDGE('',*,*,#4708,.F.);
#4708 = EDGE_CURVE('',#1599,#4686,#4709,.T.);
#4709 = SURFACE_CURVE('',#4710,(#4722,#4728),.PCURVE_S1.);
#4710 = B_SPLINE_CURVE_WITH_KNOTS('',3,(#4711,#4712,#4713,#4714,#4715,
    #4716,#4717,#4718,#4719,#4720,#4721),.UNSPECIFIED.,.F.,.F.,(4,1,1,1,
    1,1,1,1,4),(22.159376284471,22.234297251247,23.227179217186,
    24.220061183126,25.212943149065,26.205825115005,27.198707080944,
    28.191589046883,28.274333882308),.UNSPECIFIED.);
#4711 = CARTESIAN_POINT('',(-3.332885999281,4.601803226231,
    -2.966085697061));
#4712 = CARTESIAN_POINT('',(-3.361076334381,4.608023984964,
    -2.940705885661));
#4713 = CARTESIAN_POINT('',(-3.760150977046,4.717972749878,
    -2.581687926445));
#4714 = CARTESIAN_POINT('',(-4.42565127661,5.526748233943,
    -1.993490470077));
#4715 = CARTESIAN_POINT('',(-4.284085190556,7.238703123561,
    -2.246795035375));
#4716 = CARTESIAN_POINT('',(-3.218155589936,7.940025535535,
    -3.424463115239));
#4717 = CARTESIAN_POINT('',(-2.245831942186,6.994318785308,
    -4.508525242234));
#4718 = CARTESIAN_POINT('',(-2.300142801082,5.259753240969,
    -4.565952862582));
#4719 = CARTESIAN_POINT('',(-3.051780349758,4.600442743923,
    -3.891911655294));
#4720 = CARTESIAN_POINT('',(-3.461522970631,4.579700921917,
    -3.522519216062));
#4721 = CARTESIAN_POINT('',(-3.493056752517,4.579950390108,
    -3.494089456068));
#4722 = PCURVE('',#1581,#4723);
#4723 = DEFINITIONAL_REPRESENTATION('',(#4724),#4727);
#4724 = B_SPLINE_CURVE_WITH_KNOTS('',1,(#4725,#4726),.UNSPECIFIED.,.F.,
  .F.,(2,2),(22.159376284471,28.274333882308),.PIECEWISE_BEZIER_KNOTS.);
#4725 = CARTESIAN_POINT('',(3.141584607737,1.763387135753));
#4726 = CARTESIAN_POINT('',(9.255636890773,2.25));
#4727 = ( GEOMETRIC_REPRESENTATION_CONTEXT(2) 
PARAMETRIC_REPRESENTATION_CONTEXT() REPRESENTATION_CONTEXT('2D SPACE',''
  ) );
#4728 = PCURVE('',#903,#4729);
#4729 = DEFINITIONAL_REPRESENTATION('',(#4730),#4734);
#4730 = LINE('',#4731,#4732);
#4731 = CARTESIAN_POINT('',(3.215840999386E-02,7.105427357601E-14));
#4732 = VECTOR('',#4733,1.);
#4733 = DIRECTION('',(2.530472723341E-16,1.));
#4734 = ( GEOMETRIC_REPRESENTATION_CONTEXT(2) 
PARAMETRIC_REPRESENTATION_CONTEXT() REPRESENTATION_CONTEXT('2D SPACE',''
  ) );
#4735 = ORIENTED_EDGE('',*,*,#1912,.F.);
#4736 = ADVANCED_FACE('',(#4737),#903,.F.);
#4737 = FACE_BOUND('',#4738,.F.);
#4738 = EDGE_LOOP('',(#4739,#4740,#4741,#4742,#4743,#4744,#4745,#4746,
    #4747,#4817,#4845,#4874,#5050,#5051,#5052,#5053,#5054,#5055,#5056,
    #5057));
#4739 = ORIENTED_EDGE('',*,*,#1936,.T.);
#4740 = ORIENTED_EDGE('',*,*,#2358,.T.);
#4741 = ORIENTED_EDGE('',*,*,#2244,.T.);
#4742 = ORIENTED_EDGE('',*,*,#2879,.T.);
#4743 = ORIENTED_EDGE('',*,*,#4170,.T.);
#4744 = ORIENTED_EDGE('',*,*,#4025,.T.);
#4745 = ORIENTED_EDGE('',*,*,#3937,.T.);
#4746 = ORIENTED_EDGE('',*,*,#3852,.T.);
#4747 = ORIENTED_EDGE('',*,*,#4748,.T.);
#4748 = EDGE_CURVE('',#3783,#4749,#4751,.T.);
#4749 = VERTEX_POINT('',#4750);
#4750 = CARTESIAN_POINT('',(-1.789645773544,6.92945654865,
    -3.577312930304));
#4751 = SURFACE_CURVE('',#4752,(#4759,#4788),.PCURVE_S1.);
#4752 = B_SPLINE_CURVE_WITH_KNOTS('',3,(#4753,#4754,#4755,#4756,#4757,
    #4758),.UNSPECIFIED.,.F.,.F.,(4,2,4),(-4.530104443518E-02,
    -2.272073887133E-02,0.),.UNSPECIFIED.);
#4753 = CARTESIAN_POINT('',(-2.166979099895,7.065593889914,
    -3.362172152139));
#4754 = CARTESIAN_POINT('',(-2.105311181462,7.046903062118,
    -3.40191821044));
#4755 = CARTESIAN_POINT('',(-2.043289067544,7.025434810688,
    -3.439501405131));
#4756 = CARTESIAN_POINT('',(-1.917597446229,6.979166253478,
    -3.511137286827));
#4757 = CARTESIAN_POINT('',(-1.854055503222,6.954376839928,
    -3.545081218119));
#4758 = CARTESIAN_POINT('',(-1.790049627661,6.929612778374,
    -3.577110891559));
#4759 = PCURVE('',#903,#4760);
#4760 = DEFINITIONAL_REPRESENTATION('',(#4761),#4787);
#4761 = B_SPLINE_CURVE_WITH_KNOTS('',3,(#4762,#4763,#4764,#4765,#4766,
    #4767,#4768,#4769,#4770,#4771,#4772,#4773,#4774,#4775,#4776,#4777,
    #4778,#4779,#4780,#4781,#4782,#4783,#4784,#4785,#4786),
  .UNSPECIFIED.,.F.,.F.,(4,1,1,1,1,1,1,1,1,1,1,1,1,1,1,1,1,1,1,1,1,1,4),
  (-4.530104443518E-02,-4.324190605176E-02,-4.118276766834E-02,
    -3.912362928493E-02,-3.706449090151E-02,-3.500535251809E-02,
    -3.294621413467E-02,-3.088707575126E-02,-2.882793736784E-02,
    -2.676879898442E-02,-2.470966060101E-02,-2.265052221759E-02,
    -2.059138383417E-02,-1.853224545075E-02,-1.647310706734E-02,
    -1.441396868392E-02,-1.23548303005E-02,-1.029569191709E-02,
    -8.236553533669E-03,-6.177415150252E-03,-4.118276766834E-03,
    -2.059138383417E-03,0.),.UNSPECIFIED.);
#4762 = CARTESIAN_POINT('',(1.514639961671E-15,13.298359557793));
#4763 = CARTESIAN_POINT('',(3.582772986604E-04,13.303107274706));
#4764 = CARTESIAN_POINT('',(1.079860912193E-03,13.312545866614));
#4765 = CARTESIAN_POINT('',(2.177299419889E-03,13.326533331416));
#4766 = CARTESIAN_POINT('',(3.289774720373E-03,13.340350473363));
#4767 = CARTESIAN_POINT('',(4.417268685814E-03,13.353997401356));
#4768 = CARTESIAN_POINT('',(5.559767886654E-03,13.367474226746));
#4769 = CARTESIAN_POINT('',(6.717263623675E-03,13.380781060267));
#4770 = CARTESIAN_POINT('',(7.88975203643E-03,13.39391801705));
#4771 = CARTESIAN_POINT('',(9.07723052572E-03,13.406885189185));
#4772 = CARTESIAN_POINT('',(1.027970897186E-02,13.419682742742));
#4773 = CARTESIAN_POINT('',(1.149716559055E-02,13.432310551883));
#4774 = CARTESIAN_POINT('',(1.272970958224E-02,13.444769562285));
#4775 = CARTESIAN_POINT('',(1.397697023592E-02,13.45705668661));
#4776 = CARTESIAN_POINT('',(1.523859544559E-02,13.469167961883));
#4777 = CARTESIAN_POINT('',(1.651460831705E-02,13.481102686372));
#4778 = CARTESIAN_POINT('',(1.780492173963E-02,13.49285935513));
#4779 = CARTESIAN_POINT('',(1.910946864383E-02,13.504436751094));
#4780 = CARTESIAN_POINT('',(2.042816731025E-02,13.515833654378));
#4781 = CARTESIAN_POINT('',(2.176093087746E-02,13.527048921691));
#4782 = CARTESIAN_POINT('',(2.310766508962E-02,13.538081465603));
#4783 = CARTESIAN_POINT('',(2.446826897079E-02,13.548930262842));
#4784 = CARTESIAN_POINT('',(2.584263563426E-02,13.55959434531));
#4785 = CARTESIAN_POINT('',(2.676797834771E-02,13.566580001683));
#4786 = CARTESIAN_POINT('',(2.723290544717E-02,13.57004174565));
#4787 = ( GEOMETRIC_REPRESENTATION_CONTEXT(2) 
PARAMETRIC_REPRESENTATION_CONTEXT() REPRESENTATION_CONTEXT('2D SPACE',''
  ) );
#4788 = PCURVE('',#1826,#4789);
#4789 = DEFINITIONAL_REPRESENTATION('',(#4790),#4816);
#4790 = B_SPLINE_CURVE_WITH_KNOTS('',3,(#4791,#4792,#4793,#4794,#4795,
    #4796,#4797,#4798,#4799,#4800,#4801,#4802,#4803,#4804,#4805,#4806,
    #4807,#4808,#4809,#4810,#4811,#4812,#4813,#4814,#4815),
  .UNSPECIFIED.,.F.,.F.,(4,1,1,1,1,1,1,1,1,1,1,1,1,1,1,1,1,1,1,1,1,1,4),
  (-4.530104443518E-02,-4.324190605176E-02,-4.118276766834E-02,
    -3.912362928493E-02,-3.706449090151E-02,-3.500535251809E-02,
    -3.294621413467E-02,-3.088707575126E-02,-2.882793736784E-02,
    -2.676879898442E-02,-2.470966060101E-02,-2.265052221759E-02,
    -2.059138383417E-02,-1.853224545075E-02,-1.647310706734E-02,
    -1.441396868392E-02,-1.23548303005E-02,-1.029569191709E-02,
    -8.236553533669E-03,-6.177415150252E-03,-4.118276766834E-03,
    -2.059138383417E-03,0.),.UNSPECIFIED.);
#4791 = CARTESIAN_POINT('',(5.284900475701,7.065593889914));
#4792 = CARTESIAN_POINT('',(5.283227864314,7.063889439953));
#4793 = CARTESIAN_POINT('',(5.279886275433,7.060434346245));
#4794 = CARTESIAN_POINT('',(5.274884230748,7.055118507575));
#4795 = CARTESIAN_POINT('',(5.269891961379,7.04967485404));
#4796 = CARTESIAN_POINT('',(5.264908904998,7.04410876892));
#4797 = CARTESIAN_POINT('',(5.259934499886,7.038425635353));
#4798 = CARTESIAN_POINT('',(5.254968185972,7.032630837));
#4799 = CARTESIAN_POINT('',(5.25000940184,7.026729755582));
#4800 = CARTESIAN_POINT('',(5.245057596421,7.020727780056));
#4801 = CARTESIAN_POINT('',(5.24011218598,7.01463027237));
#4802 = CARTESIAN_POINT('',(5.235172715201,7.008442695278));
#4803 = CARTESIAN_POINT('',(5.230238256613,7.00217013531));
#4804 = CARTESIAN_POINT('',(5.225309659427,6.995819088461));
#4805 = CARTESIAN_POINT('',(5.220387914898,6.989397627192));
#4806 = CARTESIAN_POINT('',(5.215472603337,6.982912698874));
#4807 = CARTESIAN_POINT('',(5.210563684144,6.976371552343));
#4808 = CARTESIAN_POINT('',(5.205661016196,6.969781355661));
#4809 = CARTESIAN_POINT('',(5.200764486378,6.963149298531));
#4810 = CARTESIAN_POINT('',(5.195873975166,6.956482564857));
#4811 = CARTESIAN_POINT('',(5.190989365867,6.949788340097));
#4812 = CARTESIAN_POINT('',(5.186110542191,6.943073809295));
#4813 = CARTESIAN_POINT('',(5.181237388812,6.936346157603));
#4814 = CARTESIAN_POINT('',(5.177992324039,6.931857099298));
#4815 = CARTESIAN_POINT('',(5.176370698617,6.929612778374));
#4816 = ( GEOMETRIC_REPRESENTATION_CONTEXT(2) 
PARAMETRIC_REPRESENTATION_CONTEXT() REPRESENTATION_CONTEXT('2D SPACE',''
  ) );
#4817 = ORIENTED_EDGE('',*,*,#4818,.T.);
#4818 = EDGE_CURVE('',#4749,#4819,#4821,.T.);
#4819 = VERTEX_POINT('',#4820);
#4820 = CARTESIAN_POINT('',(-1.630840141496,6.521022753319,
    -3.735916746979));
#4821 = SURFACE_CURVE('',#4822,(#4827,#4833),.PCURVE_S1.);
#4822 = ELLIPSE('',#4823,1.326265459415,1.095595352096);
#4823 = AXIS2_PLACEMENT_3D('',#4824,#4825,#4826);
#4824 = CARTESIAN_POINT('',(-2.358665426531,6.145557242299,
    -3.008091461944));
#4825 = DIRECTION('',(-0.707106781187,-2.622901895677E-14,
    -0.707106781187));
#4826 = DIRECTION('',(-0.253281621732,0.933647064038,0.253281621732));
#4827 = PCURVE('',#903,#4828);
#4828 = DEFINITIONAL_REPRESENTATION('',(#4829),#4832);
#4829 = B_SPLINE_CURVE_WITH_KNOTS('',1,(#4830,#4831),.UNSPECIFIED.,.F.,
  .F.,(2,2),(1.229703192985,1.584472194144),.PIECEWISE_BEZIER_KNOTS.);
#4830 = CARTESIAN_POINT('',(2.729360287518E-02,13.570268815283));
#4831 = CARTESIAN_POINT('',(3.215841046939E-02,13.875933755083));
#4832 = ( GEOMETRIC_REPRESENTATION_CONTEXT(2) 
PARAMETRIC_REPRESENTATION_CONTEXT() REPRESENTATION_CONTEXT('2D SPACE',''
  ) );
#4833 = PCURVE('',#4834,#4839);
#4834 = PLANE('',#4835);
#4835 = AXIS2_PLACEMENT_3D('',#4836,#4837,#4838);
#4836 = CARTESIAN_POINT('',(-2.683378444238,6.124999910593,
    -2.683378444238));
#4837 = DIRECTION('',(-0.707106781187,-7.850462293419E-17,
    -0.707106781187));
#4838 = DIRECTION('',(-0.707106781187,0.,0.707106781187));
#4839 = DEFINITIONAL_REPRESENTATION('',(#4840),#4844);
#4840 = ELLIPSE('',#4841,1.326265459415,1.095595352096);
#4841 = AXIS2_PLACEMENT_2D('',#4842,#4843);
#4842 = CARTESIAN_POINT('',(-0.45921355352,2.055733170642E-02));
#4843 = DIRECTION('',(0.358194304553,0.933647064038));
#4844 = ( GEOMETRIC_REPRESENTATION_CONTEXT(2) 
PARAMETRIC_REPRESENTATION_CONTEXT() REPRESENTATION_CONTEXT('2D SPACE',''
  ) );
#4845 = ORIENTED_EDGE('',*,*,#4846,.T.);
#4846 = EDGE_CURVE('',#4819,#4847,#4849,.T.);
#4847 = VERTEX_POINT('',#4848);
#4848 = CARTESIAN_POINT('',(-2.087355782304,4.898845150503,
    -3.412062323908));
#4849 = SURFACE_CURVE('',#4850,(#4856,#4863),.PCURVE_S1.);
#4850 = B_SPLINE_CURVE_WITH_KNOTS('',3,(#4851,#4852,#4853,#4854,#4855),
  .UNSPECIFIED.,.F.,.F.,(4,1,4),(13.875933755336,14.291241523732,
    15.05473027701),.UNSPECIFIED.);
#4851 = CARTESIAN_POINT('',(-1.630840141496,6.521022753319,
    -3.735916746979));
#4852 = CARTESIAN_POINT('',(-1.598862989052,6.314782958175,
    -3.783473414429));
#4853 = CARTESIAN_POINT('',(-1.590965306595,5.699383206713,
    -3.835591502797));
#4854 = CARTESIAN_POINT('',(-1.854164320984,5.140675635008,
    -3.616612894321));
#4855 = CARTESIAN_POINT('',(-2.087355782304,4.898845150503,
    -3.412062323908));
#4856 = PCURVE('',#903,#4857);
#4857 = DEFINITIONAL_REPRESENTATION('',(#4858),#4862);
#4858 = LINE('',#4859,#4860);
#4859 = CARTESIAN_POINT('',(3.215840999386E-02,-9.947598300641E-14));
#4860 = VECTOR('',#4861,1.);
#4861 = DIRECTION('',(-1.471605526554E-16,1.));
#4862 = ( GEOMETRIC_REPRESENTATION_CONTEXT(2) 
PARAMETRIC_REPRESENTATION_CONTEXT() REPRESENTATION_CONTEXT('2D SPACE',''
  ) );
#4863 = PCURVE('',#4864,#4869);
#4864 = CYLINDRICAL_SURFACE('',#4865,1.543);
#4865 = AXIS2_PLACEMENT_3D('',#4866,#4867,#4868);
#4866 = CARTESIAN_POINT('',(-1.902582846623,6.124999910593,
    -1.902582846623));
#4867 = DIRECTION('',(-0.707106781187,0.,-0.707106781187));
#4868 = DIRECTION('',(1.708865640625E-15,1.,-1.708865640625E-15));
#4869 = DEFINITIONAL_REPRESENTATION('',(#4870),#4873);
#4870 = B_SPLINE_CURVE_WITH_KNOTS('',1,(#4871,#4872),.UNSPECIFIED.,.F.,
  .F.,(2,2),(13.875933755336,15.05473027701),.PIECEWISE_BEZIER_KNOTS.);
#4871 = CARTESIAN_POINT('',(1.310767422946,1.104211723589));
#4872 = CARTESIAN_POINT('',(2.489229315945,1.198017370251));
#4873 = ( GEOMETRIC_REPRESENTATION_CONTEXT(2) 
PARAMETRIC_REPRESENTATION_CONTEXT() REPRESENTATION_CONTEXT('2D SPACE',''
  ) );
#4874 = ORIENTED_EDGE('',*,*,#4875,.T.);
#4875 = EDGE_CURVE('',#4847,#1627,#4876,.T.);
#4876 = SURFACE_CURVE('',#4877,(#4904,#4977),.PCURVE_S1.);
#4877 = B_SPLINE_CURVE_WITH_KNOTS('',3,(#4878,#4879,#4880,#4881,#4882,
    #4883,#4884,#4885,#4886,#4887,#4888,#4889,#4890,#4891,#4892,#4893,
    #4894,#4895,#4896,#4897,#4898,#4899,#4900,#4901,#4902,#4903),
  .UNSPECIFIED.,.F.,.F.,(4,2,2,2,2,2,2,2,2,2,2,2,4),(-0.143786940276,
    -0.103320781471,-8.586969745317E-02,-7.767039193878E-02,
    -7.549059553221E-02,-7.450159968806E-02,-7.376048888838E-02,
    -7.29719664582E-02,-7.174790058566E-02,-6.803518814335E-02,
    -5.959892866589E-02,-3.519324798367E-02,0.),.UNSPECIFIED.);
#4878 = CARTESIAN_POINT('',(-2.087682237511,4.898973717463,
    -3.411976388427));
#4879 = CARTESIAN_POINT('',(-2.225578744573,4.841251839888,
    -3.327601804422));
#4880 = CARTESIAN_POINT('',(-2.339158238696,4.799423397794,
    -3.247392217084));
#4881 = CARTESIAN_POINT('',(-2.487862388588,4.755222621205,
    -3.132689388073));
#4882 = CARTESIAN_POINT('',(-2.532178241068,4.743392875969,-3.0969894483
    ));
#4883 = CARTESIAN_POINT('',(-2.596483871872,4.728046869353,
    -3.042859417286));
#4884 = CARTESIAN_POINT('',(-2.616905841681,4.723450245575,
    -3.025315080037));
#4885 = CARTESIAN_POINT('',(-2.642577551125,4.718009164475,
    -3.00280457323));
#4886 = CARTESIAN_POINT('',(-2.647958845274,4.71688756555,-2.99806028405
    ));
#4887 = CARTESIAN_POINT('',(-2.655766609496,4.715287505934,
    -2.991139301337));
#4888 = CARTESIAN_POINT('',(-2.658201304733,4.714792429439,
    -2.988975817256));
#4889 = CARTESIAN_POINT('',(-2.662456676964,4.713933871017,
    -2.985185153831));
#4890 = CARTESIAN_POINT('',(-2.664278297101,4.713568508298,
    -2.98355947125));
#4891 = CARTESIAN_POINT('',(-2.668035548239,4.712819368588,
    -2.980200171727));
#4892 = CARTESIAN_POINT('',(-2.669971015054,4.712435909396,
    -2.978466305528));
#4893 = CARTESIAN_POINT('',(-2.674907452009,4.71146410569,
    -2.974035373015));
#4894 = CARTESIAN_POINT('',(-2.677906445337,4.710879585506,
    -2.971335282667));
#4895 = CARTESIAN_POINT('',(-2.689987979457,4.708548373681,
    -2.960424724875));
#4896 = CARTESIAN_POINT('',(-2.699042425795,4.70685502594,
    -2.952172126962));
#4897 = CARTESIAN_POINT('',(-2.728565583934,4.701506538426,
    -2.925013811014));
#4898 = CARTESIAN_POINT('',(-2.748897325949,4.69809692706,
    -2.905915263088));
#4899 = CARTESIAN_POINT('',(-2.827358873476,4.685963106117,
    -2.830648327717));
#4900 = CARTESIAN_POINT('',(-2.884113486933,4.679405592178,
    -2.772811129535));
#4901 = CARTESIAN_POINT('',(-3.018599037656,4.668690733749,
    -2.627121535335));
#4902 = CARTESIAN_POINT('',(-3.094137698333,4.666914990908,
    -2.537729437706));
#4903 = CARTESIAN_POINT('',(-3.165832898202,4.668657056464,
    -2.444893057101));
#4904 = PCURVE('',#903,#4905);
#4905 = DEFINITIONAL_REPRESENTATION('',(#4906),#4976);
#4906 = B_SPLINE_CURVE_WITH_KNOTS('',3,(#4907,#4908,#4909,#4910,#4911,
    #4912,#4913,#4914,#4915,#4916,#4917,#4918,#4919,#4920,#4921,#4922,
    #4923,#4924,#4925,#4926,#4927,#4928,#4929,#4930,#4931,#4932,#4933,
    #4934,#4935,#4936,#4937,#4938,#4939,#4940,#4941,#4942,#4943,#4944,
    #4945,#4946,#4947,#4948,#4949,#4950,#4951,#4952,#4953,#4954,#4955,
    #4956,#4957,#4958,#4959,#4960,#4961,#4962,#4963,#4964,#4965,#4966,
    #4967,#4968,#4969,#4970,#4971,#4972,#4973,#4974,#4975),
  .UNSPECIFIED.,.F.,.F.,(4,1,1,1,1,1,1,1,1,1,1,1,1,1,1,1,1,1,1,1,1,1,1,1
    ,1,1,1,1,1,1,1,1,1,1,1,1,1,1,1,1,1,1,1,1,1,1,1,1,1,1,1,1,1,1,1,1,1,1
    ,1,1,1,1,1,1,1,1,4),(-0.143786940276,-0.141608350272,-0.139429760268
    ,-0.137251170263,-0.135072580259,-0.132893990255,-0.130715400251,
    -0.128536810247,-0.126358220242,-0.124179630238,-0.122001040234,
    -0.11982245023,-0.117643860226,-0.115465270222,-0.113286680217,
    -0.111108090213,-0.108929500209,-0.106750910205,-0.104572320201,
    -0.102393730196,-0.100215140192,-9.803655018814E-02,
    -9.585796018395E-02,-9.367937017977E-02,-9.150078017559E-02,
    -8.932219017141E-02,-8.714360016723E-02,-8.496501016305E-02,
    -8.278642015887E-02,-8.060783015469E-02,-7.842924015051E-02,
    -7.625065014633E-02,-7.407206014215E-02,-7.189347013797E-02,
    -6.971488013379E-02,-6.75362901296E-02,-6.535770012542E-02,
    -6.317911012124E-02,-6.100052011706E-02,-5.882193011288E-02,
    -5.66433401087E-02,-5.446475010452E-02,-5.228616010034E-02,
    -5.010757009616E-02,-4.792898009198E-02,-4.57503900878E-02,
    -4.357180008362E-02,-4.139321007943E-02,-3.921462007525E-02,
    -3.703603007107E-02,-3.485744006689E-02,-3.267885006271E-02,
    -3.050026005853E-02,-2.832167005435E-02,-2.614308005017E-02,
    -2.396449004599E-02,-2.178590004181E-02,-1.960731003763E-02,
    -1.742872003345E-02,-1.525013002927E-02,-1.307154002508E-02,
    -1.08929500209E-02,-8.714360016723E-03,-6.535770012542E-03,
    -4.357180008362E-03,-2.178590004181E-03,0.),.UNSPECIFIED.);
#4907 = CARTESIAN_POINT('',(3.212598040571E-02,15.054829867861));
#4908 = CARTESIAN_POINT('',(3.180729581173E-02,15.060410242998));
#4909 = CARTESIAN_POINT('',(3.118626133006E-02,15.071535897084));
#4910 = CARTESIAN_POINT('',(3.030195960612E-02,15.088117116092));
#4911 = CARTESIAN_POINT('',(2.946313361032E-02,15.104588875065));
#4912 = CARTESIAN_POINT('',(2.866807959744E-02,15.120949761365));
#4913 = CARTESIAN_POINT('',(2.79151420676E-02,15.137198865862));
#4914 = CARTESIAN_POINT('',(2.720272164146E-02,15.153335843954));
#4915 = CARTESIAN_POINT('',(2.652927474828E-02,15.169360881653));
#4916 = CARTESIAN_POINT('',(2.589331539017E-02,15.185274684247));
#4917 = CARTESIAN_POINT('',(2.529341627658E-02,15.201078456131));
#4918 = CARTESIAN_POINT('',(2.472820989653E-02,15.216773880733));
#4919 = CARTESIAN_POINT('',(2.419638997125E-02,15.232363097166));
#4920 = CARTESIAN_POINT('',(2.369671095654E-02,15.247848678972));
#4921 = CARTESIAN_POINT('',(2.322799448289E-02,15.263233597719));
#4922 = CARTESIAN_POINT('',(2.278910951927E-02,15.278521235848));
#4923 = CARTESIAN_POINT('',(2.237905023616E-02,15.293715209141));
#4924 = CARTESIAN_POINT('',(2.199653700614E-02,15.308819877798));
#4925 = CARTESIAN_POINT('',(2.164018822391E-02,15.323838323866));
#4926 = CARTESIAN_POINT('',(2.130874123358E-02,15.338780588558));
#4927 = CARTESIAN_POINT('',(2.100104915213E-02,15.353632937775));
#4928 = CARTESIAN_POINT('',(2.071553381534E-02,15.368535781274));
#4929 = CARTESIAN_POINT('',(2.045242244692E-02,15.383479693921));
#4930 = CARTESIAN_POINT('',(2.021173256274E-02,15.398463600237));
#4931 = CARTESIAN_POINT('',(1.999353605645E-02,15.413484140083));
#4932 = CARTESIAN_POINT('',(1.979788871265E-02,15.428538503459));
#4933 = CARTESIAN_POINT('',(1.96248489899E-02,15.443623739281));
#4934 = CARTESIAN_POINT('',(1.947447425866E-02,15.458736698966));
#4935 = CARTESIAN_POINT('',(1.934681790497E-02,15.473874966617));
#4936 = CARTESIAN_POINT('',(1.924195742951E-02,15.489031410673));
#4937 = CARTESIAN_POINT('',(1.915992383573E-02,15.504202968635));
#4938 = CARTESIAN_POINT('',(1.910075079541E-02,15.519386422631));
#4939 = CARTESIAN_POINT('',(1.906447109098E-02,15.534578519795));
#4940 = CARTESIAN_POINT('',(1.905111297948E-02,15.549774736486));
#4941 = CARTESIAN_POINT('',(1.906069702137E-02,15.564971553462));
#4942 = CARTESIAN_POINT('',(1.909323911175E-02,15.580164997545));
#4943 = CARTESIAN_POINT('',(1.914875155923E-02,15.595351759692));
#4944 = CARTESIAN_POINT('',(1.922724009934E-02,15.610527503507));
#4945 = CARTESIAN_POINT('',(1.932870561641E-02,15.625688781509));
#4946 = CARTESIAN_POINT('',(1.945314816832E-02,15.640832241309));
#4947 = CARTESIAN_POINT('',(1.960057541141E-02,15.655955278292));
#4948 = CARTESIAN_POINT('',(1.977095234286E-02,15.671051008797));
#4949 = CARTESIAN_POINT('',(1.996425610324E-02,15.686116329343));
#4950 = CARTESIAN_POINT('',(2.018046849085E-02,15.701148247598));
#4951 = CARTESIAN_POINT('',(2.041957102794E-02,15.716143765915));
#4952 = CARTESIAN_POINT('',(2.068154620882E-02,15.731099915373));
#4953 = CARTESIAN_POINT('',(2.096637690668E-02,15.746013744346));
#4954 = CARTESIAN_POINT('',(2.127404688056E-02,15.760882338563));
#4955 = CARTESIAN_POINT('',(2.160453864377E-02,15.7757027608));
#4956 = CARTESIAN_POINT('',(2.195784071183E-02,15.790472280741));
#4957 = CARTESIAN_POINT('',(2.233391990044E-02,15.805187524726));
#4958 = CARTESIAN_POINT('',(2.273282397891E-02,15.819847655988));
#4959 = CARTESIAN_POINT('',(2.315427790533E-02,15.834441889912));
#4960 = CARTESIAN_POINT('',(2.359815256005E-02,15.848965263271));
#4961 = CARTESIAN_POINT('',(2.406444018887E-02,15.863416442314));
#4962 = CARTESIAN_POINT('',(2.455310447849E-02,15.877793160312));
#4963 = CARTESIAN_POINT('',(2.506412037402E-02,15.892093440131));
#4964 = CARTESIAN_POINT('',(2.559746304977E-02,15.906315266854));
#4965 = CARTESIAN_POINT('',(2.615311049995E-02,15.920456675858));
#4966 = CARTESIAN_POINT('',(2.673104247702E-02,15.934515729706));
#4967 = CARTESIAN_POINT('',(2.73312404069E-02,15.948490524979));
#4968 = CARTESIAN_POINT('',(2.795368704196E-02,15.962379191208));
#4969 = CARTESIAN_POINT('',(2.859836618539E-02,15.976179892032));
#4970 = CARTESIAN_POINT('',(2.926526239681E-02,15.989890825979));
#4971 = CARTESIAN_POINT('',(2.995436071226E-02,16.003510227044));
#4972 = CARTESIAN_POINT('',(3.066564634185E-02,16.017036367004));
#4973 = CARTESIAN_POINT('',(3.139910446385E-02,16.030467551429));
#4974 = CARTESIAN_POINT('',(3.190284794323E-02,16.039357276885));
#4975 = CARTESIAN_POINT('',(3.215840999386E-02,16.04378576423));
#4976 = ( GEOMETRIC_REPRESENTATION_CONTEXT(2) 
PARAMETRIC_REPRESENTATION_CONTEXT() REPRESENTATION_CONTEXT('2D SPACE',''
  ) );
#4977 = PCURVE('',#1826,#4978);
#4978 = DEFINITIONAL_REPRESENTATION('',(#4979),#5049);
#4979 = B_SPLINE_CURVE_WITH_KNOTS('',3,(#4980,#4981,#4982,#4983,#4984,
    #4985,#4986,#4987,#4988,#4989,#4990,#4991,#4992,#4993,#4994,#4995,
    #4996,#4997,#4998,#4999,#5000,#5001,#5002,#5003,#5004,#5005,#5006,
    #5007,#5008,#5009,#5010,#5011,#5012,#5013,#5014,#5015,#5016,#5017,
    #5018,#5019,#5020,#5021,#5022,#5023,#5024,#5025,#5026,#5027,#5028,
    #5029,#5030,#5031,#5032,#5033,#5034,#5035,#5036,#5037,#5038,#5039,
    #5040,#5041,#5042,#5043,#5044,#5045,#5046,#5047,#5048),
  .UNSPECIFIED.,.F.,.F.,(4,1,1,1,1,1,1,1,1,1,1,1,1,1,1,1,1,1,1,1,1,1,1,1
    ,1,1,1,1,1,1,1,1,1,1,1,1,1,1,1,1,1,1,1,1,1,1,1,1,1,1,1,1,1,1,1,1,1,1
    ,1,1,1,1,1,1,1,1,4),(-0.143786940276,-0.141608350272,-0.139429760268
    ,-0.137251170263,-0.135072580259,-0.132893990255,-0.130715400251,
    -0.128536810247,-0.126358220242,-0.124179630238,-0.122001040234,
    -0.11982245023,-0.117643860226,-0.115465270222,-0.113286680217,
    -0.111108090213,-0.108929500209,-0.106750910205,-0.104572320201,
    -0.102393730196,-0.100215140192,-9.803655018814E-02,
    -9.585796018395E-02,-9.367937017977E-02,-9.150078017559E-02,
    -8.932219017141E-02,-8.714360016723E-02,-8.496501016305E-02,
    -8.278642015887E-02,-8.060783015469E-02,-7.842924015051E-02,
    -7.625065014633E-02,-7.407206014215E-02,-7.189347013797E-02,
    -6.971488013379E-02,-6.75362901296E-02,-6.535770012542E-02,
    -6.317911012124E-02,-6.100052011706E-02,-5.882193011288E-02,
    -5.66433401087E-02,-5.446475010452E-02,-5.228616010034E-02,
    -5.010757009616E-02,-4.792898009198E-02,-4.57503900878E-02,
    -4.357180008362E-02,-4.139321007943E-02,-3.921462007525E-02,
    -3.703603007107E-02,-3.485744006689E-02,-3.267885006271E-02,
    -3.050026005853E-02,-2.832167005435E-02,-2.614308005017E-02,
    -2.396449004599E-02,-2.178590004181E-02,-1.960731003763E-02,
    -1.742872003345E-02,-1.525013002927E-02,-1.307154002508E-02,
    -1.08929500209E-02,-8.714360016723E-03,-6.535770012542E-03,
    -4.357180008362E-03,-2.178590004181E-03,0.),.UNSPECIFIED.);
#4980 = CARTESIAN_POINT('',(5.261489934789,4.898973717463));
#4981 = CARTESIAN_POINT('',(5.263665793825,4.895866125608));
#4982 = CARTESIAN_POINT('',(5.267984301538,4.889743074816));
#4983 = CARTESIAN_POINT('',(5.274366075946,4.880830265084));
#4984 = CARTESIAN_POINT('',(5.280655508047,4.872184589507));
#4985 = CARTESIAN_POINT('',(5.286856239397,4.863801415784));
#4986 = CARTESIAN_POINT('',(5.292971906734,4.855676111614));
#4987 = CARTESIAN_POINT('',(5.299006139971,4.847804044696));
#4988 = CARTESIAN_POINT('',(5.304962560539,4.840180582731));
#4989 = CARTESIAN_POINT('',(5.310844779842,4.832801093415));
#4990 = CARTESIAN_POINT('',(5.316656397846,4.825660944462));
#4991 = CARTESIAN_POINT('',(5.32240100187,4.818755503512));
#4992 = CARTESIAN_POINT('',(5.328082165144,4.812080138485));
#4993 = CARTESIAN_POINT('',(5.333703446774,4.805630216259));
#4994 = CARTESIAN_POINT('',(5.339268386864,4.799401107602));
#4995 = CARTESIAN_POINT('',(5.344780520096,4.793388168757));
#4996 = CARTESIAN_POINT('',(5.350243320717,4.787586810178));
#4997 = CARTESIAN_POINT('',(5.355660403782,4.781992240007));
#4998 = CARTESIAN_POINT('',(5.361034770233,4.776600421416));
#4999 = CARTESIAN_POINT('',(5.36637162056,4.771404499769));
#5000 = CARTESIAN_POINT('',(5.371667850441,4.766408136638));
#5001 = CARTESIAN_POINT('',(5.376973089505,4.761548215269));
#5002 = CARTESIAN_POINT('',(5.382284952192,4.756826426655));
#5003 = CARTESIAN_POINT('',(5.387604020661,4.752240849024));
#5004 = CARTESIAN_POINT('',(5.392930084628,4.747790527694));
#5005 = CARTESIAN_POINT('',(5.398263142746,4.743474252389));
#5006 = CARTESIAN_POINT('',(5.403603157424,4.739290868122));
#5007 = CARTESIAN_POINT('',(5.408950034336,4.735239254345));
#5008 = CARTESIAN_POINT('',(5.414303949747,4.731318097456));
#5009 = CARTESIAN_POINT('',(5.419663427293,4.727527291434));
#5010 = CARTESIAN_POINT('',(5.425028439205,4.723865611443));
#5011 = CARTESIAN_POINT('',(5.430398910033,4.720331876401));
#5012 = CARTESIAN_POINT('',(5.435774759,4.716924907409));
#5013 = CARTESIAN_POINT('',(5.441155462481,4.713643811542));
#5014 = CARTESIAN_POINT('',(5.446540856206,4.710487447705));
#5015 = CARTESIAN_POINT('',(5.451930618188,4.707454762992));
#5016 = CARTESIAN_POINT('',(5.457324664086,4.70454457018));
#5017 = CARTESIAN_POINT('',(5.462722544769,4.701755861782));
#5018 = CARTESIAN_POINT('',(5.468124126486,4.699087472797));
#5019 = CARTESIAN_POINT('',(5.473529307147,4.696538212056));
#5020 = CARTESIAN_POINT('',(5.478938251092,4.694106790781));
#5021 = CARTESIAN_POINT('',(5.484349584764,4.691792507487));
#5022 = CARTESIAN_POINT('',(5.489763278913,4.689594135261));
#5023 = CARTESIAN_POINT('',(5.49517933852,4.687510435484));
#5024 = CARTESIAN_POINT('',(5.500597759752,4.685540172697));
#5025 = CARTESIAN_POINT('',(5.506018541929,4.683682110508));
#5026 = CARTESIAN_POINT('',(5.51144168282,4.681935013099));
#5027 = CARTESIAN_POINT('',(5.516867185603,4.680297643288));
#5028 = CARTESIAN_POINT('',(5.522295035839,4.678768768774));
#5029 = CARTESIAN_POINT('',(5.527725286742,4.677347139098));
#5030 = CARTESIAN_POINT('',(5.53315774122,4.676031571553));
#5031 = CARTESIAN_POINT('',(5.538593138569,4.674820630579));
#5032 = CARTESIAN_POINT('',(5.544028493349,4.673713888211));
#5033 = CARTESIAN_POINT('',(5.549462933665,4.672710154774));
#5034 = CARTESIAN_POINT('',(5.554896932963,4.67180788374));
#5035 = CARTESIAN_POINT('',(5.560330604635,4.671005624199));
#5036 = CARTESIAN_POINT('',(5.565764158933,4.670301899621));
#5037 = CARTESIAN_POINT('',(5.571197780489,4.669695240343));
#5038 = CARTESIAN_POINT('',(5.576631661091,4.669184174858));
#5039 = CARTESIAN_POINT('',(5.582065990851,4.668767232157));
#5040 = CARTESIAN_POINT('',(5.587500960523,4.668442941095));
#5041 = CARTESIAN_POINT('',(5.592936760838,4.668209830563));
#5042 = CARTESIAN_POINT('',(5.598373582632,4.668066429445));
#5043 = CARTESIAN_POINT('',(5.603811616769,4.668011266625));
#5044 = CARTESIAN_POINT('',(5.609251054109,4.668042870987));
#5045 = CARTESIAN_POINT('',(5.614692085469,4.668159771416));
#5046 = CARTESIAN_POINT('',(5.620134901601,4.668360496796));
#5047 = CARTESIAN_POINT('',(5.623764762592,4.668549216272));
#5048 = CARTESIAN_POINT('',(5.625580054085,4.668657056464));
#5049 = ( GEOMETRIC_REPRESENTATION_CONTEXT(2) 
PARAMETRIC_REPRESENTATION_CONTEXT() REPRESENTATION_CONTEXT('2D SPACE',''
  ) );
#5050 = ORIENTED_EDGE('',*,*,#1626,.T.);
#5051 = ORIENTED_EDGE('',*,*,#1596,.T.);
#5052 = ORIENTED_EDGE('',*,*,#4708,.T.);
#5053 = ORIENTED_EDGE('',*,*,#4685,.T.);
#5054 = ORIENTED_EDGE('',*,*,#1538,.T.);
#5055 = ORIENTED_EDGE('',*,*,#1515,.T.);
#5056 = ORIENTED_EDGE('',*,*,#883,.T.);
#5057 = ORIENTED_EDGE('',*,*,#5058,.T.);
#5058 = EDGE_CURVE('',#812,#1937,#5059,.T.);
#5059 = SURFACE_CURVE('',#5060,(#5069,#5098),.PCURVE_S1.);
#5060 = B_SPLINE_CURVE_WITH_KNOTS('',3,(#5061,#5062,#5063,#5064,#5065,
    #5066,#5067,#5068),.UNSPECIFIED.,.F.,.F.,(4,2,2,4),(0.,
    4.038702815308E-02,7.91581581269E-02,8.08441794936E-02),
  .UNSPECIFIED.);
#5061 = CARTESIAN_POINT('',(-3.025767011731,6.365673969187,
    -5.181190402863));
#5062 = CARTESIAN_POINT('',(-3.076629690767,6.48672836655,
    -5.151487071314));
#5063 = CARTESIAN_POINT('',(-3.150346546443,6.59600025248,
    -5.107317845842));
#5064 = CARTESIAN_POINT('',(-3.310270540593,6.780047010309,
    -5.005072666235));
#5065 = CARTESIAN_POINT('',(-3.39863207392,6.859264782679,
    -4.945891698147));
#5066 = CARTESIAN_POINT('',(-3.493703826233,6.927735422168,
    -4.87791526141));
#5067 = CARTESIAN_POINT('',(-3.497673905998,6.930565063628,
    -4.875069357597));
#5068 = CARTESIAN_POINT('',(-3.501651558545,6.933370612252,
    -4.872210623787));
#5069 = PCURVE('',#903,#5070);
#5070 = DEFINITIONAL_REPRESENTATION('',(#5071),#5097);
#5071 = B_SPLINE_CURVE_WITH_KNOTS('',3,(#5072,#5073,#5074,#5075,#5076,
    #5077,#5078,#5079,#5080,#5081,#5082,#5083,#5084,#5085,#5086,#5087,
    #5088,#5089,#5090,#5091,#5092,#5093,#5094,#5095,#5096),
  .UNSPECIFIED.,.F.,.F.,(4,1,1,1,1,1,1,1,1,1,1,1,1,1,1,1,1,1,1,1,1,1,4),
  (0.,3.674735431527E-03,7.349470863054E-03,1.102420629458E-02,
    1.469894172611E-02,1.837367715764E-02,2.204841258916E-02,
    2.572314802069E-02,2.939788345222E-02,3.307261888375E-02,
    3.674735431527E-02,4.04220897468E-02,4.409682517833E-02,
    4.777156060985E-02,5.144629604138E-02,5.512103147291E-02,
    5.879576690444E-02,6.247050233596E-02,6.614523776749E-02,
    6.981997319902E-02,7.349470863054E-02,7.716944406207E-02,
    8.08441794936E-02),.QUASI_UNIFORM_KNOTS.);
#5072 = CARTESIAN_POINT('',(3.215840999386E-02,39.113290672217));
#5073 = CARTESIAN_POINT('',(3.17655835569E-02,39.105715885558));
#5074 = CARTESIAN_POINT('',(3.095970232074E-02,39.090543118099));
#5075 = CARTESIAN_POINT('',(2.969564795689E-02,39.067700404746));
#5076 = CARTESIAN_POINT('',(2.838179959983E-02,39.044759220639));
#5077 = CARTESIAN_POINT('',(2.702364497818E-02,39.021707908169));
#5078 = CARTESIAN_POINT('',(2.562667573249E-02,38.998537051157));
#5079 = CARTESIAN_POINT('',(2.419636741867E-02,38.975239792648));
#5080 = CARTESIAN_POINT('',(2.273817063073E-02,38.951812083972));
#5081 = CARTESIAN_POINT('',(2.125743531462E-02,38.928251925677));
#5082 = CARTESIAN_POINT('',(1.975959349093E-02,38.904562745201));
#5083 = CARTESIAN_POINT('',(1.824937687354E-02,38.880741260557));
#5084 = CARTESIAN_POINT('',(1.673363776279E-02,38.856823275583));
#5085 = CARTESIAN_POINT('',(1.521072013189E-02,38.832713216835));
#5086 = CARTESIAN_POINT('',(1.367766124987E-02,38.808305368492));
#5087 = CARTESIAN_POINT('',(1.213930918877E-02,38.783621248215));
#5088 = CARTESIAN_POINT('',(1.0598378687E-02,38.758649927961));
#5089 = CARTESIAN_POINT('',(9.058105694332E-03,38.733390909211));
#5090 = CARTESIAN_POINT('',(7.521527710567E-03,38.707842756266));
#5091 = CARTESIAN_POINT('',(5.991660889507E-03,38.682006159151));
#5092 = CARTESIAN_POINT('',(4.471462505644E-03,38.655883530719));
#5093 = CARTESIAN_POINT('',(2.963753005322E-03,38.629478040924));
#5094 = CARTESIAN_POINT('',(1.471511734685E-03,38.6027983633));
#5095 = CARTESIAN_POINT('',(4.883141340893E-04,38.584826867902));
#5096 = CARTESIAN_POINT('',(1.073420997572E-04,38.574743769434));
#5097 = ( GEOMETRIC_REPRESENTATION_CONTEXT(2) 
PARAMETRIC_REPRESENTATION_CONTEXT() REPRESENTATION_CONTEXT('2D SPACE',''
  ) );
#5098 = PCURVE('',#220,#5099);
#5099 = DEFINITIONAL_REPRESENTATION('',(#5100),#5126);
#5100 = B_SPLINE_CURVE_WITH_KNOTS('',3,(#5101,#5102,#5103,#5104,#5105,
    #5106,#5107,#5108,#5109,#5110,#5111,#5112,#5113,#5114,#5115,#5116,
    #5117,#5118,#5119,#5120,#5121,#5122,#5123,#5124,#5125),
  .UNSPECIFIED.,.F.,.F.,(4,1,1,1,1,1,1,1,1,1,1,1,1,1,1,1,1,1,1,1,1,1,4),
  (0.,3.674735431527E-03,7.349470863054E-03,1.102420629458E-02,
    1.469894172611E-02,1.837367715764E-02,2.204841258916E-02,
    2.572314802069E-02,2.939788345222E-02,3.307261888375E-02,
    3.674735431527E-02,4.04220897468E-02,4.409682517833E-02,
    4.777156060985E-02,5.144629604138E-02,5.512103147291E-02,
    5.879576690444E-02,6.247050233596E-02,6.614523776749E-02,
    6.981997319902E-02,7.349470863054E-02,7.716944406207E-02,
    8.08441794936E-02),.QUASI_UNIFORM_KNOTS.);
#5101 = CARTESIAN_POINT('',(-1.042231548009,2.865673969187));
#5102 = CARTESIAN_POINT('',(-1.041338336795,2.876688468235));
#5103 = CARTESIAN_POINT('',(-1.039477323574,2.898522375753));
#5104 = CARTESIAN_POINT('',(-1.03647419281,2.930671751493));
#5105 = CARTESIAN_POINT('',(-1.033271615824,2.962203426783));
#5106 = CARTESIAN_POINT('',(-1.02988174593,2.993101190579));
#5107 = CARTESIAN_POINT('',(-1.02631673102,3.02334881747));
#5108 = CARTESIAN_POINT('',(-1.022588700141,3.052930135646));
#5109 = CARTESIAN_POINT('',(-1.01870980517,3.081828773259));
#5110 = CARTESIAN_POINT('',(-1.014692059537,3.110029105012));
#5111 = CARTESIAN_POINT('',(-1.010547931696,3.137512719441));
#5112 = CARTESIAN_POINT('',(-1.006288120722,3.164271603204));
#5113 = CARTESIAN_POINT('',(-1.001929846932,3.190258936633));
#5114 = CARTESIAN_POINT('',(-0.99746589079,3.215572774899));
#5115 = CARTESIAN_POINT('',(-0.992884778881,3.240306472529));
#5116 = CARTESIAN_POINT('',(-0.988197901481,3.264417697832));
#5117 = CARTESIAN_POINT('',(-0.983410513481,3.287900475223));
#5118 = CARTESIAN_POINT('',(-0.978529501977,3.310739090905));
#5119 = CARTESIAN_POINT('',(-0.973561308098,3.332920427827));
#5120 = CARTESIAN_POINT('',(-0.968512464092,3.354430720162));
#5121 = CARTESIAN_POINT('',(-0.963389514136,3.375256200447));
#5122 = CARTESIAN_POINT('',(-0.958198784066,3.395383756535));
#5123 = CARTESIAN_POINT('',(-0.952947370926,3.414797656653));
#5124 = CARTESIAN_POINT('',(-0.94940872608,3.427260547026));
#5125 = CARTESIAN_POINT('',(-0.947630807462,3.433370612252));
#5126 = ( GEOMETRIC_REPRESENTATION_CONTEXT(2) 
PARAMETRIC_REPRESENTATION_CONTEXT() REPRESENTATION_CONTEXT('2D SPACE',''
  ) );
#5127 = ADVANCED_FACE('',(#5128),#4834,.T.);
#5128 = FACE_BOUND('',#5129,.T.);
#5129 = EDGE_LOOP('',(#5130,#5153,#5154,#5178));
#5130 = ORIENTED_EDGE('',*,*,#5131,.F.);
#5131 = EDGE_CURVE('',#4749,#5132,#5134,.T.);
#5132 = VERTEX_POINT('',#5133);
#5133 = CARTESIAN_POINT('',(-1.789265234044,5.317160691352,
    -3.577503308393));
#5134 = SURFACE_CURVE('',#5135,(#5139,#5146),.PCURVE_S1.);
#5135 = LINE('',#5136,#5137);
#5136 = CARTESIAN_POINT('',(-1.789241919427,3.040561993182E-15,
    -3.577514969048));
#5137 = VECTOR('',#5138,1.);
#5138 = DIRECTION('',(-5.921189464668E-16,-1.,0.));
#5139 = PCURVE('',#4834,#5140);
#5140 = DEFINITIONAL_REPRESENTATION('',(#5141),#5145);
#5141 = LINE('',#5142,#5143);
#5142 = CARTESIAN_POINT('',(-1.2645,-6.124999910593));
#5143 = VECTOR('',#5144,1.);
#5144 = DIRECTION('',(4.186913223157E-16,-1.));
#5145 = ( GEOMETRIC_REPRESENTATION_CONTEXT(2) 
PARAMETRIC_REPRESENTATION_CONTEXT() REPRESENTATION_CONTEXT('2D SPACE',''
  ) );
#5146 = PCURVE('',#1826,#5147);
#5147 = DEFINITIONAL_REPRESENTATION('',(#5148),#5152);
#5148 = LINE('',#5149,#5150);
#5149 = CARTESIAN_POINT('',(5.176144912323,0.));
#5150 = VECTOR('',#5151,1.);
#5151 = DIRECTION('',(0.,-1.));
#5152 = ( GEOMETRIC_REPRESENTATION_CONTEXT(2) 
PARAMETRIC_REPRESENTATION_CONTEXT() REPRESENTATION_CONTEXT('2D SPACE',''
  ) );
#5153 = ORIENTED_EDGE('',*,*,#4818,.T.);
#5154 = ORIENTED_EDGE('',*,*,#5155,.T.);
#5155 = EDGE_CURVE('',#4819,#5156,#5158,.T.);
#5156 = VERTEX_POINT('',#5157);
#5157 = CARTESIAN_POINT('',(-1.629330125173,5.726486068736,
    -3.737426763303));
#5158 = SURFACE_CURVE('',#5159,(#5164,#5171),.PCURVE_S1.);
#5159 = CIRCLE('',#5160,1.543);
#5160 = AXIS2_PLACEMENT_3D('',#5161,#5162,#5163);
#5161 = CARTESIAN_POINT('',(-2.683378444238,6.124999910593,
    -2.683378444238));
#5162 = DIRECTION('',(-0.707106781187,-7.850462293419E-17,
    -0.707106781187));
#5163 = DIRECTION('',(1.653354489394E-15,1.,-1.764376791856E-15));
#5164 = PCURVE('',#4834,#5165);
#5165 = DEFINITIONAL_REPRESENTATION('',(#5166),#5170);
#5166 = CIRCLE('',#5167,1.543);
#5167 = AXIS2_PLACEMENT_2D('',#5168,#5169);
#5168 = CARTESIAN_POINT('',(0.,-9.769962616701E-15));
#5169 = DIRECTION('',(-2.416700965246E-15,1.));
#5170 = ( GEOMETRIC_REPRESENTATION_CONTEXT(2) 
PARAMETRIC_REPRESENTATION_CONTEXT() REPRESENTATION_CONTEXT('2D SPACE',''
  ) );
#5171 = PCURVE('',#4864,#5172);
#5172 = DEFINITIONAL_REPRESENTATION('',(#5173),#5177);
#5173 = LINE('',#5174,#5175);
#5174 = CARTESIAN_POINT('',(0.,1.104211723589));
#5175 = VECTOR('',#5176,1.);
#5176 = DIRECTION('',(1.,1.703899894712E-15));
#5177 = ( GEOMETRIC_REPRESENTATION_CONTEXT(2) 
PARAMETRIC_REPRESENTATION_CONTEXT() REPRESENTATION_CONTEXT('2D SPACE',''
  ) );
#5178 = ORIENTED_EDGE('',*,*,#5179,.T.);
#5179 = EDGE_CURVE('',#5156,#5132,#5180,.T.);
#5180 = SURFACE_CURVE('',#5181,(#5186,#5193),.PCURVE_S1.);
#5181 = ELLIPSE('',#5182,1.318921350298,1.140908242231);
#5182 = AXIS2_PLACEMENT_3D('',#5183,#5184,#5185);
#5183 = CARTESIAN_POINT('',(-2.403006578183,6.068040166186,
    -2.963750310292));
#5184 = DIRECTION('',(-0.707106781187,-4.524158825348E-15,
    -0.707106781187));
#5185 = DIRECTION('',(0.336116857911,0.879801634266,-0.336116857911));
#5186 = PCURVE('',#4834,#5187);
#5187 = DEFINITIONAL_REPRESENTATION('',(#5188),#5192);
#5188 = ELLIPSE('',#5189,1.318921350298,1.140908242231);
#5189 = AXIS2_PLACEMENT_2D('',#5190,#5191);
#5190 = CARTESIAN_POINT('',(-0.396505695482,-5.695974440751E-02));
#5191 = DIRECTION('',(-0.475341019,0.879801634266));
#5192 = ( GEOMETRIC_REPRESENTATION_CONTEXT(2) 
PARAMETRIC_REPRESENTATION_CONTEXT() REPRESENTATION_CONTEXT('2D SPACE',''
  ) );
#5193 = PCURVE('',#5194,#5211);
#5194 = B_SPLINE_SURFACE_WITH_KNOTS('',3,3,(
    (#5195,#5196,#5197,#5198)
    ,(#5199,#5200,#5201,#5202)
    ,(#5203,#5204,#5205,#5206)
    ,(#5207,#5208,#5209,#5210
    )),.UNSPECIFIED.,.F.,.F.,.F.,(4,4),(4,4),(0.,4.892213288703E-03),(
    14.398400126972,14.871493135168),.PIECEWISE_BEZIER_KNOTS.);
#5195 = CARTESIAN_POINT('',(-1.629330125173,5.726486068736,
    -3.737426763303));
#5196 = CARTESIAN_POINT('',(-1.682641653141,5.491414128015,
    -3.701862458432));
#5197 = CARTESIAN_POINT('',(-1.775952511265,5.271673163842,
    -3.626298823405));
#5198 = CARTESIAN_POINT('',(-1.900120332097,5.091055432827,
    -3.519878225671));
#5199 = CARTESIAN_POINT('',(-1.633211975823,5.730133543069,
    -3.722013855347));
#5200 = CARTESIAN_POINT('',(-1.686116777243,5.49721314335,
    -3.686856277025));
#5201 = CARTESIAN_POINT('',(-1.778654807281,5.279483400476,
    -3.612065470085));
#5202 = CARTESIAN_POINT('',(-1.901767375761,5.100518807869,
    -3.506700124703));
#5203 = CARTESIAN_POINT('',(-1.637093826474,5.733781017403,
    -3.706600947392));
#5204 = CARTESIAN_POINT('',(-1.689591901345,5.503012158684,
    -3.671850095619));
#5205 = CARTESIAN_POINT('',(-1.781357103297,5.28729363711,
    -3.597832116764));
#5206 = CARTESIAN_POINT('',(-1.903414419424,5.10998218291,
    -3.493522023734));
#5207 = CARTESIAN_POINT('',(-1.640975677125,5.737428491736,
    -3.691188039436));
#5208 = CARTESIAN_POINT('',(-1.693067025446,5.508811174019,
    -3.656843914212));
#5209 = CARTESIAN_POINT('',(-1.784059399313,5.295103873744,
    -3.583598763443));
#5210 = CARTESIAN_POINT('',(-1.905061463087,5.119445557952,
    -3.480343922766));
#5211 = DEFINITIONAL_REPRESENTATION('',(#5212),#5215);
#5212 = B_SPLINE_CURVE_WITH_KNOTS('',1,(#5213,#5214),.UNSPECIFIED.,.F.,
  .F.,(2,2),(1.40352408956,1.759986542274),.PIECEWISE_BEZIER_KNOTS.);
#5213 = CARTESIAN_POINT('',(6.112835243136E-16,14.398400126972));
#5214 = CARTESIAN_POINT('',(4.890404714151E-03,14.705673314172));
#5215 = ( GEOMETRIC_REPRESENTATION_CONTEXT(2) 
PARAMETRIC_REPRESENTATION_CONTEXT() REPRESENTATION_CONTEXT('2D SPACE',''
  ) );
#5216 = ADVANCED_FACE('',(#5217),#4864,.F.);
#5217 = FACE_BOUND('',#5218,.F.);
#5218 = EDGE_LOOP('',(#5219,#5220,#5221,#5244));
#5219 = ORIENTED_EDGE('',*,*,#4846,.F.);
#5220 = ORIENTED_EDGE('',*,*,#5155,.T.);
#5221 = ORIENTED_EDGE('',*,*,#5222,.T.);
#5222 = EDGE_CURVE('',#5156,#5223,#5225,.T.);
#5223 = VERTEX_POINT('',#5224);
#5224 = CARTESIAN_POINT('',(-1.900120332097,5.091055432827,
    -3.519878225671));
#5225 = SURFACE_CURVE('',#5226,(#5231,#5237),.PCURVE_S1.);
#5226 = B_SPLINE_CURVE_WITH_KNOTS('',3,(#5227,#5228,#5229,#5230),
  .UNSPECIFIED.,.F.,.F.,(4,4),(14.398400126972,14.871493135168),
  .PIECEWISE_BEZIER_KNOTS.);
#5227 = CARTESIAN_POINT('',(-1.629330125173,5.726486068736,
    -3.737426763303));
#5228 = CARTESIAN_POINT('',(-1.682641653141,5.491414128015,
    -3.701862458432));
#5229 = CARTESIAN_POINT('',(-1.775952511265,5.271673163842,
    -3.626298823405));
#5230 = CARTESIAN_POINT('',(-1.900120332097,5.091055432827,
    -3.519878225671));
#5231 = PCURVE('',#4864,#5232);
#5232 = DEFINITIONAL_REPRESENTATION('',(#5233),#5236);
#5233 = B_SPLINE_CURVE_WITH_KNOTS('',1,(#5234,#5235),.UNSPECIFIED.,.F.,
  .F.,(2,2),(14.398400126972,14.871493135168),.PIECEWISE_BEZIER_KNOTS.);
#5234 = CARTESIAN_POINT('',(1.832029512613,1.104211723589));
#5235 = CARTESIAN_POINT('',(2.305122520809,1.141859268987));
#5236 = ( GEOMETRIC_REPRESENTATION_CONTEXT(2) 
PARAMETRIC_REPRESENTATION_CONTEXT() REPRESENTATION_CONTEXT('2D SPACE',''
  ) );
#5237 = PCURVE('',#5194,#5238);
#5238 = DEFINITIONAL_REPRESENTATION('',(#5239),#5243);
#5239 = LINE('',#5240,#5241);
#5240 = CARTESIAN_POINT('',(-1.807311140528E-15,0.));
#5241 = VECTOR('',#5242,1.);
#5242 = DIRECTION('',(1.243889776233E-16,1.));
#5243 = ( GEOMETRIC_REPRESENTATION_CONTEXT(2) 
PARAMETRIC_REPRESENTATION_CONTEXT() REPRESENTATION_CONTEXT('2D SPACE',''
  ) );
#5244 = ORIENTED_EDGE('',*,*,#5245,.T.);
#5245 = EDGE_CURVE('',#5223,#4847,#5246,.T.);
#5246 = SURFACE_CURVE('',#5247,(#5258,#5264),.PCURVE_S1.);
#5247 = B_SPLINE_CURVE_WITH_KNOTS('',3,(#5248,#5249,#5250,#5251,#5252,
    #5253,#5254,#5255,#5256,#5257),.UNSPECIFIED.,.F.,.F.,(4,3,3,4),(
    0.579983442404,0.587949910451,0.600132464149,0.608422362908),
  .UNSPECIFIED.);
#5248 = CARTESIAN_POINT('',(-1.900120332097,5.091055432827,
    -3.519878225671));
#5249 = CARTESIAN_POINT('',(-1.916420825608,5.071394904836,
    -3.51107880218));
#5250 = CARTESIAN_POINT('',(-1.932964607805,5.052344962121,
    -3.502001431929));
#5251 = CARTESIAN_POINT('',(-1.949673965405,5.033934147222,
    -3.492673965405));
#5252 = CARTESIAN_POINT('',(-1.975226399055,5.005779795786,
    -3.478410133415));
#5253 = CARTESIAN_POINT('',(-2.00190999574,4.97830483963,-3.463147936226
    ));
#5254 = CARTESIAN_POINT('',(-2.029557161634,4.951772265786,
    -3.446868625963));
#5255 = CARTESIAN_POINT('',(-2.048370311317,4.933717565889,
    -3.435790995009));
#5256 = CARTESIAN_POINT('',(-2.067628930457,4.916098856219,
    -3.424243101461));
#5257 = CARTESIAN_POINT('',(-2.08727170157,4.898992161175,
    -3.412227548659));
#5258 = PCURVE('',#4864,#5259);
#5259 = DEFINITIONAL_REPRESENTATION('',(#5260),#5263);
#5260 = B_SPLINE_CURVE_WITH_KNOTS('',1,(#5261,#5262),.UNSPECIFIED.,.F.,
  .F.,(2,2),(0.579983442404,0.608422362908),.PIECEWISE_BEZIER_KNOTS.);
#5261 = CARTESIAN_POINT('',(2.305122520809,1.141859268987));
#5262 = CARTESIAN_POINT('',(2.489080689384,1.198074747735));
#5263 = ( GEOMETRIC_REPRESENTATION_CONTEXT(2) 
PARAMETRIC_REPRESENTATION_CONTEXT() REPRESENTATION_CONTEXT('2D SPACE',''
  ) );
#5264 = PCURVE('',#1826,#5265);
#5265 = DEFINITIONAL_REPRESENTATION('',(#5266),#5292);
#5266 = B_SPLINE_CURVE_WITH_KNOTS('',3,(#5267,#5268,#5269,#5270,#5271,
    #5272,#5273,#5274,#5275,#5276,#5277,#5278,#5279,#5280,#5281,#5282,
    #5283,#5284,#5285,#5286,#5287,#5288,#5289,#5290,#5291),
  .UNSPECIFIED.,.F.,.F.,(4,1,1,1,1,1,1,1,1,1,1,1,1,1,1,1,1,1,1,1,1,1,4),
  (0.579983442404,0.581276120608,0.582568798813,0.583861477018,
    0.585154155223,0.586446833427,0.587739511632,0.589032189837,
    0.590324868042,0.591617546246,0.592910224451,0.594202902656,
    0.595495580861,0.596788259065,0.59808093727,0.599373615475,
    0.60066629368,0.601958971884,0.603251650089,0.604544328294,
    0.605837006499,0.607129684703,0.608422362908),
  .QUASI_UNIFORM_KNOTS.);
#5267 = CARTESIAN_POINT('',(5.207387198224,5.091055432827));
#5268 = CARTESIAN_POINT('',(5.208138644157,5.087865219061));
#5269 = CARTESIAN_POINT('',(5.209646093439,5.081516941454));
#5270 = CARTESIAN_POINT('',(5.211920420785,5.072091736868));
#5271 = CARTESIAN_POINT('',(5.214207414,5.062764384636));
#5272 = CARTESIAN_POINT('',(5.21650647606,5.053535950633));
#5273 = CARTESIAN_POINT('',(5.218817418658,5.044405920876));
#5274 = CARTESIAN_POINT('',(5.221138530375,5.035379675466));
#5275 = CARTESIAN_POINT('',(5.223473785953,5.026440598027));
#5276 = CARTESIAN_POINT('',(5.225836331933,5.017539028417));
#5277 = CARTESIAN_POINT('',(5.228222656849,5.008689489169));
#5278 = CARTESIAN_POINT('',(5.230633408019,4.999890479244));
#5279 = CARTESIAN_POINT('',(5.23306811949,4.991144791065));
#5280 = CARTESIAN_POINT('',(5.235526624791,4.982454066768));
#5281 = CARTESIAN_POINT('',(5.238008678065,4.973820256182));
#5282 = CARTESIAN_POINT('',(5.240514056887,4.96524522865));
#5283 = CARTESIAN_POINT('',(5.243042529937,4.956730867765));
#5284 = CARTESIAN_POINT('',(5.245593883583,4.94827908061));
#5285 = CARTESIAN_POINT('',(5.248167825304,4.939891627194));
#5286 = CARTESIAN_POINT('',(5.250764058746,4.93157022221));
#5287 = CARTESIAN_POINT('',(5.253382295763,4.923316599161));
#5288 = CARTESIAN_POINT('',(5.256022247086,4.915132486511));
#5289 = CARTESIAN_POINT('',(5.258683624741,4.907019614076));
#5290 = CARTESIAN_POINT('',(5.260471969457,4.901659678895));
#5291 = CARTESIAN_POINT('',(5.261369617183,4.898992161175));
#5292 = ( GEOMETRIC_REPRESENTATION_CONTEXT(2) 
PARAMETRIC_REPRESENTATION_CONTEXT() REPRESENTATION_CONTEXT('2D SPACE',''
  ) );
#5293 = ADVANCED_FACE('',(#5294),#75,.F.);
#5294 = FACE_BOUND('',#5295,.F.);
#5295 = EDGE_LOOP('',(#5296,#5297,#5298,#5299,#5300,#5301,#5302,#5303,
    #5304,#5305,#5375,#5435,#5567,#5587,#5588,#5589,#5590,#5591));
#5296 = ORIENTED_EDGE('',*,*,#43,.F.);
#5297 = ORIENTED_EDGE('',*,*,#738,.F.);
#5298 = ORIENTED_EDGE('',*,*,#306,.F.);
#5299 = ORIENTED_EDGE('',*,*,#1491,.F.);
#5300 = ORIENTED_EDGE('',*,*,#1056,.F.);
#5301 = ORIENTED_EDGE('',*,*,#4661,.F.);
#5302 = ORIENTED_EDGE('',*,*,#4632,.F.);
#5303 = ORIENTED_EDGE('',*,*,#1888,.F.);
#5304 = ORIENTED_EDGE('',*,*,#1860,.F.);
#5305 = ORIENTED_EDGE('',*,*,#5306,.T.);
#5306 = EDGE_CURVE('',#1808,#5307,#5309,.T.);
#5307 = VERTEX_POINT('',#5308);
#5308 = CARTESIAN_POINT('',(-3.524753906694,5.610126663241,
    -1.891434716113));
#5309 = SURFACE_CURVE('',#5310,(#5317,#5346),.PCURVE_S1.);
#5310 = B_SPLINE_CURVE_WITH_KNOTS('',3,(#5311,#5312,#5313,#5314,#5315,
    #5316),.UNSPECIFIED.,.F.,.F.,(4,2,4),(-9.833039482359E-02,
    -4.917092411081E-02,-5.47441925891E-05),.UNSPECIFIED.);
#5311 = CARTESIAN_POINT('',(-3.283978759001,4.753645279487,
    -2.283743310976));
#5312 = CARTESIAN_POINT('',(-3.350373921839,4.868255122849,
    -2.188268349577));
#5313 = CARTESIAN_POINT('',(-3.401689340731,5.004317053089,
    -2.105791558174));
#5314 = CARTESIAN_POINT('',(-3.479660074764,5.293629114916,
    -1.974285674723));
#5315 = CARTESIAN_POINT('',(-3.507245796889,5.450204591362,
    -1.923670183308));
#5316 = CARTESIAN_POINT('',(-3.524170043117,5.609971910991,
    -1.892148384032));
#5317 = PCURVE('',#75,#5318);
#5318 = DEFINITIONAL_REPRESENTATION('',(#5319),#5345);
#5319 = B_SPLINE_CURVE_WITH_KNOTS('',3,(#5320,#5321,#5322,#5323,#5324,
    #5325,#5326,#5327,#5328,#5329,#5330,#5331,#5332,#5333,#5334,#5335,
    #5336,#5337,#5338,#5339,#5340,#5341,#5342,#5343,#5344),
  .UNSPECIFIED.,.F.,.F.,(4,1,1,1,1,1,1,1,1,1,1,1,1,1,1,1,1,1,1,1,1,1,4),
  (-9.833039482359E-02,-9.386331979491E-02,-8.939624476622E-02,
    -8.492916973754E-02,-8.046209470886E-02,-7.599501968018E-02,
    -7.15279446515E-02,-6.706086962282E-02,-6.259379459413E-02,
    -5.812671956545E-02,-5.365964453677E-02,-4.919256950809E-02,
    -4.472549447941E-02,-4.025841945072E-02,-3.579134442204E-02,
    -3.132426939336E-02,-2.685719436468E-02,-2.2390119336E-02,
    -1.792304430732E-02,-1.345596927863E-02,-8.988894249953E-03,
    -4.521819221271E-03,-5.474419258909E-05),.UNSPECIFIED.);
#5320 = CARTESIAN_POINT('',(-8.014964560099E-17,16.184129679089));
#5321 = CARTESIAN_POINT('',(5.182818737071E-04,16.193214162012));
#5322 = CARTESIAN_POINT('',(1.561111188086E-03,16.211462560372));
#5323 = CARTESIAN_POINT('',(3.140075169409E-03,16.239085098506));
#5324 = CARTESIAN_POINT('',(4.72969628425E-03,16.266969890069));
#5325 = CARTESIAN_POINT('',(6.325863304198E-03,16.295126903618));
#5326 = CARTESIAN_POINT('',(7.924453887876E-03,16.323564412764));
#5327 = CARTESIAN_POINT('',(9.52134760111E-03,16.352288716801));
#5328 = CARTESIAN_POINT('',(1.111243487092E-02,16.381303899336));
#5329 = CARTESIAN_POINT('',(1.269366536554E-02,16.410612353657));
#5330 = CARTESIAN_POINT('',(1.426094222869E-02,16.440212198389));
#5331 = CARTESIAN_POINT('',(1.581059358151E-02,16.470106367753));
#5332 = CARTESIAN_POINT('',(1.733768989187E-02,16.500268125033));
#5333 = CARTESIAN_POINT('',(1.884240213236E-02,16.530769232439));
#5334 = CARTESIAN_POINT('',(2.032560010745E-02,16.561694370759));
#5335 = CARTESIAN_POINT('',(2.178298973983E-02,16.593022016097));
#5336 = CARTESIAN_POINT('',(2.321167165255E-02,16.624756956055));
#5337 = CARTESIAN_POINT('',(2.460838789217E-02,16.656894620859));
#5338 = CARTESIAN_POINT('',(2.596999632667E-02,16.689430471414));
#5339 = CARTESIAN_POINT('',(2.729334927837E-02,16.722357300377));
#5340 = CARTESIAN_POINT('',(2.857533238733E-02,16.755665797997));
#5341 = CARTESIAN_POINT('',(2.981286462916E-02,16.7893441325));
#5342 = CARTESIAN_POINT('',(3.100290138652E-02,16.823378211515));
#5343 = CARTESIAN_POINT('',(3.17626162849E-02,16.846292891304));
#5344 = CARTESIAN_POINT('',(3.213356457386E-02,16.857803764072));
#5345 = ( GEOMETRIC_REPRESENTATION_CONTEXT(2) 
PARAMETRIC_REPRESENTATION_CONTEXT() REPRESENTATION_CONTEXT('2D SPACE',''
  ) );
#5346 = PCURVE('',#1826,#5347);
#5347 = DEFINITIONAL_REPRESENTATION('',(#5348),#5374);
#5348 = B_SPLINE_CURVE_WITH_KNOTS('',3,(#5349,#5350,#5351,#5352,#5353,
    #5354,#5355,#5356,#5357,#5358,#5359,#5360,#5361,#5362,#5363,#5364,
    #5365,#5366,#5367,#5368,#5369,#5370,#5371,#5372,#5373),
  .UNSPECIFIED.,.F.,.F.,(4,1,1,1,1,1,1,1,1,1,1,1,1,1,1,1,1,1,1,1,1,1,4),
  (-9.833039482359E-02,-9.386331979491E-02,-8.939624476622E-02,
    -8.492916973754E-02,-8.046209470886E-02,-7.599501968018E-02,
    -7.15279446515E-02,-6.706086962282E-02,-6.259379459413E-02,
    -5.812671956545E-02,-5.365964453677E-02,-4.919256950809E-02,
    -4.472549447941E-02,-4.025841945072E-02,-3.579134442204E-02,
    -3.132426939336E-02,-2.685719436468E-02,-2.2390119336E-02,
    -1.792304430732E-02,-1.345596927863E-02,-8.988894249953E-03,
    -4.521819221271E-03,-5.474419258909E-05),.UNSPECIFIED.);
#5349 = CARTESIAN_POINT('',(5.675540032501,4.753645279487));
#5350 = CARTESIAN_POINT('',(5.678181859092,4.764059768534));
#5351 = CARTESIAN_POINT('',(5.683385929507,4.785243014369));
#5352 = CARTESIAN_POINT('',(5.690952009869,4.818023087617));
#5353 = CARTESIAN_POINT('',(5.698276813573,4.851750765641));
#5354 = CARTESIAN_POINT('',(5.705358999725,4.886368452218));
#5355 = CARTESIAN_POINT('',(5.71219716636,4.921818538132));
#5356 = CARTESIAN_POINT('',(5.718789850563,4.958043462641));
#5357 = CARTESIAN_POINT('',(5.725135500096,4.9949854841));
#5358 = CARTESIAN_POINT('',(5.731232589075,5.032587536006));
#5359 = CARTESIAN_POINT('',(5.737079187802,5.070790032186));
#5360 = CARTESIAN_POINT('',(5.742674573814,5.109542790011));
#5361 = CARTESIAN_POINT('',(5.748013225876,5.148760532342));
#5362 = CARTESIAN_POINT('',(5.753107247037,5.18848895653));
#5363 = CARTESIAN_POINT('',(5.757967714366,5.228795189906));
#5364 = CARTESIAN_POINT('',(5.762587398129,5.269610933199));
#5365 = CARTESIAN_POINT('',(5.766963943799,5.310904171462));
#5366 = CARTESIAN_POINT('',(5.771093660538,5.352633167389));
#5367 = CARTESIAN_POINT('',(5.774973185476,5.394758788774));
#5368 = CARTESIAN_POINT('',(5.778599037898,5.437241205377));
#5369 = CARTESIAN_POINT('',(5.781967739342,5.480040773995));
#5370 = CARTESIAN_POINT('',(5.785075781685,5.523117801308));
#5371 = CARTESIAN_POINT('',(5.787919639131,5.566432607428));
#5372 = CARTESIAN_POINT('',(5.789637052136,5.595441208377));
#5373 = CARTESIAN_POINT('',(5.790450544774,5.609971910991));
#5374 = ( GEOMETRIC_REPRESENTATION_CONTEXT(2) 
PARAMETRIC_REPRESENTATION_CONTEXT() REPRESENTATION_CONTEXT('2D SPACE',''
  ) );
#5375 = ORIENTED_EDGE('',*,*,#5376,.T.);
#5376 = EDGE_CURVE('',#5307,#5377,#5379,.T.);
#5377 = VERTEX_POINT('',#5378);
#5378 = CARTESIAN_POINT('',(-3.260509650676,7.199324921914,
    -2.317338383036));
#5379 = SURFACE_CURVE('',#5380,(#5418,#5424),.PCURVE_S1.);
#5380 = B_SPLINE_CURVE_WITH_KNOTS('',3,(#5381,#5382,#5383,#5384,#5385,
    #5386,#5387,#5388,#5389,#5390,#5391,#5392,#5393,#5394,#5395,#5396,
    #5397,#5398,#5399,#5400,#5401,#5402,#5403,#5404,#5405,#5406,#5407,
    #5408,#5409,#5410,#5411,#5412,#5413,#5414,#5415,#5416,#5417),
  .UNSPECIFIED.,.F.,.F.,(4,3,3,3,3,3,3,3,3,3,3,3,4),(2.459811309883,
    2.608937130037,2.758062950191,2.879604624951,2.996283420636,
    3.112836877791,3.229316459798,3.345773505075,3.462335699796,
    3.578960990662,3.695787325228,3.730396348265,3.896278986893),
  .UNSPECIFIED.);
#5381 = CARTESIAN_POINT('',(-3.524753906694,5.610126663241,
    -1.891434716113));
#5382 = CARTESIAN_POINT('',(-3.545639089274,5.667507049295,
    -1.876143717243));
#5383 = CARTESIAN_POINT('',(-3.563442947846,5.726621378478,
    -1.863934042381));
#5384 = CARTESIAN_POINT('',(-3.578063745748,5.786878035185,
    -1.854907428189));
#5385 = CARTESIAN_POINT('',(-3.59268454365,5.847134691892,
    -1.845880813998));
#5386 = CARTESIAN_POINT('',(-3.604122464039,5.908533885666,
    -1.840037077319));
#5387 = CARTESIAN_POINT('',(-3.612312747257,5.970483403352,
    -1.83744097781));
#5388 = CARTESIAN_POINT('',(-3.618988054981,6.020973976495,
    -1.83532508479));
#5389 = CARTESIAN_POINT('',(-3.623516610095,6.071969761944,
    -1.835355944379));
#5390 = CARTESIAN_POINT('',(-3.625851467904,6.123069896864,
    -1.837580501274));
#5391 = CARTESIAN_POINT('',(-3.628092908116,6.172125516787,
    -1.839716053707));
#5392 = CARTESIAN_POINT('',(-3.62831285691,6.221276671071,-1.84387309756
    ));
#5393 = CARTESIAN_POINT('',(-3.626506811869,6.270161016827,
    -1.850056135246));
#5394 = CARTESIAN_POINT('',(-3.624702706916,6.318992850111,
    -1.856232530999));
#5395 = CARTESIAN_POINT('',(-3.620876959155,6.367557892302,
    -1.86443056956));
#5396 = CARTESIAN_POINT('',(-3.615061831213,6.415495805289,
    -1.874617988301));
#5397 = CARTESIAN_POINT('',(-3.609250389077,6.463403333759,
    -1.884798949944));
#5398 = CARTESIAN_POINT('',(-3.601452153739,6.5106839798,-1.896966704789
    ));
#5399 = CARTESIAN_POINT('',(-3.5917355544,6.556987212787,-1.911052823636
    ));
#5400 = CARTESIAN_POINT('',(-3.58202083505,6.603281486921,-1.92513621707
    ));
#5401 = CARTESIAN_POINT('',(-3.570388623362,6.648598201143,
    -1.94113710284));
#5402 = CARTESIAN_POINT('',(-3.556942070831,6.692604212222,
    -1.958952329454));
#5403 = CARTESIAN_POINT('',(-3.543483377364,6.736649956471,
    -1.976783641495));
#5404 = CARTESIAN_POINT('',(-3.528207251394,6.779382138421,
    -1.996432386038));
#5405 = CARTESIAN_POINT('',(-3.511249589044,6.820491576096,
    -2.017762666961));
#5406 = CARTESIAN_POINT('',(-3.494282747361,6.861623266672,
    -2.039104494154));
#5407 = CARTESIAN_POINT('',(-3.475632793577,6.901130019228,
    -2.062129433448));
#5408 = CARTESIAN_POINT('',(-3.455465082296,6.938734005491,
    -2.086672130239));
#5409 = CARTESIAN_POINT('',(-3.435262605046,6.976402815126,
    -2.111257134788));
#5410 = CARTESIAN_POINT('',(-3.41353742342,7.01216191473,-2.137364843712
    ));
#5411 = CARTESIAN_POINT('',(-3.390481056278,7.045770134871,
    -2.164803738153));
#5412 = CARTESIAN_POINT('',(-3.383650761169,7.055726346109,
    -2.172932327767));
#5413 = CARTESIAN_POINT('',(-3.376703793245,7.065494069848,
    -2.181177590197));
#5414 = CARTESIAN_POINT('',(-3.369645496192,7.075067746471,
    -2.189534181755));
#5415 = CARTESIAN_POINT('',(-3.335814753899,7.120954818691,
    -2.229587709303));
#5416 = CARTESIAN_POINT('',(-3.29930036562,7.16253822934,-2.272324882837
    ));
#5417 = CARTESIAN_POINT('',(-3.260509650676,7.199324921914,
    -2.317338383036));
#5418 = PCURVE('',#75,#5419);
#5419 = DEFINITIONAL_REPRESENTATION('',(#5420),#5423);
#5420 = B_SPLINE_CURVE_WITH_KNOTS('',1,(#5421,#5422),.UNSPECIFIED.,.F.,
  .F.,(2,2),(2.459811309883,3.896278986893),.PIECEWISE_BEZIER_KNOTS.);
#5421 = CARTESIAN_POINT('',(3.207296282952E-02,16.858192009553));
#5422 = CARTESIAN_POINT('',(3.220054412971E-02,18.295717759936));
#5423 = ( GEOMETRIC_REPRESENTATION_CONTEXT(2) 
PARAMETRIC_REPRESENTATION_CONTEXT() REPRESENTATION_CONTEXT('2D SPACE',''
  ) );
#5424 = PCURVE('',#5425,#5430);
#5425 = CYLINDRICAL_SURFACE('',#5426,1.2645);
#5426 = AXIS2_PLACEMENT_3D('',#5427,#5428,#5429);
#5427 = CARTESIAN_POINT('',(0.,6.124999910593,0.));
#5428 = DIRECTION('',(-0.707106781187,0.,-0.707106781187));
#5429 = DIRECTION('',(0.,1.,0.));
#5430 = DEFINITIONAL_REPRESENTATION('',(#5431),#5434);
#5431 = B_SPLINE_CURVE_WITH_KNOTS('',1,(#5432,#5433),.UNSPECIFIED.,.F.,
  .F.,(2,2),(2.459811309883,3.896278986893),.PIECEWISE_BEZIER_KNOTS.);
#5432 = CARTESIAN_POINT('',(4.293029669064,3.829823703372));
#5433 = CARTESIAN_POINT('',(5.727624125906,3.944134169066));
#5434 = ( GEOMETRIC_REPRESENTATION_CONTEXT(2) 
PARAMETRIC_REPRESENTATION_CONTEXT() REPRESENTATION_CONTEXT('2D SPACE',''
  ) );
#5435 = ORIENTED_EDGE('',*,*,#5436,.T.);
#5436 = EDGE_CURVE('',#5377,#5437,#5439,.T.);
#5437 = VERTEX_POINT('',#5438);
#5438 = CARTESIAN_POINT('',(-2.723911371635,7.38151948138,-2.92898187779
    ));
#5439 = SURFACE_CURVE('',#5440,(#5465,#5516),.PCURVE_S1.);
#5440 = B_SPLINE_CURVE_WITH_KNOTS('',3,(#5441,#5442,#5443,#5444,#5445,
    #5446,#5447,#5448,#5449,#5450,#5451,#5452,#5453,#5454,#5455,#5456,
    #5457,#5458,#5459,#5460,#5461,#5462,#5463,#5464),.UNSPECIFIED.,.F.,
  .F.,(4,2,2,2,2,2,2,2,2,2,2,4),(-8.654123082549E-02,-7.10753608004E-02,
    -5.223556483514E-02,-4.333987062151E-02,-4.134263492464E-02,
    -4.030925179387E-02,-3.947271058359E-02,-3.851646579048E-02,
    -3.687581510234E-02,-3.024652429902E-02,-1.275515128214E-02,0.),
  .UNSPECIFIED.);
#5441 = CARTESIAN_POINT('',(-3.259420264322,7.201497591748,
    -2.318658996172));
#5442 = CARTESIAN_POINT('',(-3.235792146829,7.233095515618,
    -2.351873869549));
#5443 = CARTESIAN_POINT('',(-3.210409556886,7.261920075078,
    -2.386478073084));
#5444 = CARTESIAN_POINT('',(-3.150234641339,7.31857165894,
    -2.465562827786));
#5445 = CARTESIAN_POINT('',(-3.114659359468,7.3447483201,-2.510463933733
    ));
#5446 = CARTESIAN_POINT('',(-3.05874719492,7.374663234591,
    -2.577761252772));
#5447 = CARTESIAN_POINT('',(-3.040313605554,7.382933212803,
    -2.599485648784));
#5448 = CARTESIAN_POINT('',(-3.017161026041,7.391332403201,
    -2.62617236784));
#5449 = CARTESIAN_POINT('',(-3.01289317006,7.392800894598,-2.63106767886
    ));
#5450 = CARTESIAN_POINT('',(-3.00638307486,7.394919343746,
    -2.638498086801));
#5451 = CARTESIAN_POINT('',(-3.004157346835,7.395622284046,
    -2.641032002277));
#5452 = CARTESIAN_POINT('',(-3.000119259698,7.396858930137,
    -2.645617489218));
#5453 = CARTESIAN_POINT('',(-2.998308957639,7.397399354956,
    -2.647668954754));
#5454 = CARTESIAN_POINT('',(-2.99442123675,7.398529954432,
    -2.652065469802));
#5455 = CARTESIAN_POINT('',(-2.992342712901,7.399116167719,
    -2.654410467002));
#5456 = CARTESIAN_POINT('',(-2.986684912284,7.400662210361,
    -2.660778494575));
#5457 = CARTESIAN_POINT('',(-2.983096477349,7.401589091483,
    -2.664801034773));
#5458 = CARTESIAN_POINT('',(-2.964939183885,7.406007633493,
    -2.685071978904));
#5459 = CARTESIAN_POINT('',(-2.950172281483,7.408725324317,
    -2.701290145627));
#5460 = CARTESIAN_POINT('',(-2.895738530768,7.415525875642,
    -2.760085934255));
#5461 = CARTESIAN_POINT('',(-2.855218848818,7.414512627145,
    -2.801976779111));
#5462 = CARTESIAN_POINT('',(-2.784105887351,7.402159536177,
    -2.872374464148));
#5463 = CARTESIAN_POINT('',(-2.754025377039,7.39372873419,
    -2.901209704993));
#5464 = CARTESIAN_POINT('',(-2.724069201236,7.382145120488,
    -2.929069303871));
#5465 = PCURVE('',#75,#5466);
#5466 = DEFINITIONAL_REPRESENTATION('',(#5467),#5515);
#5467 = B_SPLINE_CURVE_WITH_KNOTS('',3,(#5468,#5469,#5470,#5471,#5472,
    #5473,#5474,#5475,#5476,#5477,#5478,#5479,#5480,#5481,#5482,#5483,
    #5484,#5485,#5486,#5487,#5488,#5489,#5490,#5491,#5492,#5493,#5494,
    #5495,#5496,#5497,#5498,#5499,#5500,#5501,#5502,#5503,#5504,#5505,
    #5506,#5507,#5508,#5509,#5510,#5511,#5512,#5513,#5514),
  .UNSPECIFIED.,.F.,.F.,(4,1,1,1,1,1,1,1,1,1,1,1,1,1,1,1,1,1,1,1,1,1,1,1
    ,1,1,1,1,1,1,1,1,1,1,1,1,1,1,1,1,1,1,1,1,4),(-8.654123082549E-02,
    -8.457438467036E-02,-8.260753851524E-02,-8.064069236011E-02,
    -7.867384620499E-02,-7.670700004986E-02,-7.474015389474E-02,
    -7.277330773961E-02,-7.080646158449E-02,-6.883961542936E-02,
    -6.687276927424E-02,-6.490592311912E-02,-6.293907696399E-02,
    -6.097223080887E-02,-5.900538465374E-02,-5.703853849862E-02,
    -5.507169234349E-02,-5.310484618837E-02,-5.113800003324E-02,
    -4.917115387812E-02,-4.720430772299E-02,-4.523746156787E-02,
    -4.327061541274E-02,-4.130376925762E-02,-3.933692310249E-02,
    -3.737007694737E-02,-3.540323079224E-02,-3.343638463712E-02,
    -3.1469538482E-02,-2.950269232687E-02,-2.753584617175E-02,
    -2.556900001662E-02,-2.36021538615E-02,-2.163530770637E-02,
    -1.966846155125E-02,-1.770161539612E-02,-1.5734769241E-02,
    -1.376792308587E-02,-1.180107693075E-02,-9.834230775623E-03,
    -7.867384620499E-03,-5.900538465374E-03,-3.933692310249E-03,
    -1.966846155125E-03,0.),.UNSPECIFIED.);
#5468 = CARTESIAN_POINT('',(3.220054412971E-02,18.295717759936));
#5469 = CARTESIAN_POINT('',(3.206744284455E-02,18.301851461448));
#5470 = CARTESIAN_POINT('',(3.188702681465E-02,18.312077708168));
#5471 = CARTESIAN_POINT('',(3.16215587159E-02,18.327390355756));
#5472 = CARTESIAN_POINT('',(3.136184729281E-02,18.342677049116));
#5473 = CARTESIAN_POINT('',(3.110849471147E-02,18.357938879614));
#5474 = CARTESIAN_POINT('',(3.086210354398E-02,18.373177107147));
#5475 = CARTESIAN_POINT('',(3.062327347115E-02,18.388393348534));
#5476 = CARTESIAN_POINT('',(3.039261004044E-02,18.403588964367));
#5477 = CARTESIAN_POINT('',(3.017068756237E-02,18.418767309692));
#5478 = CARTESIAN_POINT('',(2.995818917916E-02,18.433924983658));
#5479 = CARTESIAN_POINT('',(2.975572673472E-02,18.449061673722));
#5480 = CARTESIAN_POINT('',(2.956386453131E-02,18.464180135194));
#5481 = CARTESIAN_POINT('',(2.938317595131E-02,18.479282564915));
#5482 = CARTESIAN_POINT('',(2.921422725125E-02,18.494371570286));
#5483 = CARTESIAN_POINT('',(2.905758085342E-02,18.509449915809));
#5484 = CARTESIAN_POINT('',(2.891379344629E-02,18.52452056589));
#5485 = CARTESIAN_POINT('',(2.87834152998E-02,18.539586766872));
#5486 = CARTESIAN_POINT('',(2.866698983594E-02,18.554651677737));
#5487 = CARTESIAN_POINT('',(2.856505086115E-02,18.569719768854));
#5488 = CARTESIAN_POINT('',(2.847820252901E-02,18.584779510906));
#5489 = CARTESIAN_POINT('',(2.840690293156E-02,18.5998367247));
#5490 = CARTESIAN_POINT('',(2.835162454428E-02,18.614894407008));
#5491 = CARTESIAN_POINT('',(2.831282179614E-02,18.629958119004));
#5492 = CARTESIAN_POINT('',(2.829095025159E-02,18.645027062172));
#5493 = CARTESIAN_POINT('',(2.828642456463E-02,18.660100144504));
#5494 = CARTESIAN_POINT('',(2.829962722721E-02,18.675179062941));
#5495 = CARTESIAN_POINT('',(2.833091093106E-02,18.690263894551));
#5496 = CARTESIAN_POINT('',(2.838057787126E-02,18.705352123719));
#5497 = CARTESIAN_POINT('',(2.844891054643E-02,18.720448901858));
#5498 = CARTESIAN_POINT('',(2.853622335378E-02,18.735563901013));
#5499 = CARTESIAN_POINT('',(2.864257855663E-02,18.750671992879));
#5500 = CARTESIAN_POINT('',(2.876809366382E-02,18.765778229576));
#5501 = CARTESIAN_POINT('',(2.89128884992E-02,18.780887850753));
#5502 = CARTESIAN_POINT('',(2.907706350065E-02,18.796006113237));
#5503 = CARTESIAN_POINT('',(2.926070589607E-02,18.811138378095));
#5504 = CARTESIAN_POINT('',(2.946388488862E-02,18.826289961056));
#5505 = CARTESIAN_POINT('',(2.968666256618E-02,18.841466672204));
#5506 = CARTESIAN_POINT('',(2.992905253186E-02,18.856672835146));
#5507 = CARTESIAN_POINT('',(3.019117154192E-02,18.871918698645));
#5508 = CARTESIAN_POINT('',(3.047221636724E-02,18.887167514024));
#5509 = CARTESIAN_POINT('',(3.077206494126E-02,18.902428237418));
#5510 = CARTESIAN_POINT('',(3.10905194052E-02,18.917705140556));
#5511 = CARTESIAN_POINT('',(3.142738259969E-02,18.933003710796));
#5512 = CARTESIAN_POINT('',(3.178243940172E-02,18.948329076639));
#5513 = CARTESIAN_POINT('',(3.203111649774E-02,18.958567307982));
#5514 = CARTESIAN_POINT('',(3.215840999386E-02,18.963692615394));
#5515 = ( GEOMETRIC_REPRESENTATION_CONTEXT(2) 
PARAMETRIC_REPRESENTATION_CONTEXT() REPRESENTATION_CONTEXT('2D SPACE',''
  ) );
#5516 = PCURVE('',#1826,#5517);
#5517 = DEFINITIONAL_REPRESENTATION('',(#5518),#5566);
#5518 = B_SPLINE_CURVE_WITH_KNOTS('',3,(#5519,#5520,#5521,#5522,#5523,
    #5524,#5525,#5526,#5527,#5528,#5529,#5530,#5531,#5532,#5533,#5534,
    #5535,#5536,#5537,#5538,#5539,#5540,#5541,#5542,#5543,#5544,#5545,
    #5546,#5547,#5548,#5549,#5550,#5551,#5552,#5553,#5554,#5555,#5556,
    #5557,#5558,#5559,#5560,#5561,#5562,#5563,#5564,#5565),
  .UNSPECIFIED.,.F.,.F.,(4,1,1,1,1,1,1,1,1,1,1,1,1,1,1,1,1,1,1,1,1,1,1,1
    ,1,1,1,1,1,1,1,1,1,1,1,1,1,1,1,1,1,1,1,1,4),(-8.654123082549E-02,
    -8.457438467036E-02,-8.260753851524E-02,-8.064069236011E-02,
    -7.867384620499E-02,-7.670700004986E-02,-7.474015389474E-02,
    -7.277330773961E-02,-7.080646158449E-02,-6.883961542936E-02,
    -6.687276927424E-02,-6.490592311912E-02,-6.293907696399E-02,
    -6.097223080887E-02,-5.900538465374E-02,-5.703853849862E-02,
    -5.507169234349E-02,-5.310484618837E-02,-5.113800003324E-02,
    -4.917115387812E-02,-4.720430772299E-02,-4.523746156787E-02,
    -4.327061541274E-02,-4.130376925762E-02,-3.933692310249E-02,
    -3.737007694737E-02,-3.540323079224E-02,-3.343638463712E-02,
    -3.1469538482E-02,-2.950269232687E-02,-2.753584617175E-02,
    -2.556900001662E-02,-2.36021538615E-02,-2.163530770637E-02,
    -1.966846155125E-02,-1.770161539612E-02,-1.5734769241E-02,
    -1.376792308587E-02,-1.180107693075E-02,-9.834230775623E-03,
    -7.867384620499E-03,-5.900538465374E-03,-3.933692310249E-03,
    -1.966846155125E-03,0.),.UNSPECIFIED.);
#5519 = CARTESIAN_POINT('',(5.664868100776,7.201497591748));
#5520 = CARTESIAN_POINT('',(5.663572150311,7.205516004872));
#5521 = CARTESIAN_POINT('',(5.660962872011,7.21346312352));
#5522 = CARTESIAN_POINT('',(5.656997626479,7.225108370376));
#5523 = CARTESIAN_POINT('',(5.652981859453,7.236471876114));
#5524 = CARTESIAN_POINT('',(5.648916368575,7.247547336607));
#5525 = CARTESIAN_POINT('',(5.644801956846,7.258328425917));
#5526 = CARTESIAN_POINT('',(5.640639386157,7.268808899472));
#5527 = CARTESIAN_POINT('',(5.636429548042,7.278982209046));
#5528 = CARTESIAN_POINT('',(5.632172826304,7.288842939664));
#5529 = CARTESIAN_POINT('',(5.627871573225,7.298381223489));
#5530 = CARTESIAN_POINT('',(5.623527369436,7.307589336225));
#5531 = CARTESIAN_POINT('',(5.61914098055,7.316461370614));
#5532 = CARTESIAN_POINT('',(5.614713385089,7.32499093265));
#5533 = CARTESIAN_POINT('',(5.610245499395,7.333171758285));
#5534 = CARTESIAN_POINT('',(5.605738248991,7.340997550394));
#5535 = CARTESIAN_POINT('',(5.601192557137,7.348462014191));
#5536 = CARTESIAN_POINT('',(5.596609318098,7.355558878614));
#5537 = CARTESIAN_POINT('',(5.59198951433,7.36228177537));
#5538 = CARTESIAN_POINT('',(5.587333773228,7.36862470136));
#5539 = CARTESIAN_POINT('',(5.582647757296,7.374575197771));
#5540 = CARTESIAN_POINT('',(5.577931877073,7.380128660286));
#5541 = CARTESIAN_POINT('',(5.573187460159,7.38527914415));
#5542 = CARTESIAN_POINT('',(5.568415083491,7.39002154474));
#5543 = CARTESIAN_POINT('',(5.563617394861,7.394348728752));
#5544 = CARTESIAN_POINT('',(5.558797222466,7.398254022887));
#5545 = CARTESIAN_POINT('',(5.553956576677,7.401731918442));
#5546 = CARTESIAN_POINT('',(5.5490980495,7.404776827081));
#5547 = CARTESIAN_POINT('',(5.544225136548,7.407383269004));
#5548 = CARTESIAN_POINT('',(5.539338914429,7.409547697531));
#5549 = CARTESIAN_POINT('',(5.534439026816,7.41126655423));
#5550 = CARTESIAN_POINT('',(5.529536457834,7.412533632003));
#5551 = CARTESIAN_POINT('',(5.524632446251,7.413347573241));
#5552 = CARTESIAN_POINT('',(5.519728184958,7.413706732499));
#5553 = CARTESIAN_POINT('',(5.514824882795,7.413609543096));
#5554 = CARTESIAN_POINT('',(5.509923736354,7.413054411131));
#5555 = CARTESIAN_POINT('',(5.505025979136,7.412039772819));
#5556 = CARTESIAN_POINT('',(5.500132711302,7.410563971132));
#5557 = CARTESIAN_POINT('',(5.495245529721,7.408625691894));
#5558 = CARTESIAN_POINT('',(5.490364176222,7.406222342768));
#5559 = CARTESIAN_POINT('',(5.485503395708,7.403360338608));
#5560 = CARTESIAN_POINT('',(5.480663210543,7.400040934059));
#5561 = CARTESIAN_POINT('',(5.475845152396,7.39626570683));
#5562 = CARTESIAN_POINT('',(5.471050352974,7.39203614806));
#5563 = CARTESIAN_POINT('',(5.466280054976,7.387353772092));
#5564 = CARTESIAN_POINT('',(5.463117002179,7.38393131538));
#5565 = CARTESIAN_POINT('',(5.461539966351,7.382145120488));
#5566 = ( GEOMETRIC_REPRESENTATION_CONTEXT(2) 
PARAMETRIC_REPRESENTATION_CONTEXT() REPRESENTATION_CONTEXT('2D SPACE',''
  ) );
#5567 = ORIENTED_EDGE('',*,*,#5568,.T.);
#5568 = EDGE_CURVE('',#5437,#3463,#5569,.T.);
#5569 = SURFACE_CURVE('',#5570,(#5575,#5581),.PCURVE_S1.);
#5570 = B_SPLINE_CURVE_WITH_KNOTS('',3,(#5571,#5572,#5573,#5574),
  .UNSPECIFIED.,.F.,.F.,(4,4),(-4.547265259012E-03,0.),
  .PIECEWISE_BEZIER_KNOTS.);
#5571 = CARTESIAN_POINT('',(-2.723819350483,7.381154708039,
    -2.928930904788));
#5572 = CARTESIAN_POINT('',(-2.722487315508,7.380934881463,
    -2.930291416395));
#5573 = CARTESIAN_POINT('',(-2.721155633929,7.380710726309,
    -2.931651574605));
#5574 = CARTESIAN_POINT('',(-2.71982431966,7.380482244894,
    -2.933011365505));
#5575 = PCURVE('',#75,#5576);
#5576 = DEFINITIONAL_REPRESENTATION('',(#5577),#5580);
#5577 = B_SPLINE_CURVE_WITH_KNOTS('',1,(#5578,#5579),.UNSPECIFIED.,.F.,
  .F.,(2,2),(-4.547265259012E-03,0.),.PIECEWISE_BEZIER_KNOTS.);
#5578 = CARTESIAN_POINT('',(3.225729441797E-02,18.963854306608));
#5579 = CARTESIAN_POINT('',(3.227623946703E-02,18.968405272442));
#5580 = ( GEOMETRIC_REPRESENTATION_CONTEXT(2) 
PARAMETRIC_REPRESENTATION_CONTEXT() REPRESENTATION_CONTEXT('2D SPACE',''
  ) );
#5581 = PCURVE('',#1826,#5582);
#5582 = DEFINITIONAL_REPRESENTATION('',(#5583),#5586);
#5583 = B_SPLINE_CURVE_WITH_KNOTS('',1,(#5584,#5585),.UNSPECIFIED.,.F.,
  .F.,(2,2),(-4.547265259012E-03,0.),.PIECEWISE_BEZIER_KNOTS.);
#5584 = CARTESIAN_POINT('',(5.461517788502,7.381154708039));
#5585 = CARTESIAN_POINT('',(5.460091715782,7.380482244894));
#5586 = ( GEOMETRIC_REPRESENTATION_CONTEXT(2) 
PARAMETRIC_REPRESENTATION_CONTEXT() REPRESENTATION_CONTEXT('2D SPACE',''
  ) );
#5587 = ORIENTED_EDGE('',*,*,#3462,.T.);
#5588 = ORIENTED_EDGE('',*,*,#4223,.T.);
#5589 = ORIENTED_EDGE('',*,*,#3026,.T.);
#5590 = ORIENTED_EDGE('',*,*,#2443,.T.);
#5591 = ORIENTED_EDGE('',*,*,#5592,.T.);
#5592 = EDGE_CURVE('',#2422,#46,#5593,.T.);
#5593 = SURFACE_CURVE('',#5594,(#5605,#5634),.PCURVE_S1.);
#5594 = B_SPLINE_CURVE_WITH_KNOTS('',3,(#5595,#5596,#5597,#5598,#5599,
    #5600,#5601,#5602,#5603,#5604),.UNSPECIFIED.,.F.,.F.,(4,2,2,2,4),(0.
    ,4.423749814996E-02,7.275108355495E-02,0.11095178267,0.145414015424)
  ,.UNSPECIFIED.);
#5595 = CARTESIAN_POINT('',(-5.041257099257,6.157406260494,
    -3.253571400659));
#5596 = CARTESIAN_POINT('',(-5.049251867598,6.010686830069,
    -3.241183880089));
#5597 = CARTESIAN_POINT('',(-5.04606640216,5.861583712302,
    -3.246194533275));
#5598 = CARTESIAN_POINT('',(-5.024785604331,5.622333934197,
    -3.278988319015));
#5599 = CARTESIAN_POINT('',(-5.012322477932,5.529514863048,
    -3.298107432805));
#5600 = CARTESIAN_POINT('',(-4.973681108636,5.318458810027,
    -3.356202073712));
#5601 = CARTESIAN_POINT('',(-4.944089604296,5.201179681897,
    -3.400034220864));
#5602 = CARTESIAN_POINT('',(-4.872677880563,4.993413866135,
    -3.501495819427));
#5603 = CARTESIAN_POINT('',(-4.832184966459,4.900976679792,
    -3.557587162496));
#5604 = CARTESIAN_POINT('',(-4.78375448277,4.817361759354,
    -3.621559477432));
#5605 = PCURVE('',#75,#5606);
#5606 = DEFINITIONAL_REPRESENTATION('',(#5607),#5633);
#5607 = B_SPLINE_CURVE_WITH_KNOTS('',3,(#5608,#5609,#5610,#5611,#5612,
    #5613,#5614,#5615,#5616,#5617,#5618,#5619,#5620,#5621,#5622,#5623,
    #5624,#5625,#5626,#5627,#5628,#5629,#5630,#5631,#5632),
  .UNSPECIFIED.,.F.,.F.,(4,1,1,1,1,1,1,1,1,1,1,1,1,1,1,1,1,1,1,1,1,1,4),
  (0.,6.609727973814E-03,1.321945594763E-02,1.982918392144E-02,
    2.643891189526E-02,3.304863986907E-02,3.965836784288E-02,
    4.62680958167E-02,5.287782379051E-02,5.948755176433E-02,
    6.609727973814E-02,7.270700771195E-02,7.931673568577E-02,
    8.592646365958E-02,9.25361916334E-02,9.914591960721E-02,
    0.105755647581,0.112365375555,0.118975103529,0.125584831502,
    0.132194559476,0.13880428745,0.145414015424),.QUASI_UNIFORM_KNOTS.);
#5608 = CARTESIAN_POINT('',(3.215840999386E-02,42.437131427083));
#5609 = CARTESIAN_POINT('',(3.19747488388E-02,42.41975653395));
#5610 = CARTESIAN_POINT('',(3.156940691836E-02,42.385059364326));
#5611 = CARTESIAN_POINT('',(3.085073673694E-02,42.333249036404));
#5612 = CARTESIAN_POINT('',(3.002464179931E-02,42.281754062508));
#5613 = CARTESIAN_POINT('',(2.909494609954E-02,42.230646141921));
#5614 = CARTESIAN_POINT('',(2.806582728822E-02,42.179994334905));
#5615 = CARTESIAN_POINT('',(2.694155931163E-02,42.129851523838));
#5616 = CARTESIAN_POINT('',(2.572744161349E-02,42.080302452074));
#5617 = CARTESIAN_POINT('',(2.442530992371E-02,42.031247006214));
#5618 = CARTESIAN_POINT('',(2.30404271457E-02,41.982721615287));
#5619 = CARTESIAN_POINT('',(2.157829374005E-02,41.934762794147));
#5620 = CARTESIAN_POINT('',(2.004563588552E-02,41.887428395814));
#5621 = CARTESIAN_POINT('',(1.844530181744E-02,41.840653118824));
#5622 = CARTESIAN_POINT('',(1.678044275035E-02,41.794370909631));
#5623 = CARTESIAN_POINT('',(1.505873125748E-02,41.748631830206));
#5624 = CARTESIAN_POINT('',(1.32869670843E-02,41.703447593551));
#5625 = CARTESIAN_POINT('',(1.147217926024E-02,41.658825570112));
#5626 = CARTESIAN_POINT('',(9.62236229592E-03,41.614789135264));
#5627 = CARTESIAN_POINT('',(7.741745725237E-03,41.571253333265));
#5628 = CARTESIAN_POINT('',(5.836960841376E-03,41.528159815193));
#5629 = CARTESIAN_POINT('',(3.915127438432E-03,41.485471611288));
#5630 = CARTESIAN_POINT('',(1.980570577983E-03,41.443143047286));
#5631 = CARTESIAN_POINT('',(6.897080396136E-04,41.41512949135));
#5632 = CARTESIAN_POINT('',(4.550115246232E-05,41.401165789886));
#5633 = ( GEOMETRIC_REPRESENTATION_CONTEXT(2) 
PARAMETRIC_REPRESENTATION_CONTEXT() REPRESENTATION_CONTEXT('2D SPACE',''
  ) );
#5634 = PCURVE('',#220,#5635);
#5635 = DEFINITIONAL_REPRESENTATION('',(#5636),#5662);
#5636 = B_SPLINE_CURVE_WITH_KNOTS('',3,(#5637,#5638,#5639,#5640,#5641,
    #5642,#5643,#5644,#5645,#5646,#5647,#5648,#5649,#5650,#5651,#5652,
    #5653,#5654,#5655,#5656,#5657,#5658,#5659,#5660,#5661),
  .UNSPECIFIED.,.F.,.F.,(4,1,1,1,1,1,1,1,1,1,1,1,1,1,1,1,1,1,1,1,1,1,4),
  (0.,6.609727973814E-03,1.321945594763E-02,1.982918392144E-02,
    2.643891189526E-02,3.304863986907E-02,3.965836784288E-02,
    4.62680958167E-02,5.287782379051E-02,5.948755176433E-02,
    6.609727973814E-02,7.270700771195E-02,7.931673568577E-02,
    8.592646365958E-02,9.25361916334E-02,9.914591960721E-02,
    0.105755647581,0.112365375555,0.118975103529,0.125584831502,
    0.132194559476,0.13880428745,0.145414015424),.QUASI_UNIFORM_KNOTS.);
#5637 = CARTESIAN_POINT('',(-0.573126844813,2.657406260494));
#5638 = CARTESIAN_POINT('',(-0.572759698783,2.635484235873));
#5639 = CARTESIAN_POINT('',(-0.572179304651,2.591533763926));
#5640 = CARTESIAN_POINT('',(-0.571760912081,2.525408943041));
#5641 = CARTESIAN_POINT('',(-0.571785213847,2.459205438195));
#5642 = CARTESIAN_POINT('',(-0.572242737614,2.393042719933));
#5643 = CARTESIAN_POINT('',(-0.573123896025,2.327043818792));
#5644 = CARTESIAN_POINT('',(-0.574419544711,2.261318483794));
#5645 = CARTESIAN_POINT('',(-0.576118893939,2.196026030025));
#5646 = CARTESIAN_POINT('',(-0.578218768797,2.131090297424));
#5647 = CARTESIAN_POINT('',(-0.580713547332,2.066622198637));
#5648 = CARTESIAN_POINT('',(-0.583597259267,2.002741307829));
#5649 = CARTESIAN_POINT('',(-0.586861883967,1.939604206159));
#5650 = CARTESIAN_POINT('',(-0.59050805001,1.877210785289));
#5651 = CARTESIAN_POINT('',(-0.594539811682,1.815569778586));
#5652 = CARTESIAN_POINT('',(-0.598952220752,1.75485494137));
#5653 = CARTESIAN_POINT('',(-0.603742569782,1.695197865352));
#5654 = CARTESIAN_POINT('',(-0.608908471023,1.636733801567));
#5655 = CARTESIAN_POINT('',(-0.614444305763,1.579625527366));
#5656 = CARTESIAN_POINT('',(-0.620358825215,1.523908140223));
#5657 = CARTESIAN_POINT('',(-0.626660111192,1.469671899499));
#5658 = CARTESIAN_POINT('',(-0.633352508138,1.417038685082));
#5659 = CARTESIAN_POINT('',(-0.64044148868,1.366121901254));
#5660 = CARTESIAN_POINT('',(-0.645435422846,1.333398789879));
#5661 = CARTESIAN_POINT('',(-0.648000272686,1.317361759354));
#5662 = ( GEOMETRIC_REPRESENTATION_CONTEXT(2) 
PARAMETRIC_REPRESENTATION_CONTEXT() REPRESENTATION_CONTEXT('2D SPACE',''
  ) );
#5663 = ADVANCED_FACE('',(#5664),#5194,.F.);
#5664 = FACE_BOUND('',#5665,.F.);
#5665 = EDGE_LOOP('',(#5666,#5667,#5668));
#5666 = ORIENTED_EDGE('',*,*,#5222,.F.);
#5667 = ORIENTED_EDGE('',*,*,#5179,.T.);
#5668 = ORIENTED_EDGE('',*,*,#5669,.T.);
#5669 = EDGE_CURVE('',#5132,#5223,#5670,.T.);
#5670 = SURFACE_CURVE('',#5671,(#5678,#5684),.PCURVE_S1.);
#5671 = B_SPLINE_CURVE_WITH_KNOTS('',3,(#5672,#5673,#5674,#5675,#5676,
    #5677),.UNSPECIFIED.,.F.,.F.,(4,2,4),(-2.58375532457E-02,
    -1.290525109352E-02,0.),.UNSPECIFIED.);
#5672 = CARTESIAN_POINT('',(-1.789288548661,5.31710559628,
    -3.577491647738));
#5673 = CARTESIAN_POINT('',(-1.805780131969,5.278137391713,
    -3.569243354221));
#5674 = CARTESIAN_POINT('',(-1.823295046581,5.239708437423,
    -3.560341174136));
#5675 = CARTESIAN_POINT('',(-1.860246521813,5.164307513452,
    -3.541174263863));
#5676 = CARTESIAN_POINT('',(-1.879704681438,5.127280380004,
    -3.530899116288));
#5677 = CARTESIAN_POINT('',(-1.900120332097,5.091055432827,
    -3.519878225671));
#5678 = PCURVE('',#5194,#5679);
#5679 = DEFINITIONAL_REPRESENTATION('',(#5680),#5683);
#5680 = B_SPLINE_CURVE_WITH_KNOTS('',1,(#5681,#5682),.UNSPECIFIED.,.F.,
  .F.,(2,2),(-2.58375532457E-02,0.),.PIECEWISE_BEZIER_KNOTS.);
#5681 = CARTESIAN_POINT('',(4.887755770004E-03,14.705713988107));
#5682 = CARTESIAN_POINT('',(-3.528907740961E-16,14.871493135168));
#5683 = ( GEOMETRIC_REPRESENTATION_CONTEXT(2) 
PARAMETRIC_REPRESENTATION_CONTEXT() REPRESENTATION_CONTEXT('2D SPACE',''
  ) );
#5684 = PCURVE('',#1826,#5685);
#5685 = DEFINITIONAL_REPRESENTATION('',(#5686),#5712);
#5686 = B_SPLINE_CURVE_WITH_KNOTS('',3,(#5687,#5688,#5689,#5690,#5691,
    #5692,#5693,#5694,#5695,#5696,#5697,#5698,#5699,#5700,#5701,#5702,
    #5703,#5704,#5705,#5706,#5707,#5708,#5709,#5710,#5711),
  .UNSPECIFIED.,.F.,.F.,(4,1,1,1,1,1,1,1,1,1,1,1,1,1,1,1,1,1,1,1,1,1,4),
  (-2.58375532457E-02,-2.466311900726E-02,-2.348868476882E-02,
    -2.231425053038E-02,-2.113981629194E-02,-1.99653820535E-02,
    -1.879094781506E-02,-1.761651357661E-02,-1.644207933817E-02,
    -1.526764509973E-02,-1.409321086129E-02,-1.291877662285E-02,
    -1.174434238441E-02,-1.056990814597E-02,-9.395473907528E-03,
    -8.221039669087E-03,-7.046605430646E-03,-5.872171192205E-03,
    -4.697736953764E-03,-3.523302715323E-03,-2.348868476882E-03,
    -1.174434238441E-03,0.),.UNSPECIFIED.);
#5687 = CARTESIAN_POINT('',(5.176157946339,5.31710559628));
#5688 = CARTESIAN_POINT('',(5.176576582364,5.313566737296));
#5689 = CARTESIAN_POINT('',(5.177418834584,5.306497913922));
#5690 = CARTESIAN_POINT('',(5.178697131066,5.295922035672));
#5691 = CARTESIAN_POINT('',(5.179990323281,5.28537418728));
#5692 = CARTESIAN_POINT('',(5.181298389037,5.274855041738));
#5693 = CARTESIAN_POINT('',(5.182621306254,5.264365272238));
#5694 = CARTESIAN_POINT('',(5.183959053117,5.253905551227));
#5695 = CARTESIAN_POINT('',(5.185311607589,5.243476553926));
#5696 = CARTESIAN_POINT('',(5.186678949221,5.233078945213));
#5697 = CARTESIAN_POINT('',(5.188061052385,5.222713428565));
#5698 = CARTESIAN_POINT('',(5.189457911537,5.212380563398));
#5699 = CARTESIAN_POINT('',(5.190869446941,5.202081446776));
#5700 = CARTESIAN_POINT('',(5.192295856508,5.191815169238));
#5701 = CARTESIAN_POINT('',(5.193737358514,5.181580779275));
#5702 = CARTESIAN_POINT('',(5.19519387114,5.171379496723));
#5703 = CARTESIAN_POINT('',(5.196665393197,5.161211959887));
#5704 = CARTESIAN_POINT('',(5.198151902145,5.151078962892));
#5705 = CARTESIAN_POINT('',(5.199653381418,5.140981258109));
#5706 = CARTESIAN_POINT('',(5.20116981311,5.130919609101));
#5707 = CARTESIAN_POINT('',(5.202701179929,5.120894776428));
#5708 = CARTESIAN_POINT('',(5.204247464678,5.110907521458));
#5709 = CARTESIAN_POINT('',(5.205808650377,5.100958605341));
#5710 = CARTESIAN_POINT('',(5.206859363669,5.094352061303));
#5711 = CARTESIAN_POINT('',(5.207387198224,5.091055432827));
#5712 = ( GEOMETRIC_REPRESENTATION_CONTEXT(2) 
PARAMETRIC_REPRESENTATION_CONTEXT() REPRESENTATION_CONTEXT('2D SPACE',''
  ) );
#5713 = ADVANCED_FACE('',(#5714),#2140,.F.);
#5714 = FACE_BOUND('',#5715,.F.);
#5715 = EDGE_LOOP('',(#5716,#5717));
#5716 = ORIENTED_EDGE('',*,*,#2097,.T.);
#5717 = ORIENTED_EDGE('',*,*,#5718,.T.);
#5718 = EDGE_CURVE('',#2026,#2098,#5719,.T.);
#5719 = SURFACE_CURVE('',#5720,(#5739,#5790),.PCURVE_S1.);
#5720 = B_SPLINE_CURVE_WITH_KNOTS('',3,(#5721,#5722,#5723,#5724,#5725,
    #5726,#5727,#5728,#5729,#5730,#5731,#5732,#5733,#5734,#5735,#5736,
    #5737,#5738),.UNSPECIFIED.,.F.,.F.,(4,2,2,2,2,2,2,2,4),(
    2.61837094322E-06,2.702479603363E-02,4.091080808434E-02,
    4.843504752388E-02,5.373135557143E-02,5.918369096898E-02,
    6.75678574283E-02,8.624857657405E-02,0.134963091329),.UNSPECIFIED.);
#5721 = CARTESIAN_POINT('',(-4.132203336499,7.380062677685,
    -4.350275345978));
#5722 = CARTESIAN_POINT('',(-4.195085837607,7.404380693168,
    -4.290545039223));
#5723 = CARTESIAN_POINT('',(-4.258631056131,7.416027153865,
    -4.22754961755));
#5724 = CARTESIAN_POINT('',(-4.353240655802,7.414216913524,
    -4.129338748181));
#5725 = CARTESIAN_POINT('',(-4.384866836053,7.41021454253,
    -4.095733510185));
#5726 = CARTESIAN_POINT('',(-4.432590250989,7.398983308956,
    -4.043854269958));
#5727 = CARTESIAN_POINT('',(-4.449136020358,7.39407926488,
    -4.025640806021));
#5728 = CARTESIAN_POINT('',(-4.476901531119,7.384136744047,
    -3.994702442023));
#5729 = CARTESIAN_POINT('',(-4.488240628162,7.379570559335,
    -3.981957145774));
#5730 = CARTESIAN_POINT('',(-4.510971314371,7.369394009874,
    -3.956190286854));
#5731 = CARTESIAN_POINT('',(-4.522349160053,7.36375928834,
    -3.943177825686));
#5732 = CARTESIAN_POINT('',(-4.550817375789,7.348292978548,
    -3.910339463768));
#5733 = CARTESIAN_POINT('',(-4.567675462721,7.337841598333,
    -3.890628538485));
#5734 = CARTESIAN_POINT('',(-4.620757091731,7.300781882366,
    -3.827770704082));
#5735 = CARTESIAN_POINT('',(-4.655249510945,7.270153526665,
    -3.785672925698));
#5736 = CARTESIAN_POINT('',(-4.771562071577,7.144667353239,
    -3.640101004774));
#5737 = CARTESIAN_POINT('',(-4.840438116088,7.02573213677,-3.54663922035
    ));
#5738 = CARTESIAN_POINT('',(-4.893752079992,6.891508120889,
    -3.471482475769));
#5739 = PCURVE('',#2140,#5740);
#5740 = DEFINITIONAL_REPRESENTATION('',(#5741),#5789);
#5741 = B_SPLINE_CURVE_WITH_KNOTS('',3,(#5742,#5743,#5744,#5745,#5746,
    #5747,#5748,#5749,#5750,#5751,#5752,#5753,#5754,#5755,#5756,#5757,
    #5758,#5759,#5760,#5761,#5762,#5763,#5764,#5765,#5766,#5767,#5768,
    #5769,#5770,#5771,#5772,#5773,#5774,#5775,#5776,#5777,#5778,#5779,
    #5780,#5781,#5782,#5783,#5784,#5785,#5786,#5787,#5788),
  .UNSPECIFIED.,.F.,.F.,(4,1,1,1,1,1,1,1,1,1,1,1,1,1,1,1,1,1,1,1,1,1,1,1
    ,1,1,1,1,1,1,1,1,1,1,1,1,1,1,1,1,1,1,1,1,4),(2.61837094322E-06,
    3.069901847265E-03,6.137185323586E-03,9.204468799907E-03,
    1.227175227623E-02,1.533903575255E-02,1.840631922887E-02,
    2.147360270519E-02,2.454088618151E-02,2.760816965784E-02,
    3.067545313416E-02,3.374273661048E-02,3.68100200868E-02,
    3.987730356312E-02,4.294458703944E-02,4.601187051576E-02,
    4.907915399209E-02,5.214643746841E-02,5.521372094473E-02,
    5.828100442105E-02,6.134828789737E-02,6.441557137369E-02,
    6.748285485001E-02,7.055013832634E-02,7.361742180266E-02,
    7.668470527898E-02,7.97519887553E-02,8.281927223162E-02,
    8.588655570794E-02,8.895383918426E-02,9.202112266059E-02,
    9.508840613691E-02,9.815568961323E-02,0.10122297309,0.104290256566,
    0.107357540042,0.110424823519,0.113492106995,0.116559390471,
    0.119626673947,0.122693957424,0.1257612409,0.128828524376,
    0.131895807853,0.134963091329),.QUASI_UNIFORM_KNOTS.);
#5742 = CARTESIAN_POINT('',(3.215840999386E-02,44.104547015966));
#5743 = CARTESIAN_POINT('',(3.198062416317E-02,44.096556111522));
#5744 = CARTESIAN_POINT('',(3.163495276868E-02,44.080607522605));
#5745 = CARTESIAN_POINT('',(3.114650693381E-02,44.056770700052));
#5746 = CARTESIAN_POINT('',(3.068850707759E-02,44.033006302801));
#5747 = CARTESIAN_POINT('',(3.026125299197E-02,44.009300822835));
#5748 = CARTESIAN_POINT('',(2.986498932117E-02,43.98564070331));
#5749 = CARTESIAN_POINT('',(2.949990300013E-02,43.962012839712));
#5750 = CARTESIAN_POINT('',(2.91661086102E-02,43.938402698472));
#5751 = CARTESIAN_POINT('',(2.886371190825E-02,43.914801279166));
#5752 = CARTESIAN_POINT('',(2.859257022837E-02,43.891179079315));
#5753 = CARTESIAN_POINT('',(2.835325882832E-02,43.867590799251));
#5754 = CARTESIAN_POINT('',(2.814545096353E-02,43.844041658292));
#5755 = CARTESIAN_POINT('',(2.796856555447E-02,43.820513853497));
#5756 = CARTESIAN_POINT('',(2.782201217435E-02,43.796995869134));
#5757 = CARTESIAN_POINT('',(2.770516659319E-02,43.773476710596));
#5758 = CARTESIAN_POINT('',(2.76173856081E-02,43.749981893323));
#5759 = CARTESIAN_POINT('',(2.755771039397E-02,43.726489379791));
#5760 = CARTESIAN_POINT('',(2.752521454346E-02,43.703007401168));
#5761 = CARTESIAN_POINT('',(2.751882126682E-02,43.67952765373));
#5762 = CARTESIAN_POINT('',(2.753738778775E-02,43.65605397693));
#5763 = CARTESIAN_POINT('',(2.757970176879E-02,43.632577647622));
#5764 = CARTESIAN_POINT('',(2.764445321791E-02,43.609106482621));
#5765 = CARTESIAN_POINT('',(2.773032501038E-02,43.585626586645));
#5766 = CARTESIAN_POINT('',(2.783591556434E-02,43.562142290817));
#5767 = CARTESIAN_POINT('',(2.795979553571E-02,43.538659285548));
#5768 = CARTESIAN_POINT('',(2.810059540919E-02,43.515168353606));
#5769 = CARTESIAN_POINT('',(2.82569137353E-02,43.491665367468));
#5770 = CARTESIAN_POINT('',(2.842733941031E-02,43.468145857596));
#5771 = CARTESIAN_POINT('',(2.861049169709E-02,43.444606791365));
#5772 = CARTESIAN_POINT('',(2.880487447545E-02,43.421044891145));
#5773 = CARTESIAN_POINT('',(2.900902207853E-02,43.397452786707));
#5774 = CARTESIAN_POINT('',(2.922170127621E-02,43.373826235987));
#5775 = CARTESIAN_POINT('',(2.944159181187E-02,43.350161093611));
#5776 = CARTESIAN_POINT('',(2.966737541241E-02,43.326454113322));
#5777 = CARTESIAN_POINT('',(2.98977178624E-02,43.302702750381));
#5778 = CARTESIAN_POINT('',(3.013127969449E-02,43.278905231127));
#5779 = CARTESIAN_POINT('',(3.036671921205E-02,43.255060549977));
#5780 = CARTESIAN_POINT('',(3.060269759817E-02,43.231168484577));
#5781 = CARTESIAN_POINT('',(3.083788354167E-02,43.207229604681));
#5782 = CARTESIAN_POINT('',(3.107095805762E-02,43.183245280129));
#5783 = CARTESIAN_POINT('',(3.130061950383E-02,43.159217688886));
#5784 = CARTESIAN_POINT('',(3.15255882375E-02,43.13514981358));
#5785 = CARTESIAN_POINT('',(3.174461324183E-02,43.111045469232));
#5786 = CARTESIAN_POINT('',(3.195647204407E-02,43.086909200081));
#5787 = CARTESIAN_POINT('',(3.209215492621E-02,43.070800832047));
#5788 = CARTESIAN_POINT('',(3.215840999386E-02,43.062743155594));
#5789 = ( GEOMETRIC_REPRESENTATION_CONTEXT(2) 
PARAMETRIC_REPRESENTATION_CONTEXT() REPRESENTATION_CONTEXT('2D SPACE',''
  ) );
#5790 = PCURVE('',#220,#5791);
#5791 = DEFINITIONAL_REPRESENTATION('',(#5792),#5840);
#5792 = B_SPLINE_CURVE_WITH_KNOTS('',3,(#5793,#5794,#5795,#5796,#5797,
    #5798,#5799,#5800,#5801,#5802,#5803,#5804,#5805,#5806,#5807,#5808,
    #5809,#5810,#5811,#5812,#5813,#5814,#5815,#5816,#5817,#5818,#5819,
    #5820,#5821,#5822,#5823,#5824,#5825,#5826,#5827,#5828,#5829,#5830,
    #5831,#5832,#5833,#5834,#5835,#5836,#5837,#5838,#5839),
  .UNSPECIFIED.,.F.,.F.,(4,1,1,1,1,1,1,1,1,1,1,1,1,1,1,1,1,1,1,1,1,1,1,1
    ,1,1,1,1,1,1,1,1,1,1,1,1,1,1,1,1,1,1,1,1,4),(2.61837094322E-06,
    3.069901847265E-03,6.137185323586E-03,9.204468799907E-03,
    1.227175227623E-02,1.533903575255E-02,1.840631922887E-02,
    2.147360270519E-02,2.454088618151E-02,2.760816965784E-02,
    3.067545313416E-02,3.374273661048E-02,3.68100200868E-02,
    3.987730356312E-02,4.294458703944E-02,4.601187051576E-02,
    4.907915399209E-02,5.214643746841E-02,5.521372094473E-02,
    5.828100442105E-02,6.134828789737E-02,6.441557137369E-02,
    6.748285485001E-02,7.055013832634E-02,7.361742180266E-02,
    7.668470527898E-02,7.97519887553E-02,8.281927223162E-02,
    8.588655570794E-02,8.895383918426E-02,9.202112266059E-02,
    9.508840613691E-02,9.815568961323E-02,0.10122297309,0.104290256566,
    0.107357540042,0.110424823519,0.113492106995,0.116559390471,
    0.119626673947,0.122693957424,0.1257612409,0.128828524376,
    0.131895807853,0.134963091329),.QUASI_UNIFORM_KNOTS.);
#5793 = CARTESIAN_POINT('',(-0.81110102613,3.880062677685));
#5794 = CARTESIAN_POINT('',(-0.809460260126,3.882823012104));
#5795 = CARTESIAN_POINT('',(-0.806167006915,3.888017147961));
#5796 = CARTESIAN_POINT('',(-0.801195051023,3.894827255212));
#5797 = CARTESIAN_POINT('',(-0.796194105304,3.900654768051));
#5798 = CARTESIAN_POINT('',(-0.791167260485,3.905498189584));
#5799 = CARTESIAN_POINT('',(-0.786117582315,3.909356019275));
#5800 = CARTESIAN_POINT('',(-0.781048219094,3.912226770164));
#5801 = CARTESIAN_POINT('',(-0.775961996337,3.914108904634));
#5802 = CARTESIAN_POINT('',(-0.770862925749,3.915001074125));
#5803 = CARTESIAN_POINT('',(-0.765750569768,3.914901224493));
#5804 = CARTESIAN_POINT('',(-0.76064271328,3.913810097627));
#5805 = CARTESIAN_POINT('',(-0.755546398722,3.91173551482));
#5806 = CARTESIAN_POINT('',(-0.750463583411,3.908684065672));
#5807 = CARTESIAN_POINT('',(-0.74539749118,3.904662715964));
#5808 = CARTESIAN_POINT('',(-0.74035137822,3.899678158444));
#5809 = CARTESIAN_POINT('',(-0.735336172975,3.893747487293));
#5810 = CARTESIAN_POINT('',(-0.730352453934,3.886878825721));
#5811 = CARTESIAN_POINT('',(-0.725407100831,3.879088573321));
#5812 = CARTESIAN_POINT('',(-0.720503298908,3.870389653554));
#5813 = CARTESIAN_POINT('',(-0.715646587814,3.86080004239));
#5814 = CARTESIAN_POINT('',(-0.710839702587,3.850333529343));
#5815 = CARTESIAN_POINT('',(-0.706088557147,3.839011860232));
#5816 = CARTESIAN_POINT('',(-0.701394437598,3.826847165726));
#5817 = CARTESIAN_POINT('',(-0.696762152994,3.813860038373));
#5818 = CARTESIAN_POINT('',(-0.692195957509,3.800080637973));
#5819 = CARTESIAN_POINT('',(-0.687696958046,3.785531028882));
#5820 = CARTESIAN_POINT('',(-0.683267119057,3.770235429001));
#5821 = CARTESIAN_POINT('',(-0.678908165497,3.754217515586));
#5822 = CARTESIAN_POINT('',(-0.67462197233,3.737500974934));
#5823 = CARTESIAN_POINT('',(-0.670410101442,3.720109997814));
#5824 = CARTESIAN_POINT('',(-0.666273264883,3.702064725371));
#5825 = CARTESIAN_POINT('',(-0.662212870214,3.683384346484));
#5826 = CARTESIAN_POINT('',(-0.658230155943,3.664088298536));
#5827 = CARTESIAN_POINT('',(-0.654326415385,3.644195952321));
#5828 = CARTESIAN_POINT('',(-0.650502936422,3.623726696479));
#5829 = CARTESIAN_POINT('',(-0.646761017394,3.602699914864));
#5830 = CARTESIAN_POINT('',(-0.643101962604,3.581134992616));
#5831 = CARTESIAN_POINT('',(-0.639527083293,3.559051314529));
#5832 = CARTESIAN_POINT('',(-0.636037697161,3.536468265489));
#5833 = CARTESIAN_POINT('',(-0.632635128279,3.513405230358));
#5834 = CARTESIAN_POINT('',(-0.62932070692,3.489881594004));
#5835 = CARTESIAN_POINT('',(-0.62609576936,3.465916741295));
#5836 = CARTESIAN_POINT('',(-0.622961657903,3.441530057097));
#5837 = CARTESIAN_POINT('',(-0.619919720042,3.416740926278));
#5838 = CARTESIAN_POINT('',(-0.617954113936,3.399959464562));
#5839 = CARTESIAN_POINT('',(-0.616987124489,3.391508120889));
#5840 = ( GEOMETRIC_REPRESENTATION_CONTEXT(2) 
PARAMETRIC_REPRESENTATION_CONTEXT() REPRESENTATION_CONTEXT('2D SPACE',''
  ) );
#5841 = ADVANCED_FACE('',(#5842),#250,.F.);
#5842 = FACE_BOUND('',#5843,.F.);
#5843 = EDGE_LOOP('',(#5844,#5845,#5846,#5847));
#5844 = ORIENTED_EDGE('',*,*,#787,.T.);
#5845 = ORIENTED_EDGE('',*,*,#762,.T.);
#5846 = ORIENTED_EDGE('',*,*,#231,.T.);
#5847 = ORIENTED_EDGE('',*,*,#5848,.F.);
#5848 = EDGE_CURVE('',#788,#203,#5849,.T.);
#5849 = SURFACE_CURVE('',#5850,(#5869,#5920),.PCURVE_S1.);
#5850 = B_SPLINE_CURVE_WITH_KNOTS('',3,(#5851,#5852,#5853,#5854,#5855,
    #5856,#5857,#5858,#5859,#5860,#5861,#5862,#5863,#5864,#5865,#5866,
    #5867,#5868),.UNSPECIFIED.,.F.,.F.,(4,2,2,2,2,2,2,2,4),(
    -0.204173813227,-0.140806308075,-0.114025297331,-0.100930460907,
    -9.117584532953E-02,-8.083068674548E-02,-6.480258368294E-02,
    -3.39520260298E-02,0.),.UNSPECIFIED.);
#5851 = CARTESIAN_POINT('',(-3.246238553069,5.252468765058,
    -5.045982090393));
#5852 = CARTESIAN_POINT('',(-3.35948382985,5.118856567275,
    -4.973127851742));
#5853 = CARTESIAN_POINT('',(-3.500020176398,5.000280454726,
    -4.87706647231));
#5854 = CARTESIAN_POINT('',(-3.713997630829,4.86654579891,
    -4.713028457575));
#5855 = CARTESIAN_POINT('',(-3.778754854582,4.831606038613,
    -4.661344750794));
#5856 = CARTESIAN_POINT('',(-3.875251431653,4.787471981041,
    -4.58084373808));
#5857 = CARTESIAN_POINT('',(-3.907015716131,4.774217509894,
    -4.553789477176));
#5858 = CARTESIAN_POINT('',(-3.962400798225,4.753363674093,
    -4.505592338834));
#5859 = CARTESIAN_POINT('',(-3.986005921353,4.745197267987,
    -4.484724846592));
#5860 = CARTESIAN_POINT('',(-4.034484263934,4.729824184082,
    -4.441177956675));
#5861 = CARTESIAN_POINT('',(-4.059390594793,4.722691886688,
    -4.418426745403));
#5862 = CARTESIAN_POINT('',(-4.122636895124,4.706437734598,
    -4.359658025954));
#5863 = CARTESIAN_POINT('',(-4.160876713459,4.698365274164,
    -4.323183515062));
#5864 = CARTESIAN_POINT('',(-4.271644107126,4.679822624043,
    -4.214673147609));
#5865 = CARTESIAN_POINT('',(-4.34338321225,4.673994092617,
    -4.140723451798));
#5866 = CARTESIAN_POINT('',(-4.489687074728,4.674439468093,
    -3.981897807199));
#5867 = CARTESIAN_POINT('',(-4.564045719351,4.681986918913,
    -3.896418700713));
#5868 = CARTESIAN_POINT('',(-4.635296623785,4.696690776445,
    -3.809727708055));
#5869 = PCURVE('',#250,#5870);
#5870 = DEFINITIONAL_REPRESENTATION('',(#5871),#5919);
#5871 = B_SPLINE_CURVE_WITH_KNOTS('',3,(#5872,#5873,#5874,#5875,#5876,
    #5877,#5878,#5879,#5880,#5881,#5882,#5883,#5884,#5885,#5886,#5887,
    #5888,#5889,#5890,#5891,#5892,#5893,#5894,#5895,#5896,#5897,#5898,
    #5899,#5900,#5901,#5902,#5903,#5904,#5905,#5906,#5907,#5908,#5909,
    #5910,#5911,#5912,#5913,#5914,#5915,#5916,#5917,#5918),
  .UNSPECIFIED.,.F.,.F.,(4,1,1,1,1,1,1,1,1,1,1,1,1,1,1,1,1,1,1,1,1,1,1,1
    ,1,1,1,1,1,1,1,1,1,1,1,1,1,1,1,1,1,1,1,1,4),(-0.204173813227,
    -0.19953349929,-0.194893185353,-0.190252871416,-0.185612557479,
    -0.180972243542,-0.176331929605,-0.171691615668,-0.167051301731,
    -0.162410987794,-0.157770673857,-0.15313035992,-0.148490045983,
    -0.143849732046,-0.139209418109,-0.134569104172,-0.129928790236,
    -0.125288476299,-0.120648162362,-0.116007848425,-0.111367534488,
    -0.106727220551,-0.102086906614,-9.744659267663E-02,
    -9.280627873965E-02,-8.816596480267E-02,-8.352565086569E-02,
    -7.88853369287E-02,-7.424502299172E-02,-6.960470905474E-02,
    -6.496439511776E-02,-6.032408118077E-02,-5.568376724379E-02,
    -5.104345330681E-02,-4.640313936983E-02,-4.176282543284E-02,
    -3.712251149586E-02,-3.248219755888E-02,-2.78418836219E-02,
    -2.320156968491E-02,-1.856125574793E-02,-1.392094181095E-02,
    -9.280627873965E-03,-4.640313936982E-03,0.),.UNSPECIFIED.);
#5872 = CARTESIAN_POINT('',(3.215840999386E-02,39.870919761796));
#5873 = CARTESIAN_POINT('',(3.187955254884E-02,39.879681012243));
#5874 = CARTESIAN_POINT('',(3.131754976174E-02,39.897341444822));
#5875 = CARTESIAN_POINT('',(3.04664951017E-02,39.92424764614));
#5876 = CARTESIAN_POINT('',(2.961223183042E-02,39.95157175073));
#5877 = CARTESIAN_POINT('',(2.875950151844E-02,39.979314032439));
#5878 = CARTESIAN_POINT('',(2.79129749949E-02,40.007473337163));
#5879 = CARTESIAN_POINT('',(2.707723984692E-02,40.036046842222));
#5880 = CARTESIAN_POINT('',(2.625679956703E-02,40.06503004934));
#5881 = CARTESIAN_POINT('',(2.545606970529E-02,40.094416730386));
#5882 = CARTESIAN_POINT('',(2.467937539857E-02,40.124198829664));
#5883 = CARTESIAN_POINT('',(2.393094682429E-02,40.154366592803));
#5884 = CARTESIAN_POINT('',(2.321492130401E-02,40.184907843608));
#5885 = CARTESIAN_POINT('',(2.253531979289E-02,40.215810459909));
#5886 = CARTESIAN_POINT('',(2.189611718065E-02,40.247052930851));
#5887 = CARTESIAN_POINT('',(2.13009599865E-02,40.278639424351));
#5888 = CARTESIAN_POINT('',(2.075459181715E-02,40.310431446971));
#5889 = CARTESIAN_POINT('',(2.025936503451E-02,40.342402266137));
#5890 = CARTESIAN_POINT('',(1.981757378052E-02,40.374529239241));
#5891 = CARTESIAN_POINT('',(1.943133366436E-02,40.406786171847));
#5892 = CARTESIAN_POINT('',(1.910258797615E-02,40.439146576725));
#5893 = CARTESIAN_POINT('',(1.883312481073E-02,40.471578783111));
#5894 = CARTESIAN_POINT('',(1.862393650902E-02,40.504108012445));
#5895 = CARTESIAN_POINT('',(1.847654187433E-02,40.536703916312));
#5896 = CARTESIAN_POINT('',(1.839225850325E-02,40.569335378698));
#5897 = CARTESIAN_POINT('',(1.837224420127E-02,40.6019424212));
#5898 = CARTESIAN_POINT('',(1.841727588224E-02,40.634514158939));
#5899 = CARTESIAN_POINT('',(1.852829868692E-02,40.667081005748));
#5900 = CARTESIAN_POINT('',(1.870605423995E-02,40.699602574935));
#5901 = CARTESIAN_POINT('',(1.895131273406E-02,40.732075372477));
#5902 = CARTESIAN_POINT('',(1.92645173617E-02,40.76447293922));
#5903 = CARTESIAN_POINT('',(1.964592489561E-02,40.79676482181));
#5904 = CARTESIAN_POINT('',(2.009608243055E-02,40.828940287599));
#5905 = CARTESIAN_POINT('',(2.061538326033E-02,40.860995996176));
#5906 = CARTESIAN_POINT('',(2.120364742102E-02,40.892903068919));
#5907 = CARTESIAN_POINT('',(2.186076714835E-02,40.924639864247));
#5908 = CARTESIAN_POINT('',(2.258651327843E-02,40.95618268505));
#5909 = CARTESIAN_POINT('',(2.338064151032E-02,40.987510697611));
#5910 = CARTESIAN_POINT('',(2.424263194427E-02,41.01859598082));
#5911 = CARTESIAN_POINT('',(2.517281146057E-02,41.049446748506));
#5912 = CARTESIAN_POINT('',(2.617058025204E-02,41.080048234444));
#5913 = CARTESIAN_POINT('',(2.723525189474E-02,41.110383267352));
#5914 = CARTESIAN_POINT('',(2.836611381706E-02,41.140436157967));
#5915 = CARTESIAN_POINT('',(2.956240160137E-02,41.170191721847));
#5916 = CARTESIAN_POINT('',(3.0823305624E-02,41.19963548945));
#5917 = CARTESIAN_POINT('',(3.170639120726E-02,41.219047862366));
#5918 = CARTESIAN_POINT('',(3.215840999386E-02,41.228697561766));
#5919 = ( GEOMETRIC_REPRESENTATION_CONTEXT(2) 
PARAMETRIC_REPRESENTATION_CONTEXT() REPRESENTATION_CONTEXT('2D SPACE',''
  ) );
#5920 = PCURVE('',#220,#5921);
#5921 = DEFINITIONAL_REPRESENTATION('',(#5922),#5970);
#5922 = B_SPLINE_CURVE_WITH_KNOTS('',3,(#5923,#5924,#5925,#5926,#5927,
    #5928,#5929,#5930,#5931,#5932,#5933,#5934,#5935,#5936,#5937,#5938,
    #5939,#5940,#5941,#5942,#5943,#5944,#5945,#5946,#5947,#5948,#5949,
    #5950,#5951,#5952,#5953,#5954,#5955,#5956,#5957,#5958,#5959,#5960,
    #5961,#5962,#5963,#5964,#5965,#5966,#5967,#5968,#5969),
  .UNSPECIFIED.,.F.,.F.,(4,1,1,1,1,1,1,1,1,1,1,1,1,1,1,1,1,1,1,1,1,1,1,1
    ,1,1,1,1,1,1,1,1,1,1,1,1,1,1,1,1,1,1,1,1,4),(-0.204173813227,
    -0.19953349929,-0.194893185353,-0.190252871416,-0.185612557479,
    -0.180972243542,-0.176331929605,-0.171691615668,-0.167051301731,
    -0.162410987794,-0.157770673857,-0.15313035992,-0.148490045983,
    -0.143849732046,-0.139209418109,-0.134569104172,-0.129928790236,
    -0.125288476299,-0.120648162362,-0.116007848425,-0.111367534488,
    -0.106727220551,-0.102086906614,-9.744659267663E-02,
    -9.280627873965E-02,-8.816596480267E-02,-8.352565086569E-02,
    -7.88853369287E-02,-7.424502299172E-02,-6.960470905474E-02,
    -6.496439511776E-02,-6.032408118077E-02,-5.568376724379E-02,
    -5.104345330681E-02,-4.640313936983E-02,-4.176282543284E-02,
    -3.712251149586E-02,-3.248219755888E-02,-2.78418836219E-02,
    -2.320156968491E-02,-1.856125574793E-02,-1.392094181095E-02,
    -9.280627873965E-03,-4.640313936982E-03,0.),.UNSPECIFIED.);
#5923 = CARTESIAN_POINT('',(-0.999123367661,1.752468765058));
#5924 = CARTESIAN_POINT('',(-0.997479920949,1.742684530346));
#5925 = CARTESIAN_POINT('',(-0.994129565233,1.723277320784));
#5926 = CARTESIAN_POINT('',(-0.988920067184,1.694672750964));
#5927 = CARTESIAN_POINT('',(-0.98353303584,1.666596890611));
#5928 = CARTESIAN_POINT('',(-0.977974871664,1.639072204636));
#5929 = CARTESIAN_POINT('',(-0.972251953484,1.61212115808));
#5930 = CARTESIAN_POINT('',(-0.966370634015,1.585766215495));
#5931 = CARTESIAN_POINT('',(-0.960337239586,1.560029843258));
#5932 = CARTESIAN_POINT('',(-0.954158065131,1.53493450094));
#5933 = CARTESIAN_POINT('',(-0.947839382399,1.510502673502));
#5934 = CARTESIAN_POINT('',(-0.941387398578,1.48675675116));
#5935 = CARTESIAN_POINT('',(-0.934808398605,1.463719477715));
#5936 = CARTESIAN_POINT('',(-0.928108200956,1.441412277375));
#5937 = CARTESIAN_POINT('',(-0.921294174529,1.419861499134));
#5938 = CARTESIAN_POINT('',(-0.91436769646,1.399075112433));
#5939 = CARTESIAN_POINT('',(-0.907360300659,1.379155070119));
#5940 = CARTESIAN_POINT('',(-0.900279129434,1.360119678383));
#5941 = CARTESIAN_POINT('',(-0.893130043121,1.341984170104));
#5942 = CARTESIAN_POINT('',(-0.885919278502,1.324764668728));
#5943 = CARTESIAN_POINT('',(-0.878652740899,1.30847680875));
#5944 = CARTESIAN_POINT('',(-0.871337158183,1.293137289902));
#5945 = CARTESIAN_POINT('',(-0.863965930288,1.278738421873));
#5946 = CARTESIAN_POINT('',(-0.85654469652,1.265299356909));
#5947 = CARTESIAN_POINT('',(-0.849078795922,1.252842920464));
#5948 = CARTESIAN_POINT('',(-0.841581198471,1.241376434936));
#5949 = CARTESIAN_POINT('',(-0.834054176732,1.230872772231));
#5950 = CARTESIAN_POINT('',(-0.826489902291,1.221299638667));
#5951 = CARTESIAN_POINT('',(-0.818896719063,1.212648358453));
#5952 = CARTESIAN_POINT('',(-0.811274227552,1.204900280304));
#5953 = CARTESIAN_POINT('',(-0.803627212926,1.198045179601));
#5954 = CARTESIAN_POINT('',(-0.795961379351,1.192073139546));
#5955 = CARTESIAN_POINT('',(-0.788277697204,1.186970076501));
#5956 = CARTESIAN_POINT('',(-0.780575235437,1.182724781314));
#5957 = CARTESIAN_POINT('',(-0.772859184347,1.17933161103));
#5958 = CARTESIAN_POINT('',(-0.765133068598,1.176783442909));
#5959 = CARTESIAN_POINT('',(-0.757400980393,1.175073529429));
#5960 = CARTESIAN_POINT('',(-0.749666394352,1.174195101984));
#5961 = CARTESIAN_POINT('',(-0.741934660193,1.174141101087));
#5962 = CARTESIAN_POINT('',(-0.734202234879,1.174905722621));
#5963 = CARTESIAN_POINT('',(-0.726471436095,1.17648699704));
#5964 = CARTESIAN_POINT('',(-0.718745354028,1.178882389232));
#5965 = CARTESIAN_POINT('',(-0.711026879446,1.182089515631));
#5966 = CARTESIAN_POINT('',(-0.703318961712,1.186105952061));
#5967 = CARTESIAN_POINT('',(-0.695624537446,1.190929285232));
#5968 = CARTESIAN_POINT('',(-0.690505876947,1.194681161026));
#5969 = CARTESIAN_POINT('',(-0.687949775463,1.196690776445));
#5970 = ( GEOMETRIC_REPRESENTATION_CONTEXT(2) 
PARAMETRIC_REPRESENTATION_CONTEXT() REPRESENTATION_CONTEXT('2D SPACE',''
  ) );
#5971 = ADVANCED_FACE('',(#5972,#6338),#220,.T.);
#5972 = FACE_BOUND('',#5973,.T.);
#5973 = EDGE_LOOP('',(#5974,#6003,#6026,#6158,#6181,#6212,#6213,#6337));
#5974 = ORIENTED_EDGE('',*,*,#5975,.F.);
#5975 = EDGE_CURVE('',#5976,#5976,#5978,.T.);
#5976 = VERTEX_POINT('',#5977);
#5977 = CARTESIAN_POINT('',(6.,8.5,-7.347880794884E-16));
#5978 = SURFACE_CURVE('',#5979,(#5984,#5991),.PCURVE_S1.);
#5979 = CIRCLE('',#5980,6.);
#5980 = AXIS2_PLACEMENT_3D('',#5981,#5982,#5983);
#5981 = CARTESIAN_POINT('',(4.847973874197E-15,8.5,0.));
#5982 = DIRECTION('',(5.921189464668E-16,1.,0.));
#5983 = DIRECTION('',(-1.,5.921189464668E-16,0.));
#5984 = PCURVE('',#220,#5985);
#5985 = DEFINITIONAL_REPRESENTATION('',(#5986),#5990);
#5986 = LINE('',#5987,#5988);
#5987 = CARTESIAN_POINT('',(-6.28318530718,5.));
#5988 = VECTOR('',#5989,1.);
#5989 = DIRECTION('',(1.,0.));
#5990 = ( GEOMETRIC_REPRESENTATION_CONTEXT(2) 
PARAMETRIC_REPRESENTATION_CONTEXT() REPRESENTATION_CONTEXT('2D SPACE',''
  ) );
#5991 = PCURVE('',#5992,#5997);
#5992 = PLANE('',#5993);
#5993 = AXIS2_PLACEMENT_3D('',#5994,#5995,#5996);
#5994 = CARTESIAN_POINT('',(4.847973874197E-15,8.5,0.));
#5995 = DIRECTION('',(5.921189464668E-16,1.,0.));
#5996 = DIRECTION('',(-1.,5.921189464668E-16,0.));
#5997 = DEFINITIONAL_REPRESENTATION('',(#5998),#6002);
#5998 = CIRCLE('',#5999,6.);
#5999 = AXIS2_PLACEMENT_2D('',#6000,#6001);
#6000 = CARTESIAN_POINT('',(0.,0.));
#6001 = DIRECTION('',(1.,0.));
#6002 = ( GEOMETRIC_REPRESENTATION_CONTEXT(2) 
PARAMETRIC_REPRESENTATION_CONTEXT() REPRESENTATION_CONTEXT('2D SPACE',''
  ) );
#6003 = ORIENTED_EDGE('',*,*,#6004,.T.);
#6004 = EDGE_CURVE('',#5976,#6005,#6007,.T.);
#6005 = VERTEX_POINT('',#6006);
#6006 = CARTESIAN_POINT('',(6.,7.500000089407,-3.500468049844E-16));
#6007 = SEAM_CURVE('',#6008,(#6012,#6019),.PCURVE_S1.);
#6008 = LINE('',#6009,#6010);
#6009 = CARTESIAN_POINT('',(6.,3.5,-7.347880794884E-16));
#6010 = VECTOR('',#6011,1.);
#6011 = DIRECTION('',(-5.551115123126E-16,-1.,0.));
#6012 = PCURVE('',#220,#6013);
#6013 = DEFINITIONAL_REPRESENTATION('',(#6014),#6018);
#6014 = LINE('',#6015,#6016);
#6015 = CARTESIAN_POINT('',(-3.14159265359,3.552713678801E-15));
#6016 = VECTOR('',#6017,1.);
#6017 = DIRECTION('',(0.,-1.));
#6018 = ( GEOMETRIC_REPRESENTATION_CONTEXT(2) 
PARAMETRIC_REPRESENTATION_CONTEXT() REPRESENTATION_CONTEXT('2D SPACE',''
  ) );
#6019 = PCURVE('',#220,#6020);
#6020 = DEFINITIONAL_REPRESENTATION('',(#6021),#6025);
#6021 = LINE('',#6022,#6023);
#6022 = CARTESIAN_POINT('',(3.14159265359,3.552713678801E-15));
#6023 = VECTOR('',#6024,1.);
#6024 = DIRECTION('',(0.,-1.));
#6025 = ( GEOMETRIC_REPRESENTATION_CONTEXT(2) 
PARAMETRIC_REPRESENTATION_CONTEXT() REPRESENTATION_CONTEXT('2D SPACE',''
  ) );
#6026 = ORIENTED_EDGE('',*,*,#6027,.T.);
#6027 = EDGE_CURVE('',#6005,#6028,#6030,.T.);
#6028 = VERTEX_POINT('',#6029);
#6029 = CARTESIAN_POINT('',(6.,4.500000089407,-5.061719178224E-16));
#6030 = SURFACE_CURVE('',#6031,(#6051,#6102),.PCURVE_S1.);
#6031 = B_SPLINE_CURVE_WITH_KNOTS('',3,(#6032,#6033,#6034,#6035,#6036,
    #6037,#6038,#6039,#6040,#6041,#6042,#6043,#6044,#6045,#6046,#6047,
    #6048,#6049,#6050),.UNSPECIFIED.,.F.,.F.,(4,2,2,2,3,2,2,2,4),(
    -0.227053065079,-0.170293767345,-0.113534469611,-5.676723480528E-02,
    0.,5.676723480528E-02,0.113534469611,0.170293767345,0.227053065079),
  .UNSPECIFIED.);
#6032 = CARTESIAN_POINT('',(6.,7.500000089407,2.775557561563E-16));
#6033 = CARTESIAN_POINT('',(6.,7.500000089407,-0.189197659115));
#6034 = CARTESIAN_POINT('',(5.990154901469,7.462025145952,
    -0.390465983725));
#6035 = CARTESIAN_POINT('',(5.954587556705,7.308691978368,
    -0.759806856903));
#6036 = CARTESIAN_POINT('',(5.929342570016,7.193377192359,
    -0.927943240607));
#6037 = CARTESIAN_POINT('',(5.881665907745,6.927924771228,
    -1.193395661739));
#6038 = CARTESIAN_POINT('',(5.856067166684,6.759796116953,
    -1.308695977674));
#6039 = CARTESIAN_POINT('',(5.819682951985,6.390482651423,
    -1.462018581135));
#6040 = CARTESIAN_POINT('',(5.809475019311,6.189224205425,-1.5));
#6041 = CARTESIAN_POINT('',(5.809475019311,6.000000089407,-1.5));
#6042 = CARTESIAN_POINT('',(5.809475019311,5.810775973389,-1.5));
#6043 = CARTESIAN_POINT('',(5.819682951985,5.609517527391,
    -1.462018581135));
#6044 = CARTESIAN_POINT('',(5.856067166684,5.240204061861,
    -1.308695977674));
#6045 = CARTESIAN_POINT('',(5.881665907745,5.072075407586,
    -1.193395661739));
#6046 = CARTESIAN_POINT('',(5.929342570016,4.806622986455,
    -0.927943240607));
#6047 = CARTESIAN_POINT('',(5.954587556705,4.691308200446,
    -0.759806856903));
#6048 = CARTESIAN_POINT('',(5.990154901469,4.537975032862,
    -0.390465983725));
#6049 = CARTESIAN_POINT('',(6.,4.500000089407,-0.189197659115));
#6050 = CARTESIAN_POINT('',(6.,4.500000089407,-2.775557561563E-16));
#6051 = PCURVE('',#220,#6052);
#6052 = DEFINITIONAL_REPRESENTATION('',(#6053),#6101);
#6053 = B_SPLINE_CURVE_WITH_KNOTS('',3,(#6054,#6055,#6056,#6057,#6058,
    #6059,#6060,#6061,#6062,#6063,#6064,#6065,#6066,#6067,#6068,#6069,
    #6070,#6071,#6072,#6073,#6074,#6075,#6076,#6077,#6078,#6079,#6080,
    #6081,#6082,#6083,#6084,#6085,#6086,#6087,#6088,#6089,#6090,#6091,
    #6092,#6093,#6094,#6095,#6096,#6097,#6098,#6099,#6100),
  .UNSPECIFIED.,.F.,.F.,(4,1,1,1,1,1,1,1,1,1,1,1,1,1,1,1,1,1,1,1,1,1,1,1
    ,1,1,1,1,1,1,1,1,1,1,1,1,1,1,1,1,1,1,1,1,4),(-0.227053065079,
    -0.216732471212,-0.206411877345,-0.196091283478,-0.18577068961,
    -0.175450095743,-0.165129501876,-0.154808908009,-0.144488314141,
    -0.134167720274,-0.123847126407,-0.11352653254,-0.103205938672,
    -9.288534480524E-02,-8.256475093799E-02,-7.224415707074E-02,
    -6.192356320349E-02,-5.160296933624E-02,-4.128237546899E-02,
    -3.096178160175E-02,-2.06411877345E-02,-1.032059386725E-02,0.,
    1.032059386725E-02,2.06411877345E-02,3.096178160175E-02,
    4.128237546899E-02,5.160296933624E-02,6.192356320349E-02,
    7.224415707074E-02,8.256475093799E-02,9.288534480524E-02,
    0.103205938672,0.11352653254,0.123847126407,0.134167720274,
    0.144488314141,0.154808908009,0.165129501876,0.175450095743,
    0.18577068961,0.196091283478,0.206411877345,0.216732471212,
    0.227053065079),.UNSPECIFIED.);
#6054 = CARTESIAN_POINT('',(-3.14159265359,4.000000089407));
#6055 = CARTESIAN_POINT('',(-3.135859067062,4.000000089407));
#6056 = CARTESIAN_POINT('',(-3.124258558009,3.997489057404));
#6057 = CARTESIAN_POINT('',(-3.106625240807,3.98616302914));
#6058 = CARTESIAN_POINT('',(-3.088926441083,3.967253266409));
#6059 = CARTESIAN_POINT('',(-3.071330571355,3.940728059842));
#6060 = CARTESIAN_POINT('',(-3.054004120456,3.906583390684));
#6061 = CARTESIAN_POINT('',(-3.037119747119,3.864711932882));
#6062 = CARTESIAN_POINT('',(-3.020816972837,3.815497626736));
#6063 = CARTESIAN_POINT('',(-3.005202920381,3.759773708211));
#6064 = CARTESIAN_POINT('',(-2.99040232,3.698329105621));
#6065 = CARTESIAN_POINT('',(-2.976504255555,3.631773027516));
#6066 = CARTESIAN_POINT('',(-2.963729609421,3.561477869149));
#6067 = CARTESIAN_POINT('',(-2.95181305698,3.4859429924));
#6068 = CARTESIAN_POINT('',(-2.940506314161,3.403592890833));
#6069 = CARTESIAN_POINT('',(-2.930045790345,3.315712789969));
#6070 = CARTESIAN_POINT('',(-2.920539998339,3.222818440156));
#6071 = CARTESIAN_POINT('',(-2.912128235592,3.125642760481));
#6072 = CARTESIAN_POINT('',(-2.904957546098,3.024819470243));
#6073 = CARTESIAN_POINT('',(-2.899102695288,2.921195088738));
#6074 = CARTESIAN_POINT('',(-2.894547974775,2.815822752369));
#6075 = CARTESIAN_POINT('',(-2.891296278328,2.70978345435));
#6076 = CARTESIAN_POINT('',(-2.889345687866,2.603895014734));
#6077 = CARTESIAN_POINT('',(-2.888695753738,2.500000089407));
#6078 = CARTESIAN_POINT('',(-2.889345687866,2.39610516408));
#6079 = CARTESIAN_POINT('',(-2.891296278328,2.290216724464));
#6080 = CARTESIAN_POINT('',(-2.894547974775,2.184177426445));
#6081 = CARTESIAN_POINT('',(-2.899102695288,2.078805090076));
#6082 = CARTESIAN_POINT('',(-2.904957546098,1.975180708571));
#6083 = CARTESIAN_POINT('',(-2.912128235592,1.874357418333));
#6084 = CARTESIAN_POINT('',(-2.920539998339,1.777181738658));
#6085 = CARTESIAN_POINT('',(-2.930045790345,1.684287388845));
#6086 = CARTESIAN_POINT('',(-2.940506314161,1.596407287981));
#6087 = CARTESIAN_POINT('',(-2.95181305698,1.514057186414));
#6088 = CARTESIAN_POINT('',(-2.963729609421,1.438522309665));
#6089 = CARTESIAN_POINT('',(-2.976504255555,1.368227151298));
#6090 = CARTESIAN_POINT('',(-2.99040232,1.301671073193));
#6091 = CARTESIAN_POINT('',(-3.005202920381,1.240226470603));
#6092 = CARTESIAN_POINT('',(-3.020816972837,1.184502552078));
#6093 = CARTESIAN_POINT('',(-3.037119747119,1.135288245932));
#6094 = CARTESIAN_POINT('',(-3.054004120456,1.09341678813));
#6095 = CARTESIAN_POINT('',(-3.071330571355,1.059272118972));
#6096 = CARTESIAN_POINT('',(-3.088926441083,1.032746912405));
#6097 = CARTESIAN_POINT('',(-3.106625240807,1.013837149674));
#6098 = CARTESIAN_POINT('',(-3.124258558009,1.00251112141));
#6099 = CARTESIAN_POINT('',(-3.135859067062,1.000000089407));
#6100 = CARTESIAN_POINT('',(-3.14159265359,1.000000089407));
#6101 = ( GEOMETRIC_REPRESENTATION_CONTEXT(2) 
PARAMETRIC_REPRESENTATION_CONTEXT() REPRESENTATION_CONTEXT('2D SPACE',''
  ) );
#6102 = PCURVE('',#6103,#6108);
#6103 = CYLINDRICAL_SURFACE('',#6104,1.5);
#6104 = AXIS2_PLACEMENT_3D('',#6105,#6106,#6107);
#6105 = CARTESIAN_POINT('',(0.,6.000000089407,0.));
#6106 = DIRECTION('',(1.,0.,0.));
#6107 = DIRECTION('',(-0.,1.,0.));
#6108 = DEFINITIONAL_REPRESENTATION('',(#6109),#6157);
#6109 = B_SPLINE_CURVE_WITH_KNOTS('',3,(#6110,#6111,#6112,#6113,#6114,
    #6115,#6116,#6117,#6118,#6119,#6120,#6121,#6122,#6123,#6124,#6125,
    #6126,#6127,#6128,#6129,#6130,#6131,#6132,#6133,#6134,#6135,#6136,
    #6137,#6138,#6139,#6140,#6141,#6142,#6143,#6144,#6145,#6146,#6147,
    #6148,#6149,#6150,#6151,#6152,#6153,#6154,#6155,#6156),
  .UNSPECIFIED.,.F.,.F.,(4,1,1,1,1,1,1,1,1,1,1,1,1,1,1,1,1,1,1,1,1,1,1,1
    ,1,1,1,1,1,1,1,1,1,1,1,1,1,1,1,1,1,1,1,1,4),(-0.227053065079,
    -0.216732471212,-0.206411877345,-0.196091283478,-0.18577068961,
    -0.175450095743,-0.165129501876,-0.154808908009,-0.144488314141,
    -0.134167720274,-0.123847126407,-0.11352653254,-0.103205938672,
    -9.288534480524E-02,-8.256475093799E-02,-7.224415707074E-02,
    -6.192356320349E-02,-5.160296933624E-02,-4.128237546899E-02,
    -3.096178160175E-02,-2.06411877345E-02,-1.032059386725E-02,0.,
    1.032059386725E-02,2.06411877345E-02,3.096178160175E-02,
    4.128237546899E-02,5.160296933624E-02,6.192356320349E-02,
    7.224415707074E-02,8.256475093799E-02,9.288534480524E-02,
    0.103205938672,0.11352653254,0.123847126407,0.134167720274,
    0.144488314141,0.154808908009,0.165129501876,0.175450095743,
    0.18577068961,0.196091283478,0.206411877345,0.216732471212,
    0.227053065079),.UNSPECIFIED.);
#6110 = CARTESIAN_POINT('',(6.28318530718,6.));
#6111 = CARTESIAN_POINT('',(6.260251857788,6.));
#6112 = CARTESIAN_POINT('',(6.213847726944,5.999349019769));
#6113 = CARTESIAN_POINT('',(6.142967008183,5.996488140765));
#6114 = CARTESIAN_POINT('',(6.071148405154,5.991812335523));
#6115 = CARTESIAN_POINT('',(5.998730430196,5.985387760132));
#6116 = CARTESIAN_POINT('',(5.926023100626,5.977292925614));
#6117 = CARTESIAN_POINT('',(5.853284340418,5.967560249586));
#6118 = CARTESIAN_POINT('',(5.780699605468,5.956496752838));
#6119 = CARTESIAN_POINT('',(5.708502554861,5.94443452265));
#6120 = CARTESIAN_POINT('',(5.637035824003,5.931697366685));
#6121 = CARTESIAN_POINT('',(5.566476179613,5.918577569687));
#6122 = CARTESIAN_POINT('',(5.497734856301,5.905501787689));
#6123 = CARTESIAN_POINT('',(5.42899230185,5.892390713376));
#6124 = CARTESIAN_POINT('',(5.358439138378,5.879177673824));
#6125 = CARTESIAN_POINT('',(5.286982355053,5.866299331284));
#6126 = CARTESIAN_POINT('',(5.214798284549,5.854058485797));
#6127 = CARTESIAN_POINT('',(5.142228392731,5.842790051064));
#6128 = CARTESIAN_POINT('',(5.069504792479,5.832834348363));
#6129 = CARTESIAN_POINT('',(4.996813587984,5.824532632634));
#6130 = CARTESIAN_POINT('',(4.924401809383,5.817926473187));
#6131 = CARTESIAN_POINT('',(4.85261783634,5.81310639517));
#6132 = CARTESIAN_POINT('',(4.781653069434,5.810149801551));
#6133 = CARTESIAN_POINT('',(4.712388980385,5.809137628191));
#6134 = CARTESIAN_POINT('',(4.643124891335,5.810149801551));
#6135 = CARTESIAN_POINT('',(4.572160124429,5.81310639517));
#6136 = CARTESIAN_POINT('',(4.500376151387,5.817926473187));
#6137 = CARTESIAN_POINT('',(4.427964372785,5.824532632634));
#6138 = CARTESIAN_POINT('',(4.35527316829,5.832834348363));
#6139 = CARTESIAN_POINT('',(4.282549568038,5.842790051064));
#6140 = CARTESIAN_POINT('',(4.20997967622,5.854058485797));
#6141 = CARTESIAN_POINT('',(4.137795605717,5.866299331284));
#6142 = CARTESIAN_POINT('',(4.066338822392,5.879177673824));
#6143 = CARTESIAN_POINT('',(3.99578565892,5.892390713376));
#6144 = CARTESIAN_POINT('',(3.927043104469,5.905501787689));
#6145 = CARTESIAN_POINT('',(3.858301781157,5.918577569687));
#6146 = CARTESIAN_POINT('',(3.787742136766,5.931697366685));
#6147 = CARTESIAN_POINT('',(3.716275405909,5.94443452265));
#6148 = CARTESIAN_POINT('',(3.644078355301,5.956496752838));
#6149 = CARTESIAN_POINT('',(3.571493620351,5.967560249586));
#6150 = CARTESIAN_POINT('',(3.498754860144,5.977292925614));
#6151 = CARTESIAN_POINT('',(3.426047530573,5.985387760132));
#6152 = CARTESIAN_POINT('',(3.353629555615,5.991812335523));
#6153 = CARTESIAN_POINT('',(3.281810952587,5.996488140765));
#6154 = CARTESIAN_POINT('',(3.210930233826,5.999349019769));
#6155 = CARTESIAN_POINT('',(3.164526102981,6.));
#6156 = CARTESIAN_POINT('',(3.14159265359,6.));
#6157 = ( GEOMETRIC_REPRESENTATION_CONTEXT(2) 
PARAMETRIC_REPRESENTATION_CONTEXT() REPRESENTATION_CONTEXT('2D SPACE',''
  ) );
#6158 = ORIENTED_EDGE('',*,*,#6159,.T.);
#6159 = EDGE_CURVE('',#6028,#6160,#6162,.T.);
#6160 = VERTEX_POINT('',#6161);
#6161 = CARTESIAN_POINT('',(6.,3.5,-7.347880794884E-16));
#6162 = SEAM_CURVE('',#6163,(#6167,#6174),.PCURVE_S1.);
#6163 = LINE('',#6164,#6165);
#6164 = CARTESIAN_POINT('',(6.,3.5,-7.347880794884E-16));
#6165 = VECTOR('',#6166,1.);
#6166 = DIRECTION('',(-5.551115123126E-16,-1.,0.));
#6167 = PCURVE('',#220,#6168);
#6168 = DEFINITIONAL_REPRESENTATION('',(#6169),#6173);
#6169 = LINE('',#6170,#6171);
#6170 = CARTESIAN_POINT('',(-3.14159265359,3.552713678801E-15));
#6171 = VECTOR('',#6172,1.);
#6172 = DIRECTION('',(0.,-1.));
#6173 = ( GEOMETRIC_REPRESENTATION_CONTEXT(2) 
PARAMETRIC_REPRESENTATION_CONTEXT() REPRESENTATION_CONTEXT('2D SPACE',''
  ) );
#6174 = PCURVE('',#220,#6175);
#6175 = DEFINITIONAL_REPRESENTATION('',(#6176),#6180);
#6176 = LINE('',#6177,#6178);
#6177 = CARTESIAN_POINT('',(3.14159265359,3.552713678801E-15));
#6178 = VECTOR('',#6179,1.);
#6179 = DIRECTION('',(0.,-1.));
#6180 = ( GEOMETRIC_REPRESENTATION_CONTEXT(2) 
PARAMETRIC_REPRESENTATION_CONTEXT() REPRESENTATION_CONTEXT('2D SPACE',''
  ) );
#6181 = ORIENTED_EDGE('',*,*,#6182,.F.);
#6182 = EDGE_CURVE('',#6160,#6160,#6183,.T.);
#6183 = SURFACE_CURVE('',#6184,(#6189,#6196),.PCURVE_S1.);
#6184 = CIRCLE('',#6185,6.);
#6185 = AXIS2_PLACEMENT_3D('',#6186,#6187,#6188);
#6186 = CARTESIAN_POINT('',(2.072416312634E-15,3.5,0.));
#6187 = DIRECTION('',(-5.921189464668E-16,-1.,0.));
#6188 = DIRECTION('',(-1.,5.921189464668E-16,0.));
#6189 = PCURVE('',#220,#6190);
#6190 = DEFINITIONAL_REPRESENTATION('',(#6191),#6195);
#6191 = LINE('',#6192,#6193);
#6192 = CARTESIAN_POINT('',(6.28318530718,-4.440892098501E-16));
#6193 = VECTOR('',#6194,1.);
#6194 = DIRECTION('',(-1.,0.));
#6195 = ( GEOMETRIC_REPRESENTATION_CONTEXT(2) 
PARAMETRIC_REPRESENTATION_CONTEXT() REPRESENTATION_CONTEXT('2D SPACE',''
  ) );
#6196 = PCURVE('',#6197,#6202);
#6197 = PLANE('',#6198);
#6198 = AXIS2_PLACEMENT_3D('',#6199,#6200,#6201);
#6199 = CARTESIAN_POINT('',(-4.,3.5,0.));
#6200 = DIRECTION('',(5.921189464668E-16,1.,0.));
#6201 = DIRECTION('',(0.,-0.,1.));
#6202 = DEFINITIONAL_REPRESENTATION('',(#6203),#6211);
#6203 = ( BOUNDED_CURVE() B_SPLINE_CURVE(2,(#6204,#6205,#6206,#6207,
#6208,#6209,#6210),.UNSPECIFIED.,.T.,.F.) B_SPLINE_CURVE_WITH_KNOTS((1,2
    ,2,2,2,1),(-2.094395102393,0.,2.094395102393,4.188790204786,
6.28318530718,8.377580409573),.UNSPECIFIED.) CURVE() 
GEOMETRIC_REPRESENTATION_ITEM() RATIONAL_B_SPLINE_CURVE((1.,0.5,1.,0.5,
1.,0.5,1.)) REPRESENTATION_ITEM('') );
#6204 = CARTESIAN_POINT('',(0.,-2.));
#6205 = CARTESIAN_POINT('',(-10.39230484541,-2.));
#6206 = CARTESIAN_POINT('',(-5.196152422707,7.));
#6207 = CARTESIAN_POINT('',(-1.469576158977E-15,16.));
#6208 = CARTESIAN_POINT('',(5.196152422707,7.));
#6209 = CARTESIAN_POINT('',(10.392304845413,-2.));
#6210 = CARTESIAN_POINT('',(0.,-2.));
#6211 = ( GEOMETRIC_REPRESENTATION_CONTEXT(2) 
PARAMETRIC_REPRESENTATION_CONTEXT() REPRESENTATION_CONTEXT('2D SPACE',''
  ) );
#6212 = ORIENTED_EDGE('',*,*,#6159,.F.);
#6213 = ORIENTED_EDGE('',*,*,#6214,.T.);
#6214 = EDGE_CURVE('',#6028,#6005,#6215,.T.);
#6215 = SURFACE_CURVE('',#6216,(#6235,#6286),.PCURVE_S1.);
#6216 = B_SPLINE_CURVE_WITH_KNOTS('',3,(#6217,#6218,#6219,#6220,#6221,
    #6222,#6223,#6224,#6225,#6226,#6227,#6228,#6229,#6230,#6231,#6232,
    #6233,#6234),.UNSPECIFIED.,.F.,.F.,(4,2,2,2,2,2,2,2,4),(
    0.227053065079,0.283812362814,0.340571660548,0.397338895354,
    0.454106130159,0.510873364964,0.567640599769,0.624399897504,
    0.681159195238),.UNSPECIFIED.);
#6217 = CARTESIAN_POINT('',(6.,4.500000089407,-3.816391647149E-16));
#6218 = CARTESIAN_POINT('',(6.,4.500000089407,0.189197659115));
#6219 = CARTESIAN_POINT('',(5.990154901469,4.537975032862,0.390465983725
    ));
#6220 = CARTESIAN_POINT('',(5.954587556705,4.691308200446,0.759806856903
    ));
#6221 = CARTESIAN_POINT('',(5.929342570016,4.806622986455,0.927943240607
    ));
#6222 = CARTESIAN_POINT('',(5.881665907745,5.072075407586,1.193395661739
    ));
#6223 = CARTESIAN_POINT('',(5.856067166684,5.240204061861,1.308695977674
    ));
#6224 = CARTESIAN_POINT('',(5.819682951985,5.609517527391,1.462018581135
    ));
#6225 = CARTESIAN_POINT('',(5.809475019311,5.810775973389,1.5));
#6226 = CARTESIAN_POINT('',(5.809475019311,6.189224205425,1.5));
#6227 = CARTESIAN_POINT('',(5.819682951985,6.390482651423,1.462018581135
    ));
#6228 = CARTESIAN_POINT('',(5.856067166684,6.759796116953,1.308695977674
    ));
#6229 = CARTESIAN_POINT('',(5.881665907745,6.927924771228,1.193395661739
    ));
#6230 = CARTESIAN_POINT('',(5.929342570016,7.193377192359,0.927943240607
    ));
#6231 = CARTESIAN_POINT('',(5.954587556705,7.308691978368,0.759806856903
    ));
#6232 = CARTESIAN_POINT('',(5.990154901469,7.462025145952,0.390465983725
    ));
#6233 = CARTESIAN_POINT('',(6.,7.500000089407,0.189197659115));
#6234 = CARTESIAN_POINT('',(6.,7.500000089407,1.387778780781E-16));
#6235 = PCURVE('',#220,#6236);
#6236 = DEFINITIONAL_REPRESENTATION('',(#6237),#6285);
#6237 = B_SPLINE_CURVE_WITH_KNOTS('',3,(#6238,#6239,#6240,#6241,#6242,
    #6243,#6244,#6245,#6246,#6247,#6248,#6249,#6250,#6251,#6252,#6253,
    #6254,#6255,#6256,#6257,#6258,#6259,#6260,#6261,#6262,#6263,#6264,
    #6265,#6266,#6267,#6268,#6269,#6270,#6271,#6272,#6273,#6274,#6275,
    #6276,#6277,#6278,#6279,#6280,#6281,#6282,#6283,#6284),
  .UNSPECIFIED.,.F.,.F.,(4,1,1,1,1,1,1,1,1,1,1,1,1,1,1,1,1,1,1,1,1,1,1,1
    ,1,1,1,1,1,1,1,1,1,1,1,1,1,1,1,1,1,1,1,1,4),(0.227053065079,
    0.237373658947,0.247694252814,0.258014846681,0.268335440548,
    0.278656034416,0.288976628283,0.29929722215,0.309617816017,
    0.319938409885,0.330259003752,0.340579597619,0.350900191486,
    0.361220785354,0.371541379221,0.381861973088,0.392182566955,
    0.402503160823,0.41282375469,0.423144348557,0.433464942424,
    0.443785536292,0.454106130159,0.464426724026,0.474747317893,
    0.485067911761,0.495388505628,0.505709099495,0.516029693362,
    0.52635028723,0.536670881097,0.546991474964,0.557312068831,
    0.567632662699,0.577953256566,0.588273850433,0.5985944443,
    0.608915038168,0.619235632035,0.629556225902,0.639876819769,
    0.650197413637,0.660518007504,0.670838601371,0.681159195238),
  .QUASI_UNIFORM_KNOTS.);
#6238 = CARTESIAN_POINT('',(3.14159265359,1.000000089407));
#6239 = CARTESIAN_POINT('',(3.135859067062,1.000000089407));
#6240 = CARTESIAN_POINT('',(3.124258558009,1.00251112141));
#6241 = CARTESIAN_POINT('',(3.106625240807,1.013837149674));
#6242 = CARTESIAN_POINT('',(3.088926441083,1.032746912405));
#6243 = CARTESIAN_POINT('',(3.071330571355,1.059272118972));
#6244 = CARTESIAN_POINT('',(3.054004120456,1.09341678813));
#6245 = CARTESIAN_POINT('',(3.037119747119,1.135288245932));
#6246 = CARTESIAN_POINT('',(3.020816972837,1.184502552078));
#6247 = CARTESIAN_POINT('',(3.005202920381,1.240226470603));
#6248 = CARTESIAN_POINT('',(2.99040232,1.301671073193));
#6249 = CARTESIAN_POINT('',(2.976504255555,1.368227151298));
#6250 = CARTESIAN_POINT('',(2.963729609421,1.438522309665));
#6251 = CARTESIAN_POINT('',(2.95181305698,1.514057186414));
#6252 = CARTESIAN_POINT('',(2.940506314161,1.596407287981));
#6253 = CARTESIAN_POINT('',(2.930045790345,1.684287388845));
#6254 = CARTESIAN_POINT('',(2.920539998339,1.777181738658));
#6255 = CARTESIAN_POINT('',(2.912128235592,1.874357418333));
#6256 = CARTESIAN_POINT('',(2.904957546098,1.975180708571));
#6257 = CARTESIAN_POINT('',(2.899102695288,2.078805090076));
#6258 = CARTESIAN_POINT('',(2.894547974775,2.184177426445));
#6259 = CARTESIAN_POINT('',(2.891296278328,2.290216724464));
#6260 = CARTESIAN_POINT('',(2.889345687866,2.39610516408));
#6261 = CARTESIAN_POINT('',(2.888695753738,2.500000089407));
#6262 = CARTESIAN_POINT('',(2.889345687866,2.603895014734));
#6263 = CARTESIAN_POINT('',(2.891296278328,2.70978345435));
#6264 = CARTESIAN_POINT('',(2.894547974775,2.815822752369));
#6265 = CARTESIAN_POINT('',(2.899102695288,2.921195088738));
#6266 = CARTESIAN_POINT('',(2.904957546098,3.024819470243));
#6267 = CARTESIAN_POINT('',(2.912128235592,3.125642760481));
#6268 = CARTESIAN_POINT('',(2.920539998339,3.222818440156));
#6269 = CARTESIAN_POINT('',(2.930045790345,3.315712789969));
#6270 = CARTESIAN_POINT('',(2.940506314161,3.403592890833));
#6271 = CARTESIAN_POINT('',(2.95181305698,3.4859429924));
#6272 = CARTESIAN_POINT('',(2.963729609421,3.561477869149));
#6273 = CARTESIAN_POINT('',(2.976504255555,3.631773027516));
#6274 = CARTESIAN_POINT('',(2.99040232,3.698329105621));
#6275 = CARTESIAN_POINT('',(3.005202920381,3.759773708211));
#6276 = CARTESIAN_POINT('',(3.020816972837,3.815497626736));
#6277 = CARTESIAN_POINT('',(3.037119747119,3.864711932882));
#6278 = CARTESIAN_POINT('',(3.054004120456,3.906583390684));
#6279 = CARTESIAN_POINT('',(3.071330571355,3.940728059842));
#6280 = CARTESIAN_POINT('',(3.088926441083,3.967253266409));
#6281 = CARTESIAN_POINT('',(3.106625240807,3.98616302914));
#6282 = CARTESIAN_POINT('',(3.124258558009,3.997489057404));
#6283 = CARTESIAN_POINT('',(3.135859067062,4.000000089407));
#6284 = CARTESIAN_POINT('',(3.14159265359,4.000000089407));
#6285 = ( GEOMETRIC_REPRESENTATION_CONTEXT(2) 
PARAMETRIC_REPRESENTATION_CONTEXT() REPRESENTATION_CONTEXT('2D SPACE',''
  ) );
#6286 = PCURVE('',#6103,#6287);
#6287 = DEFINITIONAL_REPRESENTATION('',(#6288),#6336);
#6288 = B_SPLINE_CURVE_WITH_KNOTS('',3,(#6289,#6290,#6291,#6292,#6293,
    #6294,#6295,#6296,#6297,#6298,#6299,#6300,#6301,#6302,#6303,#6304,
    #6305,#6306,#6307,#6308,#6309,#6310,#6311,#6312,#6313,#6314,#6315,
    #6316,#6317,#6318,#6319,#6320,#6321,#6322,#6323,#6324,#6325,#6326,
    #6327,#6328,#6329,#6330,#6331,#6332,#6333,#6334,#6335),
  .UNSPECIFIED.,.F.,.F.,(4,1,1,1,1,1,1,1,1,1,1,1,1,1,1,1,1,1,1,1,1,1,1,1
    ,1,1,1,1,1,1,1,1,1,1,1,1,1,1,1,1,1,1,1,1,4),(0.227053065079,
    0.237373658947,0.247694252814,0.258014846681,0.268335440548,
    0.278656034416,0.288976628283,0.29929722215,0.309617816017,
    0.319938409885,0.330259003752,0.340579597619,0.350900191486,
    0.361220785354,0.371541379221,0.381861973088,0.392182566955,
    0.402503160823,0.41282375469,0.423144348557,0.433464942424,
    0.443785536292,0.454106130159,0.464426724026,0.474747317893,
    0.485067911761,0.495388505628,0.505709099495,0.516029693362,
    0.52635028723,0.536670881097,0.546991474964,0.557312068831,
    0.567632662699,0.577953256566,0.588273850433,0.5985944443,
    0.608915038168,0.619235632035,0.629556225902,0.639876819769,
    0.650197413637,0.660518007504,0.670838601371,0.681159195238),
  .QUASI_UNIFORM_KNOTS.);
#6289 = CARTESIAN_POINT('',(9.424777960769,6.));
#6290 = CARTESIAN_POINT('',(9.401844511378,6.));
#6291 = CARTESIAN_POINT('',(9.355440380534,5.999349019769));
#6292 = CARTESIAN_POINT('',(9.284559661772,5.996488140765));
#6293 = CARTESIAN_POINT('',(9.212741058744,5.991812335523));
#6294 = CARTESIAN_POINT('',(9.140323083786,5.985387760132));
#6295 = CARTESIAN_POINT('',(9.067615754215,5.977292925614));
#6296 = CARTESIAN_POINT('',(8.994876994008,5.967560249586));
#6297 = CARTESIAN_POINT('',(8.922292259058,5.956496752838));
#6298 = CARTESIAN_POINT('',(8.85009520845,5.94443452265));
#6299 = CARTESIAN_POINT('',(8.778628477593,5.931697366685));
#6300 = CARTESIAN_POINT('',(8.708068833203,5.918577569687));
#6301 = CARTESIAN_POINT('',(8.639327509891,5.905501787689));
#6302 = CARTESIAN_POINT('',(8.570584955439,5.892390713376));
#6303 = CARTESIAN_POINT('',(8.500031791967,5.879177673824));
#6304 = CARTESIAN_POINT('',(8.428575008642,5.866299331284));
#6305 = CARTESIAN_POINT('',(8.356390938139,5.854058485797));
#6306 = CARTESIAN_POINT('',(8.283821046321,5.842790051064));
#6307 = CARTESIAN_POINT('',(8.211097446069,5.832834348363));
#6308 = CARTESIAN_POINT('',(8.138406241574,5.824532632634));
#6309 = CARTESIAN_POINT('',(8.065994462972,5.817926473187));
#6310 = CARTESIAN_POINT('',(7.99421048993,5.81310639517));
#6311 = CARTESIAN_POINT('',(7.923245723024,5.810149801551));
#6312 = CARTESIAN_POINT('',(7.853981633974,5.809137628191));
#6313 = CARTESIAN_POINT('',(7.784717544925,5.810149801551));
#6314 = CARTESIAN_POINT('',(7.713752778019,5.81310639517));
#6315 = CARTESIAN_POINT('',(7.641968804977,5.817926473187));
#6316 = CARTESIAN_POINT('',(7.569557026375,5.824532632634));
#6317 = CARTESIAN_POINT('',(7.49686582188,5.832834348363));
#6318 = CARTESIAN_POINT('',(7.424142221628,5.842790051064));
#6319 = CARTESIAN_POINT('',(7.35157232981,5.854058485797));
#6320 = CARTESIAN_POINT('',(7.279388259307,5.866299331284));
#6321 = CARTESIAN_POINT('',(7.207931475982,5.879177673824));
#6322 = CARTESIAN_POINT('',(7.13737831251,5.892390713376));
#6323 = CARTESIAN_POINT('',(7.068635758058,5.905501787689));
#6324 = CARTESIAN_POINT('',(6.999894434746,5.918577569687));
#6325 = CARTESIAN_POINT('',(6.929334790356,5.931697366685));
#6326 = CARTESIAN_POINT('',(6.857868059499,5.94443452265));
#6327 = CARTESIAN_POINT('',(6.785671008891,5.956496752838));
#6328 = CARTESIAN_POINT('',(6.713086273941,5.967560249586));
#6329 = CARTESIAN_POINT('',(6.640347513734,5.977292925614));
#6330 = CARTESIAN_POINT('',(6.567640184163,5.985387760132));
#6331 = CARTESIAN_POINT('',(6.495222209205,5.991812335523));
#6332 = CARTESIAN_POINT('',(6.423403606177,5.996488140765));
#6333 = CARTESIAN_POINT('',(6.352522887415,5.999349019769));
#6334 = CARTESIAN_POINT('',(6.306118756571,6.));
#6335 = CARTESIAN_POINT('',(6.28318530718,6.));
#6336 = ( GEOMETRIC_REPRESENTATION_CONTEXT(2) 
PARAMETRIC_REPRESENTATION_CONTEXT() REPRESENTATION_CONTEXT('2D SPACE',''
  ) );
#6337 = ORIENTED_EDGE('',*,*,#6004,.F.);
#6338 = FACE_BOUND('',#6339,.T.);
#6339 = EDGE_LOOP('',(#6340,#6341,#6342,#6343,#6344,#6345,#6346,#6347,
    #6348));
#6340 = ORIENTED_EDGE('',*,*,#5718,.T.);
#6341 = ORIENTED_EDGE('',*,*,#2168,.T.);
#6342 = ORIENTED_EDGE('',*,*,#2421,.T.);
#6343 = ORIENTED_EDGE('',*,*,#5592,.T.);
#6344 = ORIENTED_EDGE('',*,*,#202,.T.);
#6345 = ORIENTED_EDGE('',*,*,#5848,.F.);
#6346 = ORIENTED_EDGE('',*,*,#811,.T.);
#6347 = ORIENTED_EDGE('',*,*,#5058,.T.);
#6348 = ORIENTED_EDGE('',*,*,#2025,.T.);
#6349 = ADVANCED_FACE('',(#6350),#5425,.F.);
#6350 = FACE_BOUND('',#6351,.F.);
#6351 = EDGE_LOOP('',(#6352,#6399,#6469));
#6352 = ORIENTED_EDGE('',*,*,#6353,.T.);
#6353 = EDGE_CURVE('',#5307,#6354,#6356,.T.);
#6354 = VERTEX_POINT('',#6355);
#6355 = CARTESIAN_POINT('',(-3.577514969048,6.124999910593,
    -1.789241919427));
#6356 = SURFACE_CURVE('',#6357,(#6364,#6370),.PCURVE_S1.);
#6357 = B_SPLINE_CURVE_WITH_KNOTS('',3,(#6358,#6359,#6360,#6361,#6362,
    #6363),.UNSPECIFIED.,.F.,.F.,(4,2,4),(-5.108435463329E-02,
    -4.799859330225E-02,0.),.UNSPECIFIED.);
#6358 = CARTESIAN_POINT('',(-3.524537600345,5.609737869471,
    -1.891463640612));
#6359 = CARTESIAN_POINT('',(-3.526716380296,5.619624352763,
    -1.88740372019));
#6360 = CARTESIAN_POINT('',(-3.528827455451,5.629571543812,
    -1.883453128502));
#6361 = CARTESIAN_POINT('',(-3.562650487883,5.795164385408,
    -1.819916348853));
#6362 = CARTESIAN_POINT('',(-3.577514969048,5.965004599586,
    -1.789241919427));
#6363 = CARTESIAN_POINT('',(-3.577514969048,6.124999910593,
    -1.789241919427));
#6364 = PCURVE('',#5425,#6365);
#6365 = DEFINITIONAL_REPRESENTATION('',(#6366),#6369);
#6366 = B_SPLINE_CURVE_WITH_KNOTS('',1,(#6367,#6368),.UNSPECIFIED.,.F.,
  .F.,(2,2),(-5.104603180107E-02,0.),.PIECEWISE_BEZIER_KNOTS.);
#6367 = CARTESIAN_POINT('',(4.293011990312,3.829641658994));
#6368 = CARTESIAN_POINT('',(4.712388980385,3.794870188821));
#6369 = ( GEOMETRIC_REPRESENTATION_CONTEXT(2) 
PARAMETRIC_REPRESENTATION_CONTEXT() REPRESENTATION_CONTEXT('2D SPACE',''
  ) );
#6370 = PCURVE('',#1826,#6371);
#6371 = DEFINITIONAL_REPRESENTATION('',(#6372),#6398);
#6372 = B_SPLINE_CURVE_WITH_KNOTS('',3,(#6373,#6374,#6375,#6376,#6377,
    #6378,#6379,#6380,#6381,#6382,#6383,#6384,#6385,#6386,#6387,#6388,
    #6389,#6390,#6391,#6392,#6393,#6394,#6395,#6396,#6397),
  .UNSPECIFIED.,.F.,.F.,(4,1,1,1,1,1,1,1,1,1,1,1,1,1,1,1,1,1,1,1,1,1,4),
  (-5.104603180107E-02,-4.87257576283E-02,-4.640548345552E-02,
    -4.408520928274E-02,-4.176493510997E-02,-3.944466093719E-02,
    -3.712438676442E-02,-3.480411259164E-02,-3.248383841886E-02,
    -3.016356424609E-02,-2.784329007331E-02,-2.552301590054E-02,
    -2.320274172776E-02,-2.088246755498E-02,-1.856219338221E-02,
    -1.624191920943E-02,-1.392164503666E-02,-1.160137086388E-02,
    -9.281096691104E-03,-6.960822518328E-03,-4.640548345552E-03,
    -2.320274172776E-03,0.),.UNSPECIFIED.);
#6373 = CARTESIAN_POINT('',(5.790687736243,5.610106245586));
#6374 = CARTESIAN_POINT('',(5.791553148889,5.617541594933));
#6375 = CARTESIAN_POINT('',(5.793248252443,5.632479718426));
#6376 = CARTESIAN_POINT('',(5.795679114045,5.655081146263));
#6377 = CARTESIAN_POINT('',(5.797991196735,5.677873078365));
#6378 = CARTESIAN_POINT('',(5.800185763668,5.700836749283));
#6379 = CARTESIAN_POINT('',(5.802262376713,5.723956480476));
#6380 = CARTESIAN_POINT('',(5.804221053485,5.747215766271));
#6381 = CARTESIAN_POINT('',(5.806061688915,5.770598322622));
#6382 = CARTESIAN_POINT('',(5.807784209851,5.794087806098));
#6383 = CARTESIAN_POINT('',(5.8093885333,5.817667889182));
#6384 = CARTESIAN_POINT('',(5.810874577348,5.841322240092));
#6385 = CARTESIAN_POINT('',(5.812242258023,5.865034528188));
#6386 = CARTESIAN_POINT('',(5.813491489992,5.888788422525));
#6387 = CARTESIAN_POINT('',(5.814622186286,5.91256759224));
#6388 = CARTESIAN_POINT('',(5.81563425835,5.936355706447));
#6389 = CARTESIAN_POINT('',(5.81652761607,5.960136434267));
#6390 = CARTESIAN_POINT('',(5.817302167867,5.983893444818));
#6391 = CARTESIAN_POINT('',(5.817957820834,6.00761040722));
#6392 = CARTESIAN_POINT('',(5.818494480929,6.031270990592));
#6393 = CARTESIAN_POINT('',(5.818912053214,6.054858864053));
#6394 = CARTESIAN_POINT('',(5.819210442158,6.078357696723));
#6395 = CARTESIAN_POINT('',(5.819389551918,6.101751157721));
#6396 = CARTESIAN_POINT('',(5.819429375282,6.11726566335));
#6397 = CARTESIAN_POINT('',(5.819429375241,6.124999910593));
#6398 = ( GEOMETRIC_REPRESENTATION_CONTEXT(2) 
PARAMETRIC_REPRESENTATION_CONTEXT() REPRESENTATION_CONTEXT('2D SPACE',''
  ) );
#6399 = ORIENTED_EDGE('',*,*,#6400,.T.);
#6400 = EDGE_CURVE('',#6354,#5377,#6401,.T.);
#6401 = SURFACE_CURVE('',#6402,(#6411,#6440),.PCURVE_S1.);
#6402 = B_SPLINE_CURVE_WITH_KNOTS('',3,(#6403,#6404,#6405,#6406,#6407,
    #6408,#6409,#6410),.UNSPECIFIED.,.F.,.F.,(4,2,2,4),(-0.767835040818,
    -0.719836447515,-0.671837854213,-0.643194627102),.UNSPECIFIED.);
#6403 = CARTESIAN_POINT('',(-3.577514969048,6.124999910593,
    -1.789241919427));
#6404 = CARTESIAN_POINT('',(-3.577514969048,6.284995221601,
    -1.789241919427));
#6405 = CARTESIAN_POINT('',(-3.562650487883,6.454835435778,
    -1.819916348853));
#6406 = CARTESIAN_POINT('',(-3.499090597987,6.766015777179,
    -1.939314002713));
#6407 = CARTESIAN_POINT('',(-3.449963108042,6.907461538426,
    -2.02753095416));
#6408 = CARTESIAN_POINT('',(-3.352790864898,7.08577858503,
    -2.182537096726));
#6409 = CARTESIAN_POINT('',(-3.309508953722,7.147597757858,
    -2.248224968139));
#6410 = CARTESIAN_POINT('',(-3.259772932923,7.200009568975,
    -2.318163157714));
#6411 = PCURVE('',#5425,#6412);
#6412 = DEFINITIONAL_REPRESENTATION('',(#6413),#6439);
#6413 = B_SPLINE_CURVE_WITH_KNOTS('',3,(#6414,#6415,#6416,#6417,#6418,
    #6419,#6420,#6421,#6422,#6423,#6424,#6425,#6426,#6427,#6428,#6429,
    #6430,#6431,#6432,#6433,#6434,#6435,#6436,#6437,#6438),
  .UNSPECIFIED.,.F.,.F.,(4,1,1,1,1,1,1,1,1,1,1,1,1,1,1,1,1,1,1,1,1,1,4),
  (-0.767835040818,-0.762175155972,-0.756515271126,-0.750855386281,
    -0.745195501435,-0.739535616589,-0.733875731743,-0.728215846898,
    -0.722555962052,-0.716896077206,-0.71123619236,-0.705576307515,
    -0.699916422669,-0.694256537823,-0.688596652978,-0.682936768132,
    -0.677276883286,-0.67161699844,-0.665957113595,-0.660297228749,
    -0.654637343903,-0.648977459058,-0.643317574212),
  .QUASI_UNIFORM_KNOTS.);
#6414 = CARTESIAN_POINT('',(4.712388980385,3.794870188821));
#6415 = CARTESIAN_POINT('',(4.727308571034,3.794870188821));
#6416 = CARTESIAN_POINT('',(4.75736570591,3.795181076757));
#6417 = CARTESIAN_POINT('',(4.803015682931,3.796554325763));
#6418 = CARTESIAN_POINT('',(4.849141516505,3.798808751655));
#6419 = CARTESIAN_POINT('',(4.895650700931,3.801918591504));
#6420 = CARTESIAN_POINT('',(4.94245129014,3.805858166742));
#6421 = CARTESIAN_POINT('',(4.989454114566,3.810601484074));
#6422 = CARTESIAN_POINT('',(5.036575635,3.816123724743));
#6423 = CARTESIAN_POINT('',(5.083740941388,3.822395686578));
#6424 = CARTESIAN_POINT('',(5.130885257535,3.829404526514));
#6425 = CARTESIAN_POINT('',(5.177964940709,3.837021444189));
#6426 = CARTESIAN_POINT('',(5.224920886271,3.845148959052));
#6427 = CARTESIAN_POINT('',(5.271682809981,3.853689426898));
#6428 = CARTESIAN_POINT('',(5.318169799254,3.862544899756));
#6429 = CARTESIAN_POINT('',(5.364301357777,3.87161880837));
#6430 = CARTESIAN_POINT('',(5.409968356629,3.880809372385));
#6431 = CARTESIAN_POINT('',(5.455154081778,3.890034277128));
#6432 = CARTESIAN_POINT('',(5.499494696762,3.899138556302));
#6433 = CARTESIAN_POINT('',(5.543937712246,3.908239756875));
#6434 = CARTESIAN_POINT('',(5.58917637371,3.917405185698));
#6435 = CARTESIAN_POINT('',(5.634900158039,3.926492473893));
#6436 = CARTESIAN_POINT('',(5.681071995904,3.935415454323));
#6437 = CARTESIAN_POINT('',(5.712086156229,3.941187037182));
#6438 = CARTESIAN_POINT('',(5.727637960799,3.944012398395));
#6439 = ( GEOMETRIC_REPRESENTATION_CONTEXT(2) 
PARAMETRIC_REPRESENTATION_CONTEXT() REPRESENTATION_CONTEXT('2D SPACE',''
  ) );
#6440 = PCURVE('',#1826,#6441);
#6441 = DEFINITIONAL_REPRESENTATION('',(#6442),#6468);
#6442 = B_SPLINE_CURVE_WITH_KNOTS('',3,(#6443,#6444,#6445,#6446,#6447,
    #6448,#6449,#6450,#6451,#6452,#6453,#6454,#6455,#6456,#6457,#6458,
    #6459,#6460,#6461,#6462,#6463,#6464,#6465,#6466,#6467),
  .UNSPECIFIED.,.F.,.F.,(4,1,1,1,1,1,1,1,1,1,1,1,1,1,1,1,1,1,1,1,1,1,4),
  (-0.767835040818,-0.762175155972,-0.756515271126,-0.750855386281,
    -0.745195501435,-0.739535616589,-0.733875731743,-0.728215846898,
    -0.722555962052,-0.716896077206,-0.71123619236,-0.705576307515,
    -0.699916422669,-0.694256537823,-0.688596652978,-0.682936768132,
    -0.677276883286,-0.67161699844,-0.665957113595,-0.660297228749,
    -0.654637343903,-0.648977459058,-0.643317574212),
  .QUASI_UNIFORM_KNOTS.);
#6443 = CARTESIAN_POINT('',(5.819429375241,6.124999910593));
#6444 = CARTESIAN_POINT('',(5.819429374649,6.143866193412));
#6445 = CARTESIAN_POINT('',(5.819192415482,6.181872537592));
#6446 = CARTESIAN_POINT('',(5.818127482922,6.239466354585));
#6447 = CARTESIAN_POINT('',(5.816354443561,6.297407432651));
#6448 = CARTESIAN_POINT('',(5.813874660345,6.355458748746));
#6449 = CARTESIAN_POINT('',(5.810689413005,6.413383218149));
#6450 = CARTESIAN_POINT('',(5.806800056412,6.470943986244));
#6451 = CARTESIAN_POINT('',(5.802207400205,6.527903339675));
#6452 = CARTESIAN_POINT('',(5.796914048176,6.584026769931));
#6453 = CARTESIAN_POINT('',(5.790915738903,6.639067807873));
#6454 = CARTESIAN_POINT('',(5.784244589915,6.692843438442));
#6455 = CARTESIAN_POINT('',(5.776953400143,6.74520685357));
#6456 = CARTESIAN_POINT('',(5.769089643116,6.796002803353));
#6457 = CARTESIAN_POINT('',(5.760702406265,6.845076735987));
#6458 = CARTESIAN_POINT('',(5.751838776401,6.892279749112));
#6459 = CARTESIAN_POINT('',(5.742551217992,6.937439644482));
#6460 = CARTESIAN_POINT('',(5.732871481288,6.980471757958));
#6461 = CARTESIAN_POINT('',(5.72290734704,7.020964584858));
#6462 = CARTESIAN_POINT('',(5.712480008628,7.059732629281));
#6463 = CARTESIAN_POINT('',(5.701452023413,7.097307461889));
#6464 = CARTESIAN_POINT('',(5.689905875758,7.133277544394));
#6465 = CARTESIAN_POINT('',(5.677864675885,7.167484130601));
#6466 = CARTESIAN_POINT('',(5.669532778448,7.188961653469));
#6467 = CARTESIAN_POINT('',(5.665296394637,7.199334137909));
#6468 = ( GEOMETRIC_REPRESENTATION_CONTEXT(2) 
PARAMETRIC_REPRESENTATION_CONTEXT() REPRESENTATION_CONTEXT('2D SPACE',''
  ) );
#6469 = ORIENTED_EDGE('',*,*,#5376,.F.);
#6470 = ADVANCED_FACE('',(#6471,#6852),#1826,.F.);
#6471 = FACE_BOUND('',#6472,.F.);
#6472 = EDGE_LOOP('',(#6473,#6498,#6624,#6647,#6673,#6674,#6748,#6820,
    #6821));
#6473 = ORIENTED_EDGE('',*,*,#6474,.T.);
#6474 = EDGE_CURVE('',#6475,#6477,#6479,.T.);
#6475 = VERTEX_POINT('',#6476);
#6476 = CARTESIAN_POINT('',(4.,-3.5,-4.898587196589E-16));
#6477 = VERTEX_POINT('',#6478);
#6478 = CARTESIAN_POINT('',(4.,4.500000089407,-3.663600031478E-16));
#6479 = SEAM_CURVE('',#6480,(#6484,#6491),.PCURVE_S1.);
#6480 = LINE('',#6481,#6482);
#6481 = CARTESIAN_POINT('',(4.,-1.480297366167E-16,-4.898587196589E-16)
  );
#6482 = VECTOR('',#6483,1.);
#6483 = DIRECTION('',(5.921189464668E-16,1.,0.));
#6484 = PCURVE('',#1826,#6485);
#6485 = DEFINITIONAL_REPRESENTATION('',(#6486),#6490);
#6486 = LINE('',#6487,#6488);
#6487 = CARTESIAN_POINT('',(9.424777960769,0.));
#6488 = VECTOR('',#6489,1.);
#6489 = DIRECTION('',(0.,1.));
#6490 = ( GEOMETRIC_REPRESENTATION_CONTEXT(2) 
PARAMETRIC_REPRESENTATION_CONTEXT() REPRESENTATION_CONTEXT('2D SPACE',''
  ) );
#6491 = PCURVE('',#1826,#6492);
#6492 = DEFINITIONAL_REPRESENTATION('',(#6493),#6497);
#6493 = LINE('',#6494,#6495);
#6494 = CARTESIAN_POINT('',(3.14159265359,0.));
#6495 = VECTOR('',#6496,1.);
#6496 = DIRECTION('',(0.,1.));
#6497 = ( GEOMETRIC_REPRESENTATION_CONTEXT(2) 
PARAMETRIC_REPRESENTATION_CONTEXT() REPRESENTATION_CONTEXT('2D SPACE',''
  ) );
#6498 = ORIENTED_EDGE('',*,*,#6499,.F.);
#6499 = EDGE_CURVE('',#6500,#6477,#6502,.T.);
#6500 = VERTEX_POINT('',#6501);
#6501 = CARTESIAN_POINT('',(4.,7.500000089407,-1.234987165111E-16));
#6502 = SURFACE_CURVE('',#6503,(#6522,#6573),.PCURVE_S1.);
#6503 = B_SPLINE_CURVE_WITH_KNOTS('',3,(#6504,#6505,#6506,#6507,#6508,
    #6509,#6510,#6511,#6512,#6513,#6514,#6515,#6516,#6517,#6518,#6519,
    #6520,#6521),.UNSPECIFIED.,.F.,.F.,(4,2,2,2,2,2,2,2,4),(
    0.228452691371,0.285543988105,0.342635284839,0.399770333791,
    0.456905382742,0.514040431694,0.571175480645,0.628266777379,
    0.685358074113),.UNSPECIFIED.);
#6504 = CARTESIAN_POINT('',(4.,7.500000089407,2.428612866368E-16));
#6505 = CARTESIAN_POINT('',(4.,7.500000089407,0.190304322447));
#6506 = CARTESIAN_POINT('',(3.985105247563,7.461590028709,0.392059700481
    ));
#6507 = CARTESIAN_POINT('',(3.931343948416,7.30791694239,0.761123774726)
  );
#6508 = CARTESIAN_POINT('',(3.893138477346,7.192751391579,0.928569041387
    ));
#6509 = CARTESIAN_POINT('',(3.820457994056,6.928467902058,1.192852530909
    ));
#6510 = CARTESIAN_POINT('',(3.781004258888,6.761061765544,1.307940834772
    ));
#6511 = CARTESIAN_POINT('',(3.724319883013,6.39214718665,1.461555423576)
  );
#6512 = CARTESIAN_POINT('',(3.708099243548,6.190450252578,1.5));
#6513 = CARTESIAN_POINT('',(3.708099243548,5.809549926236,1.5));
#6514 = CARTESIAN_POINT('',(3.724319883013,5.607852992164,1.461555423576
    ));
#6515 = CARTESIAN_POINT('',(3.781004258888,5.23893841327,1.307940834772)
  );
#6516 = CARTESIAN_POINT('',(3.820457994056,5.071532276756,1.192852530909
    ));
#6517 = CARTESIAN_POINT('',(3.893138477346,4.807248787235,0.928569041387
    ));
#6518 = CARTESIAN_POINT('',(3.931343948416,4.692083236424,0.761123774726
    ));
#6519 = CARTESIAN_POINT('',(3.985105247563,4.538410150105,0.392059700481
    ));
#6520 = CARTESIAN_POINT('',(4.,4.500000089407,0.190304322447));
#6521 = CARTESIAN_POINT('',(4.,4.500000089407,-2.428612866368E-16));
#6522 = PCURVE('',#1826,#6523);
#6523 = DEFINITIONAL_REPRESENTATION('',(#6524),#6572);
#6524 = B_SPLINE_CURVE_WITH_KNOTS('',3,(#6525,#6526,#6527,#6528,#6529,
    #6530,#6531,#6532,#6533,#6534,#6535,#6536,#6537,#6538,#6539,#6540,
    #6541,#6542,#6543,#6544,#6545,#6546,#6547,#6548,#6549,#6550,#6551,
    #6552,#6553,#6554,#6555,#6556,#6557,#6558,#6559,#6560,#6561,#6562,
    #6563,#6564,#6565,#6566,#6567,#6568,#6569,#6570,#6571),
  .UNSPECIFIED.,.F.,.F.,(4,1,1,1,1,1,1,1,1,1,1,1,1,1,1,1,1,1,1,1,1,1,1,1
    ,1,1,1,1,1,1,1,1,1,1,1,1,1,1,1,1,1,1,1,1,4),(0.228452691371,
    0.238836904615,0.249221117859,0.259605331103,0.269989544348,
    0.280373757592,0.290757970836,0.30114218408,0.311526397324,
    0.321910610568,0.332294823812,0.342679037057,0.353063250301,
    0.363447463545,0.373831676789,0.384215890033,0.394600103277,
    0.404984316521,0.415368529766,0.42575274301,0.436136956254,
    0.446521169498,0.456905382742,0.467289595986,0.47767380923,
    0.488058022475,0.498442235719,0.508826448963,0.519210662207,
    0.529594875451,0.539979088695,0.550363301939,0.560747515184,
    0.571131728428,0.581515941672,0.591900154916,0.60228436816,
    0.612668581404,0.623052794648,0.633437007893,0.643821221137,
    0.654205434381,0.664589647625,0.674973860869,0.685358074113),
  .QUASI_UNIFORM_KNOTS.);
#6525 = CARTESIAN_POINT('',(9.424777960769,7.500000089407));
#6526 = CARTESIAN_POINT('',(9.416124707768,7.500000089407));
#6527 = CARTESIAN_POINT('',(9.398627756988,7.497458693525));
#6528 = CARTESIAN_POINT('',(9.37205297242,7.486021289941));
#6529 = CARTESIAN_POINT('',(9.345389780084,7.466959571331));
#6530 = CARTESIAN_POINT('',(9.318882719192,7.440267123471));
#6531 = CARTESIAN_POINT('',(9.292773335151,7.405965051117));
#6532 = CARTESIAN_POINT('',(9.267311080889,7.36397179206));
#6533 = CARTESIAN_POINT('',(9.24269495391,7.314701463414));
#6534 = CARTESIAN_POINT('',(9.219081917799,7.258990065586));
#6535 = CARTESIAN_POINT('',(9.196658212987,7.197634987682));
#6536 = CARTESIAN_POINT('',(9.175556251639,7.131247243822));
#6537 = CARTESIAN_POINT('',(9.156117453219,7.061221959367));
#6538 = CARTESIAN_POINT('',(9.137918768505,6.986003996935));
#6539 = CARTESIAN_POINT('',(9.120584909305,6.903985747774));
#6540 = CARTESIAN_POINT('',(9.104487775974,6.816428134673));
#6541 = CARTESIAN_POINT('',(9.089803711307,6.723820567138));
#6542 = CARTESIAN_POINT('',(9.076757889658,6.626869976264));
#6543 = CARTESIAN_POINT('',(9.065586028537,6.52618472007));
#6544 = CARTESIAN_POINT('',(9.056430508534,6.422568747194));
#6545 = CARTESIAN_POINT('',(9.049280798894,6.317074453264));
#6546 = CARTESIAN_POINT('',(9.044156625852,6.210771399238));
#6547 = CARTESIAN_POINT('',(9.041070263783,6.104485720732));
#6548 = CARTESIAN_POINT('',(9.040036647519,6.000000089407));
#6549 = CARTESIAN_POINT('',(9.041070263783,5.895514458082));
#6550 = CARTESIAN_POINT('',(9.044156625852,5.789228779576));
#6551 = CARTESIAN_POINT('',(9.049280798894,5.68292572555));
#6552 = CARTESIAN_POINT('',(9.056430508534,5.57743143162));
#6553 = CARTESIAN_POINT('',(9.065586028537,5.473815458744));
#6554 = CARTESIAN_POINT('',(9.076757889658,5.373130202549));
#6555 = CARTESIAN_POINT('',(9.089803711307,5.276179611676));
#6556 = CARTESIAN_POINT('',(9.104487775974,5.183572044141));
#6557 = CARTESIAN_POINT('',(9.120584909305,5.09601443104));
#6558 = CARTESIAN_POINT('',(9.137918768505,5.013996181879));
#6559 = CARTESIAN_POINT('',(9.156117453219,4.938778219447));
#6560 = CARTESIAN_POINT('',(9.175556251639,4.868752934992));
#6561 = CARTESIAN_POINT('',(9.196658212987,4.802365191132));
#6562 = CARTESIAN_POINT('',(9.219081917799,4.741010113228));
#6563 = CARTESIAN_POINT('',(9.24269495391,4.6852987154));
#6564 = CARTESIAN_POINT('',(9.267311080889,4.636028386754));
#6565 = CARTESIAN_POINT('',(9.292773335151,4.594035127697));
#6566 = CARTESIAN_POINT('',(9.318882719192,4.559733055343));
#6567 = CARTESIAN_POINT('',(9.345389780084,4.533040607482));
#6568 = CARTESIAN_POINT('',(9.37205297242,4.513978888873));
#6569 = CARTESIAN_POINT('',(9.398627756988,4.502541485289));
#6570 = CARTESIAN_POINT('',(9.416124707768,4.500000089407));
#6571 = CARTESIAN_POINT('',(9.424777960769,4.500000089407));
#6572 = ( GEOMETRIC_REPRESENTATION_CONTEXT(2) 
PARAMETRIC_REPRESENTATION_CONTEXT() REPRESENTATION_CONTEXT('2D SPACE',''
  ) );
#6573 = PCURVE('',#6103,#6574);
#6574 = DEFINITIONAL_REPRESENTATION('',(#6575),#6623);
#6575 = B_SPLINE_CURVE_WITH_KNOTS('',3,(#6576,#6577,#6578,#6579,#6580,
    #6581,#6582,#6583,#6584,#6585,#6586,#6587,#6588,#6589,#6590,#6591,
    #6592,#6593,#6594,#6595,#6596,#6597,#6598,#6599,#6600,#6601,#6602,
    #6603,#6604,#6605,#6606,#6607,#6608,#6609,#6610,#6611,#6612,#6613,
    #6614,#6615,#6616,#6617,#6618,#6619,#6620,#6621,#6622),
  .UNSPECIFIED.,.F.,.F.,(4,1,1,1,1,1,1,1,1,1,1,1,1,1,1,1,1,1,1,1,1,1,1,1
    ,1,1,1,1,1,1,1,1,1,1,1,1,1,1,1,1,1,1,1,1,4),(0.228452691371,
    0.238836904615,0.249221117859,0.259605331103,0.269989544348,
    0.280373757592,0.290757970836,0.30114218408,0.311526397324,
    0.321910610568,0.332294823812,0.342679037057,0.353063250301,
    0.363447463545,0.373831676789,0.384215890033,0.394600103277,
    0.404984316521,0.415368529766,0.42575274301,0.436136956254,
    0.446521169498,0.456905382742,0.467289595986,0.47767380923,
    0.488058022475,0.498442235719,0.508826448963,0.519210662207,
    0.529594875451,0.539979088695,0.550363301939,0.560747515184,
    0.571131728428,0.581515941672,0.591900154916,0.60228436816,
    0.612668581404,0.623052794648,0.633437007893,0.643821221137,
    0.654205434381,0.664589647625,0.674973860869,0.685358074113),
  .QUASI_UNIFORM_KNOTS.);
#6576 = CARTESIAN_POINT('',(6.28318530718,4.));
#6577 = CARTESIAN_POINT('',(6.306259916369,4.));
#6578 = CARTESIAN_POINT('',(6.352920201205,3.9990145064));
#6579 = CARTESIAN_POINT('',(6.42410842314,3.994684463915));
#6580 = CARTESIAN_POINT('',(6.496160582514,3.987608675223));
#6581 = CARTESIAN_POINT('',(6.568737406015,3.977888376126));
#6582 = CARTESIAN_POINT('',(6.641527042289,3.965642705568));
#6583 = CARTESIAN_POINT('',(6.714264882492,3.950924009996));
#6584 = CARTESIAN_POINT('',(6.786774570017,3.93418020337));
#6585 = CARTESIAN_POINT('',(6.858832864824,3.915906547399));
#6586 = CARTESIAN_POINT('',(6.930104257215,3.896586136111));
#6587 = CARTESIAN_POINT('',(7.000423400584,3.876651674676));
#6588 = CARTESIAN_POINT('',(7.068868576419,3.856749591371));
#6589 = CARTESIAN_POINT('',(7.137321115914,3.836721758328));
#6590 = CARTESIAN_POINT('',(7.207605622878,3.816463387832));
#6591 = CARTESIAN_POINT('',(7.2788236808,3.79665138551));
#6592 = CARTESIAN_POINT('',(7.350811814005,3.777754369255));
#6593 = CARTESIAN_POINT('',(7.423241627659,3.76029241456));
#6594 = CARTESIAN_POINT('',(7.495894733863,3.744788054254));
#6595 = CARTESIAN_POINT('',(7.568603768971,3.73180782557));
#6596 = CARTESIAN_POINT('',(7.641116386774,3.72143908187));
#6597 = CARTESIAN_POINT('',(7.713088804952,3.713845638984));
#6598 = CARTESIAN_POINT('',(7.784323672972,3.709170817645));
#6599 = CARTESIAN_POINT('',(7.853981633974,3.707563456499));
#6600 = CARTESIAN_POINT('',(7.923639594977,3.709170817645));
#6601 = CARTESIAN_POINT('',(7.994874462997,3.713845638984));
#6602 = CARTESIAN_POINT('',(8.066846881175,3.72143908187));
#6603 = CARTESIAN_POINT('',(8.139359498978,3.73180782557));
#6604 = CARTESIAN_POINT('',(8.212068534086,3.744788054254));
#6605 = CARTESIAN_POINT('',(8.28472164029,3.76029241456));
#6606 = CARTESIAN_POINT('',(8.357151453944,3.777754369255));
#6607 = CARTESIAN_POINT('',(8.429139587149,3.79665138551));
#6608 = CARTESIAN_POINT('',(8.500357645071,3.816463387832));
#6609 = CARTESIAN_POINT('',(8.570642152035,3.836721758328));
#6610 = CARTESIAN_POINT('',(8.63909469153,3.856749591371));
#6611 = CARTESIAN_POINT('',(8.707539867365,3.876651674676));
#6612 = CARTESIAN_POINT('',(8.777859010734,3.896586136111));
#6613 = CARTESIAN_POINT('',(8.849130403125,3.915906547399));
#6614 = CARTESIAN_POINT('',(8.921188697932,3.93418020337));
#6615 = CARTESIAN_POINT('',(8.993698385457,3.950924009996));
#6616 = CARTESIAN_POINT('',(9.06643622566,3.965642705568));
#6617 = CARTESIAN_POINT('',(9.139225861934,3.977888376126));
#6618 = CARTESIAN_POINT('',(9.211802685435,3.987608675223));
#6619 = CARTESIAN_POINT('',(9.283854844809,3.994684463915));
#6620 = CARTESIAN_POINT('',(9.355043066744,3.9990145064));
#6621 = CARTESIAN_POINT('',(9.40170335158,4.));
#6622 = CARTESIAN_POINT('',(9.424777960769,4.));
#6623 = ( GEOMETRIC_REPRESENTATION_CONTEXT(2) 
PARAMETRIC_REPRESENTATION_CONTEXT() REPRESENTATION_CONTEXT('2D SPACE',''
  ) );
#6624 = ORIENTED_EDGE('',*,*,#6625,.T.);
#6625 = EDGE_CURVE('',#6500,#6626,#6628,.T.);
#6626 = VERTEX_POINT('',#6627);
#6627 = CARTESIAN_POINT('',(4.,8.5,-4.898587196589E-16));
#6628 = SEAM_CURVE('',#6629,(#6633,#6640),.PCURVE_S1.);
#6629 = LINE('',#6630,#6631);
#6630 = CARTESIAN_POINT('',(4.,-1.480297366167E-16,-4.898587196589E-16)
  );
#6631 = VECTOR('',#6632,1.);
#6632 = DIRECTION('',(5.921189464668E-16,1.,0.));
#6633 = PCURVE('',#1826,#6634);
#6634 = DEFINITIONAL_REPRESENTATION('',(#6635),#6639);
#6635 = LINE('',#6636,#6637);
#6636 = CARTESIAN_POINT('',(9.424777960769,8.881784197001E-16));
#6637 = VECTOR('',#6638,1.);
#6638 = DIRECTION('',(0.,1.));
#6639 = ( GEOMETRIC_REPRESENTATION_CONTEXT(2) 
PARAMETRIC_REPRESENTATION_CONTEXT() REPRESENTATION_CONTEXT('2D SPACE',''
  ) );
#6640 = PCURVE('',#1826,#6641);
#6641 = DEFINITIONAL_REPRESENTATION('',(#6642),#6646);
#6642 = LINE('',#6643,#6644);
#6643 = CARTESIAN_POINT('',(3.14159265359,8.881784197001E-16));
#6644 = VECTOR('',#6645,1.);
#6645 = DIRECTION('',(0.,1.));
#6646 = ( GEOMETRIC_REPRESENTATION_CONTEXT(2) 
PARAMETRIC_REPRESENTATION_CONTEXT() REPRESENTATION_CONTEXT('2D SPACE',''
  ) );
#6647 = ORIENTED_EDGE('',*,*,#6648,.T.);
#6648 = EDGE_CURVE('',#6626,#6626,#6649,.T.);
#6649 = SURFACE_CURVE('',#6650,(#6655,#6662),.PCURVE_S1.);
#6650 = CIRCLE('',#6651,4.);
#6651 = AXIS2_PLACEMENT_3D('',#6652,#6653,#6654);
#6652 = CARTESIAN_POINT('',(4.847973874197E-15,8.5,0.));
#6653 = DIRECTION('',(-5.921189464668E-16,-1.,0.));
#6654 = DIRECTION('',(-1.,5.921189464668E-16,0.));
#6655 = PCURVE('',#1826,#6656);
#6656 = DEFINITIONAL_REPRESENTATION('',(#6657),#6661);
#6657 = LINE('',#6658,#6659);
#6658 = CARTESIAN_POINT('',(12.566370614359,8.5));
#6659 = VECTOR('',#6660,1.);
#6660 = DIRECTION('',(-1.,0.));
#6661 = ( GEOMETRIC_REPRESENTATION_CONTEXT(2) 
PARAMETRIC_REPRESENTATION_CONTEXT() REPRESENTATION_CONTEXT('2D SPACE',''
  ) );
#6662 = PCURVE('',#5992,#6663);
#6663 = DEFINITIONAL_REPRESENTATION('',(#6664),#6672);
#6664 = ( BOUNDED_CURVE() B_SPLINE_CURVE(2,(#6665,#6666,#6667,#6668,
#6669,#6670,#6671),.UNSPECIFIED.,.T.,.F.) B_SPLINE_CURVE_WITH_KNOTS((1,2
    ,2,2,2,1),(-2.094395102393,0.,2.094395102393,4.188790204786,
6.28318530718,8.377580409573),.UNSPECIFIED.) CURVE() 
GEOMETRIC_REPRESENTATION_ITEM() RATIONAL_B_SPLINE_CURVE((1.,0.5,1.,0.5,
1.,0.5,1.)) REPRESENTATION_ITEM('') );
#6665 = CARTESIAN_POINT('',(4.,0.));
#6666 = CARTESIAN_POINT('',(4.,-6.928203230276));
#6667 = CARTESIAN_POINT('',(-2.,-3.464101615138));
#6668 = CARTESIAN_POINT('',(-8.,-9.797174393179E-16));
#6669 = CARTESIAN_POINT('',(-2.,3.464101615138));
#6670 = CARTESIAN_POINT('',(4.,6.928203230276));
#6671 = CARTESIAN_POINT('',(4.,0.));
#6672 = ( GEOMETRIC_REPRESENTATION_CONTEXT(2) 
PARAMETRIC_REPRESENTATION_CONTEXT() REPRESENTATION_CONTEXT('2D SPACE',''
  ) );
#6673 = ORIENTED_EDGE('',*,*,#6625,.F.);
#6674 = ORIENTED_EDGE('',*,*,#6675,.F.);
#6675 = EDGE_CURVE('',#6676,#6500,#6678,.T.);
#6676 = VERTEX_POINT('',#6677);
#6677 = CARTESIAN_POINT('',(3.708099243548,6.000000089407,-1.5));
#6678 = SURFACE_CURVE('',#6679,(#6690,#6719),.PCURVE_S1.);
#6679 = B_SPLINE_CURVE_WITH_KNOTS('',3,(#6680,#6681,#6682,#6683,#6684,
    #6685,#6686,#6687,#6688,#6689),.UNSPECIFIED.,.F.,.F.,(4,2,2,2,4),(0.
    ,5.713504895138E-02,0.114270097903,0.171361394637,0.228452691371),
  .UNSPECIFIED.);
#6680 = CARTESIAN_POINT('',(3.708099243548,6.000000089407,-1.5));
#6681 = CARTESIAN_POINT('',(3.708099243548,6.190450252578,-1.5));
#6682 = CARTESIAN_POINT('',(3.724319883013,6.39214718665,-1.461555423576
    ));
#6683 = CARTESIAN_POINT('',(3.781004258888,6.761061765544,
    -1.307940834772));
#6684 = CARTESIAN_POINT('',(3.820457994056,6.928467902058,
    -1.192852530909));
#6685 = CARTESIAN_POINT('',(3.893138477346,7.192751391579,
    -0.928569041387));
#6686 = CARTESIAN_POINT('',(3.931343948416,7.30791694239,-0.761123774726
    ));
#6687 = CARTESIAN_POINT('',(3.985105247563,7.461590028709,
    -0.392059700481));
#6688 = CARTESIAN_POINT('',(4.,7.500000089407,-0.190304322447));
#6689 = CARTESIAN_POINT('',(4.,7.500000089407,3.469446951954E-16));
#6690 = PCURVE('',#1826,#6691);
#6691 = DEFINITIONAL_REPRESENTATION('',(#6692),#6718);
#6692 = B_SPLINE_CURVE_WITH_KNOTS('',3,(#6693,#6694,#6695,#6696,#6697,
    #6698,#6699,#6700,#6701,#6702,#6703,#6704,#6705,#6706,#6707,#6708,
    #6709,#6710,#6711,#6712,#6713,#6714,#6715,#6716,#6717),
  .UNSPECIFIED.,.F.,.F.,(4,1,1,1,1,1,1,1,1,1,1,1,1,1,1,1,1,1,1,1,1,1,4),
  (0.,1.038421324414E-02,2.076842648828E-02,3.115263973242E-02,
    4.153685297656E-02,5.19210662207E-02,6.230527946484E-02,
    7.268949270898E-02,8.307370595312E-02,9.345791919726E-02,
    0.103842132441,0.114226345686,0.12461055893,0.134994772174,
    0.145378985418,0.155763198662,0.166147411906,0.17653162515,
    0.186915838395,0.197300051639,0.207684264883,0.218068478127,
    0.228452691371),.QUASI_UNIFORM_KNOTS.);
#6693 = CARTESIAN_POINT('',(3.525989428085,6.000000089407));
#6694 = CARTESIAN_POINT('',(3.525989407862,6.034614133554));
#6695 = CARTESIAN_POINT('',(3.525300359962,6.104585270356));
#6696 = CARTESIAN_POINT('',(3.522213985992,6.210744724997));
#6697 = CARTESIAN_POINT('',(3.517089816139,6.317081600605));
#6698 = CARTESIAN_POINT('',(3.509940105644,6.42256683207));
#6699 = CARTESIAN_POINT('',(3.50078458587,6.526185233226));
#6700 = CARTESIAN_POINT('',(3.489612724688,6.626869838765));
#6701 = CARTESIAN_POINT('',(3.476566903055,6.723820603981));
#6702 = CARTESIAN_POINT('',(3.461882838384,6.816428124801));
#6703 = CARTESIAN_POINT('',(3.445785705054,6.903985750419));
#6704 = CARTESIAN_POINT('',(3.428451845854,6.986003996226));
#6705 = CARTESIAN_POINT('',(3.41025316114,7.061221959557));
#6706 = CARTESIAN_POINT('',(3.39081436272,7.131247243771));
#6707 = CARTESIAN_POINT('',(3.369712401372,7.197634987695));
#6708 = CARTESIAN_POINT('',(3.34728869656,7.258990065582));
#6709 = CARTESIAN_POINT('',(3.323675660449,7.314701463415));
#6710 = CARTESIAN_POINT('',(3.29905953347,7.363971792059));
#6711 = CARTESIAN_POINT('',(3.273597279209,7.405965051117));
#6712 = CARTESIAN_POINT('',(3.247487895168,7.440267123471));
#6713 = CARTESIAN_POINT('',(3.220980834275,7.466959571331));
#6714 = CARTESIAN_POINT('',(3.194317641939,7.486021289941));
#6715 = CARTESIAN_POINT('',(3.167742857371,7.497458693525));
#6716 = CARTESIAN_POINT('',(3.150245906591,7.500000089407));
#6717 = CARTESIAN_POINT('',(3.14159265359,7.500000089407));
#6718 = ( GEOMETRIC_REPRESENTATION_CONTEXT(2) 
PARAMETRIC_REPRESENTATION_CONTEXT() REPRESENTATION_CONTEXT('2D SPACE',''
  ) );
#6719 = PCURVE('',#6103,#6720);
#6720 = DEFINITIONAL_REPRESENTATION('',(#6721),#6747);
#6721 = B_SPLINE_CURVE_WITH_KNOTS('',3,(#6722,#6723,#6724,#6725,#6726,
    #6727,#6728,#6729,#6730,#6731,#6732,#6733,#6734,#6735,#6736,#6737,
    #6738,#6739,#6740,#6741,#6742,#6743,#6744,#6745,#6746),
  .UNSPECIFIED.,.F.,.F.,(4,1,1,1,1,1,1,1,1,1,1,1,1,1,1,1,1,1,1,1,1,1,4),
  (0.,1.038421324414E-02,2.076842648828E-02,3.115263973242E-02,
    4.153685297656E-02,5.19210662207E-02,6.230527946484E-02,
    7.268949270898E-02,8.307370595312E-02,9.345791919726E-02,
    0.103842132441,0.114226345686,0.12461055893,0.134994772174,
    0.145378985418,0.155763198662,0.166147411906,0.17653162515,
    0.186915838395,0.197300051639,0.207684264883,0.218068478127,
    0.228452691371),.QUASI_UNIFORM_KNOTS.);
#6722 = CARTESIAN_POINT('',(4.712388980385,3.708099243548));
#6723 = CARTESIAN_POINT('',(4.735463580029,3.708099243548));
#6724 = CARTESIAN_POINT('',(4.782114106493,3.709170817645));
#6725 = CARTESIAN_POINT('',(4.853263812571,3.713845638984));
#6726 = CARTESIAN_POINT('',(4.925259049823,3.72143908187));
#6727 = CARTESIAN_POINT('',(4.997765553274,3.73180782557));
#6728 = CARTESIAN_POINT('',(5.070476226717,3.744788054254));
#6729 = CARTESIAN_POINT('',(5.143128893931,3.76029241456));
#6730 = CARTESIAN_POINT('',(5.215558825212,3.777754369255));
#6731 = CARTESIAN_POINT('',(5.287546926899,3.79665138551));
#6732 = CARTESIAN_POINT('',(5.358764993265,3.816463387832));
#6733 = CARTESIAN_POINT('',(5.429049497967,3.836721758328));
#6734 = CARTESIAN_POINT('',(5.497502038068,3.856749591371));
#6735 = CARTESIAN_POINT('',(5.565947213741,3.876651674676));
#6736 = CARTESIAN_POINT('',(5.636266357154,3.896586136111));
#6737 = CARTESIAN_POINT('',(5.707537749532,3.915906547399));
#6738 = CARTESIAN_POINT('',(5.779596044343,3.93418020337));
#6739 = CARTESIAN_POINT('',(5.852105731867,3.950924009996));
#6740 = CARTESIAN_POINT('',(5.92484357207,3.965642705568));
#6741 = CARTESIAN_POINT('',(5.997633208344,3.977888376126));
#6742 = CARTESIAN_POINT('',(6.070210031845,3.987608675223));
#6743 = CARTESIAN_POINT('',(6.14226219122,3.994684463915));
#6744 = CARTESIAN_POINT('',(6.213450413154,3.9990145064));
#6745 = CARTESIAN_POINT('',(6.26011069799,4.));
#6746 = CARTESIAN_POINT('',(6.28318530718,4.));
#6747 = ( GEOMETRIC_REPRESENTATION_CONTEXT(2) 
PARAMETRIC_REPRESENTATION_CONTEXT() REPRESENTATION_CONTEXT('2D SPACE',''
  ) );
#6748 = ORIENTED_EDGE('',*,*,#6749,.F.);
#6749 = EDGE_CURVE('',#6477,#6676,#6750,.T.);
#6750 = SURFACE_CURVE('',#6751,(#6762,#6791),.PCURVE_S1.);
#6751 = B_SPLINE_CURVE_WITH_KNOTS('',3,(#6752,#6753,#6754,#6755,#6756,
    #6757,#6758,#6759,#6760,#6761),.UNSPECIFIED.,.F.,.F.,(4,2,2,2,4),(
    0.685358074113,0.742449370847,0.799540667582,0.856675716533,
    0.913810765484),.UNSPECIFIED.);
#6752 = CARTESIAN_POINT('',(4.,4.500000089407,-1.734723475977E-16));
#6753 = CARTESIAN_POINT('',(4.,4.500000089407,-0.190304322447));
#6754 = CARTESIAN_POINT('',(3.985105247563,4.538410150105,
    -0.392059700481));
#6755 = CARTESIAN_POINT('',(3.931343948416,4.692083236424,
    -0.761123774726));
#6756 = CARTESIAN_POINT('',(3.893138477346,4.807248787235,
    -0.928569041387));
#6757 = CARTESIAN_POINT('',(3.820457994056,5.071532276756,
    -1.192852530909));
#6758 = CARTESIAN_POINT('',(3.781004258888,5.23893841327,-1.307940834772
    ));
#6759 = CARTESIAN_POINT('',(3.724319883013,5.607852992164,
    -1.461555423576));
#6760 = CARTESIAN_POINT('',(3.708099243548,5.809549926236,-1.5));
#6761 = CARTESIAN_POINT('',(3.708099243548,6.000000089407,-1.5));
#6762 = PCURVE('',#1826,#6763);
#6763 = DEFINITIONAL_REPRESENTATION('',(#6764),#6790);
#6764 = B_SPLINE_CURVE_WITH_KNOTS('',3,(#6765,#6766,#6767,#6768,#6769,
    #6770,#6771,#6772,#6773,#6774,#6775,#6776,#6777,#6778,#6779,#6780,
    #6781,#6782,#6783,#6784,#6785,#6786,#6787,#6788,#6789),
  .UNSPECIFIED.,.F.,.F.,(4,1,1,1,1,1,1,1,1,1,1,1,1,1,1,1,1,1,1,1,1,1,4),
  (0.685358074113,0.695742287357,0.706126500601,0.716510713846,
    0.72689492709,0.737279140334,0.747663353578,0.758047566822,
    0.768431780066,0.77881599331,0.789200206555,0.799584419799,
    0.809968633043,0.820352846287,0.830737059531,0.841121272775,
    0.851505486019,0.861889699264,0.872273912508,0.882658125752,
    0.893042338996,0.90342655224,0.913810765484),.QUASI_UNIFORM_KNOTS.);
#6765 = CARTESIAN_POINT('',(3.14159265359,4.500000089407));
#6766 = CARTESIAN_POINT('',(3.150245906591,4.500000089407));
#6767 = CARTESIAN_POINT('',(3.167742857371,4.502541485289));
#6768 = CARTESIAN_POINT('',(3.194317641939,4.513978888873));
#6769 = CARTESIAN_POINT('',(3.220980834275,4.533040607482));
#6770 = CARTESIAN_POINT('',(3.247487895168,4.559733055343));
#6771 = CARTESIAN_POINT('',(3.273597279209,4.594035127697));
#6772 = CARTESIAN_POINT('',(3.29905953347,4.636028386755));
#6773 = CARTESIAN_POINT('',(3.323675660449,4.685298715399));
#6774 = CARTESIAN_POINT('',(3.34728869656,4.741010113232));
#6775 = CARTESIAN_POINT('',(3.369712401372,4.802365191119));
#6776 = CARTESIAN_POINT('',(3.39081436272,4.868752935043));
#6777 = CARTESIAN_POINT('',(3.41025316114,4.938778219257));
#6778 = CARTESIAN_POINT('',(3.428451845854,5.013996182588));
#6779 = CARTESIAN_POINT('',(3.445785705054,5.096014428395));
#6780 = CARTESIAN_POINT('',(3.461882838384,5.183572054013));
#6781 = CARTESIAN_POINT('',(3.476566903055,5.276179574833));
#6782 = CARTESIAN_POINT('',(3.489612724688,5.373130340049));
#6783 = CARTESIAN_POINT('',(3.50078458587,5.473814945588));
#6784 = CARTESIAN_POINT('',(3.509940105644,5.577433346744));
#6785 = CARTESIAN_POINT('',(3.517089816139,5.682918578209));
#6786 = CARTESIAN_POINT('',(3.522213985992,5.789255453817));
#6787 = CARTESIAN_POINT('',(3.525300359962,5.895414908458));
#6788 = CARTESIAN_POINT('',(3.525989407862,5.96538604526));
#6789 = CARTESIAN_POINT('',(3.525989428085,6.000000089407));
#6790 = ( GEOMETRIC_REPRESENTATION_CONTEXT(2) 
PARAMETRIC_REPRESENTATION_CONTEXT() REPRESENTATION_CONTEXT('2D SPACE',''
  ) );
#6791 = PCURVE('',#6103,#6792);
#6792 = DEFINITIONAL_REPRESENTATION('',(#6793),#6819);
#6793 = B_SPLINE_CURVE_WITH_KNOTS('',3,(#6794,#6795,#6796,#6797,#6798,
    #6799,#6800,#6801,#6802,#6803,#6804,#6805,#6806,#6807,#6808,#6809,
    #6810,#6811,#6812,#6813,#6814,#6815,#6816,#6817,#6818),
  .UNSPECIFIED.,.F.,.F.,(4,1,1,1,1,1,1,1,1,1,1,1,1,1,1,1,1,1,1,1,1,1,4),
  (0.685358074113,0.695742287357,0.706126500601,0.716510713846,
    0.72689492709,0.737279140334,0.747663353578,0.758047566822,
    0.768431780066,0.77881599331,0.789200206555,0.799584419799,
    0.809968633043,0.820352846287,0.830737059531,0.841121272775,
    0.851505486019,0.861889699264,0.872273912508,0.882658125752,
    0.893042338996,0.90342655224,0.913810765484),.QUASI_UNIFORM_KNOTS.);
#6794 = CARTESIAN_POINT('',(3.14159265359,4.));
#6795 = CARTESIAN_POINT('',(3.164667262779,4.));
#6796 = CARTESIAN_POINT('',(3.211327547615,3.9990145064));
#6797 = CARTESIAN_POINT('',(3.28251576955,3.994684463915));
#6798 = CARTESIAN_POINT('',(3.354567928924,3.987608675223));
#6799 = CARTESIAN_POINT('',(3.427144752426,3.977888376126));
#6800 = CARTESIAN_POINT('',(3.499934388699,3.965642705568));
#6801 = CARTESIAN_POINT('',(3.572672228902,3.950924009996));
#6802 = CARTESIAN_POINT('',(3.645181916427,3.93418020337));
#6803 = CARTESIAN_POINT('',(3.717240211237,3.915906547399));
#6804 = CARTESIAN_POINT('',(3.788511603616,3.896586136111));
#6805 = CARTESIAN_POINT('',(3.858830747028,3.876651674676));
#6806 = CARTESIAN_POINT('',(3.927275922701,3.856749591371));
#6807 = CARTESIAN_POINT('',(3.995728462802,3.836721758328));
#6808 = CARTESIAN_POINT('',(4.066012967504,3.816463387832));
#6809 = CARTESIAN_POINT('',(4.13723103387,3.79665138551));
#6810 = CARTESIAN_POINT('',(4.209219135558,3.777754369255));
#6811 = CARTESIAN_POINT('',(4.281649066838,3.76029241456));
#6812 = CARTESIAN_POINT('',(4.354301734052,3.744788054254));
#6813 = CARTESIAN_POINT('',(4.427012407496,3.73180782557));
#6814 = CARTESIAN_POINT('',(4.499518910946,3.72143908187));
#6815 = CARTESIAN_POINT('',(4.571514148198,3.713845638984));
#6816 = CARTESIAN_POINT('',(4.642663854277,3.709170817645));
#6817 = CARTESIAN_POINT('',(4.68931438074,3.708099243548));
#6818 = CARTESIAN_POINT('',(4.712388980385,3.708099243548));
#6819 = ( GEOMETRIC_REPRESENTATION_CONTEXT(2) 
PARAMETRIC_REPRESENTATION_CONTEXT() REPRESENTATION_CONTEXT('2D SPACE',''
  ) );
#6820 = ORIENTED_EDGE('',*,*,#6474,.F.);
#6821 = ORIENTED_EDGE('',*,*,#6822,.T.);
#6822 = EDGE_CURVE('',#6475,#6475,#6823,.T.);
#6823 = SURFACE_CURVE('',#6824,(#6829,#6836),.PCURVE_S1.);
#6824 = CIRCLE('',#6825,4.);
#6825 = AXIS2_PLACEMENT_3D('',#6826,#6827,#6828);
#6826 = CARTESIAN_POINT('',(-2.072416312634E-15,-3.5,0.));
#6827 = DIRECTION('',(5.921189464668E-16,1.,0.));
#6828 = DIRECTION('',(1.,-5.921189464668E-16,0.));
#6829 = PCURVE('',#1826,#6830);
#6830 = DEFINITIONAL_REPRESENTATION('',(#6831),#6835);
#6831 = LINE('',#6832,#6833);
#6832 = CARTESIAN_POINT('',(3.14159265359,-3.5));
#6833 = VECTOR('',#6834,1.);
#6834 = DIRECTION('',(1.,0.));
#6835 = ( GEOMETRIC_REPRESENTATION_CONTEXT(2) 
PARAMETRIC_REPRESENTATION_CONTEXT() REPRESENTATION_CONTEXT('2D SPACE',''
  ) );
#6836 = PCURVE('',#6837,#6842);
#6837 = PLANE('',#6838);
#6838 = AXIS2_PLACEMENT_3D('',#6839,#6840,#6841);
#6839 = CARTESIAN_POINT('',(-6.2,-3.5,0.));
#6840 = DIRECTION('',(-5.921189464668E-16,-1.,0.));
#6841 = DIRECTION('',(-0.,0.,-1.));
#6842 = DEFINITIONAL_REPRESENTATION('',(#6843),#6851);
#6843 = ( BOUNDED_CURVE() B_SPLINE_CURVE(2,(#6844,#6845,#6846,#6847,
#6848,#6849,#6850),.UNSPECIFIED.,.T.,.F.) B_SPLINE_CURVE_WITH_KNOTS((1,2
    ,2,2,2,1),(-2.094395102393,0.,2.094395102393,4.188790204786,
6.28318530718,8.377580409573),.UNSPECIFIED.) CURVE() 
GEOMETRIC_REPRESENTATION_ITEM() RATIONAL_B_SPLINE_CURVE((1.,0.5,1.,0.5,
1.,0.5,1.)) REPRESENTATION_ITEM('') );
#6844 = CARTESIAN_POINT('',(0.,10.2));
#6845 = CARTESIAN_POINT('',(6.928203230276,10.2));
#6846 = CARTESIAN_POINT('',(3.464101615138,4.2));
#6847 = CARTESIAN_POINT('',(9.797174393179E-16,-1.8));
#6848 = CARTESIAN_POINT('',(-3.464101615138,4.2));
#6849 = CARTESIAN_POINT('',(-6.928203230276,10.2));
#6850 = CARTESIAN_POINT('',(0.,10.2));
#6851 = ( GEOMETRIC_REPRESENTATION_CONTEXT(2) 
PARAMETRIC_REPRESENTATION_CONTEXT() REPRESENTATION_CONTEXT('2D SPACE',''
  ) );
#6852 = FACE_BOUND('',#6853,.F.);
#6853 = EDGE_LOOP('',(#6854,#6855,#6856,#6857,#6858,#6859,#6860,#6861,
    #6862,#6863,#6864,#6865));
#6854 = ORIENTED_EDGE('',*,*,#3782,.F.);
#6855 = ORIENTED_EDGE('',*,*,#5568,.F.);
#6856 = ORIENTED_EDGE('',*,*,#5436,.F.);
#6857 = ORIENTED_EDGE('',*,*,#6400,.F.);
#6858 = ORIENTED_EDGE('',*,*,#6353,.F.);
#6859 = ORIENTED_EDGE('',*,*,#5306,.F.);
#6860 = ORIENTED_EDGE('',*,*,#1807,.F.);
#6861 = ORIENTED_EDGE('',*,*,#4875,.F.);
#6862 = ORIENTED_EDGE('',*,*,#5245,.F.);
#6863 = ORIENTED_EDGE('',*,*,#5669,.F.);
#6864 = ORIENTED_EDGE('',*,*,#5131,.F.);
#6865 = ORIENTED_EDGE('',*,*,#4748,.F.);
#6866 = ADVANCED_FACE('',(#6867),#6103,.F.);
#6867 = FACE_BOUND('',#6868,.F.);
#6868 = EDGE_LOOP('',(#6869,#6870,#6891,#6892,#6893,#6894,#6895));
#6869 = ORIENTED_EDGE('',*,*,#6499,.T.);
#6870 = ORIENTED_EDGE('',*,*,#6871,.T.);
#6871 = EDGE_CURVE('',#6477,#6028,#6872,.T.);
#6872 = SEAM_CURVE('',#6873,(#6877,#6884),.PCURVE_S1.);
#6873 = LINE('',#6874,#6875);
#6874 = CARTESIAN_POINT('',(0.,4.500000089407,-1.836970198721E-16));
#6875 = VECTOR('',#6876,1.);
#6876 = DIRECTION('',(1.,0.,0.));
#6877 = PCURVE('',#6103,#6878);
#6878 = DEFINITIONAL_REPRESENTATION('',(#6879),#6883);
#6879 = LINE('',#6880,#6881);
#6880 = CARTESIAN_POINT('',(9.424777960769,0.));
#6881 = VECTOR('',#6882,1.);
#6882 = DIRECTION('',(0.,1.));
#6883 = ( GEOMETRIC_REPRESENTATION_CONTEXT(2) 
PARAMETRIC_REPRESENTATION_CONTEXT() REPRESENTATION_CONTEXT('2D SPACE',''
  ) );
#6884 = PCURVE('',#6103,#6885);
#6885 = DEFINITIONAL_REPRESENTATION('',(#6886),#6890);
#6886 = LINE('',#6887,#6888);
#6887 = CARTESIAN_POINT('',(3.14159265359,0.));
#6888 = VECTOR('',#6889,1.);
#6889 = DIRECTION('',(0.,1.));
#6890 = ( GEOMETRIC_REPRESENTATION_CONTEXT(2) 
PARAMETRIC_REPRESENTATION_CONTEXT() REPRESENTATION_CONTEXT('2D SPACE',''
  ) );
#6891 = ORIENTED_EDGE('',*,*,#6214,.T.);
#6892 = ORIENTED_EDGE('',*,*,#6027,.T.);
#6893 = ORIENTED_EDGE('',*,*,#6871,.F.);
#6894 = ORIENTED_EDGE('',*,*,#6749,.T.);
#6895 = ORIENTED_EDGE('',*,*,#6675,.T.);
#6896 = ADVANCED_FACE('',(#6897,#6900),#5992,.T.);
#6897 = FACE_BOUND('',#6898,.T.);
#6898 = EDGE_LOOP('',(#6899));
#6899 = ORIENTED_EDGE('',*,*,#5975,.T.);
#6900 = FACE_BOUND('',#6901,.T.);
#6901 = EDGE_LOOP('',(#6902));
#6902 = ORIENTED_EDGE('',*,*,#6648,.T.);
#6903 = ADVANCED_FACE('',(#6904),#6917,.T.);
#6904 = FACE_BOUND('',#6905,.T.);
#6905 = EDGE_LOOP('',(#6906,#6939,#6963,#6992,#7014));
#6906 = ORIENTED_EDGE('',*,*,#6907,.T.);
#6907 = EDGE_CURVE('',#6908,#6908,#6910,.T.);
#6908 = VERTEX_POINT('',#6909);
#6909 = CARTESIAN_POINT('',(1.325381765154E-15,3.5,-6.1));
#6910 = SURFACE_CURVE('',#6911,(#6916,#6928),.PCURVE_S1.);
#6911 = CIRCLE('',#6912,6.1);
#6912 = AXIS2_PLACEMENT_3D('',#6913,#6914,#6915);
#6913 = CARTESIAN_POINT('',(2.072416312634E-15,3.5,0.));
#6914 = DIRECTION('',(-5.921189464668E-16,-1.,0.));
#6915 = DIRECTION('',(1.,-5.921189464668E-16,0.));
#6916 = PCURVE('',#6917,#6922);
#6917 = TOROIDAL_SURFACE('',#6918,6.1,0.1);
#6918 = AXIS2_PLACEMENT_3D('',#6919,#6920,#6921);
#6919 = CARTESIAN_POINT('',(2.013204417987E-15,3.4,0.));
#6920 = DIRECTION('',(5.921189464668E-16,1.,0.));
#6921 = DIRECTION('',(0.,-0.,1.));
#6922 = DEFINITIONAL_REPRESENTATION('',(#6923),#6927);
#6923 = LINE('',#6924,#6925);
#6924 = CARTESIAN_POINT('',(7.853981633974,1.570796326795));
#6925 = VECTOR('',#6926,1.);
#6926 = DIRECTION('',(-1.,0.));
#6927 = ( GEOMETRIC_REPRESENTATION_CONTEXT(2) 
PARAMETRIC_REPRESENTATION_CONTEXT() REPRESENTATION_CONTEXT('2D SPACE',''
  ) );
#6928 = PCURVE('',#6197,#6929);
#6929 = DEFINITIONAL_REPRESENTATION('',(#6930),#6938);
#6930 = ( BOUNDED_CURVE() B_SPLINE_CURVE(2,(#6931,#6932,#6933,#6934,
#6935,#6936,#6937),.UNSPECIFIED.,.T.,.F.) B_SPLINE_CURVE_WITH_KNOTS((1,2
    ,2,2,2,1),(-2.094395102393,0.,2.094395102393,4.188790204786,
6.28318530718,8.377580409573),.UNSPECIFIED.) CURVE() 
GEOMETRIC_REPRESENTATION_ITEM() RATIONAL_B_SPLINE_CURVE((1.,0.5,1.,0.5,
1.,0.5,1.)) REPRESENTATION_ITEM('') );
#6931 = CARTESIAN_POINT('',(0.,10.1));
#6932 = CARTESIAN_POINT('',(10.56550992617,10.1));
#6933 = CARTESIAN_POINT('',(5.282754963085,0.95));
#6934 = CARTESIAN_POINT('',(1.49406909496E-15,-8.2));
#6935 = CARTESIAN_POINT('',(-5.282754963085,0.95));
#6936 = CARTESIAN_POINT('',(-10.56550992617,10.1));
#6937 = CARTESIAN_POINT('',(0.,10.1));
#6938 = ( GEOMETRIC_REPRESENTATION_CONTEXT(2) 
PARAMETRIC_REPRESENTATION_CONTEXT() REPRESENTATION_CONTEXT('2D SPACE',''
  ) );
#6939 = ORIENTED_EDGE('',*,*,#6940,.T.);
#6940 = EDGE_CURVE('',#6908,#6941,#6943,.T.);
#6941 = VERTEX_POINT('',#6942);
#6942 = CARTESIAN_POINT('',(1.253923402516E-15,3.4,-6.2));
#6943 = SEAM_CURVE('',#6944,(#6949,#6956),.PCURVE_S1.);
#6944 = CIRCLE('',#6945,0.1);
#6945 = AXIS2_PLACEMENT_3D('',#6946,#6947,#6948);
#6946 = CARTESIAN_POINT('',(1.266169870507E-15,3.4,-6.1));
#6947 = DIRECTION('',(-1.,5.921189464668E-16,1.224646799147E-16));
#6948 = DIRECTION('',(-1.224646799147E-16,0.,-1.));
#6949 = PCURVE('',#6917,#6950);
#6950 = DEFINITIONAL_REPRESENTATION('',(#6951),#6955);
#6951 = LINE('',#6952,#6953);
#6952 = CARTESIAN_POINT('',(-3.14159265359,6.28318530718));
#6953 = VECTOR('',#6954,1.);
#6954 = DIRECTION('',(0.,-1.));
#6955 = ( GEOMETRIC_REPRESENTATION_CONTEXT(2) 
PARAMETRIC_REPRESENTATION_CONTEXT() REPRESENTATION_CONTEXT('2D SPACE',''
  ) );
#6956 = PCURVE('',#6917,#6957);
#6957 = DEFINITIONAL_REPRESENTATION('',(#6958),#6962);
#6958 = LINE('',#6959,#6960);
#6959 = CARTESIAN_POINT('',(3.14159265359,6.28318530718));
#6960 = VECTOR('',#6961,1.);
#6961 = DIRECTION('',(0.,-1.));
#6962 = ( GEOMETRIC_REPRESENTATION_CONTEXT(2) 
PARAMETRIC_REPRESENTATION_CONTEXT() REPRESENTATION_CONTEXT('2D SPACE',''
  ) );
#6963 = ORIENTED_EDGE('',*,*,#6964,.T.);
#6964 = EDGE_CURVE('',#6941,#6965,#6967,.T.);
#6965 = VERTEX_POINT('',#6966);
#6966 = CARTESIAN_POINT('',(6.2,3.4,-7.592810154714E-16));
#6967 = SURFACE_CURVE('',#6968,(#6973,#6980),.PCURVE_S1.);
#6968 = CIRCLE('',#6969,6.2);
#6969 = AXIS2_PLACEMENT_3D('',#6970,#6971,#6972);
#6970 = CARTESIAN_POINT('',(2.013204417987E-15,3.4,0.));
#6971 = DIRECTION('',(5.921189464668E-16,1.,0.));
#6972 = DIRECTION('',(1.,-5.921189464668E-16,0.));
#6973 = PCURVE('',#6917,#6974);
#6974 = DEFINITIONAL_REPRESENTATION('',(#6975),#6979);
#6975 = LINE('',#6976,#6977);
#6976 = CARTESIAN_POINT('',(-4.712388980385,0.));
#6977 = VECTOR('',#6978,1.);
#6978 = DIRECTION('',(1.,0.));
#6979 = ( GEOMETRIC_REPRESENTATION_CONTEXT(2) 
PARAMETRIC_REPRESENTATION_CONTEXT() REPRESENTATION_CONTEXT('2D SPACE',''
  ) );
#6980 = PCURVE('',#6981,#6986);
#6981 = CYLINDRICAL_SURFACE('',#6982,6.2);
#6982 = AXIS2_PLACEMENT_3D('',#6983,#6984,#6985);
#6983 = CARTESIAN_POINT('',(1.998401444325E-15,3.375,0.));
#6984 = DIRECTION('',(5.921189464668E-16,1.,0.));
#6985 = DIRECTION('',(-1.,5.921189464668E-16,0.));
#6986 = DEFINITIONAL_REPRESENTATION('',(#6987),#6991);
#6987 = LINE('',#6988,#6989);
#6988 = CARTESIAN_POINT('',(3.14159265359,2.5E-02));
#6989 = VECTOR('',#6990,1.);
#6990 = DIRECTION('',(1.,0.));
#6991 = ( GEOMETRIC_REPRESENTATION_CONTEXT(2) 
PARAMETRIC_REPRESENTATION_CONTEXT() REPRESENTATION_CONTEXT('2D SPACE',''
  ) );
#6992 = ORIENTED_EDGE('',*,*,#6993,.T.);
#6993 = EDGE_CURVE('',#6965,#6941,#6994,.T.);
#6994 = SURFACE_CURVE('',#6995,(#7000,#7007),.PCURVE_S1.);
#6995 = CIRCLE('',#6996,6.2);
#6996 = AXIS2_PLACEMENT_3D('',#6997,#6998,#6999);
#6997 = CARTESIAN_POINT('',(2.013204417987E-15,3.4,0.));
#6998 = DIRECTION('',(5.921189464668E-16,1.,0.));
#6999 = DIRECTION('',(1.,-5.921189464668E-16,0.));
#7000 = PCURVE('',#6917,#7001);
#7001 = DEFINITIONAL_REPRESENTATION('',(#7002),#7006);
#7002 = LINE('',#7003,#7004);
#7003 = CARTESIAN_POINT('',(1.570796326795,0.));
#7004 = VECTOR('',#7005,1.);
#7005 = DIRECTION('',(1.,0.));
#7006 = ( GEOMETRIC_REPRESENTATION_CONTEXT(2) 
PARAMETRIC_REPRESENTATION_CONTEXT() REPRESENTATION_CONTEXT('2D SPACE',''
  ) );
#7007 = PCURVE('',#6981,#7008);
#7008 = DEFINITIONAL_REPRESENTATION('',(#7009),#7013);
#7009 = LINE('',#7010,#7011);
#7010 = CARTESIAN_POINT('',(3.14159265359,2.5E-02));
#7011 = VECTOR('',#7012,1.);
#7012 = DIRECTION('',(1.,0.));
#7013 = ( GEOMETRIC_REPRESENTATION_CONTEXT(2) 
PARAMETRIC_REPRESENTATION_CONTEXT() REPRESENTATION_CONTEXT('2D SPACE',''
  ) );
#7014 = ORIENTED_EDGE('',*,*,#6940,.F.);
#7015 = ADVANCED_FACE('',(#7016),#6981,.T.);
#7016 = FACE_BOUND('',#7017,.T.);
#7017 = EDGE_LOOP('',(#7018,#7019,#7042,#7073,#7074));
#7018 = ORIENTED_EDGE('',*,*,#6993,.F.);
#7019 = ORIENTED_EDGE('',*,*,#7020,.T.);
#7020 = EDGE_CURVE('',#6965,#7021,#7023,.T.);
#7021 = VERTEX_POINT('',#7022);
#7022 = CARTESIAN_POINT('',(6.2,3.25,-7.592810154714E-16));
#7023 = SEAM_CURVE('',#7024,(#7028,#7035),.PCURVE_S1.);
#7024 = LINE('',#7025,#7026);
#7025 = CARTESIAN_POINT('',(6.2,3.375,-7.592810154714E-16));
#7026 = VECTOR('',#7027,1.);
#7027 = DIRECTION('',(-5.921189464668E-16,-1.,0.));
#7028 = PCURVE('',#6981,#7029);
#7029 = DEFINITIONAL_REPRESENTATION('',(#7030),#7034);
#7030 = LINE('',#7031,#7032);
#7031 = CARTESIAN_POINT('',(3.14159265359,3.552713678801E-15));
#7032 = VECTOR('',#7033,1.);
#7033 = DIRECTION('',(0.,-1.));
#7034 = ( GEOMETRIC_REPRESENTATION_CONTEXT(2) 
PARAMETRIC_REPRESENTATION_CONTEXT() REPRESENTATION_CONTEXT('2D SPACE',''
  ) );
#7035 = PCURVE('',#6981,#7036);
#7036 = DEFINITIONAL_REPRESENTATION('',(#7037),#7041);
#7037 = LINE('',#7038,#7039);
#7038 = CARTESIAN_POINT('',(9.424777960769,3.552713678801E-15));
#7039 = VECTOR('',#7040,1.);
#7040 = DIRECTION('',(0.,-1.));
#7041 = ( GEOMETRIC_REPRESENTATION_CONTEXT(2) 
PARAMETRIC_REPRESENTATION_CONTEXT() REPRESENTATION_CONTEXT('2D SPACE',''
  ) );
#7042 = ORIENTED_EDGE('',*,*,#7043,.T.);
#7043 = EDGE_CURVE('',#7021,#7021,#7044,.T.);
#7044 = SURFACE_CURVE('',#7045,(#7050,#7057),.PCURVE_S1.);
#7045 = CIRCLE('',#7046,6.2);
#7046 = AXIS2_PLACEMENT_3D('',#7047,#7048,#7049);
#7047 = CARTESIAN_POINT('',(1.924386576017E-15,3.25,0.));
#7048 = DIRECTION('',(5.921189464668E-16,1.,0.));
#7049 = DIRECTION('',(1.,-5.921189464668E-16,0.));
#7050 = PCURVE('',#6981,#7051);
#7051 = DEFINITIONAL_REPRESENTATION('',(#7052),#7056);
#7052 = LINE('',#7053,#7054);
#7053 = CARTESIAN_POINT('',(3.14159265359,-0.125));
#7054 = VECTOR('',#7055,1.);
#7055 = DIRECTION('',(1.,0.));
#7056 = ( GEOMETRIC_REPRESENTATION_CONTEXT(2) 
PARAMETRIC_REPRESENTATION_CONTEXT() REPRESENTATION_CONTEXT('2D SPACE',''
  ) );
#7057 = PCURVE('',#7058,#7063);
#7058 = PLANE('',#7059);
#7059 = AXIS2_PLACEMENT_3D('',#7060,#7061,#7062);
#7060 = CARTESIAN_POINT('',(-6.2,3.25,0.));
#7061 = DIRECTION('',(-5.921189464668E-16,-1.,0.));
#7062 = DIRECTION('',(-0.,0.,-1.));
#7063 = DEFINITIONAL_REPRESENTATION('',(#7064),#7072);
#7064 = ( BOUNDED_CURVE() B_SPLINE_CURVE(2,(#7065,#7066,#7067,#7068,
#7069,#7070,#7071),.UNSPECIFIED.,.T.,.F.) B_SPLINE_CURVE_WITH_KNOTS((1,2
    ,2,2,2,1),(-2.094395102393,0.,2.094395102393,4.188790204786,
6.28318530718,8.377580409573),.UNSPECIFIED.) CURVE() 
GEOMETRIC_REPRESENTATION_ITEM() RATIONAL_B_SPLINE_CURVE((1.,0.5,1.,0.5,
1.,0.5,1.)) REPRESENTATION_ITEM('') );
#7065 = CARTESIAN_POINT('',(0.,12.4));
#7066 = CARTESIAN_POINT('',(10.738715006927,12.4));
#7067 = CARTESIAN_POINT('',(5.369357503464,3.1));
#7068 = CARTESIAN_POINT('',(1.518562030943E-15,-6.2));
#7069 = CARTESIAN_POINT('',(-5.369357503464,3.1));
#7070 = CARTESIAN_POINT('',(-10.73871500692,12.4));
#7071 = CARTESIAN_POINT('',(0.,12.4));
#7072 = ( GEOMETRIC_REPRESENTATION_CONTEXT(2) 
PARAMETRIC_REPRESENTATION_CONTEXT() REPRESENTATION_CONTEXT('2D SPACE',''
  ) );
#7073 = ORIENTED_EDGE('',*,*,#7020,.F.);
#7074 = ORIENTED_EDGE('',*,*,#6964,.F.);
#7075 = ADVANCED_FACE('',(#7076,#7079),#6197,.T.);
#7076 = FACE_BOUND('',#7077,.T.);
#7077 = EDGE_LOOP('',(#7078));
#7078 = ORIENTED_EDGE('',*,*,#6907,.F.);
#7079 = FACE_BOUND('',#7080,.T.);
#7080 = EDGE_LOOP('',(#7081));
#7081 = ORIENTED_EDGE('',*,*,#6182,.T.);
#7082 = ADVANCED_FACE('',(#7083),#7098,.T.);
#7083 = FACE_BOUND('',#7084,.T.);
#7084 = EDGE_LOOP('',(#7085,#7121,#7145,#7171,#7172));
#7085 = ORIENTED_EDGE('',*,*,#7086,.T.);
#7086 = EDGE_CURVE('',#7087,#7089,#7091,.T.);
#7087 = VERTEX_POINT('',#7088);
#7088 = CARTESIAN_POINT('',(6.2,-3.4,-7.592810154714E-16));
#7089 = VERTEX_POINT('',#7090);
#7090 = CARTESIAN_POINT('',(-2.772485433458E-15,-3.4,-6.2));
#7091 = SURFACE_CURVE('',#7092,(#7097,#7109),.PCURVE_S1.);
#7092 = CIRCLE('',#7093,6.2);
#7093 = AXIS2_PLACEMENT_3D('',#7094,#7095,#7096);
#7094 = CARTESIAN_POINT('',(-2.013204417987E-15,-3.4,0.));
#7095 = DIRECTION('',(-5.921189464668E-16,-1.,0.));
#7096 = DIRECTION('',(1.,-5.921189464668E-16,0.));
#7097 = PCURVE('',#7098,#7103);
#7098 = TOROIDAL_SURFACE('',#7099,6.1,0.1);
#7099 = AXIS2_PLACEMENT_3D('',#7100,#7101,#7102);
#7100 = CARTESIAN_POINT('',(-2.013204417987E-15,-3.4,0.));
#7101 = DIRECTION('',(5.921189464668E-16,1.,0.));
#7102 = DIRECTION('',(0.,-0.,1.));
#7103 = DEFINITIONAL_REPRESENTATION('',(#7104),#7108);
#7104 = LINE('',#7105,#7106);
#7105 = CARTESIAN_POINT('',(1.570796326795,6.28318530718));
#7106 = VECTOR('',#7107,1.);
#7107 = DIRECTION('',(-1.,0.));
#7108 = ( GEOMETRIC_REPRESENTATION_CONTEXT(2) 
PARAMETRIC_REPRESENTATION_CONTEXT() REPRESENTATION_CONTEXT('2D SPACE',''
  ) );
#7109 = PCURVE('',#7110,#7115);
#7110 = CYLINDRICAL_SURFACE('',#7111,6.2);
#7111 = AXIS2_PLACEMENT_3D('',#7112,#7113,#7114);
#7112 = CARTESIAN_POINT('',(-1.998401444325E-15,-3.375,0.));
#7113 = DIRECTION('',(5.921189464668E-16,1.,0.));
#7114 = DIRECTION('',(-1.,5.921189464668E-16,0.));
#7115 = DEFINITIONAL_REPRESENTATION('',(#7116),#7120);
#7116 = LINE('',#7117,#7118);
#7117 = CARTESIAN_POINT('',(3.14159265359,-2.5E-02));
#7118 = VECTOR('',#7119,1.);
#7119 = DIRECTION('',(-1.,0.));
#7120 = ( GEOMETRIC_REPRESENTATION_CONTEXT(2) 
PARAMETRIC_REPRESENTATION_CONTEXT() REPRESENTATION_CONTEXT('2D SPACE',''
  ) );
#7121 = ORIENTED_EDGE('',*,*,#7122,.T.);
#7122 = EDGE_CURVE('',#7089,#7123,#7125,.T.);
#7123 = VERTEX_POINT('',#7124);
#7124 = CARTESIAN_POINT('',(-2.819450860114E-15,-3.5,-6.1));
#7125 = SEAM_CURVE('',#7126,(#7131,#7138),.PCURVE_S1.);
#7126 = CIRCLE('',#7127,0.1);
#7127 = AXIS2_PLACEMENT_3D('',#7128,#7129,#7130);
#7128 = CARTESIAN_POINT('',(-2.760238965467E-15,-3.4,-6.1));
#7129 = DIRECTION('',(-1.,5.921189464668E-16,1.224646799147E-16));
#7130 = DIRECTION('',(-1.224646799147E-16,0.,-1.));
#7131 = PCURVE('',#7098,#7132);
#7132 = DEFINITIONAL_REPRESENTATION('',(#7133),#7137);
#7133 = LINE('',#7134,#7135);
#7134 = CARTESIAN_POINT('',(-3.14159265359,6.28318530718));
#7135 = VECTOR('',#7136,1.);
#7136 = DIRECTION('',(0.,-1.));
#7137 = ( GEOMETRIC_REPRESENTATION_CONTEXT(2) 
PARAMETRIC_REPRESENTATION_CONTEXT() REPRESENTATION_CONTEXT('2D SPACE',''
  ) );
#7138 = PCURVE('',#7098,#7139);
#7139 = DEFINITIONAL_REPRESENTATION('',(#7140),#7144);
#7140 = LINE('',#7141,#7142);
#7141 = CARTESIAN_POINT('',(3.14159265359,6.28318530718));
#7142 = VECTOR('',#7143,1.);
#7143 = DIRECTION('',(0.,-1.));
#7144 = ( GEOMETRIC_REPRESENTATION_CONTEXT(2) 
PARAMETRIC_REPRESENTATION_CONTEXT() REPRESENTATION_CONTEXT('2D SPACE',''
  ) );
#7145 = ORIENTED_EDGE('',*,*,#7146,.T.);
#7146 = EDGE_CURVE('',#7123,#7123,#7147,.T.);
#7147 = SURFACE_CURVE('',#7148,(#7153,#7160),.PCURVE_S1.);
#7148 = CIRCLE('',#7149,6.1);
#7149 = AXIS2_PLACEMENT_3D('',#7150,#7151,#7152);
#7150 = CARTESIAN_POINT('',(-2.072416312634E-15,-3.5,0.));
#7151 = DIRECTION('',(5.921189464668E-16,1.,0.));
#7152 = DIRECTION('',(1.,-5.921189464668E-16,0.));
#7153 = PCURVE('',#7098,#7154);
#7154 = DEFINITIONAL_REPRESENTATION('',(#7155),#7159);
#7155 = LINE('',#7156,#7157);
#7156 = CARTESIAN_POINT('',(-4.712388980385,4.712388980385));
#7157 = VECTOR('',#7158,1.);
#7158 = DIRECTION('',(1.,0.));
#7159 = ( GEOMETRIC_REPRESENTATION_CONTEXT(2) 
PARAMETRIC_REPRESENTATION_CONTEXT() REPRESENTATION_CONTEXT('2D SPACE',''
  ) );
#7160 = PCURVE('',#6837,#7161);
#7161 = DEFINITIONAL_REPRESENTATION('',(#7162),#7170);
#7162 = ( BOUNDED_CURVE() B_SPLINE_CURVE(2,(#7163,#7164,#7165,#7166,
#7167,#7168,#7169),.UNSPECIFIED.,.T.,.F.) B_SPLINE_CURVE_WITH_KNOTS((1,2
    ,2,2,2,1),(-2.094395102393,0.,2.094395102393,4.188790204786,
6.28318530718,8.377580409573),.UNSPECIFIED.) CURVE() 
GEOMETRIC_REPRESENTATION_ITEM() RATIONAL_B_SPLINE_CURVE((1.,0.5,1.,0.5,
1.,0.5,1.)) REPRESENTATION_ITEM('') );
#7163 = CARTESIAN_POINT('',(0.,12.3));
#7164 = CARTESIAN_POINT('',(10.56550992617,12.3));
#7165 = CARTESIAN_POINT('',(5.282754963085,3.15));
#7166 = CARTESIAN_POINT('',(1.49406909496E-15,-6.));
#7167 = CARTESIAN_POINT('',(-5.282754963085,3.15));
#7168 = CARTESIAN_POINT('',(-10.56550992617,12.3));
#7169 = CARTESIAN_POINT('',(0.,12.3));
#7170 = ( GEOMETRIC_REPRESENTATION_CONTEXT(2) 
PARAMETRIC_REPRESENTATION_CONTEXT() REPRESENTATION_CONTEXT('2D SPACE',''
  ) );
#7171 = ORIENTED_EDGE('',*,*,#7122,.F.);
#7172 = ORIENTED_EDGE('',*,*,#7173,.T.);
#7173 = EDGE_CURVE('',#7089,#7087,#7174,.T.);
#7174 = SURFACE_CURVE('',#7175,(#7180,#7187),.PCURVE_S1.);
#7175 = CIRCLE('',#7176,6.2);
#7176 = AXIS2_PLACEMENT_3D('',#7177,#7178,#7179);
#7177 = CARTESIAN_POINT('',(-2.013204417987E-15,-3.4,0.));
#7178 = DIRECTION('',(-5.921189464668E-16,-1.,0.));
#7179 = DIRECTION('',(1.,-5.921189464668E-16,0.));
#7180 = PCURVE('',#7098,#7181);
#7181 = DEFINITIONAL_REPRESENTATION('',(#7182),#7186);
#7182 = LINE('',#7183,#7184);
#7183 = CARTESIAN_POINT('',(7.853981633974,6.28318530718));
#7184 = VECTOR('',#7185,1.);
#7185 = DIRECTION('',(-1.,0.));
#7186 = ( GEOMETRIC_REPRESENTATION_CONTEXT(2) 
PARAMETRIC_REPRESENTATION_CONTEXT() REPRESENTATION_CONTEXT('2D SPACE',''
  ) );
#7187 = PCURVE('',#7110,#7188);
#7188 = DEFINITIONAL_REPRESENTATION('',(#7189),#7193);
#7189 = LINE('',#7190,#7191);
#7190 = CARTESIAN_POINT('',(3.14159265359,-2.5E-02));
#7191 = VECTOR('',#7192,1.);
#7192 = DIRECTION('',(-1.,0.));
#7193 = ( GEOMETRIC_REPRESENTATION_CONTEXT(2) 
PARAMETRIC_REPRESENTATION_CONTEXT() REPRESENTATION_CONTEXT('2D SPACE',''
  ) );
#7194 = ADVANCED_FACE('',(#7195,#7198),#6837,.T.);
#7195 = FACE_BOUND('',#7196,.T.);
#7196 = EDGE_LOOP('',(#7197));
#7197 = ORIENTED_EDGE('',*,*,#7146,.F.);
#7198 = FACE_BOUND('',#7199,.T.);
#7199 = EDGE_LOOP('',(#7200));
#7200 = ORIENTED_EDGE('',*,*,#6822,.T.);
#7201 = ADVANCED_FACE('',(#7202),#7110,.T.);
#7202 = FACE_BOUND('',#7203,.T.);
#7203 = EDGE_LOOP('',(#7204,#7233,#7254,#7255,#7256));
#7204 = ORIENTED_EDGE('',*,*,#7205,.F.);
#7205 = EDGE_CURVE('',#7206,#7206,#7208,.T.);
#7206 = VERTEX_POINT('',#7207);
#7207 = CARTESIAN_POINT('',(6.2,-3.25,-7.592810154714E-16));
#7208 = SURFACE_CURVE('',#7209,(#7214,#7221),.PCURVE_S1.);
#7209 = CIRCLE('',#7210,6.2);
#7210 = AXIS2_PLACEMENT_3D('',#7211,#7212,#7213);
#7211 = CARTESIAN_POINT('',(-1.924386576017E-15,-3.25,0.));
#7212 = DIRECTION('',(5.921189464668E-16,1.,0.));
#7213 = DIRECTION('',(1.,-5.921189464668E-16,0.));
#7214 = PCURVE('',#7110,#7215);
#7215 = DEFINITIONAL_REPRESENTATION('',(#7216),#7220);
#7216 = LINE('',#7217,#7218);
#7217 = CARTESIAN_POINT('',(-3.14159265359,0.125));
#7218 = VECTOR('',#7219,1.);
#7219 = DIRECTION('',(1.,0.));
#7220 = ( GEOMETRIC_REPRESENTATION_CONTEXT(2) 
PARAMETRIC_REPRESENTATION_CONTEXT() REPRESENTATION_CONTEXT('2D SPACE',''
  ) );
#7221 = PCURVE('',#7222,#7227);
#7222 = PLANE('',#7223);
#7223 = AXIS2_PLACEMENT_3D('',#7224,#7225,#7226);
#7224 = CARTESIAN_POINT('',(-5.8,-3.25,0.));
#7225 = DIRECTION('',(5.921189464668E-16,1.,0.));
#7226 = DIRECTION('',(0.,-0.,1.));
#7227 = DEFINITIONAL_REPRESENTATION('',(#7228),#7232);
#7228 = CIRCLE('',#7229,6.2);
#7229 = AXIS2_PLACEMENT_2D('',#7230,#7231);
#7230 = CARTESIAN_POINT('',(0.,5.8));
#7231 = DIRECTION('',(0.,1.));
#7232 = ( GEOMETRIC_REPRESENTATION_CONTEXT(2) 
PARAMETRIC_REPRESENTATION_CONTEXT() REPRESENTATION_CONTEXT('2D SPACE',''
  ) );
#7233 = ORIENTED_EDGE('',*,*,#7234,.T.);
#7234 = EDGE_CURVE('',#7206,#7087,#7235,.T.);
#7235 = SEAM_CURVE('',#7236,(#7240,#7247),.PCURVE_S1.);
#7236 = LINE('',#7237,#7238);
#7237 = CARTESIAN_POINT('',(6.2,-3.375,-7.592810154714E-16));
#7238 = VECTOR('',#7239,1.);
#7239 = DIRECTION('',(-5.921189464668E-16,-1.,0.));
#7240 = PCURVE('',#7110,#7241);
#7241 = DEFINITIONAL_REPRESENTATION('',(#7242),#7246);
#7242 = LINE('',#7243,#7244);
#7243 = CARTESIAN_POINT('',(-3.14159265359,3.552713678801E-15));
#7244 = VECTOR('',#7245,1.);
#7245 = DIRECTION('',(0.,-1.));
#7246 = ( GEOMETRIC_REPRESENTATION_CONTEXT(2) 
PARAMETRIC_REPRESENTATION_CONTEXT() REPRESENTATION_CONTEXT('2D SPACE',''
  ) );
#7247 = PCURVE('',#7110,#7248);
#7248 = DEFINITIONAL_REPRESENTATION('',(#7249),#7253);
#7249 = LINE('',#7250,#7251);
#7250 = CARTESIAN_POINT('',(3.14159265359,3.552713678801E-15));
#7251 = VECTOR('',#7252,1.);
#7252 = DIRECTION('',(0.,-1.));
#7253 = ( GEOMETRIC_REPRESENTATION_CONTEXT(2) 
PARAMETRIC_REPRESENTATION_CONTEXT() REPRESENTATION_CONTEXT('2D SPACE',''
  ) );
#7254 = ORIENTED_EDGE('',*,*,#7173,.F.);
#7255 = ORIENTED_EDGE('',*,*,#7086,.F.);
#7256 = ORIENTED_EDGE('',*,*,#7234,.F.);
#7257 = ADVANCED_FACE('',(#7258),#7271,.T.);
#7258 = FACE_BOUND('',#7259,.T.);
#7259 = EDGE_LOOP('',(#7260,#7298,#7321,#7343));
#7260 = ORIENTED_EDGE('',*,*,#7261,.F.);
#7261 = EDGE_CURVE('',#7262,#7262,#7264,.T.);
#7262 = VERTEX_POINT('',#7263);
#7263 = CARTESIAN_POINT('',(5.8,-2.75,-7.102951435055E-16));
#7264 = SURFACE_CURVE('',#7265,(#7270,#7282),.PCURVE_S1.);
#7265 = CIRCLE('',#7266,5.8);
#7266 = AXIS2_PLACEMENT_3D('',#7267,#7268,#7269);
#7267 = CARTESIAN_POINT('',(-1.628327102784E-15,-2.75,0.));
#7268 = DIRECTION('',(5.921189464668E-16,1.,0.));
#7269 = DIRECTION('',(1.,-5.921189464668E-16,0.));
#7270 = PCURVE('',#7271,#7276);
#7271 = CYLINDRICAL_SURFACE('',#7272,5.8);
#7272 = AXIS2_PLACEMENT_3D('',#7273,#7274,#7275);
#7273 = CARTESIAN_POINT('',(-1.7763568394E-15,-3.,0.));
#7274 = DIRECTION('',(5.921189464668E-16,1.,0.));
#7275 = DIRECTION('',(-1.,5.921189464668E-16,0.));
#7276 = DEFINITIONAL_REPRESENTATION('',(#7277),#7281);
#7277 = LINE('',#7278,#7279);
#7278 = CARTESIAN_POINT('',(-3.14159265359,0.25));
#7279 = VECTOR('',#7280,1.);
#7280 = DIRECTION('',(1.,0.));
#7281 = ( GEOMETRIC_REPRESENTATION_CONTEXT(2) 
PARAMETRIC_REPRESENTATION_CONTEXT() REPRESENTATION_CONTEXT('2D SPACE',''
  ) );
#7282 = PCURVE('',#7283,#7288);
#7283 = PLANE('',#7284);
#7284 = AXIS2_PLACEMENT_3D('',#7285,#7286,#7287);
#7285 = CARTESIAN_POINT('',(-6.2,-2.75,0.));
#7286 = DIRECTION('',(-5.921189464668E-16,-1.,0.));
#7287 = DIRECTION('',(-0.,0.,-1.));
#7288 = DEFINITIONAL_REPRESENTATION('',(#7289),#7297);
#7289 = ( BOUNDED_CURVE() B_SPLINE_CURVE(2,(#7290,#7291,#7292,#7293,
#7294,#7295,#7296),.UNSPECIFIED.,.T.,.F.) B_SPLINE_CURVE_WITH_KNOTS((1,2
    ,2,2,2,1),(-2.094395102393,0.,2.094395102393,4.188790204786,
6.28318530718,8.377580409573),.UNSPECIFIED.) CURVE() 
GEOMETRIC_REPRESENTATION_ITEM() RATIONAL_B_SPLINE_CURVE((1.,0.5,1.,0.5,
1.,0.5,1.)) REPRESENTATION_ITEM('') );
#7290 = CARTESIAN_POINT('',(0.,12.));
#7291 = CARTESIAN_POINT('',(10.045894683899,12.));
#7292 = CARTESIAN_POINT('',(5.02294734195,3.3));
#7293 = CARTESIAN_POINT('',(1.420590287011E-15,-5.4));
#7294 = CARTESIAN_POINT('',(-5.02294734195,3.3));
#7295 = CARTESIAN_POINT('',(-10.04589468389,12.));
#7296 = CARTESIAN_POINT('',(0.,12.));
#7297 = ( GEOMETRIC_REPRESENTATION_CONTEXT(2) 
PARAMETRIC_REPRESENTATION_CONTEXT() REPRESENTATION_CONTEXT('2D SPACE',''
  ) );
#7298 = ORIENTED_EDGE('',*,*,#7299,.T.);
#7299 = EDGE_CURVE('',#7262,#7300,#7302,.T.);
#7300 = VERTEX_POINT('',#7301);
#7301 = CARTESIAN_POINT('',(5.8,-3.25,-7.102951435055E-16));
#7302 = SEAM_CURVE('',#7303,(#7307,#7314),.PCURVE_S1.);
#7303 = LINE('',#7304,#7305);
#7304 = CARTESIAN_POINT('',(5.8,-3.,-7.102951435055E-16));
#7305 = VECTOR('',#7306,1.);
#7306 = DIRECTION('',(-5.921189464668E-16,-1.,0.));
#7307 = PCURVE('',#7271,#7308);
#7308 = DEFINITIONAL_REPRESENTATION('',(#7309),#7313);
#7309 = LINE('',#7310,#7311);
#7310 = CARTESIAN_POINT('',(-3.14159265359,3.552713678801E-15));
#7311 = VECTOR('',#7312,1.);
#7312 = DIRECTION('',(0.,-1.));
#7313 = ( GEOMETRIC_REPRESENTATION_CONTEXT(2) 
PARAMETRIC_REPRESENTATION_CONTEXT() REPRESENTATION_CONTEXT('2D SPACE',''
  ) );
#7314 = PCURVE('',#7271,#7315);
#7315 = DEFINITIONAL_REPRESENTATION('',(#7316),#7320);
#7316 = LINE('',#7317,#7318);
#7317 = CARTESIAN_POINT('',(3.14159265359,3.552713678801E-15));
#7318 = VECTOR('',#7319,1.);
#7319 = DIRECTION('',(0.,-1.));
#7320 = ( GEOMETRIC_REPRESENTATION_CONTEXT(2) 
PARAMETRIC_REPRESENTATION_CONTEXT() REPRESENTATION_CONTEXT('2D SPACE',''
  ) );
#7321 = ORIENTED_EDGE('',*,*,#7322,.T.);
#7322 = EDGE_CURVE('',#7300,#7300,#7323,.T.);
#7323 = SURFACE_CURVE('',#7324,(#7329,#7336),.PCURVE_S1.);
#7324 = CIRCLE('',#7325,5.8);
#7325 = AXIS2_PLACEMENT_3D('',#7326,#7327,#7328);
#7326 = CARTESIAN_POINT('',(-1.924386576017E-15,-3.25,0.));
#7327 = DIRECTION('',(5.921189464668E-16,1.,0.));
#7328 = DIRECTION('',(1.,-5.921189464668E-16,0.));
#7329 = PCURVE('',#7271,#7330);
#7330 = DEFINITIONAL_REPRESENTATION('',(#7331),#7335);
#7331 = LINE('',#7332,#7333);
#7332 = CARTESIAN_POINT('',(-3.14159265359,-0.25));
#7333 = VECTOR('',#7334,1.);
#7334 = DIRECTION('',(1.,0.));
#7335 = ( GEOMETRIC_REPRESENTATION_CONTEXT(2) 
PARAMETRIC_REPRESENTATION_CONTEXT() REPRESENTATION_CONTEXT('2D SPACE',''
  ) );
#7336 = PCURVE('',#7222,#7337);
#7337 = DEFINITIONAL_REPRESENTATION('',(#7338),#7342);
#7338 = CIRCLE('',#7339,5.8);
#7339 = AXIS2_PLACEMENT_2D('',#7340,#7341);
#7340 = CARTESIAN_POINT('',(0.,5.8));
#7341 = DIRECTION('',(0.,1.));
#7342 = ( GEOMETRIC_REPRESENTATION_CONTEXT(2) 
PARAMETRIC_REPRESENTATION_CONTEXT() REPRESENTATION_CONTEXT('2D SPACE',''
  ) );
#7343 = ORIENTED_EDGE('',*,*,#7299,.F.);
#7344 = ADVANCED_FACE('',(#7345,#7380),#7283,.T.);
#7345 = FACE_BOUND('',#7346,.T.);
#7346 = EDGE_LOOP('',(#7347));
#7347 = ORIENTED_EDGE('',*,*,#7348,.F.);
#7348 = EDGE_CURVE('',#7349,#7349,#7351,.T.);
#7349 = VERTEX_POINT('',#7350);
#7350 = CARTESIAN_POINT('',(6.2,-2.75,-7.592810154714E-16));
#7351 = SURFACE_CURVE('',#7352,(#7357,#7368),.PCURVE_S1.);
#7352 = CIRCLE('',#7353,6.2);
#7353 = AXIS2_PLACEMENT_3D('',#7354,#7355,#7356);
#7354 = CARTESIAN_POINT('',(-1.628327102784E-15,-2.75,0.));
#7355 = DIRECTION('',(5.921189464668E-16,1.,0.));
#7356 = DIRECTION('',(1.,-5.921189464668E-16,0.));
#7357 = PCURVE('',#7283,#7358);
#7358 = DEFINITIONAL_REPRESENTATION('',(#7359),#7367);
#7359 = ( BOUNDED_CURVE() B_SPLINE_CURVE(2,(#7360,#7361,#7362,#7363,
#7364,#7365,#7366),.UNSPECIFIED.,.T.,.F.) B_SPLINE_CURVE_WITH_KNOTS((1,2
    ,2,2,2,1),(-2.094395102393,0.,2.094395102393,4.188790204786,
6.28318530718,8.377580409573),.UNSPECIFIED.) CURVE() 
GEOMETRIC_REPRESENTATION_ITEM() RATIONAL_B_SPLINE_CURVE((1.,0.5,1.,0.5,
1.,0.5,1.)) REPRESENTATION_ITEM('') );
#7360 = CARTESIAN_POINT('',(0.,12.4));
#7361 = CARTESIAN_POINT('',(10.738715006927,12.4));
#7362 = CARTESIAN_POINT('',(5.369357503464,3.1));
#7363 = CARTESIAN_POINT('',(1.518562030943E-15,-6.2));
#7364 = CARTESIAN_POINT('',(-5.369357503464,3.1));
#7365 = CARTESIAN_POINT('',(-10.73871500692,12.4));
#7366 = CARTESIAN_POINT('',(0.,12.4));
#7367 = ( GEOMETRIC_REPRESENTATION_CONTEXT(2) 
PARAMETRIC_REPRESENTATION_CONTEXT() REPRESENTATION_CONTEXT('2D SPACE',''
  ) );
#7368 = PCURVE('',#7369,#7374);
#7369 = CYLINDRICAL_SURFACE('',#7370,6.2);
#7370 = AXIS2_PLACEMENT_3D('',#7371,#7372,#7373);
#7371 = CARTESIAN_POINT('',(-1.277569926665E-15,-2.157623792125,0.));
#7372 = DIRECTION('',(5.921189464668E-16,1.,0.));
#7373 = DIRECTION('',(-1.,5.921189464668E-16,0.));
#7374 = DEFINITIONAL_REPRESENTATION('',(#7375),#7379);
#7375 = LINE('',#7376,#7377);
#7376 = CARTESIAN_POINT('',(3.14159265359,-0.592376207875));
#7377 = VECTOR('',#7378,1.);
#7378 = DIRECTION('',(1.,0.));
#7379 = ( GEOMETRIC_REPRESENTATION_CONTEXT(2) 
PARAMETRIC_REPRESENTATION_CONTEXT() REPRESENTATION_CONTEXT('2D SPACE',''
  ) );
#7380 = FACE_BOUND('',#7381,.T.);
#7381 = EDGE_LOOP('',(#7382));
#7382 = ORIENTED_EDGE('',*,*,#7261,.T.);
#7383 = ADVANCED_FACE('',(#7384),#7369,.T.);
#7384 = FACE_BOUND('',#7385,.T.);
#7385 = EDGE_LOOP('',(#7386,#7417,#7439,#7460,#7461));
#7386 = ORIENTED_EDGE('',*,*,#7387,.F.);
#7387 = EDGE_CURVE('',#7388,#7390,#7392,.T.);
#7388 = VERTEX_POINT('',#7389);
#7389 = CARTESIAN_POINT('',(-1.686093766017E-15,-1.56524758425,-6.2));
#7390 = VERTEX_POINT('',#7391);
#7391 = CARTESIAN_POINT('',(6.2,-1.56524758425,-7.592810154714E-16));
#7392 = SURFACE_CURVE('',#7393,(#7398,#7405),.PCURVE_S1.);
#7393 = CIRCLE('',#7394,6.2);
#7394 = AXIS2_PLACEMENT_3D('',#7395,#7396,#7397);
#7395 = CARTESIAN_POINT('',(-9.268127505456E-16,-1.56524758425,0.));
#7396 = DIRECTION('',(5.921189464668E-16,1.,0.));
#7397 = DIRECTION('',(1.,-5.921189464668E-16,0.));
#7398 = PCURVE('',#7369,#7399);
#7399 = DEFINITIONAL_REPRESENTATION('',(#7400),#7404);
#7400 = LINE('',#7401,#7402);
#7401 = CARTESIAN_POINT('',(3.14159265359,0.592376207875));
#7402 = VECTOR('',#7403,1.);
#7403 = DIRECTION('',(1.,0.));
#7404 = ( GEOMETRIC_REPRESENTATION_CONTEXT(2) 
PARAMETRIC_REPRESENTATION_CONTEXT() REPRESENTATION_CONTEXT('2D SPACE',''
  ) );
#7405 = PCURVE('',#7406,#7411);
#7406 = TOROIDAL_SURFACE('',#7407,7.6,2.1);
#7407 = AXIS2_PLACEMENT_3D('',#7408,#7409,#7410);
#7408 = CARTESIAN_POINT('',(0.,0.,0.));
#7409 = DIRECTION('',(5.921189464668E-16,1.,0.));
#7410 = DIRECTION('',(0.,-0.,1.));
#7411 = DEFINITIONAL_REPRESENTATION('',(#7412),#7416);
#7412 = LINE('',#7413,#7414);
#7413 = CARTESIAN_POINT('',(-4.712388980385,3.982661324158));
#7414 = VECTOR('',#7415,1.);
#7415 = DIRECTION('',(1.,0.));
#7416 = ( GEOMETRIC_REPRESENTATION_CONTEXT(2) 
PARAMETRIC_REPRESENTATION_CONTEXT() REPRESENTATION_CONTEXT('2D SPACE',''
  ) );
#7417 = ORIENTED_EDGE('',*,*,#7418,.F.);
#7418 = EDGE_CURVE('',#7390,#7388,#7419,.T.);
#7419 = SURFACE_CURVE('',#7420,(#7425,#7432),.PCURVE_S1.);
#7420 = CIRCLE('',#7421,6.2);
#7421 = AXIS2_PLACEMENT_3D('',#7422,#7423,#7424);
#7422 = CARTESIAN_POINT('',(-9.268127505456E-16,-1.56524758425,0.));
#7423 = DIRECTION('',(5.921189464668E-16,1.,0.));
#7424 = DIRECTION('',(1.,-5.921189464668E-16,0.));
#7425 = PCURVE('',#7369,#7426);
#7426 = DEFINITIONAL_REPRESENTATION('',(#7427),#7431);
#7427 = LINE('',#7428,#7429);
#7428 = CARTESIAN_POINT('',(3.14159265359,0.592376207875));
#7429 = VECTOR('',#7430,1.);
#7430 = DIRECTION('',(1.,0.));
#7431 = ( GEOMETRIC_REPRESENTATION_CONTEXT(2) 
PARAMETRIC_REPRESENTATION_CONTEXT() REPRESENTATION_CONTEXT('2D SPACE',''
  ) );
#7432 = PCURVE('',#7406,#7433);
#7433 = DEFINITIONAL_REPRESENTATION('',(#7434),#7438);
#7434 = LINE('',#7435,#7436);
#7435 = CARTESIAN_POINT('',(1.570796326795,3.982661324158));
#7436 = VECTOR('',#7437,1.);
#7437 = DIRECTION('',(1.,0.));
#7438 = ( GEOMETRIC_REPRESENTATION_CONTEXT(2) 
PARAMETRIC_REPRESENTATION_CONTEXT() REPRESENTATION_CONTEXT('2D SPACE',''
  ) );
#7439 = ORIENTED_EDGE('',*,*,#7440,.T.);
#7440 = EDGE_CURVE('',#7390,#7349,#7441,.T.);
#7441 = SEAM_CURVE('',#7442,(#7446,#7453),.PCURVE_S1.);
#7442 = LINE('',#7443,#7444);
#7443 = CARTESIAN_POINT('',(6.2,-2.157623792125,-7.592810154714E-16));
#7444 = VECTOR('',#7445,1.);
#7445 = DIRECTION('',(-5.921189464668E-16,-1.,0.));
#7446 = PCURVE('',#7369,#7447);
#7447 = DEFINITIONAL_REPRESENTATION('',(#7448),#7452);
#7448 = LINE('',#7449,#7450);
#7449 = CARTESIAN_POINT('',(3.14159265359,3.774758283726E-15));
#7450 = VECTOR('',#7451,1.);
#7451 = DIRECTION('',(0.,-1.));
#7452 = ( GEOMETRIC_REPRESENTATION_CONTEXT(2) 
PARAMETRIC_REPRESENTATION_CONTEXT() REPRESENTATION_CONTEXT('2D SPACE',''
  ) );
#7453 = PCURVE('',#7369,#7454);
#7454 = DEFINITIONAL_REPRESENTATION('',(#7455),#7459);
#7455 = LINE('',#7456,#7457);
#7456 = CARTESIAN_POINT('',(9.424777960769,3.774758283726E-15));
#7457 = VECTOR('',#7458,1.);
#7458 = DIRECTION('',(0.,-1.));
#7459 = ( GEOMETRIC_REPRESENTATION_CONTEXT(2) 
PARAMETRIC_REPRESENTATION_CONTEXT() REPRESENTATION_CONTEXT('2D SPACE',''
  ) );
#7460 = ORIENTED_EDGE('',*,*,#7348,.T.);
#7461 = ORIENTED_EDGE('',*,*,#7440,.F.);
#7462 = ADVANCED_FACE('',(#7463),#7406,.F.);
#7463 = FACE_BOUND('',#7464,.F.);
#7464 = EDGE_LOOP('',(#7465,#7489,#7490,#7491,#7492,#7521));
#7465 = ORIENTED_EDGE('',*,*,#7466,.T.);
#7466 = EDGE_CURVE('',#7467,#7388,#7469,.T.);
#7467 = VERTEX_POINT('',#7468);
#7468 = CARTESIAN_POINT('',(1.675317350743E-16,1.56524758425,-6.2));
#7469 = SEAM_CURVE('',#7470,(#7475,#7482),.PCURVE_S1.);
#7470 = CIRCLE('',#7471,2.1);
#7471 = AXIS2_PLACEMENT_3D('',#7472,#7473,#7474);
#7472 = CARTESIAN_POINT('',(-9.30731567352E-16,5.511037951038E-31,-7.6)
  );
#7473 = DIRECTION('',(1.,-5.921189464668E-16,-1.224646799147E-16));
#7474 = DIRECTION('',(-1.224646799147E-16,7.25136572505E-32,-1.));
#7475 = PCURVE('',#7406,#7476);
#7476 = DEFINITIONAL_REPRESENTATION('',(#7477),#7481);
#7477 = LINE('',#7478,#7479);
#7478 = CARTESIAN_POINT('',(3.14159265359,0.));
#7479 = VECTOR('',#7480,1.);
#7480 = DIRECTION('',(0.,1.));
#7481 = ( GEOMETRIC_REPRESENTATION_CONTEXT(2) 
PARAMETRIC_REPRESENTATION_CONTEXT() REPRESENTATION_CONTEXT('2D SPACE',''
  ) );
#7482 = PCURVE('',#7406,#7483);
#7483 = DEFINITIONAL_REPRESENTATION('',(#7484),#7488);
#7484 = LINE('',#7485,#7486);
#7485 = CARTESIAN_POINT('',(-3.14159265359,0.));
#7486 = VECTOR('',#7487,1.);
#7487 = DIRECTION('',(0.,1.));
#7488 = ( GEOMETRIC_REPRESENTATION_CONTEXT(2) 
PARAMETRIC_REPRESENTATION_CONTEXT() REPRESENTATION_CONTEXT('2D SPACE',''
  ) );
#7489 = ORIENTED_EDGE('',*,*,#7418,.F.);
#7490 = ORIENTED_EDGE('',*,*,#7387,.F.);
#7491 = ORIENTED_EDGE('',*,*,#7466,.F.);
#7492 = ORIENTED_EDGE('',*,*,#7493,.T.);
#7493 = EDGE_CURVE('',#7467,#7494,#7496,.T.);
#7494 = VERTEX_POINT('',#7495);
#7495 = CARTESIAN_POINT('',(6.2,1.56524758425,-7.592810154714E-16));
#7496 = SURFACE_CURVE('',#7497,(#7502,#7509),.PCURVE_S1.);
#7497 = CIRCLE('',#7498,6.2);
#7498 = AXIS2_PLACEMENT_3D('',#7499,#7500,#7501);
#7499 = CARTESIAN_POINT('',(9.268127505456E-16,1.56524758425,0.));
#7500 = DIRECTION('',(5.921189464668E-16,1.,0.));
#7501 = DIRECTION('',(1.,-5.921189464668E-16,0.));
#7502 = PCURVE('',#7406,#7503);
#7503 = DEFINITIONAL_REPRESENTATION('',(#7504),#7508);
#7504 = LINE('',#7505,#7506);
#7505 = CARTESIAN_POINT('',(-4.712388980385,2.300523983022));
#7506 = VECTOR('',#7507,1.);
#7507 = DIRECTION('',(1.,0.));
#7508 = ( GEOMETRIC_REPRESENTATION_CONTEXT(2) 
PARAMETRIC_REPRESENTATION_CONTEXT() REPRESENTATION_CONTEXT('2D SPACE',''
  ) );
#7509 = PCURVE('',#7510,#7515);
#7510 = CYLINDRICAL_SURFACE('',#7511,6.2);
#7511 = AXIS2_PLACEMENT_3D('',#7512,#7513,#7514);
#7512 = CARTESIAN_POINT('',(1.277569926665E-15,2.157623792125,0.));
#7513 = DIRECTION('',(5.921189464668E-16,1.,0.));
#7514 = DIRECTION('',(-1.,5.921189464668E-16,0.));
#7515 = DEFINITIONAL_REPRESENTATION('',(#7516),#7520);
#7516 = LINE('',#7517,#7518);
#7517 = CARTESIAN_POINT('',(-3.14159265359,-0.592376207875));
#7518 = VECTOR('',#7519,1.);
#7519 = DIRECTION('',(1.,0.));
#7520 = ( GEOMETRIC_REPRESENTATION_CONTEXT(2) 
PARAMETRIC_REPRESENTATION_CONTEXT() REPRESENTATION_CONTEXT('2D SPACE',''
  ) );
#7521 = ORIENTED_EDGE('',*,*,#7522,.T.);
#7522 = EDGE_CURVE('',#7494,#7467,#7523,.T.);
#7523 = SURFACE_CURVE('',#7524,(#7529,#7536),.PCURVE_S1.);
#7524 = CIRCLE('',#7525,6.2);
#7525 = AXIS2_PLACEMENT_3D('',#7526,#7527,#7528);
#7526 = CARTESIAN_POINT('',(9.268127505456E-16,1.56524758425,0.));
#7527 = DIRECTION('',(5.921189464668E-16,1.,0.));
#7528 = DIRECTION('',(1.,-5.921189464668E-16,0.));
#7529 = PCURVE('',#7406,#7530);
#7530 = DEFINITIONAL_REPRESENTATION('',(#7531),#7535);
#7531 = LINE('',#7532,#7533);
#7532 = CARTESIAN_POINT('',(1.570796326795,2.300523983022));
#7533 = VECTOR('',#7534,1.);
#7534 = DIRECTION('',(1.,0.));
#7535 = ( GEOMETRIC_REPRESENTATION_CONTEXT(2) 
PARAMETRIC_REPRESENTATION_CONTEXT() REPRESENTATION_CONTEXT('2D SPACE',''
  ) );
#7536 = PCURVE('',#7510,#7537);
#7537 = DEFINITIONAL_REPRESENTATION('',(#7538),#7542);
#7538 = LINE('',#7539,#7540);
#7539 = CARTESIAN_POINT('',(-3.14159265359,-0.592376207875));
#7540 = VECTOR('',#7541,1.);
#7541 = DIRECTION('',(1.,0.));
#7542 = ( GEOMETRIC_REPRESENTATION_CONTEXT(2) 
PARAMETRIC_REPRESENTATION_CONTEXT() REPRESENTATION_CONTEXT('2D SPACE',''
  ) );
#7543 = ADVANCED_FACE('',(#7544),#7510,.T.);
#7544 = FACE_BOUND('',#7545,.T.);
#7545 = EDGE_LOOP('',(#7546,#7575,#7596,#7597,#7598));
#7546 = ORIENTED_EDGE('',*,*,#7547,.F.);
#7547 = EDGE_CURVE('',#7548,#7548,#7550,.T.);
#7548 = VERTEX_POINT('',#7549);
#7549 = CARTESIAN_POINT('',(6.2,2.75,-7.592810154714E-16));
#7550 = SURFACE_CURVE('',#7551,(#7556,#7563),.PCURVE_S1.);
#7551 = CIRCLE('',#7552,6.2);
#7552 = AXIS2_PLACEMENT_3D('',#7553,#7554,#7555);
#7553 = CARTESIAN_POINT('',(1.628327102784E-15,2.75,0.));
#7554 = DIRECTION('',(5.921189464668E-16,1.,0.));
#7555 = DIRECTION('',(1.,-5.921189464668E-16,0.));
#7556 = PCURVE('',#7510,#7557);
#7557 = DEFINITIONAL_REPRESENTATION('',(#7558),#7562);
#7558 = LINE('',#7559,#7560);
#7559 = CARTESIAN_POINT('',(-3.14159265359,0.592376207875));
#7560 = VECTOR('',#7561,1.);
#7561 = DIRECTION('',(1.,0.));
#7562 = ( GEOMETRIC_REPRESENTATION_CONTEXT(2) 
PARAMETRIC_REPRESENTATION_CONTEXT() REPRESENTATION_CONTEXT('2D SPACE',''
  ) );
#7563 = PCURVE('',#7564,#7569);
#7564 = PLANE('',#7565);
#7565 = AXIS2_PLACEMENT_3D('',#7566,#7567,#7568);
#7566 = CARTESIAN_POINT('',(-5.8,2.75,0.));
#7567 = DIRECTION('',(5.921189464668E-16,1.,0.));
#7568 = DIRECTION('',(0.,-0.,1.));
#7569 = DEFINITIONAL_REPRESENTATION('',(#7570),#7574);
#7570 = CIRCLE('',#7571,6.2);
#7571 = AXIS2_PLACEMENT_2D('',#7572,#7573);
#7572 = CARTESIAN_POINT('',(0.,5.8));
#7573 = DIRECTION('',(0.,1.));
#7574 = ( GEOMETRIC_REPRESENTATION_CONTEXT(2) 
PARAMETRIC_REPRESENTATION_CONTEXT() REPRESENTATION_CONTEXT('2D SPACE',''
  ) );
#7575 = ORIENTED_EDGE('',*,*,#7576,.T.);
#7576 = EDGE_CURVE('',#7548,#7494,#7577,.T.);
#7577 = SEAM_CURVE('',#7578,(#7582,#7589),.PCURVE_S1.);
#7578 = LINE('',#7579,#7580);
#7579 = CARTESIAN_POINT('',(6.2,2.157623792125,-7.592810154714E-16));
#7580 = VECTOR('',#7581,1.);
#7581 = DIRECTION('',(-5.921189464668E-16,-1.,0.));
#7582 = PCURVE('',#7510,#7583);
#7583 = DEFINITIONAL_REPRESENTATION('',(#7584),#7588);
#7584 = LINE('',#7585,#7586);
#7585 = CARTESIAN_POINT('',(-3.14159265359,3.552713678801E-15));
#7586 = VECTOR('',#7587,1.);
#7587 = DIRECTION('',(0.,-1.));
#7588 = ( GEOMETRIC_REPRESENTATION_CONTEXT(2) 
PARAMETRIC_REPRESENTATION_CONTEXT() REPRESENTATION_CONTEXT('2D SPACE',''
  ) );
#7589 = PCURVE('',#7510,#7590);
#7590 = DEFINITIONAL_REPRESENTATION('',(#7591),#7595);
#7591 = LINE('',#7592,#7593);
#7592 = CARTESIAN_POINT('',(3.14159265359,3.552713678801E-15));
#7593 = VECTOR('',#7594,1.);
#7594 = DIRECTION('',(0.,-1.));
#7595 = ( GEOMETRIC_REPRESENTATION_CONTEXT(2) 
PARAMETRIC_REPRESENTATION_CONTEXT() REPRESENTATION_CONTEXT('2D SPACE',''
  ) );
#7596 = ORIENTED_EDGE('',*,*,#7522,.T.);
#7597 = ORIENTED_EDGE('',*,*,#7493,.T.);
#7598 = ORIENTED_EDGE('',*,*,#7576,.F.);
#7599 = ADVANCED_FACE('',(#7600,#7603),#7564,.T.);
#7600 = FACE_BOUND('',#7601,.T.);
#7601 = EDGE_LOOP('',(#7602));
#7602 = ORIENTED_EDGE('',*,*,#7547,.T.);
#7603 = FACE_BOUND('',#7604,.T.);
#7604 = EDGE_LOOP('',(#7605));
#7605 = ORIENTED_EDGE('',*,*,#7606,.F.);
#7606 = EDGE_CURVE('',#7607,#7607,#7609,.T.);
#7607 = VERTEX_POINT('',#7608);
#7608 = CARTESIAN_POINT('',(5.8,2.75,-7.102951435055E-16));
#7609 = SURFACE_CURVE('',#7610,(#7615,#7622),.PCURVE_S1.);
#7610 = CIRCLE('',#7611,5.8);
#7611 = AXIS2_PLACEMENT_3D('',#7612,#7613,#7614);
#7612 = CARTESIAN_POINT('',(1.628327102784E-15,2.75,0.));
#7613 = DIRECTION('',(5.921189464668E-16,1.,0.));
#7614 = DIRECTION('',(1.,-5.921189464668E-16,0.));
#7615 = PCURVE('',#7564,#7616);
#7616 = DEFINITIONAL_REPRESENTATION('',(#7617),#7621);
#7617 = CIRCLE('',#7618,5.8);
#7618 = AXIS2_PLACEMENT_2D('',#7619,#7620);
#7619 = CARTESIAN_POINT('',(0.,5.8));
#7620 = DIRECTION('',(0.,1.));
#7621 = ( GEOMETRIC_REPRESENTATION_CONTEXT(2) 
PARAMETRIC_REPRESENTATION_CONTEXT() REPRESENTATION_CONTEXT('2D SPACE',''
  ) );
#7622 = PCURVE('',#7623,#7628);
#7623 = CYLINDRICAL_SURFACE('',#7624,5.8);
#7624 = AXIS2_PLACEMENT_3D('',#7625,#7626,#7627);
#7625 = CARTESIAN_POINT('',(1.7763568394E-15,3.,0.));
#7626 = DIRECTION('',(5.921189464668E-16,1.,0.));
#7627 = DIRECTION('',(-1.,5.921189464668E-16,0.));
#7628 = DEFINITIONAL_REPRESENTATION('',(#7629),#7633);
#7629 = LINE('',#7630,#7631);
#7630 = CARTESIAN_POINT('',(-3.14159265359,-0.25));
#7631 = VECTOR('',#7632,1.);
#7632 = DIRECTION('',(1.,0.));
#7633 = ( GEOMETRIC_REPRESENTATION_CONTEXT(2) 
PARAMETRIC_REPRESENTATION_CONTEXT() REPRESENTATION_CONTEXT('2D SPACE',''
  ) );
#7634 = ADVANCED_FACE('',(#7635),#7623,.T.);
#7635 = FACE_BOUND('',#7636,.T.);
#7636 = EDGE_LOOP('',(#7637,#7665,#7686,#7687));
#7637 = ORIENTED_EDGE('',*,*,#7638,.F.);
#7638 = EDGE_CURVE('',#7639,#7639,#7641,.T.);
#7639 = VERTEX_POINT('',#7640);
#7640 = CARTESIAN_POINT('',(5.8,3.25,-7.102951435055E-16));
#7641 = SURFACE_CURVE('',#7642,(#7647,#7654),.PCURVE_S1.);
#7642 = CIRCLE('',#7643,5.8);
#7643 = AXIS2_PLACEMENT_3D('',#7644,#7645,#7646);
#7644 = CARTESIAN_POINT('',(1.924386576017E-15,3.25,0.));
#7645 = DIRECTION('',(5.921189464668E-16,1.,0.));
#7646 = DIRECTION('',(1.,-5.921189464668E-16,0.));
#7647 = PCURVE('',#7623,#7648);
#7648 = DEFINITIONAL_REPRESENTATION('',(#7649),#7653);
#7649 = LINE('',#7650,#7651);
#7650 = CARTESIAN_POINT('',(-3.14159265359,0.25));
#7651 = VECTOR('',#7652,1.);
#7652 = DIRECTION('',(1.,0.));
#7653 = ( GEOMETRIC_REPRESENTATION_CONTEXT(2) 
PARAMETRIC_REPRESENTATION_CONTEXT() REPRESENTATION_CONTEXT('2D SPACE',''
  ) );
#7654 = PCURVE('',#7058,#7655);
#7655 = DEFINITIONAL_REPRESENTATION('',(#7656),#7664);
#7656 = ( BOUNDED_CURVE() B_SPLINE_CURVE(2,(#7657,#7658,#7659,#7660,
#7661,#7662,#7663),.UNSPECIFIED.,.T.,.F.) B_SPLINE_CURVE_WITH_KNOTS((1,2
    ,2,2,2,1),(-2.094395102393,0.,2.094395102393,4.188790204786,
6.28318530718,8.377580409573),.UNSPECIFIED.) CURVE() 
GEOMETRIC_REPRESENTATION_ITEM() RATIONAL_B_SPLINE_CURVE((1.,0.5,1.,0.5,
1.,0.5,1.)) REPRESENTATION_ITEM('') );
#7657 = CARTESIAN_POINT('',(0.,12.));
#7658 = CARTESIAN_POINT('',(10.045894683899,12.));
#7659 = CARTESIAN_POINT('',(5.02294734195,3.3));
#7660 = CARTESIAN_POINT('',(1.420590287011E-15,-5.4));
#7661 = CARTESIAN_POINT('',(-5.02294734195,3.3));
#7662 = CARTESIAN_POINT('',(-10.04589468389,12.));
#7663 = CARTESIAN_POINT('',(0.,12.));
#7664 = ( GEOMETRIC_REPRESENTATION_CONTEXT(2) 
PARAMETRIC_REPRESENTATION_CONTEXT() REPRESENTATION_CONTEXT('2D SPACE',''
  ) );
#7665 = ORIENTED_EDGE('',*,*,#7666,.T.);
#7666 = EDGE_CURVE('',#7639,#7607,#7667,.T.);
#7667 = SEAM_CURVE('',#7668,(#7672,#7679),.PCURVE_S1.);
#7668 = LINE('',#7669,#7670);
#7669 = CARTESIAN_POINT('',(5.8,3.,-7.102951435055E-16));
#7670 = VECTOR('',#7671,1.);
#7671 = DIRECTION('',(-5.921189464668E-16,-1.,0.));
#7672 = PCURVE('',#7623,#7673);
#7673 = DEFINITIONAL_REPRESENTATION('',(#7674),#7678);
#7674 = LINE('',#7675,#7676);
#7675 = CARTESIAN_POINT('',(-3.14159265359,3.552713678801E-15));
#7676 = VECTOR('',#7677,1.);
#7677 = DIRECTION('',(0.,-1.));
#7678 = ( GEOMETRIC_REPRESENTATION_CONTEXT(2) 
PARAMETRIC_REPRESENTATION_CONTEXT() REPRESENTATION_CONTEXT('2D SPACE',''
  ) );
#7679 = PCURVE('',#7623,#7680);
#7680 = DEFINITIONAL_REPRESENTATION('',(#7681),#7685);
#7681 = LINE('',#7682,#7683);
#7682 = CARTESIAN_POINT('',(3.14159265359,3.552713678801E-15));
#7683 = VECTOR('',#7684,1.);
#7684 = DIRECTION('',(0.,-1.));
#7685 = ( GEOMETRIC_REPRESENTATION_CONTEXT(2) 
PARAMETRIC_REPRESENTATION_CONTEXT() REPRESENTATION_CONTEXT('2D SPACE',''
  ) );
#7686 = ORIENTED_EDGE('',*,*,#7606,.T.);
#7687 = ORIENTED_EDGE('',*,*,#7666,.F.);
#7688 = ADVANCED_FACE('',(#7689,#7692),#7058,.T.);
#7689 = FACE_BOUND('',#7690,.T.);
#7690 = EDGE_LOOP('',(#7691));
#7691 = ORIENTED_EDGE('',*,*,#7043,.F.);
#7692 = FACE_BOUND('',#7693,.T.);
#7693 = EDGE_LOOP('',(#7694));
#7694 = ORIENTED_EDGE('',*,*,#7638,.T.);
#7695 = ADVANCED_FACE('',(#7696,#7699),#7222,.T.);
#7696 = FACE_BOUND('',#7697,.T.);
#7697 = EDGE_LOOP('',(#7698));
#7698 = ORIENTED_EDGE('',*,*,#7205,.T.);
#7699 = FACE_BOUND('',#7700,.T.);
#7700 = EDGE_LOOP('',(#7701));
#7701 = ORIENTED_EDGE('',*,*,#7322,.F.);
#7702 = ( GEOMETRIC_REPRESENTATION_CONTEXT(3) 
GLOBAL_UNCERTAINTY_ASSIGNED_CONTEXT((#7706)) 
GLOBAL_UNIT_ASSIGNED_CONTEXT((#7703,#7704,#7705)) REPRESENTATION_CONTEXT
('Context #1','3D Context with UNIT and UNCERTAINTY') );
#7703 = ( LENGTH_UNIT() NAMED_UNIT(*) SI_UNIT(.MILLI.,.METRE.) );
#7704 = ( NAMED_UNIT(*) PLANE_ANGLE_UNIT() SI_UNIT($,.RADIAN.) );
#7705 = ( NAMED_UNIT(*) SI_UNIT($,.STERADIAN.) SOLID_ANGLE_UNIT() );
#7706 = UNCERTAINTY_MEASURE_WITH_UNIT(LENGTH_MEASURE(2.E-03),#7703,
  'distance_accuracy_value','confusion accuracy');
#7707 = CONTEXT_DEPENDENT_SHAPE_REPRESENTATION(#7708,#7710);
#7708 = ( REPRESENTATION_RELATIONSHIP('','',#36,#10) 
REPRESENTATION_RELATIONSHIP_WITH_TRANSFORMATION(#7709) 
SHAPE_REPRESENTATION_RELATIONSHIP() );
#7709 = ITEM_DEFINED_TRANSFORMATION('','',#11,#15);
#7710 = PRODUCT_DEFINITION_SHAPE('Placement','Placement of an item',
  #7711);
#7711 = NEXT_ASSEMBLY_USAGE_OCCURRENCE('97','','',#5,#31,$);
#7712 = PRODUCT_RELATED_PRODUCT_CATEGORY('part',$,(#33));
#7713 = SHAPE_DEFINITION_REPRESENTATION(#7714,#7720);
#7714 = PRODUCT_DEFINITION_SHAPE('','',#7715);
#7715 = PRODUCT_DEFINITION('design','',#7716,#7719);
#7716 = PRODUCT_DEFINITION_FORMATION('','',#7717);
#7717 = PRODUCT('Open CASCADE STEP translator 7.9 31.2',
  'Open CASCADE STEP translator 7.9 31.2','',(#7718));
#7718 = PRODUCT_CONTEXT('',#2,'mechanical');
#7719 = PRODUCT_DEFINITION_CONTEXT('part definition',#2,'design');
#7720 = ADVANCED_BREP_SHAPE_REPRESENTATION('',(#11,#7721),#8790);
#7721 = MANIFOLD_SOLID_BREP('',#7722);
#7722 = CLOSED_SHELL('',(#7723,#7879,#7939,#7974,#8034,#8069,#8149,#8205
    ,#8285,#8345,#8380,#8419,#8474,#8509,#8588,#8669,#8729,#8763));
#7723 = ADVANCED_FACE('',(#7724),#7739,.F.);
#7724 = FACE_BOUND('',#7725,.F.);
#7725 = EDGE_LOOP('',(#7726,#7780,#7829,#7830));
#7726 = ORIENTED_EDGE('',*,*,#7727,.T.);
#7727 = EDGE_CURVE('',#7728,#7730,#7732,.T.);
#7728 = VERTEX_POINT('',#7729);
#7729 = CARTESIAN_POINT('',(-1.347111479062E-15,-3.,-11.));
#7730 = VERTEX_POINT('',#7731);
#7731 = CARTESIAN_POINT('',(-1.347111479062E-15,3.,-11.));
#7732 = SEAM_CURVE('',#7733,(#7738,#7773),.PCURVE_S1.);
#7733 = CIRCLE('',#7734,11.999999999998);
#7734 = AXIS2_PLACEMENT_3D('',#7735,#7736,#7737);
#7735 = CARTESIAN_POINT('',(-3.386058029834E-15,3.174148112564E-07,
    0.618949945121));
#7736 = DIRECTION('',(1.,4.593528117141E-13,-1.224646790593E-16));
#7737 = DIRECTION('',(-1.224646799147E-16,1.862328793811E-12,-1.));
#7738 = PCURVE('',#7739,#7767);
#7739 = ( BOUNDED_SURFACE() B_SPLINE_SURFACE(2,2,(
    (#7740,#7741,#7742,#7743,#7744,#7745,#7746,#7747,#7748)
    ,(#7749,#7750,#7751,#7752,#7753,#7754,#7755,#7756,#7757)
    ,(#7758,#7759,#7760,#7761,#7762,#7763,#7764,#7765,#7766
)),.UNSPECIFIED.,.F.,.T.,.F.) B_SPLINE_SURFACE_WITH_KNOTS((3,3),(1,2,2,2
    ,2,2,1),(-0.252680282703,0.252680231481),(-4.712388980385,
    -3.14159265359,-1.570796326795,0.,1.570796326795,3.14159265359,
4.712388980385),.UNSPECIFIED.) GEOMETRIC_REPRESENTATION_ITEM() 
RATIONAL_B_SPLINE_SURFACE((
    (1.,0.707106781187,1.,0.707106781187,1.,0.707106781187,1.
      ,0.707106781187,1.)
    ,(0.968245836064,0.684653196537,0.968245836064,0.684653196537
      ,0.968245836064,0.684653196537,0.968245836064,0.684653196537
      ,0.968245836064)
    ,(1.,0.707106781187,1.,0.707106781187,1.,0.707106781187,1.
,0.707106781187,1.))) REPRESENTATION_ITEM('') SURFACE() );
#7740 = CARTESIAN_POINT('',(1.374596724705E-12,-3.000000002797,
    -11.00000001082));
#7741 = CARTESIAN_POINT('',(-11.00000001081,-3.000000002802,
    -11.00000001082));
#7742 = CARTESIAN_POINT('',(-11.00000001081,-3.000000002822,
    -5.521188916371E-12));
#7743 = CARTESIAN_POINT('',(-11.00000001081,-3.000000002843,
    11.000000010809));
#7744 = CARTESIAN_POINT('',(1.374596724705E-12,-3.000000002838,
    11.000000010809));
#7745 = CARTESIAN_POINT('',(11.000000010816,-3.000000002833,
    11.000000010809));
#7746 = CARTESIAN_POINT('',(11.000000010816,-3.000000002812,
    -5.521188916352E-12));
#7747 = CARTESIAN_POINT('',(11.000000010816,-3.000000002792,
    -11.00000001082));
#7748 = CARTESIAN_POINT('',(1.374596724705E-12,-3.000000002797,
    -11.00000001082));
#7749 = CARTESIAN_POINT('',(-3.461711730838E-15,2.194359180395E-11,
    -11.77459676898));
#7750 = CARTESIAN_POINT('',(-11.77459676898,1.653489767132E-11,
    -11.77459676898));
#7751 = CARTESIAN_POINT('',(-11.77459676898,-5.393272927047E-12,
    6.579747030087E-14));
#7752 = CARTESIAN_POINT('',(-11.77459676898,-2.732144352541E-11,
    11.77459676898));
#7753 = CARTESIAN_POINT('',(-3.461711730838E-15,-2.191274939278E-11,
    11.77459676898));
#7754 = CARTESIAN_POINT('',(11.77459676898,-1.650405526015E-11,
    11.77459676898));
#7755 = CARTESIAN_POINT('',(11.77459676898,5.424115338214E-12,
    6.579747032101E-14));
#7756 = CARTESIAN_POINT('',(11.77459676898,2.735228593658E-11,
    -11.77459676898));
#7757 = CARTESIAN_POINT('',(-3.461711730838E-15,2.194359180395E-11,
    -11.77459676898));
#7758 = CARTESIAN_POINT('',(-1.381520166393E-12,3.000000042515,
    -11.00000016447));
#7759 = CARTESIAN_POINT('',(-11.00000016448,3.00000004251,
    -11.00000016447));
#7760 = CARTESIAN_POINT('',(-11.00000016448,3.000000042489,
    5.652783930865E-12));
#7761 = CARTESIAN_POINT('',(-11.00000016448,3.000000042469,
    11.000000164489));
#7762 = CARTESIAN_POINT('',(-1.381520166393E-12,3.000000042474,
    11.000000164489));
#7763 = CARTESIAN_POINT('',(11.000000164482,3.000000042479,
    11.000000164489));
#7764 = CARTESIAN_POINT('',(11.000000164482,3.000000042499,
    5.652783930884E-12));
#7765 = CARTESIAN_POINT('',(11.000000164482,3.00000004252,
    -11.00000016447));
#7766 = CARTESIAN_POINT('',(-1.381520166393E-12,3.000000042515,
    -11.00000016447));
#7767 = DEFINITIONAL_REPRESENTATION('',(#7768),#7772);
#7768 = LINE('',#7769,#7770);
#7769 = CARTESIAN_POINT('',(-6.28318530718,-3.14159265359));
#7770 = VECTOR('',#7771,1.);
#7771 = DIRECTION('',(1.,0.));
#7772 = ( GEOMETRIC_REPRESENTATION_CONTEXT(2) 
PARAMETRIC_REPRESENTATION_CONTEXT() REPRESENTATION_CONTEXT('2D SPACE',''
  ) );
#7773 = PCURVE('',#7739,#7774);
#7774 = DEFINITIONAL_REPRESENTATION('',(#7775),#7779);
#7775 = LINE('',#7776,#7777);
#7776 = CARTESIAN_POINT('',(-6.28318530718,3.14159265359));
#7777 = VECTOR('',#7778,1.);
#7778 = DIRECTION('',(1.,0.));
#7779 = ( GEOMETRIC_REPRESENTATION_CONTEXT(2) 
PARAMETRIC_REPRESENTATION_CONTEXT() REPRESENTATION_CONTEXT('2D SPACE',''
  ) );
#7780 = ORIENTED_EDGE('',*,*,#7781,.T.);
#7781 = EDGE_CURVE('',#7730,#7730,#7782,.T.);
#7782 = SURFACE_CURVE('',#7783,(#7788,#7817),.PCURVE_S1.);
#7783 = CIRCLE('',#7784,11.);
#7784 = AXIS2_PLACEMENT_3D('',#7785,#7786,#7787);
#7785 = CARTESIAN_POINT('',(1.7763568394E-15,3.,0.));
#7786 = DIRECTION('',(5.921189464668E-16,1.,0.));
#7787 = DIRECTION('',(1.,-5.921189464668E-16,0.));
#7788 = PCURVE('',#7739,#7789);
#7789 = DEFINITIONAL_REPRESENTATION('',(#7790),#7816);
#7790 = B_SPLINE_CURVE_WITH_KNOTS('',3,(#7791,#7792,#7793,#7794,#7795,
    #7796,#7797,#7798,#7799,#7800,#7801,#7802,#7803,#7804,#7805,#7806,
    #7807,#7808,#7809,#7810,#7811,#7812,#7813,#7814,#7815),
  .UNSPECIFIED.,.F.,.F.,(4,1,1,1,1,1,1,1,1,1,1,1,1,1,1,1,1,1,1,1,1,1,4),
  (1.570796326795,1.856395658939,2.141994991084,2.427594323228,
    2.713193655373,2.998792987518,3.284392319662,3.569991651807,
    3.855590983951,4.141190316096,4.42678964824,4.712388980385,
    4.997988312529,5.283587644674,5.569186976818,5.854786308963,
    6.140385641107,6.425984973252,6.711584305396,6.997183637541,
    7.282782969685,7.56838230183,7.853981633974),.QUASI_UNIFORM_KNOTS.);
#7791 = CARTESIAN_POINT('',(0.252680231477,-3.14159265359));
#7792 = CARTESIAN_POINT('',(0.252680231477,-3.036131210427));
#7793 = CARTESIAN_POINT('',(0.252680231477,-2.836578914729));
#7794 = CARTESIAN_POINT('',(0.252680231477,-2.558676880193));
#7795 = CARTESIAN_POINT('',(0.252680231478,-2.289003793572));
#7796 = CARTESIAN_POINT('',(0.252680231478,-2.016154537552));
#7797 = CARTESIAN_POINT('',(0.252680231479,-1.730960070041));
#7798 = CARTESIAN_POINT('',(0.252680231479,-1.410638332079));
#7799 = CARTESIAN_POINT('',(0.25268023148,-1.125409373393));
#7800 = CARTESIAN_POINT('',(0.25268023148,-0.852698082072));
#7801 = CARTESIAN_POINT('',(0.25268023148,-0.582507627829));
#7802 = CARTESIAN_POINT('',(0.25268023148,-0.306537099082));
#7803 = CARTESIAN_POINT('',(0.25268023148,1.483257960899E-13));
#7804 = CARTESIAN_POINT('',(0.25268023148,0.306537099082));
#7805 = CARTESIAN_POINT('',(0.25268023148,0.582507627829));
#7806 = CARTESIAN_POINT('',(0.252680231479,0.852698082072));
#7807 = CARTESIAN_POINT('',(0.252680231479,1.125409373393));
#7808 = CARTESIAN_POINT('',(0.252680231478,1.410638332079));
#7809 = CARTESIAN_POINT('',(0.252680231478,1.730960070041));
#7810 = CARTESIAN_POINT('',(0.252680231477,2.016154537552));
#7811 = CARTESIAN_POINT('',(0.252680231477,2.289003793572));
#7812 = CARTESIAN_POINT('',(0.252680231477,2.558676880193));
#7813 = CARTESIAN_POINT('',(0.252680231477,2.836578914728));
#7814 = CARTESIAN_POINT('',(0.252680231477,3.036131210426));
#7815 = CARTESIAN_POINT('',(0.252680231477,3.14159265359));
#7816 = ( GEOMETRIC_REPRESENTATION_CONTEXT(2) 
PARAMETRIC_REPRESENTATION_CONTEXT() REPRESENTATION_CONTEXT('2D SPACE',''
  ) );
#7817 = PCURVE('',#7818,#7823);
#7818 = TOROIDAL_SURFACE('',#7819,10.5,0.5);
#7819 = AXIS2_PLACEMENT_3D('',#7820,#7821,#7822);
#7820 = CARTESIAN_POINT('',(1.7763568394E-15,3.,0.));
#7821 = DIRECTION('',(5.921189464668E-16,1.,0.));
#7822 = DIRECTION('',(0.,-0.,1.));
#7823 = DEFINITIONAL_REPRESENTATION('',(#7824),#7828);
#7824 = LINE('',#7825,#7826);
#7825 = CARTESIAN_POINT('',(-4.712388980385,0.));
#7826 = VECTOR('',#7827,1.);
#7827 = DIRECTION('',(1.,0.));
#7828 = ( GEOMETRIC_REPRESENTATION_CONTEXT(2) 
PARAMETRIC_REPRESENTATION_CONTEXT() REPRESENTATION_CONTEXT('2D SPACE',''
  ) );
#7829 = ORIENTED_EDGE('',*,*,#7727,.F.);
#7830 = ORIENTED_EDGE('',*,*,#7831,.T.);
#7831 = EDGE_CURVE('',#7728,#7728,#7832,.T.);
#7832 = SURFACE_CURVE('',#7833,(#7838,#7867),.PCURVE_S1.);
#7833 = CIRCLE('',#7834,11.);
#7834 = AXIS2_PLACEMENT_3D('',#7835,#7836,#7837);
#7835 = CARTESIAN_POINT('',(-1.7763568394E-15,-3.,0.));
#7836 = DIRECTION('',(-5.921189464668E-16,-1.,0.));
#7837 = DIRECTION('',(1.,-5.921189464668E-16,0.));
#7838 = PCURVE('',#7739,#7839);
#7839 = DEFINITIONAL_REPRESENTATION('',(#7840),#7866);
#7840 = B_SPLINE_CURVE_WITH_KNOTS('',3,(#7841,#7842,#7843,#7844,#7845,
    #7846,#7847,#7848,#7849,#7850,#7851,#7852,#7853,#7854,#7855,#7856,
    #7857,#7858,#7859,#7860,#7861,#7862,#7863,#7864,#7865),
  .UNSPECIFIED.,.F.,.F.,(4,1,1,1,1,1,1,1,1,1,1,1,1,1,1,1,1,1,1,1,1,1,4),
  (4.712388980385,4.997988312529,5.283587644674,5.569186976818,
    5.854786308963,6.140385641107,6.425984973252,6.711584305396,
    6.997183637541,7.282782969685,7.56838230183,7.853981633974,
    8.139580966119,8.425180298264,8.710779630408,8.996378962553,
    9.281978294697,9.567577626842,9.853176958986,10.138776291131,
    10.424375623275,10.70997495542,10.995574287564),
  .QUASI_UNIFORM_KNOTS.);
#7841 = CARTESIAN_POINT('',(-0.252680282703,3.14159265359));
#7842 = CARTESIAN_POINT('',(-0.252680282703,3.036131210427));
#7843 = CARTESIAN_POINT('',(-0.252680282703,2.836578914728));
#7844 = CARTESIAN_POINT('',(-0.252680282703,2.558676880193));
#7845 = CARTESIAN_POINT('',(-0.252680282703,2.289003793571));
#7846 = CARTESIAN_POINT('',(-0.252680282703,2.016154537552));
#7847 = CARTESIAN_POINT('',(-0.252680282702,1.73096007004));
#7848 = CARTESIAN_POINT('',(-0.252680282702,1.410638332078));
#7849 = CARTESIAN_POINT('',(-0.252680282701,1.125409373392));
#7850 = CARTESIAN_POINT('',(-0.252680282701,0.852698082071));
#7851 = CARTESIAN_POINT('',(-0.2526802827,0.582507627828));
#7852 = CARTESIAN_POINT('',(-0.2526802827,0.306537099082));
#7853 = CARTESIAN_POINT('',(-0.2526802827,-1.503666843031E-13));
#7854 = CARTESIAN_POINT('',(-0.2526802827,-0.306537099082));
#7855 = CARTESIAN_POINT('',(-0.2526802827,-0.582507627828));
#7856 = CARTESIAN_POINT('',(-0.2526802827,-0.852698082071));
#7857 = CARTESIAN_POINT('',(-0.2526802827,-1.125409373392));
#7858 = CARTESIAN_POINT('',(-0.252680282701,-1.410638332078));
#7859 = CARTESIAN_POINT('',(-0.252680282701,-1.73096007004));
#7860 = CARTESIAN_POINT('',(-0.252680282702,-2.016154537551));
#7861 = CARTESIAN_POINT('',(-0.252680282702,-2.289003793571));
#7862 = CARTESIAN_POINT('',(-0.252680282703,-2.558676880192));
#7863 = CARTESIAN_POINT('',(-0.252680282703,-2.836578914728));
#7864 = CARTESIAN_POINT('',(-0.252680282703,-3.036131210426));
#7865 = CARTESIAN_POINT('',(-0.252680282703,-3.14159265359));
#7866 = ( GEOMETRIC_REPRESENTATION_CONTEXT(2) 
PARAMETRIC_REPRESENTATION_CONTEXT() REPRESENTATION_CONTEXT('2D SPACE',''
  ) );
#7867 = PCURVE('',#7868,#7873);
#7868 = TOROIDAL_SURFACE('',#7869,10.5,0.5);
#7869 = AXIS2_PLACEMENT_3D('',#7870,#7871,#7872);
#7870 = CARTESIAN_POINT('',(-1.7763568394E-15,-3.,0.));
#7871 = DIRECTION('',(5.921189464668E-16,1.,0.));
#7872 = DIRECTION('',(0.,-0.,1.));
#7873 = DEFINITIONAL_REPRESENTATION('',(#7874),#7878);
#7874 = LINE('',#7875,#7876);
#7875 = CARTESIAN_POINT('',(7.853981633974,6.28318530718));
#7876 = VECTOR('',#7877,1.);
#7877 = DIRECTION('',(-1.,0.));
#7878 = ( GEOMETRIC_REPRESENTATION_CONTEXT(2) 
PARAMETRIC_REPRESENTATION_CONTEXT() REPRESENTATION_CONTEXT('2D SPACE',''
  ) );
#7879 = ADVANCED_FACE('',(#7880),#7818,.T.);
#7880 = FACE_BOUND('',#7881,.T.);
#7881 = EDGE_LOOP('',(#7882,#7915,#7937,#7938));
#7882 = ORIENTED_EDGE('',*,*,#7883,.T.);
#7883 = EDGE_CURVE('',#7884,#7884,#7886,.T.);
#7884 = VERTEX_POINT('',#7885);
#7885 = CARTESIAN_POINT('',(7.865371735289E-16,3.5,-10.5));
#7886 = SURFACE_CURVE('',#7887,(#7892,#7899),.PCURVE_S1.);
#7887 = CIRCLE('',#7888,10.5);
#7888 = AXIS2_PLACEMENT_3D('',#7889,#7890,#7891);
#7889 = CARTESIAN_POINT('',(2.072416312634E-15,3.5,0.));
#7890 = DIRECTION('',(-5.921189464668E-16,-1.,0.));
#7891 = DIRECTION('',(1.,-5.921189464668E-16,0.));
#7892 = PCURVE('',#7818,#7893);
#7893 = DEFINITIONAL_REPRESENTATION('',(#7894),#7898);
#7894 = LINE('',#7895,#7896);
#7895 = CARTESIAN_POINT('',(7.853981633974,1.570796326795));
#7896 = VECTOR('',#7897,1.);
#7897 = DIRECTION('',(-1.,0.));
#7898 = ( GEOMETRIC_REPRESENTATION_CONTEXT(2) 
PARAMETRIC_REPRESENTATION_CONTEXT() REPRESENTATION_CONTEXT('2D SPACE',''
  ) );
#7899 = PCURVE('',#7900,#7905);
#7900 = PLANE('',#7901);
#7901 = AXIS2_PLACEMENT_3D('',#7902,#7903,#7904);
#7902 = CARTESIAN_POINT('',(-9.,3.5,0.));
#7903 = DIRECTION('',(5.921189464668E-16,1.,0.));
#7904 = DIRECTION('',(0.,-0.,1.));
#7905 = DEFINITIONAL_REPRESENTATION('',(#7906),#7914);
#7906 = ( BOUNDED_CURVE() B_SPLINE_CURVE(2,(#7907,#7908,#7909,#7910,
#7911,#7912,#7913),.UNSPECIFIED.,.T.,.F.) B_SPLINE_CURVE_WITH_KNOTS((1,2
    ,2,2,2,1),(-2.094395102393,0.,2.094395102393,4.188790204786,
6.28318530718,8.377580409573),.UNSPECIFIED.) CURVE() 
GEOMETRIC_REPRESENTATION_ITEM() RATIONAL_B_SPLINE_CURVE((1.,0.5,1.,0.5,
1.,0.5,1.)) REPRESENTATION_ITEM('') );
#7907 = CARTESIAN_POINT('',(0.,19.5));
#7908 = CARTESIAN_POINT('',(18.186533479473,19.5));
#7909 = CARTESIAN_POINT('',(9.093266739737,3.75));
#7910 = CARTESIAN_POINT('',(2.571758278209E-15,-12.));
#7911 = CARTESIAN_POINT('',(-9.093266739737,3.75));
#7912 = CARTESIAN_POINT('',(-18.18653347947,19.5));
#7913 = CARTESIAN_POINT('',(0.,19.5));
#7914 = ( GEOMETRIC_REPRESENTATION_CONTEXT(2) 
PARAMETRIC_REPRESENTATION_CONTEXT() REPRESENTATION_CONTEXT('2D SPACE',''
  ) );
#7915 = ORIENTED_EDGE('',*,*,#7916,.T.);
#7916 = EDGE_CURVE('',#7884,#7730,#7917,.T.);
#7917 = SEAM_CURVE('',#7918,(#7923,#7930),.PCURVE_S1.);
#7918 = CIRCLE('',#7919,0.5);
#7919 = AXIS2_PLACEMENT_3D('',#7920,#7921,#7922);
#7920 = CARTESIAN_POINT('',(4.904777002955E-16,3.,-10.5));
#7921 = DIRECTION('',(-1.,5.921189464668E-16,1.224646799147E-16));
#7922 = DIRECTION('',(-1.224646799147E-16,0.,-1.));
#7923 = PCURVE('',#7818,#7924);
#7924 = DEFINITIONAL_REPRESENTATION('',(#7925),#7929);
#7925 = LINE('',#7926,#7927);
#7926 = CARTESIAN_POINT('',(-3.14159265359,6.28318530718));
#7927 = VECTOR('',#7928,1.);
#7928 = DIRECTION('',(0.,-1.));
#7929 = ( GEOMETRIC_REPRESENTATION_CONTEXT(2) 
PARAMETRIC_REPRESENTATION_CONTEXT() REPRESENTATION_CONTEXT('2D SPACE',''
  ) );
#7930 = PCURVE('',#7818,#7931);
#7931 = DEFINITIONAL_REPRESENTATION('',(#7932),#7936);
#7932 = LINE('',#7933,#7934);
#7933 = CARTESIAN_POINT('',(3.14159265359,6.28318530718));
#7934 = VECTOR('',#7935,1.);
#7935 = DIRECTION('',(0.,-1.));
#7936 = ( GEOMETRIC_REPRESENTATION_CONTEXT(2) 
PARAMETRIC_REPRESENTATION_CONTEXT() REPRESENTATION_CONTEXT('2D SPACE',''
  ) );
#7937 = ORIENTED_EDGE('',*,*,#7781,.T.);
#7938 = ORIENTED_EDGE('',*,*,#7916,.F.);
#7939 = ADVANCED_FACE('',(#7940,#7943),#7900,.T.);
#7940 = FACE_BOUND('',#7941,.T.);
#7941 = EDGE_LOOP('',(#7942));
#7942 = ORIENTED_EDGE('',*,*,#7883,.F.);
#7943 = FACE_BOUND('',#7944,.T.);
#7944 = EDGE_LOOP('',(#7945));
#7945 = ORIENTED_EDGE('',*,*,#7946,.F.);
#7946 = EDGE_CURVE('',#7947,#7947,#7949,.T.);
#7947 = VERTEX_POINT('',#7948);
#7948 = CARTESIAN_POINT('',(9.579877254095E-16,3.5,-9.1));
#7949 = SURFACE_CURVE('',#7950,(#7955,#7962),.PCURVE_S1.);
#7950 = CIRCLE('',#7951,9.1);
#7951 = AXIS2_PLACEMENT_3D('',#7952,#7953,#7954);
#7952 = CARTESIAN_POINT('',(2.072416312634E-15,3.5,0.));
#7953 = DIRECTION('',(5.921189464668E-16,1.,0.));
#7954 = DIRECTION('',(1.,-5.921189464668E-16,0.));
#7955 = PCURVE('',#7900,#7956);
#7956 = DEFINITIONAL_REPRESENTATION('',(#7957),#7961);
#7957 = CIRCLE('',#7958,9.1);
#7958 = AXIS2_PLACEMENT_2D('',#7959,#7960);
#7959 = CARTESIAN_POINT('',(0.,9.));
#7960 = DIRECTION('',(0.,1.));
#7961 = ( GEOMETRIC_REPRESENTATION_CONTEXT(2) 
PARAMETRIC_REPRESENTATION_CONTEXT() REPRESENTATION_CONTEXT('2D SPACE',''
  ) );
#7962 = PCURVE('',#7963,#7968);
#7963 = TOROIDAL_SURFACE('',#7964,9.1,0.1);
#7964 = AXIS2_PLACEMENT_3D('',#7965,#7966,#7967);
#7965 = CARTESIAN_POINT('',(2.013204417987E-15,3.4,0.));
#7966 = DIRECTION('',(5.921189464668E-16,1.,0.));
#7967 = DIRECTION('',(0.,-0.,1.));
#7968 = DEFINITIONAL_REPRESENTATION('',(#7969),#7973);
#7969 = LINE('',#7970,#7971);
#7970 = CARTESIAN_POINT('',(-4.712388980385,1.570796326795));
#7971 = VECTOR('',#7972,1.);
#7972 = DIRECTION('',(1.,0.));
#7973 = ( GEOMETRIC_REPRESENTATION_CONTEXT(2) 
PARAMETRIC_REPRESENTATION_CONTEXT() REPRESENTATION_CONTEXT('2D SPACE',''
  ) );
#7974 = ADVANCED_FACE('',(#7975),#7868,.T.);
#7975 = FACE_BOUND('',#7976,.T.);
#7976 = EDGE_LOOP('',(#7977,#7978,#8002,#8033));
#7977 = ORIENTED_EDGE('',*,*,#7831,.T.);
#7978 = ORIENTED_EDGE('',*,*,#7979,.T.);
#7979 = EDGE_CURVE('',#7728,#7980,#7982,.T.);
#7980 = VERTEX_POINT('',#7981);
#7981 = CARTESIAN_POINT('',(-3.358295451738E-15,-3.5,-10.5));
#7982 = SEAM_CURVE('',#7983,(#7988,#7995),.PCURVE_S1.);
#7983 = CIRCLE('',#7984,0.5);
#7984 = AXIS2_PLACEMENT_3D('',#7985,#7986,#7987);
#7985 = CARTESIAN_POINT('',(-3.062235978505E-15,-3.,-10.5));
#7986 = DIRECTION('',(-1.,5.921189464668E-16,1.224646799147E-16));
#7987 = DIRECTION('',(-1.224646799147E-16,0.,-1.));
#7988 = PCURVE('',#7868,#7989);
#7989 = DEFINITIONAL_REPRESENTATION('',(#7990),#7994);
#7990 = LINE('',#7991,#7992);
#7991 = CARTESIAN_POINT('',(-3.14159265359,6.28318530718));
#7992 = VECTOR('',#7993,1.);
#7993 = DIRECTION('',(0.,-1.));
#7994 = ( GEOMETRIC_REPRESENTATION_CONTEXT(2) 
PARAMETRIC_REPRESENTATION_CONTEXT() REPRESENTATION_CONTEXT('2D SPACE',''
  ) );
#7995 = PCURVE('',#7868,#7996);
#7996 = DEFINITIONAL_REPRESENTATION('',(#7997),#8001);
#7997 = LINE('',#7998,#7999);
#7998 = CARTESIAN_POINT('',(3.14159265359,6.28318530718));
#7999 = VECTOR('',#8000,1.);
#8000 = DIRECTION('',(0.,-1.));
#8001 = ( GEOMETRIC_REPRESENTATION_CONTEXT(2) 
PARAMETRIC_REPRESENTATION_CONTEXT() REPRESENTATION_CONTEXT('2D SPACE',''
  ) );
#8002 = ORIENTED_EDGE('',*,*,#8003,.T.);
#8003 = EDGE_CURVE('',#7980,#7980,#8004,.T.);
#8004 = SURFACE_CURVE('',#8005,(#8010,#8017),.PCURVE_S1.);
#8005 = CIRCLE('',#8006,10.5);
#8006 = AXIS2_PLACEMENT_3D('',#8007,#8008,#8009);
#8007 = CARTESIAN_POINT('',(-2.072416312634E-15,-3.5,0.));
#8008 = DIRECTION('',(5.921189464668E-16,1.,0.));
#8009 = DIRECTION('',(1.,-5.921189464668E-16,0.));
#8010 = PCURVE('',#7868,#8011);
#8011 = DEFINITIONAL_REPRESENTATION('',(#8012),#8016);
#8012 = LINE('',#8013,#8014);
#8013 = CARTESIAN_POINT('',(-4.712388980385,4.712388980385));
#8014 = VECTOR('',#8015,1.);
#8015 = DIRECTION('',(1.,0.));
#8016 = ( GEOMETRIC_REPRESENTATION_CONTEXT(2) 
PARAMETRIC_REPRESENTATION_CONTEXT() REPRESENTATION_CONTEXT('2D SPACE',''
  ) );
#8017 = PCURVE('',#8018,#8023);
#8018 = PLANE('',#8019);
#8019 = AXIS2_PLACEMENT_3D('',#8020,#8021,#8022);
#8020 = CARTESIAN_POINT('',(-11.,-3.5,0.));
#8021 = DIRECTION('',(-5.921189464668E-16,-1.,0.));
#8022 = DIRECTION('',(-0.,0.,-1.));
#8023 = DEFINITIONAL_REPRESENTATION('',(#8024),#8032);
#8024 = ( BOUNDED_CURVE() B_SPLINE_CURVE(2,(#8025,#8026,#8027,#8028,
#8029,#8030,#8031),.UNSPECIFIED.,.T.,.F.) B_SPLINE_CURVE_WITH_KNOTS((1,2
    ,2,2,2,1),(-2.094395102393,0.,2.094395102393,4.188790204786,
6.28318530718,8.377580409573),.UNSPECIFIED.) CURVE() 
GEOMETRIC_REPRESENTATION_ITEM() RATIONAL_B_SPLINE_CURVE((1.,0.5,1.,0.5,
1.,0.5,1.)) REPRESENTATION_ITEM('') );
#8025 = CARTESIAN_POINT('',(0.,21.5));
#8026 = CARTESIAN_POINT('',(18.186533479473,21.5));
#8027 = CARTESIAN_POINT('',(9.093266739737,5.75));
#8028 = CARTESIAN_POINT('',(2.571758278209E-15,-10.));
#8029 = CARTESIAN_POINT('',(-9.093266739737,5.75));
#8030 = CARTESIAN_POINT('',(-18.18653347947,21.5));
#8031 = CARTESIAN_POINT('',(0.,21.5));
#8032 = ( GEOMETRIC_REPRESENTATION_CONTEXT(2) 
PARAMETRIC_REPRESENTATION_CONTEXT() REPRESENTATION_CONTEXT('2D SPACE',''
  ) );
#8033 = ORIENTED_EDGE('',*,*,#7979,.F.);
#8034 = ADVANCED_FACE('',(#8035,#8038),#8018,.T.);
#8035 = FACE_BOUND('',#8036,.T.);
#8036 = EDGE_LOOP('',(#8037));
#8037 = ORIENTED_EDGE('',*,*,#8003,.F.);
#8038 = FACE_BOUND('',#8039,.T.);
#8039 = EDGE_LOOP('',(#8040));
#8040 = ORIENTED_EDGE('',*,*,#8041,.F.);
#8041 = EDGE_CURVE('',#8042,#8042,#8044,.T.);
#8042 = VERTEX_POINT('',#8043);
#8043 = CARTESIAN_POINT('',(-3.186844899858E-15,-3.5,-9.1));
#8044 = SURFACE_CURVE('',#8045,(#8050,#8057),.PCURVE_S1.);
#8045 = CIRCLE('',#8046,9.1);
#8046 = AXIS2_PLACEMENT_3D('',#8047,#8048,#8049);
#8047 = CARTESIAN_POINT('',(-2.072416312634E-15,-3.5,0.));
#8048 = DIRECTION('',(-5.921189464668E-16,-1.,0.));
#8049 = DIRECTION('',(1.,-5.921189464668E-16,0.));
#8050 = PCURVE('',#8018,#8051);
#8051 = DEFINITIONAL_REPRESENTATION('',(#8052),#8056);
#8052 = CIRCLE('',#8053,9.1);
#8053 = AXIS2_PLACEMENT_2D('',#8054,#8055);
#8054 = CARTESIAN_POINT('',(0.,11.));
#8055 = DIRECTION('',(-0.,1.));
#8056 = ( GEOMETRIC_REPRESENTATION_CONTEXT(2) 
PARAMETRIC_REPRESENTATION_CONTEXT() REPRESENTATION_CONTEXT('2D SPACE',''
  ) );
#8057 = PCURVE('',#8058,#8063);
#8058 = TOROIDAL_SURFACE('',#8059,9.1,0.1);
#8059 = AXIS2_PLACEMENT_3D('',#8060,#8061,#8062);
#8060 = CARTESIAN_POINT('',(-2.013204417987E-15,-3.4,0.));
#8061 = DIRECTION('',(5.921189464668E-16,1.,0.));
#8062 = DIRECTION('',(0.,-0.,1.));
#8063 = DEFINITIONAL_REPRESENTATION('',(#8064),#8068);
#8064 = LINE('',#8065,#8066);
#8065 = CARTESIAN_POINT('',(7.853981633974,4.712388980385));
#8066 = VECTOR('',#8067,1.);
#8067 = DIRECTION('',(-1.,0.));
#8068 = ( GEOMETRIC_REPRESENTATION_CONTEXT(2) 
PARAMETRIC_REPRESENTATION_CONTEXT() REPRESENTATION_CONTEXT('2D SPACE',''
  ) );
#8069 = ADVANCED_FACE('',(#8070),#8058,.T.);
#8070 = FACE_BOUND('',#8071,.T.);
#8071 = EDGE_LOOP('',(#8072,#8073,#8097,#8126,#8148));
#8072 = ORIENTED_EDGE('',*,*,#8041,.T.);
#8073 = ORIENTED_EDGE('',*,*,#8074,.T.);
#8074 = EDGE_CURVE('',#8042,#8075,#8077,.T.);
#8075 = VERTEX_POINT('',#8076);
#8076 = CARTESIAN_POINT('',(-3.11538653722E-15,-3.4,-9.));
#8077 = SEAM_CURVE('',#8078,(#8083,#8090),.PCURVE_S1.);
#8078 = CIRCLE('',#8079,0.1);
#8079 = AXIS2_PLACEMENT_3D('',#8080,#8081,#8082);
#8080 = CARTESIAN_POINT('',(-3.127633005211E-15,-3.4,-9.1));
#8081 = DIRECTION('',(-1.,5.921189464668E-16,1.224646799147E-16));
#8082 = DIRECTION('',(-1.224646799147E-16,0.,-1.));
#8083 = PCURVE('',#8058,#8084);
#8084 = DEFINITIONAL_REPRESENTATION('',(#8085),#8089);
#8085 = LINE('',#8086,#8087);
#8086 = CARTESIAN_POINT('',(-3.14159265359,6.28318530718));
#8087 = VECTOR('',#8088,1.);
#8088 = DIRECTION('',(0.,-1.));
#8089 = ( GEOMETRIC_REPRESENTATION_CONTEXT(2) 
PARAMETRIC_REPRESENTATION_CONTEXT() REPRESENTATION_CONTEXT('2D SPACE',''
  ) );
#8090 = PCURVE('',#8058,#8091);
#8091 = DEFINITIONAL_REPRESENTATION('',(#8092),#8096);
#8092 = LINE('',#8093,#8094);
#8093 = CARTESIAN_POINT('',(3.14159265359,6.28318530718));
#8094 = VECTOR('',#8095,1.);
#8095 = DIRECTION('',(0.,-1.));
#8096 = ( GEOMETRIC_REPRESENTATION_CONTEXT(2) 
PARAMETRIC_REPRESENTATION_CONTEXT() REPRESENTATION_CONTEXT('2D SPACE',''
  ) );
#8097 = ORIENTED_EDGE('',*,*,#8098,.T.);
#8098 = EDGE_CURVE('',#8075,#8099,#8101,.T.);
#8099 = VERTEX_POINT('',#8100);
#8100 = CARTESIAN_POINT('',(9.,-3.4,-1.102182119233E-15));
#8101 = SURFACE_CURVE('',#8102,(#8107,#8114),.PCURVE_S1.);
#8102 = CIRCLE('',#8103,9.);
#8103 = AXIS2_PLACEMENT_3D('',#8104,#8105,#8106);
#8104 = CARTESIAN_POINT('',(-2.013204417987E-15,-3.4,0.));
#8105 = DIRECTION('',(5.921189464668E-16,1.,0.));
#8106 = DIRECTION('',(1.,-5.921189464668E-16,0.));
#8107 = PCURVE('',#8058,#8108);
#8108 = DEFINITIONAL_REPRESENTATION('',(#8109),#8113);
#8109 = LINE('',#8110,#8111);
#8110 = CARTESIAN_POINT('',(-4.712388980385,3.14159265359));
#8111 = VECTOR('',#8112,1.);
#8112 = DIRECTION('',(1.,4.617694204199E-15));
#8113 = ( GEOMETRIC_REPRESENTATION_CONTEXT(2) 
PARAMETRIC_REPRESENTATION_CONTEXT() REPRESENTATION_CONTEXT('2D SPACE',''
  ) );
#8114 = PCURVE('',#8115,#8120);
#8115 = CYLINDRICAL_SURFACE('',#8116,9.);
#8116 = AXIS2_PLACEMENT_3D('',#8117,#8118,#8119);
#8117 = CARTESIAN_POINT('',(-1.998401444325E-15,-3.375,0.));
#8118 = DIRECTION('',(5.921189464668E-16,1.,0.));
#8119 = DIRECTION('',(-1.,5.921189464668E-16,0.));
#8120 = DEFINITIONAL_REPRESENTATION('',(#8121),#8125);
#8121 = LINE('',#8122,#8123);
#8122 = CARTESIAN_POINT('',(3.14159265359,-2.499999999999E-02));
#8123 = VECTOR('',#8124,1.);
#8124 = DIRECTION('',(1.,0.));
#8125 = ( GEOMETRIC_REPRESENTATION_CONTEXT(2) 
PARAMETRIC_REPRESENTATION_CONTEXT() REPRESENTATION_CONTEXT('2D SPACE',''
  ) );
#8126 = ORIENTED_EDGE('',*,*,#8127,.T.);
#8127 = EDGE_CURVE('',#8099,#8075,#8128,.T.);
#8128 = SURFACE_CURVE('',#8129,(#8134,#8141),.PCURVE_S1.);
#8129 = CIRCLE('',#8130,9.);
#8130 = AXIS2_PLACEMENT_3D('',#8131,#8132,#8133);
#8131 = CARTESIAN_POINT('',(-2.013204417987E-15,-3.4,0.));
#8132 = DIRECTION('',(5.921189464668E-16,1.,0.));
#8133 = DIRECTION('',(1.,-5.921189464668E-16,0.));
#8134 = PCURVE('',#8058,#8135);
#8135 = DEFINITIONAL_REPRESENTATION('',(#8136),#8140);
#8136 = LINE('',#8137,#8138);
#8137 = CARTESIAN_POINT('',(1.570796326795,3.14159265359));
#8138 = VECTOR('',#8139,1.);
#8139 = DIRECTION('',(1.,-1.272221872585E-14));
#8140 = ( GEOMETRIC_REPRESENTATION_CONTEXT(2) 
PARAMETRIC_REPRESENTATION_CONTEXT() REPRESENTATION_CONTEXT('2D SPACE',''
  ) );
#8141 = PCURVE('',#8115,#8142);
#8142 = DEFINITIONAL_REPRESENTATION('',(#8143),#8147);
#8143 = LINE('',#8144,#8145);
#8144 = CARTESIAN_POINT('',(3.14159265359,-2.499999999999E-02));
#8145 = VECTOR('',#8146,1.);
#8146 = DIRECTION('',(1.,0.));
#8147 = ( GEOMETRIC_REPRESENTATION_CONTEXT(2) 
PARAMETRIC_REPRESENTATION_CONTEXT() REPRESENTATION_CONTEXT('2D SPACE',''
  ) );
#8148 = ORIENTED_EDGE('',*,*,#8074,.F.);
#8149 = ADVANCED_FACE('',(#8150),#8115,.F.);
#8150 = FACE_BOUND('',#8151,.F.);
#8151 = EDGE_LOOP('',(#8152,#8153,#8176,#8203,#8204));
#8152 = ORIENTED_EDGE('',*,*,#8098,.T.);
#8153 = ORIENTED_EDGE('',*,*,#8154,.T.);
#8154 = EDGE_CURVE('',#8099,#8155,#8157,.T.);
#8155 = VERTEX_POINT('',#8156);
#8156 = CARTESIAN_POINT('',(9.,-3.25,-1.102182119233E-15));
#8157 = SEAM_CURVE('',#8158,(#8162,#8169),.PCURVE_S1.);
#8158 = LINE('',#8159,#8160);
#8159 = CARTESIAN_POINT('',(9.,-3.375,-1.102182119233E-15));
#8160 = VECTOR('',#8161,1.);
#8161 = DIRECTION('',(5.921189464668E-16,1.,0.));
#8162 = PCURVE('',#8115,#8163);
#8163 = DEFINITIONAL_REPRESENTATION('',(#8164),#8168);
#8164 = LINE('',#8165,#8166);
#8165 = CARTESIAN_POINT('',(9.424777960769,-4.440892098501E-15));
#8166 = VECTOR('',#8167,1.);
#8167 = DIRECTION('',(0.,1.));
#8168 = ( GEOMETRIC_REPRESENTATION_CONTEXT(2) 
PARAMETRIC_REPRESENTATION_CONTEXT() REPRESENTATION_CONTEXT('2D SPACE',''
  ) );
#8169 = PCURVE('',#8115,#8170);
#8170 = DEFINITIONAL_REPRESENTATION('',(#8171),#8175);
#8171 = LINE('',#8172,#8173);
#8172 = CARTESIAN_POINT('',(3.14159265359,-4.440892098501E-15));
#8173 = VECTOR('',#8174,1.);
#8174 = DIRECTION('',(0.,1.));
#8175 = ( GEOMETRIC_REPRESENTATION_CONTEXT(2) 
PARAMETRIC_REPRESENTATION_CONTEXT() REPRESENTATION_CONTEXT('2D SPACE',''
  ) );
#8176 = ORIENTED_EDGE('',*,*,#8177,.F.);
#8177 = EDGE_CURVE('',#8155,#8155,#8178,.T.);
#8178 = SURFACE_CURVE('',#8179,(#8184,#8191),.PCURVE_S1.);
#8179 = CIRCLE('',#8180,9.);
#8180 = AXIS2_PLACEMENT_3D('',#8181,#8182,#8183);
#8181 = CARTESIAN_POINT('',(-1.924386576017E-15,-3.25,0.));
#8182 = DIRECTION('',(5.921189464668E-16,1.,0.));
#8183 = DIRECTION('',(1.,-5.921189464668E-16,0.));
#8184 = PCURVE('',#8115,#8185);
#8185 = DEFINITIONAL_REPRESENTATION('',(#8186),#8190);
#8186 = LINE('',#8187,#8188);
#8187 = CARTESIAN_POINT('',(3.14159265359,0.125));
#8188 = VECTOR('',#8189,1.);
#8189 = DIRECTION('',(1.,0.));
#8190 = ( GEOMETRIC_REPRESENTATION_CONTEXT(2) 
PARAMETRIC_REPRESENTATION_CONTEXT() REPRESENTATION_CONTEXT('2D SPACE',''
  ) );
#8191 = PCURVE('',#8192,#8197);
#8192 = PLANE('',#8193);
#8193 = AXIS2_PLACEMENT_3D('',#8194,#8195,#8196);
#8194 = CARTESIAN_POINT('',(-9.,-3.25,0.));
#8195 = DIRECTION('',(5.921189464668E-16,1.,0.));
#8196 = DIRECTION('',(0.,-0.,1.));
#8197 = DEFINITIONAL_REPRESENTATION('',(#8198),#8202);
#8198 = CIRCLE('',#8199,9.);
#8199 = AXIS2_PLACEMENT_2D('',#8200,#8201);
#8200 = CARTESIAN_POINT('',(0.,9.));
#8201 = DIRECTION('',(0.,1.));
#8202 = ( GEOMETRIC_REPRESENTATION_CONTEXT(2) 
PARAMETRIC_REPRESENTATION_CONTEXT() REPRESENTATION_CONTEXT('2D SPACE',''
  ) );
#8203 = ORIENTED_EDGE('',*,*,#8154,.F.);
#8204 = ORIENTED_EDGE('',*,*,#8127,.T.);
#8205 = ADVANCED_FACE('',(#8206),#7963,.T.);
#8206 = FACE_BOUND('',#8207,.T.);
#8207 = EDGE_LOOP('',(#8208,#8239,#8261,#8262,#8263));
#8208 = ORIENTED_EDGE('',*,*,#8209,.T.);
#8209 = EDGE_CURVE('',#8210,#8212,#8214,.T.);
#8210 = VERTEX_POINT('',#8211);
#8211 = CARTESIAN_POINT('',(9.,3.4,-1.102182119233E-15));
#8212 = VERTEX_POINT('',#8213);
#8213 = CARTESIAN_POINT('',(9.110222987543E-16,3.4,-9.));
#8214 = SURFACE_CURVE('',#8215,(#8220,#8227),.PCURVE_S1.);
#8215 = CIRCLE('',#8216,9.);
#8216 = AXIS2_PLACEMENT_3D('',#8217,#8218,#8219);
#8217 = CARTESIAN_POINT('',(2.013204417987E-15,3.4,0.));
#8218 = DIRECTION('',(-5.921189464668E-16,-1.,0.));
#8219 = DIRECTION('',(1.,-5.921189464668E-16,0.));
#8220 = PCURVE('',#7963,#8221);
#8221 = DEFINITIONAL_REPRESENTATION('',(#8222),#8226);
#8222 = LINE('',#8223,#8224);
#8223 = CARTESIAN_POINT('',(1.570796326795,3.14159265359));
#8224 = VECTOR('',#8225,1.);
#8225 = DIRECTION('',(-1.,-4.711932861427E-15));
#8226 = ( GEOMETRIC_REPRESENTATION_CONTEXT(2) 
PARAMETRIC_REPRESENTATION_CONTEXT() REPRESENTATION_CONTEXT('2D SPACE',''
  ) );
#8227 = PCURVE('',#8228,#8233);
#8228 = CYLINDRICAL_SURFACE('',#8229,9.);
#8229 = AXIS2_PLACEMENT_3D('',#8230,#8231,#8232);
#8230 = CARTESIAN_POINT('',(1.998401444325E-15,3.375,0.));
#8231 = DIRECTION('',(5.921189464668E-16,1.,0.));
#8232 = DIRECTION('',(-1.,5.921189464668E-16,0.));
#8233 = DEFINITIONAL_REPRESENTATION('',(#8234),#8238);
#8234 = LINE('',#8235,#8236);
#8235 = CARTESIAN_POINT('',(9.424777960769,2.5E-02));
#8236 = VECTOR('',#8237,1.);
#8237 = DIRECTION('',(-1.,0.));
#8238 = ( GEOMETRIC_REPRESENTATION_CONTEXT(2) 
PARAMETRIC_REPRESENTATION_CONTEXT() REPRESENTATION_CONTEXT('2D SPACE',''
  ) );
#8239 = ORIENTED_EDGE('',*,*,#8240,.T.);
#8240 = EDGE_CURVE('',#8212,#7947,#8241,.T.);
#8241 = SEAM_CURVE('',#8242,(#8247,#8254),.PCURVE_S1.);
#8242 = CIRCLE('',#8243,0.1);
#8243 = AXIS2_PLACEMENT_3D('',#8244,#8245,#8246);
#8244 = CARTESIAN_POINT('',(8.987758307629E-16,3.4,-9.1));
#8245 = DIRECTION('',(-1.,5.921189464668E-16,1.224646799147E-16));
#8246 = DIRECTION('',(-1.224646799147E-16,0.,-1.));
#8247 = PCURVE('',#7963,#8248);
#8248 = DEFINITIONAL_REPRESENTATION('',(#8249),#8253);
#8249 = LINE('',#8250,#8251);
#8250 = CARTESIAN_POINT('',(-3.14159265359,6.28318530718));
#8251 = VECTOR('',#8252,1.);
#8252 = DIRECTION('',(0.,-1.));
#8253 = ( GEOMETRIC_REPRESENTATION_CONTEXT(2) 
PARAMETRIC_REPRESENTATION_CONTEXT() REPRESENTATION_CONTEXT('2D SPACE',''
  ) );
#8254 = PCURVE('',#7963,#8255);
#8255 = DEFINITIONAL_REPRESENTATION('',(#8256),#8260);
#8256 = LINE('',#8257,#8258);
#8257 = CARTESIAN_POINT('',(3.14159265359,6.28318530718));
#8258 = VECTOR('',#8259,1.);
#8259 = DIRECTION('',(0.,-1.));
#8260 = ( GEOMETRIC_REPRESENTATION_CONTEXT(2) 
PARAMETRIC_REPRESENTATION_CONTEXT() REPRESENTATION_CONTEXT('2D SPACE',''
  ) );
#8261 = ORIENTED_EDGE('',*,*,#7946,.T.);
#8262 = ORIENTED_EDGE('',*,*,#8240,.F.);
#8263 = ORIENTED_EDGE('',*,*,#8264,.T.);
#8264 = EDGE_CURVE('',#8212,#8210,#8265,.T.);
#8265 = SURFACE_CURVE('',#8266,(#8271,#8278),.PCURVE_S1.);
#8266 = CIRCLE('',#8267,9.);
#8267 = AXIS2_PLACEMENT_3D('',#8268,#8269,#8270);
#8268 = CARTESIAN_POINT('',(2.013204417987E-15,3.4,0.));
#8269 = DIRECTION('',(-5.921189464668E-16,-1.,0.));
#8270 = DIRECTION('',(1.,-5.921189464668E-16,0.));
#8271 = PCURVE('',#7963,#8272);
#8272 = DEFINITIONAL_REPRESENTATION('',(#8273),#8277);
#8273 = LINE('',#8274,#8275);
#8274 = CARTESIAN_POINT('',(7.853981633974,3.14159265359));
#8275 = VECTOR('',#8276,1.);
#8276 = DIRECTION('',(-1.,1.272221872585E-14));
#8277 = ( GEOMETRIC_REPRESENTATION_CONTEXT(2) 
PARAMETRIC_REPRESENTATION_CONTEXT() REPRESENTATION_CONTEXT('2D SPACE',''
  ) );
#8278 = PCURVE('',#8228,#8279);
#8279 = DEFINITIONAL_REPRESENTATION('',(#8280),#8284);
#8280 = LINE('',#8281,#8282);
#8281 = CARTESIAN_POINT('',(9.424777960769,2.5E-02));
#8282 = VECTOR('',#8283,1.);
#8283 = DIRECTION('',(-1.,0.));
#8284 = ( GEOMETRIC_REPRESENTATION_CONTEXT(2) 
PARAMETRIC_REPRESENTATION_CONTEXT() REPRESENTATION_CONTEXT('2D SPACE',''
  ) );
#8285 = ADVANCED_FACE('',(#8286),#8228,.F.);
#8286 = FACE_BOUND('',#8287,.F.);
#8287 = EDGE_LOOP('',(#8288,#8311,#8312,#8313,#8314));
#8288 = ORIENTED_EDGE('',*,*,#8289,.T.);
#8289 = EDGE_CURVE('',#8290,#8210,#8292,.T.);
#8290 = VERTEX_POINT('',#8291);
#8291 = CARTESIAN_POINT('',(9.,3.25,-1.102182119233E-15));
#8292 = SEAM_CURVE('',#8293,(#8297,#8304),.PCURVE_S1.);
#8293 = LINE('',#8294,#8295);
#8294 = CARTESIAN_POINT('',(9.,3.375,-1.102182119233E-15));
#8295 = VECTOR('',#8296,1.);
#8296 = DIRECTION('',(5.921189464668E-16,1.,0.));
#8297 = PCURVE('',#8228,#8298);
#8298 = DEFINITIONAL_REPRESENTATION('',(#8299),#8303);
#8299 = LINE('',#8300,#8301);
#8300 = CARTESIAN_POINT('',(9.424777960769,-4.884981308351E-15));
#8301 = VECTOR('',#8302,1.);
#8302 = DIRECTION('',(0.,1.));
#8303 = ( GEOMETRIC_REPRESENTATION_CONTEXT(2) 
PARAMETRIC_REPRESENTATION_CONTEXT() REPRESENTATION_CONTEXT('2D SPACE',''
  ) );
#8304 = PCURVE('',#8228,#8305);
#8305 = DEFINITIONAL_REPRESENTATION('',(#8306),#8310);
#8306 = LINE('',#8307,#8308);
#8307 = CARTESIAN_POINT('',(3.14159265359,-4.884981308351E-15));
#8308 = VECTOR('',#8309,1.);
#8309 = DIRECTION('',(0.,1.));
#8310 = ( GEOMETRIC_REPRESENTATION_CONTEXT(2) 
PARAMETRIC_REPRESENTATION_CONTEXT() REPRESENTATION_CONTEXT('2D SPACE',''
  ) );
#8311 = ORIENTED_EDGE('',*,*,#8209,.T.);
#8312 = ORIENTED_EDGE('',*,*,#8264,.T.);
#8313 = ORIENTED_EDGE('',*,*,#8289,.F.);
#8314 = ORIENTED_EDGE('',*,*,#8315,.T.);
#8315 = EDGE_CURVE('',#8290,#8290,#8316,.T.);
#8316 = SURFACE_CURVE('',#8317,(#8322,#8329),.PCURVE_S1.);
#8317 = CIRCLE('',#8318,9.);
#8318 = AXIS2_PLACEMENT_3D('',#8319,#8320,#8321);
#8319 = CARTESIAN_POINT('',(1.924386576017E-15,3.25,0.));
#8320 = DIRECTION('',(5.921189464668E-16,1.,0.));
#8321 = DIRECTION('',(1.,-5.921189464668E-16,0.));
#8322 = PCURVE('',#8228,#8323);
#8323 = DEFINITIONAL_REPRESENTATION('',(#8324),#8328);
#8324 = LINE('',#8325,#8326);
#8325 = CARTESIAN_POINT('',(3.14159265359,-0.125));
#8326 = VECTOR('',#8327,1.);
#8327 = DIRECTION('',(1.,0.));
#8328 = ( GEOMETRIC_REPRESENTATION_CONTEXT(2) 
PARAMETRIC_REPRESENTATION_CONTEXT() REPRESENTATION_CONTEXT('2D SPACE',''
  ) );
#8329 = PCURVE('',#8330,#8335);
#8330 = PLANE('',#8331);
#8331 = AXIS2_PLACEMENT_3D('',#8332,#8333,#8334);
#8332 = CARTESIAN_POINT('',(-9.4,3.25,0.));
#8333 = DIRECTION('',(-5.921189464668E-16,-1.,0.));
#8334 = DIRECTION('',(-0.,0.,-1.));
#8335 = DEFINITIONAL_REPRESENTATION('',(#8336),#8344);
#8336 = ( BOUNDED_CURVE() B_SPLINE_CURVE(2,(#8337,#8338,#8339,#8340,
#8341,#8342,#8343),.UNSPECIFIED.,.T.,.F.) B_SPLINE_CURVE_WITH_KNOTS((1,2
    ,2,2,2,1),(-2.094395102393,0.,2.094395102393,4.188790204786,
6.28318530718,8.377580409573),.UNSPECIFIED.) CURVE() 
GEOMETRIC_REPRESENTATION_ITEM() RATIONAL_B_SPLINE_CURVE((1.,0.5,1.,0.5,
1.,0.5,1.)) REPRESENTATION_ITEM('') );
#8337 = CARTESIAN_POINT('',(0.,18.4));
#8338 = CARTESIAN_POINT('',(15.58845726812,18.4));
#8339 = CARTESIAN_POINT('',(7.79422863406,4.9));
#8340 = CARTESIAN_POINT('',(2.204364238465E-15,-8.6));
#8341 = CARTESIAN_POINT('',(-7.79422863406,4.9));
#8342 = CARTESIAN_POINT('',(-15.58845726812,18.4));
#8343 = CARTESIAN_POINT('',(0.,18.4));
#8344 = ( GEOMETRIC_REPRESENTATION_CONTEXT(2) 
PARAMETRIC_REPRESENTATION_CONTEXT() REPRESENTATION_CONTEXT('2D SPACE',''
  ) );
#8345 = ADVANCED_FACE('',(#8346,#8377),#8192,.T.);
#8346 = FACE_BOUND('',#8347,.T.);
#8347 = EDGE_LOOP('',(#8348));
#8348 = ORIENTED_EDGE('',*,*,#8349,.T.);
#8349 = EDGE_CURVE('',#8350,#8350,#8352,.T.);
#8350 = VERTEX_POINT('',#8351);
#8351 = CARTESIAN_POINT('',(9.4,-3.25,-1.151167991199E-15));
#8352 = SURFACE_CURVE('',#8353,(#8358,#8365),.PCURVE_S1.);
#8353 = CIRCLE('',#8354,9.4);
#8354 = AXIS2_PLACEMENT_3D('',#8355,#8356,#8357);
#8355 = CARTESIAN_POINT('',(-1.924386576017E-15,-3.25,0.));
#8356 = DIRECTION('',(5.921189464668E-16,1.,0.));
#8357 = DIRECTION('',(1.,-5.921189464668E-16,0.));
#8358 = PCURVE('',#8192,#8359);
#8359 = DEFINITIONAL_REPRESENTATION('',(#8360),#8364);
#8360 = CIRCLE('',#8361,9.4);
#8361 = AXIS2_PLACEMENT_2D('',#8362,#8363);
#8362 = CARTESIAN_POINT('',(0.,9.));
#8363 = DIRECTION('',(0.,1.));
#8364 = ( GEOMETRIC_REPRESENTATION_CONTEXT(2) 
PARAMETRIC_REPRESENTATION_CONTEXT() REPRESENTATION_CONTEXT('2D SPACE',''
  ) );
#8365 = PCURVE('',#8366,#8371);
#8366 = CYLINDRICAL_SURFACE('',#8367,9.4);
#8367 = AXIS2_PLACEMENT_3D('',#8368,#8369,#8370);
#8368 = CARTESIAN_POINT('',(-1.7763568394E-15,-3.,0.));
#8369 = DIRECTION('',(5.921189464668E-16,1.,0.));
#8370 = DIRECTION('',(-1.,5.921189464668E-16,0.));
#8371 = DEFINITIONAL_REPRESENTATION('',(#8372),#8376);
#8372 = LINE('',#8373,#8374);
#8373 = CARTESIAN_POINT('',(3.14159265359,-0.25));
#8374 = VECTOR('',#8375,1.);
#8375 = DIRECTION('',(1.,0.));
#8376 = ( GEOMETRIC_REPRESENTATION_CONTEXT(2) 
PARAMETRIC_REPRESENTATION_CONTEXT() REPRESENTATION_CONTEXT('2D SPACE',''
  ) );
#8377 = FACE_BOUND('',#8378,.T.);
#8378 = EDGE_LOOP('',(#8379));
#8379 = ORIENTED_EDGE('',*,*,#8177,.F.);
#8380 = ADVANCED_FACE('',(#8381,#8416),#8330,.T.);
#8381 = FACE_BOUND('',#8382,.T.);
#8382 = EDGE_LOOP('',(#8383));
#8383 = ORIENTED_EDGE('',*,*,#8384,.F.);
#8384 = EDGE_CURVE('',#8385,#8385,#8387,.T.);
#8385 = VERTEX_POINT('',#8386);
#8386 = CARTESIAN_POINT('',(9.4,3.25,-1.151167991199E-15));
#8387 = SURFACE_CURVE('',#8388,(#8393,#8404),.PCURVE_S1.);
#8388 = CIRCLE('',#8389,9.4);
#8389 = AXIS2_PLACEMENT_3D('',#8390,#8391,#8392);
#8390 = CARTESIAN_POINT('',(1.924386576017E-15,3.25,0.));
#8391 = DIRECTION('',(5.921189464668E-16,1.,0.));
#8392 = DIRECTION('',(1.,-5.921189464668E-16,0.));
#8393 = PCURVE('',#8330,#8394);
#8394 = DEFINITIONAL_REPRESENTATION('',(#8395),#8403);
#8395 = ( BOUNDED_CURVE() B_SPLINE_CURVE(2,(#8396,#8397,#8398,#8399,
#8400,#8401,#8402),.UNSPECIFIED.,.T.,.F.) B_SPLINE_CURVE_WITH_KNOTS((1,2
    ,2,2,2,1),(-2.094395102393,0.,2.094395102393,4.188790204786,
6.28318530718,8.377580409573),.UNSPECIFIED.) CURVE() 
GEOMETRIC_REPRESENTATION_ITEM() RATIONAL_B_SPLINE_CURVE((1.,0.5,1.,0.5,
1.,0.5,1.)) REPRESENTATION_ITEM('') );
#8396 = CARTESIAN_POINT('',(0.,18.8));
#8397 = CARTESIAN_POINT('',(16.281277591147,18.8));
#8398 = CARTESIAN_POINT('',(8.140638795574,4.7));
#8399 = CARTESIAN_POINT('',(2.302335982397E-15,-9.4));
#8400 = CARTESIAN_POINT('',(-8.140638795574,4.7));
#8401 = CARTESIAN_POINT('',(-16.28127759114,18.8));
#8402 = CARTESIAN_POINT('',(0.,18.8));
#8403 = ( GEOMETRIC_REPRESENTATION_CONTEXT(2) 
PARAMETRIC_REPRESENTATION_CONTEXT() REPRESENTATION_CONTEXT('2D SPACE',''
  ) );
#8404 = PCURVE('',#8405,#8410);
#8405 = CYLINDRICAL_SURFACE('',#8406,9.4);
#8406 = AXIS2_PLACEMENT_3D('',#8407,#8408,#8409);
#8407 = CARTESIAN_POINT('',(1.7763568394E-15,3.,0.));
#8408 = DIRECTION('',(5.921189464668E-16,1.,0.));
#8409 = DIRECTION('',(-1.,5.921189464668E-16,0.));
#8410 = DEFINITIONAL_REPRESENTATION('',(#8411),#8415);
#8411 = LINE('',#8412,#8413);
#8412 = CARTESIAN_POINT('',(3.14159265359,0.25));
#8413 = VECTOR('',#8414,1.);
#8414 = DIRECTION('',(1.,0.));
#8415 = ( GEOMETRIC_REPRESENTATION_CONTEXT(2) 
PARAMETRIC_REPRESENTATION_CONTEXT() REPRESENTATION_CONTEXT('2D SPACE',''
  ) );
#8416 = FACE_BOUND('',#8417,.T.);
#8417 = EDGE_LOOP('',(#8418));
#8418 = ORIENTED_EDGE('',*,*,#8315,.T.);
#8419 = ADVANCED_FACE('',(#8420),#8405,.F.);
#8420 = FACE_BOUND('',#8421,.F.);
#8421 = EDGE_LOOP('',(#8422,#8445,#8446,#8447));
#8422 = ORIENTED_EDGE('',*,*,#8423,.T.);
#8423 = EDGE_CURVE('',#8424,#8385,#8426,.T.);
#8424 = VERTEX_POINT('',#8425);
#8425 = CARTESIAN_POINT('',(9.4,2.75,-1.151167991199E-15));
#8426 = SEAM_CURVE('',#8427,(#8431,#8438),.PCURVE_S1.);
#8427 = LINE('',#8428,#8429);
#8428 = CARTESIAN_POINT('',(9.4,3.,-1.151167991199E-15));
#8429 = VECTOR('',#8430,1.);
#8430 = DIRECTION('',(5.921189464668E-16,1.,0.));
#8431 = PCURVE('',#8405,#8432);
#8432 = DEFINITIONAL_REPRESENTATION('',(#8433),#8437);
#8433 = LINE('',#8434,#8435);
#8434 = CARTESIAN_POINT('',(9.424777960769,-4.440892098501E-15));
#8435 = VECTOR('',#8436,1.);
#8436 = DIRECTION('',(0.,1.));
#8437 = ( GEOMETRIC_REPRESENTATION_CONTEXT(2) 
PARAMETRIC_REPRESENTATION_CONTEXT() REPRESENTATION_CONTEXT('2D SPACE',''
  ) );
#8438 = PCURVE('',#8405,#8439);
#8439 = DEFINITIONAL_REPRESENTATION('',(#8440),#8444);
#8440 = LINE('',#8441,#8442);
#8441 = CARTESIAN_POINT('',(3.14159265359,-4.440892098501E-15));
#8442 = VECTOR('',#8443,1.);
#8443 = DIRECTION('',(0.,1.));
#8444 = ( GEOMETRIC_REPRESENTATION_CONTEXT(2) 
PARAMETRIC_REPRESENTATION_CONTEXT() REPRESENTATION_CONTEXT('2D SPACE',''
  ) );
#8445 = ORIENTED_EDGE('',*,*,#8384,.F.);
#8446 = ORIENTED_EDGE('',*,*,#8423,.F.);
#8447 = ORIENTED_EDGE('',*,*,#8448,.T.);
#8448 = EDGE_CURVE('',#8424,#8424,#8449,.T.);
#8449 = SURFACE_CURVE('',#8450,(#8455,#8462),.PCURVE_S1.);
#8450 = CIRCLE('',#8451,9.4);
#8451 = AXIS2_PLACEMENT_3D('',#8452,#8453,#8454);
#8452 = CARTESIAN_POINT('',(1.628327102784E-15,2.75,0.));
#8453 = DIRECTION('',(5.921189464668E-16,1.,0.));
#8454 = DIRECTION('',(1.,-5.921189464668E-16,0.));
#8455 = PCURVE('',#8405,#8456);
#8456 = DEFINITIONAL_REPRESENTATION('',(#8457),#8461);
#8457 = LINE('',#8458,#8459);
#8458 = CARTESIAN_POINT('',(3.14159265359,-0.25));
#8459 = VECTOR('',#8460,1.);
#8460 = DIRECTION('',(1.,0.));
#8461 = ( GEOMETRIC_REPRESENTATION_CONTEXT(2) 
PARAMETRIC_REPRESENTATION_CONTEXT() REPRESENTATION_CONTEXT('2D SPACE',''
  ) );
#8462 = PCURVE('',#8463,#8468);
#8463 = PLANE('',#8464);
#8464 = AXIS2_PLACEMENT_3D('',#8465,#8466,#8467);
#8465 = CARTESIAN_POINT('',(-9.,2.75,0.));
#8466 = DIRECTION('',(5.921189464668E-16,1.,0.));
#8467 = DIRECTION('',(0.,-0.,1.));
#8468 = DEFINITIONAL_REPRESENTATION('',(#8469),#8473);
#8469 = CIRCLE('',#8470,9.4);
#8470 = AXIS2_PLACEMENT_2D('',#8471,#8472);
#8471 = CARTESIAN_POINT('',(0.,9.));
#8472 = DIRECTION('',(0.,1.));
#8473 = ( GEOMETRIC_REPRESENTATION_CONTEXT(2) 
PARAMETRIC_REPRESENTATION_CONTEXT() REPRESENTATION_CONTEXT('2D SPACE',''
  ) );
#8474 = ADVANCED_FACE('',(#8475,#8478),#8463,.T.);
#8475 = FACE_BOUND('',#8476,.T.);
#8476 = EDGE_LOOP('',(#8477));
#8477 = ORIENTED_EDGE('',*,*,#8448,.T.);
#8478 = FACE_BOUND('',#8479,.T.);
#8479 = EDGE_LOOP('',(#8480));
#8480 = ORIENTED_EDGE('',*,*,#8481,.F.);
#8481 = EDGE_CURVE('',#8482,#8482,#8484,.T.);
#8482 = VERTEX_POINT('',#8483);
#8483 = CARTESIAN_POINT('',(9.,2.75,-1.102182119233E-15));
#8484 = SURFACE_CURVE('',#8485,(#8490,#8497),.PCURVE_S1.);
#8485 = CIRCLE('',#8486,9.);
#8486 = AXIS2_PLACEMENT_3D('',#8487,#8488,#8489);
#8487 = CARTESIAN_POINT('',(1.628327102784E-15,2.75,0.));
#8488 = DIRECTION('',(5.921189464668E-16,1.,0.));
#8489 = DIRECTION('',(1.,-5.921189464668E-16,0.));
#8490 = PCURVE('',#8463,#8491);
#8491 = DEFINITIONAL_REPRESENTATION('',(#8492),#8496);
#8492 = CIRCLE('',#8493,9.);
#8493 = AXIS2_PLACEMENT_2D('',#8494,#8495);
#8494 = CARTESIAN_POINT('',(0.,9.));
#8495 = DIRECTION('',(0.,1.));
#8496 = ( GEOMETRIC_REPRESENTATION_CONTEXT(2) 
PARAMETRIC_REPRESENTATION_CONTEXT() REPRESENTATION_CONTEXT('2D SPACE',''
  ) );
#8497 = PCURVE('',#8498,#8503);
#8498 = CYLINDRICAL_SURFACE('',#8499,9.);
#8499 = AXIS2_PLACEMENT_3D('',#8500,#8501,#8502);
#8500 = CARTESIAN_POINT('',(1.277569926665E-15,2.157623792125,0.));
#8501 = DIRECTION('',(5.921189464668E-16,1.,0.));
#8502 = DIRECTION('',(-1.,5.921189464668E-16,0.));
#8503 = DEFINITIONAL_REPRESENTATION('',(#8504),#8508);
#8504 = LINE('',#8505,#8506);
#8505 = CARTESIAN_POINT('',(-3.14159265359,0.592376207875));
#8506 = VECTOR('',#8507,1.);
#8507 = DIRECTION('',(1.,0.));
#8508 = ( GEOMETRIC_REPRESENTATION_CONTEXT(2) 
PARAMETRIC_REPRESENTATION_CONTEXT() REPRESENTATION_CONTEXT('2D SPACE',''
  ) );
#8509 = ADVANCED_FACE('',(#8510),#8498,.F.);
#8510 = FACE_BOUND('',#8511,.F.);
#8511 = EDGE_LOOP('',(#8512,#8535,#8536,#8537,#8566));
#8512 = ORIENTED_EDGE('',*,*,#8513,.T.);
#8513 = EDGE_CURVE('',#8514,#8482,#8516,.T.);
#8514 = VERTEX_POINT('',#8515);
#8515 = CARTESIAN_POINT('',(9.,1.56524758425,-1.102182119233E-15));
#8516 = SEAM_CURVE('',#8517,(#8521,#8528),.PCURVE_S1.);
#8517 = LINE('',#8518,#8519);
#8518 = CARTESIAN_POINT('',(9.,2.157623792125,-1.102182119233E-15));
#8519 = VECTOR('',#8520,1.);
#8520 = DIRECTION('',(5.921189464668E-16,1.,0.));
#8521 = PCURVE('',#8498,#8522);
#8522 = DEFINITIONAL_REPRESENTATION('',(#8523),#8527);
#8523 = LINE('',#8524,#8525);
#8524 = CARTESIAN_POINT('',(3.14159265359,-4.884981308351E-15));
#8525 = VECTOR('',#8526,1.);
#8526 = DIRECTION('',(0.,1.));
#8527 = ( GEOMETRIC_REPRESENTATION_CONTEXT(2) 
PARAMETRIC_REPRESENTATION_CONTEXT() REPRESENTATION_CONTEXT('2D SPACE',''
  ) );
#8528 = PCURVE('',#8498,#8529);
#8529 = DEFINITIONAL_REPRESENTATION('',(#8530),#8534);
#8530 = LINE('',#8531,#8532);
#8531 = CARTESIAN_POINT('',(-3.14159265359,-4.884981308351E-15));
#8532 = VECTOR('',#8533,1.);
#8533 = DIRECTION('',(0.,1.));
#8534 = ( GEOMETRIC_REPRESENTATION_CONTEXT(2) 
PARAMETRIC_REPRESENTATION_CONTEXT() REPRESENTATION_CONTEXT('2D SPACE',''
  ) );
#8535 = ORIENTED_EDGE('',*,*,#8481,.F.);
#8536 = ORIENTED_EDGE('',*,*,#8513,.F.);
#8537 = ORIENTED_EDGE('',*,*,#8538,.T.);
#8538 = EDGE_CURVE('',#8514,#8539,#8541,.T.);
#8539 = VERTEX_POINT('',#8540);
#8540 = CARTESIAN_POINT('',(-1.75369368687E-16,1.56524758425,-9.));
#8541 = SURFACE_CURVE('',#8542,(#8547,#8554),.PCURVE_S1.);
#8542 = CIRCLE('',#8543,9.);
#8543 = AXIS2_PLACEMENT_3D('',#8544,#8545,#8546);
#8544 = CARTESIAN_POINT('',(9.268127505456E-16,1.56524758425,0.));
#8545 = DIRECTION('',(5.921189464668E-16,1.,0.));
#8546 = DIRECTION('',(1.,-5.921189464668E-16,0.));
#8547 = PCURVE('',#8498,#8548);
#8548 = DEFINITIONAL_REPRESENTATION('',(#8549),#8553);
#8549 = LINE('',#8550,#8551);
#8550 = CARTESIAN_POINT('',(-3.14159265359,-0.592376207875));
#8551 = VECTOR('',#8552,1.);
#8552 = DIRECTION('',(1.,0.));
#8553 = ( GEOMETRIC_REPRESENTATION_CONTEXT(2) 
PARAMETRIC_REPRESENTATION_CONTEXT() REPRESENTATION_CONTEXT('2D SPACE',''
  ) );
#8554 = PCURVE('',#8555,#8560);
#8555 = TOROIDAL_SURFACE('',#8556,7.6,2.1);
#8556 = AXIS2_PLACEMENT_3D('',#8557,#8558,#8559);
#8557 = CARTESIAN_POINT('',(2.465190328816E-31,0.,0.));
#8558 = DIRECTION('',(5.921189464668E-16,1.,0.));
#8559 = DIRECTION('',(0.,-0.,1.));
#8560 = DEFINITIONAL_REPRESENTATION('',(#8561),#8565);
#8561 = LINE('',#8562,#8563);
#8562 = CARTESIAN_POINT('',(1.570796326795,7.124253977748));
#8563 = VECTOR('',#8564,1.);
#8564 = DIRECTION('',(1.,0.));
#8565 = ( GEOMETRIC_REPRESENTATION_CONTEXT(2) 
PARAMETRIC_REPRESENTATION_CONTEXT() REPRESENTATION_CONTEXT('2D SPACE',''
  ) );
#8566 = ORIENTED_EDGE('',*,*,#8567,.T.);
#8567 = EDGE_CURVE('',#8539,#8514,#8568,.T.);
#8568 = SURFACE_CURVE('',#8569,(#8574,#8581),.PCURVE_S1.);
#8569 = CIRCLE('',#8570,9.);
#8570 = AXIS2_PLACEMENT_3D('',#8571,#8572,#8573);
#8571 = CARTESIAN_POINT('',(9.268127505456E-16,1.56524758425,0.));
#8572 = DIRECTION('',(5.921189464668E-16,1.,0.));
#8573 = DIRECTION('',(1.,-5.921189464668E-16,0.));
#8574 = PCURVE('',#8498,#8575);
#8575 = DEFINITIONAL_REPRESENTATION('',(#8576),#8580);
#8576 = LINE('',#8577,#8578);
#8577 = CARTESIAN_POINT('',(-3.14159265359,-0.592376207875));
#8578 = VECTOR('',#8579,1.);
#8579 = DIRECTION('',(1.,0.));
#8580 = ( GEOMETRIC_REPRESENTATION_CONTEXT(2) 
PARAMETRIC_REPRESENTATION_CONTEXT() REPRESENTATION_CONTEXT('2D SPACE',''
  ) );
#8581 = PCURVE('',#8555,#8582);
#8582 = DEFINITIONAL_REPRESENTATION('',(#8583),#8587);
#8583 = LINE('',#8584,#8585);
#8584 = CARTESIAN_POINT('',(-4.712388980385,7.124253977748));
#8585 = VECTOR('',#8586,1.);
#8586 = DIRECTION('',(1.,0.));
#8587 = ( GEOMETRIC_REPRESENTATION_CONTEXT(2) 
PARAMETRIC_REPRESENTATION_CONTEXT() REPRESENTATION_CONTEXT('2D SPACE',''
  ) );
#8588 = ADVANCED_FACE('',(#8589),#8555,.F.);
#8589 = FACE_BOUND('',#8590,.F.);
#8590 = EDGE_LOOP('',(#8591,#8615,#8616,#8617,#8618,#8647));
#8591 = ORIENTED_EDGE('',*,*,#8592,.T.);
#8592 = EDGE_CURVE('',#8593,#8539,#8595,.T.);
#8593 = VERTEX_POINT('',#8594);
#8594 = CARTESIAN_POINT('',(-2.028994869778E-15,-1.56524758425,-9.));
#8595 = SEAM_CURVE('',#8596,(#8601,#8608),.PCURVE_S1.);
#8596 = CIRCLE('',#8597,2.1);
#8597 = AXIS2_PLACEMENT_3D('',#8598,#8599,#8600);
#8598 = CARTESIAN_POINT('',(-9.30731567352E-16,5.511037951038E-31,-7.6)
  );
#8599 = DIRECTION('',(1.,-5.921189464668E-16,-1.224646799147E-16));
#8600 = DIRECTION('',(-1.224646799147E-16,7.25136572505E-32,-1.));
#8601 = PCURVE('',#8555,#8602);
#8602 = DEFINITIONAL_REPRESENTATION('',(#8603),#8607);
#8603 = LINE('',#8604,#8605);
#8604 = CARTESIAN_POINT('',(3.14159265359,0.));
#8605 = VECTOR('',#8606,1.);
#8606 = DIRECTION('',(0.,1.));
#8607 = ( GEOMETRIC_REPRESENTATION_CONTEXT(2) 
PARAMETRIC_REPRESENTATION_CONTEXT() REPRESENTATION_CONTEXT('2D SPACE',''
  ) );
#8608 = PCURVE('',#8555,#8609);
#8609 = DEFINITIONAL_REPRESENTATION('',(#8610),#8614);
#8610 = LINE('',#8611,#8612);
#8611 = CARTESIAN_POINT('',(-3.14159265359,0.));
#8612 = VECTOR('',#8613,1.);
#8613 = DIRECTION('',(0.,1.));
#8614 = ( GEOMETRIC_REPRESENTATION_CONTEXT(2) 
PARAMETRIC_REPRESENTATION_CONTEXT() REPRESENTATION_CONTEXT('2D SPACE',''
  ) );
#8615 = ORIENTED_EDGE('',*,*,#8538,.F.);
#8616 = ORIENTED_EDGE('',*,*,#8567,.F.);
#8617 = ORIENTED_EDGE('',*,*,#8592,.F.);
#8618 = ORIENTED_EDGE('',*,*,#8619,.T.);
#8619 = EDGE_CURVE('',#8593,#8620,#8622,.T.);
#8620 = VERTEX_POINT('',#8621);
#8621 = CARTESIAN_POINT('',(9.,-1.56524758425,-1.102182119233E-15));
#8622 = SURFACE_CURVE('',#8623,(#8628,#8635),.PCURVE_S1.);
#8623 = CIRCLE('',#8624,9.);
#8624 = AXIS2_PLACEMENT_3D('',#8625,#8626,#8627);
#8625 = CARTESIAN_POINT('',(-9.268127505457E-16,-1.56524758425,0.));
#8626 = DIRECTION('',(5.921189464668E-16,1.,0.));
#8627 = DIRECTION('',(1.,-5.921189464668E-16,0.));
#8628 = PCURVE('',#8555,#8629);
#8629 = DEFINITIONAL_REPRESENTATION('',(#8630),#8634);
#8630 = LINE('',#8631,#8632);
#8631 = CARTESIAN_POINT('',(-4.712388980385,5.442116636612));
#8632 = VECTOR('',#8633,1.);
#8633 = DIRECTION('',(1.,0.));
#8634 = ( GEOMETRIC_REPRESENTATION_CONTEXT(2) 
PARAMETRIC_REPRESENTATION_CONTEXT() REPRESENTATION_CONTEXT('2D SPACE',''
  ) );
#8635 = PCURVE('',#8636,#8641);
#8636 = CYLINDRICAL_SURFACE('',#8637,9.);
#8637 = AXIS2_PLACEMENT_3D('',#8638,#8639,#8640);
#8638 = CARTESIAN_POINT('',(-1.277569926665E-15,-2.157623792125,0.));
#8639 = DIRECTION('',(5.921189464668E-16,1.,0.));
#8640 = DIRECTION('',(-1.,5.921189464668E-16,0.));
#8641 = DEFINITIONAL_REPRESENTATION('',(#8642),#8646);
#8642 = LINE('',#8643,#8644);
#8643 = CARTESIAN_POINT('',(3.14159265359,0.592376207875));
#8644 = VECTOR('',#8645,1.);
#8645 = DIRECTION('',(1.,0.));
#8646 = ( GEOMETRIC_REPRESENTATION_CONTEXT(2) 
PARAMETRIC_REPRESENTATION_CONTEXT() REPRESENTATION_CONTEXT('2D SPACE',''
  ) );
#8647 = ORIENTED_EDGE('',*,*,#8648,.T.);
#8648 = EDGE_CURVE('',#8620,#8593,#8649,.T.);
#8649 = SURFACE_CURVE('',#8650,(#8655,#8662),.PCURVE_S1.);
#8650 = CIRCLE('',#8651,9.);
#8651 = AXIS2_PLACEMENT_3D('',#8652,#8653,#8654);
#8652 = CARTESIAN_POINT('',(-9.268127505457E-16,-1.56524758425,0.));
#8653 = DIRECTION('',(5.921189464668E-16,1.,0.));
#8654 = DIRECTION('',(1.,-5.921189464668E-16,0.));
#8655 = PCURVE('',#8555,#8656);
#8656 = DEFINITIONAL_REPRESENTATION('',(#8657),#8661);
#8657 = LINE('',#8658,#8659);
#8658 = CARTESIAN_POINT('',(1.570796326795,5.442116636612));
#8659 = VECTOR('',#8660,1.);
#8660 = DIRECTION('',(1.,0.));
#8661 = ( GEOMETRIC_REPRESENTATION_CONTEXT(2) 
PARAMETRIC_REPRESENTATION_CONTEXT() REPRESENTATION_CONTEXT('2D SPACE',''
  ) );
#8662 = PCURVE('',#8636,#8663);
#8663 = DEFINITIONAL_REPRESENTATION('',(#8664),#8668);
#8664 = LINE('',#8665,#8666);
#8665 = CARTESIAN_POINT('',(3.14159265359,0.592376207875));
#8666 = VECTOR('',#8667,1.);
#8667 = DIRECTION('',(1.,0.));
#8668 = ( GEOMETRIC_REPRESENTATION_CONTEXT(2) 
PARAMETRIC_REPRESENTATION_CONTEXT() REPRESENTATION_CONTEXT('2D SPACE',''
  ) );
#8669 = ADVANCED_FACE('',(#8670),#8636,.F.);
#8670 = FACE_BOUND('',#8671,.F.);
#8671 = EDGE_LOOP('',(#8672,#8695,#8696,#8697,#8698));
#8672 = ORIENTED_EDGE('',*,*,#8673,.T.);
#8673 = EDGE_CURVE('',#8674,#8620,#8676,.T.);
#8674 = VERTEX_POINT('',#8675);
#8675 = CARTESIAN_POINT('',(9.,-2.75,-1.102182119233E-15));
#8676 = SEAM_CURVE('',#8677,(#8681,#8688),.PCURVE_S1.);
#8677 = LINE('',#8678,#8679);
#8678 = CARTESIAN_POINT('',(9.,-2.157623792125,-1.102182119233E-15));
#8679 = VECTOR('',#8680,1.);
#8680 = DIRECTION('',(5.921189464668E-16,1.,0.));
#8681 = PCURVE('',#8636,#8682);
#8682 = DEFINITIONAL_REPRESENTATION('',(#8683),#8687);
#8683 = LINE('',#8684,#8685);
#8684 = CARTESIAN_POINT('',(9.424777960769,-4.440892098501E-15));
#8685 = VECTOR('',#8686,1.);
#8686 = DIRECTION('',(0.,1.));
#8687 = ( GEOMETRIC_REPRESENTATION_CONTEXT(2) 
PARAMETRIC_REPRESENTATION_CONTEXT() REPRESENTATION_CONTEXT('2D SPACE',''
  ) );
#8688 = PCURVE('',#8636,#8689);
#8689 = DEFINITIONAL_REPRESENTATION('',(#8690),#8694);
#8690 = LINE('',#8691,#8692);
#8691 = CARTESIAN_POINT('',(3.14159265359,-4.440892098501E-15));
#8692 = VECTOR('',#8693,1.);
#8693 = DIRECTION('',(0.,1.));
#8694 = ( GEOMETRIC_REPRESENTATION_CONTEXT(2) 
PARAMETRIC_REPRESENTATION_CONTEXT() REPRESENTATION_CONTEXT('2D SPACE',''
  ) );
#8695 = ORIENTED_EDGE('',*,*,#8619,.F.);
#8696 = ORIENTED_EDGE('',*,*,#8648,.F.);
#8697 = ORIENTED_EDGE('',*,*,#8673,.F.);
#8698 = ORIENTED_EDGE('',*,*,#8699,.T.);
#8699 = EDGE_CURVE('',#8674,#8674,#8700,.T.);
#8700 = SURFACE_CURVE('',#8701,(#8706,#8713),.PCURVE_S1.);
#8701 = CIRCLE('',#8702,9.);
#8702 = AXIS2_PLACEMENT_3D('',#8703,#8704,#8705);
#8703 = CARTESIAN_POINT('',(-1.628327102784E-15,-2.75,0.));
#8704 = DIRECTION('',(5.921189464668E-16,1.,0.));
#8705 = DIRECTION('',(1.,-5.921189464668E-16,0.));
#8706 = PCURVE('',#8636,#8707);
#8707 = DEFINITIONAL_REPRESENTATION('',(#8708),#8712);
#8708 = LINE('',#8709,#8710);
#8709 = CARTESIAN_POINT('',(3.14159265359,-0.592376207875));
#8710 = VECTOR('',#8711,1.);
#8711 = DIRECTION('',(1.,0.));
#8712 = ( GEOMETRIC_REPRESENTATION_CONTEXT(2) 
PARAMETRIC_REPRESENTATION_CONTEXT() REPRESENTATION_CONTEXT('2D SPACE',''
  ) );
#8713 = PCURVE('',#8714,#8719);
#8714 = PLANE('',#8715);
#8715 = AXIS2_PLACEMENT_3D('',#8716,#8717,#8718);
#8716 = CARTESIAN_POINT('',(-9.4,-2.75,0.));
#8717 = DIRECTION('',(-5.921189464668E-16,-1.,0.));
#8718 = DIRECTION('',(-0.,0.,-1.));
#8719 = DEFINITIONAL_REPRESENTATION('',(#8720),#8728);
#8720 = ( BOUNDED_CURVE() B_SPLINE_CURVE(2,(#8721,#8722,#8723,#8724,
#8725,#8726,#8727),.UNSPECIFIED.,.T.,.F.) B_SPLINE_CURVE_WITH_KNOTS((1,2
    ,2,2,2,1),(-2.094395102393,0.,2.094395102393,4.188790204786,
6.28318530718,8.377580409573),.UNSPECIFIED.) CURVE() 
GEOMETRIC_REPRESENTATION_ITEM() RATIONAL_B_SPLINE_CURVE((1.,0.5,1.,0.5,
1.,0.5,1.)) REPRESENTATION_ITEM('') );
#8721 = CARTESIAN_POINT('',(0.,18.4));
#8722 = CARTESIAN_POINT('',(15.58845726812,18.4));
#8723 = CARTESIAN_POINT('',(7.79422863406,4.9));
#8724 = CARTESIAN_POINT('',(2.204364238465E-15,-8.6));
#8725 = CARTESIAN_POINT('',(-7.79422863406,4.9));
#8726 = CARTESIAN_POINT('',(-15.58845726812,18.4));
#8727 = CARTESIAN_POINT('',(0.,18.4));
#8728 = ( GEOMETRIC_REPRESENTATION_CONTEXT(2) 
PARAMETRIC_REPRESENTATION_CONTEXT() REPRESENTATION_CONTEXT('2D SPACE',''
  ) );
#8729 = ADVANCED_FACE('',(#8730,#8760),#8714,.T.);
#8730 = FACE_BOUND('',#8731,.T.);
#8731 = EDGE_LOOP('',(#8732));
#8732 = ORIENTED_EDGE('',*,*,#8733,.F.);
#8733 = EDGE_CURVE('',#8734,#8734,#8736,.T.);
#8734 = VERTEX_POINT('',#8735);
#8735 = CARTESIAN_POINT('',(9.4,-2.75,-1.151167991199E-15));
#8736 = SURFACE_CURVE('',#8737,(#8742,#8753),.PCURVE_S1.);
#8737 = CIRCLE('',#8738,9.4);
#8738 = AXIS2_PLACEMENT_3D('',#8739,#8740,#8741);
#8739 = CARTESIAN_POINT('',(-1.628327102784E-15,-2.75,0.));
#8740 = DIRECTION('',(5.921189464668E-16,1.,0.));
#8741 = DIRECTION('',(1.,-5.921189464668E-16,0.));
#8742 = PCURVE('',#8714,#8743);
#8743 = DEFINITIONAL_REPRESENTATION('',(#8744),#8752);
#8744 = ( BOUNDED_CURVE() B_SPLINE_CURVE(2,(#8745,#8746,#8747,#8748,
#8749,#8750,#8751),.UNSPECIFIED.,.T.,.F.) B_SPLINE_CURVE_WITH_KNOTS((1,2
    ,2,2,2,1),(-2.094395102393,0.,2.094395102393,4.188790204786,
6.28318530718,8.377580409573),.UNSPECIFIED.) CURVE() 
GEOMETRIC_REPRESENTATION_ITEM() RATIONAL_B_SPLINE_CURVE((1.,0.5,1.,0.5,
1.,0.5,1.)) REPRESENTATION_ITEM('') );
#8745 = CARTESIAN_POINT('',(0.,18.8));
#8746 = CARTESIAN_POINT('',(16.281277591147,18.8));
#8747 = CARTESIAN_POINT('',(8.140638795574,4.7));
#8748 = CARTESIAN_POINT('',(2.302335982397E-15,-9.4));
#8749 = CARTESIAN_POINT('',(-8.140638795574,4.7));
#8750 = CARTESIAN_POINT('',(-16.28127759114,18.8));
#8751 = CARTESIAN_POINT('',(0.,18.8));
#8752 = ( GEOMETRIC_REPRESENTATION_CONTEXT(2) 
PARAMETRIC_REPRESENTATION_CONTEXT() REPRESENTATION_CONTEXT('2D SPACE',''
  ) );
#8753 = PCURVE('',#8366,#8754);
#8754 = DEFINITIONAL_REPRESENTATION('',(#8755),#8759);
#8755 = LINE('',#8756,#8757);
#8756 = CARTESIAN_POINT('',(3.14159265359,0.25));
#8757 = VECTOR('',#8758,1.);
#8758 = DIRECTION('',(1.,0.));
#8759 = ( GEOMETRIC_REPRESENTATION_CONTEXT(2) 
PARAMETRIC_REPRESENTATION_CONTEXT() REPRESENTATION_CONTEXT('2D SPACE',''
  ) );
#8760 = FACE_BOUND('',#8761,.T.);
#8761 = EDGE_LOOP('',(#8762));
#8762 = ORIENTED_EDGE('',*,*,#8699,.T.);
#8763 = ADVANCED_FACE('',(#8764),#8366,.F.);
#8764 = FACE_BOUND('',#8765,.F.);
#8765 = EDGE_LOOP('',(#8766,#8787,#8788,#8789));
#8766 = ORIENTED_EDGE('',*,*,#8767,.T.);
#8767 = EDGE_CURVE('',#8350,#8734,#8768,.T.);
#8768 = SEAM_CURVE('',#8769,(#8773,#8780),.PCURVE_S1.);
#8769 = LINE('',#8770,#8771);
#8770 = CARTESIAN_POINT('',(9.4,-3.,-1.151167991199E-15));
#8771 = VECTOR('',#8772,1.);
#8772 = DIRECTION('',(5.921189464668E-16,1.,0.));
#8773 = PCURVE('',#8366,#8774);
#8774 = DEFINITIONAL_REPRESENTATION('',(#8775),#8779);
#8775 = LINE('',#8776,#8777);
#8776 = CARTESIAN_POINT('',(9.424777960769,-3.996802888651E-15));
#8777 = VECTOR('',#8778,1.);
#8778 = DIRECTION('',(0.,1.));
#8779 = ( GEOMETRIC_REPRESENTATION_CONTEXT(2) 
PARAMETRIC_REPRESENTATION_CONTEXT() REPRESENTATION_CONTEXT('2D SPACE',''
  ) );
#8780 = PCURVE('',#8366,#8781);
#8781 = DEFINITIONAL_REPRESENTATION('',(#8782),#8786);
#8782 = LINE('',#8783,#8784);
#8783 = CARTESIAN_POINT('',(3.14159265359,-3.996802888651E-15));
#8784 = VECTOR('',#8785,1.);
#8785 = DIRECTION('',(0.,1.));
#8786 = ( GEOMETRIC_REPRESENTATION_CONTEXT(2) 
PARAMETRIC_REPRESENTATION_CONTEXT() REPRESENTATION_CONTEXT('2D SPACE',''
  ) );
#8787 = ORIENTED_EDGE('',*,*,#8733,.F.);
#8788 = ORIENTED_EDGE('',*,*,#8767,.F.);
#8789 = ORIENTED_EDGE('',*,*,#8349,.T.);
#8790 = ( GEOMETRIC_REPRESENTATION_CONTEXT(3) 
GLOBAL_UNCERTAINTY_ASSIGNED_CONTEXT((#8794)) 
GLOBAL_UNIT_ASSIGNED_CONTEXT((#8791,#8792,#8793)) REPRESENTATION_CONTEXT
('Context #1','3D Context with UNIT and UNCERTAINTY') );
#8791 = ( LENGTH_UNIT() NAMED_UNIT(*) SI_UNIT(.MILLI.,.METRE.) );
#8792 = ( NAMED_UNIT(*) PLANE_ANGLE_UNIT() SI_UNIT($,.RADIAN.) );
#8793 = ( NAMED_UNIT(*) SI_UNIT($,.STERADIAN.) SOLID_ANGLE_UNIT() );
#8794 = UNCERTAINTY_MEASURE_WITH_UNIT(LENGTH_MEASURE(5.E-04),#8791,
  'distance_accuracy_value','confusion accuracy');
#8795 = CONTEXT_DEPENDENT_SHAPE_REPRESENTATION(#8796,#8798);
#8796 = ( REPRESENTATION_RELATIONSHIP('','',#7720,#10) 
REPRESENTATION_RELATIONSHIP_WITH_TRANSFORMATION(#8797) 
SHAPE_REPRESENTATION_RELATIONSHIP() );
#8797 = ITEM_DEFINED_TRANSFORMATION('','',#11,#19);
#8798 = PRODUCT_DEFINITION_SHAPE('Placement','Placement of an item',
  #8799);
#8799 = NEXT_ASSEMBLY_USAGE_OCCURRENCE('98','','',#5,#7715,$);
#8800 = PRODUCT_RELATED_PRODUCT_CATEGORY('part',$,(#7717));
ENDSEC;
END-ISO-10303-21;
