ISO-10303-21;
HEADER;
FILE_DESCRIPTION(('Open CASCADE Model'),'2;1');
FILE_NAME('Open CASCADE Shape Model','2026-08-07T15:00:41',('Author'),(
    'Open CASCADE'),'Open CASCADE STEP processor 7.9','Open CASCADE 7.9'
  ,'Unknown');
FILE_SCHEMA(('AUTOMOTIVE_DESIGN { 1 0 10303 214 1 1 1 1 }'));
ENDSEC;
DATA;
#1 = APPLICATION_PROTOCOL_DEFINITION('international standard',
  'automotive_design',2000,#2);
#2 = APPLICATION_CONTEXT(
  'core data for automotive mechanical design processes');
#3 = SHAPE_DEFINITION_REPRESENTATION(#4,#10);
#4 = PRODUCT_DEFINITION_SHAPE('','',#5);
#5 = PRODUCT_DEFINITION('design','',#6,#9);
#6 = PRODUCT_DEFINITION_FORMATION('','',#7);
#7 = PRODUCT('Open CASCADE STEP translator 7.9 35',
  'Open CASCADE STEP translator 7.9 35','',(#8));
#8 = PRODUCT_CONTEXT('',#2,'mechanical');
#9 = PRODUCT_DEFINITION_CONTEXT('part definition',#2,'design');
#10 = SHAPE_REPRESENTATION('',(#11,#15,#19),#23);
#11 = AXIS2_PLACEMENT_3D('',#12,#13,#14);
#12 = CARTESIAN_POINT('',(0.,0.,0.));
#13 = DIRECTION('',(0.,0.,1.));
#14 = DIRECTION('',(1.,0.,-0.));
#15 = AXIS2_PLACEMENT_3D('',#16,#17,#18);
#16 = CARTESIAN_POINT('',(0.,0.,0.));
#17 = DIRECTION('',(0.,0.,1.));
#18 = DIRECTION('',(1.,0.,-0.));
#19 = AXIS2_PLACEMENT_3D('',#20,#21,#22);
#20 = CARTESIAN_POINT('',(0.,0.,0.));
#21 = DIRECTION('',(0.,0.,1.));
#22 = DIRECTION('',(1.,0.,-0.));
#23 = ( GEOMETRIC_REPRESENTATION_CONTEXT(3) 
GLOBAL_UNCERTAINTY_ASSIGNED_CONTEXT((#27)) GLOBAL_UNIT_ASSIGNED_CONTEXT(
(#24,#25,#26)) REPRESENTATION_CONTEXT('Context #1',
  '3D Context with UNIT and UNCERTAINTY') );
#24 = ( LENGTH_UNIT() NAMED_UNIT(*) SI_UNIT(.MILLI.,.METRE.) );
#25 = ( NAMED_UNIT(*) PLANE_ANGLE_UNIT() SI_UNIT($,.RADIAN.) );
#26 = ( NAMED_UNIT(*) SI_UNIT($,.STERADIAN.) SOLID_ANGLE_UNIT() );
#27 = UNCERTAINTY_MEASURE_WITH_UNIT(LENGTH_MEASURE(5.E-03),#24,
  'distance_accuracy_value','confusion accuracy');
#28 = PRODUCT_RELATED_PRODUCT_CATEGORY('part',$,(#7));
#29 = SHAPE_DEFINITION_REPRESENTATION(#30,#36);
#30 = PRODUCT_DEFINITION_SHAPE('','',#31);
#31 = PRODUCT_DEFINITION('design','',#32,#35);
#32 = PRODUCT_DEFINITION_FORMATION('','',#33);
#33 = PRODUCT('Open CASCADE STEP translator 7.9 35.1',
  'Open CASCADE STEP translator 7.9 35.1','',(#34));
#34 = PRODUCT_CONTEXT('',#2,'mechanical');
#35 = PRODUCT_DEFINITION_CONTEXT('part definition',#2,'design');
#36 = ADVANCED_BREP_SHAPE_REPRESENTATION('',(#11,#37),#4142);
#37 = MANIFOLD_SOLID_BREP('',#38);
#38 = CLOSED_SHELL('',(#39,#605,#743,#881,#1019,#1147,#1285,#1423,#1561,
    #1699,#1901,#2057,#2307,#2393,#2473,#2882,#3166,#3219,#3272,#3325,
    #3378,#3431,#3656,#3674,#3691,#3738,#3785,#3832,#3879,#3926,#3974,
    #4022,#4050,#4078,#4106,#4134));
#39 = ADVANCED_FACE('',(#40),#54,.T.);
#40 = FACE_BOUND('',#41,.T.);
#41 = EDGE_LOOP('',(#42,#77,#296,#325));
#42 = ORIENTED_EDGE('',*,*,#43,.F.);
#43 = EDGE_CURVE('',#44,#46,#48,.T.);
#44 = VERTEX_POINT('',#45);
#45 = CARTESIAN_POINT('',(6.635499951388E-14,1.5,-0.684437899601));
#46 = VERTEX_POINT('',#47);
#47 = CARTESIAN_POINT('',(8.733821467929E-14,1.5,-0.746937899601));
#48 = SURFACE_CURVE('',#49,(#53,#65),.PCURVE_S1.);
#49 = LINE('',#50,#51);
#50 = CARTESIAN_POINT('',(-1.836970198721E-16,1.5,-1.253062100399));
#51 = VECTOR('',#52,1.);
#52 = DIRECTION('',(0.,7.949183622941E-17,-1.));
#53 = PCURVE('',#54,#59);
#54 = CYLINDRICAL_SURFACE('',#55,1.5);
#55 = AXIS2_PLACEMENT_3D('',#56,#57,#58);
#56 = CARTESIAN_POINT('',(0.,-2.213789102784E-17,-1.253062100399));
#57 = DIRECTION('',(0.,-7.949183622941E-17,1.));
#58 = DIRECTION('',(0.,-1.,-7.949183622941E-17));
#59 = DEFINITIONAL_REPRESENTATION('',(#60),#64);
#60 = LINE('',#61,#62);
#61 = CARTESIAN_POINT('',(3.14159265359,-1.110223024625E-16));
#62 = VECTOR('',#63,1.);
#63 = DIRECTION('',(0.,-1.));
#64 = ( GEOMETRIC_REPRESENTATION_CONTEXT(2) 
PARAMETRIC_REPRESENTATION_CONTEXT() REPRESENTATION_CONTEXT('2D SPACE',''
  ) );
#65 = PCURVE('',#66,#71);
#66 = CYLINDRICAL_SURFACE('',#67,1.5);
#67 = AXIS2_PLACEMENT_3D('',#68,#69,#70);
#68 = CARTESIAN_POINT('',(0.,-2.213789102784E-17,-1.253062100399));
#69 = DIRECTION('',(0.,-7.949183622941E-17,1.));
#70 = DIRECTION('',(0.,-1.,-7.949183622941E-17));
#71 = DEFINITIONAL_REPRESENTATION('',(#72),#76);
#72 = LINE('',#73,#74);
#73 = CARTESIAN_POINT('',(3.14159265359,-1.110223024625E-16));
#74 = VECTOR('',#75,1.);
#75 = DIRECTION('',(0.,-1.));
#76 = ( GEOMETRIC_REPRESENTATION_CONTEXT(2) 
PARAMETRIC_REPRESENTATION_CONTEXT() REPRESENTATION_CONTEXT('2D SPACE',''
  ) );
#77 = ORIENTED_EDGE('',*,*,#78,.T.);
#78 = EDGE_CURVE('',#44,#79,#81,.T.);
#79 = VERTEX_POINT('',#80);
#80 = CARTESIAN_POINT('',(-1.490329546596,0.170052469969,-1.068885259044
    ));
#81 = SURFACE_CURVE('',#82,(#113,#119),.PCURVE_S1.);
#82 = B_SPLINE_CURVE_WITH_KNOTS('',3,(#83,#84,#85,#86,#87,#88,#89,#90,
    #91,#92,#93,#94,#95,#96,#97,#98,#99,#100,#101,#102,#103,#104,#105,
    #106,#107,#108,#109,#110,#111,#112),.UNSPECIFIED.,.F.,.F.,(4,2,2,2,2
    ,2,2,2,2,2,2,2,2,2,4),(-0.727305616854,-0.708339889839,
    -0.647951444134,-0.589878215419,-0.531533843529,-0.47190224744,
    -0.414507305273,-0.354770257283,-0.295916327011,-0.238835583169,
    -0.179084231619,-0.120881568351,-6.297828025303E-02,
    -3.165007232499E-02,-9.999999992516E-07),.UNSPECIFIED.);
#83 = CARTESIAN_POINT('',(1.328936960476E-13,1.5,-0.684437899601));
#84 = CARTESIAN_POINT('',(6.28340546887E-02,1.5,-0.687461004467));
#85 = CARTESIAN_POINT('',(0.125725882371,1.496052282153,-0.690596547766)
  );
#86 = CARTESIAN_POINT('',(0.387581009285,1.462916926089,-0.704115484991)
  );
#87 = CARTESIAN_POINT('',(0.579748665249,1.397933709472,-0.715166245));
#88 = CARTESIAN_POINT('',(0.920388398243,1.200074771268,-0.737051363412)
  );
#89 = CARTESIAN_POINT('',(1.067105034147,1.071726104599,-0.747675511589)
  );
#90 = CARTESIAN_POINT('',(1.304359201028,0.7657063961,-0.767590955474));
#91 = CARTESIAN_POINT('',(1.392367023475,0.590744220304,-0.776618776251)
  );
#92 = CARTESIAN_POINT('',(1.498018466413,0.212804193492,-0.797615444407)
  );
#93 = CARTESIAN_POINT('',(1.512999473827,1.307228121696E-02,
    -0.808711661756));
#94 = CARTESIAN_POINT('',(1.465311957694,-0.373233855454,-0.830173113793
    ));
#95 = CARTESIAN_POINT('',(1.405965586791,-0.556531110715,-0.840356294641
    ));
#96 = CARTESIAN_POINT('',(1.217917859219,-0.897874742214,-0.859319829724
    ));
#97 = CARTESIAN_POINT('',(1.088334783822,-1.05122718655,-0.869609456416)
  );
#98 = CARTESIAN_POINT('',(0.779101495693,-1.296684733825,-0.89130571513)
  );
#99 = CARTESIAN_POINT('',(0.603240781863,-1.387261737699,-0.902282845555
    ));
#100 = CARTESIAN_POINT('',(0.232316021835,-1.494036525201,
    -0.923094937712));
#101 = CARTESIAN_POINT('',(4.140117508679E-02,-1.511419832858,
    -0.932128767057));
#102 = CARTESIAN_POINT('',(-0.345620019936,-1.473128696677,
    -0.951812975656));
#103 = CARTESIAN_POINT('',(-0.537669555606,-1.414373748972,
    -0.96268504513));
#104 = CARTESIAN_POINT('',(-0.88308543237,-1.227875638911,
    -0.984484377306));
#105 = CARTESIAN_POINT('',(-1.034113840747,-1.103694031133,
    -0.995200224097));
#106 = CARTESIAN_POINT('',(-1.279962501263,-0.805507811612,
    -1.015311573834));
#107 = CARTESIAN_POINT('',(-1.372751851719,-0.634587484746,
    -1.024183039338));
#108 = CARTESIAN_POINT('',(-1.462007888919,-0.351293996713,
    -1.039921566451));
#109 = CARTESIAN_POINT('',(-1.482885579436,-0.248841760761,
    -1.045613357337));
#110 = CARTESIAN_POINT('',(-1.503156035774,-4.02198463124E-02,
    -1.057203463695));
#111 = CARTESIAN_POINT('',(-1.502271391448,6.539486501723E-02,
    -1.063070947658));
#112 = CARTESIAN_POINT('',(-1.490329546596,0.17005246997,-1.068885259044
    ));
#113 = PCURVE('',#54,#114);
#114 = DEFINITIONAL_REPRESENTATION('',(#115),#118);
#115 = B_SPLINE_CURVE_WITH_KNOTS('',1,(#116,#117),.UNSPECIFIED.,.F.,.F.,
  (2,2),(-0.727305616854,-9.999999992516E-07),.PIECEWISE_BEZIER_KNOTS.);
#116 = CARTESIAN_POINT('',(3.14159265359,0.568624200797));
#117 = CARTESIAN_POINT('',(-1.684408897444,0.184176841354));
#118 = ( GEOMETRIC_REPRESENTATION_CONTEXT(2) 
PARAMETRIC_REPRESENTATION_CONTEXT() REPRESENTATION_CONTEXT('2D SPACE',''
  ) );
#119 = PCURVE('',#120,#291);
#120 = ( BOUNDED_SURFACE() B_SPLINE_SURFACE(1,2,(
    (#121,#122,#123,#124,#125,#126,#127,#128,#129,#130,#131,#132,#133
      ,#134,#135,#136,#137,#138,#139,#140,#141,#142,#143,#144,#145,#146
      ,#147,#148,#149,#150,#151,#152,#153,#154,#155,#156,#157,#158,#159
      ,#160,#161,#162,#163,#164,#165,#166,#167,#168,#169,#170,#171,#172
      ,#173,#174,#175,#176,#177,#178,#179,#180,#181,#182,#183,#184,#185
      ,#186,#187,#188,#189,#190,#191,#192,#193,#194,#195,#196,#197,#198
      ,#199,#200,#201,#202,#203,#204,#205)
    ,(#206,#207,#208,#209,#210,#211,#212,#213,#214,#215,#216,#217,#218
      ,#219,#220,#221,#222,#223,#224,#225,#226,#227,#228,#229,#230,#231
      ,#232,#233,#234,#235,#236,#237,#238,#239,#240,#241,#242,#243,#244
      ,#245,#246,#247,#248,#249,#250,#251,#252,#253,#254,#255,#256,#257
      ,#258,#259,#260,#261,#262,#263,#264,#265,#266,#267,#268,#269,#270
      ,#271,#272,#273,#274,#275,#276,#277,#278,#279,#280,#281,#282,#283
      ,#284,#285,#286,#287,#288,#289,#290
)),.UNSPECIFIED.,.F.,.F.,.F.) B_SPLINE_SURFACE_WITH_KNOTS((2,2),(3,2,2,2
    ,2,2,2,2,2,2,2,2,2,2,2,2,2,2,2,2,2,2,2,2,2,2,2,2,2,2,2,2,2,2,2,2,2,2
    ,2,2,2,2,3),(-8.946996103624E-05,1.000023941841),(0.,
    2.380952380952E-02,4.761904761905E-02,7.142857142857E-02,
    9.52380952381E-02,0.119047619048,0.142857142857,0.166666666667,
    0.190476190476,0.214285714286,0.238095238095,0.261904761905,
    0.285714285714,0.309523809524,0.333333333333,0.357142857143,
    0.380952380952,0.404761904762,0.428571428571,0.452380952381,
    0.47619047619,0.5,0.52380952381,0.547619047619,0.571428571429,
    0.595238095238,0.619047619048,0.642857142857,0.666666666667,
    0.690476190476,0.714285714286,0.738095238095,0.761904761905,
    0.785714285714,0.809523809524,0.833333333333,0.857142857143,
    0.880952380952,0.904761904762,0.928571428571,0.952380952381,
0.97619047619,1.),.UNSPECIFIED.) GEOMETRIC_REPRESENTATION_ITEM() 
RATIONAL_B_SPLINE_SURFACE((
    (1.,0.866025403784,1.,0.866025403784,1.,0.866025403784,1.
      ,0.866025403784,1.,0.866025403784,1.,0.866025403784,1.
      ,0.866025403784,1.,0.866025403784,1.,0.866025403784,1.
      ,0.866025403784,1.,0.866025403784,1.,0.866025403784,1.
      ,0.866025403784,1.,0.866025403784,1.,0.866025403784,1.
      ,0.866025403784,1.,0.866025403784,1.,0.866025403784,1.
      ,0.866025403784,1.,0.866025403784,1.,0.866025403784,1.
      ,0.866025403784,1.,0.866025403784,1.,0.866025403784,1.
      ,0.866025403784,1.,0.866025403784,1.,0.866025403784,1.
      ,0.866025403784,1.,0.866025403784,1.,0.866025403784,1.
      ,0.866025403784,1.,0.866025403784,1.,0.866025403784,1.
      ,0.866025403784,1.,0.866025403784,1.,0.866025403784,1.
      ,0.866025403784,1.,0.866025403784,1.,0.866025403784,1.
      ,0.866025403784,1.,0.866025403784,1.,0.866025403784,1.)
    ,(1.,0.866025403784,1.,0.866025403784,1.,0.866025403784,1.
      ,0.866025403784,1.,0.866025403784,1.,0.866025403784,1.
      ,0.866025403784,1.,0.866025403784,1.,0.866025403784,1.
      ,0.866025403784,1.,0.866025403784,1.,0.866025403784,1.
      ,0.866025403784,1.,0.866025403784,1.,0.866025403784,1.
      ,0.866025403784,1.,0.866025403784,1.,0.866025403784,1.
      ,0.866025403784,1.,0.866025403784,1.,0.866025403784,1.
      ,0.866025403784,1.,0.866025403784,1.,0.866025403784,1.
      ,0.866025403784,1.,0.866025403784,1.,0.866025403784,1.
      ,0.866025403784,1.,0.866025403784,1.,0.866025403784,1.
      ,0.866025403784,1.,0.866025403784,1.,0.866025403784,1.
      ,0.866025403784,1.,0.866025403784,1.,0.866025403784,1.
      ,0.866025403784,1.,0.866025403784,1.,0.866025403784,1.
      ,0.866025403784,1.,0.866025403784,1.,0.866025403784,1.
))) REPRESENTATION_ITEM('') SURFACE() );
#121 = CARTESIAN_POINT('',(0.,1.175211417359,-1.996921123984));
#122 = CARTESIAN_POINT('',(-0.678508628167,1.175211417359,
    -1.955254457317));
#123 = CARTESIAN_POINT('',(-1.01776294225,0.587605708679,-1.91358779065)
  );
#124 = CARTESIAN_POINT('',(-1.357017256333,1.27125975E-16,
    -1.871921123984));
#125 = CARTESIAN_POINT('',(-1.01776294225,-0.587605708679,
    -1.830254457317));
#126 = CARTESIAN_POINT('',(-0.678508628167,-1.175211417359,
    -1.78858779065));
#127 = CARTESIAN_POINT('',(-1.43921890059E-16,-1.175211417359,
    -1.746921123984));
#128 = CARTESIAN_POINT('',(0.678508628167,-1.175211417359,
    -1.705254457317));
#129 = CARTESIAN_POINT('',(1.01776294225,-0.587605708679,-1.66358779065)
  );
#130 = CARTESIAN_POINT('',(1.357017256333,-2.052473928713E-16,
    -1.621921123984));
#131 = CARTESIAN_POINT('',(1.01776294225,0.587605708679,-1.580254457317)
  );
#132 = CARTESIAN_POINT('',(0.678508628167,1.175211417359,-1.53858779065)
  );
#133 = CARTESIAN_POINT('',(0.,1.175211417359,-1.496921123984));
#134 = CARTESIAN_POINT('',(-0.678508628167,1.175211417359,
    -1.455254457317));
#135 = CARTESIAN_POINT('',(-1.01776294225,0.587605708679,-1.41358779065)
  );
#136 = CARTESIAN_POINT('',(-1.357017256333,1.27125975E-16,
    -1.371921123984));
#137 = CARTESIAN_POINT('',(-1.01776294225,-0.587605708679,
    -1.330254457317));
#138 = CARTESIAN_POINT('',(-0.678508628167,-1.175211417359,
    -1.28858779065));
#139 = CARTESIAN_POINT('',(-1.43921890059E-16,-1.175211417359,
    -1.246921123984));
#140 = CARTESIAN_POINT('',(0.678508628167,-1.175211417359,
    -1.205254457317));
#141 = CARTESIAN_POINT('',(1.01776294225,-0.587605708679,-1.16358779065)
  );
#142 = CARTESIAN_POINT('',(1.357017256333,-2.052473928713E-16,
    -1.121921123984));
#143 = CARTESIAN_POINT('',(1.01776294225,0.587605708679,-1.080254457317)
  );
#144 = CARTESIAN_POINT('',(0.678508628167,1.175211417359,-1.03858779065)
  );
#145 = CARTESIAN_POINT('',(0.,1.175211417359,-0.996921123984));
#146 = CARTESIAN_POINT('',(-0.678508628167,1.175211417359,
    -0.955254457317));
#147 = CARTESIAN_POINT('',(-1.01776294225,0.587605708679,-0.91358779065)
  );
#148 = CARTESIAN_POINT('',(-1.357017256333,1.27125975E-16,
    -0.871921123984));
#149 = CARTESIAN_POINT('',(-1.01776294225,-0.587605708679,
    -0.830254457317));
#150 = CARTESIAN_POINT('',(-0.678508628167,-1.175211417359,
    -0.78858779065));
#151 = CARTESIAN_POINT('',(-1.43921890059E-16,-1.175211417359,
    -0.746921123984));
#152 = CARTESIAN_POINT('',(0.678508628167,-1.175211417359,
    -0.705254457317));
#153 = CARTESIAN_POINT('',(1.01776294225,-0.587605708679,-0.66358779065)
  );
#154 = CARTESIAN_POINT('',(1.357017256333,-2.052473928713E-16,
    -0.621921123984));
#155 = CARTESIAN_POINT('',(1.01776294225,0.587605708679,-0.580254457317)
  );
#156 = CARTESIAN_POINT('',(0.678508628167,1.175211417359,-0.53858779065)
  );
#157 = CARTESIAN_POINT('',(0.,1.175211417359,-0.496921123984));
#158 = CARTESIAN_POINT('',(-0.678508628167,1.175211417359,
    -0.455254457317));
#159 = CARTESIAN_POINT('',(-1.01776294225,0.587605708679,-0.41358779065)
  );
#160 = CARTESIAN_POINT('',(-1.357017256333,1.27125975E-16,
    -0.371921123984));
#161 = CARTESIAN_POINT('',(-1.01776294225,-0.587605708679,
    -0.330254457317));
#162 = CARTESIAN_POINT('',(-0.678508628167,-1.175211417359,
    -0.28858779065));
#163 = CARTESIAN_POINT('',(-1.43921890059E-16,-1.175211417359,
    -0.246921123984));
#164 = CARTESIAN_POINT('',(0.678508628167,-1.175211417359,
    -0.205254457317));
#165 = CARTESIAN_POINT('',(1.01776294225,-0.587605708679,-0.16358779065)
  );
#166 = CARTESIAN_POINT('',(1.357017256333,-2.052473928713E-16,
    -0.121921123984));
#167 = CARTESIAN_POINT('',(1.01776294225,0.587605708679,
    -8.025445731707E-02));
#168 = CARTESIAN_POINT('',(0.678508628167,1.175211417359,
    -3.85877906504E-02));
#169 = CARTESIAN_POINT('',(0.,1.175211417359,3.078876016265E-03));
#170 = CARTESIAN_POINT('',(-0.678508628167,1.175211417359,
    4.474554268293E-02));
#171 = CARTESIAN_POINT('',(-1.01776294225,0.587605708679,
    8.64122093496E-02));
#172 = CARTESIAN_POINT('',(-1.357017256333,1.27125975E-16,0.128078876016
    ));
#173 = CARTESIAN_POINT('',(-1.01776294225,-0.587605708679,0.169745542683
    ));
#174 = CARTESIAN_POINT('',(-0.678508628167,-1.175211417359,0.21141220935
    ));
#175 = CARTESIAN_POINT('',(-1.43921890059E-16,-1.175211417359,
    0.253078876016));
#176 = CARTESIAN_POINT('',(0.678508628167,-1.175211417359,0.294745542683
    ));
#177 = CARTESIAN_POINT('',(1.01776294225,-0.587605708679,0.33641220935)
  );
#178 = CARTESIAN_POINT('',(1.357017256333,-2.052473928713E-16,
    0.378078876016));
#179 = CARTESIAN_POINT('',(1.01776294225,0.587605708679,0.419745542683)
  );
#180 = CARTESIAN_POINT('',(0.678508628167,1.175211417359,0.46141220935)
  );
#181 = CARTESIAN_POINT('',(0.,1.175211417359,0.503078876016));
#182 = CARTESIAN_POINT('',(-0.678508628167,1.175211417359,0.544745542683
    ));
#183 = CARTESIAN_POINT('',(-1.01776294225,0.587605708679,0.58641220935)
  );
#184 = CARTESIAN_POINT('',(-1.357017256333,1.27125975E-16,0.628078876016
    ));
#185 = CARTESIAN_POINT('',(-1.01776294225,-0.587605708679,0.669745542683
    ));
#186 = CARTESIAN_POINT('',(-0.678508628167,-1.175211417359,0.71141220935
    ));
#187 = CARTESIAN_POINT('',(-1.43921890059E-16,-1.175211417359,
    0.753078876016));
#188 = CARTESIAN_POINT('',(0.678508628167,-1.175211417359,0.794745542683
    ));
#189 = CARTESIAN_POINT('',(1.01776294225,-0.587605708679,0.83641220935)
  );
#190 = CARTESIAN_POINT('',(1.357017256333,-2.052473928713E-16,
    0.878078876016));
#191 = CARTESIAN_POINT('',(1.01776294225,0.587605708679,0.919745542683)
  );
#192 = CARTESIAN_POINT('',(0.678508628167,1.175211417359,0.96141220935)
  );
#193 = CARTESIAN_POINT('',(0.,1.175211417359,1.003078876016));
#194 = CARTESIAN_POINT('',(-0.678508628167,1.175211417359,1.044745542683
    ));
#195 = CARTESIAN_POINT('',(-1.01776294225,0.587605708679,1.08641220935)
  );
#196 = CARTESIAN_POINT('',(-1.357017256333,1.27125975E-16,1.128078876016
    ));
#197 = CARTESIAN_POINT('',(-1.01776294225,-0.587605708679,1.169745542683
    ));
#198 = CARTESIAN_POINT('',(-0.678508628167,-1.175211417359,1.21141220935
    ));
#199 = CARTESIAN_POINT('',(-1.43921890059E-16,-1.175211417359,
    1.253078876016));
#200 = CARTESIAN_POINT('',(0.678508628167,-1.175211417359,1.294745542683
    ));
#201 = CARTESIAN_POINT('',(1.01776294225,-0.587605708679,1.33641220935)
  );
#202 = CARTESIAN_POINT('',(1.357017256333,-2.052473928713E-16,
    1.378078876016));
#203 = CARTESIAN_POINT('',(1.01776294225,0.587605708679,1.419745542683)
  );
#204 = CARTESIAN_POINT('',(0.678508628167,1.175211417359,1.46141220935)
  );
#205 = CARTESIAN_POINT('',(0.,1.175211417359,1.503078876016));
#206 = CARTESIAN_POINT('',(0.,1.500007775341,-2.184442388697));
#207 = CARTESIAN_POINT('',(-0.86602989288,1.500007775341,-2.14277572203)
  );
#208 = CARTESIAN_POINT('',(-1.299044839319,0.75000388767,-2.101109055363
    ));
#209 = CARTESIAN_POINT('',(-1.732059785759,1.500907066603E-16,
    -2.059442388697));
#210 = CARTESIAN_POINT('',(-1.299044839319,-0.75000388767,-2.01777572203
    ));
#211 = CARTESIAN_POINT('',(-0.86602989288,-1.500007775341,
    -1.976109055363));
#212 = CARTESIAN_POINT('',(-1.836979720767E-16,-1.500007775341,
    -1.934442388697));
#213 = CARTESIAN_POINT('',(0.86602989288,-1.500007775341,-1.89277572203)
  );
#214 = CARTESIAN_POINT('',(1.299044839319,-0.75000388767,-1.851109055363
    ));
#215 = CARTESIAN_POINT('',(1.732059785759,-2.741415878521E-16,
    -1.809442388697));
#216 = CARTESIAN_POINT('',(1.299044839319,0.75000388767,-1.76777572203)
  );
#217 = CARTESIAN_POINT('',(0.86602989288,1.500007775341,-1.726109055363)
  );
#218 = CARTESIAN_POINT('',(0.,1.500007775341,-1.684442388697));
#219 = CARTESIAN_POINT('',(-0.86602989288,1.500007775341,-1.64277572203)
  );
#220 = CARTESIAN_POINT('',(-1.299044839319,0.75000388767,-1.601109055363
    ));
#221 = CARTESIAN_POINT('',(-1.732059785759,1.500907066603E-16,
    -1.559442388697));
#222 = CARTESIAN_POINT('',(-1.299044839319,-0.75000388767,-1.51777572203
    ));
#223 = CARTESIAN_POINT('',(-0.86602989288,-1.500007775341,
    -1.476109055363));
#224 = CARTESIAN_POINT('',(-1.836979720767E-16,-1.500007775341,
    -1.434442388697));
#225 = CARTESIAN_POINT('',(0.86602989288,-1.500007775341,-1.39277572203)
  );
#226 = CARTESIAN_POINT('',(1.299044839319,-0.75000388767,-1.351109055363
    ));
#227 = CARTESIAN_POINT('',(1.732059785759,-2.741415878521E-16,
    -1.309442388697));
#228 = CARTESIAN_POINT('',(1.299044839319,0.75000388767,-1.26777572203)
  );
#229 = CARTESIAN_POINT('',(0.86602989288,1.500007775341,-1.226109055363)
  );
#230 = CARTESIAN_POINT('',(0.,1.500007775341,-1.184442388697));
#231 = CARTESIAN_POINT('',(-0.86602989288,1.500007775341,-1.14277572203)
  );
#232 = CARTESIAN_POINT('',(-1.299044839319,0.75000388767,-1.101109055363
    ));
#233 = CARTESIAN_POINT('',(-1.732059785759,1.500907066603E-16,
    -1.059442388697));
#234 = CARTESIAN_POINT('',(-1.299044839319,-0.75000388767,-1.01777572203
    ));
#235 = CARTESIAN_POINT('',(-0.86602989288,-1.500007775341,
    -0.976109055363));
#236 = CARTESIAN_POINT('',(-1.836979720767E-16,-1.500007775341,
    -0.934442388697));
#237 = CARTESIAN_POINT('',(0.86602989288,-1.500007775341,-0.89277572203)
  );
#238 = CARTESIAN_POINT('',(1.299044839319,-0.75000388767,-0.851109055363
    ));
#239 = CARTESIAN_POINT('',(1.732059785759,-2.741415878521E-16,
    -0.809442388697));
#240 = CARTESIAN_POINT('',(1.299044839319,0.75000388767,-0.76777572203)
  );
#241 = CARTESIAN_POINT('',(0.86602989288,1.500007775341,-0.726109055363)
  );
#242 = CARTESIAN_POINT('',(0.,1.500007775341,-0.684442388697));
#243 = CARTESIAN_POINT('',(-0.86602989288,1.500007775341,-0.64277572203)
  );
#244 = CARTESIAN_POINT('',(-1.299044839319,0.75000388767,-0.601109055363
    ));
#245 = CARTESIAN_POINT('',(-1.732059785759,1.500907066603E-16,
    -0.559442388697));
#246 = CARTESIAN_POINT('',(-1.299044839319,-0.75000388767,-0.51777572203
    ));
#247 = CARTESIAN_POINT('',(-0.86602989288,-1.500007775341,
    -0.476109055363));
#248 = CARTESIAN_POINT('',(-1.836979720767E-16,-1.500007775341,
    -0.434442388697));
#249 = CARTESIAN_POINT('',(0.86602989288,-1.500007775341,-0.39277572203)
  );
#250 = CARTESIAN_POINT('',(1.299044839319,-0.75000388767,-0.351109055363
    ));
#251 = CARTESIAN_POINT('',(1.732059785759,-2.741415878521E-16,
    -0.309442388697));
#252 = CARTESIAN_POINT('',(1.299044839319,0.75000388767,-0.26777572203)
  );
#253 = CARTESIAN_POINT('',(0.86602989288,1.500007775341,-0.226109055363)
  );
#254 = CARTESIAN_POINT('',(0.,1.500007775341,-0.184442388697));
#255 = CARTESIAN_POINT('',(-0.86602989288,1.500007775341,-0.14277572203)
  );
#256 = CARTESIAN_POINT('',(-1.299044839319,0.75000388767,-0.101109055363
    ));
#257 = CARTESIAN_POINT('',(-1.732059785759,1.500907066603E-16,
    -5.944238869658E-02));
#258 = CARTESIAN_POINT('',(-1.299044839319,-0.75000388767,
    -1.777572202991E-02));
#259 = CARTESIAN_POINT('',(-0.86602989288,-1.500007775341,
    2.389094463675E-02));
#260 = CARTESIAN_POINT('',(-1.836979720767E-16,-1.500007775341,
    6.555761130342E-02));
#261 = CARTESIAN_POINT('',(0.86602989288,-1.500007775341,0.10722427797)
  );
#262 = CARTESIAN_POINT('',(1.299044839319,-0.75000388767,0.148890944637)
  );
#263 = CARTESIAN_POINT('',(1.732059785759,-2.741415878521E-16,
    0.190557611303));
#264 = CARTESIAN_POINT('',(1.299044839319,0.75000388767,0.23222427797));
#265 = CARTESIAN_POINT('',(0.86602989288,1.500007775341,0.273890944637)
  );
#266 = CARTESIAN_POINT('',(0.,1.500007775341,0.315557611303));
#267 = CARTESIAN_POINT('',(-0.86602989288,1.500007775341,0.35722427797)
  );
#268 = CARTESIAN_POINT('',(-1.299044839319,0.75000388767,0.398890944637)
  );
#269 = CARTESIAN_POINT('',(-1.732059785759,1.500907066603E-16,
    0.440557611303));
#270 = CARTESIAN_POINT('',(-1.299044839319,-0.75000388767,0.48222427797)
  );
#271 = CARTESIAN_POINT('',(-0.86602989288,-1.500007775341,0.523890944637
    ));
#272 = CARTESIAN_POINT('',(-1.836979720767E-16,-1.500007775341,
    0.565557611303));
#273 = CARTESIAN_POINT('',(0.86602989288,-1.500007775341,0.60722427797)
  );
#274 = CARTESIAN_POINT('',(1.299044839319,-0.75000388767,0.648890944637)
  );
#275 = CARTESIAN_POINT('',(1.732059785759,-2.741415878521E-16,
    0.690557611303));
#276 = CARTESIAN_POINT('',(1.299044839319,0.75000388767,0.73222427797));
#277 = CARTESIAN_POINT('',(0.86602989288,1.500007775341,0.773890944637)
  );
#278 = CARTESIAN_POINT('',(0.,1.500007775341,0.815557611303));
#279 = CARTESIAN_POINT('',(-0.86602989288,1.500007775341,0.85722427797)
  );
#280 = CARTESIAN_POINT('',(-1.299044839319,0.75000388767,0.898890944637)
  );
#281 = CARTESIAN_POINT('',(-1.732059785759,1.500907066603E-16,
    0.940557611303));
#282 = CARTESIAN_POINT('',(-1.299044839319,-0.75000388767,0.98222427797)
  );
#283 = CARTESIAN_POINT('',(-0.86602989288,-1.500007775341,1.023890944637
    ));
#284 = CARTESIAN_POINT('',(-1.836979720767E-16,-1.500007775341,
    1.065557611303));
#285 = CARTESIAN_POINT('',(0.86602989288,-1.500007775341,1.10722427797)
  );
#286 = CARTESIAN_POINT('',(1.299044839319,-0.75000388767,1.148890944637)
  );
#287 = CARTESIAN_POINT('',(1.732059785759,-2.741415878521E-16,
    1.190557611303));
#288 = CARTESIAN_POINT('',(1.299044839319,0.75000388767,1.23222427797));
#289 = CARTESIAN_POINT('',(0.86602989288,1.500007775341,1.273890944637)
  );
#290 = CARTESIAN_POINT('',(0.,1.500007775341,1.315557611303));
#291 = DEFINITIONAL_REPRESENTATION('',(#292),#295);
#292 = B_SPLINE_CURVE_WITH_KNOTS('',1,(#293,#294),.UNSPECIFIED.,.F.,.F.,
  (2,2),(-0.727305616854,-9.999999992516E-07),.PIECEWISE_BEZIER_KNOTS.);
#293 = CARTESIAN_POINT('',(1.,0.428571428571));
#294 = CARTESIAN_POINT('',(1.,0.318901996666));
#295 = ( GEOMETRIC_REPRESENTATION_CONTEXT(2) 
PARAMETRIC_REPRESENTATION_CONTEXT() REPRESENTATION_CONTEXT('2D SPACE',''
  ) );
#296 = ORIENTED_EDGE('',*,*,#297,.T.);
#297 = EDGE_CURVE('',#79,#298,#300,.T.);
#298 = VERTEX_POINT('',#299);
#299 = CARTESIAN_POINT('',(-1.170763463203,-0.937716861973,
    -1.068885259044));
#300 = SURFACE_CURVE('',#301,(#306,#313),.PCURVE_S1.);
#301 = CIRCLE('',#302,1.5);
#302 = AXIS2_PLACEMENT_3D('',#303,#304,#305);
#303 = CARTESIAN_POINT('',(0.,-3.677844633803E-17,-1.068885259044));
#304 = DIRECTION('',(0.,-7.949183622941E-17,1.));
#305 = DIRECTION('',(0.,-1.,-7.949183622941E-17));
#306 = PCURVE('',#54,#307);
#307 = DEFINITIONAL_REPRESENTATION('',(#308),#312);
#308 = LINE('',#309,#310);
#309 = CARTESIAN_POINT('',(-6.28318530718,0.184176841354));
#310 = VECTOR('',#311,1.);
#311 = DIRECTION('',(1.,0.));
#312 = ( GEOMETRIC_REPRESENTATION_CONTEXT(2) 
PARAMETRIC_REPRESENTATION_CONTEXT() REPRESENTATION_CONTEXT('2D SPACE',''
  ) );
#313 = PCURVE('',#314,#319);
#314 = CONICAL_SURFACE('',#315,0.821947359443,0.785398163397);
#315 = AXIS2_PLACEMENT_3D('',#316,#317,#318);
#316 = CARTESIAN_POINT('',(0.,1.712120312007E-17,-1.746937899601));
#317 = DIRECTION('',(0.,-7.949183622941E-17,1.));
#318 = DIRECTION('',(0.,-1.,-7.949183622941E-17));
#319 = DEFINITIONAL_REPRESENTATION('',(#320),#324);
#320 = LINE('',#321,#322);
#321 = CARTESIAN_POINT('',(0.,0.678052640557));
#322 = VECTOR('',#323,1.);
#323 = DIRECTION('',(1.,-9.950780232823E-17));
#324 = ( GEOMETRIC_REPRESENTATION_CONTEXT(2) 
PARAMETRIC_REPRESENTATION_CONTEXT() REPRESENTATION_CONTEXT('2D SPACE',''
  ) );
#325 = ORIENTED_EDGE('',*,*,#326,.T.);
#326 = EDGE_CURVE('',#298,#46,#327,.T.);
#327 = SURFACE_CURVE('',#328,(#355,#361),.PCURVE_S1.);
#328 = B_SPLINE_CURVE_WITH_KNOTS('',3,(#329,#330,#331,#332,#333,#334,
    #335,#336,#337,#338,#339,#340,#341,#342,#343,#344,#345,#346,#347,
    #348,#349,#350,#351,#352,#353,#354),.UNSPECIFIED.,.F.,.F.,(4,2,2,2,2
    ,2,2,2,2,2,2,2,4),(-3.995776203595,-3.965059672173,-3.933804952834,
    -3.874154267559,-3.817191201084,-3.758364373635,-3.698249343017,
    -3.64086884833,-3.581246441607,-3.523229541035,-3.465175358964,
    -3.405487252126,-3.388431995423),.UNSPECIFIED.);
#329 = CARTESIAN_POINT('',(-1.170763463203,-0.937716861973,
    -1.068885259044));
#330 = CARTESIAN_POINT('',(-1.106742177566,-1.017649072996,
    -1.063584694308));
#331 = CARTESIAN_POINT('',(-1.034715461917,-1.090801755101,
    -1.058087288388));
#332 = CARTESIAN_POINT('',(-0.875502850656,-1.222436065998,
    -1.046770659421));
#333 = CARTESIAN_POINT('',(-0.788507976968,-1.280277113721,
    -1.040978420839));
#334 = CARTESIAN_POINT('',(-0.520103630789,-1.420925429105,
    -1.024157913063));
#335 = CARTESIAN_POINT('',(-0.327351881822,-1.477294250361,
    -1.013318339627));
#336 = CARTESIAN_POINT('',(6.002352388081E-02,-1.510784706501,
    -0.993750441282));
#337 = CARTESIAN_POINT('',(0.250635555595,-1.491063436875,
    -0.984630952946));
#338 = CARTESIAN_POINT('',(0.620387129194,-1.379713133287,
    -0.963748208078));
#339 = CARTESIAN_POINT('',(0.795324298494,-1.286835152656,
    -0.952751595689));
#340 = CARTESIAN_POINT('',(1.102841155775,-1.036306333185,
    -0.930997050121));
#341 = CARTESIAN_POINT('',(1.231270620758,-0.879842675889,
    -0.920818048262));
#342 = CARTESIAN_POINT('',(1.414771598568,-0.533855896173,-0.9015965605)
  );
#343 = CARTESIAN_POINT('',(1.471234045227,-0.349326029952,
    -0.891344901265));
#344 = CARTESIAN_POINT('',(1.512613752372,3.834672435785E-02,
    -0.869807526026));
#345 = CARTESIAN_POINT('',(1.494244666446,0.238142582949,-0.858707756104
    ));
#346 = CARTESIAN_POINT('',(1.382238903275,0.613837991842,-0.837835788943
    ));
#347 = CARTESIAN_POINT('',(1.291717276358,0.786666665499,-0.828900490884
    ));
#348 = CARTESIAN_POINT('',(1.049951829451,1.088589534154,-0.808881799045
    ));
#349 = CARTESIAN_POINT('',(0.900963348469,1.214774256197,-0.798208456243
    ));
#350 = CARTESIAN_POINT('',(0.558581944011,1.406247905857,-0.77641691075)
  );
#351 = CARTESIAN_POINT('',(0.367412651134,1.467846518821,-0.765508201276
    ));
#352 = CARTESIAN_POINT('',(0.113308811648,1.496793746412,-0.752478534943
    ));
#353 = CARTESIAN_POINT('',(5.662612955674E-02,1.5,-0.74966232553));
#354 = CARTESIAN_POINT('',(1.748601263785E-13,1.5,-0.746937899601));
#355 = PCURVE('',#54,#356);
#356 = DEFINITIONAL_REPRESENTATION('',(#357),#360);
#357 = B_SPLINE_CURVE_WITH_KNOTS('',1,(#358,#359),.UNSPECIFIED.,.F.,.F.,
  (2,2),(-3.995776203595,-3.388431995423),.PIECEWISE_BEZIER_KNOTS.);
#358 = CARTESIAN_POINT('',(-0.895479576351,0.184176841354));
#359 = CARTESIAN_POINT('',(3.14159265359,0.506124200797));
#360 = ( GEOMETRIC_REPRESENTATION_CONTEXT(2) 
PARAMETRIC_REPRESENTATION_CONTEXT() REPRESENTATION_CONTEXT('2D SPACE',''
  ) );
#361 = PCURVE('',#362,#533);
#362 = ( BOUNDED_SURFACE() B_SPLINE_SURFACE(1,2,(
    (#363,#364,#365,#366,#367,#368,#369,#370,#371,#372,#373,#374,#375
      ,#376,#377,#378,#379,#380,#381,#382,#383,#384,#385,#386,#387,#388
      ,#389,#390,#391,#392,#393,#394,#395,#396,#397,#398,#399,#400,#401
      ,#402,#403,#404,#405,#406,#407,#408,#409,#410,#411,#412,#413,#414
      ,#415,#416,#417,#418,#419,#420,#421,#422,#423,#424,#425,#426,#427
      ,#428,#429,#430,#431,#432,#433,#434,#435,#436,#437,#438,#439,#440
      ,#441,#442,#443,#444,#445,#446,#447)
    ,(#448,#449,#450,#451,#452,#453,#454,#455,#456,#457,#458,#459,#460
      ,#461,#462,#463,#464,#465,#466,#467,#468,#469,#470,#471,#472,#473
      ,#474,#475,#476,#477,#478,#479,#480,#481,#482,#483,#484,#485,#486
      ,#487,#488,#489,#490,#491,#492,#493,#494,#495,#496,#497,#498,#499
      ,#500,#501,#502,#503,#504,#505,#506,#507,#508,#509,#510,#511,#512
      ,#513,#514,#515,#516,#517,#518,#519,#520,#521,#522,#523,#524,#525
      ,#526,#527,#528,#529,#530,#531,#532
)),.UNSPECIFIED.,.F.,.F.,.F.) B_SPLINE_SURFACE_WITH_KNOTS((2,2),(3,2,2,2
    ,2,2,2,2,2,2,2,2,2,2,2,2,2,2,2,2,2,2,2,2,2,2,2,2,2,2,2,2,2,2,2,2,2,2
    ,2,2,2,2,3),(-9.036853306967E-05,1.000044592409),(0.,
    2.380952380952E-02,4.761904761905E-02,7.142857142857E-02,
    9.52380952381E-02,0.119047619048,0.142857142857,0.166666666667,
    0.190476190476,0.214285714286,0.238095238095,0.261904761905,
    0.285714285714,0.309523809524,0.333333333333,0.357142857143,
    0.380952380952,0.404761904762,0.428571428571,0.452380952381,
    0.47619047619,0.5,0.52380952381,0.547619047619,0.571428571429,
    0.595238095238,0.619047619048,0.642857142857,0.666666666667,
    0.690476190476,0.714285714286,0.738095238095,0.761904761905,
    0.785714285714,0.809523809524,0.833333333333,0.857142857143,
    0.880952380952,0.904761904762,0.928571428571,0.952380952381,
0.97619047619,1.),.UNSPECIFIED.) GEOMETRIC_REPRESENTATION_ITEM() 
RATIONAL_B_SPLINE_SURFACE((
    (1.,0.866025403784,1.,0.866025403784,1.,0.866025403784,1.
      ,0.866025403784,1.,0.866025403784,1.,0.866025403784,1.
      ,0.866025403784,1.,0.866025403784,1.,0.866025403784,1.
      ,0.866025403784,1.,0.866025403784,1.,0.866025403784,1.
      ,0.866025403784,1.,0.866025403784,1.,0.866025403784,1.
      ,0.866025403784,1.,0.866025403784,1.,0.866025403784,1.
      ,0.866025403784,1.,0.866025403784,1.,0.866025403784,1.
      ,0.866025403784,1.,0.866025403784,1.,0.866025403784,1.
      ,0.866025403784,1.,0.866025403784,1.,0.866025403784,1.
      ,0.866025403784,1.,0.866025403784,1.,0.866025403784,1.
      ,0.866025403784,1.,0.866025403784,1.,0.866025403784,1.
      ,0.866025403784,1.,0.866025403784,1.,0.866025403784,1.
      ,0.866025403784,1.,0.866025403784,1.,0.866025403784,1.
      ,0.866025403784,1.,0.866025403784,1.,0.866025403784,1.)
    ,(1.,0.866025403784,1.,0.866025403784,1.,0.866025403784,1.
      ,0.866025403784,1.,0.866025403784,1.,0.866025403784,1.
      ,0.866025403784,1.,0.866025403784,1.,0.866025403784,1.
      ,0.866025403784,1.,0.866025403784,1.,0.866025403784,1.
      ,0.866025403784,1.,0.866025403784,1.,0.866025403784,1.
      ,0.866025403784,1.,0.866025403784,1.,0.866025403784,1.
      ,0.866025403784,1.,0.866025403784,1.,0.866025403784,1.
      ,0.866025403784,1.,0.866025403784,1.,0.866025403784,1.
      ,0.866025403784,1.,0.866025403784,1.,0.866025403784,1.
      ,0.866025403784,1.,0.866025403784,1.,0.866025403784,1.
      ,0.866025403784,1.,0.866025403784,1.,0.866025403784,1.
      ,0.866025403784,1.,0.866025403784,1.,0.866025403784,1.
      ,0.866025403784,1.,0.866025403784,1.,0.866025403784,1.
      ,0.866025403784,1.,0.866025403784,1.,0.866025403784,1.
))) REPRESENTATION_ITEM('') SURFACE() );
#363 = CARTESIAN_POINT('',(0.,1.500029348042,-1.746920955501));
#364 = CARTESIAN_POINT('',(-0.866042347884,1.500029348042,
    -1.705254288835));
#365 = CARTESIAN_POINT('',(-1.299063521827,0.750014674021,
    -1.663587622168));
#366 = CARTESIAN_POINT('',(-1.732084695769,1.500922319585E-16,
    -1.621920955501));
#367 = CARTESIAN_POINT('',(-1.299063521827,-0.750014674021,
    -1.580254288835));
#368 = CARTESIAN_POINT('',(-0.866042347884,-1.500029348042,
    -1.538587622168));
#369 = CARTESIAN_POINT('',(-1.837006139707E-16,-1.500029348042,
    -1.496920955501));
#370 = CARTESIAN_POINT('',(0.866042347884,-1.500029348042,
    -1.455254288835));
#371 = CARTESIAN_POINT('',(1.299063521827,-0.750014674021,
    -1.413587622168));
#372 = CARTESIAN_POINT('',(1.732084695769,-2.741461637466E-16,
    -1.371920955501));
#373 = CARTESIAN_POINT('',(1.299063521827,0.750014674021,-1.330254288835
    ));
#374 = CARTESIAN_POINT('',(0.866042347884,1.500029348042,-1.288587622168
    ));
#375 = CARTESIAN_POINT('',(0.,1.500029348042,-1.246920955501));
#376 = CARTESIAN_POINT('',(-0.866042347884,1.500029348042,
    -1.205254288835));
#377 = CARTESIAN_POINT('',(-1.299063521827,0.750014674021,
    -1.163587622168));
#378 = CARTESIAN_POINT('',(-1.732084695769,1.500922319585E-16,
    -1.121920955501));
#379 = CARTESIAN_POINT('',(-1.299063521827,-0.750014674021,
    -1.080254288835));
#380 = CARTESIAN_POINT('',(-0.866042347884,-1.500029348042,
    -1.038587622168));
#381 = CARTESIAN_POINT('',(-1.837006139707E-16,-1.500029348042,
    -0.996920955501));
#382 = CARTESIAN_POINT('',(0.866042347884,-1.500029348042,
    -0.955254288835));
#383 = CARTESIAN_POINT('',(1.299063521827,-0.750014674021,
    -0.913587622168));
#384 = CARTESIAN_POINT('',(1.732084695769,-2.741461637466E-16,
    -0.871920955501));
#385 = CARTESIAN_POINT('',(1.299063521827,0.750014674021,-0.830254288835
    ));
#386 = CARTESIAN_POINT('',(0.866042347884,1.500029348042,-0.788587622168
    ));
#387 = CARTESIAN_POINT('',(0.,1.500029348042,-0.746920955501));
#388 = CARTESIAN_POINT('',(-0.866042347884,1.500029348042,
    -0.705254288835));
#389 = CARTESIAN_POINT('',(-1.299063521827,0.750014674021,
    -0.663587622168));
#390 = CARTESIAN_POINT('',(-1.732084695769,1.500922319585E-16,
    -0.621920955501));
#391 = CARTESIAN_POINT('',(-1.299063521827,-0.750014674021,
    -0.580254288835));
#392 = CARTESIAN_POINT('',(-0.866042347884,-1.500029348042,
    -0.538587622168));
#393 = CARTESIAN_POINT('',(-1.837006139707E-16,-1.500029348042,
    -0.496920955501));
#394 = CARTESIAN_POINT('',(0.866042347884,-1.500029348042,
    -0.455254288835));
#395 = CARTESIAN_POINT('',(1.299063521827,-0.750014674021,
    -0.413587622168));
#396 = CARTESIAN_POINT('',(1.732084695769,-2.741461637466E-16,
    -0.371920955501));
#397 = CARTESIAN_POINT('',(1.299063521827,0.750014674021,-0.330254288835
    ));
#398 = CARTESIAN_POINT('',(0.866042347884,1.500029348042,-0.288587622168
    ));
#399 = CARTESIAN_POINT('',(0.,1.500029348042,-0.246920955501));
#400 = CARTESIAN_POINT('',(-0.866042347884,1.500029348042,
    -0.205254288835));
#401 = CARTESIAN_POINT('',(-1.299063521827,0.750014674021,
    -0.163587622168));
#402 = CARTESIAN_POINT('',(-1.732084695769,1.500922319585E-16,
    -0.121920955501));
#403 = CARTESIAN_POINT('',(-1.299063521827,-0.750014674021,
    -8.025428883481E-02));
#404 = CARTESIAN_POINT('',(-0.866042347884,-1.500029348042,
    -3.858762216814E-02));
#405 = CARTESIAN_POINT('',(-1.837006139707E-16,-1.500029348042,
    3.079044498523E-03));
#406 = CARTESIAN_POINT('',(0.866042347884,-1.500029348042,
    4.474571116519E-02));
#407 = CARTESIAN_POINT('',(1.299063521827,-0.750014674021,
    8.641237783186E-02));
#408 = CARTESIAN_POINT('',(1.732084695769,-2.741461637466E-16,
    0.128079044499));
#409 = CARTESIAN_POINT('',(1.299063521827,0.750014674021,0.169745711165)
  );
#410 = CARTESIAN_POINT('',(0.866042347884,1.500029348042,0.211412377832)
  );
#411 = CARTESIAN_POINT('',(0.,1.500029348042,0.253079044499));
#412 = CARTESIAN_POINT('',(-0.866042347884,1.500029348042,0.294745711165
    ));
#413 = CARTESIAN_POINT('',(-1.299063521827,0.750014674021,0.336412377832
    ));
#414 = CARTESIAN_POINT('',(-1.732084695769,1.500922319585E-16,
    0.378079044499));
#415 = CARTESIAN_POINT('',(-1.299063521827,-0.750014674021,
    0.419745711165));
#416 = CARTESIAN_POINT('',(-0.866042347884,-1.500029348042,
    0.461412377832));
#417 = CARTESIAN_POINT('',(-1.837006139707E-16,-1.500029348042,
    0.503079044499));
#418 = CARTESIAN_POINT('',(0.866042347884,-1.500029348042,0.544745711165
    ));
#419 = CARTESIAN_POINT('',(1.299063521827,-0.750014674021,0.586412377832
    ));
#420 = CARTESIAN_POINT('',(1.732084695769,-2.741461637466E-16,
    0.628079044499));
#421 = CARTESIAN_POINT('',(1.299063521827,0.750014674021,0.669745711165)
  );
#422 = CARTESIAN_POINT('',(0.866042347884,1.500029348042,0.711412377832)
  );
#423 = CARTESIAN_POINT('',(0.,1.500029348042,0.753079044499));
#424 = CARTESIAN_POINT('',(-0.866042347884,1.500029348042,0.794745711165
    ));
#425 = CARTESIAN_POINT('',(-1.299063521827,0.750014674021,0.836412377832
    ));
#426 = CARTESIAN_POINT('',(-1.732084695769,1.500922319585E-16,
    0.878079044499));
#427 = CARTESIAN_POINT('',(-1.299063521827,-0.750014674021,
    0.919745711165));
#428 = CARTESIAN_POINT('',(-0.866042347884,-1.500029348042,
    0.961412377832));
#429 = CARTESIAN_POINT('',(-1.837006139707E-16,-1.500029348042,
    1.003079044499));
#430 = CARTESIAN_POINT('',(0.866042347884,-1.500029348042,1.044745711165
    ));
#431 = CARTESIAN_POINT('',(1.299063521827,-0.750014674021,1.086412377832
    ));
#432 = CARTESIAN_POINT('',(1.732084695769,-2.741461637466E-16,
    1.128079044499));
#433 = CARTESIAN_POINT('',(1.299063521827,0.750014674021,1.169745711165)
  );
#434 = CARTESIAN_POINT('',(0.866042347884,1.500029348042,1.211412377832)
  );
#435 = CARTESIAN_POINT('',(0.,1.500029348042,1.253079044499));
#436 = CARTESIAN_POINT('',(-0.866042347884,1.500029348042,1.294745711165
    ));
#437 = CARTESIAN_POINT('',(-1.299063521827,0.750014674021,1.336412377832
    ));
#438 = CARTESIAN_POINT('',(-1.732084695769,1.500922319585E-16,
    1.378079044499));
#439 = CARTESIAN_POINT('',(-1.299063521827,-0.750014674021,
    1.419745711165));
#440 = CARTESIAN_POINT('',(-0.866042347884,-1.500029348042,
    1.461412377832));
#441 = CARTESIAN_POINT('',(-1.837006139707E-16,-1.500029348042,
    1.503079044499));
#442 = CARTESIAN_POINT('',(0.866042347884,-1.500029348042,1.544745711165
    ));
#443 = CARTESIAN_POINT('',(1.299063521827,-0.750014674021,1.586412377832
    ));
#444 = CARTESIAN_POINT('',(1.732084695769,-2.741461637466E-16,
    1.628079044499));
#445 = CARTESIAN_POINT('',(1.299063521827,0.750014674021,1.669745711165)
  );
#446 = CARTESIAN_POINT('',(0.866042347884,1.500029348042,1.711412377832)
  );
#447 = CARTESIAN_POINT('',(0.,1.500029348042,1.753079044499));
#448 = CARTESIAN_POINT('',(0.,1.175225991771,-1.934446260678));
#449 = CARTESIAN_POINT('',(-0.678517042708,1.175225991771,
    -1.892779594012));
#450 = CARTESIAN_POINT('',(-1.017775564062,0.587612995886,
    -1.851112927345));
#451 = CARTESIAN_POINT('',(-1.357034085415,1.271270054841E-16,
    -1.809446260678));
#452 = CARTESIAN_POINT('',(-1.017775564062,-0.587612995886,
    -1.767779594012));
#453 = CARTESIAN_POINT('',(-0.678517042708,-1.175225991771,
    -1.726112927345));
#454 = CARTESIAN_POINT('',(-1.439236749097E-16,-1.175225991771,
    -1.684446260678));
#455 = CARTESIAN_POINT('',(0.678517042708,-1.175225991771,
    -1.642779594012));
#456 = CARTESIAN_POINT('',(1.017775564062,-0.587612995886,
    -1.601112927345));
#457 = CARTESIAN_POINT('',(1.357034085415,-2.052504843235E-16,
    -1.559446260678));
#458 = CARTESIAN_POINT('',(1.017775564062,0.587612995886,-1.517779594012
    ));
#459 = CARTESIAN_POINT('',(0.678517042708,1.175225991771,-1.476112927345
    ));
#460 = CARTESIAN_POINT('',(0.,1.175225991771,-1.434446260678));
#461 = CARTESIAN_POINT('',(-0.678517042708,1.175225991771,
    -1.392779594012));
#462 = CARTESIAN_POINT('',(-1.017775564062,0.587612995886,
    -1.351112927345));
#463 = CARTESIAN_POINT('',(-1.357034085415,1.271270054841E-16,
    -1.309446260678));
#464 = CARTESIAN_POINT('',(-1.017775564062,-0.587612995886,
    -1.267779594012));
#465 = CARTESIAN_POINT('',(-0.678517042708,-1.175225991771,
    -1.226112927345));
#466 = CARTESIAN_POINT('',(-1.439236749097E-16,-1.175225991771,
    -1.184446260678));
#467 = CARTESIAN_POINT('',(0.678517042708,-1.175225991771,
    -1.142779594012));
#468 = CARTESIAN_POINT('',(1.017775564062,-0.587612995886,
    -1.101112927345));
#469 = CARTESIAN_POINT('',(1.357034085415,-2.052504843235E-16,
    -1.059446260678));
#470 = CARTESIAN_POINT('',(1.017775564062,0.587612995886,-1.017779594012
    ));
#471 = CARTESIAN_POINT('',(0.678517042708,1.175225991771,-0.976112927345
    ));
#472 = CARTESIAN_POINT('',(0.,1.175225991771,-0.934446260678));
#473 = CARTESIAN_POINT('',(-0.678517042708,1.175225991771,
    -0.892779594012));
#474 = CARTESIAN_POINT('',(-1.017775564062,0.587612995886,
    -0.851112927345));
#475 = CARTESIAN_POINT('',(-1.357034085415,1.271270054841E-16,
    -0.809446260678));
#476 = CARTESIAN_POINT('',(-1.017775564062,-0.587612995886,
    -0.767779594012));
#477 = CARTESIAN_POINT('',(-0.678517042708,-1.175225991771,
    -0.726112927345));
#478 = CARTESIAN_POINT('',(-1.439236749097E-16,-1.175225991771,
    -0.684446260678));
#479 = CARTESIAN_POINT('',(0.678517042708,-1.175225991771,
    -0.642779594012));
#480 = CARTESIAN_POINT('',(1.017775564062,-0.587612995886,
    -0.601112927345));
#481 = CARTESIAN_POINT('',(1.357034085415,-2.052504843235E-16,
    -0.559446260678));
#482 = CARTESIAN_POINT('',(1.017775564062,0.587612995886,-0.517779594012
    ));
#483 = CARTESIAN_POINT('',(0.678517042708,1.175225991771,-0.476112927345
    ));
#484 = CARTESIAN_POINT('',(0.,1.175225991771,-0.434446260678));
#485 = CARTESIAN_POINT('',(-0.678517042708,1.175225991771,
    -0.392779594012));
#486 = CARTESIAN_POINT('',(-1.017775564062,0.587612995886,
    -0.351112927345));
#487 = CARTESIAN_POINT('',(-1.357034085415,1.271270054841E-16,
    -0.309446260678));
#488 = CARTESIAN_POINT('',(-1.017775564062,-0.587612995886,
    -0.267779594012));
#489 = CARTESIAN_POINT('',(-0.678517042708,-1.175225991771,
    -0.226112927345));
#490 = CARTESIAN_POINT('',(-1.439236749097E-16,-1.175225991771,
    -0.184446260678));
#491 = CARTESIAN_POINT('',(0.678517042708,-1.175225991771,
    -0.142779594012));
#492 = CARTESIAN_POINT('',(1.017775564062,-0.587612995886,
    -0.101112927345));
#493 = CARTESIAN_POINT('',(1.357034085415,-2.052504843235E-16,
    -5.944626067818E-02));
#494 = CARTESIAN_POINT('',(1.017775564062,0.587612995886,
    -1.777959401151E-02));
#495 = CARTESIAN_POINT('',(0.678517042708,1.175225991771,
    2.388707265516E-02));
#496 = CARTESIAN_POINT('',(0.,1.175225991771,6.555373932182E-02));
#497 = CARTESIAN_POINT('',(-0.678517042708,1.175225991771,0.107220405988
    ));
#498 = CARTESIAN_POINT('',(-1.017775564062,0.587612995886,0.148887072655
    ));
#499 = CARTESIAN_POINT('',(-1.357034085415,1.271270054841E-16,
    0.190553739322));
#500 = CARTESIAN_POINT('',(-1.017775564062,-0.587612995886,
    0.232220405988));
#501 = CARTESIAN_POINT('',(-0.678517042708,-1.175225991771,
    0.273887072655));
#502 = CARTESIAN_POINT('',(-1.439236749097E-16,-1.175225991771,
    0.315553739322));
#503 = CARTESIAN_POINT('',(0.678517042708,-1.175225991771,0.357220405988
    ));
#504 = CARTESIAN_POINT('',(1.017775564062,-0.587612995886,0.398887072655
    ));
#505 = CARTESIAN_POINT('',(1.357034085415,-2.052504843235E-16,
    0.440553739322));
#506 = CARTESIAN_POINT('',(1.017775564062,0.587612995886,0.482220405988)
  );
#507 = CARTESIAN_POINT('',(0.678517042708,1.175225991771,0.523887072655)
  );
#508 = CARTESIAN_POINT('',(0.,1.175225991771,0.565553739322));
#509 = CARTESIAN_POINT('',(-0.678517042708,1.175225991771,0.607220405988
    ));
#510 = CARTESIAN_POINT('',(-1.017775564062,0.587612995886,0.648887072655
    ));
#511 = CARTESIAN_POINT('',(-1.357034085415,1.271270054841E-16,
    0.690553739322));
#512 = CARTESIAN_POINT('',(-1.017775564062,-0.587612995886,
    0.732220405988));
#513 = CARTESIAN_POINT('',(-0.678517042708,-1.175225991771,
    0.773887072655));
#514 = CARTESIAN_POINT('',(-1.439236749097E-16,-1.175225991771,
    0.815553739322));
#515 = CARTESIAN_POINT('',(0.678517042708,-1.175225991771,0.857220405988
    ));
#516 = CARTESIAN_POINT('',(1.017775564062,-0.587612995886,0.898887072655
    ));
#517 = CARTESIAN_POINT('',(1.357034085415,-2.052504843235E-16,
    0.940553739322));
#518 = CARTESIAN_POINT('',(1.017775564062,0.587612995886,0.982220405988)
  );
#519 = CARTESIAN_POINT('',(0.678517042708,1.175225991771,1.023887072655)
  );
#520 = CARTESIAN_POINT('',(0.,1.175225991771,1.065553739322));
#521 = CARTESIAN_POINT('',(-0.678517042708,1.175225991771,1.107220405988
    ));
#522 = CARTESIAN_POINT('',(-1.017775564062,0.587612995886,1.148887072655
    ));
#523 = CARTESIAN_POINT('',(-1.357034085415,1.271270054841E-16,
    1.190553739322));
#524 = CARTESIAN_POINT('',(-1.017775564062,-0.587612995886,
    1.232220405988));
#525 = CARTESIAN_POINT('',(-0.678517042708,-1.175225991771,
    1.273887072655));
#526 = CARTESIAN_POINT('',(-1.439236749097E-16,-1.175225991771,
    1.315553739322));
#527 = CARTESIAN_POINT('',(0.678517042708,-1.175225991771,1.357220405988
    ));
#528 = CARTESIAN_POINT('',(1.017775564062,-0.587612995886,1.398887072655
    ));
#529 = CARTESIAN_POINT('',(1.357034085415,-2.052504843235E-16,
    1.440553739322));
#530 = CARTESIAN_POINT('',(1.017775564062,0.587612995886,1.482220405988)
  );
#531 = CARTESIAN_POINT('',(0.678517042708,1.175225991771,1.523887072655)
  );
#532 = CARTESIAN_POINT('',(0.,1.175225991771,1.565553739322));
#533 = DEFINITIONAL_REPRESENTATION('',(#534),#604);
#534 = B_SPLINE_CURVE_WITH_KNOTS('',3,(#535,#536,#537,#538,#539,#540,
    #541,#542,#543,#544,#545,#546,#547,#548,#549,#550,#551,#552,#553,
    #554,#555,#556,#557,#558,#559,#560,#561,#562,#563,#564,#565,#566,
    #567,#568,#569,#570,#571,#572,#573,#574,#575,#576,#577,#578,#579,
    #580,#581,#582,#583,#584,#585,#586,#587,#588,#589,#590,#591,#592,
    #593,#594,#595,#596,#597,#598,#599,#600,#601,#602,#603),
  .UNSPECIFIED.,.F.,.F.,(4,1,1,1,1,1,1,1,1,1,1,1,1,1,1,1,1,1,1,1,1,1,1,1
    ,1,1,1,1,1,1,1,1,1,1,1,1,1,1,1,1,1,1,1,1,1,1,1,1,1,1,1,1,1,1,1,1,1,1
    ,1,1,1,1,1,1,1,1,4),(-3.995776203595,-3.986574018623,-3.977371833651
    ,-3.968169648678,-3.958967463706,-3.949765278734,-3.940563093761,
    -3.931360908789,-3.922158723817,-3.912956538844,-3.903754353872,
    -3.8945521689,-3.885349983928,-3.876147798955,-3.866945613983,
    -3.857743429011,-3.848541244038,-3.839339059066,-3.830136874094,
    -3.820934689121,-3.811732504149,-3.802530319177,-3.793328134204,
    -3.784125949232,-3.77492376426,-3.765721579288,-3.756519394315,
    -3.747317209343,-3.738115024371,-3.728912839398,-3.719710654426,
    -3.710508469454,-3.701306284481,-3.692104099509,-3.682901914537,
    -3.673699729565,-3.664497544592,-3.65529535962,-3.646093174648,
    -3.636890989675,-3.627688804703,-3.618486619731,-3.609284434758,
    -3.600082249786,-3.590880064814,-3.581677879841,-3.572475694869,
    -3.563273509897,-3.554071324925,-3.544869139952,-3.53566695498,
    -3.526464770008,-3.517262585035,-3.508060400063,-3.498858215091,
    -3.489656030118,-3.480453845146,-3.471251660174,-3.462049475202,
    -3.452847290229,-3.443645105257,-3.434442920285,-3.425240735312,
    -3.41603855034,-3.406836365368,-3.397634180395,-3.388431995423),
  .QUASI_UNIFORM_KNOTS.);
#535 = CARTESIAN_POINT('',(-5.957499839648E-15,0.19402323133));
#536 = CARTESIAN_POINT('',(-1.489944567326E-07,0.194493665593));
#537 = CARTESIAN_POINT('',(-4.248791221484E-07,0.195428373473));
#538 = CARTESIAN_POINT('',(-6.854650745845E-07,0.196816042474));
#539 = CARTESIAN_POINT('',(6.074404738334E-08,0.198193548211));
#540 = CARTESIAN_POINT('',(-1.588764754028E-08,0.199564628706));
#541 = CARTESIAN_POINT('',(4.807206172537E-08,0.200928416776));
#542 = CARTESIAN_POINT('',(2.065188269523E-08,0.202289308602));
#543 = CARTESIAN_POINT('',(-6.800780944936E-08,0.203652311086));
#544 = CARTESIAN_POINT('',(2.883019116594E-07,0.205014702207));
#545 = CARTESIAN_POINT('',(1.260498648612E-06,0.206379413454));
#546 = CARTESIAN_POINT('',(1.702465930542E-06,0.207750511849));
#547 = CARTESIAN_POINT('',(1.107557355304E-06,0.209131895553));
#548 = CARTESIAN_POINT('',(3.109770548732E-07,0.21052726789));
#549 = CARTESIAN_POINT('',(-5.599132417528E-07,0.211941989869));
#550 = CARTESIAN_POINT('',(1.924663802811E-06,0.213376164274));
#551 = CARTESIAN_POINT('',(-2.338850547083E-04,0.214834952498));
#552 = CARTESIAN_POINT('',(-2.784364720731E-04,0.216269941427));
#553 = CARTESIAN_POINT('',(-2.062618574259E-04,0.217684921341));
#554 = CARTESIAN_POINT('',(-8.810557597503E-05,0.21908442962));
#555 = CARTESIAN_POINT('',(8.013808724471E-06,0.220472508524));
#556 = CARTESIAN_POINT('',(-2.213120700985E-06,0.221853488421));
#557 = CARTESIAN_POINT('',(1.16201471566E-06,0.223221716844));
#558 = CARTESIAN_POINT('',(1.28250937805E-06,0.224582682828));
#559 = CARTESIAN_POINT('',(1.75507619766E-06,0.225939775032));
#560 = CARTESIAN_POINT('',(3.143426077502E-07,0.227297016875));
#561 = CARTESIAN_POINT('',(1.789120327303E-06,0.228657632873));
#562 = CARTESIAN_POINT('',(-6.707795392505E-06,0.230027479055));
#563 = CARTESIAN_POINT('',(3.250608824291E-05,0.231402156584));
#564 = CARTESIAN_POINT('',(1.021625331074E-04,0.232783563816));
#565 = CARTESIAN_POINT('',(1.682768926711E-04,0.234176036377));
#566 = CARTESIAN_POINT('',(1.934865842891E-04,0.235584298637));
#567 = CARTESIAN_POINT('',(1.707384769497E-04,0.237009638835));
#568 = CARTESIAN_POINT('',(-2.080844357063E-05,0.23846772157));
#569 = CARTESIAN_POINT('',(5.514237727896E-06,0.239912334163));
#570 = CARTESIAN_POINT('',(-1.019531605503E-06,0.241330602072));
#571 = CARTESIAN_POINT('',(1.58831905848E-06,0.242730971634));
#572 = CARTESIAN_POINT('',(1.090154837017E-06,0.244116550109));
#573 = CARTESIAN_POINT('',(5.133338679493E-07,0.24549173432));
#574 = CARTESIAN_POINT('',(-4.506092561384E-08,0.246860005813));
#575 = CARTESIAN_POINT('',(-6.579045053172E-08,0.248226588822));
#576 = CARTESIAN_POINT('',(4.574534733456E-07,0.249585930035));
#577 = CARTESIAN_POINT('',(1.387448344684E-06,0.25094236938));
#578 = CARTESIAN_POINT('',(1.9250366013E-06,0.252299543138));
#579 = CARTESIAN_POINT('',(3.630147054068E-07,0.253661346714));
#580 = CARTESIAN_POINT('',(2.700647024018E-06,0.255031256806));
#581 = CARTESIAN_POINT('',(-9.740729895815E-06,0.256414509524));
#582 = CARTESIAN_POINT('',(3.626199601324E-05,0.257810505126));
#583 = CARTESIAN_POINT('',(1.417446869599E-04,0.259217907309));
#584 = CARTESIAN_POINT('',(2.120197280167E-04,0.260639769748));
#585 = CARTESIAN_POINT('',(6.828611296128E-05,0.262090641721));
#586 = CARTESIAN_POINT('',(-2.326540187699E-05,0.263533364046));
#587 = CARTESIAN_POINT('',(2.633413147031E-06,0.264954502127));
#588 = CARTESIAN_POINT('',(-7.654722834588E-07,0.266362928993));
#589 = CARTESIAN_POINT('',(7.190026022057E-07,0.267752050043));
#590 = CARTESIAN_POINT('',(1.262794928525E-06,0.269128160217));
#591 = CARTESIAN_POINT('',(1.368401178588E-06,0.270494637091));
#592 = CARTESIAN_POINT('',(6.001635142704E-07,0.271855607085));
#593 = CARTESIAN_POINT('',(-2.793330521702E-08,0.273214378372));
#594 = CARTESIAN_POINT('',(-6.207112323689E-08,0.274576485538));
#595 = CARTESIAN_POINT('',(3.509112997369E-07,0.275936693954));
#596 = CARTESIAN_POINT('',(1.333068587043E-06,0.277298471937));
#597 = CARTESIAN_POINT('',(1.698562247925E-06,0.278665720474));
#598 = CARTESIAN_POINT('',(1.096421819674E-06,0.280042328429));
#599 = CARTESIAN_POINT('',(1.170037866965E-07,0.281432017022));
#600 = CARTESIAN_POINT('',(1.50707708217E-08,0.282839846795));
#601 = CARTESIAN_POINT('',(-1.812040046741E-07,0.284266806962));
#602 = CARTESIAN_POINT('',(-9.815196479356E-08,0.28522990947));
#603 = CARTESIAN_POINT('',(-9.890000748695E-15,0.285714285714));
#604 = ( GEOMETRIC_REPRESENTATION_CONTEXT(2) 
PARAMETRIC_REPRESENTATION_CONTEXT() REPRESENTATION_CONTEXT('2D SPACE',''
  ) );
#605 = ADVANCED_FACE('',(#606),#66,.T.);
#606 = FACE_BOUND('',#607,.T.);
#607 = EDGE_LOOP('',(#608,#638,#690,#691));
#608 = ORIENTED_EDGE('',*,*,#609,.F.);
#609 = EDGE_CURVE('',#610,#612,#614,.T.);
#610 = VERTEX_POINT('',#611);
#611 = CARTESIAN_POINT('',(-9.184850993605E-17,1.5,-0.184437899601));
#612 = VERTEX_POINT('',#613);
#613 = CARTESIAN_POINT('',(3.405354017633E-15,1.5,-0.246937899601));
#614 = SURFACE_CURVE('',#615,(#619,#626),.PCURVE_S1.);
#615 = LINE('',#616,#617);
#616 = CARTESIAN_POINT('',(-1.836970198721E-16,1.5,-1.253062100399));
#617 = VECTOR('',#618,1.);
#618 = DIRECTION('',(0.,7.949183622941E-17,-1.));
#619 = PCURVE('',#66,#620);
#620 = DEFINITIONAL_REPRESENTATION('',(#621),#625);
#621 = LINE('',#622,#623);
#622 = CARTESIAN_POINT('',(9.424777960769,-2.22044604925E-16));
#623 = VECTOR('',#624,1.);
#624 = DIRECTION('',(0.,-1.));
#625 = ( GEOMETRIC_REPRESENTATION_CONTEXT(2) 
PARAMETRIC_REPRESENTATION_CONTEXT() REPRESENTATION_CONTEXT('2D SPACE',''
  ) );
#626 = PCURVE('',#627,#632);
#627 = CYLINDRICAL_SURFACE('',#628,1.5);
#628 = AXIS2_PLACEMENT_3D('',#629,#630,#631);
#629 = CARTESIAN_POINT('',(0.,-2.213789102784E-17,-1.253062100399));
#630 = DIRECTION('',(0.,-7.949183622941E-17,1.));
#631 = DIRECTION('',(0.,-1.,-7.949183622941E-17));
#632 = DEFINITIONAL_REPRESENTATION('',(#633),#637);
#633 = LINE('',#634,#635);
#634 = CARTESIAN_POINT('',(-3.14159265359,-2.22044604925E-16));
#635 = VECTOR('',#636,1.);
#636 = DIRECTION('',(0.,-1.));
#637 = ( GEOMETRIC_REPRESENTATION_CONTEXT(2) 
PARAMETRIC_REPRESENTATION_CONTEXT() REPRESENTATION_CONTEXT('2D SPACE',''
  ) );
#638 = ORIENTED_EDGE('',*,*,#639,.T.);
#639 = EDGE_CURVE('',#610,#44,#640,.T.);
#640 = SURFACE_CURVE('',#641,(#678,#684),.PCURVE_S1.);
#641 = B_SPLINE_CURVE_WITH_KNOTS('',3,(#642,#643,#644,#645,#646,#647,
    #648,#649,#650,#651,#652,#653,#654,#655,#656,#657,#658,#659,#660,
    #661,#662,#663,#664,#665,#666,#667,#668,#669,#670,#671,#672,#673,
    #674,#675,#676,#677),.UNSPECIFIED.,.F.,.F.,(4,2,2,2,2,2,2,2,2,2,2,2,
    2,2,2,2,2,4),(-1.673906384458,-1.646010302827,-1.586062797039,
    -1.52838738922,-1.46919515378,-1.410016736546,-1.352960870535,
    -1.293248804405,-1.234716616966,-1.177386666902,-1.117233861923,
    -1.059373645819,-1.000660479944,-0.941267869447,-0.884061124269,
    -0.824309724783,-0.765560686755,-0.727305616854),.UNSPECIFIED.);
#642 = CARTESIAN_POINT('',(0.,1.5,-0.184437899601));
#643 = CARTESIAN_POINT('',(9.248773492601E-02,1.5,-0.188887717823));
#644 = CARTESIAN_POINT('',(0.184976359948,1.491447615831,-0.193575145096
    ));
#645 = CARTESIAN_POINT('',(0.472539553754,1.437557042155,-0.208907496088
    ));
#646 = CARTESIAN_POINT('',(0.659462421378,1.361969414675,-0.220000483069
    ));
#647 = CARTESIAN_POINT('',(0.986400560248,1.146255514041,-0.241722354405
    ));
#648 = CARTESIAN_POINT('',(1.124936464734,1.010655887887,-0.252154322499
    ));
#649 = CARTESIAN_POINT('',(1.346200686675,0.690375183608,-0.271696588571
    ));
#650 = CARTESIAN_POINT('',(1.425197438319,0.507645965195,-0.28123534598)
  );
#651 = CARTESIAN_POINT('',(1.507971065863,0.122054382743,-0.30265710056)
  );
#652 = CARTESIAN_POINT('',(1.510941422393,-7.699816044312E-02,
    -0.313715575182));
#653 = CARTESIAN_POINT('',(1.440999301982,-0.45788123455,-0.334875745965
    ));
#654 = CARTESIAN_POINT('',(1.371451590125,-0.63656904246,-0.344469710942
    ));
#655 = CARTESIAN_POINT('',(1.164719157798,-0.96590285321,-0.363564291139
    ));
#656 = CARTESIAN_POINT('',(1.026579762256,-1.111597283288,
    -0.374257593408));
#657 = CARTESIAN_POINT('',(0.70481832858,-1.338357018116,-0.396037229127
    ));
#658 = CARTESIAN_POINT('',(0.525177003712,-1.418508461653,
    -0.406906655386));
#659 = CARTESIAN_POINT('',(0.149181995434,-1.504718515874,
    -0.427391447385));
#660 = CARTESIAN_POINT('',(-4.326350514239E-02,-1.511475558508,
    -0.436200650449));
#661 = CARTESIAN_POINT('',(-0.429694996237,-1.45102314682,
    -0.456472077891));
#662 = CARTESIAN_POINT('',(-0.619345396741,-1.380761402368,
    -0.467548352163));
#663 = CARTESIAN_POINT('',(-0.953339707739,-1.173983163586,
    -0.48936150091));
#664 = CARTESIAN_POINT('',(-1.096064769029,-1.041994614863,
    -0.499894712198));
#665 = CARTESIAN_POINT('',(-1.325472860645,-0.728927058374,
    -0.519628435166));
#666 = CARTESIAN_POINT('',(-1.409081687407,-0.550192724937,
    -0.528871637105));
#667 = CARTESIAN_POINT('',(-1.503576499955,-0.168436109967,
    -0.550080337937));
#668 = CARTESIAN_POINT('',(-1.51266150517,3.105095904555E-02,
    -0.561162952882));
#669 = CARTESIAN_POINT('',(-1.454026033265,0.414839187501,
    -0.582484521129));
#670 = CARTESIAN_POINT('',(-1.389663924317,0.595873071113,
    -0.592463025956));
#671 = CARTESIAN_POINT('',(-1.192498762642,0.931381833828,
    -0.611268827073));
#672 = CARTESIAN_POINT('',(-1.058711439907,1.08103138055,-0.621862604492
    ));
#673 = CARTESIAN_POINT('',(-0.743328051202,1.317439963487,
    -0.643603399938));
#674 = CARTESIAN_POINT('',(-0.565557041445,1.402974086279,
    -0.654532359488));
#675 = CARTESIAN_POINT('',(-0.25320183342,1.483941452525,-0.671809649948
    ));
#676 = CARTESIAN_POINT('',(-0.126740084759,1.5,-0.67834011443));
#677 = CARTESIAN_POINT('',(1.332961518941E-13,1.5,-0.684437899601));
#678 = PCURVE('',#66,#679);
#679 = DEFINITIONAL_REPRESENTATION('',(#680),#683);
#680 = B_SPLINE_CURVE_WITH_KNOTS('',1,(#681,#682),.UNSPECIFIED.,.F.,.F.,
  (2,2),(-1.673906384458,-0.727305616854),.PIECEWISE_BEZIER_KNOTS.);
#681 = CARTESIAN_POINT('',(9.424777960769,1.068624200797));
#682 = CARTESIAN_POINT('',(3.14159265359,0.568624200797));
#683 = ( GEOMETRIC_REPRESENTATION_CONTEXT(2) 
PARAMETRIC_REPRESENTATION_CONTEXT() REPRESENTATION_CONTEXT('2D SPACE',''
  ) );
#684 = PCURVE('',#120,#685);
#685 = DEFINITIONAL_REPRESENTATION('',(#686),#689);
#686 = B_SPLINE_CURVE_WITH_KNOTS('',1,(#687,#688),.UNSPECIFIED.,.F.,.F.,
  (2,2),(-1.673906384458,-0.727305616854),.PIECEWISE_BEZIER_KNOTS.);
#687 = CARTESIAN_POINT('',(1.,0.571428571429));
#688 = CARTESIAN_POINT('',(1.,0.428571428571));
#689 = ( GEOMETRIC_REPRESENTATION_CONTEXT(2) 
PARAMETRIC_REPRESENTATION_CONTEXT() REPRESENTATION_CONTEXT('2D SPACE',''
  ) );
#690 = ORIENTED_EDGE('',*,*,#43,.T.);
#691 = ORIENTED_EDGE('',*,*,#692,.T.);
#692 = EDGE_CURVE('',#46,#612,#693,.T.);
#693 = SURFACE_CURVE('',#694,(#731,#737),.PCURVE_S1.);
#694 = B_SPLINE_CURVE_WITH_KNOTS('',3,(#695,#696,#697,#698,#699,#700,
    #701,#702,#703,#704,#705,#706,#707,#708,#709,#710,#711,#712,#713,
    #714,#715,#716,#717,#718,#719,#720,#721,#722,#723,#724,#725,#726,
    #727,#728,#729,#730),.UNSPECIFIED.,.F.,.F.,(4,2,2,2,2,2,2,2,2,2,2,2,
    2,2,2,2,2,4),(-3.388431995423,-3.348425530373,-3.289719465925,
    -3.230052389026,-3.172795566759,-3.113312675834,-3.054791472175,
    -2.996852625905,-2.936611844228,-2.879356166711,-2.820744049672,
    -2.761031843455,-2.703933658016,-2.644676560287,-2.585723392885,
    -2.527982453238,-2.467961116946,-2.442089751427),.UNSPECIFIED.);
#695 = CARTESIAN_POINT('',(1.745999178571E-13,1.5,-0.746937899601));
#696 = CARTESIAN_POINT('',(-0.132827525744,1.5,-0.740547232289));
#697 = CARTESIAN_POINT('',(-0.265296433423,1.482361866055,
    -0.733683870832));
#698 = CARTESIAN_POINT('',(-0.582745939576,1.395955072891,
    -0.716010385647));
#699 = CARTESIAN_POINT('',(-0.759665703482,1.308123097358,
    -0.705058552439));
#700 = CARTESIAN_POINT('',(-1.072322264142,1.067551616062,
    -0.683333315504));
#701 = CARTESIAN_POINT('',(-1.204184645646,0.91619954038,-0.672837874067
    ));
#702 = CARTESIAN_POINT('',(-1.397220546693,0.57804122029,-0.654051300729
    ));
#703 = CARTESIAN_POINT('',(-1.459296580657,0.395962179566,
    -0.643935798466));
#704 = CARTESIAN_POINT('',(-1.512974025848,1.105423312174E-02,
    -0.622552023664));
#705 = CARTESIAN_POINT('',(-1.501219885926,-0.188564756043,
    -0.611462079821));
#706 = CARTESIAN_POINT('',(-1.401657989045,-0.568607809505,
    -0.590348576851));
#707 = CARTESIAN_POINT('',(-1.316053019289,-0.745624961155,
    -0.581211392204));
#708 = CARTESIAN_POINT('',(-1.083093061433,-1.055514078907,
    -0.561395069958));
#709 = CARTESIAN_POINT('',(-0.938555100156,-1.185874384895,
    -0.550819864442));
#710 = CARTESIAN_POINT('',(-0.601532809306,-1.388652353346,
    -0.528972150568));
#711 = CARTESIAN_POINT('',(-0.41072889821,-1.456542214216,
    -0.517906263646));
#712 = CARTESIAN_POINT('',(-2.353411238038E-02,-1.51187729476,
    -0.497740260257));
#713 = CARTESIAN_POINT('',(0.168532172387,-1.502640393064,
    -0.488902735929));
#714 = CARTESIAN_POINT('',(0.543382052591,-1.411668878021,-0.46834077613
    ));
#715 = CARTESIAN_POINT('',(0.722202362558,-1.329093343718,
    -0.457443515113));
#716 = CARTESIAN_POINT('',(1.041133346079,-1.09797496766,-0.435678986124
    ));
#717 = CARTESIAN_POINT('',(1.177331181903,-0.950486428086,
    -0.425029260815));
#718 = CARTESIAN_POINT('',(1.379771875979,-0.618366564936,
    -0.406063776626));
#719 = CARTESIAN_POINT('',(1.446992900598,-0.438635653423,
    -0.396306547014));
#720 = CARTESIAN_POINT('',(1.511883789454,-5.644057418182E-02,
    -0.375073487056));
#721 = CARTESIAN_POINT('',(1.506180774095,0.142829010308,-0.364002954584
    ));
#722 = CARTESIAN_POINT('',(1.41814851417,0.526722510674,-0.342675537897)
  );
#723 = CARTESIAN_POINT('',(1.337083017033,0.707655762776,-0.333277898398
    ));
#724 = CARTESIAN_POINT('',(1.112177413059,1.024724002956,-0.313649671365
    ));
#725 = CARTESIAN_POINT('',(0.971763217993,1.158730066307,-0.303171599607
    ));
#726 = CARTESIAN_POINT('',(0.641651304485,1.370489429226,-0.281406878237
    ));
#727 = CARTESIAN_POINT('',(0.453495026736,1.443715220164,-0.270320155355
    ));
#728 = CARTESIAN_POINT('',(0.171604633666,1.492641356127,-0.255398638162
    ));
#729 = CARTESIAN_POINT('',(8.578986116771E-02,1.5,-0.251065466221));
#730 = CARTESIAN_POINT('',(6.994405055139E-15,1.5,-0.246937899601));
#731 = PCURVE('',#66,#732);
#732 = DEFINITIONAL_REPRESENTATION('',(#733),#736);
#733 = B_SPLINE_CURVE_WITH_KNOTS('',1,(#734,#735),.UNSPECIFIED.,.F.,.F.,
  (2,2),(-3.388431995423,-2.442089751427),.PIECEWISE_BEZIER_KNOTS.);
#734 = CARTESIAN_POINT('',(3.14159265359,0.506124200797));
#735 = CARTESIAN_POINT('',(9.424777960769,1.006124200797));
#736 = ( GEOMETRIC_REPRESENTATION_CONTEXT(2) 
PARAMETRIC_REPRESENTATION_CONTEXT() REPRESENTATION_CONTEXT('2D SPACE',''
  ) );
#737 = PCURVE('',#362,#738);
#738 = DEFINITIONAL_REPRESENTATION('',(#739),#742);
#739 = B_SPLINE_CURVE_WITH_KNOTS('',1,(#740,#741),.UNSPECIFIED.,.F.,.F.,
  (2,2),(-3.388431995423,-2.442089751427),.PIECEWISE_BEZIER_KNOTS.);
#740 = CARTESIAN_POINT('',(-9.873337293874E-15,0.285714285714));
#741 = CARTESIAN_POINT('',(-9.295570259579E-15,0.428571428571));
#742 = ( GEOMETRIC_REPRESENTATION_CONTEXT(2) 
PARAMETRIC_REPRESENTATION_CONTEXT() REPRESENTATION_CONTEXT('2D SPACE',''
  ) );
#743 = ADVANCED_FACE('',(#744),#627,.T.);
#744 = FACE_BOUND('',#745,.T.);
#745 = EDGE_LOOP('',(#746,#776,#828,#829));
#746 = ORIENTED_EDGE('',*,*,#747,.F.);
#747 = EDGE_CURVE('',#748,#750,#752,.T.);
#748 = VERTEX_POINT('',#749);
#749 = CARTESIAN_POINT('',(-3.506369272458E-14,1.5,0.315562100399));
#750 = VERTEX_POINT('',#751);
#751 = CARTESIAN_POINT('',(-2.465505329539E-14,1.5,0.253062100399));
#752 = SURFACE_CURVE('',#753,(#757,#764),.PCURVE_S1.);
#753 = LINE('',#754,#755);
#754 = CARTESIAN_POINT('',(-1.836970198721E-16,1.5,-1.253062100399));
#755 = VECTOR('',#756,1.);
#756 = DIRECTION('',(0.,7.949183622941E-17,-1.));
#757 = PCURVE('',#627,#758);
#758 = DEFINITIONAL_REPRESENTATION('',(#759),#763);
#759 = LINE('',#760,#761);
#760 = CARTESIAN_POINT('',(3.14159265359,-2.22044604925E-16));
#761 = VECTOR('',#762,1.);
#762 = DIRECTION('',(0.,-1.));
#763 = ( GEOMETRIC_REPRESENTATION_CONTEXT(2) 
PARAMETRIC_REPRESENTATION_CONTEXT() REPRESENTATION_CONTEXT('2D SPACE',''
  ) );
#764 = PCURVE('',#765,#770);
#765 = CYLINDRICAL_SURFACE('',#766,1.5);
#766 = AXIS2_PLACEMENT_3D('',#767,#768,#769);
#767 = CARTESIAN_POINT('',(0.,-2.213789102784E-17,-1.253062100399));
#768 = DIRECTION('',(0.,-7.949183622941E-17,1.));
#769 = DIRECTION('',(0.,-1.,-7.949183622941E-17));
#770 = DEFINITIONAL_REPRESENTATION('',(#771),#775);
#771 = LINE('',#772,#773);
#772 = CARTESIAN_POINT('',(-3.14159265359,-2.22044604925E-16));
#773 = VECTOR('',#774,1.);
#774 = DIRECTION('',(0.,-1.));
#775 = ( GEOMETRIC_REPRESENTATION_CONTEXT(2) 
PARAMETRIC_REPRESENTATION_CONTEXT() REPRESENTATION_CONTEXT('2D SPACE',''
  ) );
#776 = ORIENTED_EDGE('',*,*,#777,.T.);
#777 = EDGE_CURVE('',#748,#610,#778,.T.);
#778 = SURFACE_CURVE('',#779,(#816,#822),.PCURVE_S1.);
#779 = B_SPLINE_CURVE_WITH_KNOTS('',3,(#780,#781,#782,#783,#784,#785,
    #786,#787,#788,#789,#790,#791,#792,#793,#794,#795,#796,#797,#798,
    #799,#800,#801,#802,#803,#804,#805,#806,#807,#808,#809,#810,#811,
    #812,#813,#814,#815),.UNSPECIFIED.,.F.,.F.,(4,2,2,2,2,2,2,2,2,2,2,2,
    2,2,2,2,2,4),(-2.620266036949,-2.584414185894,-2.525789411395,
    -2.466062752848,-2.408951686173,-2.349681749129,-2.290709842099,
    -2.232956185076,-2.172921741474,-2.115484312863,-2.057059859111,
    -1.997355022116,-1.937596728188,-1.878602443122,-1.821598720358,
    -1.761895482764,-1.703549639656,-1.673906384458),.UNSPECIFIED.);
#780 = CARTESIAN_POINT('',(-6.911138328292E-14,1.5,0.315562100399));
#781 = CARTESIAN_POINT('',(0.11881646225,1.5,0.309845540693));
#782 = CARTESIAN_POINT('',(0.237444405524,1.485886416972,0.303746007138)
  );
#783 = CARTESIAN_POINT('',(0.543035224939,1.411801680633,0.286985352641)
  );
#784 = CARTESIAN_POINT('',(0.721871514538,1.329272368572,0.276088606756)
  );
#785 = CARTESIAN_POINT('',(1.040857108231,1.098236900051,0.25432375332)
  );
#786 = CARTESIAN_POINT('',(1.177092246443,0.950782373194,0.243673178097)
  );
#787 = CARTESIAN_POINT('',(1.379615027549,0.618715550371,0.224705217837)
  );
#788 = CARTESIAN_POINT('',(1.446880541944,0.439004730993,0.21495125212)
  );
#789 = CARTESIAN_POINT('',(1.511868358245,5.683461455355E-02,
    0.193719578985));
#790 = CARTESIAN_POINT('',(1.506217769232,-0.142431154156,0.182649258501
    ));
#791 = CARTESIAN_POINT('',(1.418286078645,-0.526357474113,0.161320018503
    ));
#792 = CARTESIAN_POINT('',(1.337260147792,-0.707325019186,0.151919808724
    ));
#793 = CARTESIAN_POINT('',(1.112424370195,-1.024455054573,0.132293224681
    ));
#794 = CARTESIAN_POINT('',(0.972046117419,-1.158491996318,0.121816024464
    ));
#795 = CARTESIAN_POINT('',(0.641994785459,-1.370327814056,0.100052094081
    ));
#796 = CARTESIAN_POINT('',(0.453861952167,-1.443599193663,
    8.896523281839E-02));
#797 = CARTESIAN_POINT('',(6.844361630269E-02,-1.510596414025,
    6.856075058927E-02));
#798 = CARTESIAN_POINT('',(-0.124505558282,-1.507012238008,
    5.976660832185E-02));
#799 = CARTESIAN_POINT('',(-0.5019322291,-1.426856624588,
    3.938111433828E-02));
#800 = CARTESIAN_POINT('',(-0.682569849508,-1.349794102956,
    2.854955717339E-02));
#801 = CARTESIAN_POINT('',(-1.007839634276,-1.12861949318,
    6.756268196702E-03));
#802 = CARTESIAN_POINT('',(-1.148409799272,-0.985241525722,
    -3.989638338319E-03));
#803 = CARTESIAN_POINT('',(-1.36555883265,-0.651817345979,
    -2.369900884852E-02));
#804 = CARTESIAN_POINT('',(-1.439921884242,-0.465049428028,
    -3.360182026656E-02));
#805 = CARTESIAN_POINT('',(-1.510924998295,-7.579172812426E-02,
    -5.522724803897E-02));
#806 = CARTESIAN_POINT('',(-1.50784535849,0.122647712044,
    -6.625166138165E-02));
#807 = CARTESIAN_POINT('',(-1.42671974839,0.500546980716,
    -8.724606519677E-02));
#808 = CARTESIAN_POINT('',(-1.351957220056,0.676954002891,
    -9.652943871514E-02));
#809 = CARTESIAN_POINT('',(-1.135622720462,0.999955922846,
    -0.115910112734));
#810 = CARTESIAN_POINT('',(-0.993206741396,1.141520447821,
    -0.126694452638));
#811 = CARTESIAN_POINT('',(-0.665300083079,1.358354658249,
    -0.148494041604));
#812 = CARTESIAN_POINT('',(-0.483930286204,1.433029700441,
    -0.159294506752));
#813 = CARTESIAN_POINT('',(-0.196533650267,1.490342929996,-0.174713918)
  );
#814 = CARTESIAN_POINT('',(-9.828038092313E-02,1.5,-0.17970938257));
#815 = CARTESIAN_POINT('',(0.,1.5,-0.184437899601));
#816 = PCURVE('',#627,#817);
#817 = DEFINITIONAL_REPRESENTATION('',(#818),#821);
#818 = B_SPLINE_CURVE_WITH_KNOTS('',1,(#819,#820),.UNSPECIFIED.,.F.,.F.,
  (2,2),(-2.620266036949,-1.673906384458),.PIECEWISE_BEZIER_KNOTS.);
#819 = CARTESIAN_POINT('',(3.14159265359,1.568624200797));
#820 = CARTESIAN_POINT('',(-3.14159265359,1.068624200797));
#821 = ( GEOMETRIC_REPRESENTATION_CONTEXT(2) 
PARAMETRIC_REPRESENTATION_CONTEXT() REPRESENTATION_CONTEXT('2D SPACE',''
  ) );
#822 = PCURVE('',#120,#823);
#823 = DEFINITIONAL_REPRESENTATION('',(#824),#827);
#824 = B_SPLINE_CURVE_WITH_KNOTS('',1,(#825,#826),.UNSPECIFIED.,.F.,.F.,
  (2,2),(-2.620266036949,-1.673906384458),.PIECEWISE_BEZIER_KNOTS.);
#825 = CARTESIAN_POINT('',(1.,0.714285714286));
#826 = CARTESIAN_POINT('',(1.,0.571428571429));
#827 = ( GEOMETRIC_REPRESENTATION_CONTEXT(2) 
PARAMETRIC_REPRESENTATION_CONTEXT() REPRESENTATION_CONTEXT('2D SPACE',''
  ) );
#828 = ORIENTED_EDGE('',*,*,#609,.T.);
#829 = ORIENTED_EDGE('',*,*,#830,.T.);
#830 = EDGE_CURVE('',#612,#750,#831,.T.);
#831 = SURFACE_CURVE('',#832,(#869,#875),.PCURVE_S1.);
#832 = B_SPLINE_CURVE_WITH_KNOTS('',3,(#833,#834,#835,#836,#837,#838,
    #839,#840,#841,#842,#843,#844,#845,#846,#847,#848,#849,#850,#851,
    #852,#853,#854,#855,#856,#857,#858,#859,#860,#861,#862,#863,#864,
    #865,#866,#867,#868),.UNSPECIFIED.,.F.,.F.,(4,2,2,2,2,2,2,2,2,2,2,2,
    2,2,2,2,2,4),(-2.442089751427,-2.410539736796,-2.352128154283,
    -2.292438023464,-2.23543609241,-2.176377176906,-2.116893199851,
    -2.059319376314,-1.99948413717,-1.942001741043,-1.882035444048,
    -1.824344067974,-1.765256301838,-1.706056947776,-1.648995654012,
    -1.589293404233,-1.530739707343,-1.496034281482),.UNSPECIFIED.);
#833 = CARTESIAN_POINT('',(6.73072708679E-15,1.5,-0.246937899601));
#834 = CARTESIAN_POINT('',(-0.104620352299,1.5,-0.241904350555));
#835 = CARTESIAN_POINT('',(-0.20917407863,1.489057057594,-0.236570036429
    ));
#836 = CARTESIAN_POINT('',(-0.502285555302,1.426732927355,
    -0.220736478092));
#837 = CARTESIAN_POINT('',(-0.682908463199,1.349623505198,
    -0.209904325991));
#838 = CARTESIAN_POINT('',(-1.008125797566,1.128363835794,
    -0.188111197768));
#839 = CARTESIAN_POINT('',(-1.148659415666,0.984950444507,
    -0.177366065601));
#840 = CARTESIAN_POINT('',(-1.36074093822,0.659126826216,-0.158111632526
    ));
#841 = CARTESIAN_POINT('',(-1.433191592643,0.481718442511,
    -0.148700035296));
#842 = CARTESIAN_POINT('',(-1.509383463699,0.10248959902,-0.127631766214
    ));
#843 = CARTESIAN_POINT('',(-1.509794581983,-9.624291115746E-02,
    -0.116591071204));
#844 = CARTESIAN_POINT('',(-1.433577055469,-0.48389966676,
    -9.505458478143E-02));
#845 = CARTESIAN_POINT('',(-1.357160227998,-0.668875484344,
    -8.532109361696E-02));
#846 = CARTESIAN_POINT('',(-1.140408450959,-0.993108630226,
    -6.588614260742E-02));
#847 = CARTESIAN_POINT('',(-1.004210371717,-1.130635705536,
    -5.551311292823E-02));
#848 = CARTESIAN_POINT('',(-0.681244432993,-1.351157766685,
    -3.384879414675E-02));
#849 = CARTESIAN_POINT('',(-0.495879685597,-1.429627804748,
    -2.275070529996E-02));
#850 = CARTESIAN_POINT('',(-0.112986152008,-1.507946675463,
    -2.153207389374E-03));
#851 = CARTESIAN_POINT('',(8.020579648894E-02,-1.510044780419,
    6.641981903052E-03));
#852 = CARTESIAN_POINT('',(0.465135378823,-1.439984282258,
    2.710804001695E-02));
#853 = CARTESIAN_POINT('',(0.652541799492,-1.365313839507,
    3.81988146007E-02));
#854 = CARTESIAN_POINT('',(0.980720989498,-1.151134068805,
    5.993778131677E-02));
#855 = CARTESIAN_POINT('',(1.119990243949,-1.016151777959,
    7.038788452474E-02));
#856 = CARTESIAN_POINT('',(1.342674378825,-0.69712128808,
    8.996373801149E-02));
#857 = CARTESIAN_POINT('',(1.42247914626,-0.51509422122,
    9.944575477522E-02));
#858 = CARTESIAN_POINT('',(1.50730671433,-0.130161502782,0.1208309058));
#859 = CARTESIAN_POINT('',(1.511342290843,6.898005140676E-02,
    0.131894325477));
#860 = CARTESIAN_POINT('',(1.443368999997,0.450377192059,0.153083055513)
  );
#861 = CARTESIAN_POINT('',(1.374730172934,0.62947061028,0.162738992178)
  );
#862 = CARTESIAN_POINT('',(1.169673906612,0.959895692557,0.181783240899)
  );
#863 = CARTESIAN_POINT('',(1.032290667074,1.106294659064,0.192459733052)
  );
#864 = CARTESIAN_POINT('',(0.711628654823,1.334762493507,0.214233920044)
  );
#865 = CARTESIAN_POINT('',(0.532304466556,1.415862479002,0.225114436449)
  );
#866 = CARTESIAN_POINT('',(0.229970774565,1.486764345271,0.241629969273)
  );
#867 = CARTESIAN_POINT('',(0.115061159534,1.5,0.247526217779));
#868 = CARTESIAN_POINT('',(-4.947431353486E-14,1.5,0.253062100399));
#869 = PCURVE('',#627,#870);
#870 = DEFINITIONAL_REPRESENTATION('',(#871),#874);
#871 = B_SPLINE_CURVE_WITH_KNOTS('',1,(#872,#873),.UNSPECIFIED.,.F.,.F.,
  (2,2),(-2.442089751427,-1.496034281482),.PIECEWISE_BEZIER_KNOTS.);
#872 = CARTESIAN_POINT('',(-3.14159265359,1.006124200797));
#873 = CARTESIAN_POINT('',(3.14159265359,1.506124200797));
#874 = ( GEOMETRIC_REPRESENTATION_CONTEXT(2) 
PARAMETRIC_REPRESENTATION_CONTEXT() REPRESENTATION_CONTEXT('2D SPACE',''
  ) );
#875 = PCURVE('',#362,#876);
#876 = DEFINITIONAL_REPRESENTATION('',(#877),#880);
#877 = B_SPLINE_CURVE_WITH_KNOTS('',1,(#878,#879),.UNSPECIFIED.,.F.,.F.,
  (2,2),(-2.442089751427,-1.496034281482),.PIECEWISE_BEZIER_KNOTS.);
#878 = CARTESIAN_POINT('',(-9.27868462536E-15,0.428571428571));
#879 = CARTESIAN_POINT('',(-8.330045431456E-15,0.571428571429));
#880 = ( GEOMETRIC_REPRESENTATION_CONTEXT(2) 
PARAMETRIC_REPRESENTATION_CONTEXT() REPRESENTATION_CONTEXT('2D SPACE',''
  ) );
#881 = ADVANCED_FACE('',(#882),#765,.T.);
#882 = FACE_BOUND('',#883,.T.);
#883 = EDGE_LOOP('',(#884,#914,#966,#967));
#884 = ORIENTED_EDGE('',*,*,#885,.F.);
#885 = EDGE_CURVE('',#886,#888,#890,.T.);
#886 = VERTEX_POINT('',#887);
#887 = CARTESIAN_POINT('',(-1.050420747928E-13,1.5,0.815562100399));
#888 = VERTEX_POINT('',#889);
#889 = CARTESIAN_POINT('',(-1.050058710003E-13,1.5,0.753062100399));
#890 = SURFACE_CURVE('',#891,(#895,#902),.PCURVE_S1.);
#891 = LINE('',#892,#893);
#892 = CARTESIAN_POINT('',(-1.836970198721E-16,1.5,-1.253062100399));
#893 = VECTOR('',#894,1.);
#894 = DIRECTION('',(0.,7.949183622941E-17,-1.));
#895 = PCURVE('',#765,#896);
#896 = DEFINITIONAL_REPRESENTATION('',(#897),#901);
#897 = LINE('',#898,#899);
#898 = CARTESIAN_POINT('',(3.14159265359,0.));
#899 = VECTOR('',#900,1.);
#900 = DIRECTION('',(0.,-1.));
#901 = ( GEOMETRIC_REPRESENTATION_CONTEXT(2) 
PARAMETRIC_REPRESENTATION_CONTEXT() REPRESENTATION_CONTEXT('2D SPACE',''
  ) );
#902 = PCURVE('',#903,#908);
#903 = CYLINDRICAL_SURFACE('',#904,1.5);
#904 = AXIS2_PLACEMENT_3D('',#905,#906,#907);
#905 = CARTESIAN_POINT('',(0.,-2.213789102784E-17,-1.253062100399));
#906 = DIRECTION('',(0.,-7.949183622941E-17,1.));
#907 = DIRECTION('',(0.,-1.,-7.949183622941E-17));
#908 = DEFINITIONAL_REPRESENTATION('',(#909),#913);
#909 = LINE('',#910,#911);
#910 = CARTESIAN_POINT('',(3.14159265359,0.));
#911 = VECTOR('',#912,1.);
#912 = DIRECTION('',(0.,-1.));
#913 = ( GEOMETRIC_REPRESENTATION_CONTEXT(2) 
PARAMETRIC_REPRESENTATION_CONTEXT() REPRESENTATION_CONTEXT('2D SPACE',''
  ) );
#914 = ORIENTED_EDGE('',*,*,#915,.T.);
#915 = EDGE_CURVE('',#886,#748,#916,.T.);
#916 = SURFACE_CURVE('',#917,(#954,#960),.PCURVE_S1.);
#917 = B_SPLINE_CURVE_WITH_KNOTS('',3,(#918,#919,#920,#921,#922,#923,
    #924,#925,#926,#927,#928,#929,#930,#931,#932,#933,#934,#935,#936,
    #937,#938,#939,#940,#941,#942,#943,#944,#945,#946,#947,#948,#949,
    #950,#951,#952,#953),.UNSPECIFIED.,.F.,.F.,(4,2,2,2,2,2,2,2,2,2,2,2,
    2,2,2,2,2,4),(-3.56645376519,-3.52247292129,-3.463633857484,
    -3.403499356941,-3.346106652666,-3.286471645238,-3.228438071249,
    -3.170371481178,-3.11066921079,-3.053593226612,-2.994874675482,
    -2.935193635457,-2.877924530899,-2.818428959374,-2.759890062687,
    -2.701938693954,-2.641685013318,-2.620266036949),.UNSPECIFIED.);
#918 = CARTESIAN_POINT('',(-2.103178742274E-13,1.5,0.815562100399));
#919 = CARTESIAN_POINT('',(0.146160296712,1.5,0.808529959844));
#920 = CARTESIAN_POINT('',(0.291750371367,1.478642961496,0.800932003042)
  );
#921 = CARTESIAN_POINT('',(0.620033330941,1.379871458231,0.782393828917)
  );
#922 = CARTESIAN_POINT('',(0.794989906582,1.287040997317,0.771397602832)
  );
#923 = CARTESIAN_POINT('',(1.102582745406,1.036584765271,0.749641417917)
  );
#924 = CARTESIAN_POINT('',(1.231062274805,0.880138209378,0.739458667586)
  );
#925 = CARTESIAN_POINT('',(1.414648201928,0.534181257672,0.720238836936)
  );
#926 = CARTESIAN_POINT('',(1.471152075517,0.349668707534,0.709988139706)
  );
#927 = CARTESIAN_POINT('',(1.512622245203,-3.798520789014E-02,
    0.688451811071));
#928 = CARTESIAN_POINT('',(1.494301676843,-0.237780544584,0.677352070144
    ));
#929 = CARTESIAN_POINT('',(1.382386639839,-0.613508358718,0.656478302692
    ));
#930 = CARTESIAN_POINT('',(1.291900961201,-0.78636741325,0.647541841785)
  );
#931 = CARTESIAN_POINT('',(1.050200146418,-1.088349209013,0.627524622696
    ));
#932 = CARTESIAN_POINT('',(0.90124408337,-1.214565298489,0.616851968285)
  );
#933 = CARTESIAN_POINT('',(0.558911170894,-1.406117116056,0.595060584533
    ));
#934 = CARTESIAN_POINT('',(0.3677561244,-1.467760523026,0.58415131621));
#935 = CARTESIAN_POINT('',(-1.880491917302E-02,-1.511888721336,
    0.564327106044));
#936 = CARTESIAN_POINT('',(-0.210103582665,-1.497339755544,
    0.555379591385));
#937 = CARTESIAN_POINT('',(-0.582422570115,-1.396089395709,
    0.534653875754));
#938 = CARTESIAN_POINT('',(-0.759358657416,-1.30830068569,0.523702459006
    ));
#939 = CARTESIAN_POINT('',(-1.072068483665,-1.067806405985,
    0.501976803818));
#940 = CARTESIAN_POINT('',(-1.203966475194,-0.916486040538,0.49147799154
    ));
#941 = CARTESIAN_POINT('',(-1.397080397535,-0.57837838496,0.472694232896
    ));
#942 = CARTESIAN_POINT('',(-1.459199170681,-0.396318823006,
    0.462579812788));
#943 = CARTESIAN_POINT('',(-1.512970555477,-1.143359069412E-02,
    0.441197299882));
#944 = CARTESIAN_POINT('',(-1.501267096949,0.188183218887,0.430107477127
    ));
#945 = CARTESIAN_POINT('',(-1.401801153091,0.568259029541,0.408992154313
    ));
#946 = CARTESIAN_POINT('',(-1.316234006872,0.745308639086,0.399853087495
    ));
#947 = CARTESIAN_POINT('',(-1.083341487813,1.055258290742,0.380038328401
    ));
#948 = CARTESIAN_POINT('',(-0.938837859412,1.185649812839,0.369463907613
    ));
#949 = CARTESIAN_POINT('',(-0.601872763929,1.388504312503,0.347616819685
    ));
#950 = CARTESIAN_POINT('',(-0.411090542214,1.456439481742,0.336550717729
    ));
#951 = CARTESIAN_POINT('',(-0.142022757776,1.494961835647,0.322535122528
    ));
#952 = CARTESIAN_POINT('',(-7.098453558902E-02,1.5,0.318977345459));
#953 = CARTESIAN_POINT('',(-6.994368842929E-14,1.5,0.315562100399));
#954 = PCURVE('',#765,#955);
#955 = DEFINITIONAL_REPRESENTATION('',(#956),#959);
#956 = B_SPLINE_CURVE_WITH_KNOTS('',1,(#957,#958),.UNSPECIFIED.,.F.,.F.,
  (2,2),(-3.56645376519,-2.620266036949),.PIECEWISE_BEZIER_KNOTS.);
#957 = CARTESIAN_POINT('',(3.14159265359,2.068624200797));
#958 = CARTESIAN_POINT('',(-3.14159265359,1.568624200797));
#959 = ( GEOMETRIC_REPRESENTATION_CONTEXT(2) 
PARAMETRIC_REPRESENTATION_CONTEXT() REPRESENTATION_CONTEXT('2D SPACE',''
  ) );
#960 = PCURVE('',#120,#961);
#961 = DEFINITIONAL_REPRESENTATION('',(#962),#965);
#962 = B_SPLINE_CURVE_WITH_KNOTS('',1,(#963,#964),.UNSPECIFIED.,.F.,.F.,
  (2,2),(-3.56645376519,-2.620266036949),.PIECEWISE_BEZIER_KNOTS.);
#963 = CARTESIAN_POINT('',(1.,0.857142857143));
#964 = CARTESIAN_POINT('',(1.,0.714285714286));
#965 = ( GEOMETRIC_REPRESENTATION_CONTEXT(2) 
PARAMETRIC_REPRESENTATION_CONTEXT() REPRESENTATION_CONTEXT('2D SPACE',''
  ) );
#966 = ORIENTED_EDGE('',*,*,#747,.T.);
#967 = ORIENTED_EDGE('',*,*,#968,.T.);
#968 = EDGE_CURVE('',#750,#888,#969,.T.);
#969 = SURFACE_CURVE('',#970,(#1007,#1013),.PCURVE_S1.);
#970 = B_SPLINE_CURVE_WITH_KNOTS('',3,(#971,#972,#973,#974,#975,#976,
    #977,#978,#979,#980,#981,#982,#983,#984,#985,#986,#987,#988,#989,
    #990,#991,#992,#993,#994,#995,#996,#997,#998,#999,#1000,#1001,#1002,
    #1003,#1004,#1005,#1006),.UNSPECIFIED.,.F.,.F.,(4,2,2,2,2,2,2,2,2,2,
    2,2,2,2,2,2,2,4),(-1.496034281482,-1.473449907754,-1.413272702283,
    -1.355391331863,-1.296764694952,-1.237346540425,-1.180117688974,
    -1.120370533045,-1.061595263627,-1.004396633117,-0.943978996197,
    -0.88588010641,-0.827601511511,-0.767940466236,-0.710518769632,
    -0.650776328518,-0.591893262912,-0.54898553038),.UNSPECIFIED.);
#971 = CARTESIAN_POINT('',(-4.91264095709E-14,1.5,0.253062100399));
#972 = CARTESIAN_POINT('',(-7.487544566943E-02,1.5,0.256664546958));
#973 = CARTESIAN_POINT('',(-0.149799926356,1.494394447557,0.260425062506
    ));
#974 = CARTESIAN_POINT('',(-0.422273623798,1.45321470587,0.2746783411));
#975 = CARTESIAN_POINT('',(-0.612379289684,1.383880033314,0.285750767341
    ));
#976 = CARTESIAN_POINT('',(-0.947565354967,1.178663843176,0.307577864152
    ));
#977 = CARTESIAN_POINT('',(-1.091002801718,1.04731026597,0.318127712004)
  );
#978 = CARTESIAN_POINT('',(-1.32180443223,0.735487369783,0.337893907746)
  );
#979 = CARTESIAN_POINT('',(-1.406197433831,0.557428616358,0.347093843934
    ));
#980 = CARTESIAN_POINT('',(-1.502683529408,0.176341435979,0.368265353955
    ));
#981 = CARTESIAN_POINT('',(-1.512815682595,-2.320155452451E-02,
    0.37935107565));
#982 = CARTESIAN_POINT('',(-1.456118439717,-0.407476198633,
    0.400699666989));
#983 = CARTESIAN_POINT('',(-1.392637421078,-0.588916305752,
    0.410750920841));
#984 = CARTESIAN_POINT('',(-1.197098016301,-0.925461645607,
    0.429507296502));
#985 = CARTESIAN_POINT('',(-1.064058639316,-1.075767221578,0.4400833114)
  );
#986 = CARTESIAN_POINT('',(-0.749783349093,-1.313790832093,0.46181565531
    ));
#987 = CARTESIAN_POINT('',(-0.572344484782,-1.400231842431,
    0.472753825825));
#988 = CARTESIAN_POINT('',(-0.199361971405,-1.498819149346,0.49343749167
    ));
#989 = CARTESIAN_POINT('',(-7.87112510057E-03,-1.511996908042,
    0.50235015327));
#990 = CARTESIAN_POINT('',(0.380485686574,-1.464792138843,0.522346222672
    ));
#991 = CARTESIAN_POINT('',(0.573061735946,-1.400702458691,0.533391811061
    ));
#992 = CARTESIAN_POINT('',(0.914793241106,-1.204359349565,0.555287351022
    ));
#993 = CARTESIAN_POINT('',(1.062170283431,-1.076632624282,0.565925996868
    ));
#994 = CARTESIAN_POINT('',(1.300732148971,-0.771797101788,0.585871463378
    ));
#995 = CARTESIAN_POINT('',(1.389469674836,-0.597456063727,0.594870096858
    ));
#996 = CARTESIAN_POINT('',(1.49696759896,-0.22016304732,0.615830819992)
  );
#997 = CARTESIAN_POINT('',(1.51293100371,-2.04068439662E-02,
    0.626928386845));
#998 = CARTESIAN_POINT('',(1.467070521658,0.366306228511,0.648412446427)
  );
#999 = CARTESIAN_POINT('',(1.408558482724,0.549965778944,0.658615754784)
  );
#1000 = CARTESIAN_POINT('',(1.22203746334,0.892263255566,0.677632281263)
  );
#1001 = CARTESIAN_POINT('',(1.093153106411,1.046217361625,0.687862673756
    ));
#1002 = CARTESIAN_POINT('',(0.784974632635,1.293151010477,0.709549185512
    ));
#1003 = CARTESIAN_POINT('',(0.609444059599,1.384560001078,0.720533542773
    ));
#1004 = CARTESIAN_POINT('',(0.284206294994,1.479740549951,0.738825456154
    ));
#1005 = CARTESIAN_POINT('',(0.142355510209,1.5,0.74621301772));
#1006 = CARTESIAN_POINT('',(-2.095199014285E-13,1.5,0.753062100399));
#1007 = PCURVE('',#765,#1008);
#1008 = DEFINITIONAL_REPRESENTATION('',(#1009),#1012);
#1009 = B_SPLINE_CURVE_WITH_KNOTS('',1,(#1010,#1011),.UNSPECIFIED.,.F.,
  .F.,(2,2),(-1.496034281482,-0.54898553038),.PIECEWISE_BEZIER_KNOTS.);
#1010 = CARTESIAN_POINT('',(-3.14159265359,1.506124200797));
#1011 = CARTESIAN_POINT('',(3.14159265359,2.006124200797));
#1012 = ( GEOMETRIC_REPRESENTATION_CONTEXT(2) 
PARAMETRIC_REPRESENTATION_CONTEXT() REPRESENTATION_CONTEXT('2D SPACE',''
  ) );
#1013 = PCURVE('',#362,#1014);
#1014 = DEFINITIONAL_REPRESENTATION('',(#1015),#1018);
#1015 = B_SPLINE_CURVE_WITH_KNOTS('',1,(#1016,#1017),.UNSPECIFIED.,.F.,
  .F.,(2,2),(-1.496034281482,-0.54898553038),.PIECEWISE_BEZIER_KNOTS.);
#1016 = CARTESIAN_POINT('',(-9.694566878541E-15,0.571428571429));
#1017 = CARTESIAN_POINT('',(-8.657901976977E-15,0.714285714286));
#1018 = ( GEOMETRIC_REPRESENTATION_CONTEXT(2) 
PARAMETRIC_REPRESENTATION_CONTEXT() REPRESENTATION_CONTEXT('2D SPACE',''
  ) );
#1019 = ADVANCED_FACE('',(#1020),#1034,.T.);
#1020 = FACE_BOUND('',#1021,.T.);
#1021 = EDGE_LOOP('',(#1022,#1057,#1093,#1117));
#1022 = ORIENTED_EDGE('',*,*,#1023,.F.);
#1023 = EDGE_CURVE('',#1024,#1026,#1028,.T.);
#1024 = VERTEX_POINT('',#1025);
#1025 = CARTESIAN_POINT('',(1.70138504526E-08,-1.175240473581,
    -1.184437897512));
#1026 = VERTEX_POINT('',#1027);
#1027 = CARTESIAN_POINT('',(1.134498942964E-08,-1.175240473581,
    -1.246937898208));
#1028 = SURFACE_CURVE('',#1029,(#1033,#1045),.PCURVE_S1.);
#1029 = LINE('',#1030,#1031);
#1030 = CARTESIAN_POINT('',(1.439254484199E-16,-1.175240473581,
    -1.965687899601));
#1031 = VECTOR('',#1032,1.);
#1032 = DIRECTION('',(0.,0.,-1.));
#1033 = PCURVE('',#1034,#1039);
#1034 = CYLINDRICAL_SURFACE('',#1035,1.175240473581);
#1035 = AXIS2_PLACEMENT_3D('',#1036,#1037,#1038);
#1036 = CARTESIAN_POINT('',(0.,2.775557561563E-16,-1.965687899601));
#1037 = DIRECTION('',(0.,0.,1.));
#1038 = DIRECTION('',(0.,1.,0.));
#1039 = DEFINITIONAL_REPRESENTATION('',(#1040),#1044);
#1040 = LINE('',#1041,#1042);
#1041 = CARTESIAN_POINT('',(3.14159265359,0.));
#1042 = VECTOR('',#1043,1.);
#1043 = DIRECTION('',(0.,-1.));
#1044 = ( GEOMETRIC_REPRESENTATION_CONTEXT(2) 
PARAMETRIC_REPRESENTATION_CONTEXT() REPRESENTATION_CONTEXT('2D SPACE',''
  ) );
#1045 = PCURVE('',#1046,#1051);
#1046 = CYLINDRICAL_SURFACE('',#1047,1.175240473581);
#1047 = AXIS2_PLACEMENT_3D('',#1048,#1049,#1050);
#1048 = CARTESIAN_POINT('',(0.,2.775557561563E-16,-1.965687899601));
#1049 = DIRECTION('',(0.,0.,1.));
#1050 = DIRECTION('',(0.,1.,0.));
#1051 = DEFINITIONAL_REPRESENTATION('',(#1052),#1056);
#1052 = LINE('',#1053,#1054);
#1053 = CARTESIAN_POINT('',(-3.14159265359,0.));
#1054 = VECTOR('',#1055,1.);
#1055 = DIRECTION('',(0.,-1.));
#1056 = ( GEOMETRIC_REPRESENTATION_CONTEXT(2) 
PARAMETRIC_REPRESENTATION_CONTEXT() REPRESENTATION_CONTEXT('2D SPACE',''
  ) );
#1057 = ORIENTED_EDGE('',*,*,#1058,.T.);
#1058 = EDGE_CURVE('',#1024,#1059,#1061,.T.);
#1059 = VERTEX_POINT('',#1060);
#1060 = CARTESIAN_POINT('',(-0.57691885394,1.023891989768,
    -1.393644785463));
#1061 = SURFACE_CURVE('',#1062,(#1081,#1087),.PCURVE_S1.);
#1062 = B_SPLINE_CURVE_WITH_KNOTS('',3,(#1063,#1064,#1065,#1066,#1067,
    #1068,#1069,#1070,#1071,#1072,#1073,#1074,#1075,#1076,#1077,#1078,
    #1079,#1080),.UNSPECIFIED.,.F.,.F.,(4,2,2,2,2,2,2,2,4),(
    3.616350203936,3.616788957959,3.663646920434,3.709747714558,
    3.754620708492,3.801999394573,3.847571424147,3.886454965492,
    3.926946257614),.UNSPECIFIED.);
#1063 = CARTESIAN_POINT('',(1.707803169108E-08,-1.175240473581,
    -1.184437898553));
#1064 = CARTESIAN_POINT('',(-1.459529308368E-03,-1.175240473602,
    -1.184527525902));
#1065 = CARTESIAN_POINT('',(-2.919182065893E-03,-1.175237754679,
    -1.184617256177));
#1066 = CARTESIAN_POINT('',(-0.160277179585,-1.174651436371,
    -1.194301031935));
#1067 = CARTESIAN_POINT('',(-0.314465757387,-1.143056914663,
    -1.204889537689));
#1068 = CARTESIAN_POINT('',(-0.599139506541,-1.022605211281,
    -1.226641153432));
#1069 = CARTESIAN_POINT('',(-0.727284340787,-0.935816851631,
    -1.237587201292));
#1070 = CARTESIAN_POINT('',(-0.940148268147,-0.720820058023,
    -1.258281119686));
#1071 = CARTESIAN_POINT('',(-1.023957147338,-0.595789369763,
    -1.267191980351));
#1072 = CARTESIAN_POINT('',(-1.143603306805,-0.313337562102,
    -1.287219924561));
#1073 = CARTESIAN_POINT('',(-1.175248942942,-0.157419245509,
    -1.298275698542));
#1074 = CARTESIAN_POINT('',(-1.17523232384,0.15154051643,-1.320183254831
    ));
#1075 = CARTESIAN_POINT('',(-1.145938279655,0.30162325132,
    -1.330825242455));
#1076 = CARTESIAN_POINT('',(-1.040318400122,0.56182159779,
    -1.349275249944));
#1077 = CARTESIAN_POINT('',(-0.972279988547,0.672740924072,
    -1.356916960341));
#1078 = CARTESIAN_POINT('',(-0.799259227531,0.872069119803,
    -1.374608692224));
#1079 = CARTESIAN_POINT('',(-0.694195310959,0.957811778326,
    -1.384100320608));
#1080 = CARTESIAN_POINT('',(-0.576918853939,1.023891989769,
    -1.393644785464));
#1081 = PCURVE('',#1034,#1082);
#1082 = DEFINITIONAL_REPRESENTATION('',(#1083),#1086);
#1083 = B_SPLINE_CURVE_WITH_KNOTS('',1,(#1084,#1085),.UNSPECIFIED.,.F.,
  .F.,(2,2),(3.616350203936,3.926946257614),.PIECEWISE_BEZIER_KNOTS.);
#1084 = CARTESIAN_POINT('',(3.141592668121,0.781250001049));
#1085 = CARTESIAN_POINT('',(0.513115953262,0.572043114138));
#1086 = ( GEOMETRIC_REPRESENTATION_CONTEXT(2) 
PARAMETRIC_REPRESENTATION_CONTEXT() REPRESENTATION_CONTEXT('2D SPACE',''
  ) );
#1087 = PCURVE('',#362,#1088);
#1088 = DEFINITIONAL_REPRESENTATION('',(#1089),#1092);
#1089 = B_SPLINE_CURVE_WITH_KNOTS('',1,(#1090,#1091),.UNSPECIFIED.,.F.,
  .F.,(2,2),(3.616350203936,3.926946257614),.PIECEWISE_BEZIER_KNOTS.);
#1090 = CARTESIAN_POINT('',(1.,0.214285714632));
#1091 = CARTESIAN_POINT('',(1.,0.154529031049));
#1092 = ( GEOMETRIC_REPRESENTATION_CONTEXT(2) 
PARAMETRIC_REPRESENTATION_CONTEXT() REPRESENTATION_CONTEXT('2D SPACE',''
  ) );
#1093 = ORIENTED_EDGE('',*,*,#1094,.T.);
#1094 = EDGE_CURVE('',#1059,#1095,#1097,.T.);
#1095 = VERTEX_POINT('',#1096);
#1096 = CARTESIAN_POINT('',(-1.134669449332,0.306129729845,
    -1.393644785463));
#1097 = SURFACE_CURVE('',#1098,(#1103,#1110),.PCURVE_S1.);
#1098 = CIRCLE('',#1099,1.175240473581);
#1099 = AXIS2_PLACEMENT_3D('',#1100,#1101,#1102);
#1100 = CARTESIAN_POINT('',(-5.898059818321E-15,-9.71445146547E-16,
    -1.393644785463));
#1101 = DIRECTION('',(1.770175568233E-15,-2.154602119615E-16,1.));
#1102 = DIRECTION('',(-0.965478533831,0.260482630344,1.765190154987E-15)
  );
#1103 = PCURVE('',#1034,#1104);
#1104 = DEFINITIONAL_REPRESENTATION('',(#1105),#1109);
#1105 = LINE('',#1106,#1107);
#1106 = CARTESIAN_POINT('',(-4.975911036791,0.572043114138));
#1107 = VECTOR('',#1108,1.);
#1108 = DIRECTION('',(1.,8.387922161249E-16));
#1109 = ( GEOMETRIC_REPRESENTATION_CONTEXT(2) 
PARAMETRIC_REPRESENTATION_CONTEXT() REPRESENTATION_CONTEXT('2D SPACE',''
  ) );
#1110 = PCURVE('',#314,#1111);
#1111 = DEFINITIONAL_REPRESENTATION('',(#1112),#1116);
#1112 = LINE('',#1113,#1114);
#1113 = CARTESIAN_POINT('',(-1.834318383201,0.353293114138));
#1114 = VECTOR('',#1115,1.);
#1115 = DIRECTION('',(1.,2.669020488128E-15));
#1116 = ( GEOMETRIC_REPRESENTATION_CONTEXT(2) 
PARAMETRIC_REPRESENTATION_CONTEXT() REPRESENTATION_CONTEXT('2D SPACE',''
  ) );
#1117 = ORIENTED_EDGE('',*,*,#1118,.T.);
#1118 = EDGE_CURVE('',#1095,#1026,#1119,.T.);
#1119 = SURFACE_CURVE('',#1120,(#1135,#1141),.PCURVE_S1.);
#1120 = B_SPLINE_CURVE_WITH_KNOTS('',3,(#1121,#1122,#1123,#1124,#1125,
    #1126,#1127,#1128,#1129,#1130,#1131,#1132,#1133,#1134),
  .UNSPECIFIED.,.F.,.F.,(4,2,2,2,2,2,4),(1.000000000023E-06,
    3.948650416937E-02,7.850761339324E-02,0.123363074269,0.169451139533,
    0.216292717545,0.216649552112),.UNSPECIFIED.);
#1121 = CARTESIAN_POINT('',(-1.134669449332,0.306129729846,
    -1.393644785464));
#1122 = CARTESIAN_POINT('',(-1.16887384131,0.179351195039,
    -1.384655239802));
#1123 = CARTESIAN_POINT('',(-1.181586804206,4.775227300445E-02,
    -1.375323892658));
#1124 = CARTESIAN_POINT('',(-1.163104614629,-0.212631676748,
    -1.356860724509));
#1125 = CARTESIAN_POINT('',(-1.132547214683,-0.339666668658,
    -1.347852994122));
#1126 = CARTESIAN_POINT('',(-1.023549115814,-0.596488184556,
    -1.329642429159));
#1127 = CARTESIAN_POINT('',(-0.93965943503,-0.721455691674,
    -1.320728565993));
#1128 = CARTESIAN_POINT('',(-0.726649252706,-0.936311739296,
    -1.300030656393));
#1129 = CARTESIAN_POINT('',(-0.598436377955,-1.023018397816,
    -1.289083326935));
#1130 = CARTESIAN_POINT('',(-0.313670100221,-1.143275381372,
    -1.267332932772));
#1131 = CARTESIAN_POINT('',(-0.159460458655,-1.174762482254,
    -1.256746942011));
#1132 = CARTESIAN_POINT('',(-2.375013875767E-03,-1.175238673841,
    -1.247083807486));
#1133 = CARTESIAN_POINT('',(-1.187465941557E-03,-1.175240473592,
    -1.247010819123));
#1134 = CARTESIAN_POINT('',(1.138775376353E-08,-1.175240473581,
    -1.246937898902));
#1135 = PCURVE('',#1034,#1136);
#1136 = DEFINITIONAL_REPRESENTATION('',(#1137),#1140);
#1137 = B_SPLINE_CURVE_WITH_KNOTS('',1,(#1138,#1139),.UNSPECIFIED.,.F.,
  .F.,(2,2),(1.000000000023E-06,0.216649552112),
  .PIECEWISE_BEZIER_KNOTS.);
#1138 = CARTESIAN_POINT('',(1.307274270387,0.572043114138));
#1139 = CARTESIAN_POINT('',(3.14159266328,0.718750000699));
#1140 = ( GEOMETRIC_REPRESENTATION_CONTEXT(2) 
PARAMETRIC_REPRESENTATION_CONTEXT() REPRESENTATION_CONTEXT('2D SPACE',''
  ) );
#1141 = PCURVE('',#120,#1142);
#1142 = DEFINITIONAL_REPRESENTATION('',(#1143),#1146);
#1143 = B_SPLINE_CURVE_WITH_KNOTS('',1,(#1144,#1145),.UNSPECIFIED.,.F.,
  .F.,(2,2),(1.000000000023E-06,0.216649552112),
  .PIECEWISE_BEZIER_KNOTS.);
#1144 = CARTESIAN_POINT('',(-2.104533471731E-14,0.172683280468));
#1145 = CARTESIAN_POINT('',(4.584675819297E-16,0.214285714516));
#1146 = ( GEOMETRIC_REPRESENTATION_CONTEXT(2) 
PARAMETRIC_REPRESENTATION_CONTEXT() REPRESENTATION_CONTEXT('2D SPACE',''
  ) );
#1147 = ADVANCED_FACE('',(#1148),#1046,.T.);
#1148 = FACE_BOUND('',#1149,.T.);
#1149 = EDGE_LOOP('',(#1150,#1180,#1232,#1233));
#1150 = ORIENTED_EDGE('',*,*,#1151,.F.);
#1151 = EDGE_CURVE('',#1152,#1154,#1156,.T.);
#1152 = VERTEX_POINT('',#1153);
#1153 = CARTESIAN_POINT('',(-1.27411672596E-13,-1.175240473581,
    -0.684437899601));
#1154 = VERTEX_POINT('',#1155);
#1155 = CARTESIAN_POINT('',(-1.246716366262E-13,-1.175240473581,
    -0.746937899601));
#1156 = SURFACE_CURVE('',#1157,(#1161,#1168),.PCURVE_S1.);
#1157 = LINE('',#1158,#1159);
#1158 = CARTESIAN_POINT('',(1.439254484199E-16,-1.175240473581,
    -1.965687899601));
#1159 = VECTOR('',#1160,1.);
#1160 = DIRECTION('',(0.,0.,-1.));
#1161 = PCURVE('',#1046,#1162);
#1162 = DEFINITIONAL_REPRESENTATION('',(#1163),#1167);
#1163 = LINE('',#1164,#1165);
#1164 = CARTESIAN_POINT('',(3.14159265359,0.));
#1165 = VECTOR('',#1166,1.);
#1166 = DIRECTION('',(0.,-1.));
#1167 = ( GEOMETRIC_REPRESENTATION_CONTEXT(2) 
PARAMETRIC_REPRESENTATION_CONTEXT() REPRESENTATION_CONTEXT('2D SPACE',''
  ) );
#1168 = PCURVE('',#1169,#1174);
#1169 = CYLINDRICAL_SURFACE('',#1170,1.175240473581);
#1170 = AXIS2_PLACEMENT_3D('',#1171,#1172,#1173);
#1171 = CARTESIAN_POINT('',(0.,2.775557561563E-16,-1.965687899601));
#1172 = DIRECTION('',(0.,0.,1.));
#1173 = DIRECTION('',(0.,1.,0.));
#1174 = DEFINITIONAL_REPRESENTATION('',(#1175),#1179);
#1175 = LINE('',#1176,#1177);
#1176 = CARTESIAN_POINT('',(3.14159265359,0.));
#1177 = VECTOR('',#1178,1.);
#1178 = DIRECTION('',(0.,-1.));
#1179 = ( GEOMETRIC_REPRESENTATION_CONTEXT(2) 
PARAMETRIC_REPRESENTATION_CONTEXT() REPRESENTATION_CONTEXT('2D SPACE',''
  ) );
#1180 = ORIENTED_EDGE('',*,*,#1181,.T.);
#1181 = EDGE_CURVE('',#1152,#1024,#1182,.T.);
#1182 = SURFACE_CURVE('',#1183,(#1220,#1226),.PCURVE_S1.);
#1183 = B_SPLINE_CURVE_WITH_KNOTS('',3,(#1184,#1185,#1186,#1187,#1188,
    #1189,#1190,#1191,#1192,#1193,#1194,#1195,#1196,#1197,#1198,#1199,
    #1200,#1201,#1202,#1203,#1204,#1205,#1206,#1207,#1208,#1209,#1210,
    #1211,#1212,#1213,#1214,#1215,#1216,#1217,#1218,#1219),
  .UNSPECIFIED.,.F.,.F.,(4,2,2,2,2,2,2,2,2,2,2,2,2,2,2,2,2,4),(
    2.875327209176,2.88206080906,2.928832076965,2.974589869392,
    3.019611968746,3.066617876405,3.111845202643,3.158100767483,
    3.204497015338,3.249220863064,3.296017245763,3.341929100015,
    3.386835697476,3.434010128375,3.479392927166,3.525344198901,
    3.571918649949,3.616350203936),.UNSPECIFIED.);
#1184 = CARTESIAN_POINT('',(-2.549672706403E-13,-1.175240473581,
    -0.684437899601));
#1185 = CARTESIAN_POINT('',(-2.240465665141E-02,-1.175240473581,
    -0.685813717449));
#1186 = CARTESIAN_POINT('',(-4.482818057581E-02,-1.174599807506,
    -0.687213407898));
#1187 = CARTESIAN_POINT('',(-0.222940310412,-1.164392058476,
    -0.698512762318));
#1188 = CARTESIAN_POINT('',(-0.37527481847,-1.124569735347,
    -0.70927912027));
#1189 = CARTESIAN_POINT('',(-0.652421951895,-0.989339307155,
    -0.731092505072));
#1190 = CARTESIAN_POINT('',(-0.775175297184,-0.896415263147,
    -0.741925007076));
#1191 = CARTESIAN_POINT('',(-0.976695564197,-0.670656905754,
    -0.762303875329));
#1192 = CARTESIAN_POINT('',(-1.05424869013,-0.540623262167,
    -0.771103669691));
#1193 = CARTESIAN_POINT('',(-1.158524273994,-0.252118955027,
    -0.791560781351));
#1194 = CARTESIAN_POINT('',(-1.181773666376,-9.560442546131E-02,
    -0.802658831288));
#1195 = CARTESIAN_POINT('',(-1.165862932169,0.211355088169,
    -0.824424555022));
#1196 = CARTESIAN_POINT('',(-1.129175823884,0.359010351564,
    -0.834894416773));
#1197 = CARTESIAN_POINT('',(-1.000524761609,0.635548772349,
    -0.854503057657));
#1198 = CARTESIAN_POINT('',(-0.908598752804,0.761206938556,
    -0.863963927704));
#1199 = CARTESIAN_POINT('',(-0.681023337339,0.970226719899,
    -0.885349336941));
#1200 = CARTESIAN_POINT('',(-0.547508191435,1.051363627861,
    -0.896424798065));
#1201 = CARTESIAN_POINT('',(-0.261972444733,1.155338184559,
    -0.917645170648));
#1202 = CARTESIAN_POINT('',(-0.113456831921,1.179205296567,
    -0.927330211684));
#1203 = CARTESIAN_POINT('',(0.191352842215,1.169994691539,
    -0.946374415095));
#1204 = CARTESIAN_POINT('',(0.344680910507,1.134316332235,
    -0.957054866266));
#1205 = CARTESIAN_POINT('',(0.625727897665,1.006495687893,
    -0.978845027487));
#1206 = CARTESIAN_POINT('',(0.751241360891,0.916631690618,
    -0.989738531821));
#1207 = CARTESIAN_POINT('',(0.958511420539,0.696290291775,-1.01027843004
    ));
#1208 = CARTESIAN_POINT('',(1.03923361662,0.568818262711,-1.019104433423
    ));
#1209 = CARTESIAN_POINT('',(1.151341784273,0.283353755728,
    -1.039346000532));
#1210 = CARTESIAN_POINT('',(1.178859701538,0.127087996988,
    -1.050426410758));
#1211 = CARTESIAN_POINT('',(1.171010705718,-0.180989184036,
    -1.072271385464));
#1212 = CARTESIAN_POINT('',(1.138064234171,-0.329924710728,
    -1.082832027452));
#1213 = CARTESIAN_POINT('',(1.016775257404,-0.608920875009,
    -1.102614940719));
#1214 = CARTESIAN_POINT('',(0.928938174157,-0.736002507736,
    -1.111821339891));
#1215 = CARTESIAN_POINT('',(0.707907004169,-0.95085932877,
    -1.133011827106));
#1216 = CARTESIAN_POINT('',(0.576327946594,-1.035908991989,
    -1.144107119345));
#1217 = CARTESIAN_POINT('',(0.294397173359,-1.14735677413,
    -1.165371072663));
#1218 = CARTESIAN_POINT('',(0.147804257816,-1.175240471433,
    -1.175361583874));
#1219 = CARTESIAN_POINT('',(1.707803180123E-08,-1.175240473581,
    -1.184437898553));
#1220 = PCURVE('',#1046,#1221);
#1221 = DEFINITIONAL_REPRESENTATION('',(#1222),#1225);
#1222 = B_SPLINE_CURVE_WITH_KNOTS('',1,(#1223,#1224),.UNSPECIFIED.,.F.,
  .F.,(2,2),(2.875327209176,3.616350203936),.PIECEWISE_BEZIER_KNOTS.);
#1223 = CARTESIAN_POINT('',(3.14159265359,1.28125));
#1224 = CARTESIAN_POINT('',(-3.141592639058,0.781250001049));
#1225 = ( GEOMETRIC_REPRESENTATION_CONTEXT(2) 
PARAMETRIC_REPRESENTATION_CONTEXT() REPRESENTATION_CONTEXT('2D SPACE',''
  ) );
#1226 = PCURVE('',#362,#1227);
#1227 = DEFINITIONAL_REPRESENTATION('',(#1228),#1231);
#1228 = B_SPLINE_CURVE_WITH_KNOTS('',1,(#1229,#1230),.UNSPECIFIED.,.F.,
  .F.,(2,2),(2.875327209176,3.616350203936),.PIECEWISE_BEZIER_KNOTS.);
#1229 = CARTESIAN_POINT('',(1.,0.357142857143));
#1230 = CARTESIAN_POINT('',(1.,0.214285714632));
#1231 = ( GEOMETRIC_REPRESENTATION_CONTEXT(2) 
PARAMETRIC_REPRESENTATION_CONTEXT() REPRESENTATION_CONTEXT('2D SPACE',''
  ) );
#1232 = ORIENTED_EDGE('',*,*,#1023,.T.);
#1233 = ORIENTED_EDGE('',*,*,#1234,.T.);
#1234 = EDGE_CURVE('',#1026,#1154,#1235,.T.);
#1235 = SURFACE_CURVE('',#1236,(#1273,#1279),.PCURVE_S1.);
#1236 = B_SPLINE_CURVE_WITH_KNOTS('',3,(#1237,#1238,#1239,#1240,#1241,
    #1242,#1243,#1244,#1245,#1246,#1247,#1248,#1249,#1250,#1251,#1252,
    #1253,#1254,#1255,#1256,#1257,#1258,#1259,#1260,#1261,#1262,#1263,
    #1264,#1265,#1266,#1267,#1268,#1269,#1270,#1271,#1272),
  .UNSPECIFIED.,.F.,.F.,(4,2,2,2,2,2,2,2,2,2,2,2,2,2,2,2,2,4),(
    0.216649552112,0.261150292998,0.307711575291,0.353637712326,
    0.399007239124,0.446168070221,0.491054935124,0.536953288774,
    0.583732353061,0.628441448781,0.674823736078,0.721051770141,
    0.766264951301,0.813256333219,0.858256520697,0.903999900552,
    0.950752911654,0.957398576015),.UNSPECIFIED.);
#1237 = CARTESIAN_POINT('',(1.13877537955E-08,-1.175240473581,
    -1.246937898902));
#1238 = CARTESIAN_POINT('',(0.148089299538,-1.175240472146,
    -1.23784408015));
#1239 = CARTESIAN_POINT('',(0.294959483872,-1.147248902557,
    -1.227832718032));
#1240 = CARTESIAN_POINT('',(0.577083568798,-1.035489915137,
    -1.206545860503));
#1241 = CARTESIAN_POINT('',(0.708609947251,-0.950337448497,-1.1954501584
    ));
#1242 = CARTESIAN_POINT('',(0.929467542945,-0.735327791015,
    -1.174264911356));
#1243 = CARTESIAN_POINT('',(1.01719722033,-0.608208483131,-1.16506442681
    ));
#1244 = CARTESIAN_POINT('',(1.138290522159,-0.329147753675,
    -1.14527693539));
#1245 = CARTESIAN_POINT('',(1.171136889712,-0.180179443702,
    -1.134713968822));
#1246 = CARTESIAN_POINT('',(1.178770707999,0.127924647839,-1.11286708596
    ));
#1247 = CARTESIAN_POINT('',(1.15113913718,0.284182247136,-1.101787254299
    ));
#1248 = CARTESIAN_POINT('',(1.038822989841,0.569564769657,
    -1.081551500501));
#1249 = CARTESIAN_POINT('',(0.958016142729,0.696969130051,
    -1.072723948828));
#1250 = CARTESIAN_POINT('',(0.750592540738,0.917164820204,
    -1.052179787848));
#1251 = CARTESIAN_POINT('',(0.625006117936,1.006945685315,
    -1.041284750583));
#1252 = CARTESIAN_POINT('',(0.343857337201,1.134566139851,
    -1.019495435932));
#1253 = CARTESIAN_POINT('',(0.190504236376,1.170133069629,
    -1.008817398164));
#1254 = CARTESIAN_POINT('',(-0.114316624968,1.179122926886,
    -0.989780334106));
#1255 = CARTESIAN_POINT('',(-0.262821209855,1.155146263521,
    -0.980086245638));
#1256 = CARTESIAN_POINT('',(-0.548296936808,1.050954186191,
    -0.958861846809));
#1257 = CARTESIAN_POINT('',(-0.681760962086,0.969710403193,
    -0.947785735764));
#1258 = CARTESIAN_POINT('',(-0.909159191,0.760530624619,-0.926405534642)
  );
#1259 = CARTESIAN_POINT('',(-1.000973456667,0.634833801749,
    -0.916952360898));
#1260 = CARTESIAN_POINT('',(-1.129425555388,0.358228225002,
    -0.897338958155));
#1261 = CARTESIAN_POINT('',(-1.166012250038,0.210537174651,
    -0.886866558841));
#1262 = CARTESIAN_POINT('',(-1.181706032625,-9.645522271355E-02,
    -0.865098503404));
#1263 = CARTESIAN_POINT('',(-1.158341501044,-0.252964516699,
    -0.854000824709));
#1264 = CARTESIAN_POINT('',(-1.053854042445,-0.541387830205,
    -0.833549456103));
#1265 = CARTESIAN_POINT('',(-0.976215646907,-0.6713518395,
    -0.824749766726));
#1266 = CARTESIAN_POINT('',(-0.774540678453,-0.896965448128,
    -0.804366530503));
#1267 = CARTESIAN_POINT('',(-0.651712381681,-0.989808521002,
    -0.793532296632));
#1268 = CARTESIAN_POINT('',(-0.374458122039,-1.124841831048,
    -0.771719322032));
#1269 = CARTESIAN_POINT('',(-0.222095466842,-1.164553415826,
    -0.760955161719));
#1270 = CARTESIAN_POINT('',(-4.426079060045E-02,-1.174615918178,
    -0.749677994616));
#1271 = CARTESIAN_POINT('',(-2.212115290341E-02,-1.175240473581,
    -0.748296308143));
#1272 = CARTESIAN_POINT('',(-2.494871987007E-13,-1.175240473581,
    -0.746937899601));
#1273 = PCURVE('',#1046,#1274);
#1274 = DEFINITIONAL_REPRESENTATION('',(#1275),#1278);
#1275 = B_SPLINE_CURVE_WITH_KNOTS('',1,(#1276,#1277),.UNSPECIFIED.,.F.,
  .F.,(2,2),(0.216649552112,0.957398576015),.PIECEWISE_BEZIER_KNOTS.);
#1276 = CARTESIAN_POINT('',(-3.1415926439,0.718750000699));
#1277 = CARTESIAN_POINT('',(3.14159265359,1.21875));
#1278 = ( GEOMETRIC_REPRESENTATION_CONTEXT(2) 
PARAMETRIC_REPRESENTATION_CONTEXT() REPRESENTATION_CONTEXT('2D SPACE',''
  ) );
#1279 = PCURVE('',#120,#1280);
#1280 = DEFINITIONAL_REPRESENTATION('',(#1281),#1284);
#1281 = B_SPLINE_CURVE_WITH_KNOTS('',1,(#1282,#1283),.UNSPECIFIED.,.F.,
  .F.,(2,2),(0.216649552112,0.957398576015),.PIECEWISE_BEZIER_KNOTS.);
#1282 = CARTESIAN_POINT('',(4.662903564112E-16,0.214285714516));
#1283 = CARTESIAN_POINT('',(1.079441946434E-14,0.357142857143));
#1284 = ( GEOMETRIC_REPRESENTATION_CONTEXT(2) 
PARAMETRIC_REPRESENTATION_CONTEXT() REPRESENTATION_CONTEXT('2D SPACE',''
  ) );
#1285 = ADVANCED_FACE('',(#1286),#1169,.T.);
#1286 = FACE_BOUND('',#1287,.T.);
#1287 = EDGE_LOOP('',(#1288,#1318,#1370,#1371));
#1288 = ORIENTED_EDGE('',*,*,#1289,.F.);
#1289 = EDGE_CURVE('',#1290,#1292,#1294,.T.);
#1290 = VERTEX_POINT('',#1291);
#1291 = CARTESIAN_POINT('',(-2.082535465884E-13,-1.175240473581,
    -0.184437899601));
#1292 = VERTEX_POINT('',#1293);
#1293 = CARTESIAN_POINT('',(-2.096265943325E-13,-1.175240473581,
    -0.246937899601));
#1294 = SURFACE_CURVE('',#1295,(#1299,#1306),.PCURVE_S1.);
#1295 = LINE('',#1296,#1297);
#1296 = CARTESIAN_POINT('',(1.439254484199E-16,-1.175240473581,
    -1.965687899601));
#1297 = VECTOR('',#1298,1.);
#1298 = DIRECTION('',(0.,0.,-1.));
#1299 = PCURVE('',#1169,#1300);
#1300 = DEFINITIONAL_REPRESENTATION('',(#1301),#1305);
#1301 = LINE('',#1302,#1303);
#1302 = CARTESIAN_POINT('',(9.424777960769,0.));
#1303 = VECTOR('',#1304,1.);
#1304 = DIRECTION('',(0.,-1.));
#1305 = ( GEOMETRIC_REPRESENTATION_CONTEXT(2) 
PARAMETRIC_REPRESENTATION_CONTEXT() REPRESENTATION_CONTEXT('2D SPACE',''
  ) );
#1306 = PCURVE('',#1307,#1312);
#1307 = CYLINDRICAL_SURFACE('',#1308,1.175240473581);
#1308 = AXIS2_PLACEMENT_3D('',#1309,#1310,#1311);
#1309 = CARTESIAN_POINT('',(0.,2.775557561563E-16,-1.965687899601));
#1310 = DIRECTION('',(0.,0.,1.));
#1311 = DIRECTION('',(0.,1.,0.));
#1312 = DEFINITIONAL_REPRESENTATION('',(#1313),#1317);
#1313 = LINE('',#1314,#1315);
#1314 = CARTESIAN_POINT('',(3.14159265359,0.));
#1315 = VECTOR('',#1316,1.);
#1316 = DIRECTION('',(0.,-1.));
#1317 = ( GEOMETRIC_REPRESENTATION_CONTEXT(2) 
PARAMETRIC_REPRESENTATION_CONTEXT() REPRESENTATION_CONTEXT('2D SPACE',''
  ) );
#1318 = ORIENTED_EDGE('',*,*,#1319,.T.);
#1319 = EDGE_CURVE('',#1290,#1152,#1320,.T.);
#1320 = SURFACE_CURVE('',#1321,(#1358,#1364),.PCURVE_S1.);
#1321 = B_SPLINE_CURVE_WITH_KNOTS('',3,(#1322,#1323,#1324,#1325,#1326,
    #1327,#1328,#1329,#1330,#1331,#1332,#1333,#1334,#1335,#1336,#1337,
    #1338,#1339,#1340,#1341,#1342,#1343,#1344,#1345,#1346,#1347,#1348,
    #1349,#1350,#1351,#1352,#1353,#1354,#1355,#1356,#1357),
  .UNSPECIFIED.,.F.,.F.,(4,2,2,2,2,2,2,2,2,2,2,2,2,2,2,2,2,4),(
    2.134560905568,2.147359878991,2.194180779241,2.239745085005,
    2.285209600681,2.331994813622,2.377020433278,2.42409286688,
    2.470235003924,2.51490042763,2.561680571135,2.607321752162,
    2.652534366222,2.699409810742,2.744517418507,2.791153430914,
    2.837404679212,2.875327209176),.UNSPECIFIED.);
#1322 = CARTESIAN_POINT('',(-4.166510186253E-13,-1.175240473581,
    -0.184437899601));
#1323 = CARTESIAN_POINT('',(-4.248872332426E-02,-1.175240473581,
    -0.187047033264));
#1324 = CARTESIAN_POINT('',(-8.501920076336E-02,-1.172936565953,
    -0.189740413085));
#1325 = CARTESIAN_POINT('',(-0.282479245667,-1.151402774944,
    -0.202629428475));
#1326 = CARTESIAN_POINT('',(-0.432609138262,-1.103790432085,
    -0.213536591431));
#1327 = CARTESIAN_POINT('',(-0.701811293334,-0.954817952353,
    -0.235349300675));
#1328 = CARTESIAN_POINT('',(-0.819124253454,-0.856309606825,
    -0.246045705639));
#1329 = CARTESIAN_POINT('',(-1.009603259744,-0.620347589667,
    -0.266108313624));
#1330 = CARTESIAN_POINT('',(-1.08104712637,-0.485252581686,
    -0.275029864778));
#1331 = CARTESIAN_POINT('',(-1.170031655903,-0.191078963543,
    -0.295888972961));
#1332 = CARTESIAN_POINT('',(-1.185028771279,-3.440253313498E-02,
    -0.306998502877));
#1333 = CARTESIAN_POINT('',(-1.153642020318,0.269804243361,
    -0.328569036975));
#1334 = CARTESIAN_POINT('',(-1.109828556843,0.414713323621,
    -0.338844173817));
#1335 = CARTESIAN_POINT('',(-0.966843602079,0.686304368184,
    -0.35810200875));
#1336 = CARTESIAN_POINT('',(-0.86668215982,0.809134959301,
    -0.368237155616));
#1337 = CARTESIAN_POINT('',(-0.626305602788,1.006287264413,
    -0.389987906797));
#1338 = CARTESIAN_POINT('',(-0.4892948914,1.079567546357,-0.400999475714
    ));
#1339 = CARTESIAN_POINT('',(-0.199531393818,1.167720439425,
    -0.421918527542));
#1340 = CARTESIAN_POINT('',(-5.0115541078E-02,1.183577801288,
    -0.431064831378));
#1341 = CARTESIAN_POINT('',(0.253711531074,1.158079532767,
    -0.450626154026));
#1342 = CARTESIAN_POINT('',(0.40496135049,1.114227604445,-0.461468768334
    ));
#1343 = CARTESIAN_POINT('',(0.678100159524,0.971857930014,
    -0.483289124218));
#1344 = CARTESIAN_POINT('',(0.798080945716,0.876017631478,
    -0.494054761939));
#1345 = CARTESIAN_POINT('',(0.993930924713,0.644987358768,
    -0.514272340093));
#1346 = CARTESIAN_POINT('',(1.068352651519,0.512377709051,
    -0.523106490515));
#1347 = CARTESIAN_POINT('',(1.164817018912,0.220933026659,
    -0.543772096756));
#1348 = CARTESIAN_POINT('',(1.183835703303,6.428287475881E-02,
    -0.55487976333));
#1349 = CARTESIAN_POINT('',(1.159972739048,-0.241363042388,
    -0.576552343256));
#1350 = CARTESIAN_POINT('',(1.119614747929,-0.387655118481,
    -0.586925544839));
#1351 = CARTESIAN_POINT('',(0.98363491159,-0.661691119225,
    -0.606356745439));
#1352 = CARTESIAN_POINT('',(0.887544144013,-0.785915434869,
    -0.616132850783));
#1353 = CARTESIAN_POINT('',(0.653431510643,-0.988952549658,
    -0.637707587478));
#1354 = CARTESIAN_POINT('',(0.518081994076,-1.066110412061,
    -0.648754621003));
#1355 = CARTESIAN_POINT('',(0.25167286014,-1.154927688744,
    -0.668263090568));
#1356 = CARTESIAN_POINT('',(0.126179351004,-1.175240473581,
    -0.676689519174));
#1357 = CARTESIAN_POINT('',(-2.549672706403E-13,-1.175240473581,
    -0.684437899601));
#1358 = PCURVE('',#1169,#1359);
#1359 = DEFINITIONAL_REPRESENTATION('',(#1360),#1363);
#1360 = B_SPLINE_CURVE_WITH_KNOTS('',1,(#1361,#1362),.UNSPECIFIED.,.F.,
  .F.,(2,2),(2.134560905568,2.875327209176),.PIECEWISE_BEZIER_KNOTS.);
#1361 = CARTESIAN_POINT('',(9.424777960769,1.78125));
#1362 = CARTESIAN_POINT('',(3.14159265359,1.28125));
#1363 = ( GEOMETRIC_REPRESENTATION_CONTEXT(2) 
PARAMETRIC_REPRESENTATION_CONTEXT() REPRESENTATION_CONTEXT('2D SPACE',''
  ) );
#1364 = PCURVE('',#362,#1365);
#1365 = DEFINITIONAL_REPRESENTATION('',(#1366),#1369);
#1366 = B_SPLINE_CURVE_WITH_KNOTS('',1,(#1367,#1368),.UNSPECIFIED.,.F.,
  .F.,(2,2),(2.134560905568,2.875327209176),.PIECEWISE_BEZIER_KNOTS.);
#1367 = CARTESIAN_POINT('',(1.,0.5));
#1368 = CARTESIAN_POINT('',(1.,0.357142857143));
#1369 = ( GEOMETRIC_REPRESENTATION_CONTEXT(2) 
PARAMETRIC_REPRESENTATION_CONTEXT() REPRESENTATION_CONTEXT('2D SPACE',''
  ) );
#1370 = ORIENTED_EDGE('',*,*,#1151,.T.);
#1371 = ORIENTED_EDGE('',*,*,#1372,.T.);
#1372 = EDGE_CURVE('',#1154,#1292,#1373,.T.);
#1373 = SURFACE_CURVE('',#1374,(#1411,#1417),.PCURVE_S1.);
#1374 = B_SPLINE_CURVE_WITH_KNOTS('',3,(#1375,#1376,#1377,#1378,#1379,
    #1380,#1381,#1382,#1383,#1384,#1385,#1386,#1387,#1388,#1389,#1390,
    #1391,#1392,#1393,#1394,#1395,#1396,#1397,#1398,#1399,#1400,#1401,
    #1402,#1403,#1404,#1405,#1406,#1407,#1408,#1409,#1410),
  .UNSPECIFIED.,.F.,.F.,(4,2,2,2,2,2,2,2,2,2,2,2,2,2,2,2,2,4),(
    0.957398576015,0.995392191,1.04162861004,1.088235137359,
    1.133327659689,1.180187577143,1.225376319716,1.271002095268,
    1.317763094548,1.362409672772,1.408536021512,1.45557758702,
    1.50058711535,1.547355730054,1.592794863179,1.638342700997,
    1.685143606961,1.697861438176),.UNSPECIFIED.);
#1375 = CARTESIAN_POINT('',(-2.49557319254E-13,-1.175240473581,
    -0.746937899601));
#1376 = CARTESIAN_POINT('',(0.126467802272,-1.175240473581,
    -0.739171806052));
#1377 = CARTESIAN_POINT('',(0.252243638284,-1.154834641205,
    -0.730724741527));
#1378 = CARTESIAN_POINT('',(0.518870696763,-1.065728398027,
    -0.71119264478));
#1379 = CARTESIAN_POINT('',(0.654172872467,-0.988464090098,
    -0.700144744456));
#1380 = CARTESIAN_POINT('',(0.888112101719,-0.785266235291,
    -0.678574957271));
#1381 = CARTESIAN_POINT('',(0.984091317635,-0.661003653994,
    -0.668807999016));
#1382 = CARTESIAN_POINT('',(1.119877023255,-0.38690064063,-0.64937204672
    ));
#1383 = CARTESIAN_POINT('',(1.160138494402,-0.240571338687,
    -0.638996205546));
#1384 = CARTESIAN_POINT('',(1.183791838371,6.511192506857E-02,
    -0.617320977467));
#1385 = CARTESIAN_POINT('',(1.164661372489,0.221759916029,-0.60621346412
    ));
#1386 = CARTESIAN_POINT('',(1.067989923929,0.513127786157,
    -0.585553304442));
#1387 = CARTESIAN_POINT('',(0.993485446603,0.645668951637,
    -0.576720819304));
#1388 = CARTESIAN_POINT('',(0.797485977031,0.876561046422,
    -0.556498960205));
#1389 = CARTESIAN_POINT('',(0.677431480089,0.97232575293,-0.545731476099
    ));
#1390 = CARTESIAN_POINT('',(0.404184986956,1.114509369194,
    -0.523911104042));
#1391 = CARTESIAN_POINT('',(0.25290526113,1.158255808186,-0.513070393241
    ));
#1392 = CARTESIAN_POINT('',(-5.09366137849E-02,1.183542451507,
    -0.493515664495));
#1393 = CARTESIAN_POINT('',(-0.200339663214,1.167581825511,
    -0.484363979217));
#1394 = CARTESIAN_POINT('',(-0.490050662688,1.079226190478,
    -0.463440963215));
#1395 = CARTESIAN_POINT('',(-0.627019398889,1.005844294455,
    -0.452428369298));
#1396 = CARTESIAN_POINT('',(-0.867233090894,0.808537006305,
    -0.430682124552));
#1397 = CARTESIAN_POINT('',(-0.967287662243,0.685669858993,
    -0.420557017306));
#1398 = CARTESIAN_POINT('',(-1.110090637453,0.414014633166,
    -0.401294631441));
#1399 = CARTESIAN_POINT('',(-1.15381502397,0.269068659095,
    -0.391016878553));
#1400 = CARTESIAN_POINT('',(-1.185007347041,-3.517773887706E-02,
    -0.369443534996));
#1401 = CARTESIAN_POINT('',(-1.169906074049,-0.191854753722,
    -0.358333963639));
#1402 = CARTESIAN_POINT('',(-1.080727049224,-0.48595854094,
    -0.337479806991));
#1403 = CARTESIAN_POINT('',(-1.009205997632,-0.620988641602,
    -0.328561190995));
#1404 = CARTESIAN_POINT('',(-0.818588033466,-0.856823861425,
    -0.308494545369));
#1405 = CARTESIAN_POINT('',(-0.701205591997,-0.955264356565,
    -0.297796279268));
#1406 = CARTESIAN_POINT('',(-0.431899963591,-1.104068038315,
    -0.275983200486));
#1407 = CARTESIAN_POINT('',(-0.281739997445,-1.151583834486,
    -0.265077613724));
#1408 = CARTESIAN_POINT('',(-8.451742781241E-02,-1.172963682415,
    -0.252208638995));
#1409 = CARTESIAN_POINT('',(-4.22379110559E-02,-1.175240473581,
    -0.249531631466));
#1410 = CARTESIAN_POINT('',(-4.193971141134E-13,-1.175240473581,
    -0.246937899601));
#1411 = PCURVE('',#1169,#1412);
#1412 = DEFINITIONAL_REPRESENTATION('',(#1413),#1416);
#1413 = B_SPLINE_CURVE_WITH_KNOTS('',1,(#1414,#1415),.UNSPECIFIED.,.F.,
  .F.,(2,2),(0.957398576015,1.697861438176),.PIECEWISE_BEZIER_KNOTS.);
#1414 = CARTESIAN_POINT('',(3.14159265359,1.21875));
#1415 = CARTESIAN_POINT('',(9.424777960769,1.71875));
#1416 = ( GEOMETRIC_REPRESENTATION_CONTEXT(2) 
PARAMETRIC_REPRESENTATION_CONTEXT() REPRESENTATION_CONTEXT('2D SPACE',''
  ) );
#1417 = PCURVE('',#120,#1418);
#1418 = DEFINITIONAL_REPRESENTATION('',(#1419),#1422);
#1419 = B_SPLINE_CURVE_WITH_KNOTS('',1,(#1420,#1421),.UNSPECIFIED.,.F.,
  .F.,(2,2),(0.957398576015,1.697861438176),.PIECEWISE_BEZIER_KNOTS.);
#1420 = CARTESIAN_POINT('',(1.078869440241E-14,0.357142857143));
#1421 = CARTESIAN_POINT('',(1.191073913585E-14,0.5));
#1422 = ( GEOMETRIC_REPRESENTATION_CONTEXT(2) 
PARAMETRIC_REPRESENTATION_CONTEXT() REPRESENTATION_CONTEXT('2D SPACE',''
  ) );
#1423 = ADVANCED_FACE('',(#1424),#1307,.T.);
#1424 = FACE_BOUND('',#1425,.T.);
#1425 = EDGE_LOOP('',(#1426,#1456,#1508,#1509));
#1426 = ORIENTED_EDGE('',*,*,#1427,.F.);
#1427 = EDGE_CURVE('',#1428,#1430,#1432,.T.);
#1428 = VERTEX_POINT('',#1429);
#1429 = CARTESIAN_POINT('',(-8.202769578229E-15,-1.175240473581,
    0.315562100399));
#1430 = VERTEX_POINT('',#1431);
#1431 = CARTESIAN_POINT('',(-3.011297221227E-14,-1.175240473581,
    0.253062100399));
#1432 = SURFACE_CURVE('',#1433,(#1437,#1444),.PCURVE_S1.);
#1433 = LINE('',#1434,#1435);
#1434 = CARTESIAN_POINT('',(1.439254484199E-16,-1.175240473581,
    -1.965687899601));
#1435 = VECTOR('',#1436,1.);
#1436 = DIRECTION('',(0.,0.,-1.));
#1437 = PCURVE('',#1307,#1438);
#1438 = DEFINITIONAL_REPRESENTATION('',(#1439),#1443);
#1439 = LINE('',#1440,#1441);
#1440 = CARTESIAN_POINT('',(9.424777960769,0.));
#1441 = VECTOR('',#1442,1.);
#1442 = DIRECTION('',(0.,-1.));
#1443 = ( GEOMETRIC_REPRESENTATION_CONTEXT(2) 
PARAMETRIC_REPRESENTATION_CONTEXT() REPRESENTATION_CONTEXT('2D SPACE',''
  ) );
#1444 = PCURVE('',#1445,#1450);
#1445 = CYLINDRICAL_SURFACE('',#1446,1.175240473581);
#1446 = AXIS2_PLACEMENT_3D('',#1447,#1448,#1449);
#1447 = CARTESIAN_POINT('',(0.,2.775557561563E-16,-1.965687899601));
#1448 = DIRECTION('',(0.,0.,1.));
#1449 = DIRECTION('',(0.,1.,0.));
#1450 = DEFINITIONAL_REPRESENTATION('',(#1451),#1455);
#1451 = LINE('',#1452,#1453);
#1452 = CARTESIAN_POINT('',(-3.14159265359,0.));
#1453 = VECTOR('',#1454,1.);
#1454 = DIRECTION('',(0.,-1.));
#1455 = ( GEOMETRIC_REPRESENTATION_CONTEXT(2) 
PARAMETRIC_REPRESENTATION_CONTEXT() REPRESENTATION_CONTEXT('2D SPACE',''
  ) );
#1456 = ORIENTED_EDGE('',*,*,#1457,.T.);
#1457 = EDGE_CURVE('',#1428,#1290,#1458,.T.);
#1458 = SURFACE_CURVE('',#1459,(#1496,#1502),.PCURVE_S1.);
#1459 = B_SPLINE_CURVE_WITH_KNOTS('',3,(#1460,#1461,#1462,#1463,#1464,
    #1465,#1466,#1467,#1468,#1469,#1470,#1471,#1472,#1473,#1474,#1475,
    #1476,#1477,#1478,#1479,#1480,#1481,#1482,#1483,#1484,#1485,#1486,
    #1487,#1488,#1489,#1490,#1491,#1492,#1493,#1494,#1495),
  .UNSPECIFIED.,.F.,.F.,(4,2,2,2,2,2,2,2,2,2,2,2,2,2,2,2,2,4),(
    1.392621590387,1.413115350303,1.458795658597,1.505645632833,
    1.550384036919,1.596567595864,1.643814152713,1.688886372124,
    1.735718947187,1.781312359193,1.826925516612,1.873823714155,
    1.918655519107,1.964778158035,2.009737587757,2.056544414814,
    2.102616083179,2.134560905568),.UNSPECIFIED.);
#1460 = CARTESIAN_POINT('',(-1.654946460488E-14,-1.175240473581,
    0.315562100399));
#1461 = CARTESIAN_POINT('',(-6.790870657858E-02,-1.175240473581,
    0.311391984696));
#1462 = CARTESIAN_POINT('',(-0.135832092798,-1.169356148615,
    0.307012346241));
#1463 = CARTESIAN_POINT('',(-0.35280211189,-1.131301738827,
    0.292339551046));
#1464 = CARTESIAN_POINT('',(-0.496042942699,-1.076216273144,
    0.281590479219));
#1465 = CARTESIAN_POINT('',(-0.756852574429,-0.912509112099,
    0.259770735794));
#1466 = CARTESIAN_POINT('',(-0.871128696934,-0.804147931782,
    0.248911496151));
#1467 = CARTESIAN_POINT('',(-1.046681088121,-0.554828055038,
    0.229291910836));
#1468 = CARTESIAN_POINT('',(-1.108505000412,-0.417859107133,
    0.220191434177));
#1469 = CARTESIAN_POINT('',(-1.178827864043,-0.123336064604,
    0.199307549194));
#1470 = CARTESIAN_POINT('',(-1.184833561563,3.18277496641E-02,
    0.188305275067));
#1471 = CARTESIAN_POINT('',(-1.136192015491,0.339135165698,
    0.166514882452));
#1472 = CARTESIAN_POINT('',(-1.080651974358,0.487950632469,
    0.156289417613));
#1473 = CARTESIAN_POINT('',(-0.918235605574,0.748682485817,0.13707188766
    ));
#1474 = CARTESIAN_POINT('',(-0.815324048185,0.859596489147,
    0.126820012409));
#1475 = CARTESIAN_POINT('',(-0.56873149733,1.040189078868,0.105274655302
    ));
#1476 = CARTESIAN_POINT('',(-0.42601374328,1.106331380224,
    9.41656982571E-02));
#1477 = CARTESIAN_POINT('',(-0.127086793141,1.178150501669,
    7.326303336668E-02));
#1478 = CARTESIAN_POINT('',(2.578729756231E-02,1.184702917821,
    6.431404145097E-02));
#1479 = CARTESIAN_POINT('',(0.325730157607,1.139344449595,
    4.428712093666E-02));
#1480 = CARTESIAN_POINT('',(0.46990642824,1.08783232894,
    3.360729436037E-02));
#1481 = CARTESIAN_POINT('',(0.734348827014,0.930718690718,
    1.179823618598E-02));
#1482 = CARTESIAN_POINT('',(0.851249531989,0.825165524421,8.77381629E-04
    ));
#1483 = CARTESIAN_POINT('',(1.032941644927,0.580050307094,
    -1.897015882673E-02));
#1484 = CARTESIAN_POINT('',(1.098125944153,0.444471397916,
    -2.792155550648E-02));
#1485 = CARTESIAN_POINT('',(1.175437842646,0.151923464751,
    -4.866539047343E-02));
#1486 = CARTESIAN_POINT('',(1.185209823883,-2.669188644164E-03,
    -5.962716502584E-02));
#1487 = CARTESIAN_POINT('',(1.145312607166,-0.303011778003,
    -8.092369937426E-02));
#1488 = CARTESIAN_POINT('',(1.097494157066,-0.446192449805,
    -9.107627913847E-02));
#1489 = CARTESIAN_POINT('',(0.947652287791,-0.712330103824,
    -0.109947427923));
#1490 = CARTESIAN_POINT('',(0.844943381858,-0.831615573745,
    -0.120369105195));
#1491 = CARTESIAN_POINT('',(0.600732100228,-1.021702824088,
    -0.142104855299));
#1492 = CARTESIAN_POINT('',(0.462277389627,-1.091357076585,
    -0.153076540554));
#1493 = CARTESIAN_POINT('',(0.211771477776,-1.160894000854,
    -0.170924869701));
#1494 = CARTESIAN_POINT('',(0.106047155132,-1.175240473581,
    -0.177925790491));
#1495 = CARTESIAN_POINT('',(-4.161428146521E-13,-1.175240473581,
    -0.184437899601));
#1496 = PCURVE('',#1307,#1497);
#1497 = DEFINITIONAL_REPRESENTATION('',(#1498),#1501);
#1498 = B_SPLINE_CURVE_WITH_KNOTS('',1,(#1499,#1500),.UNSPECIFIED.,.F.,
  .F.,(2,2),(1.392621590387,2.134560905568),.PIECEWISE_BEZIER_KNOTS.);
#1499 = CARTESIAN_POINT('',(9.424777960769,2.28125));
#1500 = CARTESIAN_POINT('',(3.141592653589,1.78125));
#1501 = ( GEOMETRIC_REPRESENTATION_CONTEXT(2) 
PARAMETRIC_REPRESENTATION_CONTEXT() REPRESENTATION_CONTEXT('2D SPACE',''
  ) );
#1502 = PCURVE('',#362,#1503);
#1503 = DEFINITIONAL_REPRESENTATION('',(#1504),#1507);
#1504 = B_SPLINE_CURVE_WITH_KNOTS('',1,(#1505,#1506),.UNSPECIFIED.,.F.,
  .F.,(2,2),(1.392621590387,2.134560905568),.PIECEWISE_BEZIER_KNOTS.);
#1505 = CARTESIAN_POINT('',(1.,0.642857142857));
#1506 = CARTESIAN_POINT('',(1.,0.5));
#1507 = ( GEOMETRIC_REPRESENTATION_CONTEXT(2) 
PARAMETRIC_REPRESENTATION_CONTEXT() REPRESENTATION_CONTEXT('2D SPACE',''
  ) );
#1508 = ORIENTED_EDGE('',*,*,#1289,.T.);
#1509 = ORIENTED_EDGE('',*,*,#1510,.T.);
#1510 = EDGE_CURVE('',#1292,#1430,#1511,.T.);
#1511 = SURFACE_CURVE('',#1512,(#1549,#1555),.PCURVE_S1.);
#1512 = B_SPLINE_CURVE_WITH_KNOTS('',3,(#1513,#1514,#1515,#1516,#1517,
    #1518,#1519,#1520,#1521,#1522,#1523,#1524,#1525,#1526,#1527,#1528,
    #1529,#1530,#1531,#1532,#1533,#1534,#1535,#1536,#1537,#1538,#1539,
    #1540,#1541,#1542,#1543,#1544,#1545,#1546,#1547,#1548),
  .UNSPECIFIED.,.F.,.F.,(4,2,2,2,2,2,2,2,2,2,2,2,2,2,2,2,2,4),(
    1.697861438176,1.729866814172,1.775921651635,1.82270861579,
    1.867651253685,1.914345289052,1.960154730035,2.007468512563,
    2.052979668127,2.098735355969,2.145453756835,2.19041908724,
    2.237212580954,2.283293297643,2.328011939873,2.374818426388,
    2.420393139993,2.439327413533),.UNSPECIFIED.);
#1513 = CARTESIAN_POINT('',(-4.19473483726E-13,-1.175240473581,
    -0.246937899601));
#1514 = CARTESIAN_POINT('',(0.106294870704,-1.175240473581,
    -0.240410578854));
#1515 = CARTESIAN_POINT('',(0.212263234579,-1.160826900496,
    -0.233392293101));
#1516 = CARTESIAN_POINT('',(0.462972911796,-1.091063549997,
    -0.215523423541));
#1517 = CARTESIAN_POINT('',(0.601391812096,-1.021316108205,
    -0.204550633404));
#1518 = CARTESIAN_POINT('',(0.845487057056,-0.831062950457,
    -0.182816126805));
#1519 = CARTESIAN_POINT('',(0.948118810794,-0.71170952512,
    -0.172403424255));
#1520 = CARTESIAN_POINT('',(1.09779173049,-0.445463086348,
    -0.153524561818));
#1521 = CARTESIAN_POINT('',(1.145517571861,-0.302240887995,
    -0.143369037511));
#1522 = CARTESIAN_POINT('',(1.185469323716,9.068158174747E-05,
    -0.1219314696));
#1523 = CARTESIAN_POINT('',(1.175073058801,0.156673938265,
    -0.110828546396));
#1524 = CARTESIAN_POINT('',(1.094725320277,0.453887008526,
    -8.975391834192E-02));
#1525 = CARTESIAN_POINT('',(1.026698645284,0.591878581281,
    -8.066743421878E-02));
#1526 = CARTESIAN_POINT('',(0.838670889543,0.838220101995,
    -6.038735963873E-02));
#1527 = CARTESIAN_POINT('',(0.718971620628,0.942891317688,
    -4.932592022492E-02));
#1528 = CARTESIAN_POINT('',(0.450734060581,1.095879209729,
    -2.743008314503E-02));
#1529 = CARTESIAN_POINT('',(0.305932919154,1.144785323832,
    -1.680427737788E-02));
#1530 = CARTESIAN_POINT('',(4.893047337516E-03,1.18505341817,
    3.109535300439E-03));
#1531 = CARTESIAN_POINT('',(-0.148484916077,1.175726858483,
    1.216296952817E-02));
#1532 = CARTESIAN_POINT('',(-0.446349703494,1.098243837228,
    3.320121589087E-02));
#1533 = CARTESIAN_POINT('',(-0.587567875604,1.029623832068,
    4.430593095588E-02));
#1534 = CARTESIAN_POINT('',(-0.830441483847,0.844954566914,
    6.576744982714E-02));
#1535 = CARTESIAN_POINT('',(-0.931201830991,0.732439850574,
    7.59439755196E-02));
#1536 = CARTESIAN_POINT('',(-1.088221920642,0.470359154301,
    9.487795404579E-02));
#1537 = CARTESIAN_POINT('',(-1.140967579962,0.322038131469,
    0.105227189962));
#1538 = CARTESIAN_POINT('',(-1.185130913927,1.564829677548E-02,
    0.126952519202));
#1539 = CARTESIAN_POINT('',(-1.17703241744,-0.139209682278,
    0.137933107326));
#1540 = CARTESIAN_POINT('',(-1.102828692533,-0.432642236263,
    0.158739668521));
#1541 = CARTESIAN_POINT('',(-1.039145764617,-0.568837140066,
    0.16775131194));
#1542 = CARTESIAN_POINT('',(-0.860191983284,-0.81583798962,
    0.187497550531));
#1543 = CARTESIAN_POINT('',(-0.744454838501,-0.922653537767,
    0.198391709717));
#1544 = CARTESIAN_POINT('',(-0.481614299308,-1.082722234938,
    0.220207169304));
#1545 = CARTESIAN_POINT('',(-0.337844972874,-1.135832044572,
    0.230918650429));
#1546 = CARTESIAN_POINT('',(-0.125650613556,-1.170206362589,
    0.24516771046));
#1547 = CARTESIAN_POINT('',(-6.281033617417E-02,-1.175240473581,
    0.249205063763));
#1548 = CARTESIAN_POINT('',(-6.036986987295E-14,-1.175240473581,
    0.253062100399));
#1549 = PCURVE('',#1307,#1550);
#1550 = DEFINITIONAL_REPRESENTATION('',(#1551),#1554);
#1551 = B_SPLINE_CURVE_WITH_KNOTS('',1,(#1552,#1553),.UNSPECIFIED.,.F.,
  .F.,(2,2),(1.697861438176,2.439327413533),.PIECEWISE_BEZIER_KNOTS.);
#1552 = CARTESIAN_POINT('',(3.141592653589,1.71875));
#1553 = CARTESIAN_POINT('',(9.424777960769,2.21875));
#1554 = ( GEOMETRIC_REPRESENTATION_CONTEXT(2) 
PARAMETRIC_REPRESENTATION_CONTEXT() REPRESENTATION_CONTEXT('2D SPACE',''
  ) );
#1555 = PCURVE('',#120,#1556);
#1556 = DEFINITIONAL_REPRESENTATION('',(#1557),#1560);
#1557 = B_SPLINE_CURVE_WITH_KNOTS('',1,(#1558,#1559),.UNSPECIFIED.,.F.,
  .F.,(2,2),(1.697861438176,2.439327413533),.PIECEWISE_BEZIER_KNOTS.);
#1558 = CARTESIAN_POINT('',(1.19045038633E-14,0.5));
#1559 = CARTESIAN_POINT('',(1.191586604673E-14,0.642857142857));
#1560 = ( GEOMETRIC_REPRESENTATION_CONTEXT(2) 
PARAMETRIC_REPRESENTATION_CONTEXT() REPRESENTATION_CONTEXT('2D SPACE',''
  ) );
#1561 = ADVANCED_FACE('',(#1562),#1445,.T.);
#1562 = FACE_BOUND('',#1563,.T.);
#1563 = EDGE_LOOP('',(#1564,#1594,#1646,#1647));
#1564 = ORIENTED_EDGE('',*,*,#1565,.F.);
#1565 = EDGE_CURVE('',#1566,#1568,#1570,.T.);
#1566 = VERTEX_POINT('',#1567);
#1567 = CARTESIAN_POINT('',(3.563423175478E-14,-1.175240473581,
    0.815562100399));
#1568 = VERTEX_POINT('',#1569);
#1569 = CARTESIAN_POINT('',(1.096629462866E-14,-1.175240473581,
    0.753062100399));
#1570 = SURFACE_CURVE('',#1571,(#1575,#1582),.PCURVE_S1.);
#1571 = LINE('',#1572,#1573);
#1572 = CARTESIAN_POINT('',(1.439254484199E-16,-1.175240473581,
    -1.965687899601));
#1573 = VECTOR('',#1574,1.);
#1574 = DIRECTION('',(0.,0.,-1.));
#1575 = PCURVE('',#1445,#1576);
#1576 = DEFINITIONAL_REPRESENTATION('',(#1577),#1581);
#1577 = LINE('',#1578,#1579);
#1578 = CARTESIAN_POINT('',(3.14159265359,0.));
#1579 = VECTOR('',#1580,1.);
#1580 = DIRECTION('',(0.,-1.));
#1581 = ( GEOMETRIC_REPRESENTATION_CONTEXT(2) 
PARAMETRIC_REPRESENTATION_CONTEXT() REPRESENTATION_CONTEXT('2D SPACE',''
  ) );
#1582 = PCURVE('',#1583,#1588);
#1583 = CYLINDRICAL_SURFACE('',#1584,1.175240473581);
#1584 = AXIS2_PLACEMENT_3D('',#1585,#1586,#1587);
#1585 = CARTESIAN_POINT('',(0.,2.775557561563E-16,-1.965687899601));
#1586 = DIRECTION('',(0.,0.,1.));
#1587 = DIRECTION('',(0.,1.,0.));
#1588 = DEFINITIONAL_REPRESENTATION('',(#1589),#1593);
#1589 = LINE('',#1590,#1591);
#1590 = CARTESIAN_POINT('',(3.14159265359,0.));
#1591 = VECTOR('',#1592,1.);
#1592 = DIRECTION('',(0.,-1.));
#1593 = ( GEOMETRIC_REPRESENTATION_CONTEXT(2) 
PARAMETRIC_REPRESENTATION_CONTEXT() REPRESENTATION_CONTEXT('2D SPACE',''
  ) );
#1594 = ORIENTED_EDGE('',*,*,#1595,.T.);
#1595 = EDGE_CURVE('',#1566,#1428,#1596,.T.);
#1596 = SURFACE_CURVE('',#1597,(#1634,#1640),.PCURVE_S1.);
#1597 = B_SPLINE_CURVE_WITH_KNOTS('',3,(#1598,#1599,#1600,#1601,#1602,
    #1603,#1604,#1605,#1606,#1607,#1608,#1609,#1610,#1611,#1612,#1613,
    #1614,#1615,#1616,#1617,#1618,#1619,#1620,#1621,#1622,#1623,#1624,
    #1625,#1626,#1627,#1628,#1629,#1630,#1631,#1632,#1633),
  .UNSPECIFIED.,.F.,.F.,(4,2,2,2,2,2,2,2,2,2,2,2,2,2,2,2,2,4),(
    0.650955838176,0.677533480794,0.723466664892,0.770316650733,
    0.815077056785,0.861497629669,0.907900646274,0.953156594617,
    1.000190707953,1.045312619009,1.091100321415,1.137933562537,
    1.182645109682,1.228928865136,1.275728318896,1.320873293072,
    1.367786262813,1.392621590387),.UNSPECIFIED.);
#1598 = CARTESIAN_POINT('',(7.112453806114E-14,-1.175240473581,
    0.815562100399));
#1599 = CARTESIAN_POINT('',(-8.803938422281E-02,-1.175240473581,
    0.81015580661));
#1600 = CARTESIAN_POINT('',(-0.175969808331,-1.165351880464,
    0.804405616229));
#1601 = CARTESIAN_POINT('',(-0.411155599931,-1.111530204771,
    0.788055224318));
#1602 = CARTESIAN_POINT('',(-0.552051494678,-1.048703336065,
    0.777175687893));
#1603 = CARTESIAN_POINT('',(-0.804361481214,-0.870909599849,
    0.755378466176));
#1604 = CARTESIAN_POINT('',(-0.912673522272,-0.756658772015,
    0.744676656887));
#1605 = CARTESIAN_POINT('',(-1.07471562848,-0.498368485336,
    0.725568672191));
#1606 = CARTESIAN_POINT('',(-1.129202446581,-0.358219779049,
    0.715962560071));
#1607 = CARTESIAN_POINT('',(-1.183876491068,-5.946083048504E-02,
    0.694778317691));
#1608 = CARTESIAN_POINT('',(-1.18142262819,9.664931759368E-02,
    0.683708941423));
#1609 = CARTESIAN_POINT('',(-1.116226779609,0.398898747918,
    0.662277197799));
#1610 = CARTESIAN_POINT('',(-1.054166209058,0.542031764731,
    0.652745610137));
#1611 = CARTESIAN_POINT('',(-0.880411166907,0.792953496722,
    0.633179604091));
#1612 = CARTESIAN_POINT('',(-0.771607952966,0.89916666967,0.62273259792)
  );
#1613 = CARTESIAN_POINT('',(-0.514955538487,1.06795053411,0.600988151429
    ));
#1614 = CARTESIAN_POINT('',(-0.368261545586,1.126984317194,
    0.589887046344));
#1615 = CARTESIAN_POINT('',(-6.65939536374E-02,1.182929513774,
    0.569378874972));
#1616 = CARTESIAN_POINT('',(8.495406937481E-02,1.181753099415,
    0.560576165541));
#1617 = CARTESIAN_POINT('',(0.381652575662,1.121949102518,0.54023632527)
  );
#1618 = CARTESIAN_POINT('',(0.523791189356,1.063042976497,0.529419481345
    ));
#1619 = CARTESIAN_POINT('',(0.780514697889,0.892349297845,0.507602959082
    ));
#1620 = CARTESIAN_POINT('',(0.891895269858,0.781047860077,0.496817285347
    ));
#1621 = CARTESIAN_POINT('',(1.060818272839,0.527279477635,0.47744707919)
  );
#1622 = CARTESIAN_POINT('',(1.119034374397,0.388771992968,0.468128940385
    ));
#1623 = CARTESIAN_POINT('',(1.181726662514,9.215084164401E-02,
    0.447096283807));
#1624 = CARTESIAN_POINT('',(1.183609874315,-6.35318323667E-02,
    0.436057218646));
#1625 = CARTESIAN_POINT('',(1.126841457117,-0.368415247801,
    0.414438705791));
#1626 = CARTESIAN_POINT('',(1.068096958979,-0.51443442368,0.404579493956
    ));
#1627 = CARTESIAN_POINT('',(0.900143203937,-0.770408638293,
    0.385190602066));
#1628 = CARTESIAN_POINT('',(0.794345588235,-0.879079723675,0.37484102051
    ));
#1629 = CARTESIAN_POINT('',(0.542801502771,-1.054009246056,
    0.353192378081));
#1630 = CARTESIAN_POINT('',(0.398111292951,-1.116730326046,
    0.342083592199));
#1631 = CARTESIAN_POINT('',(0.164530543671,-1.166599774372,
    0.325971883433));
#1632 = CARTESIAN_POINT('',(8.229504882737E-02,-1.175240473581,
    0.320615647913));
#1633 = CARTESIAN_POINT('',(-1.654946460488E-14,-1.175240473581,
    0.315562100399));
#1634 = PCURVE('',#1445,#1635);
#1635 = DEFINITIONAL_REPRESENTATION('',(#1636),#1639);
#1636 = B_SPLINE_CURVE_WITH_KNOTS('',1,(#1637,#1638),.UNSPECIFIED.,.F.,
  .F.,(2,2),(0.650955838176,1.392621590387),.PIECEWISE_BEZIER_KNOTS.);
#1637 = CARTESIAN_POINT('',(3.14159265359,2.78125));
#1638 = CARTESIAN_POINT('',(-3.14159265359,2.28125));
#1639 = ( GEOMETRIC_REPRESENTATION_CONTEXT(2) 
PARAMETRIC_REPRESENTATION_CONTEXT() REPRESENTATION_CONTEXT('2D SPACE',''
  ) );
#1640 = PCURVE('',#362,#1641);
#1641 = DEFINITIONAL_REPRESENTATION('',(#1642),#1645);
#1642 = B_SPLINE_CURVE_WITH_KNOTS('',1,(#1643,#1644),.UNSPECIFIED.,.F.,
  .F.,(2,2),(0.650955838176,1.392621590387),.PIECEWISE_BEZIER_KNOTS.);
#1643 = CARTESIAN_POINT('',(1.,0.785714285714));
#1644 = CARTESIAN_POINT('',(1.,0.642857142857));
#1645 = ( GEOMETRIC_REPRESENTATION_CONTEXT(2) 
PARAMETRIC_REPRESENTATION_CONTEXT() REPRESENTATION_CONTEXT('2D SPACE',''
  ) );
#1646 = ORIENTED_EDGE('',*,*,#1427,.T.);
#1647 = ORIENTED_EDGE('',*,*,#1648,.T.);
#1648 = EDGE_CURVE('',#1430,#1568,#1649,.T.);
#1649 = SURFACE_CURVE('',#1650,(#1687,#1693),.PCURVE_S1.);
#1650 = B_SPLINE_CURVE_WITH_KNOTS('',3,(#1651,#1652,#1653,#1654,#1655,
    #1656,#1657,#1658,#1659,#1660,#1661,#1662,#1663,#1664,#1665,#1666,
    #1667,#1668,#1669,#1670,#1671,#1672,#1673,#1674,#1675,#1676,#1677,
    #1678,#1679,#1680,#1681,#1682,#1683,#1684,#1685,#1686),
  .UNSPECIFIED.,.F.,.F.,(4,2,2,2,2,2,2,2,2,2,2,2,2,2,2,2,2,4),(
    2.439327413533,2.465795698188,2.512594103498,2.55763144933,
    2.604602371215,2.650762169358,2.695416548478,2.742189063598,
    2.78784945693,2.833011900794,2.879909451842,2.925037147113,
    2.971581946768,3.017858898903,3.062520256177,3.10929109287,
    3.155076447663,3.179932520678),.UNSPECIFIED.);
#1651 = CARTESIAN_POINT('',(-6.036986987295E-14,-1.175240473581,
    0.253062100399));
#1652 = CARTESIAN_POINT('',(8.780278016212E-02,-1.175240473581,
    0.258453864882));
#1653 = CARTESIAN_POINT('',(0.175503812246,-1.16540488566,0.264188089601
    ));
#1654 = CARTESIAN_POINT('',(0.413540405644,-1.111078701194,
    0.280731429339));
#1655 = CARTESIAN_POINT('',(0.557151949662,-1.046462728572,
    0.291841157889));
#1656 = CARTESIAN_POINT('',(0.805979377731,-0.868391859996,
    0.313434349169));
#1657 = CARTESIAN_POINT('',(0.910190372193,-0.758473912229,
    0.323730705936));
#1658 = CARTESIAN_POINT('',(1.075096561701,-0.499873423537,
    0.343025565146));
#1659 = CARTESIAN_POINT('',(1.132082539938,-0.352320021277,
    0.353079977647));
#1660 = CARTESIAN_POINT('',(1.184388154461,-4.609123100155E-02,
    0.374793887634));
#1661 = CARTESIAN_POINT('',(1.180233590883,0.109319220034,0.385813650152
    ));
#1662 = CARTESIAN_POINT('',(1.113338962006,0.404792487699,0.406764913199
    ));
#1663 = CARTESIAN_POINT('',(1.053143472491,0.542449893649,0.415956218766
    ));
#1664 = CARTESIAN_POINT('',(0.880579180218,0.793786340718,0.435463806831
    ));
#1665 = CARTESIAN_POINT('',(0.767600504924,0.903484680765,0.446290780569
    ));
#1666 = CARTESIAN_POINT('',(0.508611989443,1.070358295049,0.468110956081
    ));
#1667 = CARTESIAN_POINT('',(0.365856252728,1.127170898338,0.478891472892
    ));
#1668 = CARTESIAN_POINT('',(6.821955158131E-02,1.182881403077,
    0.499143795932));
#1669 = CARTESIAN_POINT('',(-8.368973354602E-02,1.181887830846,
    0.507965618601));
#1670 = CARTESIAN_POINT('',(-0.384619315583,1.121475098259,
    0.528586861347));
#1671 = CARTESIAN_POINT('',(-0.530228672766,1.060417190528,
    0.539693124259));
#1672 = CARTESIAN_POINT('',(-0.784105566263,0.888254406859,
    0.561386927777));
#1673 = CARTESIAN_POINT('',(-0.891272050348,0.780686883383,
    0.571781442962));
#1674 = CARTESIAN_POINT('',(-1.061862897757,0.527000728464,
    0.591251152293));
#1675 = CARTESIAN_POINT('',(-1.122119636377,0.382299274998,
    0.600954224493));
#1676 = CARTESIAN_POINT('',(-1.182729999548,7.860162251666E-02,
    0.622488657893));
#1677 = CARTESIAN_POINT('',(-1.182816405009,-7.729017046971E-02,
    0.633542551152));
#1678 = CARTESIAN_POINT('',(-1.123765924892,-0.374890869176,
    0.65464466496));
#1679 = CARTESIAN_POINT('',(-1.067251050437,-0.514140631584,
    0.66408623609));
#1680 = CARTESIAN_POINT('',(-0.901464227832,-0.769981756486,
    0.683337343171));
#1681 = CARTESIAN_POINT('',(-0.791474552709,-0.882640511134,
    0.694085727122));
#1682 = CARTESIAN_POINT('',(-0.536741341873,-1.056589750313,
    0.715895451619));
#1683 = CARTESIAN_POINT('',(-0.395156836056,-1.117288764403,
    0.726741833651));
#1684 = CARTESIAN_POINT('',(-0.16489446187,-1.166561150285,
    0.742628600626));
#1685 = CARTESIAN_POINT('',(-8.247897680236E-02,-1.175240473581,
    0.747997258295));
#1686 = CARTESIAN_POINT('',(2.178866380889E-14,-1.175240473581,
    0.753062100399));
#1687 = PCURVE('',#1445,#1688);
#1688 = DEFINITIONAL_REPRESENTATION('',(#1689),#1692);
#1689 = B_SPLINE_CURVE_WITH_KNOTS('',1,(#1690,#1691),.UNSPECIFIED.,.F.,
  .F.,(2,2),(2.439327413533,3.179932520678),.PIECEWISE_BEZIER_KNOTS.);
#1690 = CARTESIAN_POINT('',(-3.14159265359,2.21875));
#1691 = CARTESIAN_POINT('',(3.14159265359,2.71875));
#1692 = ( GEOMETRIC_REPRESENTATION_CONTEXT(2) 
PARAMETRIC_REPRESENTATION_CONTEXT() REPRESENTATION_CONTEXT('2D SPACE',''
  ) );
#1693 = PCURVE('',#120,#1694);
#1694 = DEFINITIONAL_REPRESENTATION('',(#1695),#1698);
#1695 = B_SPLINE_CURVE_WITH_KNOTS('',1,(#1696,#1697),.UNSPECIFIED.,.F.,
  .F.,(2,2),(2.439327413533,3.179932520678),.PIECEWISE_BEZIER_KNOTS.);
#1696 = CARTESIAN_POINT('',(1.191586604673E-14,0.642857142857));
#1697 = CARTESIAN_POINT('',(1.159429968529E-14,0.785714285714));
#1698 = ( GEOMETRIC_REPRESENTATION_CONTEXT(2) 
PARAMETRIC_REPRESENTATION_CONTEXT() REPRESENTATION_CONTEXT('2D SPACE',''
  ) );
#1699 = ADVANCED_FACE('',(#1700),#1583,.T.);
#1700 = FACE_BOUND('',#1701,.T.);
#1701 = EDGE_LOOP('',(#1702,#1703,#1757,#1786));
#1702 = ORIENTED_EDGE('',*,*,#1565,.T.);
#1703 = ORIENTED_EDGE('',*,*,#1704,.T.);
#1704 = EDGE_CURVE('',#1568,#1705,#1707,.T.);
#1705 = VERTEX_POINT('',#1706);
#1706 = CARTESIAN_POINT('',(-1.439254484199E-16,-1.175240473581,
    1.253062100399));
#1707 = SURFACE_CURVE('',#1708,(#1745,#1751),.PCURVE_S1.);
#1708 = B_SPLINE_CURVE_WITH_KNOTS('',3,(#1709,#1710,#1711,#1712,#1713,
    #1714,#1715,#1716,#1717,#1718,#1719,#1720,#1721,#1722,#1723,#1724,
    #1725,#1726,#1727,#1728,#1729,#1730,#1731,#1732,#1733,#1734,#1735,
    #1736,#1737,#1738,#1739,#1740,#1741,#1742,#1743,#1744),
  .UNSPECIFIED.,.F.,.F.,(4,2,2,2,2,2,2,2,2,2,2,2,2,2,2,2,2,4),(
    3.179932520678,3.200063891237,3.247100306632,3.292355601325,
    3.338534929119,3.384964245613,3.429710477527,3.476514093438,
    3.522461259361,3.567350593412,3.614563506983,3.659981787659,
    3.705875539281,3.752489985789,3.797357493714,3.844101040551,
    3.883127278854,3.920909862319),.UNSPECIFIED.);
#1709 = CARTESIAN_POINT('',(2.178866380889E-14,-1.175240473581,
    0.753062100399));
#1710 = CARTESIAN_POINT('',(6.68012634893E-02,-1.175240473581,
    0.757164210597));
#1711 = CARTESIAN_POINT('',(0.133619142769,-1.169546474324,
    0.761469214685));
#1712 = CARTESIAN_POINT('',(0.354250272445,-1.131493932256,
    0.776366763947));
#1713 = CARTESIAN_POINT('',(0.50184770836,-1.074200568598,0.787461642993
    ));
#1714 = CARTESIAN_POINT('',(0.760832072598,-0.908332074631,
    0.809245928317));
#1715 = CARTESIAN_POINT('',(0.871017529832,-0.803293102077,
    0.819736185041));
#1716 = CARTESIAN_POINT('',(1.04745553642,-0.554731664362,0.839383264439
    ));
#1717 = CARTESIAN_POINT('',(1.111037212338,-0.412917267976,
    0.848783179952));
#1718 = CARTESIAN_POINT('',(1.180100173956,-0.111916853481,
    0.870126359019));
#1719 = CARTESIAN_POINT('',(1.1845641829,4.435067855889E-02,
    0.881206894986));
#1720 = CARTESIAN_POINT('',(1.133606712379,0.344076767671,0.902459714859
    ));
#1721 = CARTESIAN_POINT('',(1.080828984451,0.484994828133,0.912219119096
    ));
#1722 = CARTESIAN_POINT('',(0.921946145289,0.745330104341,0.931205603073
    ));
#1723 = CARTESIAN_POINT('',(0.815063145078,0.86089969154,0.941866413236)
  );
#1724 = CARTESIAN_POINT('',(0.564836154746,1.041900018729,0.963649408634
    ));
#1725 = CARTESIAN_POINT('',(0.424543719907,1.106510713536,0.974555131292
    ));
#1726 = CARTESIAN_POINT('',(0.130487345645,1.177501897935,0.995129351985
    ));
#1727 = CARTESIAN_POINT('',(-2.013746594895E-02,1.184536997798,
    1.003969098814));
#1728 = CARTESIAN_POINT('',(-0.323675242636,1.140675545103,
    1.024163700002));
#1729 = CARTESIAN_POINT('',(-0.473163429272,1.087201226759,
    1.035239286224));
#1730 = CARTESIAN_POINT('',(-0.737093360962,0.927761520533,
    1.057099342791));
#1731 = CARTESIAN_POINT('',(-0.850233038655,0.82532951703,1.067678584526
    ));
#1732 = CARTESIAN_POINT('',(-1.032444275608,0.581898012646,
    1.087498309264));
#1733 = CARTESIAN_POINT('',(-1.09927622446,0.442884257963,1.096658296389
    ));
#1734 = CARTESIAN_POINT('',(-1.176594786735,0.144633899284,
    1.117806475944));
#1735 = CARTESIAN_POINT('',(-1.185389389653,-1.188590857129E-02,
    1.128904900152));
#1736 = CARTESIAN_POINT('',(-1.142466688996,-0.313507094855,
    1.150292096578));
#1737 = CARTESIAN_POINT('',(-1.093389147294,-0.45611571364,
    1.160404113508));
#1738 = CARTESIAN_POINT('',(-0.941251893341,-0.720759639015,
    1.179169345768));
#1739 = CARTESIAN_POINT('',(-0.837495532802,-0.839114079441,
    1.189716511126));
#1740 = CARTESIAN_POINT('',(-0.610125567906,-1.012862369113,
    1.209838797931));
#1741 = CARTESIAN_POINT('',(-0.494243999904,-1.074182587097,
    1.219128846341));
#1742 = CARTESIAN_POINT('',(-0.25105039524,-1.155013269213,
    1.236928549634));
#1743 = CARTESIAN_POINT('',(-0.125891751192,-1.175240473581,
    1.245331380806));
#1744 = CARTESIAN_POINT('',(5.20417042793E-16,-1.175240473581,
    1.253062100399));
#1745 = PCURVE('',#1583,#1746);
#1746 = DEFINITIONAL_REPRESENTATION('',(#1747),#1750);
#1747 = B_SPLINE_CURVE_WITH_KNOTS('',1,(#1748,#1749),.UNSPECIFIED.,.F.,
  .F.,(2,2),(3.179932520678,3.920909862319),.PIECEWISE_BEZIER_KNOTS.);
#1748 = CARTESIAN_POINT('',(3.14159265359,2.71875));
#1749 = CARTESIAN_POINT('',(9.424777960769,3.21875));
#1750 = ( GEOMETRIC_REPRESENTATION_CONTEXT(2) 
PARAMETRIC_REPRESENTATION_CONTEXT() REPRESENTATION_CONTEXT('2D SPACE',''
  ) );
#1751 = PCURVE('',#120,#1752);
#1752 = DEFINITIONAL_REPRESENTATION('',(#1753),#1756);
#1753 = B_SPLINE_CURVE_WITH_KNOTS('',1,(#1754,#1755),.UNSPECIFIED.,.F.,
  .F.,(2,2),(3.179932520678,3.920909862319),.PIECEWISE_BEZIER_KNOTS.);
#1754 = CARTESIAN_POINT('',(1.159429968529E-14,0.785714285714));
#1755 = CARTESIAN_POINT('',(5.889386200941E-15,0.928571428571));
#1756 = ( GEOMETRIC_REPRESENTATION_CONTEXT(2) 
PARAMETRIC_REPRESENTATION_CONTEXT() REPRESENTATION_CONTEXT('2D SPACE',''
  ) );
#1757 = ORIENTED_EDGE('',*,*,#1758,.T.);
#1758 = EDGE_CURVE('',#1705,#1759,#1761,.T.);
#1759 = VERTEX_POINT('',#1760);
#1760 = CARTESIAN_POINT('',(-0.823407874165,-0.838564036616,
    1.253062100399));
#1761 = SURFACE_CURVE('',#1762,(#1767,#1774),.PCURVE_S1.);
#1762 = CIRCLE('',#1763,1.175240473581);
#1763 = AXIS2_PLACEMENT_3D('',#1764,#1765,#1766);
#1764 = CARTESIAN_POINT('',(-2.028266138957E-15,0.,1.253062100399));
#1765 = DIRECTION('',(-5.024373224663E-15,-6.517290614745E-15,-1.));
#1766 = DIRECTION('',(-0.700629269222,-0.713525491562,8.170475930236E-15
    ));
#1767 = PCURVE('',#1583,#1768);
#1768 = DEFINITIONAL_REPRESENTATION('',(#1769),#1773);
#1769 = LINE('',#1770,#1771);
#1770 = CARTESIAN_POINT('',(14.931684237209,3.21875));
#1771 = VECTOR('',#1772,1.);
#1772 = DIRECTION('',(-1.,2.860371028099E-15));
#1773 = ( GEOMETRIC_REPRESENTATION_CONTEXT(2) 
PARAMETRIC_REPRESENTATION_CONTEXT() REPRESENTATION_CONTEXT('2D SPACE',''
  ) );
#1774 = PCURVE('',#1775,#1780);
#1775 = PLANE('',#1776);
#1776 = AXIS2_PLACEMENT_3D('',#1777,#1778,#1779);
#1777 = CARTESIAN_POINT('',(0.,1.538302554421E-18,1.253062100399));
#1778 = DIRECTION('',(0.,7.949183622941E-17,-1.));
#1779 = DIRECTION('',(0.,1.,7.949183622941E-17));
#1780 = DEFINITIONAL_REPRESENTATION('',(#1781),#1785);
#1781 = CIRCLE('',#1782,1.175240473581);
#1782 = AXIS2_PLACEMENT_2D('',#1783,#1784);
#1783 = CARTESIAN_POINT('',(-1.538302554421E-18,-2.028266138957E-15));
#1784 = DIRECTION('',(-0.713525491562,-0.700629269222));
#1785 = ( GEOMETRIC_REPRESENTATION_CONTEXT(2) 
PARAMETRIC_REPRESENTATION_CONTEXT() REPRESENTATION_CONTEXT('2D SPACE',''
  ) );
#1786 = ORIENTED_EDGE('',*,*,#1787,.T.);
#1787 = EDGE_CURVE('',#1759,#1566,#1788,.T.);
#1788 = SURFACE_CURVE('',#1789,(#1822,#1828),.PCURVE_S1.);
#1789 = B_SPLINE_CURVE_WITH_KNOTS('',3,(#1790,#1791,#1792,#1793,#1794,
    #1795,#1796,#1797,#1798,#1799,#1800,#1801,#1802,#1803,#1804,#1805,
    #1806,#1807,#1808,#1809,#1810,#1811,#1812,#1813,#1814,#1815,#1816,
    #1817,#1818,#1819,#1820,#1821),.UNSPECIFIED.,.F.,.F.,(4,2,2,2,2,2,2,
    2,2,2,2,2,2,2,2,4),(1.000000000018E-06,3.902841850805E-02,
    7.883091719129E-02,0.125624444207,0.171465863074,0.217050620901,
    0.264440689025,0.30937445559,0.355488690178,0.402391346491,
    0.447279598821,0.493870761622,0.539949110008,0.585352244824,
    0.632546080516,0.650955838176),.UNSPECIFIED.);
#1790 = CARTESIAN_POINT('',(-0.823407874164,-0.838564036617,
    1.253062100399));
#1791 = CARTESIAN_POINT('',(-0.916013545589,-0.747632115244,
    1.244151525109));
#1792 = CARTESIAN_POINT('',(-0.992871787126,-0.642045120486,
    1.236087898091));
#1793 = CARTESIAN_POINT('',(-1.110149000871,-0.407750519012,
    1.219474659727));
#1794 = CARTESIAN_POINT('',(-1.148952998103,-0.280326010773,
    1.210439309721));
#1795 = CARTESIAN_POINT('',(-1.185467046999,5.038576860031E-03,
    1.190204827641));
#1796 = CARTESIAN_POINT('',(-1.174408444061,0.161643380201,
    1.179100376618));
#1797 = CARTESIAN_POINT('',(-1.092811595498,0.458424344389,
    1.158056388114));
#1798 = CARTESIAN_POINT('',(-1.024291783071,0.595995324998,
    1.148997881257));
#1799 = CARTESIAN_POINT('',(-0.839063655657,0.836718156129,
    1.129088928883));
#1800 = CARTESIAN_POINT('',(-0.724392631502,0.937744314866,
    1.118465493174));
#1801 = CARTESIAN_POINT('',(-0.457920601103,1.09374086835,1.096571404871
    ));
#1802 = CARTESIAN_POINT('',(-0.307474785411,1.145179951991,
    1.085509169552));
#1803 = CARTESIAN_POINT('',(-3.306951370912E-03,1.184678839327,
    1.065430547253));
#1804 = CARTESIAN_POINT('',(0.14700768796,1.175529571914,1.056544949865)
  );
#1805 = CARTESIAN_POINT('',(0.440069843793,1.100457255685,1.035887090438
    ));
#1806 = CARTESIAN_POINT('',(0.579630867598,1.033774182401,1.024952808469
    ));
#1807 = CARTESIAN_POINT('',(0.827378263678,0.849067512562,1.003190675488
    ));
#1808 = CARTESIAN_POINT('',(0.932574910156,0.731984267705,0.992579755565
    ));
#1809 = CARTESIAN_POINT('',(1.087763167054,0.469281553248,0.973736212758
    ));
#1810 = CARTESIAN_POINT('',(1.138543349432,0.32745080531,0.963780809865)
  );
#1811 = CARTESIAN_POINT('',(1.185125450049,2.660584066334E-02,
    0.942448653354));
#1812 = CARTESIAN_POINT('',(1.178296379738,-0.129814109186,
    0.931357309826));
#1813 = CARTESIAN_POINT('',(1.104712548085,-0.429322574727,0.91011992109
    ));
#1814 = CARTESIAN_POINT('',(1.039351782435,-0.569600730644,
    0.900858467792));
#1815 = CARTESIAN_POINT('',(0.859760073901,-0.81536854255,0.881116771368
    ));
#1816 = CARTESIAN_POINT('',(0.747957194911,-0.918997003738,
    0.870577200435));
#1817 = CARTESIAN_POINT('',(0.486258533909,-1.081379883672,
    0.848749814505));
#1818 = CARTESIAN_POINT('',(0.337619000108,-1.136599464378,
    0.837664466007));
#1819 = CARTESIAN_POINT('',(0.121997564904,-1.170494959437,0.82322193328
    ));
#1820 = CARTESIAN_POINT('',(6.098306916237E-02,-1.175240473581,
    0.819306928818));
#1821 = CARTESIAN_POINT('',(7.112453806114E-14,-1.175240473581,
    0.815562100399));
#1822 = PCURVE('',#1583,#1823);
#1823 = DEFINITIONAL_REPRESENTATION('',(#1824),#1827);
#1824 = B_SPLINE_CURVE_WITH_KNOTS('',1,(#1825,#1826),.UNSPECIFIED.,.F.,
  .F.,(2,2),(1.000000000018E-06,0.650955838176),
  .PIECEWISE_BEZIER_KNOTS.);
#1825 = CARTESIAN_POINT('',(8.648498930031,3.21875));
#1826 = CARTESIAN_POINT('',(3.14159265359,2.78125));
#1827 = ( GEOMETRIC_REPRESENTATION_CONTEXT(2) 
PARAMETRIC_REPRESENTATION_CONTEXT() REPRESENTATION_CONTEXT('2D SPACE',''
  ) );
#1828 = PCURVE('',#362,#1829);
#1829 = DEFINITIONAL_REPRESENTATION('',(#1830),#1900);
#1830 = B_SPLINE_CURVE_WITH_KNOTS('',3,(#1831,#1832,#1833,#1834,#1835,
    #1836,#1837,#1838,#1839,#1840,#1841,#1842,#1843,#1844,#1845,#1846,
    #1847,#1848,#1849,#1850,#1851,#1852,#1853,#1854,#1855,#1856,#1857,
    #1858,#1859,#1860,#1861,#1862,#1863,#1864,#1865,#1866,#1867,#1868,
    #1869,#1870,#1871,#1872,#1873,#1874,#1875,#1876,#1877,#1878,#1879,
    #1880,#1881,#1882,#1883,#1884,#1885,#1886,#1887,#1888,#1889,#1890,
    #1891,#1892,#1893,#1894,#1895,#1896,#1897,#1898,#1899),
  .UNSPECIFIED.,.F.,.F.,(4,1,1,1,1,1,1,1,1,1,1,1,1,1,1,1,1,1,1,1,1,1,1,1
    ,1,1,1,1,1,1,1,1,1,1,1,1,1,1,1,1,1,1,1,1,1,1,1,1,1,1,1,1,1,1,1,1,1,1
    ,1,1,1,1,1,1,1,1,4),(1.000000000018E-06,9.863952093578E-03,
    1.972690418716E-02,2.958985628073E-02,3.945280837431E-02,
    4.931576046789E-02,5.917871256147E-02,6.904166465505E-02,
    7.890461674863E-02,8.87675688422E-02,9.863052093578E-02,
    0.108493473029,0.118356425123,0.128219377217,0.13808232931,
    0.147945281404,0.157808233497,0.167671185591,0.177534137684,
    0.187397089778,0.197260041872,0.207122993965,0.216985946059,
    0.226848898152,0.236711850246,0.246574802339,0.256437754433,
    0.266300706527,0.27616365862,0.286026610714,0.295889562807,
    0.305752514901,0.315615466995,0.325478419088,0.335341371182,
    0.345204323275,0.355067275369,0.364930227462,0.374793179556,
    0.38465613165,0.394519083743,0.404382035837,0.41424498793,
    0.424107940024,0.433970892117,0.443833844211,0.453696796305,
    0.463559748398,0.473422700492,0.483285652585,0.493148604679,
    0.503011556772,0.512874508866,0.52273746096,0.532600413053,
    0.542463365147,0.55232631724,0.562189269334,0.572052221428,
    0.581915173521,0.591778125615,0.601641077708,0.611504029802,
    0.621366981895,0.631229933989,0.641092886083,0.650955838176),
  .QUASI_UNIFORM_KNOTS.);
#1831 = CARTESIAN_POINT('',(1.,0.911023421365));
#1832 = CARTESIAN_POINT('',(0.999999468491,0.910393403749));
#1833 = CARTESIAN_POINT('',(0.999932052703,0.909129090359));
#1834 = CARTESIAN_POINT('',(0.999789228202,0.907209961555));
#1835 = CARTESIAN_POINT('',(0.999834757868,0.905253774064));
#1836 = CARTESIAN_POINT('',(1.000044255448,0.903262142944));
#1837 = CARTESIAN_POINT('',(0.999988218598,0.901326288331));
#1838 = CARTESIAN_POINT('',(1.000003718592,0.899421450556));
#1839 = CARTESIAN_POINT('',(0.999999307711,0.897541278238));
#1840 = CARTESIAN_POINT('',(1.000000101084,0.895672358978));
#1841 = CARTESIAN_POINT('',(1.000000287955,0.893814168478));
#1842 = CARTESIAN_POINT('',(1.000000987977,0.89196543192));
#1843 = CARTESIAN_POINT('',(1.000002636263,0.890114023058));
#1844 = CARTESIAN_POINT('',(0.999994236333,0.888251862629));
#1845 = CARTESIAN_POINT('',(1.000021377016,0.886365576683));
#1846 = CARTESIAN_POINT('',(0.999869502446,0.884460277912));
#1847 = CARTESIAN_POINT('',(0.999703621008,0.882533314315));
#1848 = CARTESIAN_POINT('',(0.999932805768,0.880552341917));
#1849 = CARTESIAN_POINT('',(1.000015039425,0.878593452646));
#1850 = CARTESIAN_POINT('',(0.999995869925,0.876667366034));
#1851 = CARTESIAN_POINT('',(1.000001858726,0.874775508689));
#1852 = CARTESIAN_POINT('',(1.000000869145,0.872905716041));
#1853 = CARTESIAN_POINT('',(1.000000296875,0.871049165825));
#1854 = CARTESIAN_POINT('',(0.999999872051,0.869193601496));
#1855 = CARTESIAN_POINT('',(1.000000214924,0.867338541742));
#1856 = CARTESIAN_POINT('',(1.000001436766,0.86548397197));
#1857 = CARTESIAN_POINT('',(1.000000869515,0.863617392419));
#1858 = CARTESIAN_POINT('',(1.000000916668,0.861730644737));
#1859 = CARTESIAN_POINT('',(0.99999645739,0.859809577966));
#1860 = CARTESIAN_POINT('',(1.00001313863,0.857858178948));
#1861 = CARTESIAN_POINT('',(1.00027910359,0.855871708642));
#1862 = CARTESIAN_POINT('',(1.000143717302,0.853938573795));
#1863 = CARTESIAN_POINT('',(0.999985611829,0.852029877083));
#1864 = CARTESIAN_POINT('',(1.000003773488,0.850139897291));
#1865 = CARTESIAN_POINT('',(0.999999901886,0.848275007432));
#1866 = CARTESIAN_POINT('',(1.000001586624,0.846422240186));
#1867 = CARTESIAN_POINT('',(1.000000193668,0.844573324011));
#1868 = CARTESIAN_POINT('',(0.999999907375,0.842716319112));
#1869 = CARTESIAN_POINT('',(1.000000177157,0.840849440838));
#1870 = CARTESIAN_POINT('',(1.000001223207,0.838974126024));
#1871 = CARTESIAN_POINT('',(1.000000936736,0.837075941564));
#1872 = CARTESIAN_POINT('',(1.000000012481,0.83515132951));
#1873 = CARTESIAN_POINT('',(0.999999689878,0.833166637688));
#1874 = CARTESIAN_POINT('',(1.00007073647,0.831196805035));
#1875 = CARTESIAN_POINT('',(1.0000545141,0.829275234754));
#1876 = CARTESIAN_POINT('',(1.000025091735,0.827379007312));
#1877 = CARTESIAN_POINT('',(0.999996786597,0.825500964577));
#1878 = CARTESIAN_POINT('',(1.000000881214,0.8236307725));
#1879 = CARTESIAN_POINT('',(1.000000488743,0.821776395046));
#1880 = CARTESIAN_POINT('',(1.000002730453,0.81992461137));
#1881 = CARTESIAN_POINT('',(0.999995576955,0.818067293123));
#1882 = CARTESIAN_POINT('',(1.000017417748,0.816192356157));
#1883 = CARTESIAN_POINT('',(0.999934752408,0.814297421993));
#1884 = CARTESIAN_POINT('',(0.999746242704,0.812384119217));
#1885 = CARTESIAN_POINT('',(0.999689434455,0.810440121372));
#1886 = CARTESIAN_POINT('',(1.000014952085,0.808448613445));
#1887 = CARTESIAN_POINT('',(0.999995903438,0.806499194942));
#1888 = CARTESIAN_POINT('',(1.000001426093,0.804584377638));
#1889 = CARTESIAN_POINT('',(1.000000897908,0.802699202151));
#1890 = CARTESIAN_POINT('',(1.000000645599,0.80083188414));
#1891 = CARTESIAN_POINT('',(0.999999879016,0.798972898863));
#1892 = CARTESIAN_POINT('',(0.999999970376,0.797112909208));
#1893 = CARTESIAN_POINT('',(1.000001039559,0.795259087208));
#1894 = CARTESIAN_POINT('',(1.000001428292,0.793398503256));
#1895 = CARTESIAN_POINT('',(1.00000022645,0.791522777878));
#1896 = CARTESIAN_POINT('',(1.000000115316,0.789619766277));
#1897 = CARTESIAN_POINT('',(0.999999305757,0.787685592645));
#1898 = CARTESIAN_POINT('',(0.999999546864,0.786375061371));
#1899 = CARTESIAN_POINT('',(1.,0.785714285714));
#1900 = ( GEOMETRIC_REPRESENTATION_CONTEXT(2) 
PARAMETRIC_REPRESENTATION_CONTEXT() REPRESENTATION_CONTEXT('2D SPACE',''
  ) );
#1901 = ADVANCED_FACE('',(#1902),#903,.T.);
#1902 = FACE_BOUND('',#1903,.T.);
#1903 = EDGE_LOOP('',(#1904,#1905,#1947,#1976));
#1904 = ORIENTED_EDGE('',*,*,#885,.T.);
#1905 = ORIENTED_EDGE('',*,*,#1906,.T.);
#1906 = EDGE_CURVE('',#888,#1907,#1909,.T.);
#1907 = VERTEX_POINT('',#1908);
#1908 = CARTESIAN_POINT('',(0.722887243965,-1.314318847355,
    1.042999838936));
#1909 = SURFACE_CURVE('',#1910,(#1935,#1941),.PCURVE_S1.);
#1910 = B_SPLINE_CURVE_WITH_KNOTS('',3,(#1911,#1912,#1913,#1914,#1915,
    #1916,#1917,#1918,#1919,#1920,#1921,#1922,#1923,#1924,#1925,#1926,
    #1927,#1928,#1929,#1930,#1931,#1932,#1933,#1934),.UNSPECIFIED.,.F.,
  .F.,(4,2,2,2,2,2,2,2,2,2,2,4),(-0.54898553038,-0.534818745661,
    -0.475064390205,-0.416832394154,-0.358975612571,-0.299159390515,
    -0.241599430225,-0.181829155082,-0.122796406433,-6.576103847701E-02,
    -3.332019149274E-02,-9.999999970312E-07),.UNSPECIFIED.);
#1911 = CARTESIAN_POINT('',(-2.098280449807E-13,1.5,0.753062100399));
#1912 = CARTESIAN_POINT('',(-4.700140094187E-02,1.5,0.755323456356));
#1913 = CARTESIAN_POINT('',(-9.405190784961E-02,1.497790991915,
    0.757648536261));
#1914 = CARTESIAN_POINT('',(-0.339014711436,1.474662349453,
    0.770076776934));
#1915 = CARTESIAN_POINT('',(-0.531321888735,1.416769920276,
    0.780937283348));
#1916 = CARTESIAN_POINT('',(-0.877641152123,1.231786066279,
    0.802738017066));
#1917 = CARTESIAN_POINT('',(-1.029281307273,1.108216606919,
    0.813466292414));
#1918 = CARTESIAN_POINT('',(-1.276360952753,0.81116228438,0.833605426359
    ));
#1919 = CARTESIAN_POINT('',(-1.369832806187,0.640813012602,
    0.842461377476));
#1920 = CARTESIAN_POINT('',(-1.489267490614,0.267805733925,
    0.863184004069));
#1921 = CARTESIAN_POINT('',(-1.511622567475,6.800598734073E-02,
    0.874283989991));
#1922 = CARTESIAN_POINT('',(-1.477688136375,-0.321142112043,
    0.895903328845));
#1923 = CARTESIAN_POINT('',(-1.424641893904,-0.507061427617,
    0.906232179711));
#1924 = CARTESIAN_POINT('',(-1.248101111625,-0.855472596428,
    0.925588355756));
#1925 = CARTESIAN_POINT('',(-1.123738892218,-1.01332591936,
    0.935477463276));
#1926 = CARTESIAN_POINT('',(-0.822444802706,-1.269736729345,
    0.957096004416));
#1927 = CARTESIAN_POINT('',(-0.649134556555,-1.366481760474,
    0.968121759498));
#1928 = CARTESIAN_POINT('',(-0.281403384405,-1.485560207199,
    0.989121968398));
#1929 = CARTESIAN_POINT('',(-9.127225749198E-02,-1.509213210491,
    0.998414839349));
#1930 = CARTESIAN_POINT('',(0.205972522189,-1.489711293378,
    1.013257755399));
#1931 = CARTESIAN_POINT('',(0.312653007063,-1.471022646199,
    1.018909551709));
#1932 = CARTESIAN_POINT('',(0.522932867544,-1.410262621422,
    1.030714424679));
#1933 = CARTESIAN_POINT('',(0.625721186892,-1.367761056866,
    1.036840429015));
#1934 = CARTESIAN_POINT('',(0.722887243966,-1.314318847355,
    1.042999838936));
#1935 = PCURVE('',#903,#1936);
#1936 = DEFINITIONAL_REPRESENTATION('',(#1937),#1940);
#1937 = B_SPLINE_CURVE_WITH_KNOTS('',1,(#1938,#1939),.UNSPECIFIED.,.F.,
  .F.,(2,2),(-0.54898553038,-9.999999970312E-07),
  .PIECEWISE_BEZIER_KNOTS.);
#1938 = CARTESIAN_POINT('',(3.14159265359,2.006124200797));
#1939 = CARTESIAN_POINT('',(6.786035456523,2.296061939334));
#1940 = ( GEOMETRIC_REPRESENTATION_CONTEXT(2) 
PARAMETRIC_REPRESENTATION_CONTEXT() REPRESENTATION_CONTEXT('2D SPACE',''
  ) );
#1941 = PCURVE('',#362,#1942);
#1942 = DEFINITIONAL_REPRESENTATION('',(#1943),#1946);
#1943 = B_SPLINE_CURVE_WITH_KNOTS('',1,(#1944,#1945),.UNSPECIFIED.,.F.,
  .F.,(2,2),(-0.54898553038,-9.999999970312E-07),
  .PIECEWISE_BEZIER_KNOTS.);
#1944 = CARTESIAN_POINT('',(-8.638168817843E-15,0.714285714286));
#1945 = CARTESIAN_POINT('',(-1.001381344421E-14,0.797158108896));
#1946 = ( GEOMETRIC_REPRESENTATION_CONTEXT(2) 
PARAMETRIC_REPRESENTATION_CONTEXT() REPRESENTATION_CONTEXT('2D SPACE',''
  ) );
#1947 = ORIENTED_EDGE('',*,*,#1948,.F.);
#1948 = EDGE_CURVE('',#1949,#1907,#1951,.T.);
#1949 = VERTEX_POINT('',#1950);
#1950 = CARTESIAN_POINT('',(-0.432216972021,-1.43638034277,
    1.042999838936));
#1951 = SURFACE_CURVE('',#1952,(#1957,#1964),.PCURVE_S1.);
#1952 = CIRCLE('',#1953,1.5);
#1953 = AXIS2_PLACEMENT_3D('',#1954,#1955,#1956);
#1954 = CARTESIAN_POINT('',(0.,-2.04656070682E-16,1.042999838936));
#1955 = DIRECTION('',(0.,-7.949183622941E-17,1.));
#1956 = DIRECTION('',(0.,-1.,-7.949183622941E-17));
#1957 = PCURVE('',#903,#1958);
#1958 = DEFINITIONAL_REPRESENTATION('',(#1959),#1963);
#1959 = LINE('',#1960,#1961);
#1960 = CARTESIAN_POINT('',(-8.881784197001E-16,2.296061939334));
#1961 = VECTOR('',#1962,1.);
#1962 = DIRECTION('',(1.,0.));
#1963 = ( GEOMETRIC_REPRESENTATION_CONTEXT(2) 
PARAMETRIC_REPRESENTATION_CONTEXT() REPRESENTATION_CONTEXT('2D SPACE',''
  ) );
#1964 = PCURVE('',#1965,#1970);
#1965 = CONICAL_SURFACE('',#1966,1.5,0.959931088597);
#1966 = AXIS2_PLACEMENT_3D('',#1967,#1968,#1969);
#1967 = CARTESIAN_POINT('',(0.,-2.04656070682E-16,1.042999838936));
#1968 = DIRECTION('',(0.,7.949183622941E-17,-1.));
#1969 = DIRECTION('',(0.585514582776,0.81066187363,6.4441000896E-17));
#1970 = DEFINITIONAL_REPRESENTATION('',(#1971),#1975);
#1971 = LINE('',#1972,#1973);
#1972 = CARTESIAN_POINT('',(15.0824485869,-1.572080811817E-15));
#1973 = VECTOR('',#1974,1.);
#1974 = DIRECTION('',(-1.,2.62411609836E-16));
#1975 = ( GEOMETRIC_REPRESENTATION_CONTEXT(2) 
PARAMETRIC_REPRESENTATION_CONTEXT() REPRESENTATION_CONTEXT('2D SPACE',''
  ) );
#1976 = ORIENTED_EDGE('',*,*,#1977,.T.);
#1977 = EDGE_CURVE('',#1949,#886,#1978,.T.);
#1978 = SURFACE_CURVE('',#1979,(#2000,#2006),.PCURVE_S1.);
#1979 = B_SPLINE_CURVE_WITH_KNOTS('',3,(#1980,#1981,#1982,#1983,#1984,
    #1985,#1986,#1987,#1988,#1989,#1990,#1991,#1992,#1993,#1994,#1995,
    #1996,#1997,#1998,#1999),.UNSPECIFIED.,.F.,.F.,(4,2,2,2,2,2,2,2,2,4)
  ,(-3.995027065693,-3.963456538705,-3.931816008998,-3.872288593609,
    -3.814769571778,-3.754992862276,-3.69730353765,-3.639114038727,
    -3.579449573027,-3.56645376519),.UNSPECIFIED.);
#1980 = CARTESIAN_POINT('',(-0.432216972021,-1.43638034277,
    1.042999838936));
#1981 = CARTESIAN_POINT('',(-0.533035599582,-1.406043306938,
    1.037306505016));
#1982 = CARTESIAN_POINT('',(-0.630367461407,-1.365181247826,
    1.031488566433));
#1983 = CARTESIAN_POINT('',(-0.815080328744,-1.263636117537,
    1.019780866396));
#1984 = CARTESIAN_POINT('',(-0.90192111838,-1.203192281541,
    1.013923741512));
#1985 = CARTESIAN_POINT('',(-1.131792955387,-1.004216954258,
    0.997336935173));
#1986 = CARTESIAN_POINT('',(-1.254577149232,-0.845823734846,
    0.98755230789));
#1987 = CARTESIAN_POINT('',(-1.428385564913,-0.496471278669,
    0.968143838102));
#1988 = CARTESIAN_POINT('',(-1.480079120489,-0.310022562713,
    0.957785576105));
#1989 = CARTESIAN_POINT('',(-1.511073363156,7.966754152976E-02,
    0.936136125869));
#1990 = CARTESIAN_POINT('',(-1.487148036666,0.279447701774,
    0.925037228078));
#1991 = CARTESIAN_POINT('',(-1.364799441866,0.651382030064,
    0.904374209839));
#1992 = CARTESIAN_POINT('',(-1.270166324603,0.820763358766,
    0.895540690663));
#1993 = CARTESIAN_POINT('',(-1.020990323467,1.1158842585,0.875354401948)
  );
#1994 = CARTESIAN_POINT('',(-0.86831197682,1.238402458189,0.864605378245
    ));
#1995 = CARTESIAN_POINT('',(-0.520466735735,1.420792504529,
    0.842803276104));
#1996 = CARTESIAN_POINT('',(-0.3277291621,1.477210626399,0.831963015217)
  );
#1997 = CARTESIAN_POINT('',(-8.642220864406E-02,1.498134822857,
    0.819771901327));
#1998 = CARTESIAN_POINT('',(-4.318870182338E-02,1.5,0.817640017784));
#1999 = CARTESIAN_POINT('',(-2.099004525658E-13,1.5,0.815562100399));
#2000 = PCURVE('',#903,#2001);
#2001 = DEFINITIONAL_REPRESENTATION('',(#2002),#2005);
#2002 = B_SPLINE_CURVE_WITH_KNOTS('',1,(#2003,#2004),.UNSPECIFIED.,.F.,
  .F.,(2,2),(-3.995027065693,-3.56645376519),.PIECEWISE_BEZIER_KNOTS.);
#2003 = CARTESIAN_POINT('',(5.990896564368,2.296061939334));
#2004 = CARTESIAN_POINT('',(3.14159265359,2.068624200797));
#2005 = ( GEOMETRIC_REPRESENTATION_CONTEXT(2) 
PARAMETRIC_REPRESENTATION_CONTEXT() REPRESENTATION_CONTEXT('2D SPACE',''
  ) );
#2006 = PCURVE('',#120,#2007);
#2007 = DEFINITIONAL_REPRESENTATION('',(#2008),#2056);
#2008 = B_SPLINE_CURVE_WITH_KNOTS('',3,(#2009,#2010,#2011,#2012,#2013,
    #2014,#2015,#2016,#2017,#2018,#2019,#2020,#2021,#2022,#2023,#2024,
    #2025,#2026,#2027,#2028,#2029,#2030,#2031,#2032,#2033,#2034,#2035,
    #2036,#2037,#2038,#2039,#2040,#2041,#2042,#2043,#2044,#2045,#2046,
    #2047,#2048,#2049,#2050,#2051,#2052,#2053,#2054,#2055),
  .UNSPECIFIED.,.F.,.F.,(4,1,1,1,1,1,1,1,1,1,1,1,1,1,1,1,1,1,1,1,1,1,1,1
    ,1,1,1,1,1,1,1,1,1,1,1,1,1,1,1,1,1,1,1,1,4),(-3.995027065693,
    -3.985286763409,-3.975546461125,-3.965806158841,-3.956065856557,
    -3.946325554273,-3.936585251988,-3.926844949704,-3.91710464742,
    -3.907364345136,-3.897624042852,-3.887883740567,-3.878143438283,
    -3.868403135999,-3.858662833715,-3.848922531431,-3.839182229147,
    -3.829441926862,-3.819701624578,-3.809961322294,-3.80022102001,
    -3.790480717726,-3.780740415442,-3.771000113157,-3.761259810873,
    -3.751519508589,-3.741779206305,-3.732038904021,-3.722298601737,
    -3.712558299452,-3.702817997168,-3.693077694884,-3.6833373926,
    -3.673597090316,-3.663856788032,-3.654116485747,-3.644376183463,
    -3.634635881179,-3.624895578895,-3.615155276611,-3.605414974327,
    -3.595674672042,-3.585934369758,-3.576194067474,-3.56645376519),
  .QUASI_UNIFORM_KNOTS.);
#2009 = CARTESIAN_POINT('',(1.,0.921828157837));
#2010 = CARTESIAN_POINT('',(1.000000169306,0.92134061415));
#2011 = CARTESIAN_POINT('',(1.000000454298,0.920370031777));
#2012 = CARTESIAN_POINT('',(1.000000677762,0.918923094274));
#2013 = CARTESIAN_POINT('',(0.999999906884,0.917480153049));
#2014 = CARTESIAN_POINT('',(0.999999966379,0.916037531236));
#2015 = CARTESIAN_POINT('',(1.000000148626,0.914595723237));
#2016 = CARTESIAN_POINT('',(0.999999233537,0.913149249513));
#2017 = CARTESIAN_POINT('',(1.000002892856,0.911693018982));
#2018 = CARTESIAN_POINT('',(0.999910989452,0.910230899744));
#2019 = CARTESIAN_POINT('',(0.999800488483,0.908757436921));
#2020 = CARTESIAN_POINT('',(0.999734750037,0.907267278558));
#2021 = CARTESIAN_POINT('',(0.999747869767,0.905758154402));
#2022 = CARTESIAN_POINT('',(1.000003326506,0.904214260974));
#2023 = CARTESIAN_POINT('',(0.999999179758,0.902689309156));
#2024 = CARTESIAN_POINT('',(0.999999914839,0.901190707049));
#2025 = CARTESIAN_POINT('',(0.999998767441,0.899712461858));
#2026 = CARTESIAN_POINT('',(0.999998742352,0.898249831326));
#2027 = CARTESIAN_POINT('',(0.999999486639,0.896797958067));
#2028 = CARTESIAN_POINT('',(1.000000051911,0.895352541969));
#2029 = CARTESIAN_POINT('',(1.00000007357,0.893907899696));
#2030 = CARTESIAN_POINT('',(0.999999400567,0.892470109995));
#2031 = CARTESIAN_POINT('',(0.999998427362,0.891033581668));
#2032 = CARTESIAN_POINT('',(0.99999817874,0.889594137627));
#2033 = CARTESIAN_POINT('',(0.999999812542,0.888147080692));
#2034 = CARTESIAN_POINT('',(0.99999807607,0.886688282937));
#2035 = CARTESIAN_POINT('',(1.000007452221,0.885211185953));
#2036 = CARTESIAN_POINT('',(0.999928604659,0.883720795908));
#2037 = CARTESIAN_POINT('',(0.999855544061,0.882215657899));
#2038 = CARTESIAN_POINT('',(1.000008881341,0.880678213922));
#2039 = CARTESIAN_POINT('',(1.000066019985,0.879153916567));
#2040 = CARTESIAN_POINT('',(1.000002252164,0.877653257841));
#2041 = CARTESIAN_POINT('',(0.999999475042,0.876165442274));
#2042 = CARTESIAN_POINT('',(0.999999743168,0.874697638003));
#2043 = CARTESIAN_POINT('',(0.999998632061,0.873244030484));
#2044 = CARTESIAN_POINT('',(0.999998595916,0.871800187989));
#2045 = CARTESIAN_POINT('',(0.9999994178,0.870361406197));
#2046 = CARTESIAN_POINT('',(1.000000054413,0.868923562486));
#2047 = CARTESIAN_POINT('',(1.000000069755,0.867480769387));
#2048 = CARTESIAN_POINT('',(0.999999463171,0.866039126939));
#2049 = CARTESIAN_POINT('',(0.999998469303,0.864593317611));
#2050 = CARTESIAN_POINT('',(0.999998395625,0.863139018489));
#2051 = CARTESIAN_POINT('',(0.999999322642,0.861671418082));
#2052 = CARTESIAN_POINT('',(1.00000006857,0.860186147125));
#2053 = CARTESIAN_POINT('',(1.000000032308,0.858676438597));
#2054 = CARTESIAN_POINT('',(0.999999976742,0.857656246285));
#2055 = CARTESIAN_POINT('',(1.,0.857142857143));
#2056 = ( GEOMETRIC_REPRESENTATION_CONTEXT(2) 
PARAMETRIC_REPRESENTATION_CONTEXT() REPRESENTATION_CONTEXT('2D SPACE',''
  ) );
#2057 = ADVANCED_FACE('',(#2058),#2072,.F.);
#2058 = FACE_BOUND('',#2059,.F.);
#2059 = EDGE_LOOP('',(#2060,#2134,#2163,#2192,#2221,#2250,#2279,#2306));
#2060 = ORIENTED_EDGE('',*,*,#2061,.T.);
#2061 = EDGE_CURVE('',#2062,#2064,#2066,.T.);
#2062 = VERTEX_POINT('',#2063);
#2063 = CARTESIAN_POINT('',(0.,1.919239353537E-16,-0.117450601494));
#2064 = VERTEX_POINT('',#2065);
#2065 = CARTESIAN_POINT('',(-0.75,1.919239353537E-16,0.315562100399));
#2066 = SEAM_CURVE('',#2067,(#2071,#2105),.PCURVE_S1.);
#2067 = LINE('',#2068,#2069);
#2068 = CARTESIAN_POINT('',(-0.75,1.000754254176E-16,0.315562100399));
#2069 = VECTOR('',#2070,1.);
#2070 = DIRECTION('',(-0.866025403784,-1.060575238725E-16,0.5));
#2071 = PCURVE('',#2072,#2077);
#2072 = CONICAL_SURFACE('',#2073,0.75,1.047197551197);
#2073 = AXIS2_PLACEMENT_3D('',#2074,#2075,#2076);
#2074 = CARTESIAN_POINT('',(0.,1.919239353537E-16,0.315562100399));
#2075 = DIRECTION('',(0.,0.,1.));
#2076 = DIRECTION('',(1.,0.,-0.));
#2077 = DEFINITIONAL_REPRESENTATION('',(#2078),#2104);
#2078 = B_SPLINE_CURVE_WITH_KNOTS('',3,(#2079,#2080,#2081,#2082,#2083,
    #2084,#2085,#2086,#2087,#2088,#2089,#2090,#2091,#2092,#2093,#2094,
    #2095,#2096,#2097,#2098,#2099,#2100,#2101,#2102,#2103),
  .UNSPECIFIED.,.F.,.F.,(4,1,1,1,1,1,1,1,1,1,1,1,1,1,1,1,1,1,1,1,1,1,4),
  (-0.866025403784,-0.826660612703,-0.787295821622,-0.747931030541,
    -0.70856623946,-0.669201448379,-0.629836657298,-0.590471866217,
    -0.551107075136,-0.511742284054,-0.472377492973,-0.433012701892,
    -0.393647910811,-0.35428311973,-0.314918328649,-0.275553537568,
    -0.236188746487,-0.196823955406,-0.157459164324,-0.118094373243,
    -7.872958216222E-02,-3.936479108111E-02,-9.741225535195E-33),
  .QUASI_UNIFORM_KNOTS.);
#2079 = CARTESIAN_POINT('',(3.14159265359,-0.433012701892));
#2080 = CARTESIAN_POINT('',(3.14159265359,-0.426451903379));
#2081 = CARTESIAN_POINT('',(3.14159265359,-0.413330306352));
#2082 = CARTESIAN_POINT('',(3.14159265359,-0.393647910811));
#2083 = CARTESIAN_POINT('',(3.14159265359,-0.373965515271));
#2084 = CARTESIAN_POINT('',(3.14159265359,-0.35428311973));
#2085 = CARTESIAN_POINT('',(3.14159265359,-0.334600724189));
#2086 = CARTESIAN_POINT('',(3.14159265359,-0.314918328649));
#2087 = CARTESIAN_POINT('',(3.14159265359,-0.295235933108));
#2088 = CARTESIAN_POINT('',(3.14159265359,-0.275553537568));
#2089 = CARTESIAN_POINT('',(3.14159265359,-0.255871142027));
#2090 = CARTESIAN_POINT('',(3.14159265359,-0.236188746487));
#2091 = CARTESIAN_POINT('',(3.14159265359,-0.216506350946));
#2092 = CARTESIAN_POINT('',(3.14159265359,-0.196823955406));
#2093 = CARTESIAN_POINT('',(3.14159265359,-0.177141559865));
#2094 = CARTESIAN_POINT('',(3.14159265359,-0.157459164324));
#2095 = CARTESIAN_POINT('',(3.14159265359,-0.137776768784));
#2096 = CARTESIAN_POINT('',(3.14159265359,-0.118094373243));
#2097 = CARTESIAN_POINT('',(3.14159265359,-9.841197770278E-02));
#2098 = CARTESIAN_POINT('',(3.14159265359,-7.872958216222E-02));
#2099 = CARTESIAN_POINT('',(3.14159265359,-5.904718662167E-02));
#2100 = CARTESIAN_POINT('',(3.14159265359,-3.936479108111E-02));
#2101 = CARTESIAN_POINT('',(3.14159265359,-1.968239554056E-02));
#2102 = CARTESIAN_POINT('',(3.14159265359,-6.560798513518E-03));
#2103 = CARTESIAN_POINT('',(3.14159265359,0.));
#2104 = ( GEOMETRIC_REPRESENTATION_CONTEXT(2) 
PARAMETRIC_REPRESENTATION_CONTEXT() REPRESENTATION_CONTEXT('2D SPACE',''
  ) );
#2105 = PCURVE('',#2072,#2106);
#2106 = DEFINITIONAL_REPRESENTATION('',(#2107),#2133);
#2107 = B_SPLINE_CURVE_WITH_KNOTS('',3,(#2108,#2109,#2110,#2111,#2112,
    #2113,#2114,#2115,#2116,#2117,#2118,#2119,#2120,#2121,#2122,#2123,
    #2124,#2125,#2126,#2127,#2128,#2129,#2130,#2131,#2132),
  .UNSPECIFIED.,.F.,.F.,(4,1,1,1,1,1,1,1,1,1,1,1,1,1,1,1,1,1,1,1,1,1,4),
  (-0.866025403784,-0.826660612703,-0.787295821622,-0.747931030541,
    -0.70856623946,-0.669201448379,-0.629836657298,-0.590471866217,
    -0.551107075136,-0.511742284054,-0.472377492973,-0.433012701892,
    -0.393647910811,-0.35428311973,-0.314918328649,-0.275553537568,
    -0.236188746487,-0.196823955406,-0.157459164324,-0.118094373243,
    -7.872958216222E-02,-3.936479108111E-02,-9.741225535195E-33),
  .QUASI_UNIFORM_KNOTS.);
#2108 = CARTESIAN_POINT('',(-3.14159265359,-0.433012701892));
#2109 = CARTESIAN_POINT('',(-3.14159265359,-0.426451903379));
#2110 = CARTESIAN_POINT('',(-3.14159265359,-0.413330306352));
#2111 = CARTESIAN_POINT('',(-3.14159265359,-0.393647910811));
#2112 = CARTESIAN_POINT('',(-3.14159265359,-0.373965515271));
#2113 = CARTESIAN_POINT('',(-3.14159265359,-0.35428311973));
#2114 = CARTESIAN_POINT('',(-3.14159265359,-0.334600724189));
#2115 = CARTESIAN_POINT('',(-3.14159265359,-0.314918328649));
#2116 = CARTESIAN_POINT('',(-3.14159265359,-0.295235933108));
#2117 = CARTESIAN_POINT('',(-3.14159265359,-0.275553537568));
#2118 = CARTESIAN_POINT('',(-3.14159265359,-0.255871142027));
#2119 = CARTESIAN_POINT('',(-3.14159265359,-0.236188746487));
#2120 = CARTESIAN_POINT('',(-3.14159265359,-0.216506350946));
#2121 = CARTESIAN_POINT('',(-3.14159265359,-0.196823955406));
#2122 = CARTESIAN_POINT('',(-3.14159265359,-0.177141559865));
#2123 = CARTESIAN_POINT('',(-3.14159265359,-0.157459164324));
#2124 = CARTESIAN_POINT('',(-3.14159265359,-0.137776768784));
#2125 = CARTESIAN_POINT('',(-3.14159265359,-0.118094373243));
#2126 = CARTESIAN_POINT('',(-3.14159265359,-9.841197770278E-02));
#2127 = CARTESIAN_POINT('',(-3.14159265359,-7.872958216222E-02));
#2128 = CARTESIAN_POINT('',(-3.14159265359,-5.904718662167E-02));
#2129 = CARTESIAN_POINT('',(-3.14159265359,-3.936479108111E-02));
#2130 = CARTESIAN_POINT('',(-3.14159265359,-1.968239554056E-02));
#2131 = CARTESIAN_POINT('',(-3.14159265359,-6.560798513518E-03));
#2132 = CARTESIAN_POINT('',(-3.14159265359,0.));
#2133 = ( GEOMETRIC_REPRESENTATION_CONTEXT(2) 
PARAMETRIC_REPRESENTATION_CONTEXT() REPRESENTATION_CONTEXT('2D SPACE',''
  ) );
#2134 = ORIENTED_EDGE('',*,*,#2135,.F.);
#2135 = EDGE_CURVE('',#2136,#2064,#2138,.T.);
#2136 = VERTEX_POINT('',#2137);
#2137 = CARTESIAN_POINT('',(-0.375,0.649519052838,0.315562100399));
#2138 = SURFACE_CURVE('',#2139,(#2144,#2151),.PCURVE_S1.);
#2139 = CIRCLE('',#2140,0.75);
#2140 = AXIS2_PLACEMENT_3D('',#2141,#2142,#2143);
#2141 = CARTESIAN_POINT('',(0.,1.919239353537E-16,0.315562100399));
#2142 = DIRECTION('',(0.,0.,1.));
#2143 = DIRECTION('',(1.,0.,-0.));
#2144 = PCURVE('',#2072,#2145);
#2145 = DEFINITIONAL_REPRESENTATION('',(#2146),#2150);
#2146 = LINE('',#2147,#2148);
#2147 = CARTESIAN_POINT('',(0.,2.884444029575E-16));
#2148 = VECTOR('',#2149,1.);
#2149 = DIRECTION('',(1.,-9.181470507576E-17));
#2150 = ( GEOMETRIC_REPRESENTATION_CONTEXT(2) 
PARAMETRIC_REPRESENTATION_CONTEXT() REPRESENTATION_CONTEXT('2D SPACE',''
  ) );
#2151 = PCURVE('',#2152,#2157);
#2152 = PLANE('',#2153);
#2153 = AXIS2_PLACEMENT_3D('',#2154,#2155,#2156);
#2154 = CARTESIAN_POINT('',(-1.355071690263E-16,0.866025403784,
    0.315562100399));
#2155 = DIRECTION('',(0.,0.,1.));
#2156 = DIRECTION('',(1.,0.,-0.));
#2157 = DEFINITIONAL_REPRESENTATION('',(#2158),#2162);
#2158 = CIRCLE('',#2159,0.75);
#2159 = AXIS2_PLACEMENT_2D('',#2160,#2161);
#2160 = CARTESIAN_POINT('',(1.355071690263E-16,-0.866025403784));
#2161 = DIRECTION('',(1.,0.));
#2162 = ( GEOMETRIC_REPRESENTATION_CONTEXT(2) 
PARAMETRIC_REPRESENTATION_CONTEXT() REPRESENTATION_CONTEXT('2D SPACE',''
  ) );
#2163 = ORIENTED_EDGE('',*,*,#2164,.F.);
#2164 = EDGE_CURVE('',#2165,#2136,#2167,.T.);
#2165 = VERTEX_POINT('',#2166);
#2166 = CARTESIAN_POINT('',(0.375,0.649519052838,0.315562100399));
#2167 = SURFACE_CURVE('',#2168,(#2173,#2180),.PCURVE_S1.);
#2168 = CIRCLE('',#2169,0.75);
#2169 = AXIS2_PLACEMENT_3D('',#2170,#2171,#2172);
#2170 = CARTESIAN_POINT('',(0.,1.919239353537E-16,0.315562100399));
#2171 = DIRECTION('',(0.,0.,1.));
#2172 = DIRECTION('',(1.,0.,-0.));
#2173 = PCURVE('',#2072,#2174);
#2174 = DEFINITIONAL_REPRESENTATION('',(#2175),#2179);
#2175 = LINE('',#2176,#2177);
#2176 = CARTESIAN_POINT('',(0.,2.465190328816E-32));
#2177 = VECTOR('',#2178,1.);
#2178 = DIRECTION('',(1.,4.590735253788E-17));
#2179 = ( GEOMETRIC_REPRESENTATION_CONTEXT(2) 
PARAMETRIC_REPRESENTATION_CONTEXT() REPRESENTATION_CONTEXT('2D SPACE',''
  ) );
#2180 = PCURVE('',#2181,#2186);
#2181 = PLANE('',#2182);
#2182 = AXIS2_PLACEMENT_3D('',#2183,#2184,#2185);
#2183 = CARTESIAN_POINT('',(-1.355071690263E-16,0.866025403784,
    0.315562100399));
#2184 = DIRECTION('',(0.,0.,1.));
#2185 = DIRECTION('',(1.,0.,-0.));
#2186 = DEFINITIONAL_REPRESENTATION('',(#2187),#2191);
#2187 = CIRCLE('',#2188,0.75);
#2188 = AXIS2_PLACEMENT_2D('',#2189,#2190);
#2189 = CARTESIAN_POINT('',(1.355071690263E-16,-0.866025403784));
#2190 = DIRECTION('',(1.,0.));
#2191 = ( GEOMETRIC_REPRESENTATION_CONTEXT(2) 
PARAMETRIC_REPRESENTATION_CONTEXT() REPRESENTATION_CONTEXT('2D SPACE',''
  ) );
#2192 = ORIENTED_EDGE('',*,*,#2193,.F.);
#2193 = EDGE_CURVE('',#2194,#2165,#2196,.T.);
#2194 = VERTEX_POINT('',#2195);
#2195 = CARTESIAN_POINT('',(0.75,1.919239353537E-16,0.315562100399));
#2196 = SURFACE_CURVE('',#2197,(#2202,#2209),.PCURVE_S1.);
#2197 = CIRCLE('',#2198,0.75);
#2198 = AXIS2_PLACEMENT_3D('',#2199,#2200,#2201);
#2199 = CARTESIAN_POINT('',(0.,1.919239353537E-16,0.315562100399));
#2200 = DIRECTION('',(0.,0.,1.));
#2201 = DIRECTION('',(1.,0.,-0.));
#2202 = PCURVE('',#2072,#2203);
#2203 = DEFINITIONAL_REPRESENTATION('',(#2204),#2208);
#2204 = LINE('',#2205,#2206);
#2205 = CARTESIAN_POINT('',(0.,0.));
#2206 = VECTOR('',#2207,1.);
#2207 = DIRECTION('',(1.,4.590735253788E-17));
#2208 = ( GEOMETRIC_REPRESENTATION_CONTEXT(2) 
PARAMETRIC_REPRESENTATION_CONTEXT() REPRESENTATION_CONTEXT('2D SPACE',''
  ) );
#2209 = PCURVE('',#2210,#2215);
#2210 = PLANE('',#2211);
#2211 = AXIS2_PLACEMENT_3D('',#2212,#2213,#2214);
#2212 = CARTESIAN_POINT('',(-1.355071690263E-16,0.866025403784,
    0.315562100399));
#2213 = DIRECTION('',(0.,0.,1.));
#2214 = DIRECTION('',(1.,0.,-0.));
#2215 = DEFINITIONAL_REPRESENTATION('',(#2216),#2220);
#2216 = CIRCLE('',#2217,0.75);
#2217 = AXIS2_PLACEMENT_2D('',#2218,#2219);
#2218 = CARTESIAN_POINT('',(1.355071690263E-16,-0.866025403784));
#2219 = DIRECTION('',(1.,0.));
#2220 = ( GEOMETRIC_REPRESENTATION_CONTEXT(2) 
PARAMETRIC_REPRESENTATION_CONTEXT() REPRESENTATION_CONTEXT('2D SPACE',''
  ) );
#2221 = ORIENTED_EDGE('',*,*,#2222,.F.);
#2222 = EDGE_CURVE('',#2223,#2194,#2225,.T.);
#2223 = VERTEX_POINT('',#2224);
#2224 = CARTESIAN_POINT('',(0.375,-0.649519052838,0.315562100399));
#2225 = SURFACE_CURVE('',#2226,(#2231,#2238),.PCURVE_S1.);
#2226 = CIRCLE('',#2227,0.75);
#2227 = AXIS2_PLACEMENT_3D('',#2228,#2229,#2230);
#2228 = CARTESIAN_POINT('',(0.,1.919239353537E-16,0.315562100399));
#2229 = DIRECTION('',(0.,0.,1.));
#2230 = DIRECTION('',(1.,0.,-0.));
#2231 = PCURVE('',#2072,#2232);
#2232 = DEFINITIONAL_REPRESENTATION('',(#2233),#2237);
#2233 = LINE('',#2234,#2235);
#2234 = CARTESIAN_POINT('',(-6.28318530718,0.));
#2235 = VECTOR('',#2236,1.);
#2236 = DIRECTION('',(1.,0.));
#2237 = ( GEOMETRIC_REPRESENTATION_CONTEXT(2) 
PARAMETRIC_REPRESENTATION_CONTEXT() REPRESENTATION_CONTEXT('2D SPACE',''
  ) );
#2238 = PCURVE('',#2239,#2244);
#2239 = PLANE('',#2240);
#2240 = AXIS2_PLACEMENT_3D('',#2241,#2242,#2243);
#2241 = CARTESIAN_POINT('',(-1.355071690263E-16,0.866025403784,
    0.315562100399));
#2242 = DIRECTION('',(0.,0.,1.));
#2243 = DIRECTION('',(1.,0.,-0.));
#2244 = DEFINITIONAL_REPRESENTATION('',(#2245),#2249);
#2245 = CIRCLE('',#2246,0.75);
#2246 = AXIS2_PLACEMENT_2D('',#2247,#2248);
#2247 = CARTESIAN_POINT('',(1.355071690263E-16,-0.866025403784));
#2248 = DIRECTION('',(1.,0.));
#2249 = ( GEOMETRIC_REPRESENTATION_CONTEXT(2) 
PARAMETRIC_REPRESENTATION_CONTEXT() REPRESENTATION_CONTEXT('2D SPACE',''
  ) );
#2250 = ORIENTED_EDGE('',*,*,#2251,.F.);
#2251 = EDGE_CURVE('',#2252,#2223,#2254,.T.);
#2252 = VERTEX_POINT('',#2253);
#2253 = CARTESIAN_POINT('',(-0.375,-0.649519052838,0.315562100399));
#2254 = SURFACE_CURVE('',#2255,(#2260,#2267),.PCURVE_S1.);
#2255 = CIRCLE('',#2256,0.75);
#2256 = AXIS2_PLACEMENT_3D('',#2257,#2258,#2259);
#2257 = CARTESIAN_POINT('',(0.,1.919239353537E-16,0.315562100399));
#2258 = DIRECTION('',(0.,0.,1.));
#2259 = DIRECTION('',(1.,0.,-0.));
#2260 = PCURVE('',#2072,#2261);
#2261 = DEFINITIONAL_REPRESENTATION('',(#2262),#2266);
#2262 = LINE('',#2263,#2264);
#2263 = CARTESIAN_POINT('',(-6.28318530718,0.));
#2264 = VECTOR('',#2265,1.);
#2265 = DIRECTION('',(1.,0.));
#2266 = ( GEOMETRIC_REPRESENTATION_CONTEXT(2) 
PARAMETRIC_REPRESENTATION_CONTEXT() REPRESENTATION_CONTEXT('2D SPACE',''
  ) );
#2267 = PCURVE('',#2268,#2273);
#2268 = PLANE('',#2269);
#2269 = AXIS2_PLACEMENT_3D('',#2270,#2271,#2272);
#2270 = CARTESIAN_POINT('',(-1.355071690263E-16,0.866025403784,
    0.315562100399));
#2271 = DIRECTION('',(0.,0.,1.));
#2272 = DIRECTION('',(1.,0.,-0.));
#2273 = DEFINITIONAL_REPRESENTATION('',(#2274),#2278);
#2274 = CIRCLE('',#2275,0.75);
#2275 = AXIS2_PLACEMENT_2D('',#2276,#2277);
#2276 = CARTESIAN_POINT('',(1.355071690263E-16,-0.866025403784));
#2277 = DIRECTION('',(1.,0.));
#2278 = ( GEOMETRIC_REPRESENTATION_CONTEXT(2) 
PARAMETRIC_REPRESENTATION_CONTEXT() REPRESENTATION_CONTEXT('2D SPACE',''
  ) );
#2279 = ORIENTED_EDGE('',*,*,#2280,.F.);
#2280 = EDGE_CURVE('',#2064,#2252,#2281,.T.);
#2281 = SURFACE_CURVE('',#2282,(#2287,#2294),.PCURVE_S1.);
#2282 = CIRCLE('',#2283,0.75);
#2283 = AXIS2_PLACEMENT_3D('',#2284,#2285,#2286);
#2284 = CARTESIAN_POINT('',(0.,1.919239353537E-16,0.315562100399));
#2285 = DIRECTION('',(0.,0.,1.));
#2286 = DIRECTION('',(1.,0.,-0.));
#2287 = PCURVE('',#2072,#2288);
#2288 = DEFINITIONAL_REPRESENTATION('',(#2289),#2293);
#2289 = LINE('',#2290,#2291);
#2290 = CARTESIAN_POINT('',(-6.28318530718,0.));
#2291 = VECTOR('',#2292,1.);
#2292 = DIRECTION('',(1.,0.));
#2293 = ( GEOMETRIC_REPRESENTATION_CONTEXT(2) 
PARAMETRIC_REPRESENTATION_CONTEXT() REPRESENTATION_CONTEXT('2D SPACE',''
  ) );
#2294 = PCURVE('',#2295,#2300);
#2295 = PLANE('',#2296);
#2296 = AXIS2_PLACEMENT_3D('',#2297,#2298,#2299);
#2297 = CARTESIAN_POINT('',(-1.355071690263E-16,0.866025403784,
    0.315562100399));
#2298 = DIRECTION('',(0.,0.,1.));
#2299 = DIRECTION('',(1.,0.,-0.));
#2300 = DEFINITIONAL_REPRESENTATION('',(#2301),#2305);
#2301 = CIRCLE('',#2302,0.75);
#2302 = AXIS2_PLACEMENT_2D('',#2303,#2304);
#2303 = CARTESIAN_POINT('',(1.355071690263E-16,-0.866025403784));
#2304 = DIRECTION('',(1.,0.));
#2305 = ( GEOMETRIC_REPRESENTATION_CONTEXT(2) 
PARAMETRIC_REPRESENTATION_CONTEXT() REPRESENTATION_CONTEXT('2D SPACE',''
  ) );
#2306 = ORIENTED_EDGE('',*,*,#2061,.F.);
#2307 = ADVANCED_FACE('',(#2308),#2323,.F.);
#2308 = FACE_BOUND('',#2309,.F.);
#2309 = EDGE_LOOP('',(#2310,#2345));
#2310 = ORIENTED_EDGE('',*,*,#2311,.F.);
#2311 = EDGE_CURVE('',#2312,#2314,#2316,.T.);
#2312 = VERTEX_POINT('',#2313);
#2313 = CARTESIAN_POINT('',(0.75,-0.433012701892,1.253062100399));
#2314 = VERTEX_POINT('',#2315);
#2315 = CARTESIAN_POINT('',(0.75,0.433012701892,1.253062100399));
#2316 = SURFACE_CURVE('',#2317,(#2322,#2334),.PCURVE_S1.);
#2317 = CIRCLE('',#2318,0.866025403784);
#2318 = AXIS2_PLACEMENT_3D('',#2319,#2320,#2321);
#2319 = CARTESIAN_POINT('',(0.,-1.381086465894E-15,1.253062100399));
#2320 = DIRECTION('',(0.,0.,1.));
#2321 = DIRECTION('',(1.,0.,-0.));
#2322 = PCURVE('',#2323,#2328);
#2323 = CONICAL_SURFACE('',#2324,0.866025403784,0.785398163397);
#2324 = AXIS2_PLACEMENT_3D('',#2325,#2326,#2327);
#2325 = CARTESIAN_POINT('',(0.,-1.381086465894E-15,1.253062100399));
#2326 = DIRECTION('',(0.,0.,1.));
#2327 = DIRECTION('',(1.,0.,-0.));
#2328 = DEFINITIONAL_REPRESENTATION('',(#2329),#2333);
#2329 = LINE('',#2330,#2331);
#2330 = CARTESIAN_POINT('',(0.,0.));
#2331 = VECTOR('',#2332,1.);
#2332 = DIRECTION('',(1.,0.));
#2333 = ( GEOMETRIC_REPRESENTATION_CONTEXT(2) 
PARAMETRIC_REPRESENTATION_CONTEXT() REPRESENTATION_CONTEXT('2D SPACE',''
  ) );
#2334 = PCURVE('',#1775,#2335);
#2335 = DEFINITIONAL_REPRESENTATION('',(#2336),#2344);
#2336 = ( BOUNDED_CURVE() B_SPLINE_CURVE(2,(#2337,#2338,#2339,#2340,
#2341,#2342,#2343),.UNSPECIFIED.,.T.,.F.) B_SPLINE_CURVE_WITH_KNOTS((1,2
    ,2,2,2,1),(-2.094395102393,0.,2.094395102393,4.188790204786,
6.28318530718,8.377580409573),.UNSPECIFIED.) CURVE() 
GEOMETRIC_REPRESENTATION_ITEM() RATIONAL_B_SPLINE_CURVE((1.,0.5,1.,0.5,
1.,0.5,1.)) REPRESENTATION_ITEM('') );
#2337 = CARTESIAN_POINT('',(-1.382624768449E-15,0.866025403784));
#2338 = CARTESIAN_POINT('',(1.5,0.866025403784));
#2339 = CARTESIAN_POINT('',(0.75,-0.433012701892));
#2340 = CARTESIAN_POINT('',(-1.170509720704E-15,-1.732050807569));
#2341 = CARTESIAN_POINT('',(-0.75,-0.433012701892));
#2342 = CARTESIAN_POINT('',(-1.5,0.866025403784));
#2343 = CARTESIAN_POINT('',(-1.382624768449E-15,0.866025403784));
#2344 = ( GEOMETRIC_REPRESENTATION_CONTEXT(2) 
PARAMETRIC_REPRESENTATION_CONTEXT() REPRESENTATION_CONTEXT('2D SPACE',''
  ) );
#2345 = ORIENTED_EDGE('',*,*,#2346,.F.);
#2346 = EDGE_CURVE('',#2314,#2312,#2347,.T.);
#2347 = SURFACE_CURVE('',#2348,(#2352,#2381),.PCURVE_S1.);
#2348 = ( BOUNDED_CURVE() B_SPLINE_CURVE(2,(#2349,#2350,#2351),
.UNSPECIFIED.,.F.,.F.) B_SPLINE_CURVE_WITH_KNOTS((3,3),(0.120361405183,
0.287808339382),.PIECEWISE_BEZIER_KNOTS.) CURVE() 
GEOMETRIC_REPRESENTATION_ITEM() RATIONAL_B_SPLINE_CURVE((1.618802153517,
1.869231718195,1.618802153517)) REPRESENTATION_ITEM('') );
#2349 = CARTESIAN_POINT('',(0.75,0.433012701891,1.253062100398));
#2350 = CARTESIAN_POINT('',(0.75,-3.469446951954E-16,1.036555749453));
#2351 = CARTESIAN_POINT('',(0.75,-0.433012701891,1.253062100398));
#2352 = PCURVE('',#2323,#2353);
#2353 = DEFINITIONAL_REPRESENTATION('',(#2354),#2380);
#2354 = B_SPLINE_CURVE_WITH_KNOTS('',3,(#2355,#2356,#2357,#2358,#2359,
    #2360,#2361,#2362,#2363,#2364,#2365,#2366,#2367,#2368,#2369,#2370,
    #2371,#2372,#2373,#2374,#2375,#2376,#2377,#2378,#2379),
  .UNSPECIFIED.,.F.,.F.,(4,1,1,1,1,1,1,1,1,1,1,1,1,1,1,1,1,1,1,1,1,1,4),
  (0.120361405183,0.127972629465,0.135583853746,0.143195078028,
    0.15080630231,0.158417526592,0.166028750874,0.173639975155,
    0.181251199437,0.188862423719,0.196473648001,0.204084872283,
    0.211696096564,0.219307320846,0.226918545128,0.23452976941,
    0.242140993692,0.249752217973,0.257363442255,0.264974666537,
    0.272585890819,0.280197115101,0.287808339382),
  .QUASI_UNIFORM_KNOTS.);
#2355 = CARTESIAN_POINT('',(6.806784082777,-4.20552481728E-13));
#2356 = CARTESIAN_POINT('',(6.791632821225,-7.573503715521E-03));
#2357 = CARTESIAN_POINT('',(6.761144793676,-2.182738667149E-02));
#2358 = CARTESIAN_POINT('',(6.714898006646,-4.068493295907E-02));
#2359 = CARTESIAN_POINT('',(6.668177082211,-5.718508060831E-02));
#2360 = CARTESIAN_POINT('',(6.621026686338,-7.145946431616E-02));
#2361 = CARTESIAN_POINT('',(6.573493910392,-8.362107766204E-02));
#2362 = CARTESIAN_POINT('',(6.525628421999,-9.37631699149E-02));
#2363 = CARTESIAN_POINT('',(6.477482088203,-0.101962015546));
#2364 = CARTESIAN_POINT('',(6.42910869368,-0.108278137907));
#2365 = CARTESIAN_POINT('',(6.380563592058,-0.112757512155));
#2366 = CARTESIAN_POINT('',(6.331903339876,-0.115432393912));
#2367 = CARTESIAN_POINT('',(6.28318530718,-0.116321908721));
#2368 = CARTESIAN_POINT('',(6.234467274483,-0.115432393912));
#2369 = CARTESIAN_POINT('',(6.185807022301,-0.112757512155));
#2370 = CARTESIAN_POINT('',(6.137261920679,-0.108278137907));
#2371 = CARTESIAN_POINT('',(6.088888526157,-0.101962015546));
#2372 = CARTESIAN_POINT('',(6.04074219236,-9.37631699149E-02));
#2373 = CARTESIAN_POINT('',(5.992876703967,-8.362107766205E-02));
#2374 = CARTESIAN_POINT('',(5.945343928021,-7.145946431616E-02));
#2375 = CARTESIAN_POINT('',(5.898193532148,-5.718508060831E-02));
#2376 = CARTESIAN_POINT('',(5.851472607713,-4.068493295907E-02));
#2377 = CARTESIAN_POINT('',(5.805225820684,-2.182738667149E-02));
#2378 = CARTESIAN_POINT('',(5.774737793134,-7.573503715522E-03));
#2379 = CARTESIAN_POINT('',(5.759586531582,-4.216071936014E-13));
#2380 = ( GEOMETRIC_REPRESENTATION_CONTEXT(2) 
PARAMETRIC_REPRESENTATION_CONTEXT() REPRESENTATION_CONTEXT('2D SPACE',''
  ) );
#2381 = PCURVE('',#2382,#2387);
#2382 = PLANE('',#2383);
#2383 = AXIS2_PLACEMENT_3D('',#2384,#2385,#2386);
#2384 = CARTESIAN_POINT('',(0.75,-0.433012701892,0.315562100399));
#2385 = DIRECTION('',(1.,0.,0.));
#2386 = DIRECTION('',(0.,0.,-1.));
#2387 = DEFINITIONAL_REPRESENTATION('',(#2388),#2392);
#2388 = ( BOUNDED_CURVE() B_SPLINE_CURVE(2,(#2389,#2390,#2391),
.UNSPECIFIED.,.F.,.F.) B_SPLINE_CURVE_WITH_KNOTS((3,3),(0.120361405183,
0.287808339382),.PIECEWISE_BEZIER_KNOTS.) CURVE() 
GEOMETRIC_REPRESENTATION_ITEM() RATIONAL_B_SPLINE_CURVE((1.618802153517,
1.869231718195,1.618802153517)) REPRESENTATION_ITEM('') );
#2389 = CARTESIAN_POINT('',(-0.9375,0.866025403784));
#2390 = CARTESIAN_POINT('',(-0.720993649054,0.433012701892));
#2391 = CARTESIAN_POINT('',(-0.9375,8.429923425979E-13));
#2392 = ( GEOMETRIC_REPRESENTATION_CONTEXT(2) 
PARAMETRIC_REPRESENTATION_CONTEXT() REPRESENTATION_CONTEXT('2D SPACE',''
  ) );
#2393 = ADVANCED_FACE('',(#2394),#2408,.F.);
#2394 = FACE_BOUND('',#2395,.F.);
#2395 = EDGE_LOOP('',(#2396,#2426,#2450,#2472));
#2396 = ORIENTED_EDGE('',*,*,#2397,.T.);
#2397 = EDGE_CURVE('',#2398,#2400,#2402,.T.);
#2398 = VERTEX_POINT('',#2399);
#2399 = CARTESIAN_POINT('',(0.,-2.213789102784E-17,-1.253062100399));
#2400 = VERTEX_POINT('',#2401);
#2401 = CARTESIAN_POINT('',(-1.006595202805E-16,-0.821947359439,
    -1.746937899606));
#2402 = SEAM_CURVE('',#2403,(#2407,#2419),.PCURVE_S1.);
#2403 = LINE('',#2404,#2405);
#2404 = CARTESIAN_POINT('',(-2.038154540947E-13,-1.664279482351E+03,
    -1.0012530621E+03));
#2405 = VECTOR('',#2406,1.);
#2406 = DIRECTION('',(-1.049727191139E-16,-0.857167300702,-0.51503807491
    ));
#2407 = PCURVE('',#2408,#2413);
#2408 = CONICAL_SURFACE('',#2409,1.664279482351E+03,1.029744258677);
#2409 = AXIS2_PLACEMENT_3D('',#2410,#2411,#2412);
#2410 = CARTESIAN_POINT('',(0.,7.946969833838E-14,-1.0012530621E+03));
#2411 = DIRECTION('',(0.,7.949183622941E-17,-1.));
#2412 = DIRECTION('',(0.,1.,7.949183622941E-17));
#2413 = DEFINITIONAL_REPRESENTATION('',(#2414),#2418);
#2414 = LINE('',#2415,#2416);
#2415 = CARTESIAN_POINT('',(3.14159265359,-1.171061000855E-13));
#2416 = VECTOR('',#2417,1.);
#2417 = DIRECTION('',(0.,1.));
#2418 = ( GEOMETRIC_REPRESENTATION_CONTEXT(2) 
PARAMETRIC_REPRESENTATION_CONTEXT() REPRESENTATION_CONTEXT('2D SPACE',''
  ) );
#2419 = PCURVE('',#2408,#2420);
#2420 = DEFINITIONAL_REPRESENTATION('',(#2421),#2425);
#2421 = LINE('',#2422,#2423);
#2422 = CARTESIAN_POINT('',(-3.14159265359,-1.171061000855E-13));
#2423 = VECTOR('',#2424,1.);
#2424 = DIRECTION('',(0.,1.));
#2425 = ( GEOMETRIC_REPRESENTATION_CONTEXT(2) 
PARAMETRIC_REPRESENTATION_CONTEXT() REPRESENTATION_CONTEXT('2D SPACE',''
  ) );
#2426 = ORIENTED_EDGE('',*,*,#2427,.T.);
#2427 = EDGE_CURVE('',#2400,#2428,#2430,.T.);
#2428 = VERTEX_POINT('',#2429);
#2429 = CARTESIAN_POINT('',(-1.006595202809E-16,0.821947359443,
    -1.746937899601));
#2430 = SURFACE_CURVE('',#2431,(#2436,#2443),.PCURVE_S1.);
#2431 = CIRCLE('',#2432,0.821947359443);
#2432 = AXIS2_PLACEMENT_3D('',#2433,#2434,#2435);
#2433 = CARTESIAN_POINT('',(0.,1.712120312007E-17,-1.746937899601));
#2434 = DIRECTION('',(0.,-7.949183622941E-17,1.));
#2435 = DIRECTION('',(0.,-1.,-7.949183622941E-17));
#2436 = PCURVE('',#2408,#2437);
#2437 = DEFINITIONAL_REPRESENTATION('',(#2438),#2442);
#2438 = LINE('',#2439,#2440);
#2439 = CARTESIAN_POINT('',(3.14159265359,-999.5061242007));
#2440 = VECTOR('',#2441,1.);
#2441 = DIRECTION('',(-1.,0.));
#2442 = ( GEOMETRIC_REPRESENTATION_CONTEXT(2) 
PARAMETRIC_REPRESENTATION_CONTEXT() REPRESENTATION_CONTEXT('2D SPACE',''
  ) );
#2443 = PCURVE('',#314,#2444);
#2444 = DEFINITIONAL_REPRESENTATION('',(#2445),#2449);
#2445 = LINE('',#2446,#2447);
#2446 = CARTESIAN_POINT('',(6.28318530718,0.));
#2447 = VECTOR('',#2448,1.);
#2448 = DIRECTION('',(1.,0.));
#2449 = ( GEOMETRIC_REPRESENTATION_CONTEXT(2) 
PARAMETRIC_REPRESENTATION_CONTEXT() REPRESENTATION_CONTEXT('2D SPACE',''
  ) );
#2450 = ORIENTED_EDGE('',*,*,#2451,.T.);
#2451 = EDGE_CURVE('',#2428,#2400,#2452,.T.);
#2452 = SURFACE_CURVE('',#2453,(#2458,#2465),.PCURVE_S1.);
#2453 = CIRCLE('',#2454,0.821947359443);
#2454 = AXIS2_PLACEMENT_3D('',#2455,#2456,#2457);
#2455 = CARTESIAN_POINT('',(0.,1.712120312007E-17,-1.746937899601));
#2456 = DIRECTION('',(0.,-7.949183622941E-17,1.));
#2457 = DIRECTION('',(0.,-1.,-7.949183622941E-17));
#2458 = PCURVE('',#2408,#2459);
#2459 = DEFINITIONAL_REPRESENTATION('',(#2460),#2464);
#2460 = LINE('',#2461,#2462);
#2461 = CARTESIAN_POINT('',(3.14159265359,-999.5061242007));
#2462 = VECTOR('',#2463,1.);
#2463 = DIRECTION('',(-1.,0.));
#2464 = ( GEOMETRIC_REPRESENTATION_CONTEXT(2) 
PARAMETRIC_REPRESENTATION_CONTEXT() REPRESENTATION_CONTEXT('2D SPACE',''
  ) );
#2465 = PCURVE('',#314,#2466);
#2466 = DEFINITIONAL_REPRESENTATION('',(#2467),#2471);
#2467 = LINE('',#2468,#2469);
#2468 = CARTESIAN_POINT('',(0.,0.));
#2469 = VECTOR('',#2470,1.);
#2470 = DIRECTION('',(1.,0.));
#2471 = ( GEOMETRIC_REPRESENTATION_CONTEXT(2) 
PARAMETRIC_REPRESENTATION_CONTEXT() REPRESENTATION_CONTEXT('2D SPACE',''
  ) );
#2472 = ORIENTED_EDGE('',*,*,#2397,.F.);
#2473 = ADVANCED_FACE('',(#2474),#314,.T.);
#2474 = FACE_BOUND('',#2475,.T.);
#2475 = EDGE_LOOP('',(#2476,#2662,#2663,#2783,#2784,#2858,#2879,#2880,
    #2881));
#2476 = ORIENTED_EDGE('',*,*,#2477,.F.);
#2477 = EDGE_CURVE('',#1095,#2478,#2480,.T.);
#2478 = VERTEX_POINT('',#2479);
#2479 = CARTESIAN_POINT('',(-8.736278554891E-17,1.426742561361,
    -1.142142697683));
#2480 = SURFACE_CURVE('',#2481,(#2516,#2589),.PCURVE_S1.);
#2481 = B_SPLINE_CURVE_WITH_KNOTS('',3,(#2482,#2483,#2484,#2485,#2486,
    #2487,#2488,#2489,#2490,#2491,#2492,#2493,#2494,#2495,#2496,#2497,
    #2498,#2499,#2500,#2501,#2502,#2503,#2504,#2505,#2506,#2507,#2508,
    #2509,#2510,#2511,#2512,#2513,#2514,#2515),.UNSPECIFIED.,.F.,.F.,(4,
    2,2,2,2,2,2,2,2,2,2,2,2,2,2,2,4),(1.000000000022E-06,
    3.825240315796E-02,7.780898818292E-02,0.102121366883,0.151908020959,
    0.198893781505,0.264294512532,0.362670821681,0.454561884839,
    0.506360056191,0.556790809635,0.658548372779,0.708930326022,
    0.835495290226,0.988017771715,1.14718512756,1.173898618423),
  .UNSPECIFIED.);
#2482 = CARTESIAN_POINT('',(-1.134669449332,0.306129729846,
    -1.393644785463));
#2483 = CARTESIAN_POINT('',(-1.173152690601,0.184696615738,
    -1.38812125908));
#2484 = CARTESIAN_POINT('',(-1.191852204038,5.787737229951E-02,
    -1.382433661217));
#2485 = CARTESIAN_POINT('',(-1.188195778761,-0.201204035431,
    -1.370981162182));
#2486 = CARTESIAN_POINT('',(-1.164440358588,-0.331702003958,
    -1.365299569652));
#2487 = CARTESIAN_POINT('',(-1.092299482369,-0.531818680407,
    -1.356695907793));
#2488 = CARTESIAN_POINT('',(-1.057201084142,-0.604492237655,
    -1.35370864379));
#2489 = CARTESIAN_POINT('',(-0.930083818568,-0.813458778216,
    -1.344220438922));
#2490 = CARTESIAN_POINT('',(-0.817646509085,-0.935494835665,
    -1.337322983527));
#2491 = CARTESIAN_POINT('',(-0.55925474242,-1.123222890655,
    -1.323737936092));
#2492 = CARTESIAN_POINT('',(-0.417813538049,-1.190047940178,
    -1.317179045196));
#2493 = CARTESIAN_POINT('',(-5.879958325318E-02,-1.28342568223,
    -1.302349397165));
#2494 = CARTESIAN_POINT('',(0.118374083827,-1.272025440537,
    -1.29635459051));
#2495 = CARTESIAN_POINT('',(0.398240459712,-1.231940499706,
    -1.285344620933));
#2496 = CARTESIAN_POINT('',(0.559961339581,-1.175001790456,
    -1.278382503489));
#2497 = CARTESIAN_POINT('',(0.842531620744,-1.007609645462,
    -1.265037599933));
#2498 = CARTESIAN_POINT('',(0.962981269752,-0.902348081016,
    -1.258758637825));
#2499 = CARTESIAN_POINT('',(1.116873338105,-0.707786554618,
    -1.249649935465));
#2500 = CARTESIAN_POINT('',(1.164730281444,-0.632065590449,
    -1.246636366603));
#2501 = CARTESIAN_POINT('',(1.243040735959,-0.476699598568,
    -1.240338778837));
#2502 = CARTESIAN_POINT('',(1.27425606735,-0.39654224135,-1.237112116739
    ));
#2503 = CARTESIAN_POINT('',(1.344792040649,-0.147340947928,
    -1.227158135946));
#2504 = CARTESIAN_POINT('',(1.359371174232,2.681889031616E-02,
    -1.220305866094));
#2505 = CARTESIAN_POINT('',(1.331257383393,0.284195478017,
    -1.210329755525));
#2506 = CARTESIAN_POINT('',(1.313827935187,0.368346199112,
    -1.207092209591));
#2507 = CARTESIAN_POINT('',(1.224930665258,0.656073042206,
    -1.196095766621));
#2508 = CARTESIAN_POINT('',(1.121993955934,0.81462865782,-1.190163362537
    ));
#2509 = CARTESIAN_POINT('',(0.913512031077,1.063187156354,
    -1.178389285095));
#2510 = CARTESIAN_POINT('',(0.774801621889,1.176138104394,
    -1.171662307464));
#2511 = CARTESIAN_POINT('',(0.455805472088,1.347896883948,
    -1.158068526186));
#2512 = CARTESIAN_POINT('',(0.277111290225,1.402441041131,
    -1.151341558776));
#2513 = CARTESIAN_POINT('',(6.206711540356E-02,1.42371709259,
    -1.144153948354));
#2514 = CARTESIAN_POINT('',(3.103906310821E-02,1.425747192092,
    -1.143138066953));
#2515 = CARTESIAN_POINT('',(0.,1.426742561361,-1.142142697683));
#2516 = PCURVE('',#314,#2517);
#2517 = DEFINITIONAL_REPRESENTATION('',(#2518),#2588);
#2518 = B_SPLINE_CURVE_WITH_KNOTS('',3,(#2519,#2520,#2521,#2522,#2523,
    #2524,#2525,#2526,#2527,#2528,#2529,#2530,#2531,#2532,#2533,#2534,
    #2535,#2536,#2537,#2538,#2539,#2540,#2541,#2542,#2543,#2544,#2545,
    #2546,#2547,#2548,#2549,#2550,#2551,#2552,#2553,#2554,#2555,#2556,
    #2557,#2558,#2559,#2560,#2561,#2562,#2563,#2564,#2565,#2566,#2567,
    #2568,#2569,#2570,#2571,#2572,#2573,#2574,#2575,#2576,#2577,#2578,
    #2579,#2580,#2581,#2582,#2583,#2584,#2585,#2586,#2587),
  .UNSPECIFIED.,.F.,.F.,(4,1,1,1,1,1,1,1,1,1,1,1,1,1,1,1,1,1,1,1,1,1,1,1
    ,1,1,1,1,1,1,1,1,1,1,1,1,1,1,1,1,1,1,1,1,1,1,1,1,1,1,1,1,1,1,1,1,1,1
    ,1,1,1,1,1,1,1,1,4),(1.000000000022E-06,1.778732755186E-02,
    3.557365510372E-02,5.335998265558E-02,7.114631020744E-02,
    8.893263775929E-02,0.106718965311,0.124505292863,0.142291620415,
    0.160077947967,0.177864275519,0.19565060307,0.213436930622,
    0.231223258174,0.249009585726,0.266795913278,0.28458224083,
    0.302368568382,0.320154895933,0.337941223485,0.355727551037,
    0.373513878589,0.391300206141,0.409086533693,0.426872861245,
    0.444659188796,0.462445516348,0.4802318439,0.498018171452,
    0.515804499004,0.533590826556,0.551377154108,0.569163481659,
    0.586949809211,0.604736136763,0.622522464315,0.640308791867,
    0.658095119419,0.675881446971,0.693667774522,0.711454102074,
    0.729240429626,0.747026757178,0.76481308473,0.782599412282,
    0.800385739834,0.818172067386,0.835958394937,0.853744722489,
    0.871531050041,0.889317377593,0.907103705145,0.924890032697,
    0.942676360249,0.9604626878,0.978249015352,0.996035342904,
    1.013821670456,1.031607998008,1.04939432556,1.067180653112,
    1.084966980663,1.102753308215,1.120539635767,1.138325963319,
    1.156112290871,1.173898618423),.QUASI_UNIFORM_KNOTS.);
#2519 = CARTESIAN_POINT('',(4.448866923977,0.353293114138));
#2520 = CARTESIAN_POINT('',(4.499146961526,0.355858127639));
#2521 = CARTESIAN_POINT('',(4.599294869406,0.361069643579));
#2522 = CARTESIAN_POINT('',(4.748393744258,0.368964997561));
#2523 = CARTESIAN_POINT('',(4.896850533516,0.376775417175));
#2524 = CARTESIAN_POINT('',(5.043860285153,0.384326084907));
#2525 = CARTESIAN_POINT('',(5.19058320114,0.391392505675));
#2526 = CARTESIAN_POINT('',(5.335213268413,0.39803846014));
#2527 = CARTESIAN_POINT('',(5.478465762425,0.40518321568));
#2528 = CARTESIAN_POINT('',(5.620613038298,0.41254142041));
#2529 = CARTESIAN_POINT('',(5.762808883602,0.420056719299));
#2530 = CARTESIAN_POINT('',(5.903155793777,0.42747028823));
#2531 = CARTESIAN_POINT('',(6.043836668503,0.434745749205));
#2532 = CARTESIAN_POINT('',(6.180743226576,0.441566036321));
#2533 = CARTESIAN_POINT('',(6.29742421576,0.447124500024));
#2534 = CARTESIAN_POINT('',(6.398493276298,0.451790619854));
#2535 = CARTESIAN_POINT('',(6.475643873872,0.455506107451));
#2536 = CARTESIAN_POINT('',(6.546122012613,0.459095204646));
#2537 = CARTESIAN_POINT('',(6.617916499645,0.462787631036));
#2538 = CARTESIAN_POINT('',(6.689001391469,0.466503399055));
#2539 = CARTESIAN_POINT('',(6.760031850229,0.470245538794));
#2540 = CARTESIAN_POINT('',(6.830943664694,0.47399456703));
#2541 = CARTESIAN_POINT('',(6.90187560145,0.477737559843));
#2542 = CARTESIAN_POINT('',(6.972359970245,0.481431686248));
#2543 = CARTESIAN_POINT('',(7.042583745599,0.485069276492));
#2544 = CARTESIAN_POINT('',(7.112620089507,0.488636761219));
#2545 = CARTESIAN_POINT('',(7.182545958525,0.492121282661));
#2546 = CARTESIAN_POINT('',(7.252536305457,0.495512407991));
#2547 = CARTESIAN_POINT('',(7.322126226605,0.49873681564));
#2548 = CARTESIAN_POINT('',(7.391237842941,0.501947805865));
#2549 = CARTESIAN_POINT('',(7.459667674376,0.505235614934));
#2550 = CARTESIAN_POINT('',(7.527879714414,0.508610766274));
#2551 = CARTESIAN_POINT('',(7.59592094698,0.512055115124));
#2552 = CARTESIAN_POINT('',(7.663844663669,0.515555974891));
#2553 = CARTESIAN_POINT('',(7.731366246416,0.519081363385));
#2554 = CARTESIAN_POINT('',(7.798637347894,0.522623086765));
#2555 = CARTESIAN_POINT('',(7.865716941242,0.526168278133));
#2556 = CARTESIAN_POINT('',(7.93267606971,0.529704568721));
#2557 = CARTESIAN_POINT('',(7.999628170575,0.533221687688));
#2558 = CARTESIAN_POINT('',(8.066515342112,0.536700598731));
#2559 = CARTESIAN_POINT('',(8.13301325463,0.540110418481));
#2560 = CARTESIAN_POINT('',(8.199938044867,0.543475768856));
#2561 = CARTESIAN_POINT('',(8.264647242233,0.546656419411));
#2562 = CARTESIAN_POINT('',(8.326221145248,0.549613293888));
#2563 = CARTESIAN_POINT('',(8.384984273718,0.552386936072));
#2564 = CARTESIAN_POINT('',(8.440852028442,0.555006251672));
#2565 = CARTESIAN_POINT('',(8.493714422224,0.557499934355));
#2566 = CARTESIAN_POINT('',(8.543590501376,0.559894693401));
#2567 = CARTESIAN_POINT('',(8.589667784602,0.56217783401));
#2568 = CARTESIAN_POINT('',(8.634038926723,0.564429876976));
#2569 = CARTESIAN_POINT('',(8.678677213089,0.5667168972));
#2570 = CARTESIAN_POINT('',(8.72308231327,0.569016707476));
#2571 = CARTESIAN_POINT('',(8.767415865491,0.571330845301));
#2572 = CARTESIAN_POINT('',(8.811661843534,0.573654503906));
#2573 = CARTESIAN_POINT('',(8.855851032506,0.575984509599));
#2574 = CARTESIAN_POINT('',(8.900004296465,0.578317348775));
#2575 = CARTESIAN_POINT('',(8.944136556273,0.580649127026));
#2576 = CARTESIAN_POINT('',(8.988299099169,0.582977925214));
#2577 = CARTESIAN_POINT('',(9.032291949084,0.585288711824));
#2578 = CARTESIAN_POINT('',(9.076152820554,0.587579159722));
#2579 = CARTESIAN_POINT('',(9.119900843273,0.589846109152));
#2580 = CARTESIAN_POINT('',(9.163559346323,0.592086667242));
#2581 = CARTESIAN_POINT('',(9.207150191147,0.594297851353));
#2582 = CARTESIAN_POINT('',(9.250695195678,0.596476646639));
#2583 = CARTESIAN_POINT('',(9.29421764796,0.598620038891));
#2584 = CARTESIAN_POINT('',(9.337736352868,0.600724906023));
#2585 = CARTESIAN_POINT('',(9.381289419387,0.602788671831));
#2586 = CARTESIAN_POINT('',(9.410292519713,0.604132364413));
#2587 = CARTESIAN_POINT('',(9.424777960769,0.604795201918));
#2588 = ( GEOMETRIC_REPRESENTATION_CONTEXT(2) 
PARAMETRIC_REPRESENTATION_CONTEXT() REPRESENTATION_CONTEXT('2D SPACE',''
  ) );
#2589 = PCURVE('',#120,#2590);
#2590 = DEFINITIONAL_REPRESENTATION('',(#2591),#2661);
#2591 = B_SPLINE_CURVE_WITH_KNOTS('',3,(#2592,#2593,#2594,#2595,#2596,
    #2597,#2598,#2599,#2600,#2601,#2602,#2603,#2604,#2605,#2606,#2607,
    #2608,#2609,#2610,#2611,#2612,#2613,#2614,#2615,#2616,#2617,#2618,
    #2619,#2620,#2621,#2622,#2623,#2624,#2625,#2626,#2627,#2628,#2629,
    #2630,#2631,#2632,#2633,#2634,#2635,#2636,#2637,#2638,#2639,#2640,
    #2641,#2642,#2643,#2644,#2645,#2646,#2647,#2648,#2649,#2650,#2651,
    #2652,#2653,#2654,#2655,#2656,#2657,#2658,#2659,#2660),
  .UNSPECIFIED.,.F.,.F.,(4,1,1,1,1,1,1,1,1,1,1,1,1,1,1,1,1,1,1,1,1,1,1,1
    ,1,1,1,1,1,1,1,1,1,1,1,1,1,1,1,1,1,1,1,1,1,1,1,1,1,1,1,1,1,1,1,1,1,1
    ,1,1,1,1,1,1,1,1,4),(1.000000000022E-06,1.778732755186E-02,
    3.557365510372E-02,5.335998265558E-02,7.114631020744E-02,
    8.893263775929E-02,0.106718965311,0.124505292863,0.142291620415,
    0.160077947967,0.177864275519,0.19565060307,0.213436930622,
    0.231223258174,0.249009585726,0.266795913278,0.28458224083,
    0.302368568382,0.320154895933,0.337941223485,0.355727551037,
    0.373513878589,0.391300206141,0.409086533693,0.426872861245,
    0.444659188796,0.462445516348,0.4802318439,0.498018171452,
    0.515804499004,0.533590826556,0.551377154108,0.569163481659,
    0.586949809211,0.604736136763,0.622522464315,0.640308791867,
    0.658095119419,0.675881446971,0.693667774522,0.711454102074,
    0.729240429626,0.747026757178,0.76481308473,0.782599412282,
    0.800385739834,0.818172067386,0.835958394937,0.853744722489,
    0.871531050041,0.889317377593,0.907103705145,0.924890032697,
    0.942676360249,0.9604626878,0.978249015352,0.996035342904,
    1.013821670456,1.031607998008,1.04939432556,1.067180653112,
    1.084966980663,1.102753308215,1.120539635767,1.138325963319,
    1.156112290871,1.173898618423),.QUASI_UNIFORM_KNOTS.);
#2592 = CARTESIAN_POINT('',(-2.250561776338E-13,0.172683280468));
#2593 = CARTESIAN_POINT('',(7.89953996879E-03,0.173819630995));
#2594 = CARTESIAN_POINT('',(2.394795170312E-02,0.176061202248));
#2595 = CARTESIAN_POINT('',(4.825414706015E-02,0.179369766892));
#2596 = CARTESIAN_POINT('',(7.231581478649E-02,0.182673537759));
#2597 = CARTESIAN_POINT('',(9.552775663089E-02,0.185988608776));
#2598 = CARTESIAN_POINT('',(0.117424321946,0.189384059077));
#2599 = CARTESIAN_POINT('',(0.137750521451,0.192834563557));
#2600 = CARTESIAN_POINT('',(0.159790626464,0.196103250144));
#2601 = CARTESIAN_POINT('',(0.182436284251,0.199294474526));
#2602 = CARTESIAN_POINT('',(0.205577833454,0.20245234388));
#2603 = CARTESIAN_POINT('',(0.228413800323,0.205570289186));
#2604 = CARTESIAN_POINT('',(0.250788793393,0.208728596126));
#2605 = CARTESIAN_POINT('',(0.27188451689,0.211859659027));
#2606 = CARTESIAN_POINT('',(0.288643987845,0.214628703851));
#2607 = CARTESIAN_POINT('',(0.303143494821,0.217000669194));
#2608 = CARTESIAN_POINT('',(0.314774444128,0.218768882004));
#2609 = CARTESIAN_POINT('',(0.325776056367,0.220369634031));
#2610 = CARTESIAN_POINT('',(0.337160411589,0.221984114917));
#2611 = CARTESIAN_POINT('',(0.348598448317,0.223572061346));
#2612 = CARTESIAN_POINT('',(0.36012150815,0.225152139879));
#2613 = CARTESIAN_POINT('',(0.371663923264,0.226726971372));
#2614 = CARTESIAN_POINT('',(0.383189646273,0.228303606155));
#2615 = CARTESIAN_POINT('',(0.394565421825,0.229875568483));
#2616 = CARTESIAN_POINT('',(0.405766324656,0.231450904966));
#2617 = CARTESIAN_POINT('',(0.416751796594,0.233035037642));
#2618 = CARTESIAN_POINT('',(0.427477723897,0.234634154613));
#2619 = CARTESIAN_POINT('',(0.437930150496,0.236254811739));
#2620 = CARTESIAN_POINT('',(0.447865004731,0.237896977378));
#2621 = CARTESIAN_POINT('',(0.457715635994,0.239539024368));
#2622 = CARTESIAN_POINT('',(0.467867507193,0.241128287737));
#2623 = CARTESIAN_POINT('',(0.478252924717,0.242693922181));
#2624 = CARTESIAN_POINT('',(0.488860536104,0.244237482421));
#2625 = CARTESIAN_POINT('',(0.499640127626,0.245765056604));
#2626 = CARTESIAN_POINT('',(0.510496727292,0.247273762195));
#2627 = CARTESIAN_POINT('',(0.521402803927,0.248770697458));
#2628 = CARTESIAN_POINT('',(0.532318941505,0.25026059921));
#2629 = CARTESIAN_POINT('',(0.543207003297,0.251748413821));
#2630 = CARTESIAN_POINT('',(0.554036118594,0.253239991022));
#2631 = CARTESIAN_POINT('',(0.564748808155,0.254737428893));
#2632 = CARTESIAN_POINT('',(0.575247876673,0.25623675734));
#2633 = CARTESIAN_POINT('',(0.585611801815,0.257759846713));
#2634 = CARTESIAN_POINT('',(0.595400719901,0.259250293395));
#2635 = CARTESIAN_POINT('',(0.604456264796,0.260685408868));
#2636 = CARTESIAN_POINT('',(0.612791492598,0.262082276323));
#2637 = CARTESIAN_POINT('',(0.620783746038,0.26340245146));
#2638 = CARTESIAN_POINT('',(0.628571955965,0.264632542745));
#2639 = CARTESIAN_POINT('',(0.636110273656,0.265781733737));
#2640 = CARTESIAN_POINT('',(0.643213500977,0.266834091463));
#2641 = CARTESIAN_POINT('',(0.650128744097,0.267840570433));
#2642 = CARTESIAN_POINT('',(0.657176773248,0.26884707227));
#2643 = CARTESIAN_POINT('',(0.664257393019,0.269843338178));
#2644 = CARTESIAN_POINT('',(0.671383679609,0.270834076208));
#2645 = CARTESIAN_POINT('',(0.67853852532,0.271819927788));
#2646 = CARTESIAN_POINT('',(0.685712772265,0.272802568394));
#2647 = CARTESIAN_POINT('',(0.692895522151,0.27378342825));
#2648 = CARTESIAN_POINT('',(0.700074974604,0.274763795617));
#2649 = CARTESIAN_POINT('',(0.707245779198,0.275745767489));
#2650 = CARTESIAN_POINT('',(0.714361593913,0.276725848464));
#2651 = CARTESIAN_POINT('',(0.721414741794,0.277705810225));
#2652 = CARTESIAN_POINT('',(0.728395395567,0.27868701249));
#2653 = CARTESIAN_POINT('',(0.735294604324,0.279670915381));
#2654 = CARTESIAN_POINT('',(0.742103187267,0.28065896253));
#2655 = CARTESIAN_POINT('',(0.748811877041,0.281652620388));
#2656 = CARTESIAN_POINT('',(0.755411411171,0.282653423687));
#2657 = CARTESIAN_POINT('',(0.761892377464,0.283662842696));
#2658 = CARTESIAN_POINT('',(0.768246875079,0.284682860757));
#2659 = CARTESIAN_POINT('',(0.772384448494,0.285369392776));
#2660 = CARTESIAN_POINT('',(0.774425589769,0.285714285714));
#2661 = ( GEOMETRIC_REPRESENTATION_CONTEXT(2) 
PARAMETRIC_REPRESENTATION_CONTEXT() REPRESENTATION_CONTEXT('2D SPACE',''
  ) );
#2662 = ORIENTED_EDGE('',*,*,#1094,.F.);
#2663 = ORIENTED_EDGE('',*,*,#2664,.F.);
#2664 = EDGE_CURVE('',#298,#1059,#2665,.T.);
#2665 = SURFACE_CURVE('',#2666,(#2681,#2732),.PCURVE_S1.);
#2666 = B_SPLINE_CURVE_WITH_KNOTS('',3,(#2667,#2668,#2669,#2670,#2671,
    #2672,#2673,#2674,#2675,#2676,#2677,#2678,#2679,#2680),
  .UNSPECIFIED.,.F.,.F.,(4,2,2,2,2,2,4),(9.9998600503E-07,
    3.785314197577E-02,6.422092976283E-02,9.286345714203E-02,
    0.10108255372,0.110089154429,0.118352644762),.UNSPECIFIED.);
#2667 = CARTESIAN_POINT('',(-1.170763463203,-0.937716861973,
    -1.068885259044));
#2668 = CARTESIAN_POINT('',(-1.236600920943,-0.831162972666,
    -1.084110118164));
#2669 = CARTESIAN_POINT('',(-1.326191104083,-0.660926712222,
    -1.104792320222));
#2670 = CARTESIAN_POINT('',(-1.395111472675,-0.276723164199,
    -1.155499312176));
#2671 = CARTESIAN_POINT('',(-1.395425739796,-0.115399268359,
    -1.177680274548));
#2672 = CARTESIAN_POINT('',(-1.337681284432,0.213363699753,
    -1.225262207105));
#2673 = CARTESIAN_POINT('',(-1.275107063312,0.377156925967,
    -1.250372550944));
#2674 = CARTESIAN_POINT('',(-1.157012517966,0.567279402423,
    -1.28123592429));
#2675 = CARTESIAN_POINT('',(-1.113766986068,0.63238522679,
    -1.291382827563));
#2676 = CARTESIAN_POINT('',(-0.985083959641,0.777119496999,
    -1.318186359765));
#2677 = CARTESIAN_POINT('',(-0.908389059503,0.843678455499,
    -1.333163013331));
#2678 = CARTESIAN_POINT('',(-0.746942951792,0.950669378414,
    -1.36334953979));
#2679 = CARTESIAN_POINT('',(-0.663940750864,0.992431492383,
    -1.378335219312));
#2680 = CARTESIAN_POINT('',(-0.57691885394,1.023891989768,
    -1.393644785463));
#2681 = PCURVE('',#314,#2682);
#2682 = DEFINITIONAL_REPRESENTATION('',(#2683),#2731);
#2683 = B_SPLINE_CURVE_WITH_KNOTS('',3,(#2684,#2685,#2686,#2687,#2688,
    #2689,#2690,#2691,#2692,#2693,#2694,#2695,#2696,#2697,#2698,#2699,
    #2700,#2701,#2702,#2703,#2704,#2705,#2706,#2707,#2708,#2709,#2710,
    #2711,#2712,#2713,#2714,#2715,#2716,#2717,#2718,#2719,#2720,#2721,
    #2722,#2723,#2724,#2725,#2726,#2727,#2728,#2729,#2730),
  .UNSPECIFIED.,.F.,.F.,(4,1,1,1,1,1,1,1,1,1,1,1,1,1,1,1,1,1,1,1,1,1,1,1
    ,1,1,1,1,1,1,1,1,1,1,1,1,1,1,1,1,1,1,1,1,4),(9.9998600503E-07,
    2.690810094543E-03,5.380620203082E-03,8.07043031162E-03,
    1.076024042016E-02,1.34500505287E-02,1.613986063724E-02,
    1.882967074577E-02,2.151948085431E-02,2.420929096285E-02,
    2.689910107139E-02,2.958891117993E-02,3.227872128847E-02,
    3.4968531397E-02,3.765834150554E-02,4.034815161408E-02,
    4.303796172262E-02,4.572777183116E-02,4.84175819397E-02,
    5.110739204823E-02,5.379720215677E-02,5.648701226531E-02,
    5.917682237385E-02,6.186663248239E-02,6.455644259093E-02,
    6.724625269946E-02,6.9936062808E-02,7.262587291654E-02,
    7.531568302508E-02,7.800549313362E-02,8.069530324216E-02,
    8.338511335069E-02,8.607492345923E-02,8.876473356777E-02,
    9.145454367631E-02,9.414435378485E-02,9.683416389339E-02,
    9.952397400192E-02,0.10221378411,0.104903594219,0.107593404328,
    0.110283214436,0.112973024545,0.115662834653,0.118352644762),
  .QUASI_UNIFORM_KNOTS.);
#2684 = CARTESIAN_POINT('',(5.387705730828,0.678052640557));
#2685 = CARTESIAN_POINT('',(5.381815697502,0.676970769365));
#2686 = CARTESIAN_POINT('',(5.369576646983,0.674750010671));
#2687 = CARTESIAN_POINT('',(5.349888384218,0.671241693455));
#2688 = CARTESIAN_POINT('',(5.328919178321,0.667550046092));
#2689 = CARTESIAN_POINT('',(5.30671259579,0.66366899014));
#2690 = CARTESIAN_POINT('',(5.283308435314,0.659592120495));
#2691 = CARTESIAN_POINT('',(5.258741927229,0.655312536728));
#2692 = CARTESIAN_POINT('',(5.233043506475,0.650822718257));
#2693 = CARTESIAN_POINT('',(5.206238294788,0.646114472382));
#2694 = CARTESIAN_POINT('',(5.178345970252,0.641179032622));
#2695 = CARTESIAN_POINT('',(5.149379189875,0.636006977245));
#2696 = CARTESIAN_POINT('',(5.119347246421,0.6305892217));
#2697 = CARTESIAN_POINT('',(5.088240098725,0.624914413472));
#2698 = CARTESIAN_POINT('',(5.056085575212,0.618980177704));
#2699 = CARTESIAN_POINT('',(5.022733460015,0.61275311134));
#2700 = CARTESIAN_POINT('',(4.988658884238,0.606320510254));
#2701 = CARTESIAN_POINT('',(4.954657774811,0.599839084313));
#2702 = CARTESIAN_POINT('',(4.920502438909,0.593273245969));
#2703 = CARTESIAN_POINT('',(4.886235176066,0.586638222805));
#2704 = CARTESIAN_POINT('',(4.851825991195,0.579935728536));
#2705 = CARTESIAN_POINT('',(4.817264010783,0.573171150634));
#2706 = CARTESIAN_POINT('',(4.782533616962,0.566349084314));
#2707 = CARTESIAN_POINT('',(4.747617986616,0.559474009937));
#2708 = CARTESIAN_POINT('',(4.712508275506,0.552552097328));
#2709 = CARTESIAN_POINT('',(4.677162804163,0.545583407623));
#2710 = CARTESIAN_POINT('',(4.641665977864,0.538592460758));
#2711 = CARTESIAN_POINT('',(4.606046629005,0.531594302298));
#2712 = CARTESIAN_POINT('',(4.570277917404,0.524593399762));
#2713 = CARTESIAN_POINT('',(4.534347967666,0.517597234576));
#2714 = CARTESIAN_POINT('',(4.498241782203,0.510612792353));
#2715 = CARTESIAN_POINT('',(4.461942577757,0.503646901914));
#2716 = CARTESIAN_POINT('',(4.425444130171,0.496708324811));
#2717 = CARTESIAN_POINT('',(4.388699644692,0.489799039345));
#2718 = CARTESIAN_POINT('',(4.351813502749,0.482947042884));
#2719 = CARTESIAN_POINT('',(4.314324969634,0.476083934842));
#2720 = CARTESIAN_POINT('',(4.277881180804,0.469501908671));
#2721 = CARTESIAN_POINT('',(4.227095204364,0.460663086954));
#2722 = CARTESIAN_POINT('',(4.165903897622,0.450066780718));
#2723 = CARTESIAN_POINT('',(4.094563909481,0.437517537764));
#2724 = CARTESIAN_POINT('',(4.023186925033,0.424504508793));
#2725 = CARTESIAN_POINT('',(3.951083600319,0.411013289784));
#2726 = CARTESIAN_POINT('',(3.878177251816,0.397074732455));
#2727 = CARTESIAN_POINT('',(3.804534757202,0.382769932404));
#2728 = CARTESIAN_POINT('',(3.730176000272,0.368175250003));
#2729 = CARTESIAN_POINT('',(3.679983942421,0.358276632378));
#2730 = CARTESIAN_POINT('',(3.654708606853,0.353293114138));
#2731 = ( GEOMETRIC_REPRESENTATION_CONTEXT(2) 
PARAMETRIC_REPRESENTATION_CONTEXT() REPRESENTATION_CONTEXT('2D SPACE',''
  ) );
#2732 = PCURVE('',#362,#2733);
#2733 = DEFINITIONAL_REPRESENTATION('',(#2734),#2782);
#2734 = B_SPLINE_CURVE_WITH_KNOTS('',3,(#2735,#2736,#2737,#2738,#2739,
    #2740,#2741,#2742,#2743,#2744,#2745,#2746,#2747,#2748,#2749,#2750,
    #2751,#2752,#2753,#2754,#2755,#2756,#2757,#2758,#2759,#2760,#2761,
    #2762,#2763,#2764,#2765,#2766,#2767,#2768,#2769,#2770,#2771,#2772,
    #2773,#2774,#2775,#2776,#2777,#2778,#2779,#2780,#2781),
  .UNSPECIFIED.,.F.,.F.,(4,1,1,1,1,1,1,1,1,1,1,1,1,1,1,1,1,1,1,1,1,1,1,1
    ,1,1,1,1,1,1,1,1,1,1,1,1,1,1,1,1,1,1,1,1,4),(9.9998600503E-07,
    2.690810094543E-03,5.380620203082E-03,8.07043031162E-03,
    1.076024042016E-02,1.34500505287E-02,1.613986063724E-02,
    1.882967074577E-02,2.151948085431E-02,2.420929096285E-02,
    2.689910107139E-02,2.958891117993E-02,3.227872128847E-02,
    3.4968531397E-02,3.765834150554E-02,4.034815161408E-02,
    4.303796172262E-02,4.572777183116E-02,4.84175819397E-02,
    5.110739204823E-02,5.379720215677E-02,5.648701226531E-02,
    5.917682237385E-02,6.186663248239E-02,6.455644259093E-02,
    6.724625269946E-02,6.9936062808E-02,7.262587291654E-02,
    7.531568302508E-02,7.800549313362E-02,8.069530324216E-02,
    8.338511335069E-02,8.607492345923E-02,8.876473356777E-02,
    9.145454367631E-02,9.414435378485E-02,9.683416389339E-02,
    9.952397400192E-02,0.10221378411,0.104903594219,0.107593404328,
    0.110283214436,0.112973024545,0.115662834653,0.118352644762),
  .QUASI_UNIFORM_KNOTS.);
#2735 = CARTESIAN_POINT('',(-4.236159586951E-14,0.19402323133));
#2736 = CARTESIAN_POINT('',(3.331264282501E-03,0.193887752613));
#2737 = CARTESIAN_POINT('',(1.015995232613E-02,0.193605809056));
#2738 = CARTESIAN_POINT('',(2.09308259053E-02,0.193150559079));
#2739 = CARTESIAN_POINT('',(3.225912487042E-02,0.192663637766));
#2740 = CARTESIAN_POINT('',(4.417366031424E-02,0.192145569896));
#2741 = CARTESIAN_POINT('',(5.670626307071E-02,0.191596566188));
#2742 = CARTESIAN_POINT('',(6.988527107859E-02,0.191017334015));
#2743 = CARTESIAN_POINT('',(8.376326561795E-02,0.190405929789));
#2744 = CARTESIAN_POINT('',(9.831267279941E-02,0.189769823007));
#2745 = CARTESIAN_POINT('',(0.113534913837,0.189113230903));
#2746 = CARTESIAN_POINT('',(0.129472352367,0.188435737291));
#2747 = CARTESIAN_POINT('',(0.146156233557,0.187737978124));
#2748 = CARTESIAN_POINT('',(0.163627264499,0.187019777763));
#2749 = CARTESIAN_POINT('',(0.181896715168,0.186281854194));
#2750 = CARTESIAN_POINT('',(0.201070240144,0.185520794637));
#2751 = CARTESIAN_POINT('',(0.22087765528,0.184747376574));
#2752 = CARTESIAN_POINT('',(0.240834976412,0.183979278581));
#2753 = CARTESIAN_POINT('',(0.261052332929,0.183210882376));
#2754 = CARTESIAN_POINT('',(0.281482769126,0.182442720577));
#2755 = CARTESIAN_POINT('',(0.30212105735,0.181673681073));
#2756 = CARTESIAN_POINT('',(0.322950604004,0.180903085445));
#2757 = CARTESIAN_POINT('',(0.343957256001,0.180130142244));
#2758 = CARTESIAN_POINT('',(0.365127201259,0.179354026186));
#2759 = CARTESIAN_POINT('',(0.386441375991,0.178574077982));
#2760 = CARTESIAN_POINT('',(0.407899528557,0.177788894668));
#2761 = CARTESIAN_POINT('',(0.429425729559,0.176999855791));
#2762 = CARTESIAN_POINT('',(0.450973944245,0.176207096748));
#2763 = CARTESIAN_POINT('',(0.472530651262,0.175409500955));
#2764 = CARTESIAN_POINT('',(0.494072923515,0.174606264698));
#2765 = CARTESIAN_POINT('',(0.515579305088,0.173796492553));
#2766 = CARTESIAN_POINT('',(0.537028769388,0.172979219443));
#2767 = CARTESIAN_POINT('',(0.558394351376,0.172153693703));
#2768 = CARTESIAN_POINT('',(0.579669791898,0.171318187253));
#2769 = CARTESIAN_POINT('',(0.600769243706,0.170474433793));
#2770 = CARTESIAN_POINT('',(0.621901497181,0.169611024902));
#2771 = CARTESIAN_POINT('',(0.642172838488,0.168765343177));
#2772 = CARTESIAN_POINT('',(0.669318260824,0.167578860926));
#2773 = CARTESIAN_POINT('',(0.702029093744,0.166119125536));
#2774 = CARTESIAN_POINT('',(0.740652089903,0.164445006868));
#2775 = CARTESIAN_POINT('',(0.780726706454,0.162797176009));
#2776 = CARTESIAN_POINT('',(0.822267574163,0.161153617352));
#2777 = CARTESIAN_POINT('',(0.865187731354,0.159509119631));
#2778 = CARTESIAN_POINT('',(0.909234692728,0.157860950728));
#2779 = CARTESIAN_POINT('',(0.954174741429,0.15620535073));
#2780 = CARTESIAN_POINT('',(0.984654671241,0.155090507987));
#2781 = CARTESIAN_POINT('',(1.,0.154529031049));
#2782 = ( GEOMETRIC_REPRESENTATION_CONTEXT(2) 
PARAMETRIC_REPRESENTATION_CONTEXT() REPRESENTATION_CONTEXT('2D SPACE',''
  ) );
#2783 = ORIENTED_EDGE('',*,*,#297,.F.);
#2784 = ORIENTED_EDGE('',*,*,#2785,.F.);
#2785 = EDGE_CURVE('',#2478,#79,#2786,.T.);
#2786 = SURFACE_CURVE('',#2787,(#2800,#2829),.PCURVE_S1.);
#2787 = B_SPLINE_CURVE_WITH_KNOTS('',3,(#2788,#2789,#2790,#2791,#2792,
    #2793,#2794,#2795,#2796,#2797,#2798,#2799),.UNSPECIFIED.,.F.,.F.,(4,
    2,2,2,2,4),(1.173898618423,1.226278765179,1.383376377682,
    1.550338232402,1.676317449162,1.795042899038),.UNSPECIFIED.);
#2788 = CARTESIAN_POINT('',(3.989863994747E-16,1.426742561361,
    -1.142142697683));
#2789 = CARTESIAN_POINT('',(-6.086201756928E-02,1.428694301391,
    -1.140190957653));
#2790 = CARTESIAN_POINT('',(-0.121757575221,1.426796071705,
    -1.138173740935));
#2791 = CARTESIAN_POINT('',(-0.36201256358,1.404326572685,
    -1.129970510829));
#2792 = CARTESIAN_POINT('',(-0.537452512011,1.353953369983,
    -1.123428512494));
#2793 = CARTESIAN_POINT('',(-0.87091987869,1.186250112039,
    -1.109859676954));
#2794 = CARTESIAN_POINT('',(-1.023869329645,1.066570441993,
    -1.102962120595));
#2795 = CARTESIAN_POINT('',(-1.243540241876,0.810406892804,
    -1.091686961894));
#2796 = CARTESIAN_POINT('',(-1.319246330347,0.689059566974,
    -1.087454233331));
#2797 = CARTESIAN_POINT('',(-1.432348087605,0.434254118158,
    -1.078273677527));
#2798 = CARTESIAN_POINT('',(-1.470306598239,0.303810406888,
    -1.073615208375));
#2799 = CARTESIAN_POINT('',(-1.490329546596,0.170052469968,
    -1.068885259044));
#2800 = PCURVE('',#314,#2801);
#2801 = DEFINITIONAL_REPRESENTATION('',(#2802),#2828);
#2802 = B_SPLINE_CURVE_WITH_KNOTS('',3,(#2803,#2804,#2805,#2806,#2807,
    #2808,#2809,#2810,#2811,#2812,#2813,#2814,#2815,#2816,#2817,#2818,
    #2819,#2820,#2821,#2822,#2823,#2824,#2825,#2826,#2827),
  .UNSPECIFIED.,.F.,.F.,(4,1,1,1,1,1,1,1,1,1,1,1,1,1,1,1,1,1,1,1,1,1,4),
  (1.173898618423,1.20213244936,1.230366280297,1.258600111234,
    1.286833942171,1.315067773108,1.343301604045,1.371535434982,
    1.399769265919,1.428003096856,1.456236927793,1.48447075873,
    1.512704589668,1.540938420605,1.569172251542,1.597406082479,
    1.625639913416,1.653873744353,1.68210757529,1.710341406227,
    1.738575237164,1.766809068101,1.795042899038),
  .QUASI_UNIFORM_KNOTS.);
#2803 = CARTESIAN_POINT('',(3.14159265359,0.604795201918));
#2804 = CARTESIAN_POINT('',(3.164619071014,0.605846850547));
#2805 = CARTESIAN_POINT('',(3.210482684801,0.607986457202));
#2806 = CARTESIAN_POINT('',(3.278780056618,0.611285876064));
#2807 = CARTESIAN_POINT('',(3.346575412591,0.614648318482));
#2808 = CARTESIAN_POINT('',(3.414122320283,0.618075030167));
#2809 = CARTESIAN_POINT('',(3.481447832679,0.621550092307));
#2810 = CARTESIAN_POINT('',(3.54863914605,0.625062255073));
#2811 = CARTESIAN_POINT('',(3.615762129013,0.628598528372));
#2812 = CARTESIAN_POINT('',(3.682912769949,0.632147704709));
#2813 = CARTESIAN_POINT('',(3.74966496864,0.635671280923));
#2814 = CARTESIAN_POINT('',(3.81617321899,0.639162244371));
#2815 = CARTESIAN_POINT('',(3.882495616336,0.642608811659));
#2816 = CARTESIAN_POINT('',(3.948707897165,0.646000032508));
#2817 = CARTESIAN_POINT('',(4.014906518737,0.649325588808));
#2818 = CARTESIAN_POINT('',(4.081094514444,0.652571252629));
#2819 = CARTESIAN_POINT('',(4.146390920724,0.655683803911));
#2820 = CARTESIAN_POINT('',(4.211309775236,0.658711671154));
#2821 = CARTESIAN_POINT('',(4.2760203862,0.661716346508));
#2822 = CARTESIAN_POINT('',(4.340906896214,0.664845878844));
#2823 = CARTESIAN_POINT('',(4.405632567031,0.668079014901));
#2824 = CARTESIAN_POINT('',(4.470125501448,0.671358714868));
#2825 = CARTESIAN_POINT('',(4.534488369359,0.674686510054));
#2826 = CARTESIAN_POINT('',(4.577347584649,0.676927848781));
#2827 = CARTESIAN_POINT('',(4.598776409737,0.678052640557));
#2828 = ( GEOMETRIC_REPRESENTATION_CONTEXT(2) 
PARAMETRIC_REPRESENTATION_CONTEXT() REPRESENTATION_CONTEXT('2D SPACE',''
  ) );
#2829 = PCURVE('',#120,#2830);
#2830 = DEFINITIONAL_REPRESENTATION('',(#2831),#2857);
#2831 = B_SPLINE_CURVE_WITH_KNOTS('',3,(#2832,#2833,#2834,#2835,#2836,
    #2837,#2838,#2839,#2840,#2841,#2842,#2843,#2844,#2845,#2846,#2847,
    #2848,#2849,#2850,#2851,#2852,#2853,#2854,#2855,#2856),
  .UNSPECIFIED.,.F.,.F.,(4,1,1,1,1,1,1,1,1,1,1,1,1,1,1,1,1,1,1,1,1,1,4),
  (1.173898618423,1.20213244936,1.230366280297,1.258600111234,
    1.286833942171,1.315067773108,1.343301604045,1.371535434982,
    1.399769265919,1.428003096856,1.456236927793,1.48447075873,
    1.512704589668,1.540938420605,1.569172251542,1.597406082479,
    1.625639913416,1.653873744353,1.68210757529,1.710341406227,
    1.738575237164,1.766809068101,1.795042899038),
  .QUASI_UNIFORM_KNOTS.);
#2832 = CARTESIAN_POINT('',(0.774425589769,0.285714285714));
#2833 = CARTESIAN_POINT('',(0.777660770587,0.286262489438));
#2834 = CARTESIAN_POINT('',(0.784247783088,0.287344414109));
#2835 = CARTESIAN_POINT('',(0.794412712707,0.288930121238));
#2836 = CARTESIAN_POINT('',(0.804765624729,0.290483422685));
#2837 = CARTESIAN_POINT('',(0.815318194271,0.29201432252));
#2838 = CARTESIAN_POINT('',(0.826018582672,0.293527289593));
#2839 = CARTESIAN_POINT('',(0.836832808947,0.295027927676));
#2840 = CARTESIAN_POINT('',(0.847720764334,0.296521184653));
#2841 = CARTESIAN_POINT('',(0.8586495515,0.298012582999));
#2842 = CARTESIAN_POINT('',(0.869500175,0.299496012294));
#2843 = CARTESIAN_POINT('',(0.880250039919,0.300978191808));
#2844 = CARTESIAN_POINT('',(0.890862240015,0.302463655166));
#2845 = CARTESIAN_POINT('',(0.901305474506,0.303957449136));
#2846 = CARTESIAN_POINT('',(0.911539136651,0.30546491326));
#2847 = CARTESIAN_POINT('',(0.92155413994,0.306990546145));
#2848 = CARTESIAN_POINT('',(0.931266556564,0.308514321709));
#2849 = CARTESIAN_POINT('',(0.940452396555,0.310062409096));
#2850 = CARTESIAN_POINT('',(0.949691100779,0.311581715941));
#2851 = CARTESIAN_POINT('',(0.959335284872,0.313083025091));
#2852 = CARTESIAN_POINT('',(0.969289239598,0.314562609289));
#2853 = CARTESIAN_POINT('',(0.979388917293,0.316022203346));
#2854 = CARTESIAN_POINT('',(0.989635314946,0.317467508091));
#2855 = CARTESIAN_POINT('',(0.996536613093,0.318424413386));
#2856 = CARTESIAN_POINT('',(1.,0.318901996666));
#2857 = ( GEOMETRIC_REPRESENTATION_CONTEXT(2) 
PARAMETRIC_REPRESENTATION_CONTEXT() REPRESENTATION_CONTEXT('2D SPACE',''
  ) );
#2858 = ORIENTED_EDGE('',*,*,#2859,.T.);
#2859 = EDGE_CURVE('',#2478,#2428,#2860,.T.);
#2860 = SEAM_CURVE('',#2861,(#2865,#2872),.PCURVE_S1.);
#2861 = LINE('',#2862,#2863);
#2862 = CARTESIAN_POINT('',(-1.006595202809E-16,0.821947359443,
    -1.746937899601));
#2863 = VECTOR('',#2864,1.);
#2864 = DIRECTION('',(8.659560562355E-17,-0.707106781187,-0.707106781187
    ));
#2865 = PCURVE('',#314,#2866);
#2866 = DEFINITIONAL_REPRESENTATION('',(#2867),#2871);
#2867 = LINE('',#2868,#2869);
#2868 = CARTESIAN_POINT('',(3.14159265359,0.));
#2869 = VECTOR('',#2870,1.);
#2870 = DIRECTION('',(0.,-1.));
#2871 = ( GEOMETRIC_REPRESENTATION_CONTEXT(2) 
PARAMETRIC_REPRESENTATION_CONTEXT() REPRESENTATION_CONTEXT('2D SPACE',''
  ) );
#2872 = PCURVE('',#314,#2873);
#2873 = DEFINITIONAL_REPRESENTATION('',(#2874),#2878);
#2874 = LINE('',#2875,#2876);
#2875 = CARTESIAN_POINT('',(9.424777960769,0.));
#2876 = VECTOR('',#2877,1.);
#2877 = DIRECTION('',(0.,-1.));
#2878 = ( GEOMETRIC_REPRESENTATION_CONTEXT(2) 
PARAMETRIC_REPRESENTATION_CONTEXT() REPRESENTATION_CONTEXT('2D SPACE',''
  ) );
#2879 = ORIENTED_EDGE('',*,*,#2451,.T.);
#2880 = ORIENTED_EDGE('',*,*,#2427,.T.);
#2881 = ORIENTED_EDGE('',*,*,#2859,.F.);
#2882 = ADVANCED_FACE('',(#2883),#1965,.T.);
#2883 = FACE_BOUND('',#2884,.T.);
#2884 = EDGE_LOOP('',(#2885,#2957,#2958,#3140));
#2885 = ORIENTED_EDGE('',*,*,#2886,.T.);
#2886 = EDGE_CURVE('',#2887,#1949,#2889,.T.);
#2887 = VERTEX_POINT('',#2888);
#2888 = CARTESIAN_POINT('',(0.225363874622,-1.178648006835,
    1.253062100399));
#2889 = SURFACE_CURVE('',#2890,(#2899,#2928),.PCURVE_S1.);
#2890 = B_SPLINE_CURVE_WITH_KNOTS('',3,(#2891,#2892,#2893,#2894,#2895,
    #2896,#2897,#2898),.UNSPECIFIED.,.F.,.F.,(4,2,2,4),(-0.150938720782,
    -6.80614811148E-02,-3.758236265188E-02,-1.000000105666E-06),
  .UNSPECIFIED.);
#2891 = CARTESIAN_POINT('',(0.225363874622,-1.178648006835,
    1.253062100399));
#2892 = CARTESIAN_POINT('',(0.181551275528,-1.214027651962,1.23449121292
    ));
#2893 = CARTESIAN_POINT('',(0.134631469208,-1.245776831051,
    1.216663854628));
#2894 = CARTESIAN_POINT('',(6.692117068154E-02,-1.283806146578,
    1.19325667258));
#2895 = CARTESIAN_POINT('',(8.807176669683E-03,-1.315850606792,
    1.174037795155));
#2896 = CARTESIAN_POINT('',(-0.195290466378,-1.392833672683,
    1.111509394418));
#2897 = CARTESIAN_POINT('',(-0.312547459404,-1.421665774015,
    1.077010745067));
#2898 = CARTESIAN_POINT('',(-0.432216972021,-1.43638034277,
    1.042999838936));
#2899 = PCURVE('',#1965,#2900);
#2900 = DEFINITIONAL_REPRESENTATION('',(#2901),#2927);
#2901 = B_SPLINE_CURVE_WITH_KNOTS('',3,(#2902,#2903,#2904,#2905,#2906,
    #2907,#2908,#2909,#2910,#2911,#2912,#2913,#2914,#2915,#2916,#2917,
    #2918,#2919,#2920,#2921,#2922,#2923,#2924,#2925,#2926),
  .UNSPECIFIED.,.F.,.F.,(4,1,1,1,1,1,1,1,1,1,1,1,1,1,1,1,1,1,1,1,1,1,4),
  (-0.150938720782,-0.144077915292,-0.137217109802,-0.130356304312,
    -0.123495498822,-0.116634693332,-0.109773887842,-0.102913082352,
    -9.605227686151E-02,-8.919147137141E-02,-8.233066588131E-02,
    -7.546986039121E-02,-6.860905490111E-02,-6.174824941101E-02,
    -5.488744392091E-02,-4.802663843081E-02,-4.116583294071E-02,
    -3.430502745061E-02,-2.744422196051E-02,-2.058341647041E-02,
    -1.372261098031E-02,-6.861805490206E-03,-1.000000105666E-06),
  .UNSPECIFIED.);
#2902 = CARTESIAN_POINT('',(8.610338180607,-0.210062261463));
#2903 = CARTESIAN_POINT('',(8.613765206943,-0.208524912744));
#2904 = CARTESIAN_POINT('',(8.620608719341,-0.20546042224));
#2905 = CARTESIAN_POINT('',(8.630843421559,-0.200894188311));
#2906 = CARTESIAN_POINT('',(8.641048635885,-0.196358330569));
#2907 = CARTESIAN_POINT('',(8.651225356642,-0.191852746727));
#2908 = CARTESIAN_POINT('',(8.661374707968,-0.187377273006));
#2909 = CARTESIAN_POINT('',(8.671497206941,-0.18293199395));
#2910 = CARTESIAN_POINT('',(8.681595507432,-0.178516088377));
#2911 = CARTESIAN_POINT('',(8.691664171454,-0.174132136006));
#2912 = CARTESIAN_POINT('',(8.701727849343,-0.169770045187));
#2913 = CARTESIAN_POINT('',(8.711698796714,-0.165467035421));
#2914 = CARTESIAN_POINT('',(8.721908635072,-0.161083779565));
#2915 = CARTESIAN_POINT('',(8.731123800648,-0.1571398524));
#2916 = CARTESIAN_POINT('',(8.743951996336,-0.151695793986));
#2917 = CARTESIAN_POINT('',(8.76740054154,-0.14192794961));
#2918 = CARTESIAN_POINT('',(8.798559759516,-0.129008292482));
#2919 = CARTESIAN_POINT('',(8.836787340514,-0.113052247744));
#2920 = CARTESIAN_POINT('',(8.881747098929,-9.396501194009E-02));
#2921 = CARTESIAN_POINT('',(8.925184552283,-7.511068050425E-02));
#2922 = CARTESIAN_POINT('',(8.967923932285,-5.622860166789E-02));
#2923 = CARTESIAN_POINT('',(9.009843325973,-3.741228655416E-02));
#2924 = CARTESIAN_POINT('',(9.051067716978,-1.865778247002E-02));
#2925 = CARTESIAN_POINT('',(9.078120908887,-6.20884478834E-03));
#2926 = CARTESIAN_POINT('',(9.091552022532,-6.80310584455E-15));
#2927 = ( GEOMETRIC_REPRESENTATION_CONTEXT(2) 
PARAMETRIC_REPRESENTATION_CONTEXT() REPRESENTATION_CONTEXT('2D SPACE',''
  ) );
#2928 = PCURVE('',#120,#2929);
#2929 = DEFINITIONAL_REPRESENTATION('',(#2930),#2956);
#2930 = B_SPLINE_CURVE_WITH_KNOTS('',3,(#2931,#2932,#2933,#2934,#2935,
    #2936,#2937,#2938,#2939,#2940,#2941,#2942,#2943,#2944,#2945,#2946,
    #2947,#2948,#2949,#2950,#2951,#2952,#2953,#2954,#2955),
  .UNSPECIFIED.,.F.,.F.,(4,1,1,1,1,1,1,1,1,1,1,1,1,1,1,1,1,1,1,1,1,1,4),
  (-0.150938720782,-0.144077915292,-0.137217109802,-0.130356304312,
    -0.123495498822,-0.116634693332,-0.109773887842,-0.102913082352,
    -9.605227686151E-02,-8.919147137141E-02,-8.233066588131E-02,
    -7.546986039121E-02,-6.860905490111E-02,-6.174824941101E-02,
    -5.488744392091E-02,-4.802663843081E-02,-4.116583294071E-02,
    -3.430502745061E-02,-2.744422196051E-02,-2.058341647041E-02,
    -1.372261098031E-02,-6.861805490206E-03,-1.000000105666E-06),
  .UNSPECIFIED.);
#2931 = CARTESIAN_POINT('',(7.623956929668E-02,0.932971372462));
#2932 = CARTESIAN_POINT('',(8.300014548639E-02,0.932893070281));
#2933 = CARTESIAN_POINT('',(9.647641198296E-02,0.932736570752));
#2934 = CARTESIAN_POINT('',(0.11655667732,0.932502102131));
#2935 = CARTESIAN_POINT('',(0.136503360721,0.932267879817));
#2936 = CARTESIAN_POINT('',(0.15631691235,0.93203387132));
#2937 = CARTESIAN_POINT('',(0.175998053469,0.931800041041));
#2938 = CARTESIAN_POINT('',(0.19554641135,0.931566367506));
#2939 = CARTESIAN_POINT('',(0.214965603714,0.931332779132));
#2940 = CARTESIAN_POINT('',(0.234244264071,0.931099393649));
#2941 = CARTESIAN_POINT('',(0.253426854418,0.930865624387));
#2942 = CARTESIAN_POINT('',(0.272349388074,0.930633515466));
#2943 = CARTESIAN_POINT('',(0.291625725037,0.930395294488));
#2944 = CARTESIAN_POINT('',(0.308966667592,0.930179826357));
#2945 = CARTESIAN_POINT('',(0.332917282784,0.929879245083));
#2946 = CARTESIAN_POINT('',(0.37585380714,0.929328116261));
#2947 = CARTESIAN_POINT('',(0.432668454092,0.928588212091));
#2948 = CARTESIAN_POINT('',(0.502851194968,0.927680274963));
#2949 = CARTESIAN_POINT('',(0.586782377545,0.926626224058));
#2950 = CARTESIAN_POINT('',(0.66969750648,0.925617771122));
#2951 = CARTESIAN_POINT('',(0.752732415132,0.924634082385));
#2952 = CARTESIAN_POINT('',(0.83547822435,0.923676560365));
#2953 = CARTESIAN_POINT('',(0.917951645356,0.92274104573));
#2954 = CARTESIAN_POINT('',(0.972696294536,0.922130562871));
#2955 = CARTESIAN_POINT('',(1.,0.921828157837));
#2956 = ( GEOMETRIC_REPRESENTATION_CONTEXT(2) 
PARAMETRIC_REPRESENTATION_CONTEXT() REPRESENTATION_CONTEXT('2D SPACE',''
  ) );
#2957 = ORIENTED_EDGE('',*,*,#1948,.T.);
#2958 = ORIENTED_EDGE('',*,*,#2959,.T.);
#2959 = EDGE_CURVE('',#1907,#2960,#2962,.T.);
#2960 = VERTEX_POINT('',#2961);
#2961 = CARTESIAN_POINT('',(-0.982162366616,-0.68946144606,
    1.253062100399));
#2962 = SURFACE_CURVE('',#2963,(#2994,#3067),.PCURVE_S1.);
#2963 = B_SPLINE_CURVE_WITH_KNOTS('',3,(#2964,#2965,#2966,#2967,#2968,
    #2969,#2970,#2971,#2972,#2973,#2974,#2975,#2976,#2977,#2978,#2979,
    #2980,#2981,#2982,#2983,#2984,#2985,#2986,#2987,#2988,#2989,#2990,
    #2991,#2992,#2993),.UNSPECIFIED.,.F.,.F.,(4,2,2,2,2,2,2,2,2,2,2,2,2,
    2,4),(-2.624160552117,-2.281218154528,-1.954559342502,
    -1.614409033399,-1.290607048724,-1.05890789963,-0.890017365921,
    -0.711055655708,-0.623864015202,-0.466535602366,-0.297952252795,
    -0.18188085516,-9.630927330229E-02,-4.078240248581E-02,
    -1.000004521856E-06),.UNSPECIFIED.);
#2964 = CARTESIAN_POINT('',(0.722887243965,-1.314318847355,
    1.042999838936));
#2965 = CARTESIAN_POINT('',(0.855070197125,-1.233948339128,1.04770481488
    ));
#2966 = CARTESIAN_POINT('',(0.973991851854,-1.133583659608,
    1.052429240469));
#2967 = CARTESIAN_POINT('',(1.172065017787,-0.905531850941,
    1.061354224437));
#2968 = CARTESIAN_POINT('',(1.265294012814,-0.76520635603,1.065778462955
    ));
#2969 = CARTESIAN_POINT('',(1.403016800162,-0.420303889785,
    1.076374414701));
#2970 = CARTESIAN_POINT('',(1.437677080003,-0.232180839233,
    1.082241105741));
#2971 = CARTESIAN_POINT('',(1.431913681374,0.137528596882,1.093989441343
    ));
#2972 = CARTESIAN_POINT('',(1.395070224721,0.315682389357,1.099752060106
    ));
#2973 = CARTESIAN_POINT('',(1.276808842351,0.601558886401,1.109153513048
    ));
#2974 = CARTESIAN_POINT('',(1.187288621296,0.77459624005,1.114302501599)
  );
#2975 = CARTESIAN_POINT('',(0.899916222056,1.060047653662,1.127013052983
    ));
#2976 = CARTESIAN_POINT('',(0.757285790049,1.156626237637,1.132680143947
    ));
#2977 = CARTESIAN_POINT('',(0.434497941886,1.296276802123,1.144418505116
    ));
#2978 = CARTESIAN_POINT('',(0.255807799856,1.334431344743,1.15037832511)
  );
#2979 = CARTESIAN_POINT('',(-1.329689896443E-02,1.337790816245,
    1.158566177973));
#2980 = CARTESIAN_POINT('',(-0.101360879717,1.330362489083,
    1.161149844668));
#2981 = CARTESIAN_POINT('',(-0.346067215065,1.2837596973,1.169099320988)
  );
#2982 = CARTESIAN_POINT('',(-0.496618698239,1.224963871892,
    1.174584673329));
#2983 = CARTESIAN_POINT('',(-0.778507245752,1.049594901116,
    1.186195922489));
#2984 = CARTESIAN_POINT('',(-0.904924993403,0.930915392735,
    1.192226746522));
#2985 = CARTESIAN_POINT('',(-1.073343163418,0.694856144832,
    1.201833785725));
#2986 = CARTESIAN_POINT('',(-1.162240542074,0.543842718112,
    1.206957824208));
#2987 = CARTESIAN_POINT('',(-1.243146709216,0.187183510345,
    1.219755150344));
#2988 = CARTESIAN_POINT('',(-1.248676612638,3.072242409254E-02,
    1.225471856006));
#2989 = CARTESIAN_POINT('',(-1.209813603897,-0.222202558857,
    1.234904092487));
#2990 = CARTESIAN_POINT('',(-1.18241296288,-0.31949537065,1.238581327547
    ));
#2991 = CARTESIAN_POINT('',(-1.114947685759,-0.480613407568,
    1.244747217424));
#2992 = CARTESIAN_POINT('',(-1.065599296207,-0.582243886325,
    1.248378739842));
#2993 = CARTESIAN_POINT('',(-0.982162366616,-0.68946144606,
    1.253062100399));
#2994 = PCURVE('',#1965,#2995);
#2995 = DEFINITIONAL_REPRESENTATION('',(#2996),#3066);
#2996 = B_SPLINE_CURVE_WITH_KNOTS('',3,(#2997,#2998,#2999,#3000,#3001,
    #3002,#3003,#3004,#3005,#3006,#3007,#3008,#3009,#3010,#3011,#3012,
    #3013,#3014,#3015,#3016,#3017,#3018,#3019,#3020,#3021,#3022,#3023,
    #3024,#3025,#3026,#3027,#3028,#3029,#3030,#3031,#3032,#3033,#3034,
    #3035,#3036,#3037,#3038,#3039,#3040,#3041,#3042,#3043,#3044,#3045,
    #3046,#3047,#3048,#3049,#3050,#3051,#3052,#3053,#3054,#3055,#3056,
    #3057,#3058,#3059,#3060,#3061,#3062,#3063,#3064,#3065),
  .UNSPECIFIED.,.F.,.F.,(4,1,1,1,1,1,1,1,1,1,1,1,1,1,1,1,1,1,1,1,1,1,1,1
    ,1,1,1,1,1,1,1,1,1,1,1,1,1,1,1,1,1,1,1,1,1,1,1,1,1,1,1,1,1,1,1,1,1,1
    ,1,1,1,1,1,1,1,1,4),(-2.624160552117,-2.584400558903,-2.544640565689
    ,-2.504880572475,-2.465120579261,-2.425360586047,-2.385600592834,
    -2.34584059962,-2.306080606406,-2.266320613192,-2.226560619978,
    -2.186800626765,-2.147040633551,-2.107280640337,-2.067520647123,
    -2.027760653909,-1.988000660695,-1.948240667482,-1.908480674268,
    -1.868720681054,-1.82896068784,-1.789200694626,-1.749440701413,
    -1.709680708199,-1.669920714985,-1.630160721771,-1.590400728557,
    -1.550640735343,-1.51088074213,-1.471120748916,-1.431360755702,
    -1.391600762488,-1.351840769274,-1.312080776061,-1.272320782847,
    -1.232560789633,-1.192800796419,-1.153040803205,-1.113280809991,
    -1.073520816778,-1.033760823564,-0.99400083035,-0.954240837136,
    -0.914480843922,-0.874720850709,-0.834960857495,-0.795200864281,
    -0.755440871067,-0.715680877853,-0.675920884639,-0.636160891426,
    -0.596400898212,-0.556640904998,-0.516880911784,-0.47712091857,
    -0.437360925357,-0.397600932143,-0.357840938929,-0.318080945715,
    -0.278320952501,-0.238560959287,-0.198800966074,-0.15904097286,
    -0.119280979646,-7.952098643216E-02,-3.976099321834E-02,
    -1.000004521856E-06),.UNSPECIFIED.);
#2997 = CARTESIAN_POINT('',(8.296413130378,1.2519220604E-15));
#2998 = CARTESIAN_POINT('',(8.284467467929,-5.454803110094E-04));
#2999 = CARTESIAN_POINT('',(8.260574393501,-1.636926798754E-03));
#3000 = CARTESIAN_POINT('',(8.224717503592,-3.273998834575E-03));
#3001 = CARTESIAN_POINT('',(8.188831328293,-4.909429595044E-03));
#3002 = CARTESIAN_POINT('',(8.15290378155,-6.541634503657E-03));
#3003 = CARTESIAN_POINT('',(8.116924273563,-8.168974587784E-03));
#3004 = CARTESIAN_POINT('',(8.08087700906,-9.789953509658E-03));
#3005 = CARTESIAN_POINT('',(8.044765703858,-1.140248402955E-02));
#3006 = CARTESIAN_POINT('',(8.008520897531,-1.300661623223E-02));
#3007 = CARTESIAN_POINT('',(7.972345460959,-1.459429864685E-02));
#3008 = CARTESIAN_POINT('',(7.934951593647,-1.620178312122E-02));
#3009 = CARTESIAN_POINT('',(7.896390438531,-1.782646428713E-02));
#3010 = CARTESIAN_POINT('',(7.856704150924,-1.947037493908E-02));
#3011 = CARTESIAN_POINT('',(7.815923143286,-2.113915709545E-02));
#3012 = CARTESIAN_POINT('',(7.774072888597,-2.284123994603E-02));
#3013 = CARTESIAN_POINT('',(7.731142736466,-2.458793193966E-02));
#3014 = CARTESIAN_POINT('',(7.687197304286,-2.638848934323E-02));
#3015 = CARTESIAN_POINT('',(7.64195596797,-2.826319236895E-02));
#3016 = CARTESIAN_POINT('',(7.596444658052,-3.018535037561E-02));
#3017 = CARTESIAN_POINT('',(7.551001920171,-3.21392107386E-02));
#3018 = CARTESIAN_POINT('',(7.505503233023,-3.412527745718E-02));
#3019 = CARTESIAN_POINT('',(7.459949022289,-3.613962158068E-02));
#3020 = CARTESIAN_POINT('',(7.414306687277,-3.817950806502E-02));
#3021 = CARTESIAN_POINT('',(7.368552641104,-4.024192005673E-02));
#3022 = CARTESIAN_POINT('',(7.322660225986,-4.232396098882E-02));
#3023 = CARTESIAN_POINT('',(7.276604083027,-4.442262899847E-02));
#3024 = CARTESIAN_POINT('',(7.230352825474,-4.653500208313E-02));
#3025 = CARTESIAN_POINT('',(7.184120626746,-4.864681437928E-02));
#3026 = CARTESIAN_POINT('',(7.137843599243,-5.075640103476E-02));
#3027 = CARTESIAN_POINT('',(7.091505352432,-5.285983825681E-02));
#3028 = CARTESIAN_POINT('',(7.045084115479,-5.495352998685E-02));
#3029 = CARTESIAN_POINT('',(6.998535028072,-5.703467678223E-02));
#3030 = CARTESIAN_POINT('',(6.951911993312,-5.909703416112E-02));
#3031 = CARTESIAN_POINT('',(6.904896069367,-6.114740930579E-02));
#3032 = CARTESIAN_POINT('',(6.858558130241,-6.314369000764E-02));
#3033 = CARTESIAN_POINT('',(6.803753819936,-6.538163935743E-02));
#3034 = CARTESIAN_POINT('',(6.741895213485,-6.787133681471E-02));
#3035 = CARTESIAN_POINT('',(6.673292517041,-7.064910124924E-02));
#3036 = CARTESIAN_POINT('',(6.598328386768,-7.37543128097E-02));
#3037 = CARTESIAN_POINT('',(6.517076321624,-7.722714754299E-02));
#3038 = CARTESIAN_POINT('',(6.429473554699,-8.105953069553E-02));
#3039 = CARTESIAN_POINT('',(6.34280018411,-8.494047950762E-02));
#3040 = CARTESIAN_POINT('',(6.255578749974,-8.889990131957E-02));
#3041 = CARTESIAN_POINT('',(6.168018336938,-9.290076091871E-02));
#3042 = CARTESIAN_POINT('',(6.079702126319,-9.693167749259E-02));
#3043 = CARTESIAN_POINT('',(5.991339574625,-0.100929087861));
#3044 = CARTESIAN_POINT('',(5.902742087925,-0.104869480294));
#3045 = CARTESIAN_POINT('',(5.813764583552,-0.108726447334));
#3046 = CARTESIAN_POINT('',(5.724171859506,-0.112480839143));
#3047 = CARTESIAN_POINT('',(5.634043056685,-0.11608756995));
#3048 = CARTESIAN_POINT('',(5.543473291001,-0.119756224925));
#3049 = CARTESIAN_POINT('',(5.451877937292,-0.123677726598));
#3050 = CARTESIAN_POINT('',(5.360357177326,-0.127706669593));
#3051 = CARTESIAN_POINT('',(5.268447154568,-0.131841071851));
#3052 = CARTESIAN_POINT('',(5.175970709506,-0.13605234247));
#3053 = CARTESIAN_POINT('',(5.082827597989,-0.140311262729));
#3054 = CARTESIAN_POINT('',(4.989628626987,-0.144552787058));
#3055 = CARTESIAN_POINT('',(4.89620538003,-0.148746636535));
#3056 = CARTESIAN_POINT('',(4.801565681963,-0.152899584558));
#3057 = CARTESIAN_POINT('',(4.708640756869,-0.156841968764));
#3058 = CARTESIAN_POINT('',(4.58381420193,-0.161789947657));
#3059 = CARTESIAN_POINT('',(4.435289130721,-0.167970737454));
#3060 = CARTESIAN_POINT('',(4.260294311422,-0.1757197761));
#3061 = CARTESIAN_POINT('',(4.089618066808,-0.183522121714));
#3062 = CARTESIAN_POINT('',(3.90912316381,-0.191740969435));
#3063 = CARTESIAN_POINT('',(3.751386784204,-0.198797180502));
#3064 = CARTESIAN_POINT('',(3.585213174553,-0.205650921581));
#3065 = CARTESIAN_POINT('',(3.474818591826,-0.210062261463));
#3066 = ( GEOMETRIC_REPRESENTATION_CONTEXT(2) 
PARAMETRIC_REPRESENTATION_CONTEXT() REPRESENTATION_CONTEXT('2D SPACE',''
  ) );
#3067 = PCURVE('',#362,#3068);
#3068 = DEFINITIONAL_REPRESENTATION('',(#3069),#3139);
#3069 = B_SPLINE_CURVE_WITH_KNOTS('',3,(#3070,#3071,#3072,#3073,#3074,
    #3075,#3076,#3077,#3078,#3079,#3080,#3081,#3082,#3083,#3084,#3085,
    #3086,#3087,#3088,#3089,#3090,#3091,#3092,#3093,#3094,#3095,#3096,
    #3097,#3098,#3099,#3100,#3101,#3102,#3103,#3104,#3105,#3106,#3107,
    #3108,#3109,#3110,#3111,#3112,#3113,#3114,#3115,#3116,#3117,#3118,
    #3119,#3120,#3121,#3122,#3123,#3124,#3125,#3126,#3127,#3128,#3129,
    #3130,#3131,#3132,#3133,#3134,#3135,#3136,#3137,#3138),
  .UNSPECIFIED.,.F.,.F.,(4,1,1,1,1,1,1,1,1,1,1,1,1,1,1,1,1,1,1,1,1,1,1,1
    ,1,1,1,1,1,1,1,1,1,1,1,1,1,1,1,1,1,1,1,1,1,1,1,1,1,1,1,1,1,1,1,1,1,1
    ,1,1,1,1,1,1,1,1,4),(-2.624160552117,-2.584400558903,-2.544640565689
    ,-2.504880572475,-2.465120579261,-2.425360586047,-2.385600592834,
    -2.34584059962,-2.306080606406,-2.266320613192,-2.226560619978,
    -2.186800626765,-2.147040633551,-2.107280640337,-2.067520647123,
    -2.027760653909,-1.988000660695,-1.948240667482,-1.908480674268,
    -1.868720681054,-1.82896068784,-1.789200694626,-1.749440701413,
    -1.709680708199,-1.669920714985,-1.630160721771,-1.590400728557,
    -1.550640735343,-1.51088074213,-1.471120748916,-1.431360755702,
    -1.391600762488,-1.351840769274,-1.312080776061,-1.272320782847,
    -1.232560789633,-1.192800796419,-1.153040803205,-1.113280809991,
    -1.073520816778,-1.033760823564,-0.99400083035,-0.954240837136,
    -0.914480843922,-0.874720850709,-0.834960857495,-0.795200864281,
    -0.755440871067,-0.715680877853,-0.675920884639,-0.636160891426,
    -0.596400898212,-0.556640904998,-0.516880911784,-0.47712091857,
    -0.437360925357,-0.397600932143,-0.357840938929,-0.318080945715,
    -0.278320952501,-0.238560959287,-0.198800966074,-0.15904097286,
    -0.119280979646,-7.952098643216E-02,-3.976099321834E-02,
    -1.000004521856E-06),.UNSPECIFIED.);
#3070 = CARTESIAN_POINT('',(7.512045499706E-14,0.797158108896));
#3071 = CARTESIAN_POINT('',(2.398773753807E-03,0.797423505673));
#3072 = CARTESIAN_POINT('',(7.198353312531E-03,0.797954238585));
#3073 = CARTESIAN_POINT('',(1.43971439576E-02,0.798750937791));
#3074 = CARTESIAN_POINT('',(2.158875238546E-02,0.799549016179));
#3075 = CARTESIAN_POINT('',(2.876632544284E-02,0.800349261549));
#3076 = CARTESIAN_POINT('',(3.592263553086E-02,0.801152435744));
#3077 = CARTESIAN_POINT('',(4.305134236076E-02,0.80195943103));
#3078 = CARTESIAN_POINT('',(5.014227086528E-02,0.802770709228));
#3079 = CARTESIAN_POINT('',(5.71989918871E-02,0.803588419928));
#3080 = CARTESIAN_POINT('',(6.417292494462E-02,0.804408520717));
#3081 = CARTESIAN_POINT('',(7.130459349814E-02,0.805260958584));
#3082 = CARTESIAN_POINT('',(7.853958802262E-02,0.806145772068));
#3083 = CARTESIAN_POINT('',(8.585173453103E-02,0.807063209707));
#3084 = CARTESIAN_POINT('',(9.322906783028E-02,0.80801423792));
#3085 = CARTESIAN_POINT('',(0.100682959816,0.808999037531));
#3086 = CARTESIAN_POINT('',(0.108205143611,0.810022789835));
#3087 = CARTESIAN_POINT('',(0.116052040925,0.811057255554));
#3088 = CARTESIAN_POINT('',(0.124287088798,0.812111637242));
#3089 = CARTESIAN_POINT('',(0.132741963376,0.813162058409));
#3090 = CARTESIAN_POINT('',(0.141332934025,0.814202102276));
#3091 = CARTESIAN_POINT('',(0.15006647738,0.815235749555));
#3092 = CARTESIAN_POINT('',(0.158924405043,0.816264114297));
#3093 = CARTESIAN_POINT('',(0.167895038721,0.817289022698));
#3094 = CARTESIAN_POINT('',(0.176965013965,0.81831207488));
#3095 = CARTESIAN_POINT('',(0.186121480738,0.819334927991));
#3096 = CARTESIAN_POINT('',(0.195351021791,0.820359208518));
#3097 = CARTESIAN_POINT('',(0.204640209767,0.821386685155));
#3098 = CARTESIAN_POINT('',(0.213926348696,0.822413692906));
#3099 = CARTESIAN_POINT('',(0.223202718683,0.823442750597));
#3100 = CARTESIAN_POINT('',(0.232452326239,0.824475335129));
#3101 = CARTESIAN_POINT('',(0.241659418351,0.825513057146));
#3102 = CARTESIAN_POINT('',(0.25081196068,0.826558108141));
#3103 = CARTESIAN_POINT('',(0.259881297261,0.827610404453));
#3104 = CARTESIAN_POINT('',(0.268901033595,0.828678676544));
#3105 = CARTESIAN_POINT('',(0.277670730228,0.829739085918));
#3106 = CARTESIAN_POINT('',(0.287682603389,0.831005259456));
#3107 = CARTESIAN_POINT('',(0.298751518818,0.832450368481));
#3108 = CARTESIAN_POINT('',(0.310751460588,0.834087538454));
#3109 = CARTESIAN_POINT('',(0.324337492987,0.83584148516));
#3110 = CARTESIAN_POINT('',(0.339609388229,0.837712109019));
#3111 = CARTESIAN_POINT('',(0.356463924708,0.839699475779));
#3112 = CARTESIAN_POINT('',(0.373528798773,0.841644183163));
#3113 = CARTESIAN_POINT('',(0.390940701279,0.8435876458));
#3114 = CARTESIAN_POINT('',(0.408535958569,0.84553227943));
#3115 = CARTESIAN_POINT('',(0.426262750653,0.847494826689));
#3116 = CARTESIAN_POINT('',(0.443838879939,0.849467318692));
#3117 = CARTESIAN_POINT('',(0.46116899221,0.851461393383));
#3118 = CARTESIAN_POINT('',(0.478121567332,0.853490386512));
#3119 = CARTESIAN_POINT('',(0.494669830859,0.85556244391));
#3120 = CARTESIAN_POINT('',(0.510393947507,0.857709810866));
#3121 = CARTESIAN_POINT('',(0.52664449309,0.859830950792));
#3122 = CARTESIAN_POINT('',(0.543876731392,0.861932618524));
#3123 = CARTESIAN_POINT('',(0.561596334108,0.864002835588));
#3124 = CARTESIAN_POINT('',(0.579777015915,0.866060141485));
#3125 = CARTESIAN_POINT('',(0.598297954278,0.86811740365));
#3126 = CARTESIAN_POINT('',(0.617026436166,0.870185362079));
#3127 = CARTESIAN_POINT('',(0.635674429514,0.872259820592));
#3128 = CARTESIAN_POINT('',(0.654126516312,0.874352107412));
#3129 = CARTESIAN_POINT('',(0.672357365526,0.876499851479));
#3130 = CARTESIAN_POINT('',(0.689821859208,0.878626854637));
#3131 = CARTESIAN_POINT('',(0.711481423971,0.881596041064));
#3132 = CARTESIAN_POINT('',(0.73863368739,0.885058196078));
#3133 = CARTESIAN_POINT('',(0.772743360564,0.889005091759));
#3134 = CARTESIAN_POINT('',(0.807045556741,0.892794803509));
#3135 = CARTESIAN_POINT('',(0.843191519664,0.896810961686));
#3136 = CARTESIAN_POINT('',(0.874223209573,0.900349294525));
#3137 = CARTESIAN_POINT('',(0.904362571065,0.904229372652));
#3138 = CARTESIAN_POINT('',(0.923760430703,0.906844697319));
#3139 = ( GEOMETRIC_REPRESENTATION_CONTEXT(2) 
PARAMETRIC_REPRESENTATION_CONTEXT() REPRESENTATION_CONTEXT('2D SPACE',''
  ) );
#3140 = ORIENTED_EDGE('',*,*,#3141,.F.);
#3141 = EDGE_CURVE('',#2887,#2960,#3142,.T.);
#3142 = SURFACE_CURVE('',#3143,(#3148,#3155),.PCURVE_S1.);
#3143 = CIRCLE('',#3144,1.2);
#3144 = AXIS2_PLACEMENT_3D('',#3145,#3146,#3147);
#3145 = CARTESIAN_POINT('',(0.,-2.213543055682E-16,1.253062100399));
#3146 = DIRECTION('',(0.,-7.949183622941E-17,1.));
#3147 = DIRECTION('',(0.,-1.,-7.949183622941E-17));
#3148 = PCURVE('',#1965,#3149);
#3149 = DEFINITIONAL_REPRESENTATION('',(#3150),#3154);
#3150 = LINE('',#3151,#3152);
#3151 = CARTESIAN_POINT('',(8.799263279721,-0.210062261463));
#3152 = VECTOR('',#3153,1.);
#3153 = DIRECTION('',(-1.,3.719961077028E-17));
#3154 = ( GEOMETRIC_REPRESENTATION_CONTEXT(2) 
PARAMETRIC_REPRESENTATION_CONTEXT() REPRESENTATION_CONTEXT('2D SPACE',''
  ) );
#3155 = PCURVE('',#1775,#3156);
#3156 = DEFINITIONAL_REPRESENTATION('',(#3157),#3165);
#3157 = ( BOUNDED_CURVE() B_SPLINE_CURVE(2,(#3158,#3159,#3160,#3161,
#3162,#3163,#3164),.UNSPECIFIED.,.T.,.F.) B_SPLINE_CURVE_WITH_KNOTS((1,2
    ,2,2,2,1),(-2.094395102393,0.,2.094395102393,4.188790204786,
6.28318530718,8.377580409573),.UNSPECIFIED.) CURVE() 
GEOMETRIC_REPRESENTATION_ITEM() RATIONAL_B_SPLINE_CURVE((1.,0.5,1.,0.5,
1.,0.5,1.)) REPRESENTATION_ITEM('') );
#3158 = CARTESIAN_POINT('',(-1.2,0.));
#3159 = CARTESIAN_POINT('',(-1.2,2.078460969083));
#3160 = CARTESIAN_POINT('',(0.6,1.039230484541));
#3161 = CARTESIAN_POINT('',(2.4,2.939152317954E-16));
#3162 = CARTESIAN_POINT('',(0.6,-1.039230484541));
#3163 = CARTESIAN_POINT('',(-1.2,-2.078460969083));
#3164 = CARTESIAN_POINT('',(-1.2,0.));
#3165 = ( GEOMETRIC_REPRESENTATION_CONTEXT(2) 
PARAMETRIC_REPRESENTATION_CONTEXT() REPRESENTATION_CONTEXT('2D SPACE',''
  ) );
#3166 = ADVANCED_FACE('',(#3167),#2210,.T.);
#3167 = FACE_BOUND('',#3168,.T.);
#3168 = EDGE_LOOP('',(#3169,#3170,#3193));
#3169 = ORIENTED_EDGE('',*,*,#2193,.F.);
#3170 = ORIENTED_EDGE('',*,*,#3171,.T.);
#3171 = EDGE_CURVE('',#2194,#3172,#3174,.T.);
#3172 = VERTEX_POINT('',#3173);
#3173 = CARTESIAN_POINT('',(0.75,0.433012701892,0.315562100399));
#3174 = SURFACE_CURVE('',#3175,(#3179,#3186),.PCURVE_S1.);
#3175 = LINE('',#3176,#3177);
#3176 = CARTESIAN_POINT('',(0.75,-0.433012701892,0.315562100399));
#3177 = VECTOR('',#3178,1.);
#3178 = DIRECTION('',(0.,1.,0.));
#3179 = PCURVE('',#2210,#3180);
#3180 = DEFINITIONAL_REPRESENTATION('',(#3181),#3185);
#3181 = LINE('',#3182,#3183);
#3182 = CARTESIAN_POINT('',(0.75,-1.299038105677));
#3183 = VECTOR('',#3184,1.);
#3184 = DIRECTION('',(0.,1.));
#3185 = ( GEOMETRIC_REPRESENTATION_CONTEXT(2) 
PARAMETRIC_REPRESENTATION_CONTEXT() REPRESENTATION_CONTEXT('2D SPACE',''
  ) );
#3186 = PCURVE('',#2382,#3187);
#3187 = DEFINITIONAL_REPRESENTATION('',(#3188),#3192);
#3188 = LINE('',#3189,#3190);
#3189 = CARTESIAN_POINT('',(0.,0.));
#3190 = VECTOR('',#3191,1.);
#3191 = DIRECTION('',(0.,1.));
#3192 = ( GEOMETRIC_REPRESENTATION_CONTEXT(2) 
PARAMETRIC_REPRESENTATION_CONTEXT() REPRESENTATION_CONTEXT('2D SPACE',''
  ) );
#3193 = ORIENTED_EDGE('',*,*,#3194,.T.);
#3194 = EDGE_CURVE('',#3172,#2165,#3195,.T.);
#3195 = SURFACE_CURVE('',#3196,(#3200,#3207),.PCURVE_S1.);
#3196 = LINE('',#3197,#3198);
#3197 = CARTESIAN_POINT('',(0.75,0.433012701892,0.315562100399));
#3198 = VECTOR('',#3199,1.);
#3199 = DIRECTION('',(-0.866025403784,0.5,0.));
#3200 = PCURVE('',#2210,#3201);
#3201 = DEFINITIONAL_REPRESENTATION('',(#3202),#3206);
#3202 = LINE('',#3203,#3204);
#3203 = CARTESIAN_POINT('',(0.75,-0.433012701892));
#3204 = VECTOR('',#3205,1.);
#3205 = DIRECTION('',(-0.866025403784,0.5));
#3206 = ( GEOMETRIC_REPRESENTATION_CONTEXT(2) 
PARAMETRIC_REPRESENTATION_CONTEXT() REPRESENTATION_CONTEXT('2D SPACE',''
  ) );
#3207 = PCURVE('',#3208,#3213);
#3208 = PLANE('',#3209);
#3209 = AXIS2_PLACEMENT_3D('',#3210,#3211,#3212);
#3210 = CARTESIAN_POINT('',(0.75,0.433012701892,0.315562100399));
#3211 = DIRECTION('',(0.5,0.866025403784,0.));
#3212 = DIRECTION('',(-0.866025403784,0.5,0.));
#3213 = DEFINITIONAL_REPRESENTATION('',(#3214),#3218);
#3214 = LINE('',#3215,#3216);
#3215 = CARTESIAN_POINT('',(0.,0.));
#3216 = VECTOR('',#3217,1.);
#3217 = DIRECTION('',(1.,0.));
#3218 = ( GEOMETRIC_REPRESENTATION_CONTEXT(2) 
PARAMETRIC_REPRESENTATION_CONTEXT() REPRESENTATION_CONTEXT('2D SPACE',''
  ) );
#3219 = ADVANCED_FACE('',(#3220),#2181,.T.);
#3220 = FACE_BOUND('',#3221,.T.);
#3221 = EDGE_LOOP('',(#3222,#3223,#3246));
#3222 = ORIENTED_EDGE('',*,*,#2164,.F.);
#3223 = ORIENTED_EDGE('',*,*,#3224,.T.);
#3224 = EDGE_CURVE('',#2165,#3225,#3227,.T.);
#3225 = VERTEX_POINT('',#3226);
#3226 = CARTESIAN_POINT('',(-2.167680243596E-16,0.866025403784,
    0.315562100399));
#3227 = SURFACE_CURVE('',#3228,(#3232,#3239),.PCURVE_S1.);
#3228 = LINE('',#3229,#3230);
#3229 = CARTESIAN_POINT('',(0.75,0.433012701892,0.315562100399));
#3230 = VECTOR('',#3231,1.);
#3231 = DIRECTION('',(-0.866025403784,0.5,0.));
#3232 = PCURVE('',#2181,#3233);
#3233 = DEFINITIONAL_REPRESENTATION('',(#3234),#3238);
#3234 = LINE('',#3235,#3236);
#3235 = CARTESIAN_POINT('',(0.75,-0.433012701892));
#3236 = VECTOR('',#3237,1.);
#3237 = DIRECTION('',(-0.866025403784,0.5));
#3238 = ( GEOMETRIC_REPRESENTATION_CONTEXT(2) 
PARAMETRIC_REPRESENTATION_CONTEXT() REPRESENTATION_CONTEXT('2D SPACE',''
  ) );
#3239 = PCURVE('',#3208,#3240);
#3240 = DEFINITIONAL_REPRESENTATION('',(#3241),#3245);
#3241 = LINE('',#3242,#3243);
#3242 = CARTESIAN_POINT('',(0.,0.));
#3243 = VECTOR('',#3244,1.);
#3244 = DIRECTION('',(1.,0.));
#3245 = ( GEOMETRIC_REPRESENTATION_CONTEXT(2) 
PARAMETRIC_REPRESENTATION_CONTEXT() REPRESENTATION_CONTEXT('2D SPACE',''
  ) );
#3246 = ORIENTED_EDGE('',*,*,#3247,.T.);
#3247 = EDGE_CURVE('',#3225,#2136,#3248,.T.);
#3248 = SURFACE_CURVE('',#3249,(#3253,#3260),.PCURVE_S1.);
#3249 = LINE('',#3250,#3251);
#3250 = CARTESIAN_POINT('',(-2.167680243596E-16,0.866025403784,
    0.315562100399));
#3251 = VECTOR('',#3252,1.);
#3252 = DIRECTION('',(-0.866025403784,-0.5,0.));
#3253 = PCURVE('',#2181,#3254);
#3254 = DEFINITIONAL_REPRESENTATION('',(#3255),#3259);
#3255 = LINE('',#3256,#3257);
#3256 = CARTESIAN_POINT('',(-8.126085533327E-17,0.));
#3257 = VECTOR('',#3258,1.);
#3258 = DIRECTION('',(-0.866025403784,-0.5));
#3259 = ( GEOMETRIC_REPRESENTATION_CONTEXT(2) 
PARAMETRIC_REPRESENTATION_CONTEXT() REPRESENTATION_CONTEXT('2D SPACE',''
  ) );
#3260 = PCURVE('',#3261,#3266);
#3261 = PLANE('',#3262);
#3262 = AXIS2_PLACEMENT_3D('',#3263,#3264,#3265);
#3263 = CARTESIAN_POINT('',(-2.167680243596E-16,0.866025403784,
    0.315562100399));
#3264 = DIRECTION('',(-0.5,0.866025403784,0.));
#3265 = DIRECTION('',(-0.866025403784,-0.5,0.));
#3266 = DEFINITIONAL_REPRESENTATION('',(#3267),#3271);
#3267 = LINE('',#3268,#3269);
#3268 = CARTESIAN_POINT('',(0.,0.));
#3269 = VECTOR('',#3270,1.);
#3270 = DIRECTION('',(1.,0.));
#3271 = ( GEOMETRIC_REPRESENTATION_CONTEXT(2) 
PARAMETRIC_REPRESENTATION_CONTEXT() REPRESENTATION_CONTEXT('2D SPACE',''
  ) );
#3272 = ADVANCED_FACE('',(#3273),#2152,.T.);
#3273 = FACE_BOUND('',#3274,.T.);
#3274 = EDGE_LOOP('',(#3275,#3276,#3299));
#3275 = ORIENTED_EDGE('',*,*,#2135,.F.);
#3276 = ORIENTED_EDGE('',*,*,#3277,.T.);
#3277 = EDGE_CURVE('',#2136,#3278,#3280,.T.);
#3278 = VERTEX_POINT('',#3279);
#3279 = CARTESIAN_POINT('',(-0.75,0.433012701892,0.315562100399));
#3280 = SURFACE_CURVE('',#3281,(#3285,#3292),.PCURVE_S1.);
#3281 = LINE('',#3282,#3283);
#3282 = CARTESIAN_POINT('',(-2.167680243596E-16,0.866025403784,
    0.315562100399));
#3283 = VECTOR('',#3284,1.);
#3284 = DIRECTION('',(-0.866025403784,-0.5,0.));
#3285 = PCURVE('',#2152,#3286);
#3286 = DEFINITIONAL_REPRESENTATION('',(#3287),#3291);
#3287 = LINE('',#3288,#3289);
#3288 = CARTESIAN_POINT('',(-8.126085533327E-17,0.));
#3289 = VECTOR('',#3290,1.);
#3290 = DIRECTION('',(-0.866025403784,-0.5));
#3291 = ( GEOMETRIC_REPRESENTATION_CONTEXT(2) 
PARAMETRIC_REPRESENTATION_CONTEXT() REPRESENTATION_CONTEXT('2D SPACE',''
  ) );
#3292 = PCURVE('',#3261,#3293);
#3293 = DEFINITIONAL_REPRESENTATION('',(#3294),#3298);
#3294 = LINE('',#3295,#3296);
#3295 = CARTESIAN_POINT('',(0.,0.));
#3296 = VECTOR('',#3297,1.);
#3297 = DIRECTION('',(1.,0.));
#3298 = ( GEOMETRIC_REPRESENTATION_CONTEXT(2) 
PARAMETRIC_REPRESENTATION_CONTEXT() REPRESENTATION_CONTEXT('2D SPACE',''
  ) );
#3299 = ORIENTED_EDGE('',*,*,#3300,.T.);
#3300 = EDGE_CURVE('',#3278,#2064,#3301,.T.);
#3301 = SURFACE_CURVE('',#3302,(#3306,#3313),.PCURVE_S1.);
#3302 = LINE('',#3303,#3304);
#3303 = CARTESIAN_POINT('',(-0.75,0.433012701892,0.315562100399));
#3304 = VECTOR('',#3305,1.);
#3305 = DIRECTION('',(0.,-1.,0.));
#3306 = PCURVE('',#2152,#3307);
#3307 = DEFINITIONAL_REPRESENTATION('',(#3308),#3312);
#3308 = LINE('',#3309,#3310);
#3309 = CARTESIAN_POINT('',(-0.75,-0.433012701892));
#3310 = VECTOR('',#3311,1.);
#3311 = DIRECTION('',(0.,-1.));
#3312 = ( GEOMETRIC_REPRESENTATION_CONTEXT(2) 
PARAMETRIC_REPRESENTATION_CONTEXT() REPRESENTATION_CONTEXT('2D SPACE',''
  ) );
#3313 = PCURVE('',#3314,#3319);
#3314 = PLANE('',#3315);
#3315 = AXIS2_PLACEMENT_3D('',#3316,#3317,#3318);
#3316 = CARTESIAN_POINT('',(-0.75,0.433012701892,0.315562100399));
#3317 = DIRECTION('',(-1.,0.,0.));
#3318 = DIRECTION('',(0.,0.,1.));
#3319 = DEFINITIONAL_REPRESENTATION('',(#3320),#3324);
#3320 = LINE('',#3321,#3322);
#3321 = CARTESIAN_POINT('',(0.,0.));
#3322 = VECTOR('',#3323,1.);
#3323 = DIRECTION('',(0.,-1.));
#3324 = ( GEOMETRIC_REPRESENTATION_CONTEXT(2) 
PARAMETRIC_REPRESENTATION_CONTEXT() REPRESENTATION_CONTEXT('2D SPACE',''
  ) );
#3325 = ADVANCED_FACE('',(#3326),#2295,.T.);
#3326 = FACE_BOUND('',#3327,.T.);
#3327 = EDGE_LOOP('',(#3328,#3329,#3352));
#3328 = ORIENTED_EDGE('',*,*,#2280,.F.);
#3329 = ORIENTED_EDGE('',*,*,#3330,.T.);
#3330 = EDGE_CURVE('',#2064,#3331,#3333,.T.);
#3331 = VERTEX_POINT('',#3332);
#3332 = CARTESIAN_POINT('',(-0.75,-0.433012701892,0.315562100399));
#3333 = SURFACE_CURVE('',#3334,(#3338,#3345),.PCURVE_S1.);
#3334 = LINE('',#3335,#3336);
#3335 = CARTESIAN_POINT('',(-0.75,0.433012701892,0.315562100399));
#3336 = VECTOR('',#3337,1.);
#3337 = DIRECTION('',(0.,-1.,0.));
#3338 = PCURVE('',#2295,#3339);
#3339 = DEFINITIONAL_REPRESENTATION('',(#3340),#3344);
#3340 = LINE('',#3341,#3342);
#3341 = CARTESIAN_POINT('',(-0.75,-0.433012701892));
#3342 = VECTOR('',#3343,1.);
#3343 = DIRECTION('',(0.,-1.));
#3344 = ( GEOMETRIC_REPRESENTATION_CONTEXT(2) 
PARAMETRIC_REPRESENTATION_CONTEXT() REPRESENTATION_CONTEXT('2D SPACE',''
  ) );
#3345 = PCURVE('',#3314,#3346);
#3346 = DEFINITIONAL_REPRESENTATION('',(#3347),#3351);
#3347 = LINE('',#3348,#3349);
#3348 = CARTESIAN_POINT('',(0.,0.));
#3349 = VECTOR('',#3350,1.);
#3350 = DIRECTION('',(0.,-1.));
#3351 = ( GEOMETRIC_REPRESENTATION_CONTEXT(2) 
PARAMETRIC_REPRESENTATION_CONTEXT() REPRESENTATION_CONTEXT('2D SPACE',''
  ) );
#3352 = ORIENTED_EDGE('',*,*,#3353,.T.);
#3353 = EDGE_CURVE('',#3331,#2252,#3354,.T.);
#3354 = SURFACE_CURVE('',#3355,(#3359,#3366),.PCURVE_S1.);
#3355 = LINE('',#3356,#3357);
#3356 = CARTESIAN_POINT('',(-0.75,-0.433012701892,0.315562100399));
#3357 = VECTOR('',#3358,1.);
#3358 = DIRECTION('',(0.866025403784,-0.5,0.));
#3359 = PCURVE('',#2295,#3360);
#3360 = DEFINITIONAL_REPRESENTATION('',(#3361),#3365);
#3361 = LINE('',#3362,#3363);
#3362 = CARTESIAN_POINT('',(-0.75,-1.299038105677));
#3363 = VECTOR('',#3364,1.);
#3364 = DIRECTION('',(0.866025403784,-0.5));
#3365 = ( GEOMETRIC_REPRESENTATION_CONTEXT(2) 
PARAMETRIC_REPRESENTATION_CONTEXT() REPRESENTATION_CONTEXT('2D SPACE',''
  ) );
#3366 = PCURVE('',#3367,#3372);
#3367 = PLANE('',#3368);
#3368 = AXIS2_PLACEMENT_3D('',#3369,#3370,#3371);
#3369 = CARTESIAN_POINT('',(-0.75,-0.433012701892,0.315562100399));
#3370 = DIRECTION('',(-0.5,-0.866025403784,0.));
#3371 = DIRECTION('',(0.866025403784,-0.5,0.));
#3372 = DEFINITIONAL_REPRESENTATION('',(#3373),#3377);
#3373 = LINE('',#3374,#3375);
#3374 = CARTESIAN_POINT('',(0.,0.));
#3375 = VECTOR('',#3376,1.);
#3376 = DIRECTION('',(1.,0.));
#3377 = ( GEOMETRIC_REPRESENTATION_CONTEXT(2) 
PARAMETRIC_REPRESENTATION_CONTEXT() REPRESENTATION_CONTEXT('2D SPACE',''
  ) );
#3378 = ADVANCED_FACE('',(#3379),#2268,.T.);
#3379 = FACE_BOUND('',#3380,.T.);
#3380 = EDGE_LOOP('',(#3381,#3382,#3405));
#3381 = ORIENTED_EDGE('',*,*,#2251,.F.);
#3382 = ORIENTED_EDGE('',*,*,#3383,.T.);
#3383 = EDGE_CURVE('',#2252,#3384,#3386,.T.);
#3384 = VERTEX_POINT('',#3385);
#3385 = CARTESIAN_POINT('',(-2.077312508493E-16,-0.866025403784,
    0.315562100399));
#3386 = SURFACE_CURVE('',#3387,(#3391,#3398),.PCURVE_S1.);
#3387 = LINE('',#3388,#3389);
#3388 = CARTESIAN_POINT('',(-0.75,-0.433012701892,0.315562100399));
#3389 = VECTOR('',#3390,1.);
#3390 = DIRECTION('',(0.866025403784,-0.5,0.));
#3391 = PCURVE('',#2268,#3392);
#3392 = DEFINITIONAL_REPRESENTATION('',(#3393),#3397);
#3393 = LINE('',#3394,#3395);
#3394 = CARTESIAN_POINT('',(-0.75,-1.299038105677));
#3395 = VECTOR('',#3396,1.);
#3396 = DIRECTION('',(0.866025403784,-0.5));
#3397 = ( GEOMETRIC_REPRESENTATION_CONTEXT(2) 
PARAMETRIC_REPRESENTATION_CONTEXT() REPRESENTATION_CONTEXT('2D SPACE',''
  ) );
#3398 = PCURVE('',#3367,#3399);
#3399 = DEFINITIONAL_REPRESENTATION('',(#3400),#3404);
#3400 = LINE('',#3401,#3402);
#3401 = CARTESIAN_POINT('',(0.,0.));
#3402 = VECTOR('',#3403,1.);
#3403 = DIRECTION('',(1.,0.));
#3404 = ( GEOMETRIC_REPRESENTATION_CONTEXT(2) 
PARAMETRIC_REPRESENTATION_CONTEXT() REPRESENTATION_CONTEXT('2D SPACE',''
  ) );
#3405 = ORIENTED_EDGE('',*,*,#3406,.T.);
#3406 = EDGE_CURVE('',#3384,#2223,#3407,.T.);
#3407 = SURFACE_CURVE('',#3408,(#3412,#3419),.PCURVE_S1.);
#3408 = LINE('',#3409,#3410);
#3409 = CARTESIAN_POINT('',(-2.077312508493E-16,-0.866025403784,
    0.315562100399));
#3410 = VECTOR('',#3411,1.);
#3411 = DIRECTION('',(0.866025403784,0.5,0.));
#3412 = PCURVE('',#2268,#3413);
#3413 = DEFINITIONAL_REPRESENTATION('',(#3414),#3418);
#3414 = LINE('',#3415,#3416);
#3415 = CARTESIAN_POINT('',(-7.222408182298E-17,-1.732050807569));
#3416 = VECTOR('',#3417,1.);
#3417 = DIRECTION('',(0.866025403784,0.5));
#3418 = ( GEOMETRIC_REPRESENTATION_CONTEXT(2) 
PARAMETRIC_REPRESENTATION_CONTEXT() REPRESENTATION_CONTEXT('2D SPACE',''
  ) );
#3419 = PCURVE('',#3420,#3425);
#3420 = PLANE('',#3421);
#3421 = AXIS2_PLACEMENT_3D('',#3422,#3423,#3424);
#3422 = CARTESIAN_POINT('',(-2.077312508493E-16,-0.866025403784,
    0.315562100399));
#3423 = DIRECTION('',(0.5,-0.866025403784,0.));
#3424 = DIRECTION('',(0.866025403784,0.5,0.));
#3425 = DEFINITIONAL_REPRESENTATION('',(#3426),#3430);
#3426 = LINE('',#3427,#3428);
#3427 = CARTESIAN_POINT('',(0.,0.));
#3428 = VECTOR('',#3429,1.);
#3429 = DIRECTION('',(1.,0.));
#3430 = ( GEOMETRIC_REPRESENTATION_CONTEXT(2) 
PARAMETRIC_REPRESENTATION_CONTEXT() REPRESENTATION_CONTEXT('2D SPACE',''
  ) );
#3431 = ADVANCED_FACE('',(#3432,#3490),#1775,.F.);
#3432 = FACE_BOUND('',#3433,.T.);
#3433 = EDGE_LOOP('',(#3434,#3461,#3462,#3489));
#3434 = ORIENTED_EDGE('',*,*,#3435,.F.);
#3435 = EDGE_CURVE('',#2887,#1705,#3436,.T.);
#3436 = SURFACE_CURVE('',#3437,(#3442,#3455),.PCURVE_S1.);
#3437 = CIRCLE('',#3438,1.241698084459);
#3438 = AXIS2_PLACEMENT_3D('',#3439,#3440,#3441);
#3439 = CARTESIAN_POINT('',(0.13137696435,5.948792811528E-02,
    1.253046871068));
#3440 = DIRECTION('',(-1.861945749731E-07,-1.23143430225E-05,
    -0.999999999924));
#3441 = DIRECTION('',(-0.105804273997,-0.9943869747,1.226492248632E-05)
  );
#3442 = PCURVE('',#1775,#3443);
#3443 = DEFINITIONAL_REPRESENTATION('',(#3444),#3454);
#3444 = B_SPLINE_CURVE_WITH_KNOTS('',8,(#3445,#3446,#3447,#3448,#3449,
    #3450,#3451,#3452,#3453),.UNSPECIFIED.,.F.,.F.,(9,9),(6.101417921836
    ,6.28318530718),.PIECEWISE_BEZIER_KNOTS.);
#3445 = CARTESIAN_POINT('',(-1.178648006835,0.225363874622));
#3446 = CARTESIAN_POINT('',(-1.180783476201,0.197232283171));
#3447 = CARTESIAN_POINT('',(-1.182188459022,0.169045240479));
#3448 = CARTESIAN_POINT('',(-1.182861275425,0.140824876317));
#3449 = CARTESIAN_POINT('',(-1.182801050034,0.112593381529));
#3450 = CARTESIAN_POINT('',(-1.182007714739,8.437297146321E-02));
#3451 = CARTESIAN_POINT('',(-1.180482009267,5.618584926067E-02));
#3452 = CARTESIAN_POINT('',(-1.178225479494,2.805416915033E-02));
#3453 = CARTESIAN_POINT('',(-1.175240473581,-5.551115123126E-17));
#3454 = ( GEOMETRIC_REPRESENTATION_CONTEXT(2) 
PARAMETRIC_REPRESENTATION_CONTEXT() REPRESENTATION_CONTEXT('2D SPACE',''
  ) );
#3455 = PCURVE('',#120,#3456);
#3456 = DEFINITIONAL_REPRESENTATION('',(#3457),#3460);
#3457 = B_SPLINE_CURVE_WITH_KNOTS('',1,(#3458,#3459),.UNSPECIFIED.,.F.,
  .F.,(2,2),(6.101417921836,6.28318530718),.PIECEWISE_BEZIER_KNOTS.);
#3458 = CARTESIAN_POINT('',(7.623956929667E-02,0.932971372462));
#3459 = CARTESIAN_POINT('',(2.021126321861E-14,0.928571428571));
#3460 = ( GEOMETRIC_REPRESENTATION_CONTEXT(2) 
PARAMETRIC_REPRESENTATION_CONTEXT() REPRESENTATION_CONTEXT('2D SPACE',''
  ) );
#3461 = ORIENTED_EDGE('',*,*,#3141,.T.);
#3462 = ORIENTED_EDGE('',*,*,#3463,.F.);
#3463 = EDGE_CURVE('',#1759,#2960,#3464,.T.);
#3464 = SURFACE_CURVE('',#3465,(#3470,#3483),.PCURVE_S1.);
#3465 = CIRCLE('',#3466,1.134946562261);
#3466 = AXIS2_PLACEMENT_3D('',#3467,#3468,#3469);
#3467 = CARTESIAN_POINT('',(-0.129384110617,5.94530637161E-02,
    1.253013830496));
#3468 = DIRECTION('',(-2.92514291191E-05,-3.114497049469E-05,
    -0.999999999087));
#3469 = DIRECTION('',(-0.751381857398,-0.659867640185,4.253055136586E-05
    ));
#3470 = PCURVE('',#1775,#3471);
#3471 = DEFINITIONAL_REPRESENTATION('',(#3472),#3482);
#3472 = B_SPLINE_CURVE_WITH_KNOTS('',8,(#3473,#3474,#3475,#3476,#3477,
    #3478,#3479,#3480,#3481),.UNSPECIFIED.,.F.,.F.,(9,9),(6.090990915647
    ,6.28318530718),.PIECEWISE_BEZIER_KNOTS.);
#3473 = CARTESIAN_POINT('',(-0.838564036616,-0.823407874165));
#3474 = CARTESIAN_POINT('',(-0.821890602229,-0.844982105454));
#3475 = CARTESIAN_POINT('',(-0.804624818377,-0.866098545234));
#3476 = CARTESIAN_POINT('',(-0.786781349223,-0.886738219125));
#3477 = CARTESIAN_POINT('',(-0.768375588271,-0.906882716439));
#3478 = CARTESIAN_POINT('',(-0.749423631324,-0.926514225175));
#3479 = CARTESIAN_POINT('',(-0.729942247085,-0.945615565401));
#3480 = CARTESIAN_POINT('',(-0.709948845828,-0.964170220532));
#3481 = CARTESIAN_POINT('',(-0.68946144606,-0.982162366616));
#3482 = ( GEOMETRIC_REPRESENTATION_CONTEXT(2) 
PARAMETRIC_REPRESENTATION_CONTEXT() REPRESENTATION_CONTEXT('2D SPACE',''
  ) );
#3483 = PCURVE('',#362,#3484);
#3484 = DEFINITIONAL_REPRESENTATION('',(#3485),#3488);
#3485 = B_SPLINE_CURVE_WITH_KNOTS('',1,(#3486,#3487),.UNSPECIFIED.,.F.,
  .F.,(2,2),(6.090990915647,6.28318530718),.PIECEWISE_BEZIER_KNOTS.);
#3486 = CARTESIAN_POINT('',(1.,0.911023421365));
#3487 = CARTESIAN_POINT('',(0.923760430703,0.906844697319));
#3488 = ( GEOMETRIC_REPRESENTATION_CONTEXT(2) 
PARAMETRIC_REPRESENTATION_CONTEXT() REPRESENTATION_CONTEXT('2D SPACE',''
  ) );
#3489 = ORIENTED_EDGE('',*,*,#1758,.F.);
#3490 = FACE_BOUND('',#3491,.T.);
#3491 = EDGE_LOOP('',(#3492,#3527,#3558,#3559,#3592,#3625));
#3492 = ORIENTED_EDGE('',*,*,#3493,.F.);
#3493 = EDGE_CURVE('',#3494,#3496,#3498,.T.);
#3494 = VERTEX_POINT('',#3495);
#3495 = CARTESIAN_POINT('',(-2.710505431214E-16,0.866025403784,
    1.253062100399));
#3496 = VERTEX_POINT('',#3497);
#3497 = CARTESIAN_POINT('',(-0.75,0.433012701892,1.253062100399));
#3498 = SURFACE_CURVE('',#3499,(#3504,#3515),.PCURVE_S1.);
#3499 = CIRCLE('',#3500,0.866025403784);
#3500 = AXIS2_PLACEMENT_3D('',#3501,#3502,#3503);
#3501 = CARTESIAN_POINT('',(0.,-1.381086465894E-15,1.253062100399));
#3502 = DIRECTION('',(0.,0.,1.));
#3503 = DIRECTION('',(1.,0.,-0.));
#3504 = PCURVE('',#1775,#3505);
#3505 = DEFINITIONAL_REPRESENTATION('',(#3506),#3514);
#3506 = ( BOUNDED_CURVE() B_SPLINE_CURVE(2,(#3507,#3508,#3509,#3510,
#3511,#3512,#3513),.UNSPECIFIED.,.T.,.F.) B_SPLINE_CURVE_WITH_KNOTS((1,2
    ,2,2,2,1),(-2.094395102393,0.,2.094395102393,4.188790204786,
6.28318530718,8.377580409573),.UNSPECIFIED.) CURVE() 
GEOMETRIC_REPRESENTATION_ITEM() RATIONAL_B_SPLINE_CURVE((1.,0.5,1.,0.5,
1.,0.5,1.)) REPRESENTATION_ITEM('') );
#3507 = CARTESIAN_POINT('',(-1.382624768449E-15,0.866025403784));
#3508 = CARTESIAN_POINT('',(1.5,0.866025403784));
#3509 = CARTESIAN_POINT('',(0.75,-0.433012701892));
#3510 = CARTESIAN_POINT('',(-1.170509720704E-15,-1.732050807569));
#3511 = CARTESIAN_POINT('',(-0.75,-0.433012701892));
#3512 = CARTESIAN_POINT('',(-1.5,0.866025403784));
#3513 = CARTESIAN_POINT('',(-1.382624768449E-15,0.866025403784));
#3514 = ( GEOMETRIC_REPRESENTATION_CONTEXT(2) 
PARAMETRIC_REPRESENTATION_CONTEXT() REPRESENTATION_CONTEXT('2D SPACE',''
  ) );
#3515 = PCURVE('',#3516,#3521);
#3516 = CONICAL_SURFACE('',#3517,0.866025403784,0.785398163397);
#3517 = AXIS2_PLACEMENT_3D('',#3518,#3519,#3520);
#3518 = CARTESIAN_POINT('',(0.,-1.381086465894E-15,1.253062100399));
#3519 = DIRECTION('',(0.,0.,1.));
#3520 = DIRECTION('',(1.,0.,-0.));
#3521 = DEFINITIONAL_REPRESENTATION('',(#3522),#3526);
#3522 = LINE('',#3523,#3524);
#3523 = CARTESIAN_POINT('',(0.,0.));
#3524 = VECTOR('',#3525,1.);
#3525 = DIRECTION('',(1.,0.));
#3526 = ( GEOMETRIC_REPRESENTATION_CONTEXT(2) 
PARAMETRIC_REPRESENTATION_CONTEXT() REPRESENTATION_CONTEXT('2D SPACE',''
  ) );
#3527 = ORIENTED_EDGE('',*,*,#3528,.F.);
#3528 = EDGE_CURVE('',#2314,#3494,#3529,.T.);
#3529 = SURFACE_CURVE('',#3530,(#3535,#3546),.PCURVE_S1.);
#3530 = CIRCLE('',#3531,0.866025403784);
#3531 = AXIS2_PLACEMENT_3D('',#3532,#3533,#3534);
#3532 = CARTESIAN_POINT('',(0.,-1.381086465894E-15,1.253062100399));
#3533 = DIRECTION('',(0.,0.,1.));
#3534 = DIRECTION('',(1.,0.,-0.));
#3535 = PCURVE('',#1775,#3536);
#3536 = DEFINITIONAL_REPRESENTATION('',(#3537),#3545);
#3537 = ( BOUNDED_CURVE() B_SPLINE_CURVE(2,(#3538,#3539,#3540,#3541,
#3542,#3543,#3544),.UNSPECIFIED.,.T.,.F.) B_SPLINE_CURVE_WITH_KNOTS((1,2
    ,2,2,2,1),(-2.094395102393,0.,2.094395102393,4.188790204786,
6.28318530718,8.377580409573),.UNSPECIFIED.) CURVE() 
GEOMETRIC_REPRESENTATION_ITEM() RATIONAL_B_SPLINE_CURVE((1.,0.5,1.,0.5,
1.,0.5,1.)) REPRESENTATION_ITEM('') );
#3538 = CARTESIAN_POINT('',(-1.382624768449E-15,0.866025403784));
#3539 = CARTESIAN_POINT('',(1.5,0.866025403784));
#3540 = CARTESIAN_POINT('',(0.75,-0.433012701892));
#3541 = CARTESIAN_POINT('',(-1.170509720704E-15,-1.732050807569));
#3542 = CARTESIAN_POINT('',(-0.75,-0.433012701892));
#3543 = CARTESIAN_POINT('',(-1.5,0.866025403784));
#3544 = CARTESIAN_POINT('',(-1.382624768449E-15,0.866025403784));
#3545 = ( GEOMETRIC_REPRESENTATION_CONTEXT(2) 
PARAMETRIC_REPRESENTATION_CONTEXT() REPRESENTATION_CONTEXT('2D SPACE',''
  ) );
#3546 = PCURVE('',#3547,#3552);
#3547 = CONICAL_SURFACE('',#3548,0.866025403784,0.785398163397);
#3548 = AXIS2_PLACEMENT_3D('',#3549,#3550,#3551);
#3549 = CARTESIAN_POINT('',(0.,-1.381086465894E-15,1.253062100399));
#3550 = DIRECTION('',(0.,0.,1.));
#3551 = DIRECTION('',(1.,0.,-0.));
#3552 = DEFINITIONAL_REPRESENTATION('',(#3553),#3557);
#3553 = LINE('',#3554,#3555);
#3554 = CARTESIAN_POINT('',(0.,0.));
#3555 = VECTOR('',#3556,1.);
#3556 = DIRECTION('',(1.,0.));
#3557 = ( GEOMETRIC_REPRESENTATION_CONTEXT(2) 
PARAMETRIC_REPRESENTATION_CONTEXT() REPRESENTATION_CONTEXT('2D SPACE',''
  ) );
#3558 = ORIENTED_EDGE('',*,*,#2311,.F.);
#3559 = ORIENTED_EDGE('',*,*,#3560,.F.);
#3560 = EDGE_CURVE('',#3561,#2312,#3563,.T.);
#3561 = VERTEX_POINT('',#3562);
#3562 = CARTESIAN_POINT('',(2.005774019098E-15,-0.866025403784,
    1.253062100399));
#3563 = SURFACE_CURVE('',#3564,(#3569,#3580),.PCURVE_S1.);
#3564 = CIRCLE('',#3565,0.866025403784);
#3565 = AXIS2_PLACEMENT_3D('',#3566,#3567,#3568);
#3566 = CARTESIAN_POINT('',(0.,-1.381086465894E-15,1.253062100399));
#3567 = DIRECTION('',(0.,0.,1.));
#3568 = DIRECTION('',(1.,0.,-0.));
#3569 = PCURVE('',#1775,#3570);
#3570 = DEFINITIONAL_REPRESENTATION('',(#3571),#3579);
#3571 = ( BOUNDED_CURVE() B_SPLINE_CURVE(2,(#3572,#3573,#3574,#3575,
#3576,#3577,#3578),.UNSPECIFIED.,.T.,.F.) B_SPLINE_CURVE_WITH_KNOTS((1,2
    ,2,2,2,1),(-2.094395102393,0.,2.094395102393,4.188790204786,
6.28318530718,8.377580409573),.UNSPECIFIED.) CURVE() 
GEOMETRIC_REPRESENTATION_ITEM() RATIONAL_B_SPLINE_CURVE((1.,0.5,1.,0.5,
1.,0.5,1.)) REPRESENTATION_ITEM('') );
#3572 = CARTESIAN_POINT('',(-1.382624768449E-15,0.866025403784));
#3573 = CARTESIAN_POINT('',(1.5,0.866025403784));
#3574 = CARTESIAN_POINT('',(0.75,-0.433012701892));
#3575 = CARTESIAN_POINT('',(-1.170509720704E-15,-1.732050807569));
#3576 = CARTESIAN_POINT('',(-0.75,-0.433012701892));
#3577 = CARTESIAN_POINT('',(-1.5,0.866025403784));
#3578 = CARTESIAN_POINT('',(-1.382624768449E-15,0.866025403784));
#3579 = ( GEOMETRIC_REPRESENTATION_CONTEXT(2) 
PARAMETRIC_REPRESENTATION_CONTEXT() REPRESENTATION_CONTEXT('2D SPACE',''
  ) );
#3580 = PCURVE('',#3581,#3586);
#3581 = CONICAL_SURFACE('',#3582,0.866025403784,0.785398163397);
#3582 = AXIS2_PLACEMENT_3D('',#3583,#3584,#3585);
#3583 = CARTESIAN_POINT('',(0.,-1.381086465894E-15,1.253062100399));
#3584 = DIRECTION('',(0.,0.,1.));
#3585 = DIRECTION('',(1.,0.,-0.));
#3586 = DEFINITIONAL_REPRESENTATION('',(#3587),#3591);
#3587 = LINE('',#3588,#3589);
#3588 = CARTESIAN_POINT('',(0.,0.));
#3589 = VECTOR('',#3590,1.);
#3590 = DIRECTION('',(1.,0.));
#3591 = ( GEOMETRIC_REPRESENTATION_CONTEXT(2) 
PARAMETRIC_REPRESENTATION_CONTEXT() REPRESENTATION_CONTEXT('2D SPACE',''
  ) );
#3592 = ORIENTED_EDGE('',*,*,#3593,.F.);
#3593 = EDGE_CURVE('',#3594,#3561,#3596,.T.);
#3594 = VERTEX_POINT('',#3595);
#3595 = CARTESIAN_POINT('',(-0.75,-0.433012701892,1.253062100399));
#3596 = SURFACE_CURVE('',#3597,(#3602,#3613),.PCURVE_S1.);
#3597 = CIRCLE('',#3598,0.866025403784);
#3598 = AXIS2_PLACEMENT_3D('',#3599,#3600,#3601);
#3599 = CARTESIAN_POINT('',(0.,-1.381086465894E-15,1.253062100399));
#3600 = DIRECTION('',(0.,0.,1.));
#3601 = DIRECTION('',(1.,0.,-0.));
#3602 = PCURVE('',#1775,#3603);
#3603 = DEFINITIONAL_REPRESENTATION('',(#3604),#3612);
#3604 = ( BOUNDED_CURVE() B_SPLINE_CURVE(2,(#3605,#3606,#3607,#3608,
#3609,#3610,#3611),.UNSPECIFIED.,.T.,.F.) B_SPLINE_CURVE_WITH_KNOTS((1,2
    ,2,2,2,1),(-2.094395102393,0.,2.094395102393,4.188790204786,
6.28318530718,8.377580409573),.UNSPECIFIED.) CURVE() 
GEOMETRIC_REPRESENTATION_ITEM() RATIONAL_B_SPLINE_CURVE((1.,0.5,1.,0.5,
1.,0.5,1.)) REPRESENTATION_ITEM('') );
#3605 = CARTESIAN_POINT('',(-1.382624768449E-15,0.866025403784));
#3606 = CARTESIAN_POINT('',(1.5,0.866025403784));
#3607 = CARTESIAN_POINT('',(0.75,-0.433012701892));
#3608 = CARTESIAN_POINT('',(-1.170509720704E-15,-1.732050807569));
#3609 = CARTESIAN_POINT('',(-0.75,-0.433012701892));
#3610 = CARTESIAN_POINT('',(-1.5,0.866025403784));
#3611 = CARTESIAN_POINT('',(-1.382624768449E-15,0.866025403784));
#3612 = ( GEOMETRIC_REPRESENTATION_CONTEXT(2) 
PARAMETRIC_REPRESENTATION_CONTEXT() REPRESENTATION_CONTEXT('2D SPACE',''
  ) );
#3613 = PCURVE('',#3614,#3619);
#3614 = CONICAL_SURFACE('',#3615,0.866025403784,0.785398163397);
#3615 = AXIS2_PLACEMENT_3D('',#3616,#3617,#3618);
#3616 = CARTESIAN_POINT('',(0.,-1.381086465894E-15,1.253062100399));
#3617 = DIRECTION('',(0.,0.,1.));
#3618 = DIRECTION('',(1.,0.,-0.));
#3619 = DEFINITIONAL_REPRESENTATION('',(#3620),#3624);
#3620 = LINE('',#3621,#3622);
#3621 = CARTESIAN_POINT('',(-4.440892098501E-16,2.498001805407E-16));
#3622 = VECTOR('',#3623,1.);
#3623 = DIRECTION('',(1.,-5.300924469106E-17));
#3624 = ( GEOMETRIC_REPRESENTATION_CONTEXT(2) 
PARAMETRIC_REPRESENTATION_CONTEXT() REPRESENTATION_CONTEXT('2D SPACE',''
  ) );
#3625 = ORIENTED_EDGE('',*,*,#3626,.F.);
#3626 = EDGE_CURVE('',#3496,#3594,#3627,.T.);
#3627 = SURFACE_CURVE('',#3628,(#3633,#3644),.PCURVE_S1.);
#3628 = CIRCLE('',#3629,0.866025403784);
#3629 = AXIS2_PLACEMENT_3D('',#3630,#3631,#3632);
#3630 = CARTESIAN_POINT('',(0.,-1.381086465894E-15,1.253062100399));
#3631 = DIRECTION('',(0.,0.,1.));
#3632 = DIRECTION('',(1.,0.,-0.));
#3633 = PCURVE('',#1775,#3634);
#3634 = DEFINITIONAL_REPRESENTATION('',(#3635),#3643);
#3635 = ( BOUNDED_CURVE() B_SPLINE_CURVE(2,(#3636,#3637,#3638,#3639,
#3640,#3641,#3642),.UNSPECIFIED.,.T.,.F.) B_SPLINE_CURVE_WITH_KNOTS((1,2
    ,2,2,2,1),(-2.094395102393,0.,2.094395102393,4.188790204786,
6.28318530718,8.377580409573),.UNSPECIFIED.) CURVE() 
GEOMETRIC_REPRESENTATION_ITEM() RATIONAL_B_SPLINE_CURVE((1.,0.5,1.,0.5,
1.,0.5,1.)) REPRESENTATION_ITEM('') );
#3636 = CARTESIAN_POINT('',(-1.382624768449E-15,0.866025403784));
#3637 = CARTESIAN_POINT('',(1.5,0.866025403784));
#3638 = CARTESIAN_POINT('',(0.75,-0.433012701892));
#3639 = CARTESIAN_POINT('',(-1.170509720704E-15,-1.732050807569));
#3640 = CARTESIAN_POINT('',(-0.75,-0.433012701892));
#3641 = CARTESIAN_POINT('',(-1.5,0.866025403784));
#3642 = CARTESIAN_POINT('',(-1.382624768449E-15,0.866025403784));
#3643 = ( GEOMETRIC_REPRESENTATION_CONTEXT(2) 
PARAMETRIC_REPRESENTATION_CONTEXT() REPRESENTATION_CONTEXT('2D SPACE',''
  ) );
#3644 = PCURVE('',#3645,#3650);
#3645 = CONICAL_SURFACE('',#3646,0.866025403784,0.785398163397);
#3646 = AXIS2_PLACEMENT_3D('',#3647,#3648,#3649);
#3647 = CARTESIAN_POINT('',(0.,-1.381086465894E-15,1.253062100399));
#3648 = DIRECTION('',(0.,0.,1.));
#3649 = DIRECTION('',(-1.,1.454732309465E-15,0.));
#3650 = DEFINITIONAL_REPRESENTATION('',(#3651),#3655);
#3651 = LINE('',#3652,#3653);
#3652 = CARTESIAN_POINT('',(-3.14159265359,-1.387778780781E-16));
#3653 = VECTOR('',#3654,1.);
#3654 = DIRECTION('',(1.,5.300924469106E-17));
#3655 = ( GEOMETRIC_REPRESENTATION_CONTEXT(2) 
PARAMETRIC_REPRESENTATION_CONTEXT() REPRESENTATION_CONTEXT('2D SPACE',''
  ) );
#3656 = ADVANCED_FACE('',(#3657),#120,.T.);
#3657 = FACE_BOUND('',#3658,.T.);
#3658 = EDGE_LOOP('',(#3659,#3660,#3661,#3662,#3663,#3664,#3665,#3666,
    #3667,#3668,#3669,#3670,#3671,#3672,#3673));
#3659 = ORIENTED_EDGE('',*,*,#3435,.T.);
#3660 = ORIENTED_EDGE('',*,*,#1704,.F.);
#3661 = ORIENTED_EDGE('',*,*,#1648,.F.);
#3662 = ORIENTED_EDGE('',*,*,#1510,.F.);
#3663 = ORIENTED_EDGE('',*,*,#1372,.F.);
#3664 = ORIENTED_EDGE('',*,*,#1234,.F.);
#3665 = ORIENTED_EDGE('',*,*,#1118,.F.);
#3666 = ORIENTED_EDGE('',*,*,#2477,.T.);
#3667 = ORIENTED_EDGE('',*,*,#2785,.T.);
#3668 = ORIENTED_EDGE('',*,*,#78,.F.);
#3669 = ORIENTED_EDGE('',*,*,#639,.F.);
#3670 = ORIENTED_EDGE('',*,*,#777,.F.);
#3671 = ORIENTED_EDGE('',*,*,#915,.F.);
#3672 = ORIENTED_EDGE('',*,*,#1977,.F.);
#3673 = ORIENTED_EDGE('',*,*,#2886,.F.);
#3674 = ADVANCED_FACE('',(#3675),#362,.T.);
#3675 = FACE_BOUND('',#3676,.T.);
#3676 = EDGE_LOOP('',(#3677,#3678,#3679,#3680,#3681,#3682,#3683,#3684,
    #3685,#3686,#3687,#3688,#3689,#3690));
#3677 = ORIENTED_EDGE('',*,*,#3463,.T.);
#3678 = ORIENTED_EDGE('',*,*,#2959,.F.);
#3679 = ORIENTED_EDGE('',*,*,#1906,.F.);
#3680 = ORIENTED_EDGE('',*,*,#968,.F.);
#3681 = ORIENTED_EDGE('',*,*,#830,.F.);
#3682 = ORIENTED_EDGE('',*,*,#692,.F.);
#3683 = ORIENTED_EDGE('',*,*,#326,.F.);
#3684 = ORIENTED_EDGE('',*,*,#2664,.T.);
#3685 = ORIENTED_EDGE('',*,*,#1058,.F.);
#3686 = ORIENTED_EDGE('',*,*,#1181,.F.);
#3687 = ORIENTED_EDGE('',*,*,#1319,.F.);
#3688 = ORIENTED_EDGE('',*,*,#1457,.F.);
#3689 = ORIENTED_EDGE('',*,*,#1595,.F.);
#3690 = ORIENTED_EDGE('',*,*,#1787,.F.);
#3691 = ADVANCED_FACE('',(#3692),#3516,.F.);
#3692 = FACE_BOUND('',#3693,.F.);
#3693 = EDGE_LOOP('',(#3694,#3737));
#3694 = ORIENTED_EDGE('',*,*,#3695,.T.);
#3695 = EDGE_CURVE('',#3494,#3496,#3696,.T.);
#3696 = SURFACE_CURVE('',#3697,(#3701,#3730),.PCURVE_S1.);
#3697 = ( BOUNDED_CURVE() B_SPLINE_CURVE(2,(#3698,#3699,#3700),
.UNSPECIFIED.,.F.,.F.) B_SPLINE_CURVE_WITH_KNOTS((3,3),(-0.287808339382,
-0.120361405183),.PIECEWISE_BEZIER_KNOTS.) CURVE() 
GEOMETRIC_REPRESENTATION_ITEM() RATIONAL_B_SPLINE_CURVE((1.618802153517,
1.869231718195,1.618802153517)) REPRESENTATION_ITEM('') );
#3698 = CARTESIAN_POINT('',(-7.302717469533E-13,0.866025403784,
    1.253062100398));
#3699 = CARTESIAN_POINT('',(-0.375,0.649519052838,1.036555749453));
#3700 = CARTESIAN_POINT('',(-0.749999999999,0.433012701893,
    1.253062100398));
#3701 = PCURVE('',#3516,#3702);
#3702 = DEFINITIONAL_REPRESENTATION('',(#3703),#3729);
#3703 = B_SPLINE_CURVE_WITH_KNOTS('',3,(#3704,#3705,#3706,#3707,#3708,
    #3709,#3710,#3711,#3712,#3713,#3714,#3715,#3716,#3717,#3718,#3719,
    #3720,#3721,#3722,#3723,#3724,#3725,#3726,#3727,#3728),
  .UNSPECIFIED.,.F.,.F.,(4,1,1,1,1,1,1,1,1,1,1,1,1,1,1,1,1,1,1,1,1,1,4),
  (-0.287808339382,-0.280197115101,-0.272585890819,-0.264974666537,
    -0.257363442255,-0.249752217973,-0.242140993692,-0.23452976941,
    -0.226918545128,-0.219307320846,-0.211696096564,-0.204084872283,
    -0.196473648001,-0.188862423719,-0.181251199437,-0.173639975155,
    -0.166028750874,-0.158417526592,-0.15080630231,-0.143195078028,
    -0.135583853746,-0.127972629465,-0.120361405183),
  .QUASI_UNIFORM_KNOTS.);
#3704 = CARTESIAN_POINT('',(1.570796326796,-4.203859482743E-13));
#3705 = CARTESIAN_POINT('',(1.585947588348,-7.573503715521E-03));
#3706 = CARTESIAN_POINT('',(1.616435615897,-2.182738667149E-02));
#3707 = CARTESIAN_POINT('',(1.662682402927,-4.068493295907E-02));
#3708 = CARTESIAN_POINT('',(1.709403327362,-5.718508060831E-02));
#3709 = CARTESIAN_POINT('',(1.756553723235,-7.145946431616E-02));
#3710 = CARTESIAN_POINT('',(1.804086499181,-8.362107766204E-02));
#3711 = CARTESIAN_POINT('',(1.851951987574,-9.376316991489E-02));
#3712 = CARTESIAN_POINT('',(1.90009832137,-0.101962015546));
#3713 = CARTESIAN_POINT('',(1.948471715893,-0.108278137907));
#3714 = CARTESIAN_POINT('',(1.997016817515,-0.112757512155));
#3715 = CARTESIAN_POINT('',(2.045677069697,-0.115432393912));
#3716 = CARTESIAN_POINT('',(2.094395102393,-0.116321908721));
#3717 = CARTESIAN_POINT('',(2.14311313509,-0.115432393912));
#3718 = CARTESIAN_POINT('',(2.191773387271,-0.112757512155));
#3719 = CARTESIAN_POINT('',(2.240318488894,-0.108278137907));
#3720 = CARTESIAN_POINT('',(2.288691883416,-0.101962015546));
#3721 = CARTESIAN_POINT('',(2.336838217213,-9.37631699149E-02));
#3722 = CARTESIAN_POINT('',(2.384703705606,-8.362107766204E-02));
#3723 = CARTESIAN_POINT('',(2.432236481552,-7.145946431616E-02));
#3724 = CARTESIAN_POINT('',(2.479386877425,-5.718508060831E-02));
#3725 = CARTESIAN_POINT('',(2.526107801859,-4.068493295907E-02));
#3726 = CARTESIAN_POINT('',(2.572354588889,-2.182738667149E-02));
#3727 = CARTESIAN_POINT('',(2.602842616439,-7.573503715521E-03));
#3728 = CARTESIAN_POINT('',(2.617993877991,-4.209965709379E-13));
#3729 = ( GEOMETRIC_REPRESENTATION_CONTEXT(2) 
PARAMETRIC_REPRESENTATION_CONTEXT() REPRESENTATION_CONTEXT('2D SPACE',''
  ) );
#3730 = PCURVE('',#3261,#3731);
#3731 = DEFINITIONAL_REPRESENTATION('',(#3732),#3736);
#3732 = ( BOUNDED_CURVE() B_SPLINE_CURVE(2,(#3733,#3734,#3735),
.UNSPECIFIED.,.F.,.F.) B_SPLINE_CURVE_WITH_KNOTS((3,3),(-0.287808339382,
-0.120361405183),.PIECEWISE_BEZIER_KNOTS.) CURVE() 
GEOMETRIC_REPRESENTATION_ITEM() RATIONAL_B_SPLINE_CURVE((1.618802153517,
1.869231718195,1.618802153517)) REPRESENTATION_ITEM('') );
#3733 = CARTESIAN_POINT('',(8.43269898354E-13,0.9375));
#3734 = CARTESIAN_POINT('',(0.433012701892,0.720993649054));
#3735 = CARTESIAN_POINT('',(0.866025403784,0.9375));
#3736 = ( GEOMETRIC_REPRESENTATION_CONTEXT(2) 
PARAMETRIC_REPRESENTATION_CONTEXT() REPRESENTATION_CONTEXT('2D SPACE',''
  ) );
#3737 = ORIENTED_EDGE('',*,*,#3493,.F.);
#3738 = ADVANCED_FACE('',(#3739),#3645,.F.);
#3739 = FACE_BOUND('',#3740,.F.);
#3740 = EDGE_LOOP('',(#3741,#3784));
#3741 = ORIENTED_EDGE('',*,*,#3742,.T.);
#3742 = EDGE_CURVE('',#3496,#3594,#3743,.T.);
#3743 = SURFACE_CURVE('',#3744,(#3748,#3777),.PCURVE_S1.);
#3744 = ( BOUNDED_CURVE() B_SPLINE_CURVE(2,(#3745,#3746,#3747),
.UNSPECIFIED.,.F.,.F.) B_SPLINE_CURVE_WITH_KNOTS((3,3),(-0.287808339382,
-0.120361405183),.PIECEWISE_BEZIER_KNOTS.) CURVE() 
GEOMETRIC_REPRESENTATION_ITEM() RATIONAL_B_SPLINE_CURVE((1.618802153517,
1.869231718195,1.618802153517)) REPRESENTATION_ITEM('') );
#3745 = CARTESIAN_POINT('',(-0.75,0.433012701891,1.253062100398));
#3746 = CARTESIAN_POINT('',(-0.75,-1.040834085586E-15,1.036555749453));
#3747 = CARTESIAN_POINT('',(-0.75,-0.433012701891,1.253062100398));
#3748 = PCURVE('',#3645,#3749);
#3749 = DEFINITIONAL_REPRESENTATION('',(#3750),#3776);
#3750 = B_SPLINE_CURVE_WITH_KNOTS('',3,(#3751,#3752,#3753,#3754,#3755,
    #3756,#3757,#3758,#3759,#3760,#3761,#3762,#3763,#3764,#3765,#3766,
    #3767,#3768,#3769,#3770,#3771,#3772,#3773,#3774,#3775),
  .UNSPECIFIED.,.F.,.F.,(4,1,1,1,1,1,1,1,1,1,1,1,1,1,1,1,1,1,1,1,1,1,4),
  (-0.287808339382,-0.280197115101,-0.272585890819,-0.264974666537,
    -0.257363442255,-0.249752217973,-0.242140993692,-0.23452976941,
    -0.226918545128,-0.219307320846,-0.211696096564,-0.204084872283,
    -0.196473648001,-0.188862423719,-0.181251199437,-0.173639975155,
    -0.166028750874,-0.158417526592,-0.15080630231,-0.143195078028,
    -0.135583853746,-0.127972629465,-0.120361405183),
  .QUASI_UNIFORM_KNOTS.);
#3751 = CARTESIAN_POINT('',(-0.523598775597,-4.20552481728E-13));
#3752 = CARTESIAN_POINT('',(-0.508447514046,-7.573503715521E-03));
#3753 = CARTESIAN_POINT('',(-0.477959486496,-2.182738667149E-02));
#3754 = CARTESIAN_POINT('',(-0.431712699466,-4.068493295907E-02));
#3755 = CARTESIAN_POINT('',(-0.384991775031,-5.718508060831E-02));
#3756 = CARTESIAN_POINT('',(-0.337841379158,-7.145946431616E-02));
#3757 = CARTESIAN_POINT('',(-0.290308603212,-8.362107766204E-02));
#3758 = CARTESIAN_POINT('',(-0.242443114819,-9.37631699149E-02));
#3759 = CARTESIAN_POINT('',(-0.194296781023,-0.101962015546));
#3760 = CARTESIAN_POINT('',(-0.145923386501,-0.108278137907));
#3761 = CARTESIAN_POINT('',(-9.737828487812E-02,-0.112757512155));
#3762 = CARTESIAN_POINT('',(-4.871803269631E-02,-0.115432393912));
#3763 = CARTESIAN_POINT('',(1.19644090003E-15,-0.116321908721));
#3764 = CARTESIAN_POINT('',(4.871803269631E-02,-0.115432393912));
#3765 = CARTESIAN_POINT('',(9.737828487812E-02,-0.112757512155));
#3766 = CARTESIAN_POINT('',(0.145923386501,-0.108278137907));
#3767 = CARTESIAN_POINT('',(0.194296781023,-0.101962015546));
#3768 = CARTESIAN_POINT('',(0.242443114819,-9.376316991489E-02));
#3769 = CARTESIAN_POINT('',(0.290308603212,-8.362107766205E-02));
#3770 = CARTESIAN_POINT('',(0.337841379158,-7.145946431616E-02));
#3771 = CARTESIAN_POINT('',(0.384991775031,-5.718508060831E-02));
#3772 = CARTESIAN_POINT('',(0.431712699466,-4.068493295907E-02));
#3773 = CARTESIAN_POINT('',(0.477959486496,-2.182738667149E-02));
#3774 = CARTESIAN_POINT('',(0.508447514046,-7.573503715521E-03));
#3775 = CARTESIAN_POINT('',(0.523598775597,-4.207745263329E-13));
#3776 = ( GEOMETRIC_REPRESENTATION_CONTEXT(2) 
PARAMETRIC_REPRESENTATION_CONTEXT() REPRESENTATION_CONTEXT('2D SPACE',''
  ) );
#3777 = PCURVE('',#3314,#3778);
#3778 = DEFINITIONAL_REPRESENTATION('',(#3779),#3783);
#3779 = ( BOUNDED_CURVE() B_SPLINE_CURVE(2,(#3780,#3781,#3782),
.UNSPECIFIED.,.F.,.F.) B_SPLINE_CURVE_WITH_KNOTS((3,3),(-0.287808339382,
-0.120361405183),.PIECEWISE_BEZIER_KNOTS.) CURVE() 
GEOMETRIC_REPRESENTATION_ITEM() RATIONAL_B_SPLINE_CURVE((1.618802153517,
1.869231718195,1.618802153517)) REPRESENTATION_ITEM('') );
#3780 = CARTESIAN_POINT('',(0.9375,-8.419931418757E-13));
#3781 = CARTESIAN_POINT('',(0.720993649054,-0.433012701892));
#3782 = CARTESIAN_POINT('',(0.9375,-0.866025403784));
#3783 = ( GEOMETRIC_REPRESENTATION_CONTEXT(2) 
PARAMETRIC_REPRESENTATION_CONTEXT() REPRESENTATION_CONTEXT('2D SPACE',''
  ) );
#3784 = ORIENTED_EDGE('',*,*,#3626,.F.);
#3785 = ADVANCED_FACE('',(#3786),#3614,.F.);
#3786 = FACE_BOUND('',#3787,.F.);
#3787 = EDGE_LOOP('',(#3788,#3831));
#3788 = ORIENTED_EDGE('',*,*,#3789,.T.);
#3789 = EDGE_CURVE('',#3594,#3561,#3790,.T.);
#3790 = SURFACE_CURVE('',#3791,(#3795,#3824),.PCURVE_S1.);
#3791 = ( BOUNDED_CURVE() B_SPLINE_CURVE(2,(#3792,#3793,#3794),
.UNSPECIFIED.,.F.,.F.) B_SPLINE_CURVE_WITH_KNOTS((3,3),(-0.287808339382,
-0.120361405183),.PIECEWISE_BEZIER_KNOTS.) CURVE() 
GEOMETRIC_REPRESENTATION_ITEM() RATIONAL_B_SPLINE_CURVE((1.618802153517,
1.869231718195,1.618802153517)) REPRESENTATION_ITEM('') );
#3792 = CARTESIAN_POINT('',(-0.749999999999,-0.433012701893,
    1.253062100398));
#3793 = CARTESIAN_POINT('',(-0.375,-0.649519052838,1.036555749453));
#3794 = CARTESIAN_POINT('',(-7.274941355942E-13,-0.866025403784,
    1.253062100398));
#3795 = PCURVE('',#3614,#3796);
#3796 = DEFINITIONAL_REPRESENTATION('',(#3797),#3823);
#3797 = B_SPLINE_CURVE_WITH_KNOTS('',3,(#3798,#3799,#3800,#3801,#3802,
    #3803,#3804,#3805,#3806,#3807,#3808,#3809,#3810,#3811,#3812,#3813,
    #3814,#3815,#3816,#3817,#3818,#3819,#3820,#3821,#3822),
  .UNSPECIFIED.,.F.,.F.,(4,1,1,1,1,1,1,1,1,1,1,1,1,1,1,1,1,1,1,1,1,1,4),
  (-0.287808339382,-0.280197115101,-0.272585890819,-0.264974666537,
    -0.257363442255,-0.249752217973,-0.242140993692,-0.23452976941,
    -0.226918545128,-0.219307320846,-0.211696096564,-0.204084872283,
    -0.196473648001,-0.188862423719,-0.181251199437,-0.173639975155,
    -0.166028750874,-0.158417526592,-0.15080630231,-0.143195078028,
    -0.135583853746,-0.127972629465,-0.120361405183),
  .QUASI_UNIFORM_KNOTS.);
#3798 = CARTESIAN_POINT('',(3.665191429189,-4.212186155428E-13));
#3799 = CARTESIAN_POINT('',(3.680342690741,-7.573503715521E-03));
#3800 = CARTESIAN_POINT('',(3.71083071829,-2.182738667149E-02));
#3801 = CARTESIAN_POINT('',(3.75707750532,-4.068493295907E-02));
#3802 = CARTESIAN_POINT('',(3.803798429755,-5.718508060832E-02));
#3803 = CARTESIAN_POINT('',(3.850948825628,-7.145946431616E-02));
#3804 = CARTESIAN_POINT('',(3.898481601574,-8.362107766205E-02));
#3805 = CARTESIAN_POINT('',(3.946347089967,-9.37631699149E-02));
#3806 = CARTESIAN_POINT('',(3.994493423763,-0.101962015546));
#3807 = CARTESIAN_POINT('',(4.042866818286,-0.108278137907));
#3808 = CARTESIAN_POINT('',(4.091411919908,-0.112757512155));
#3809 = CARTESIAN_POINT('',(4.14007217209,-0.115432393912));
#3810 = CARTESIAN_POINT('',(4.188790204786,-0.116321908721));
#3811 = CARTESIAN_POINT('',(4.237508237483,-0.115432393912));
#3812 = CARTESIAN_POINT('',(4.286168489665,-0.112757512155));
#3813 = CARTESIAN_POINT('',(4.334713591287,-0.108278137907));
#3814 = CARTESIAN_POINT('',(4.383086985809,-0.101962015546));
#3815 = CARTESIAN_POINT('',(4.431233319606,-9.37631699149E-02));
#3816 = CARTESIAN_POINT('',(4.479098807999,-8.362107766205E-02));
#3817 = CARTESIAN_POINT('',(4.526631583945,-7.145946431616E-02));
#3818 = CARTESIAN_POINT('',(4.573781979818,-5.718508060831E-02));
#3819 = CARTESIAN_POINT('',(4.620502904253,-4.068493295907E-02));
#3820 = CARTESIAN_POINT('',(4.666749691282,-2.182738667149E-02));
#3821 = CARTESIAN_POINT('',(4.697237718832,-7.573503715521E-03));
#3822 = CARTESIAN_POINT('',(4.712388980384,-4.207190151817E-13));
#3823 = ( GEOMETRIC_REPRESENTATION_CONTEXT(2) 
PARAMETRIC_REPRESENTATION_CONTEXT() REPRESENTATION_CONTEXT('2D SPACE',''
  ) );
#3824 = PCURVE('',#3367,#3825);
#3825 = DEFINITIONAL_REPRESENTATION('',(#3826),#3830);
#3826 = ( BOUNDED_CURVE() B_SPLINE_CURVE(2,(#3827,#3828,#3829),
.UNSPECIFIED.,.F.,.F.) B_SPLINE_CURVE_WITH_KNOTS((3,3),(-0.287808339382,
-0.120361405183),.PIECEWISE_BEZIER_KNOTS.) CURVE() 
GEOMETRIC_REPRESENTATION_ITEM() RATIONAL_B_SPLINE_CURVE((1.618802153517,
1.869231718195,1.618802153517)) REPRESENTATION_ITEM('') );
#3827 = CARTESIAN_POINT('',(8.431588760516E-13,0.9375));
#3828 = CARTESIAN_POINT('',(0.433012701892,0.720993649054));
#3829 = CARTESIAN_POINT('',(0.866025403784,0.9375));
#3830 = ( GEOMETRIC_REPRESENTATION_CONTEXT(2) 
PARAMETRIC_REPRESENTATION_CONTEXT() REPRESENTATION_CONTEXT('2D SPACE',''
  ) );
#3831 = ORIENTED_EDGE('',*,*,#3593,.F.);
#3832 = ADVANCED_FACE('',(#3833),#3581,.F.);
#3833 = FACE_BOUND('',#3834,.F.);
#3834 = EDGE_LOOP('',(#3835,#3878));
#3835 = ORIENTED_EDGE('',*,*,#3836,.T.);
#3836 = EDGE_CURVE('',#3561,#2312,#3837,.T.);
#3837 = SURFACE_CURVE('',#3838,(#3842,#3871),.PCURVE_S1.);
#3838 = ( BOUNDED_CURVE() B_SPLINE_CURVE(2,(#3839,#3840,#3841),
.UNSPECIFIED.,.F.,.F.) B_SPLINE_CURVE_WITH_KNOTS((3,3),(-0.287808339382,
-0.120361405183),.PIECEWISE_BEZIER_KNOTS.) CURVE() 
GEOMETRIC_REPRESENTATION_ITEM() RATIONAL_B_SPLINE_CURVE((1.618802153517,
1.869231718195,1.618802153517)) REPRESENTATION_ITEM('') );
#3839 = CARTESIAN_POINT('',(7.31026159915E-13,-0.866025403784,
    1.253062100398));
#3840 = CARTESIAN_POINT('',(0.375,-0.649519052838,1.036555749453));
#3841 = CARTESIAN_POINT('',(0.749999999999,-0.433012701893,
    1.253062100398));
#3842 = PCURVE('',#3581,#3843);
#3843 = DEFINITIONAL_REPRESENTATION('',(#3844),#3870);
#3844 = B_SPLINE_CURVE_WITH_KNOTS('',3,(#3845,#3846,#3847,#3848,#3849,
    #3850,#3851,#3852,#3853,#3854,#3855,#3856,#3857,#3858,#3859,#3860,
    #3861,#3862,#3863,#3864,#3865,#3866,#3867,#3868,#3869),
  .UNSPECIFIED.,.F.,.F.,(4,1,1,1,1,1,1,1,1,1,1,1,1,1,1,1,1,1,1,1,1,1,4),
  (-0.287808339382,-0.280197115101,-0.272585890819,-0.264974666537,
    -0.257363442255,-0.249752217973,-0.242140993692,-0.23452976941,
    -0.226918545128,-0.219307320846,-0.211696096564,-0.204084872283,
    -0.196473648001,-0.188862423719,-0.181251199437,-0.173639975155,
    -0.166028750874,-0.158417526592,-0.15080630231,-0.143195078028,
    -0.135583853746,-0.127972629465,-0.120361405183),
  .QUASI_UNIFORM_KNOTS.);
#3845 = CARTESIAN_POINT('',(4.712388980386,-4.217182159039E-13));
#3846 = CARTESIAN_POINT('',(4.727540241937,-7.573503715522E-03));
#3847 = CARTESIAN_POINT('',(4.758028269487,-2.182738667149E-02));
#3848 = CARTESIAN_POINT('',(4.804275056517,-4.068493295907E-02));
#3849 = CARTESIAN_POINT('',(4.850995980952,-5.718508060831E-02));
#3850 = CARTESIAN_POINT('',(4.898146376825,-7.145946431616E-02));
#3851 = CARTESIAN_POINT('',(4.945679152771,-8.362107766205E-02));
#3852 = CARTESIAN_POINT('',(4.993544641164,-9.37631699149E-02));
#3853 = CARTESIAN_POINT('',(5.04169097496,-0.101962015546));
#3854 = CARTESIAN_POINT('',(5.090064369482,-0.108278137907));
#3855 = CARTESIAN_POINT('',(5.138609471105,-0.112757512155));
#3856 = CARTESIAN_POINT('',(5.187269723287,-0.115432393912));
#3857 = CARTESIAN_POINT('',(5.235987755983,-0.116321908721));
#3858 = CARTESIAN_POINT('',(5.284705788679,-0.115432393912));
#3859 = CARTESIAN_POINT('',(5.333366040861,-0.112757512155));
#3860 = CARTESIAN_POINT('',(5.381911142484,-0.108278137907));
#3861 = CARTESIAN_POINT('',(5.430284537006,-0.101962015546));
#3862 = CARTESIAN_POINT('',(5.478430870802,-9.37631699149E-02));
#3863 = CARTESIAN_POINT('',(5.526296359195,-8.362107766205E-02));
#3864 = CARTESIAN_POINT('',(5.573829135141,-7.145946431616E-02));
#3865 = CARTESIAN_POINT('',(5.620979531014,-5.718508060831E-02));
#3866 = CARTESIAN_POINT('',(5.667700455449,-4.068493295907E-02));
#3867 = CARTESIAN_POINT('',(5.713947242479,-2.182738667149E-02));
#3868 = CARTESIAN_POINT('',(5.744435270029,-7.573503715521E-03));
#3869 = CARTESIAN_POINT('',(5.75958653158,-4.206635040305E-13));
#3870 = ( GEOMETRIC_REPRESENTATION_CONTEXT(2) 
PARAMETRIC_REPRESENTATION_CONTEXT() REPRESENTATION_CONTEXT('2D SPACE',''
  ) );
#3871 = PCURVE('',#3420,#3872);
#3872 = DEFINITIONAL_REPRESENTATION('',(#3873),#3877);
#3873 = ( BOUNDED_CURVE() B_SPLINE_CURVE(2,(#3874,#3875,#3876),
.UNSPECIFIED.,.F.,.F.) B_SPLINE_CURVE_WITH_KNOTS((3,3),(-0.287808339382,
-0.120361405183),.PIECEWISE_BEZIER_KNOTS.) CURVE() 
GEOMETRIC_REPRESENTATION_ITEM() RATIONAL_B_SPLINE_CURVE((1.618802153517,
1.869231718195,1.618802153517)) REPRESENTATION_ITEM('') );
#3874 = CARTESIAN_POINT('',(8.44213587925E-13,0.9375));
#3875 = CARTESIAN_POINT('',(0.433012701892,0.720993649054));
#3876 = CARTESIAN_POINT('',(0.866025403784,0.9375));
#3877 = ( GEOMETRIC_REPRESENTATION_CONTEXT(2) 
PARAMETRIC_REPRESENTATION_CONTEXT() REPRESENTATION_CONTEXT('2D SPACE',''
  ) );
#3878 = ORIENTED_EDGE('',*,*,#3560,.F.);
#3879 = ADVANCED_FACE('',(#3880),#3547,.F.);
#3880 = FACE_BOUND('',#3881,.F.);
#3881 = EDGE_LOOP('',(#3882,#3925));
#3882 = ORIENTED_EDGE('',*,*,#3883,.T.);
#3883 = EDGE_CURVE('',#2314,#3494,#3884,.T.);
#3884 = SURFACE_CURVE('',#3885,(#3889,#3918),.PCURVE_S1.);
#3885 = ( BOUNDED_CURVE() B_SPLINE_CURVE(2,(#3886,#3887,#3888),
.UNSPECIFIED.,.F.,.F.) B_SPLINE_CURVE_WITH_KNOTS((3,3),(-0.287808339382,
-0.120361405183),.PIECEWISE_BEZIER_KNOTS.) CURVE() 
GEOMETRIC_REPRESENTATION_ITEM() RATIONAL_B_SPLINE_CURVE((1.618802153517,
1.869231718195,1.618802153517)) REPRESENTATION_ITEM('') );
#3886 = CARTESIAN_POINT('',(0.749999999999,0.433012701893,1.253062100398
    ));
#3887 = CARTESIAN_POINT('',(0.375,0.649519052838,1.036555749453));
#3888 = CARTESIAN_POINT('',(7.295516254898E-13,0.866025403784,
    1.253062100398));
#3889 = PCURVE('',#3547,#3890);
#3890 = DEFINITIONAL_REPRESENTATION('',(#3891),#3917);
#3891 = B_SPLINE_CURVE_WITH_KNOTS('',3,(#3892,#3893,#3894,#3895,#3896,
    #3897,#3898,#3899,#3900,#3901,#3902,#3903,#3904,#3905,#3906,#3907,
    #3908,#3909,#3910,#3911,#3912,#3913,#3914,#3915,#3916),
  .UNSPECIFIED.,.F.,.F.,(4,1,1,1,1,1,1,1,1,1,1,1,1,1,1,1,1,1,1,1,1,1,4),
  (-0.287808339382,-0.280197115101,-0.272585890819,-0.264974666537,
    -0.257363442255,-0.249752217973,-0.242140993692,-0.23452976941,
    -0.226918545128,-0.219307320846,-0.211696096564,-0.204084872283,
    -0.196473648001,-0.188862423719,-0.181251199437,-0.173639975155,
    -0.166028750874,-0.158417526592,-0.15080630231,-0.143195078028,
    -0.135583853746,-0.127972629465,-0.120361405183),
  .QUASI_UNIFORM_KNOTS.);
#3892 = CARTESIAN_POINT('',(0.523598775599,-4.209965709379E-13));
#3893 = CARTESIAN_POINT('',(0.538750037151,-7.573503715521E-03));
#3894 = CARTESIAN_POINT('',(0.569238064701,-2.182738667149E-02));
#3895 = CARTESIAN_POINT('',(0.61548485173,-4.068493295907E-02));
#3896 = CARTESIAN_POINT('',(0.662205776165,-5.718508060831E-02));
#3897 = CARTESIAN_POINT('',(0.709356172038,-7.145946431616E-02));
#3898 = CARTESIAN_POINT('',(0.756888947984,-8.362107766204E-02));
#3899 = CARTESIAN_POINT('',(0.804754436377,-9.376316991489E-02));
#3900 = CARTESIAN_POINT('',(0.852900770174,-0.101962015546));
#3901 = CARTESIAN_POINT('',(0.901274164696,-0.108278137907));
#3902 = CARTESIAN_POINT('',(0.949819266318,-0.112757512155));
#3903 = CARTESIAN_POINT('',(0.9984795185,-0.115432393912));
#3904 = CARTESIAN_POINT('',(1.047197551197,-0.116321908721));
#3905 = CARTESIAN_POINT('',(1.095915583893,-0.115432393912));
#3906 = CARTESIAN_POINT('',(1.144575836075,-0.112757512155));
#3907 = CARTESIAN_POINT('',(1.193120937697,-0.108278137907));
#3908 = CARTESIAN_POINT('',(1.24149433222,-0.101962015546));
#3909 = CARTESIAN_POINT('',(1.289640666016,-9.376316991489E-02));
#3910 = CARTESIAN_POINT('',(1.337506154409,-8.362107766204E-02));
#3911 = CARTESIAN_POINT('',(1.385038930355,-7.145946431616E-02));
#3912 = CARTESIAN_POINT('',(1.432189326228,-5.718508060831E-02));
#3913 = CARTESIAN_POINT('',(1.478910250663,-4.068493295907E-02));
#3914 = CARTESIAN_POINT('',(1.525157037693,-2.182738667149E-02));
#3915 = CARTESIAN_POINT('',(1.555645065242,-7.573503715521E-03));
#3916 = CARTESIAN_POINT('',(1.570796326794,-4.203859482743E-13));
#3917 = ( GEOMETRIC_REPRESENTATION_CONTEXT(2) 
PARAMETRIC_REPRESENTATION_CONTEXT() REPRESENTATION_CONTEXT('2D SPACE',''
  ) );
#3918 = PCURVE('',#3208,#3919);
#3919 = DEFINITIONAL_REPRESENTATION('',(#3920),#3924);
#3920 = ( BOUNDED_CURVE() B_SPLINE_CURVE(2,(#3921,#3922,#3923),
.UNSPECIFIED.,.F.,.F.) B_SPLINE_CURVE_WITH_KNOTS((3,3),(-0.287808339382,
-0.120361405183),.PIECEWISE_BEZIER_KNOTS.) CURVE() 
GEOMETRIC_REPRESENTATION_ITEM() RATIONAL_B_SPLINE_CURVE((1.618802153517,
1.869231718195,1.618802153517)) REPRESENTATION_ITEM('') );
#3921 = CARTESIAN_POINT('',(8.4399154332E-13,0.9375));
#3922 = CARTESIAN_POINT('',(0.433012701892,0.720993649054));
#3923 = CARTESIAN_POINT('',(0.866025403784,0.9375));
#3924 = ( GEOMETRIC_REPRESENTATION_CONTEXT(2) 
PARAMETRIC_REPRESENTATION_CONTEXT() REPRESENTATION_CONTEXT('2D SPACE',''
  ) );
#3925 = ORIENTED_EDGE('',*,*,#3528,.F.);
#3926 = ADVANCED_FACE('',(#3927),#2239,.T.);
#3927 = FACE_BOUND('',#3928,.T.);
#3928 = EDGE_LOOP('',(#3929,#3930,#3953));
#3929 = ORIENTED_EDGE('',*,*,#2222,.F.);
#3930 = ORIENTED_EDGE('',*,*,#3931,.T.);
#3931 = EDGE_CURVE('',#2223,#3932,#3934,.T.);
#3932 = VERTEX_POINT('',#3933);
#3933 = CARTESIAN_POINT('',(0.75,-0.433012701892,0.315562100399));
#3934 = SURFACE_CURVE('',#3935,(#3939,#3946),.PCURVE_S1.);
#3935 = LINE('',#3936,#3937);
#3936 = CARTESIAN_POINT('',(-2.077312508493E-16,-0.866025403784,
    0.315562100399));
#3937 = VECTOR('',#3938,1.);
#3938 = DIRECTION('',(0.866025403784,0.5,0.));
#3939 = PCURVE('',#2239,#3940);
#3940 = DEFINITIONAL_REPRESENTATION('',(#3941),#3945);
#3941 = LINE('',#3942,#3943);
#3942 = CARTESIAN_POINT('',(-7.222408182298E-17,-1.732050807569));
#3943 = VECTOR('',#3944,1.);
#3944 = DIRECTION('',(0.866025403784,0.5));
#3945 = ( GEOMETRIC_REPRESENTATION_CONTEXT(2) 
PARAMETRIC_REPRESENTATION_CONTEXT() REPRESENTATION_CONTEXT('2D SPACE',''
  ) );
#3946 = PCURVE('',#3420,#3947);
#3947 = DEFINITIONAL_REPRESENTATION('',(#3948),#3952);
#3948 = LINE('',#3949,#3950);
#3949 = CARTESIAN_POINT('',(0.,0.));
#3950 = VECTOR('',#3951,1.);
#3951 = DIRECTION('',(1.,0.));
#3952 = ( GEOMETRIC_REPRESENTATION_CONTEXT(2) 
PARAMETRIC_REPRESENTATION_CONTEXT() REPRESENTATION_CONTEXT('2D SPACE',''
  ) );
#3953 = ORIENTED_EDGE('',*,*,#3954,.T.);
#3954 = EDGE_CURVE('',#3932,#2194,#3955,.T.);
#3955 = SURFACE_CURVE('',#3956,(#3960,#3967),.PCURVE_S1.);
#3956 = LINE('',#3957,#3958);
#3957 = CARTESIAN_POINT('',(0.75,-0.433012701892,0.315562100399));
#3958 = VECTOR('',#3959,1.);
#3959 = DIRECTION('',(0.,1.,0.));
#3960 = PCURVE('',#2239,#3961);
#3961 = DEFINITIONAL_REPRESENTATION('',(#3962),#3966);
#3962 = LINE('',#3963,#3964);
#3963 = CARTESIAN_POINT('',(0.75,-1.299038105677));
#3964 = VECTOR('',#3965,1.);
#3965 = DIRECTION('',(0.,1.));
#3966 = ( GEOMETRIC_REPRESENTATION_CONTEXT(2) 
PARAMETRIC_REPRESENTATION_CONTEXT() REPRESENTATION_CONTEXT('2D SPACE',''
  ) );
#3967 = PCURVE('',#2382,#3968);
#3968 = DEFINITIONAL_REPRESENTATION('',(#3969),#3973);
#3969 = LINE('',#3970,#3971);
#3970 = CARTESIAN_POINT('',(0.,0.));
#3971 = VECTOR('',#3972,1.);
#3972 = DIRECTION('',(0.,1.));
#3973 = ( GEOMETRIC_REPRESENTATION_CONTEXT(2) 
PARAMETRIC_REPRESENTATION_CONTEXT() REPRESENTATION_CONTEXT('2D SPACE',''
  ) );
#3974 = ADVANCED_FACE('',(#3975),#3261,.F.);
#3975 = FACE_BOUND('',#3976,.T.);
#3976 = EDGE_LOOP('',(#3977,#3998,#3999,#4020,#4021));
#3977 = ORIENTED_EDGE('',*,*,#3978,.T.);
#3978 = EDGE_CURVE('',#3225,#3494,#3979,.T.);
#3979 = SURFACE_CURVE('',#3980,(#3984,#3991),.PCURVE_S1.);
#3980 = LINE('',#3981,#3982);
#3981 = CARTESIAN_POINT('',(-2.167680243596E-16,0.866025403784,
    0.315562100399));
#3982 = VECTOR('',#3983,1.);
#3983 = DIRECTION('',(0.,0.,1.));
#3984 = PCURVE('',#3261,#3985);
#3985 = DEFINITIONAL_REPRESENTATION('',(#3986),#3990);
#3986 = LINE('',#3987,#3988);
#3987 = CARTESIAN_POINT('',(0.,0.));
#3988 = VECTOR('',#3989,1.);
#3989 = DIRECTION('',(0.,1.));
#3990 = ( GEOMETRIC_REPRESENTATION_CONTEXT(2) 
PARAMETRIC_REPRESENTATION_CONTEXT() REPRESENTATION_CONTEXT('2D SPACE',''
  ) );
#3991 = PCURVE('',#3208,#3992);
#3992 = DEFINITIONAL_REPRESENTATION('',(#3993),#3997);
#3993 = LINE('',#3994,#3995);
#3994 = CARTESIAN_POINT('',(0.866025403784,0.));
#3995 = VECTOR('',#3996,1.);
#3996 = DIRECTION('',(0.,1.));
#3997 = ( GEOMETRIC_REPRESENTATION_CONTEXT(2) 
PARAMETRIC_REPRESENTATION_CONTEXT() REPRESENTATION_CONTEXT('2D SPACE',''
  ) );
#3998 = ORIENTED_EDGE('',*,*,#3695,.T.);
#3999 = ORIENTED_EDGE('',*,*,#4000,.F.);
#4000 = EDGE_CURVE('',#3278,#3496,#4001,.T.);
#4001 = SURFACE_CURVE('',#4002,(#4006,#4013),.PCURVE_S1.);
#4002 = LINE('',#4003,#4004);
#4003 = CARTESIAN_POINT('',(-0.75,0.433012701892,0.315562100399));
#4004 = VECTOR('',#4005,1.);
#4005 = DIRECTION('',(0.,0.,1.));
#4006 = PCURVE('',#3261,#4007);
#4007 = DEFINITIONAL_REPRESENTATION('',(#4008),#4012);
#4008 = LINE('',#4009,#4010);
#4009 = CARTESIAN_POINT('',(0.866025403784,0.));
#4010 = VECTOR('',#4011,1.);
#4011 = DIRECTION('',(0.,1.));
#4012 = ( GEOMETRIC_REPRESENTATION_CONTEXT(2) 
PARAMETRIC_REPRESENTATION_CONTEXT() REPRESENTATION_CONTEXT('2D SPACE',''
  ) );
#4013 = PCURVE('',#3314,#4014);
#4014 = DEFINITIONAL_REPRESENTATION('',(#4015),#4019);
#4015 = LINE('',#4016,#4017);
#4016 = CARTESIAN_POINT('',(0.,0.));
#4017 = VECTOR('',#4018,1.);
#4018 = DIRECTION('',(1.,0.));
#4019 = ( GEOMETRIC_REPRESENTATION_CONTEXT(2) 
PARAMETRIC_REPRESENTATION_CONTEXT() REPRESENTATION_CONTEXT('2D SPACE',''
  ) );
#4020 = ORIENTED_EDGE('',*,*,#3277,.F.);
#4021 = ORIENTED_EDGE('',*,*,#3247,.F.);
#4022 = ADVANCED_FACE('',(#4023),#3314,.F.);
#4023 = FACE_BOUND('',#4024,.T.);
#4024 = EDGE_LOOP('',(#4025,#4026,#4027,#4048,#4049));
#4025 = ORIENTED_EDGE('',*,*,#4000,.T.);
#4026 = ORIENTED_EDGE('',*,*,#3742,.T.);
#4027 = ORIENTED_EDGE('',*,*,#4028,.F.);
#4028 = EDGE_CURVE('',#3331,#3594,#4029,.T.);
#4029 = SURFACE_CURVE('',#4030,(#4034,#4041),.PCURVE_S1.);
#4030 = LINE('',#4031,#4032);
#4031 = CARTESIAN_POINT('',(-0.75,-0.433012701892,0.315562100399));
#4032 = VECTOR('',#4033,1.);
#4033 = DIRECTION('',(0.,0.,1.));
#4034 = PCURVE('',#3314,#4035);
#4035 = DEFINITIONAL_REPRESENTATION('',(#4036),#4040);
#4036 = LINE('',#4037,#4038);
#4037 = CARTESIAN_POINT('',(0.,-0.866025403784));
#4038 = VECTOR('',#4039,1.);
#4039 = DIRECTION('',(1.,0.));
#4040 = ( GEOMETRIC_REPRESENTATION_CONTEXT(2) 
PARAMETRIC_REPRESENTATION_CONTEXT() REPRESENTATION_CONTEXT('2D SPACE',''
  ) );
#4041 = PCURVE('',#3367,#4042);
#4042 = DEFINITIONAL_REPRESENTATION('',(#4043),#4047);
#4043 = LINE('',#4044,#4045);
#4044 = CARTESIAN_POINT('',(0.,0.));
#4045 = VECTOR('',#4046,1.);
#4046 = DIRECTION('',(0.,1.));
#4047 = ( GEOMETRIC_REPRESENTATION_CONTEXT(2) 
PARAMETRIC_REPRESENTATION_CONTEXT() REPRESENTATION_CONTEXT('2D SPACE',''
  ) );
#4048 = ORIENTED_EDGE('',*,*,#3330,.F.);
#4049 = ORIENTED_EDGE('',*,*,#3300,.F.);
#4050 = ADVANCED_FACE('',(#4051),#3367,.F.);
#4051 = FACE_BOUND('',#4052,.T.);
#4052 = EDGE_LOOP('',(#4053,#4054,#4055,#4076,#4077));
#4053 = ORIENTED_EDGE('',*,*,#4028,.T.);
#4054 = ORIENTED_EDGE('',*,*,#3789,.T.);
#4055 = ORIENTED_EDGE('',*,*,#4056,.F.);
#4056 = EDGE_CURVE('',#3384,#3561,#4057,.T.);
#4057 = SURFACE_CURVE('',#4058,(#4062,#4069),.PCURVE_S1.);
#4058 = LINE('',#4059,#4060);
#4059 = CARTESIAN_POINT('',(-2.077312508493E-16,-0.866025403784,
    0.315562100399));
#4060 = VECTOR('',#4061,1.);
#4061 = DIRECTION('',(0.,0.,1.));
#4062 = PCURVE('',#3367,#4063);
#4063 = DEFINITIONAL_REPRESENTATION('',(#4064),#4068);
#4064 = LINE('',#4065,#4066);
#4065 = CARTESIAN_POINT('',(0.866025403784,0.));
#4066 = VECTOR('',#4067,1.);
#4067 = DIRECTION('',(0.,1.));
#4068 = ( GEOMETRIC_REPRESENTATION_CONTEXT(2) 
PARAMETRIC_REPRESENTATION_CONTEXT() REPRESENTATION_CONTEXT('2D SPACE',''
  ) );
#4069 = PCURVE('',#3420,#4070);
#4070 = DEFINITIONAL_REPRESENTATION('',(#4071),#4075);
#4071 = LINE('',#4072,#4073);
#4072 = CARTESIAN_POINT('',(0.,0.));
#4073 = VECTOR('',#4074,1.);
#4074 = DIRECTION('',(0.,1.));
#4075 = ( GEOMETRIC_REPRESENTATION_CONTEXT(2) 
PARAMETRIC_REPRESENTATION_CONTEXT() REPRESENTATION_CONTEXT('2D SPACE',''
  ) );
#4076 = ORIENTED_EDGE('',*,*,#3383,.F.);
#4077 = ORIENTED_EDGE('',*,*,#3353,.F.);
#4078 = ADVANCED_FACE('',(#4079),#3420,.F.);
#4079 = FACE_BOUND('',#4080,.T.);
#4080 = EDGE_LOOP('',(#4081,#4082,#4083,#4104,#4105));
#4081 = ORIENTED_EDGE('',*,*,#4056,.T.);
#4082 = ORIENTED_EDGE('',*,*,#3836,.T.);
#4083 = ORIENTED_EDGE('',*,*,#4084,.F.);
#4084 = EDGE_CURVE('',#3932,#2312,#4085,.T.);
#4085 = SURFACE_CURVE('',#4086,(#4090,#4097),.PCURVE_S1.);
#4086 = LINE('',#4087,#4088);
#4087 = CARTESIAN_POINT('',(0.75,-0.433012701892,0.315562100399));
#4088 = VECTOR('',#4089,1.);
#4089 = DIRECTION('',(0.,0.,1.));
#4090 = PCURVE('',#3420,#4091);
#4091 = DEFINITIONAL_REPRESENTATION('',(#4092),#4096);
#4092 = LINE('',#4093,#4094);
#4093 = CARTESIAN_POINT('',(0.866025403784,0.));
#4094 = VECTOR('',#4095,1.);
#4095 = DIRECTION('',(0.,1.));
#4096 = ( GEOMETRIC_REPRESENTATION_CONTEXT(2) 
PARAMETRIC_REPRESENTATION_CONTEXT() REPRESENTATION_CONTEXT('2D SPACE',''
  ) );
#4097 = PCURVE('',#2382,#4098);
#4098 = DEFINITIONAL_REPRESENTATION('',(#4099),#4103);
#4099 = LINE('',#4100,#4101);
#4100 = CARTESIAN_POINT('',(0.,0.));
#4101 = VECTOR('',#4102,1.);
#4102 = DIRECTION('',(-1.,0.));
#4103 = ( GEOMETRIC_REPRESENTATION_CONTEXT(2) 
PARAMETRIC_REPRESENTATION_CONTEXT() REPRESENTATION_CONTEXT('2D SPACE',''
  ) );
#4104 = ORIENTED_EDGE('',*,*,#3931,.F.);
#4105 = ORIENTED_EDGE('',*,*,#3406,.F.);
#4106 = ADVANCED_FACE('',(#4107),#2382,.F.);
#4107 = FACE_BOUND('',#4108,.T.);
#4108 = EDGE_LOOP('',(#4109,#4110,#4111,#4132,#4133));
#4109 = ORIENTED_EDGE('',*,*,#4084,.T.);
#4110 = ORIENTED_EDGE('',*,*,#2346,.F.);
#4111 = ORIENTED_EDGE('',*,*,#4112,.F.);
#4112 = EDGE_CURVE('',#3172,#2314,#4113,.T.);
#4113 = SURFACE_CURVE('',#4114,(#4118,#4125),.PCURVE_S1.);
#4114 = LINE('',#4115,#4116);
#4115 = CARTESIAN_POINT('',(0.75,0.433012701892,0.315562100399));
#4116 = VECTOR('',#4117,1.);
#4117 = DIRECTION('',(0.,0.,1.));
#4118 = PCURVE('',#2382,#4119);
#4119 = DEFINITIONAL_REPRESENTATION('',(#4120),#4124);
#4120 = LINE('',#4121,#4122);
#4121 = CARTESIAN_POINT('',(0.,0.866025403784));
#4122 = VECTOR('',#4123,1.);
#4123 = DIRECTION('',(-1.,0.));
#4124 = ( GEOMETRIC_REPRESENTATION_CONTEXT(2) 
PARAMETRIC_REPRESENTATION_CONTEXT() REPRESENTATION_CONTEXT('2D SPACE',''
  ) );
#4125 = PCURVE('',#3208,#4126);
#4126 = DEFINITIONAL_REPRESENTATION('',(#4127),#4131);
#4127 = LINE('',#4128,#4129);
#4128 = CARTESIAN_POINT('',(0.,0.));
#4129 = VECTOR('',#4130,1.);
#4130 = DIRECTION('',(0.,1.));
#4131 = ( GEOMETRIC_REPRESENTATION_CONTEXT(2) 
PARAMETRIC_REPRESENTATION_CONTEXT() REPRESENTATION_CONTEXT('2D SPACE',''
  ) );
#4132 = ORIENTED_EDGE('',*,*,#3171,.F.);
#4133 = ORIENTED_EDGE('',*,*,#3954,.F.);
#4134 = ADVANCED_FACE('',(#4135),#3208,.F.);
#4135 = FACE_BOUND('',#4136,.T.);
#4136 = EDGE_LOOP('',(#4137,#4138,#4139,#4140,#4141));
#4137 = ORIENTED_EDGE('',*,*,#4112,.T.);
#4138 = ORIENTED_EDGE('',*,*,#3883,.T.);
#4139 = ORIENTED_EDGE('',*,*,#3978,.F.);
#4140 = ORIENTED_EDGE('',*,*,#3224,.F.);
#4141 = ORIENTED_EDGE('',*,*,#3194,.F.);
#4142 = ( GEOMETRIC_REPRESENTATION_CONTEXT(3) 
GLOBAL_UNCERTAINTY_ASSIGNED_CONTEXT((#4146)) 
GLOBAL_UNIT_ASSIGNED_CONTEXT((#4143,#4144,#4145)) REPRESENTATION_CONTEXT
('Context #1','3D Context with UNIT and UNCERTAINTY') );
#4143 = ( LENGTH_UNIT() NAMED_UNIT(*) SI_UNIT(.MILLI.,.METRE.) );
#4144 = ( NAMED_UNIT(*) PLANE_ANGLE_UNIT() SI_UNIT($,.RADIAN.) );
#4145 = ( NAMED_UNIT(*) SI_UNIT($,.STERADIAN.) SOLID_ANGLE_UNIT() );
#4146 = UNCERTAINTY_MEASURE_WITH_UNIT(LENGTH_MEASURE(2.E-03),#4143,
  'distance_accuracy_value','confusion accuracy');
#4147 = CONTEXT_DEPENDENT_SHAPE_REPRESENTATION(#4148,#4150);
#4148 = ( REPRESENTATION_RELATIONSHIP('','',#36,#10) 
REPRESENTATION_RELATIONSHIP_WITH_TRANSFORMATION(#4149) 
SHAPE_REPRESENTATION_RELATIONSHIP() );
#4149 = ITEM_DEFINED_TRANSFORMATION('','',#11,#15);
#4150 = PRODUCT_DEFINITION_SHAPE('Placement','Placement of an item',
  #4151);
#4151 = NEXT_ASSEMBLY_USAGE_OCCURRENCE('111','','',#5,#31,$);
#4152 = PRODUCT_RELATED_PRODUCT_CATEGORY('part',$,(#33));
#4153 = SHAPE_DEFINITION_REPRESENTATION(#4154,#4160);
#4154 = PRODUCT_DEFINITION_SHAPE('','',#4155);
#4155 = PRODUCT_DEFINITION('design','',#4156,#4159);
#4156 = PRODUCT_DEFINITION_FORMATION('','',#4157);
#4157 = PRODUCT('Open CASCADE STEP translator 7.9 35.2',
  'Open CASCADE STEP translator 7.9 35.2','',(#4158));
#4158 = PRODUCT_CONTEXT('',#2,'mechanical');
#4159 = PRODUCT_DEFINITION_CONTEXT('part definition',#2,'design');
#4160 = ADVANCED_BREP_SHAPE_REPRESENTATION('',(#11,#4161),#10615);
#4161 = MANIFOLD_SOLID_BREP('',#4162);
#4162 = CLOSED_SHELL('',(#4163,#8404,#9781,#9834,#9887,#9940,#9970,
    #10000,#10028,#10055,#10083,#10113,#10143,#10171,#10178,#10185,
    #10192,#10198,#10251,#10304,#10357,#10387,#10417,#10445,#10472,
    #10500,#10530,#10560,#10588,#10595,#10602,#10609));
#4163 = ADVANCED_FACE('',(#4164),#4182,.F.);
#4164 = FACE_BOUND('',#4165,.F.);
#4165 = EDGE_LOOP('',(#4166,#4207,#4458,#4488,#4687,#4714,#4936,#4969,
    #5194,#5221,#5420,#5450,#5698,#5728,#5971,#6001,#6244,#6274,#6522,
    #6552,#6751,#6778,#7003,#7036,#7258,#7285,#7484,#7514,#7765,#7795,
    #8090,#8111));
#4166 = ORIENTED_EDGE('',*,*,#4167,.F.);
#4167 = EDGE_CURVE('',#4168,#4170,#4172,.T.);
#4168 = VERTEX_POINT('',#4169);
#4169 = CARTESIAN_POINT('',(1.398513825711,0.603786735231,
    -0.775894192089));
#4170 = VERTEX_POINT('',#4171);
#4171 = CARTESIAN_POINT('',(1.42706516153,0.53416736605,-0.842261934821)
  );
#4172 = SURFACE_CURVE('',#4173,(#4181,#4196),.PCURVE_S1.);
#4173 = B_SPLINE_CURVE_WITH_KNOTS('',3,(#4174,#4175,#4176,#4177,#4178,
    #4179,#4180),.UNSPECIFIED.,.F.,.F.,(4,3,4),(-1.003856492581E-02,
    -5.019824304451E-03,-9.999999910527E-07),.UNSPECIFIED.);
#4174 = CARTESIAN_POINT('',(1.398513825711,0.603786735231,
    -0.775894192089));
#4175 = CARTESIAN_POINT('',(1.403345814894,0.592797969266,
    -0.787545991764));
#4176 = CARTESIAN_POINT('',(1.408157279671,0.581497804353,
    -0.798914327694));
#4177 = CARTESIAN_POINT('',(1.412923695409,0.569892967739,
    -0.809981121595));
#4178 = CARTESIAN_POINT('',(1.417690190622,0.558287937625,
    -0.821048100025));
#4179 = CARTESIAN_POINT('',(1.422412111868,0.546377055465,
    -0.831814641978));
#4180 = CARTESIAN_POINT('',(1.42706516153,0.53416736605,-0.842261934821)
  );
#4181 = PCURVE('',#4182,#4191);
#4182 = ( BOUNDED_SURFACE() B_SPLINE_SURFACE(3,1,(
    (#4183,#4184)
    ,(#4185,#4186)
    ,(#4187,#4188)
    ,(#4189,#4190
)),.UNSPECIFIED.,.F.,.F.,.F.) B_SPLINE_SURFACE_WITH_KNOTS((4,4),(2,2),(
    0.,1.),(0.,9.596017383279E-02),.PIECEWISE_BEZIER_KNOTS.) 
GEOMETRIC_REPRESENTATION_ITEM() RATIONAL_B_SPLINE_SURFACE((
    (1.,1.)
    ,(0.333333333333,0.333333333333)
    ,(0.333333333333,0.333333333333)
,(1.,1.))) REPRESENTATION_ITEM('') SURFACE() );
#4183 = CARTESIAN_POINT('',(1.453047801869,-7.864293620627E-15,
    -1.043885259044));
#4184 = CARTESIAN_POINT('',(0.493446063541,-7.864293620627E-15,
    -1.043885259044));
#4185 = CARTESIAN_POINT('',(1.453047801869,1.74,-1.043885259044));
#4186 = CARTESIAN_POINT('',(0.493446063541,1.74,-1.043885259044));
#4187 = CARTESIAN_POINT('',(1.453047801869,1.74,0.870114740956));
#4188 = CARTESIAN_POINT('',(0.493446063541,1.74,0.870114740956));
#4189 = CARTESIAN_POINT('',(1.453047801869,7.839999825391E-14,
    0.870114740956));
#4190 = CARTESIAN_POINT('',(0.493446063541,7.839999825391E-14,
    0.870114740956));
#4191 = DEFINITIONAL_REPRESENTATION('',(#4192),#4195);
#4192 = B_SPLINE_CURVE_WITH_KNOTS('',1,(#4193,#4194),.UNSPECIFIED.,.F.,
  .F.,(2,2),(-1.003856492581E-02,-9.999999910527E-07),
  .PIECEWISE_BEZIER_KNOTS.);
#4193 = CARTESIAN_POINT('',(0.2874957949,5.453397615722E-03));
#4194 = CARTESIAN_POINT('',(0.255475705571,2.598264033833E-03));
#4195 = ( GEOMETRIC_REPRESENTATION_CONTEXT(2) 
PARAMETRIC_REPRESENTATION_CONTEXT() REPRESENTATION_CONTEXT('2D SPACE',''
  ) );
#4196 = PCURVE('',#4197,#4202);
#4197 = CYLINDRICAL_SURFACE('',#4198,1.5);
#4198 = AXIS2_PLACEMENT_3D('',#4199,#4200,#4201);
#4199 = CARTESIAN_POINT('',(2.54E-02,-2.213789102784E-17,-1.253062100399
    ));
#4200 = DIRECTION('',(0.,-7.949183622941E-17,1.));
#4201 = DIRECTION('',(0.,-1.,-7.949183622941E-17));
#4202 = DEFINITIONAL_REPRESENTATION('',(#4203),#4206);
#4203 = B_SPLINE_CURVE_WITH_KNOTS('',1,(#4204,#4205),.UNSPECIFIED.,.F.,
  .F.,(2,2),(-1.003856492581E-02,-9.999999910527E-07),
  .PIECEWISE_BEZIER_KNOTS.);
#4204 = CARTESIAN_POINT('',(1.985069278536,0.47716790831));
#4205 = CARTESIAN_POINT('',(1.934899685718,0.410800165578));
#4206 = ( GEOMETRIC_REPRESENTATION_CONTEXT(2) 
PARAMETRIC_REPRESENTATION_CONTEXT() REPRESENTATION_CONTEXT('2D SPACE',''
  ) );
#4207 = ORIENTED_EDGE('',*,*,#4208,.T.);
#4208 = EDGE_CURVE('',#4168,#4209,#4211,.T.);
#4209 = VERTEX_POINT('',#4210);
#4210 = CARTESIAN_POINT('',(0.928222100772,0.752397783822,-0.56736945819
    ));
#4211 = SURFACE_CURVE('',#4212,(#4229,#4258),.PCURVE_S1.);
#4212 = B_SPLINE_CURVE_WITH_KNOTS('',3,(#4213,#4214,#4215,#4216,#4217,
    #4218,#4219,#4220,#4221,#4222,#4223,#4224,#4225,#4226,#4227,#4228),
  .UNSPECIFIED.,.F.,.F.,(4,3,3,3,3,4),(0.,1.160277578829E-02,
    2.351023602795E-02,2.660817715691E-02,4.228821974913E-02,
    5.320804344707E-02),.UNSPECIFIED.);
#4213 = CARTESIAN_POINT('',(1.398513825711,0.603786735231,
    -0.775894192089));
#4214 = CARTESIAN_POINT('',(1.365968927397,0.61812380428,-0.760692061382
    ));
#4215 = CARTESIAN_POINT('',(1.33301465356,0.631538513123,-0.745426561837
    ));
#4216 = CARTESIAN_POINT('',(1.299671750784,0.644137992188,
    -0.730160751267));
#4217 = CARTESIAN_POINT('',(1.265453276142,0.657068328751,
    -0.714494066354));
#4218 = CARTESIAN_POINT('',(1.23082549408,0.669140820555,-0.698827019165
    ));
#4219 = CARTESIAN_POINT('',(1.195810828866,0.68047716614,-0.683173360466
    ));
#4220 = CARTESIAN_POINT('',(1.186701130467,0.683426521463,
    -0.679100778058));
#4221 = CARTESIAN_POINT('',(1.17756524494,0.686326045991,-0.675028825629
    ));
#4222 = CARTESIAN_POINT('',(1.168403567181,0.689177852217,
    -0.670957176274));
#4223 = CARTESIAN_POINT('',(1.122032286543,0.703612097811,
    -0.650348768096));
#4224 = CARTESIAN_POINT('',(1.075000304367,0.716824976556,
    -0.629742907352));
#4225 = CARTESIAN_POINT('',(1.027618468089,0.728876008413,
    -0.609402354339));
#4226 = CARTESIAN_POINT('',(0.99462102592,0.737268533018,-0.595236879245
    ));
#4227 = CARTESIAN_POINT('',(0.96145390645,0.745098647339,-0.581199556015
    ));
#4228 = CARTESIAN_POINT('',(0.928222100772,0.752397783822,-0.56736945819
    ));
#4229 = PCURVE('',#4182,#4230);
#4230 = DEFINITIONAL_REPRESENTATION('',(#4231),#4257);
#4231 = B_SPLINE_CURVE_WITH_KNOTS('',3,(#4232,#4233,#4234,#4235,#4236,
    #4237,#4238,#4239,#4240,#4241,#4242,#4243,#4244,#4245,#4246,#4247,
    #4248,#4249,#4250,#4251,#4252,#4253,#4254,#4255,#4256),
  .UNSPECIFIED.,.F.,.F.,(4,1,1,1,1,1,1,1,1,1,1,1,1,1,1,1,1,1,1,1,1,1,4),
  (0.,2.418547429412E-03,4.837094858825E-03,7.255642288237E-03,
    9.674189717649E-03,1.209273714706E-02,1.451128457647E-02,
    1.692983200589E-02,1.93483794353E-02,2.176692686471E-02,
    2.418547429412E-02,2.660402172354E-02,2.902256915295E-02,
    3.144111658236E-02,3.385966401177E-02,3.627821144118E-02,
    3.86967588706E-02,4.111530630001E-02,4.353385372942E-02,
    4.595240115883E-02,4.837094858825E-02,5.078949601766E-02,
    5.320804344707E-02),.QUASI_UNIFORM_KNOTS.);
#4232 = CARTESIAN_POINT('',(0.2874957949,5.453397615722E-03));
#4233 = CARTESIAN_POINT('',(0.288904016776,6.131781664467E-03));
#4234 = CARTESIAN_POINT('',(0.291693543576,7.492107199499E-03));
#4235 = CARTESIAN_POINT('',(0.295800047893,9.543155075215E-03));
#4236 = CARTESIAN_POINT('',(0.299831793715,1.160464978464E-02));
#4237 = CARTESIAN_POINT('',(0.303791589954,1.367647858833E-02));
#4238 = CARTESIAN_POINT('',(0.307682051662,1.575852874681E-02));
#4239 = CARTESIAN_POINT('',(0.31150583277,1.785068752069E-02));
#4240 = CARTESIAN_POINT('',(0.315266075394,1.995284217026E-02));
#4241 = CARTESIAN_POINT('',(0.318965686299,2.206487995702E-02));
#4242 = CARTESIAN_POINT('',(0.322607487412,2.418668813794E-02));
#4243 = CARTESIAN_POINT('',(0.32619407765,2.63181539869E-02));
#4244 = CARTESIAN_POINT('',(0.329728327676,2.845916471468E-02));
#4245 = CARTESIAN_POINT('',(0.333213257736,3.06096077676E-02));
#4246 = CARTESIAN_POINT('',(0.336649240969,3.276879891318E-02));
#4247 = CARTESIAN_POINT('',(0.340036449738,3.493605368526E-02));
#4248 = CARTESIAN_POINT('',(0.343375044356,3.711068768028E-02));
#4249 = CARTESIAN_POINT('',(0.346665121401,3.929201647791E-02));
#4250 = CARTESIAN_POINT('',(0.34990674449,4.147935566232E-02));
#4251 = CARTESIAN_POINT('',(0.353099884815,4.367202081646E-02));
#4252 = CARTESIAN_POINT('',(0.356244743742,4.586932752363E-02));
#4253 = CARTESIAN_POINT('',(0.359341512172,4.807059136703E-02));
#4254 = CARTESIAN_POINT('',(0.362390316704,5.027512792986E-02));
#4255 = CARTESIAN_POINT('',(0.364390921537,5.174654450685E-02));
#4256 = CARTESIAN_POINT('',(0.365383255031,5.248257010966E-02));
#4257 = ( GEOMETRIC_REPRESENTATION_CONTEXT(2) 
PARAMETRIC_REPRESENTATION_CONTEXT() REPRESENTATION_CONTEXT('2D SPACE',''
  ) );
#4258 = PCURVE('',#4259,#4430);
#4259 = ( BOUNDED_SURFACE() B_SPLINE_SURFACE(1,2,(
    (#4260,#4261,#4262,#4263,#4264,#4265,#4266,#4267,#4268,#4269,#4270
      ,#4271,#4272,#4273,#4274,#4275,#4276,#4277,#4278,#4279,#4280,#4281
      ,#4282,#4283,#4284,#4285,#4286,#4287,#4288,#4289,#4290,#4291,#4292
      ,#4293,#4294,#4295,#4296,#4297,#4298,#4299,#4300,#4301,#4302,#4303
      ,#4304,#4305,#4306,#4307,#4308,#4309,#4310,#4311,#4312,#4313,#4314
      ,#4315,#4316,#4317,#4318,#4319,#4320,#4321,#4322,#4323,#4324,#4325
      ,#4326,#4327,#4328,#4329,#4330,#4331,#4332,#4333,#4334,#4335,#4336
      ,#4337,#4338,#4339,#4340,#4341,#4342,#4343,#4344)
    ,(#4345,#4346,#4347,#4348,#4349,#4350,#4351,#4352,#4353,#4354,#4355
      ,#4356,#4357,#4358,#4359,#4360,#4361,#4362,#4363,#4364,#4365,#4366
      ,#4367,#4368,#4369,#4370,#4371,#4372,#4373,#4374,#4375,#4376,#4377
      ,#4378,#4379,#4380,#4381,#4382,#4383,#4384,#4385,#4386,#4387,#4388
      ,#4389,#4390,#4391,#4392,#4393,#4394,#4395,#4396,#4397,#4398,#4399
      ,#4400,#4401,#4402,#4403,#4404,#4405,#4406,#4407,#4408,#4409,#4410
      ,#4411,#4412,#4413,#4414,#4415,#4416,#4417,#4418,#4419,#4420,#4421
      ,#4422,#4423,#4424,#4425,#4426,#4427,#4428,#4429
)),.UNSPECIFIED.,.F.,.F.,.F.) B_SPLINE_SURFACE_WITH_KNOTS((2,2),(3,2,2,2
    ,2,2,2,2,2,2,2,2,2,2,2,2,2,2,2,2,2,2,2,2,2,2,2,2,2,2,2,2,2,2,2,2,2,2
    ,2,2,2,2,3),(0.,1.),(0.,2.380952380952E-02,4.761904761905E-02,
    7.142857142857E-02,9.52380952381E-02,0.119047619048,0.142857142857,
    0.166666666667,0.190476190476,0.214285714286,0.238095238095,
    0.261904761905,0.285714285714,0.309523809524,0.333333333333,
    0.357142857143,0.380952380952,0.404761904762,0.428571428571,
    0.452380952381,0.47619047619,0.5,0.52380952381,0.547619047619,
    0.571428571429,0.595238095238,0.619047619048,0.642857142857,
    0.666666666667,0.690476190476,0.714285714286,0.738095238095,
    0.761904761905,0.785714285714,0.809523809524,0.833333333333,
    0.857142857143,0.880952380952,0.904761904762,0.928571428571,
    0.952380952381,0.97619047619,1.),.UNSPECIFIED.) 
GEOMETRIC_REPRESENTATION_ITEM() RATIONAL_B_SPLINE_SURFACE((
    (1.,0.866025403784,1.,0.866025403784,1.,0.866025403784,1.
      ,0.866025403784,1.,0.866025403784,1.,0.866025403784,1.
      ,0.866025403784,1.,0.866025403784,1.,0.866025403784,1.
      ,0.866025403784,1.,0.866025403784,1.,0.866025403784,1.
      ,0.866025403784,1.,0.866025403784,1.,0.866025403784,1.
      ,0.866025403784,1.,0.866025403784,1.,0.866025403784,1.
      ,0.866025403784,1.,0.866025403784,1.,0.866025403784,1.
      ,0.866025403784,1.,0.866025403784,1.,0.866025403784,1.
      ,0.866025403784,1.,0.866025403784,1.,0.866025403784,1.
      ,0.866025403784,1.,0.866025403784,1.,0.866025403784,1.
      ,0.866025403784,1.,0.866025403784,1.,0.866025403784,1.
      ,0.866025403784,1.,0.866025403784,1.,0.866025403784,1.
      ,0.866025403784,1.,0.866025403784,1.,0.866025403784,1.
      ,0.866025403784,1.,0.866025403784,1.,0.866025403784,1.)
    ,(1.,0.866025403784,1.,0.866025403784,1.,0.866025403784,1.
      ,0.866025403784,1.,0.866025403784,1.,0.866025403784,1.
      ,0.866025403784,1.,0.866025403784,1.,0.866025403784,1.
      ,0.866025403784,1.,0.866025403784,1.,0.866025403784,1.
      ,0.866025403784,1.,0.866025403784,1.,0.866025403784,1.
      ,0.866025403784,1.,0.866025403784,1.,0.866025403784,1.
      ,0.866025403784,1.,0.866025403784,1.,0.866025403784,1.
      ,0.866025403784,1.,0.866025403784,1.,0.866025403784,1.
      ,0.866025403784,1.,0.866025403784,1.,0.866025403784,1.
      ,0.866025403784,1.,0.866025403784,1.,0.866025403784,1.
      ,0.866025403784,1.,0.866025403784,1.,0.866025403784,1.
      ,0.866025403784,1.,0.866025403784,1.,0.866025403784,1.
      ,0.866025403784,1.,0.866025403784,1.,0.866025403784,1.
      ,0.866025403784,1.,0.866025403784,1.,0.866025403784,1.
))) REPRESENTATION_ITEM('') SURFACE() );
#4260 = CARTESIAN_POINT('',(2.54E-02,1.175240473581,-1.996937899601));
#4261 = CARTESIAN_POINT('',(-0.653125403784,1.175240473581,
    -1.955271232935));
#4262 = CARTESIAN_POINT('',(-0.992388105677,0.58762023679,
    -1.913604566268));
#4263 = CARTESIAN_POINT('',(-1.331650807569,1.271280294207E-16,
    -1.871937899601));
#4264 = CARTESIAN_POINT('',(-0.992388105677,-0.58762023679,
    -1.830271232935));
#4265 = CARTESIAN_POINT('',(-0.653125403784,-1.175240473581,
    -1.788604566268));
#4266 = CARTESIAN_POINT('',(2.54E-02,-1.175240473581,-1.746937899601));
#4267 = CARTESIAN_POINT('',(0.703925403784,-1.175240473581,
    -1.705271232935));
#4268 = CARTESIAN_POINT('',(1.043188105677,-0.58762023679,
    -1.663604566268));
#4269 = CARTESIAN_POINT('',(1.382450807569,-2.052535561332E-16,
    -1.621937899601));
#4270 = CARTESIAN_POINT('',(1.043188105677,0.58762023679,-1.580271232935
    ));
#4271 = CARTESIAN_POINT('',(0.703925403784,1.175240473581,
    -1.538604566268));
#4272 = CARTESIAN_POINT('',(2.54E-02,1.175240473581,-1.496937899601));
#4273 = CARTESIAN_POINT('',(-0.653125403784,1.175240473581,
    -1.455271232935));
#4274 = CARTESIAN_POINT('',(-0.992388105677,0.58762023679,
    -1.413604566268));
#4275 = CARTESIAN_POINT('',(-1.331650807569,1.271280294207E-16,
    -1.371937899601));
#4276 = CARTESIAN_POINT('',(-0.992388105677,-0.58762023679,
    -1.330271232935));
#4277 = CARTESIAN_POINT('',(-0.653125403784,-1.175240473581,
    -1.288604566268));
#4278 = CARTESIAN_POINT('',(2.54E-02,-1.175240473581,-1.246937899601));
#4279 = CARTESIAN_POINT('',(0.703925403784,-1.175240473581,
    -1.205271232935));
#4280 = CARTESIAN_POINT('',(1.043188105677,-0.58762023679,
    -1.163604566268));
#4281 = CARTESIAN_POINT('',(1.382450807569,-2.052535561332E-16,
    -1.121937899601));
#4282 = CARTESIAN_POINT('',(1.043188105677,0.58762023679,-1.080271232935
    ));
#4283 = CARTESIAN_POINT('',(0.703925403784,1.175240473581,
    -1.038604566268));
#4284 = CARTESIAN_POINT('',(2.54E-02,1.175240473581,-0.996937899601));
#4285 = CARTESIAN_POINT('',(-0.653125403784,1.175240473581,
    -0.955271232935));
#4286 = CARTESIAN_POINT('',(-0.992388105677,0.58762023679,
    -0.913604566268));
#4287 = CARTESIAN_POINT('',(-1.331650807569,1.271280294207E-16,
    -0.871937899601));
#4288 = CARTESIAN_POINT('',(-0.992388105677,-0.58762023679,
    -0.830271232935));
#4289 = CARTESIAN_POINT('',(-0.653125403784,-1.175240473581,
    -0.788604566268));
#4290 = CARTESIAN_POINT('',(2.54E-02,-1.175240473581,-0.746937899601));
#4291 = CARTESIAN_POINT('',(0.703925403784,-1.175240473581,
    -0.705271232935));
#4292 = CARTESIAN_POINT('',(1.043188105677,-0.58762023679,
    -0.663604566268));
#4293 = CARTESIAN_POINT('',(1.382450807569,-2.052535561332E-16,
    -0.621937899601));
#4294 = CARTESIAN_POINT('',(1.043188105677,0.58762023679,-0.580271232935
    ));
#4295 = CARTESIAN_POINT('',(0.703925403784,1.175240473581,
    -0.538604566268));
#4296 = CARTESIAN_POINT('',(2.54E-02,1.175240473581,-0.496937899601));
#4297 = CARTESIAN_POINT('',(-0.653125403784,1.175240473581,
    -0.455271232935));
#4298 = CARTESIAN_POINT('',(-0.992388105677,0.58762023679,
    -0.413604566268));
#4299 = CARTESIAN_POINT('',(-1.331650807569,1.271280294207E-16,
    -0.371937899601));
#4300 = CARTESIAN_POINT('',(-0.992388105677,-0.58762023679,
    -0.330271232935));
#4301 = CARTESIAN_POINT('',(-0.653125403784,-1.175240473581,
    -0.288604566268));
#4302 = CARTESIAN_POINT('',(2.54E-02,-1.175240473581,-0.246937899601));
#4303 = CARTESIAN_POINT('',(0.703925403784,-1.175240473581,
    -0.205271232935));
#4304 = CARTESIAN_POINT('',(1.043188105677,-0.58762023679,
    -0.163604566268));
#4305 = CARTESIAN_POINT('',(1.382450807569,-2.052535561332E-16,
    -0.121937899601));
#4306 = CARTESIAN_POINT('',(1.043188105677,0.58762023679,
    -8.027123293476E-02));
#4307 = CARTESIAN_POINT('',(0.703925403784,1.175240473581,
    -3.86045662681E-02));
#4308 = CARTESIAN_POINT('',(2.54E-02,1.175240473581,3.06210039857E-03));
#4309 = CARTESIAN_POINT('',(-0.653125403784,1.175240473581,
    4.472876706524E-02));
#4310 = CARTESIAN_POINT('',(-0.992388105677,0.58762023679,
    8.63954337319E-02));
#4311 = CARTESIAN_POINT('',(-1.331650807569,1.271280294207E-16,
    0.128062100399));
#4312 = CARTESIAN_POINT('',(-0.992388105677,-0.58762023679,
    0.169728767065));
#4313 = CARTESIAN_POINT('',(-0.653125403784,-1.175240473581,
    0.211395433732));
#4314 = CARTESIAN_POINT('',(2.54E-02,-1.175240473581,0.253062100399));
#4315 = CARTESIAN_POINT('',(0.703925403784,-1.175240473581,
    0.294728767065));
#4316 = CARTESIAN_POINT('',(1.043188105677,-0.58762023679,0.336395433732
    ));
#4317 = CARTESIAN_POINT('',(1.382450807569,-2.052535561332E-16,
    0.378062100399));
#4318 = CARTESIAN_POINT('',(1.043188105677,0.58762023679,0.419728767065)
  );
#4319 = CARTESIAN_POINT('',(0.703925403784,1.175240473581,0.461395433732
    ));
#4320 = CARTESIAN_POINT('',(2.54E-02,1.175240473581,0.503062100399));
#4321 = CARTESIAN_POINT('',(-0.653125403784,1.175240473581,
    0.544728767065));
#4322 = CARTESIAN_POINT('',(-0.992388105677,0.58762023679,0.586395433732
    ));
#4323 = CARTESIAN_POINT('',(-1.331650807569,1.271280294207E-16,
    0.628062100399));
#4324 = CARTESIAN_POINT('',(-0.992388105677,-0.58762023679,
    0.669728767065));
#4325 = CARTESIAN_POINT('',(-0.653125403784,-1.175240473581,
    0.711395433732));
#4326 = CARTESIAN_POINT('',(2.54E-02,-1.175240473581,0.753062100399));
#4327 = CARTESIAN_POINT('',(0.703925403784,-1.175240473581,
    0.794728767065));
#4328 = CARTESIAN_POINT('',(1.043188105677,-0.58762023679,0.836395433732
    ));
#4329 = CARTESIAN_POINT('',(1.382450807569,-2.052535561332E-16,
    0.878062100399));
#4330 = CARTESIAN_POINT('',(1.043188105677,0.58762023679,0.919728767065)
  );
#4331 = CARTESIAN_POINT('',(0.703925403784,1.175240473581,0.961395433732
    ));
#4332 = CARTESIAN_POINT('',(2.54E-02,1.175240473581,1.003062100399));
#4333 = CARTESIAN_POINT('',(-0.653125403784,1.175240473581,
    1.044728767065));
#4334 = CARTESIAN_POINT('',(-0.992388105677,0.58762023679,1.086395433732
    ));
#4335 = CARTESIAN_POINT('',(-1.331650807569,1.271280294207E-16,
    1.128062100399));
#4336 = CARTESIAN_POINT('',(-0.992388105677,-0.58762023679,
    1.169728767065));
#4337 = CARTESIAN_POINT('',(-0.653125403784,-1.175240473581,
    1.211395433732));
#4338 = CARTESIAN_POINT('',(2.54E-02,-1.175240473581,1.253062100399));
#4339 = CARTESIAN_POINT('',(0.703925403784,-1.175240473581,
    1.294728767065));
#4340 = CARTESIAN_POINT('',(1.043188105677,-0.58762023679,1.336395433732
    ));
#4341 = CARTESIAN_POINT('',(1.382450807569,-2.052535561332E-16,
    1.378062100399));
#4342 = CARTESIAN_POINT('',(1.043188105677,0.58762023679,1.419728767065)
  );
#4343 = CARTESIAN_POINT('',(0.703925403784,1.175240473581,1.461395433732
    ));
#4344 = CARTESIAN_POINT('',(2.54E-02,1.175240473581,1.503062100399));
#4345 = CARTESIAN_POINT('',(2.54E-02,1.5,-2.184437899601));
#4346 = CARTESIAN_POINT('',(-0.840625403784,1.5,-2.142771232935));
#4347 = CARTESIAN_POINT('',(-1.273638105677,0.75,-2.101104566268));
#4348 = CARTESIAN_POINT('',(-1.706650807569,1.500901569047E-16,
    -2.059437899601));
#4349 = CARTESIAN_POINT('',(-1.273638105677,-0.75,-2.017771232935));
#4350 = CARTESIAN_POINT('',(-0.840625403784,-1.5,-1.976104566268));
#4351 = CARTESIAN_POINT('',(2.54E-02,-1.5,-1.934437899601));
#4352 = CARTESIAN_POINT('',(0.891425403784,-1.5,-1.892771232935));
#4353 = CARTESIAN_POINT('',(1.324438105677,-0.75,-1.851104566268));
#4354 = CARTESIAN_POINT('',(1.757450807569,-2.741399385853E-16,
    -1.809437899601));
#4355 = CARTESIAN_POINT('',(1.324438105677,0.75,-1.767771232935));
#4356 = CARTESIAN_POINT('',(0.891425403784,1.5,-1.726104566268));
#4357 = CARTESIAN_POINT('',(2.54E-02,1.5,-1.684437899601));
#4358 = CARTESIAN_POINT('',(-0.840625403784,1.5,-1.642771232935));
#4359 = CARTESIAN_POINT('',(-1.273638105677,0.75,-1.601104566268));
#4360 = CARTESIAN_POINT('',(-1.706650807569,1.500901569047E-16,
    -1.559437899601));
#4361 = CARTESIAN_POINT('',(-1.273638105677,-0.75,-1.517771232935));
#4362 = CARTESIAN_POINT('',(-0.840625403784,-1.5,-1.476104566268));
#4363 = CARTESIAN_POINT('',(2.54E-02,-1.5,-1.434437899601));
#4364 = CARTESIAN_POINT('',(0.891425403784,-1.5,-1.392771232935));
#4365 = CARTESIAN_POINT('',(1.324438105677,-0.75,-1.351104566268));
#4366 = CARTESIAN_POINT('',(1.757450807569,-2.741399385853E-16,
    -1.309437899601));
#4367 = CARTESIAN_POINT('',(1.324438105677,0.75,-1.267771232935));
#4368 = CARTESIAN_POINT('',(0.891425403784,1.5,-1.226104566268));
#4369 = CARTESIAN_POINT('',(2.54E-02,1.5,-1.184437899601));
#4370 = CARTESIAN_POINT('',(-0.840625403784,1.5,-1.142771232935));
#4371 = CARTESIAN_POINT('',(-1.273638105677,0.75,-1.101104566268));
#4372 = CARTESIAN_POINT('',(-1.706650807569,1.500901569047E-16,
    -1.059437899601));
#4373 = CARTESIAN_POINT('',(-1.273638105677,-0.75,-1.017771232935));
#4374 = CARTESIAN_POINT('',(-0.840625403784,-1.5,-0.976104566268));
#4375 = CARTESIAN_POINT('',(2.54E-02,-1.5,-0.934437899601));
#4376 = CARTESIAN_POINT('',(0.891425403784,-1.5,-0.892771232935));
#4377 = CARTESIAN_POINT('',(1.324438105677,-0.75,-0.851104566268));
#4378 = CARTESIAN_POINT('',(1.757450807569,-2.741399385853E-16,
    -0.809437899601));
#4379 = CARTESIAN_POINT('',(1.324438105677,0.75,-0.767771232935));
#4380 = CARTESIAN_POINT('',(0.891425403784,1.5,-0.726104566268));
#4381 = CARTESIAN_POINT('',(2.54E-02,1.5,-0.684437899601));
#4382 = CARTESIAN_POINT('',(-0.840625403784,1.5,-0.642771232935));
#4383 = CARTESIAN_POINT('',(-1.273638105677,0.75,-0.601104566268));
#4384 = CARTESIAN_POINT('',(-1.706650807569,1.500901569047E-16,
    -0.559437899601));
#4385 = CARTESIAN_POINT('',(-1.273638105677,-0.75,-0.517771232935));
#4386 = CARTESIAN_POINT('',(-0.840625403784,-1.5,-0.476104566268));
#4387 = CARTESIAN_POINT('',(2.54E-02,-1.5,-0.434437899601));
#4388 = CARTESIAN_POINT('',(0.891425403784,-1.5,-0.392771232935));
#4389 = CARTESIAN_POINT('',(1.324438105677,-0.75,-0.351104566268));
#4390 = CARTESIAN_POINT('',(1.757450807569,-2.741399385853E-16,
    -0.309437899601));
#4391 = CARTESIAN_POINT('',(1.324438105677,0.75,-0.267771232935));
#4392 = CARTESIAN_POINT('',(0.891425403784,1.5,-0.226104566268));
#4393 = CARTESIAN_POINT('',(2.54E-02,1.5,-0.184437899601));
#4394 = CARTESIAN_POINT('',(-0.840625403784,1.5,-0.142771232935));
#4395 = CARTESIAN_POINT('',(-1.273638105677,0.75,-0.101104566268));
#4396 = CARTESIAN_POINT('',(-1.706650807569,1.500901569047E-16,
    -5.943789960143E-02));
#4397 = CARTESIAN_POINT('',(-1.273638105677,-0.75,-1.777123293477E-02));
#4398 = CARTESIAN_POINT('',(-0.840625403784,-1.5,2.38954337319E-02));
#4399 = CARTESIAN_POINT('',(2.54E-02,-1.5,6.556210039857E-02));
#4400 = CARTESIAN_POINT('',(0.891425403784,-1.5,0.107228767065));
#4401 = CARTESIAN_POINT('',(1.324438105677,-0.75,0.148895433732));
#4402 = CARTESIAN_POINT('',(1.757450807569,-2.741399385853E-16,
    0.190562100399));
#4403 = CARTESIAN_POINT('',(1.324438105677,0.75,0.232228767065));
#4404 = CARTESIAN_POINT('',(0.891425403784,1.5,0.273895433732));
#4405 = CARTESIAN_POINT('',(2.54E-02,1.5,0.315562100399));
#4406 = CARTESIAN_POINT('',(-0.840625403784,1.5,0.357228767065));
#4407 = CARTESIAN_POINT('',(-1.273638105677,0.75,0.398895433732));
#4408 = CARTESIAN_POINT('',(-1.706650807569,1.500901569047E-16,
    0.440562100399));
#4409 = CARTESIAN_POINT('',(-1.273638105677,-0.75,0.482228767065));
#4410 = CARTESIAN_POINT('',(-0.840625403784,-1.5,0.523895433732));
#4411 = CARTESIAN_POINT('',(2.54E-02,-1.5,0.565562100399));
#4412 = CARTESIAN_POINT('',(0.891425403784,-1.5,0.607228767065));
#4413 = CARTESIAN_POINT('',(1.324438105677,-0.75,0.648895433732));
#4414 = CARTESIAN_POINT('',(1.757450807569,-2.741399385853E-16,
    0.690562100399));
#4415 = CARTESIAN_POINT('',(1.324438105677,0.75,0.732228767065));
#4416 = CARTESIAN_POINT('',(0.891425403784,1.5,0.773895433732));
#4417 = CARTESIAN_POINT('',(2.54E-02,1.5,0.815562100399));
#4418 = CARTESIAN_POINT('',(-0.840625403784,1.5,0.857228767065));
#4419 = CARTESIAN_POINT('',(-1.273638105677,0.75,0.898895433732));
#4420 = CARTESIAN_POINT('',(-1.706650807569,1.500901569047E-16,
    0.940562100399));
#4421 = CARTESIAN_POINT('',(-1.273638105677,-0.75,0.982228767065));
#4422 = CARTESIAN_POINT('',(-0.840625403784,-1.5,1.023895433732));
#4423 = CARTESIAN_POINT('',(2.54E-02,-1.5,1.065562100399));
#4424 = CARTESIAN_POINT('',(0.891425403784,-1.5,1.107228767065));
#4425 = CARTESIAN_POINT('',(1.324438105677,-0.75,1.148895433732));
#4426 = CARTESIAN_POINT('',(1.757450807569,-2.741399385853E-16,
    1.190562100399));
#4427 = CARTESIAN_POINT('',(1.324438105677,0.75,1.232228767065));
#4428 = CARTESIAN_POINT('',(0.891425403784,1.5,1.273895433732));
#4429 = CARTESIAN_POINT('',(2.54E-02,1.5,1.315562100399));
#4430 = DEFINITIONAL_REPRESENTATION('',(#4431),#4457);
#4431 = B_SPLINE_CURVE_WITH_KNOTS('',3,(#4432,#4433,#4434,#4435,#4436,
    #4437,#4438,#4439,#4440,#4441,#4442,#4443,#4444,#4445,#4446,#4447,
    #4448,#4449,#4450,#4451,#4452,#4453,#4454,#4455,#4456),
  .UNSPECIFIED.,.F.,.F.,(4,1,1,1,1,1,1,1,1,1,1,1,1,1,1,1,1,1,1,1,1,1,4),
  (0.,2.418547429412E-03,4.837094858825E-03,7.255642288237E-03,
    9.674189717649E-03,1.209273714706E-02,1.451128457647E-02,
    1.692983200589E-02,1.93483794353E-02,2.176692686471E-02,
    2.418547429412E-02,2.660402172354E-02,2.902256915295E-02,
    3.144111658236E-02,3.385966401177E-02,3.627821144118E-02,
    3.86967588706E-02,4.111530630001E-02,4.353385372942E-02,
    4.595240115883E-02,4.837094858825E-02,5.078949601766E-02,
    5.320804344707E-02),.QUASI_UNIFORM_KNOTS.);
#4432 = CARTESIAN_POINT('',(1.,0.402193963089));
#4433 = CARTESIAN_POINT('',(0.984582362393,0.402278494441));
#4434 = CARTESIAN_POINT('',(0.953729435847,0.402448528982));
#4435 = CARTESIAN_POINT('',(0.907410253147,0.402706727108));
#4436 = CARTESIAN_POINT('',(0.861064133134,0.402968298419));
#4437 = CARTESIAN_POINT('',(0.814705000791,0.403233483576));
#4438 = CARTESIAN_POINT('',(0.768347649203,0.403502531139));
#4439 = CARTESIAN_POINT('',(0.72200727465,0.403775706748));
#4440 = CARTESIAN_POINT('',(0.675696802734,0.404053286494));
#4441 = CARTESIAN_POINT('',(0.629430267151,0.404335574674));
#4442 = CARTESIAN_POINT('',(0.583222985324,0.404622823419));
#4443 = CARTESIAN_POINT('',(0.537089672349,0.404915542133));
#4444 = CARTESIAN_POINT('',(0.491065573536,0.405211727779));
#4445 = CARTESIAN_POINT('',(0.44516417058,0.405511882712));
#4446 = CARTESIAN_POINT('',(0.399417041641,0.405816062134));
#4447 = CARTESIAN_POINT('',(0.353855718627,0.406124403237));
#4448 = CARTESIAN_POINT('',(0.308512040954,0.406437019335));
#4449 = CARTESIAN_POINT('',(0.263418035541,0.406754027612));
#4450 = CARTESIAN_POINT('',(0.218605946611,0.407075541908));
#4451 = CARTESIAN_POINT('',(0.174108125068,0.407401671518));
#4452 = CARTESIAN_POINT('',(0.129957545663,0.407732536293));
#4453 = CARTESIAN_POINT('',(8.618719575662E-02,0.408068252588));
#4454 = CARTESIAN_POINT('',(4.283023513423E-02,0.40840893231));
#4455 = CARTESIAN_POINT('',(1.422341073598E-02,0.408639431152));
#4456 = CARTESIAN_POINT('',(0.,0.408755543173));
#4457 = ( GEOMETRIC_REPRESENTATION_CONTEXT(2) 
PARAMETRIC_REPRESENTATION_CONTEXT() REPRESENTATION_CONTEXT('2D SPACE',''
  ) );
#4458 = ORIENTED_EDGE('',*,*,#4459,.T.);
#4459 = EDGE_CURVE('',#4209,#4460,#4462,.T.);
#4460 = VERTEX_POINT('',#4461);
#4461 = CARTESIAN_POINT('',(0.901049668679,0.783854468945,
    -0.502085605302));
#4462 = SURFACE_CURVE('',#4463,(#4471,#4477),.PCURVE_S1.);
#4463 = B_SPLINE_CURVE_WITH_KNOTS('',3,(#4464,#4465,#4466,#4467,#4468,
    #4469,#4470),.UNSPECIFIED.,.F.,.F.,(4,3,4),(9.999999998577E-07,
    3.888160382441E-03,7.741727722373E-03),.UNSPECIFIED.);
#4464 = CARTESIAN_POINT('',(0.928222100772,0.752397783822,
    -0.567369458189));
#4465 = CARTESIAN_POINT('',(0.923524793516,0.758034207637,
    -0.556689798628));
#4466 = CARTESIAN_POINT('',(0.918891136911,0.763486870215,
    -0.545882226756));
#4467 = CARTESIAN_POINT('',(0.914338425395,0.76875135551,-0.534953153024
    ));
#4468 = CARTESIAN_POINT('',(0.909825058649,0.773970344849,
    -0.524118528917));
#4469 = CARTESIAN_POINT('',(0.905389625421,0.779006270908,
    -0.513160598124));
#4470 = CARTESIAN_POINT('',(0.901049668679,0.783854468945,
    -0.502085605302));
#4471 = PCURVE('',#4182,#4472);
#4472 = DEFINITIONAL_REPRESENTATION('',(#4473),#4476);
#4473 = B_SPLINE_CURVE_WITH_KNOTS('',1,(#4474,#4475),.UNSPECIFIED.,.F.,
  .F.,(2,2),(9.999999998577E-07,7.741727722373E-03),
  .PIECEWISE_BEZIER_KNOTS.);
#4474 = CARTESIAN_POINT('',(0.365383255031,5.248257010968E-02));
#4475 = CARTESIAN_POINT('',(0.385886313662,5.519981331898E-02));
#4476 = ( GEOMETRIC_REPRESENTATION_CONTEXT(2) 
PARAMETRIC_REPRESENTATION_CONTEXT() REPRESENTATION_CONTEXT('2D SPACE',''
  ) );
#4477 = PCURVE('',#4478,#4483);
#4478 = CYLINDRICAL_SURFACE('',#4479,1.175240473581);
#4479 = AXIS2_PLACEMENT_3D('',#4480,#4481,#4482);
#4480 = CARTESIAN_POINT('',(2.54E-02,1.387778780781E-16,-1.965687899601)
  );
#4481 = DIRECTION('',(0.,0.,1.));
#4482 = DIRECTION('',(0.,1.,0.));
#4483 = DEFINITIONAL_REPRESENTATION('',(#4484),#4487);
#4484 = B_SPLINE_CURVE_WITH_KNOTS('',1,(#4485,#4486),.UNSPECIFIED.,.F.,
  .F.,(2,2),(9.999999998577E-07,7.741727722373E-03),
  .PIECEWISE_BEZIER_KNOTS.);
#4485 = CARTESIAN_POINT('',(5.407157347162,1.398318441412));
#4486 = CARTESIAN_POINT('',(5.442528620299,1.463602294299));
#4487 = ( GEOMETRIC_REPRESENTATION_CONTEXT(2) 
PARAMETRIC_REPRESENTATION_CONTEXT() REPRESENTATION_CONTEXT('2D SPACE',''
  ) );
#4488 = ORIENTED_EDGE('',*,*,#4489,.T.);
#4489 = EDGE_CURVE('',#4460,#4490,#4492,.T.);
#4490 = VERTEX_POINT('',#4491);
#4491 = CARTESIAN_POINT('',(1.266335020336,0.842662610601,
    -0.324901785532));
#4492 = SURFACE_CURVE('',#4493,(#4504,#4510),.PCURVE_S1.);
#4493 = B_SPLINE_CURVE_WITH_KNOTS('',3,(#4494,#4495,#4496,#4497,#4498,
    #4499,#4500,#4501,#4502,#4503),.UNSPECIFIED.,.F.,.F.,(4,3,3,4),(
    1.448894130789E-16,1.048222000705E-04,2.096439515718E-04,
    4.103594019643E-04),.UNSPECIFIED.);
#4494 = CARTESIAN_POINT('',(0.901049668679,0.783854468945,
    -0.502085605302));
#4495 = CARTESIAN_POINT('',(0.932055685526,0.790314264587,
    -0.487329155625));
#4496 = CARTESIAN_POINT('',(0.963087945452,0.796399520983,
    -0.472458888326));
#4497 = CARTESIAN_POINT('',(0.994144754083,0.802110997742,
    -0.457501929251));
#4498 = CARTESIAN_POINT('',(1.025201429812,0.807822450059,
    -0.442545034182));
#4499 = CARTESIAN_POINT('',(1.056286269174,0.813160988646,
    -0.427499422011));
#4500 = CARTESIAN_POINT('',(1.087391397378,0.818130158761,
    -0.412386844945));
#4501 = CARTESIAN_POINT('',(1.146952316056,0.827645256568,-0.38344888437
    ));
#4502 = CARTESIAN_POINT('',(1.206615051424,0.83581067712,-0.354254287099
    ));
#4503 = CARTESIAN_POINT('',(1.266335020336,0.842662610601,
    -0.324901785532));
#4504 = PCURVE('',#4182,#4505);
#4505 = DEFINITIONAL_REPRESENTATION('',(#4506),#4509);
#4506 = B_SPLINE_CURVE_WITH_KNOTS('',1,(#4507,#4508),.UNSPECIFIED.,.F.,
  .F.,(2,2),(1.448894130789E-16,4.103594019643E-04),
  .PIECEWISE_BEZIER_KNOTS.);
#4507 = CARTESIAN_POINT('',(0.385886313662,5.519981331899E-02));
#4508 = CARTESIAN_POINT('',(0.436829747113,1.867127815329E-02));
#4509 = ( GEOMETRIC_REPRESENTATION_CONTEXT(2) 
PARAMETRIC_REPRESENTATION_CONTEXT() REPRESENTATION_CONTEXT('2D SPACE',''
  ) );
#4510 = PCURVE('',#4511,#4682);
#4511 = ( BOUNDED_SURFACE() B_SPLINE_SURFACE(1,2,(
    (#4512,#4513,#4514,#4515,#4516,#4517,#4518,#4519,#4520,#4521,#4522
      ,#4523,#4524,#4525,#4526,#4527,#4528,#4529,#4530,#4531,#4532,#4533
      ,#4534,#4535,#4536,#4537,#4538,#4539,#4540,#4541,#4542,#4543,#4544
      ,#4545,#4546,#4547,#4548,#4549,#4550,#4551,#4552,#4553,#4554,#4555
      ,#4556,#4557,#4558,#4559,#4560,#4561,#4562,#4563,#4564,#4565,#4566
      ,#4567,#4568,#4569,#4570,#4571,#4572,#4573,#4574,#4575,#4576,#4577
      ,#4578,#4579,#4580,#4581,#4582,#4583,#4584,#4585,#4586,#4587,#4588
      ,#4589,#4590,#4591,#4592,#4593,#4594,#4595,#4596)
    ,(#4597,#4598,#4599,#4600,#4601,#4602,#4603,#4604,#4605,#4606,#4607
      ,#4608,#4609,#4610,#4611,#4612,#4613,#4614,#4615,#4616,#4617,#4618
      ,#4619,#4620,#4621,#4622,#4623,#4624,#4625,#4626,#4627,#4628,#4629
      ,#4630,#4631,#4632,#4633,#4634,#4635,#4636,#4637,#4638,#4639,#4640
      ,#4641,#4642,#4643,#4644,#4645,#4646,#4647,#4648,#4649,#4650,#4651
      ,#4652,#4653,#4654,#4655,#4656,#4657,#4658,#4659,#4660,#4661,#4662
      ,#4663,#4664,#4665,#4666,#4667,#4668,#4669,#4670,#4671,#4672,#4673
      ,#4674,#4675,#4676,#4677,#4678,#4679,#4680,#4681
)),.UNSPECIFIED.,.F.,.F.,.F.) B_SPLINE_SURFACE_WITH_KNOTS((2,2),(3,2,2,2
    ,2,2,2,2,2,2,2,2,2,2,2,2,2,2,2,2,2,2,2,2,2,2,2,2,2,2,2,2,2,2,2,2,2,2
    ,2,2,2,2,3),(0.,1.),(0.,2.380952380952E-02,4.761904761905E-02,
    7.142857142857E-02,9.52380952381E-02,0.119047619048,0.142857142857,
    0.166666666667,0.190476190476,0.214285714286,0.238095238095,
    0.261904761905,0.285714285714,0.309523809524,0.333333333333,
    0.357142857143,0.380952380952,0.404761904762,0.428571428571,
    0.452380952381,0.47619047619,0.5,0.52380952381,0.547619047619,
    0.571428571429,0.595238095238,0.619047619048,0.642857142857,
    0.666666666667,0.690476190476,0.714285714286,0.738095238095,
    0.761904761905,0.785714285714,0.809523809524,0.833333333333,
    0.857142857143,0.880952380952,0.904761904762,0.928571428571,
    0.952380952381,0.97619047619,1.),.UNSPECIFIED.) 
GEOMETRIC_REPRESENTATION_ITEM() RATIONAL_B_SPLINE_SURFACE((
    (1.,0.866025403784,1.,0.866025403784,1.,0.866025403784,1.
      ,0.866025403784,1.,0.866025403784,1.,0.866025403784,1.
      ,0.866025403784,1.,0.866025403784,1.,0.866025403784,1.
      ,0.866025403784,1.,0.866025403784,1.,0.866025403784,1.
      ,0.866025403784,1.,0.866025403784,1.,0.866025403784,1.
      ,0.866025403784,1.,0.866025403784,1.,0.866025403784,1.
      ,0.866025403784,1.,0.866025403784,1.,0.866025403784,1.
      ,0.866025403784,1.,0.866025403784,1.,0.866025403784,1.
      ,0.866025403784,1.,0.866025403784,1.,0.866025403784,1.
      ,0.866025403784,1.,0.866025403784,1.,0.866025403784,1.
      ,0.866025403784,1.,0.866025403784,1.,0.866025403784,1.
      ,0.866025403784,1.,0.866025403784,1.,0.866025403784,1.
      ,0.866025403784,1.,0.866025403784,1.,0.866025403784,1.
      ,0.866025403784,1.,0.866025403784,1.,0.866025403784,1.)
    ,(1.,0.866025403784,1.,0.866025403784,1.,0.866025403784,1.
      ,0.866025403784,1.,0.866025403784,1.,0.866025403784,1.
      ,0.866025403784,1.,0.866025403784,1.,0.866025403784,1.
      ,0.866025403784,1.,0.866025403784,1.,0.866025403784,1.
      ,0.866025403784,1.,0.866025403784,1.,0.866025403784,1.
      ,0.866025403784,1.,0.866025403784,1.,0.866025403784,1.
      ,0.866025403784,1.,0.866025403784,1.,0.866025403784,1.
      ,0.866025403784,1.,0.866025403784,1.,0.866025403784,1.
      ,0.866025403784,1.,0.866025403784,1.,0.866025403784,1.
      ,0.866025403784,1.,0.866025403784,1.,0.866025403784,1.
      ,0.866025403784,1.,0.866025403784,1.,0.866025403784,1.
      ,0.866025403784,1.,0.866025403784,1.,0.866025403784,1.
      ,0.866025403784,1.,0.866025403784,1.,0.866025403784,1.
      ,0.866025403784,1.,0.866025403784,1.,0.866025403784,1.
))) REPRESENTATION_ITEM('') SURFACE() );
#4512 = CARTESIAN_POINT('',(2.54E-02,1.5,-1.746937899601));
#4513 = CARTESIAN_POINT('',(-0.840625403784,1.5,-1.705271232935));
#4514 = CARTESIAN_POINT('',(-1.273638105677,0.75,-1.663604566268));
#4515 = CARTESIAN_POINT('',(-1.706650807569,1.500901569047E-16,
    -1.621937899601));
#4516 = CARTESIAN_POINT('',(-1.273638105677,-0.75,-1.580271232935));
#4517 = CARTESIAN_POINT('',(-0.840625403784,-1.5,-1.538604566268));
#4518 = CARTESIAN_POINT('',(2.54E-02,-1.5,-1.496937899601));
#4519 = CARTESIAN_POINT('',(0.891425403784,-1.5,-1.455271232935));
#4520 = CARTESIAN_POINT('',(1.324438105677,-0.75,-1.413604566268));
#4521 = CARTESIAN_POINT('',(1.757450807569,-2.741399385853E-16,
    -1.371937899601));
#4522 = CARTESIAN_POINT('',(1.324438105677,0.75,-1.330271232935));
#4523 = CARTESIAN_POINT('',(0.891425403784,1.5,-1.288604566268));
#4524 = CARTESIAN_POINT('',(2.54E-02,1.5,-1.246937899601));
#4525 = CARTESIAN_POINT('',(-0.840625403784,1.5,-1.205271232935));
#4526 = CARTESIAN_POINT('',(-1.273638105677,0.75,-1.163604566268));
#4527 = CARTESIAN_POINT('',(-1.706650807569,1.500901569047E-16,
    -1.121937899601));
#4528 = CARTESIAN_POINT('',(-1.273638105677,-0.75,-1.080271232935));
#4529 = CARTESIAN_POINT('',(-0.840625403784,-1.5,-1.038604566268));
#4530 = CARTESIAN_POINT('',(2.54E-02,-1.5,-0.996937899601));
#4531 = CARTESIAN_POINT('',(0.891425403784,-1.5,-0.955271232935));
#4532 = CARTESIAN_POINT('',(1.324438105677,-0.75,-0.913604566268));
#4533 = CARTESIAN_POINT('',(1.757450807569,-2.741399385853E-16,
    -0.871937899601));
#4534 = CARTESIAN_POINT('',(1.324438105677,0.75,-0.830271232935));
#4535 = CARTESIAN_POINT('',(0.891425403784,1.5,-0.788604566268));
#4536 = CARTESIAN_POINT('',(2.54E-02,1.5,-0.746937899601));
#4537 = CARTESIAN_POINT('',(-0.840625403784,1.5,-0.705271232935));
#4538 = CARTESIAN_POINT('',(-1.273638105677,0.75,-0.663604566268));
#4539 = CARTESIAN_POINT('',(-1.706650807569,1.500901569047E-16,
    -0.621937899601));
#4540 = CARTESIAN_POINT('',(-1.273638105677,-0.75,-0.580271232935));
#4541 = CARTESIAN_POINT('',(-0.840625403784,-1.5,-0.538604566268));
#4542 = CARTESIAN_POINT('',(2.54E-02,-1.5,-0.496937899601));
#4543 = CARTESIAN_POINT('',(0.891425403784,-1.5,-0.455271232935));
#4544 = CARTESIAN_POINT('',(1.324438105677,-0.75,-0.413604566268));
#4545 = CARTESIAN_POINT('',(1.757450807569,-2.741399385853E-16,
    -0.371937899601));
#4546 = CARTESIAN_POINT('',(1.324438105677,0.75,-0.330271232935));
#4547 = CARTESIAN_POINT('',(0.891425403784,1.5,-0.288604566268));
#4548 = CARTESIAN_POINT('',(2.54E-02,1.5,-0.246937899601));
#4549 = CARTESIAN_POINT('',(-0.840625403784,1.5,-0.205271232935));
#4550 = CARTESIAN_POINT('',(-1.273638105677,0.75,-0.163604566268));
#4551 = CARTESIAN_POINT('',(-1.706650807569,1.500901569047E-16,
    -0.121937899601));
#4552 = CARTESIAN_POINT('',(-1.273638105677,-0.75,-8.027123293476E-02));
#4553 = CARTESIAN_POINT('',(-0.840625403784,-1.5,-3.860456626809E-02));
#4554 = CARTESIAN_POINT('',(2.54E-02,-1.5,3.062100398572E-03));
#4555 = CARTESIAN_POINT('',(0.891425403784,-1.5,4.472876706524E-02));
#4556 = CARTESIAN_POINT('',(1.324438105677,-0.75,8.639543373191E-02));
#4557 = CARTESIAN_POINT('',(1.757450807569,-2.741399385853E-16,
    0.128062100399));
#4558 = CARTESIAN_POINT('',(1.324438105677,0.75,0.169728767065));
#4559 = CARTESIAN_POINT('',(0.891425403784,1.5,0.211395433732));
#4560 = CARTESIAN_POINT('',(2.54E-02,1.5,0.253062100399));
#4561 = CARTESIAN_POINT('',(-0.840625403784,1.5,0.294728767065));
#4562 = CARTESIAN_POINT('',(-1.273638105677,0.75,0.336395433732));
#4563 = CARTESIAN_POINT('',(-1.706650807569,1.500901569047E-16,
    0.378062100399));
#4564 = CARTESIAN_POINT('',(-1.273638105677,-0.75,0.419728767065));
#4565 = CARTESIAN_POINT('',(-0.840625403784,-1.5,0.461395433732));
#4566 = CARTESIAN_POINT('',(2.54E-02,-1.5,0.503062100399));
#4567 = CARTESIAN_POINT('',(0.891425403784,-1.5,0.544728767065));
#4568 = CARTESIAN_POINT('',(1.324438105677,-0.75,0.586395433732));
#4569 = CARTESIAN_POINT('',(1.757450807569,-2.741399385853E-16,
    0.628062100399));
#4570 = CARTESIAN_POINT('',(1.324438105677,0.75,0.669728767065));
#4571 = CARTESIAN_POINT('',(0.891425403784,1.5,0.711395433732));
#4572 = CARTESIAN_POINT('',(2.54E-02,1.5,0.753062100399));
#4573 = CARTESIAN_POINT('',(-0.840625403784,1.5,0.794728767065));
#4574 = CARTESIAN_POINT('',(-1.273638105677,0.75,0.836395433732));
#4575 = CARTESIAN_POINT('',(-1.706650807569,1.500901569047E-16,
    0.878062100399));
#4576 = CARTESIAN_POINT('',(-1.273638105677,-0.75,0.919728767065));
#4577 = CARTESIAN_POINT('',(-0.840625403784,-1.5,0.961395433732));
#4578 = CARTESIAN_POINT('',(2.54E-02,-1.5,1.003062100399));
#4579 = CARTESIAN_POINT('',(0.891425403784,-1.5,1.044728767065));
#4580 = CARTESIAN_POINT('',(1.324438105677,-0.75,1.086395433732));
#4581 = CARTESIAN_POINT('',(1.757450807569,-2.741399385853E-16,
    1.128062100399));
#4582 = CARTESIAN_POINT('',(1.324438105677,0.75,1.169728767065));
#4583 = CARTESIAN_POINT('',(0.891425403784,1.5,1.211395433732));
#4584 = CARTESIAN_POINT('',(2.54E-02,1.5,1.253062100399));
#4585 = CARTESIAN_POINT('',(-0.840625403784,1.5,1.294728767065));
#4586 = CARTESIAN_POINT('',(-1.273638105677,0.75,1.336395433732));
#4587 = CARTESIAN_POINT('',(-1.706650807569,1.500901569047E-16,
    1.378062100399));
#4588 = CARTESIAN_POINT('',(-1.273638105677,-0.75,1.419728767065));
#4589 = CARTESIAN_POINT('',(-0.840625403784,-1.5,1.461395433732));
#4590 = CARTESIAN_POINT('',(2.54E-02,-1.5,1.503062100399));
#4591 = CARTESIAN_POINT('',(0.891425403784,-1.5,1.544728767065));
#4592 = CARTESIAN_POINT('',(1.324438105677,-0.75,1.586395433732));
#4593 = CARTESIAN_POINT('',(1.757450807569,-2.741399385853E-16,
    1.628062100399));
#4594 = CARTESIAN_POINT('',(1.324438105677,0.75,1.669728767065));
#4595 = CARTESIAN_POINT('',(0.891425403784,1.5,1.711395433732));
#4596 = CARTESIAN_POINT('',(2.54E-02,1.5,1.753062100399));
#4597 = CARTESIAN_POINT('',(2.54E-02,1.175240473581,-1.934437899601));
#4598 = CARTESIAN_POINT('',(-0.653125403784,1.175240473581,
    -1.892771232935));
#4599 = CARTESIAN_POINT('',(-0.992388105677,0.58762023679,
    -1.851104566268));
#4600 = CARTESIAN_POINT('',(-1.331650807569,1.271280294207E-16,
    -1.809437899601));
#4601 = CARTESIAN_POINT('',(-0.992388105677,-0.58762023679,
    -1.767771232935));
#4602 = CARTESIAN_POINT('',(-0.653125403784,-1.175240473581,
    -1.726104566268));
#4603 = CARTESIAN_POINT('',(2.54E-02,-1.175240473581,-1.684437899601));
#4604 = CARTESIAN_POINT('',(0.703925403784,-1.175240473581,
    -1.642771232935));
#4605 = CARTESIAN_POINT('',(1.043188105677,-0.58762023679,
    -1.601104566268));
#4606 = CARTESIAN_POINT('',(1.382450807569,-2.052535561332E-16,
    -1.559437899601));
#4607 = CARTESIAN_POINT('',(1.043188105677,0.58762023679,-1.517771232935
    ));
#4608 = CARTESIAN_POINT('',(0.703925403784,1.175240473581,
    -1.476104566268));
#4609 = CARTESIAN_POINT('',(2.54E-02,1.175240473581,-1.434437899601));
#4610 = CARTESIAN_POINT('',(-0.653125403784,1.175240473581,
    -1.392771232935));
#4611 = CARTESIAN_POINT('',(-0.992388105677,0.58762023679,
    -1.351104566268));
#4612 = CARTESIAN_POINT('',(-1.331650807569,1.271280294207E-16,
    -1.309437899601));
#4613 = CARTESIAN_POINT('',(-0.992388105677,-0.58762023679,
    -1.267771232935));
#4614 = CARTESIAN_POINT('',(-0.653125403784,-1.175240473581,
    -1.226104566268));
#4615 = CARTESIAN_POINT('',(2.54E-02,-1.175240473581,-1.184437899601));
#4616 = CARTESIAN_POINT('',(0.703925403784,-1.175240473581,
    -1.142771232935));
#4617 = CARTESIAN_POINT('',(1.043188105677,-0.58762023679,
    -1.101104566268));
#4618 = CARTESIAN_POINT('',(1.382450807569,-2.052535561332E-16,
    -1.059437899601));
#4619 = CARTESIAN_POINT('',(1.043188105677,0.58762023679,-1.017771232935
    ));
#4620 = CARTESIAN_POINT('',(0.703925403784,1.175240473581,
    -0.976104566268));
#4621 = CARTESIAN_POINT('',(2.54E-02,1.175240473581,-0.934437899601));
#4622 = CARTESIAN_POINT('',(-0.653125403784,1.175240473581,
    -0.892771232935));
#4623 = CARTESIAN_POINT('',(-0.992388105677,0.58762023679,
    -0.851104566268));
#4624 = CARTESIAN_POINT('',(-1.331650807569,1.271280294207E-16,
    -0.809437899601));
#4625 = CARTESIAN_POINT('',(-0.992388105677,-0.58762023679,
    -0.767771232935));
#4626 = CARTESIAN_POINT('',(-0.653125403784,-1.175240473581,
    -0.726104566268));
#4627 = CARTESIAN_POINT('',(2.54E-02,-1.175240473581,-0.684437899601));
#4628 = CARTESIAN_POINT('',(0.703925403784,-1.175240473581,
    -0.642771232935));
#4629 = CARTESIAN_POINT('',(1.043188105677,-0.58762023679,
    -0.601104566268));
#4630 = CARTESIAN_POINT('',(1.382450807569,-2.052535561332E-16,
    -0.559437899601));
#4631 = CARTESIAN_POINT('',(1.043188105677,0.58762023679,-0.517771232935
    ));
#4632 = CARTESIAN_POINT('',(0.703925403784,1.175240473581,
    -0.476104566268));
#4633 = CARTESIAN_POINT('',(2.54E-02,1.175240473581,-0.434437899601));
#4634 = CARTESIAN_POINT('',(-0.653125403784,1.175240473581,
    -0.392771232935));
#4635 = CARTESIAN_POINT('',(-0.992388105677,0.58762023679,
    -0.351104566268));
#4636 = CARTESIAN_POINT('',(-1.331650807569,1.271280294207E-16,
    -0.309437899601));
#4637 = CARTESIAN_POINT('',(-0.992388105677,-0.58762023679,
    -0.267771232935));
#4638 = CARTESIAN_POINT('',(-0.653125403784,-1.175240473581,
    -0.226104566268));
#4639 = CARTESIAN_POINT('',(2.54E-02,-1.175240473581,-0.184437899601));
#4640 = CARTESIAN_POINT('',(0.703925403784,-1.175240473581,
    -0.142771232935));
#4641 = CARTESIAN_POINT('',(1.043188105677,-0.58762023679,
    -0.101104566268));
#4642 = CARTESIAN_POINT('',(1.382450807569,-2.052535561332E-16,
    -5.943789960143E-02));
#4643 = CARTESIAN_POINT('',(1.043188105677,0.58762023679,
    -1.777123293476E-02));
#4644 = CARTESIAN_POINT('',(0.703925403784,1.175240473581,
    2.38954337319E-02));
#4645 = CARTESIAN_POINT('',(2.54E-02,1.175240473581,6.556210039857E-02)
  );
#4646 = CARTESIAN_POINT('',(-0.653125403784,1.175240473581,
    0.107228767065));
#4647 = CARTESIAN_POINT('',(-0.992388105677,0.58762023679,0.148895433732
    ));
#4648 = CARTESIAN_POINT('',(-1.331650807569,1.271280294207E-16,
    0.190562100399));
#4649 = CARTESIAN_POINT('',(-0.992388105677,-0.58762023679,
    0.232228767065));
#4650 = CARTESIAN_POINT('',(-0.653125403784,-1.175240473581,
    0.273895433732));
#4651 = CARTESIAN_POINT('',(2.54E-02,-1.175240473581,0.315562100399));
#4652 = CARTESIAN_POINT('',(0.703925403784,-1.175240473581,
    0.357228767065));
#4653 = CARTESIAN_POINT('',(1.043188105677,-0.58762023679,0.398895433732
    ));
#4654 = CARTESIAN_POINT('',(1.382450807569,-2.052535561332E-16,
    0.440562100399));
#4655 = CARTESIAN_POINT('',(1.043188105677,0.58762023679,0.482228767065)
  );
#4656 = CARTESIAN_POINT('',(0.703925403784,1.175240473581,0.523895433732
    ));
#4657 = CARTESIAN_POINT('',(2.54E-02,1.175240473581,0.565562100399));
#4658 = CARTESIAN_POINT('',(-0.653125403784,1.175240473581,
    0.607228767065));
#4659 = CARTESIAN_POINT('',(-0.992388105677,0.58762023679,0.648895433732
    ));
#4660 = CARTESIAN_POINT('',(-1.331650807569,1.271280294207E-16,
    0.690562100399));
#4661 = CARTESIAN_POINT('',(-0.992388105677,-0.58762023679,
    0.732228767065));
#4662 = CARTESIAN_POINT('',(-0.653125403784,-1.175240473581,
    0.773895433732));
#4663 = CARTESIAN_POINT('',(2.54E-02,-1.175240473581,0.815562100399));
#4664 = CARTESIAN_POINT('',(0.703925403784,-1.175240473581,
    0.857228767065));
#4665 = CARTESIAN_POINT('',(1.043188105677,-0.58762023679,0.898895433732
    ));
#4666 = CARTESIAN_POINT('',(1.382450807569,-2.052535561332E-16,
    0.940562100399));
#4667 = CARTESIAN_POINT('',(1.043188105677,0.58762023679,0.982228767065)
  );
#4668 = CARTESIAN_POINT('',(0.703925403784,1.175240473581,1.023895433732
    ));
#4669 = CARTESIAN_POINT('',(2.54E-02,1.175240473581,1.065562100399));
#4670 = CARTESIAN_POINT('',(-0.653125403784,1.175240473581,
    1.107228767065));
#4671 = CARTESIAN_POINT('',(-0.992388105677,0.58762023679,1.148895433732
    ));
#4672 = CARTESIAN_POINT('',(-1.331650807569,1.271280294207E-16,
    1.190562100399));
#4673 = CARTESIAN_POINT('',(-0.992388105677,-0.58762023679,
    1.232228767065));
#4674 = CARTESIAN_POINT('',(-0.653125403784,-1.175240473581,
    1.273895433732));
#4675 = CARTESIAN_POINT('',(2.54E-02,-1.175240473581,1.315562100399));
#4676 = CARTESIAN_POINT('',(0.703925403784,-1.175240473581,
    1.357228767065));
#4677 = CARTESIAN_POINT('',(1.043188105677,-0.58762023679,1.398895433732
    ));
#4678 = CARTESIAN_POINT('',(1.382450807569,-2.052535561332E-16,
    1.440562100399));
#4679 = CARTESIAN_POINT('',(1.043188105677,0.58762023679,1.482228767065)
  );
#4680 = CARTESIAN_POINT('',(0.703925403784,1.175240473581,1.523895433732
    ));
#4681 = CARTESIAN_POINT('',(2.54E-02,1.175240473581,1.565562100399));
#4682 = DEFINITIONAL_REPRESENTATION('',(#4683),#4686);
#4683 = B_SPLINE_CURVE_WITH_KNOTS('',1,(#4684,#4685),.UNSPECIFIED.,.F.,
  .F.,(2,2),(1.448894130789E-16,4.103594019643E-04),
  .PIECEWISE_BEZIER_KNOTS.);
#4684 = CARTESIAN_POINT('',(1.,0.409563753701));
#4685 = CARTESIAN_POINT('',(-8.24074831499E-16,0.406482312525));
#4686 = ( GEOMETRIC_REPRESENTATION_CONTEXT(2) 
PARAMETRIC_REPRESENTATION_CONTEXT() REPRESENTATION_CONTEXT('2D SPACE',''
  ) );
#4687 = ORIENTED_EDGE('',*,*,#4688,.F.);
#4688 = EDGE_CURVE('',#4689,#4490,#4691,.T.);
#4689 = VERTEX_POINT('',#4690);
#4690 = CARTESIAN_POINT('',(1.257607689811,0.855373724855,
    -0.261628805137));
#4691 = SURFACE_CURVE('',#4692,(#4697,#4703),.PCURVE_S1.);
#4692 = ELLIPSE('',#4693,1.553897182869,1.151497977303);
#4693 = AXIS2_PLACEMENT_3D('',#4694,#4695,#4696);
#4694 = CARTESIAN_POINT('',(2.084122480665,-0.438578858174,
    -0.117332257803));
#4695 = DIRECTION('',(-0.842321391501,-0.538917418058,
    -7.917697472445E-03));
#4696 = DIRECTION('',(0.538720680157,-0.841380439144,-4.311595294024E-02
    ));
#4697 = PCURVE('',#4182,#4698);
#4698 = DEFINITIONAL_REPRESENTATION('',(#4699),#4702);
#4699 = B_SPLINE_CURVE_WITH_KNOTS('',1,(#4700,#4701),.UNSPECIFIED.,.F.,
  .F.,(2,2),(3.325316060998,3.380883314025),.PIECEWISE_BEZIER_KNOTS.);
#4700 = CARTESIAN_POINT('',(0.453964243547,1.954401120575E-02));
#4701 = CARTESIAN_POINT('',(0.436829747113,1.867127815329E-02));
#4702 = ( GEOMETRIC_REPRESENTATION_CONTEXT(2) 
PARAMETRIC_REPRESENTATION_CONTEXT() REPRESENTATION_CONTEXT('2D SPACE',''
  ) );
#4703 = PCURVE('',#4704,#4709);
#4704 = CYLINDRICAL_SURFACE('',#4705,1.5);
#4705 = AXIS2_PLACEMENT_3D('',#4706,#4707,#4708);
#4706 = CARTESIAN_POINT('',(2.54E-02,-2.213789102784E-17,-1.253062100399
    ));
#4707 = DIRECTION('',(0.,-7.949183622941E-17,1.));
#4708 = DIRECTION('',(0.,-1.,-7.949183622941E-17));
#4709 = DEFINITIONAL_REPRESENTATION('',(#4710),#4713);
#4710 = B_SPLINE_CURVE_WITH_KNOTS('',1,(#4711,#4712),.UNSPECIFIED.,.F.,
  .F.,(2,2),(3.325316060998,3.380883314025),.PIECEWISE_BEZIER_KNOTS.);
#4711 = CARTESIAN_POINT('',(2.177605447058,0.991433295262));
#4712 = CARTESIAN_POINT('',(2.167326216282,0.928160314866));
#4713 = ( GEOMETRIC_REPRESENTATION_CONTEXT(2) 
PARAMETRIC_REPRESENTATION_CONTEXT() REPRESENTATION_CONTEXT('2D SPACE',''
  ) );
#4714 = ORIENTED_EDGE('',*,*,#4715,.T.);
#4715 = EDGE_CURVE('',#4689,#4716,#4718,.T.);
#4716 = VERTEX_POINT('',#4717);
#4717 = CARTESIAN_POINT('',(0.816008635231,0.869556298719,
    -5.632498312602E-02));
#4718 = SURFACE_CURVE('',#4719,(#4730,#4736),.PCURVE_S1.);
#4719 = B_SPLINE_CURVE_WITH_KNOTS('',3,(#4720,#4721,#4722,#4723,#4724,
    #4725,#4726,#4727,#4728,#4729),.UNSPECIFIED.,.F.,.F.,(4,3,3,4),(
    6.176936638025E-16,2.096730696473E-04,3.4844614215E-04,
    4.87307021606E-04),.UNSPECIFIED.);
#4720 = CARTESIAN_POINT('',(1.257607689811,0.855373724855,
    -0.261628805137));
#4721 = CARTESIAN_POINT('',(1.194757224383,0.860463089387,-0.23148461017
    ));
#4722 = CARTESIAN_POINT('',(1.131694564515,0.864159563307,
    -0.201517710415));
#4723 = CARTESIAN_POINT('',(1.068444665104,0.866562033753,
    -0.171879331808));
#4724 = CARTESIAN_POINT('',(1.026577756776,0.868152297309,
    -0.152260845586));
#4725 = CARTESIAN_POINT('',(0.984619492965,0.869175662067,
    -0.132782820803));
#4726 = CARTESIAN_POINT('',(0.942566495841,0.869663317631,
    -0.113506940078));
#4727 = CARTESIAN_POINT('',(0.900486859084,0.870151282113,
    -9.421884851364E-02));
#4728 = CARTESIAN_POINT('',(0.858305970574,0.870102473023,
    -7.512927868846E-02));
#4729 = CARTESIAN_POINT('',(0.816008635231,0.869556298719,
    -5.632498312602E-02));
#4730 = PCURVE('',#4182,#4731);
#4731 = DEFINITIONAL_REPRESENTATION('',(#4732),#4735);
#4732 = B_SPLINE_CURVE_WITH_KNOTS('',1,(#4733,#4734),.UNSPECIFIED.,.F.,
  .F.,(2,2),(6.176936638025E-16,4.87307021606E-04),
  .PIECEWISE_BEZIER_KNOTS.);
#4733 = CARTESIAN_POINT('',(0.453964243547,1.954401120575E-02));
#4734 = CARTESIAN_POINT('',(0.507985389446,6.370391666378E-02));
#4735 = ( GEOMETRIC_REPRESENTATION_CONTEXT(2) 
PARAMETRIC_REPRESENTATION_CONTEXT() REPRESENTATION_CONTEXT('2D SPACE',''
  ) );
#4736 = PCURVE('',#4737,#4908);
#4737 = ( BOUNDED_SURFACE() B_SPLINE_SURFACE(1,2,(
    (#4738,#4739,#4740,#4741,#4742,#4743,#4744,#4745,#4746,#4747,#4748
      ,#4749,#4750,#4751,#4752,#4753,#4754,#4755,#4756,#4757,#4758,#4759
      ,#4760,#4761,#4762,#4763,#4764,#4765,#4766,#4767,#4768,#4769,#4770
      ,#4771,#4772,#4773,#4774,#4775,#4776,#4777,#4778,#4779,#4780,#4781
      ,#4782,#4783,#4784,#4785,#4786,#4787,#4788,#4789,#4790,#4791,#4792
      ,#4793,#4794,#4795,#4796,#4797,#4798,#4799,#4800,#4801,#4802,#4803
      ,#4804,#4805,#4806,#4807,#4808,#4809,#4810,#4811,#4812,#4813,#4814
      ,#4815,#4816,#4817,#4818,#4819,#4820,#4821,#4822)
    ,(#4823,#4824,#4825,#4826,#4827,#4828,#4829,#4830,#4831,#4832,#4833
      ,#4834,#4835,#4836,#4837,#4838,#4839,#4840,#4841,#4842,#4843,#4844
      ,#4845,#4846,#4847,#4848,#4849,#4850,#4851,#4852,#4853,#4854,#4855
      ,#4856,#4857,#4858,#4859,#4860,#4861,#4862,#4863,#4864,#4865,#4866
      ,#4867,#4868,#4869,#4870,#4871,#4872,#4873,#4874,#4875,#4876,#4877
      ,#4878,#4879,#4880,#4881,#4882,#4883,#4884,#4885,#4886,#4887,#4888
      ,#4889,#4890,#4891,#4892,#4893,#4894,#4895,#4896,#4897,#4898,#4899
      ,#4900,#4901,#4902,#4903,#4904,#4905,#4906,#4907
)),.UNSPECIFIED.,.F.,.F.,.F.) B_SPLINE_SURFACE_WITH_KNOTS((2,2),(3,2,2,2
    ,2,2,2,2,2,2,2,2,2,2,2,2,2,2,2,2,2,2,2,2,2,2,2,2,2,2,2,2,2,2,2,2,2,2
    ,2,2,2,2,3),(0.,1.),(0.,2.380952380952E-02,4.761904761905E-02,
    7.142857142857E-02,9.52380952381E-02,0.119047619048,0.142857142857,
    0.166666666667,0.190476190476,0.214285714286,0.238095238095,
    0.261904761905,0.285714285714,0.309523809524,0.333333333333,
    0.357142857143,0.380952380952,0.404761904762,0.428571428571,
    0.452380952381,0.47619047619,0.5,0.52380952381,0.547619047619,
    0.571428571429,0.595238095238,0.619047619048,0.642857142857,
    0.666666666667,0.690476190476,0.714285714286,0.738095238095,
    0.761904761905,0.785714285714,0.809523809524,0.833333333333,
    0.857142857143,0.880952380952,0.904761904762,0.928571428571,
    0.952380952381,0.97619047619,1.),.UNSPECIFIED.) 
GEOMETRIC_REPRESENTATION_ITEM() RATIONAL_B_SPLINE_SURFACE((
    (1.,0.866025403784,1.,0.866025403784,1.,0.866025403784,1.
      ,0.866025403784,1.,0.866025403784,1.,0.866025403784,1.
      ,0.866025403784,1.,0.866025403784,1.,0.866025403784,1.
      ,0.866025403784,1.,0.866025403784,1.,0.866025403784,1.
      ,0.866025403784,1.,0.866025403784,1.,0.866025403784,1.
      ,0.866025403784,1.,0.866025403784,1.,0.866025403784,1.
      ,0.866025403784,1.,0.866025403784,1.,0.866025403784,1.
      ,0.866025403784,1.,0.866025403784,1.,0.866025403784,1.
      ,0.866025403784,1.,0.866025403784,1.,0.866025403784,1.
      ,0.866025403784,1.,0.866025403784,1.,0.866025403784,1.
      ,0.866025403784,1.,0.866025403784,1.,0.866025403784,1.
      ,0.866025403784,1.,0.866025403784,1.,0.866025403784,1.
      ,0.866025403784,1.,0.866025403784,1.,0.866025403784,1.
      ,0.866025403784,1.,0.866025403784,1.,0.866025403784,1.)
    ,(1.,0.866025403784,1.,0.866025403784,1.,0.866025403784,1.
      ,0.866025403784,1.,0.866025403784,1.,0.866025403784,1.
      ,0.866025403784,1.,0.866025403784,1.,0.866025403784,1.
      ,0.866025403784,1.,0.866025403784,1.,0.866025403784,1.
      ,0.866025403784,1.,0.866025403784,1.,0.866025403784,1.
      ,0.866025403784,1.,0.866025403784,1.,0.866025403784,1.
      ,0.866025403784,1.,0.866025403784,1.,0.866025403784,1.
      ,0.866025403784,1.,0.866025403784,1.,0.866025403784,1.
      ,0.866025403784,1.,0.866025403784,1.,0.866025403784,1.
      ,0.866025403784,1.,0.866025403784,1.,0.866025403784,1.
      ,0.866025403784,1.,0.866025403784,1.,0.866025403784,1.
      ,0.866025403784,1.,0.866025403784,1.,0.866025403784,1.
      ,0.866025403784,1.,0.866025403784,1.,0.866025403784,1.
      ,0.866025403784,1.,0.866025403784,1.,0.866025403784,1.
))) REPRESENTATION_ITEM('') SURFACE() );
#4738 = CARTESIAN_POINT('',(2.54E-02,1.175240473581,-1.996937899601));
#4739 = CARTESIAN_POINT('',(-0.653125403784,1.175240473581,
    -1.955271232935));
#4740 = CARTESIAN_POINT('',(-0.992388105677,0.58762023679,
    -1.913604566268));
#4741 = CARTESIAN_POINT('',(-1.331650807569,1.271280294207E-16,
    -1.871937899601));
#4742 = CARTESIAN_POINT('',(-0.992388105677,-0.58762023679,
    -1.830271232935));
#4743 = CARTESIAN_POINT('',(-0.653125403784,-1.175240473581,
    -1.788604566268));
#4744 = CARTESIAN_POINT('',(2.54E-02,-1.175240473581,-1.746937899601));
#4745 = CARTESIAN_POINT('',(0.703925403784,-1.175240473581,
    -1.705271232935));
#4746 = CARTESIAN_POINT('',(1.043188105677,-0.58762023679,
    -1.663604566268));
#4747 = CARTESIAN_POINT('',(1.382450807569,-2.052535561332E-16,
    -1.621937899601));
#4748 = CARTESIAN_POINT('',(1.043188105677,0.58762023679,-1.580271232935
    ));
#4749 = CARTESIAN_POINT('',(0.703925403784,1.175240473581,
    -1.538604566268));
#4750 = CARTESIAN_POINT('',(2.54E-02,1.175240473581,-1.496937899601));
#4751 = CARTESIAN_POINT('',(-0.653125403784,1.175240473581,
    -1.455271232935));
#4752 = CARTESIAN_POINT('',(-0.992388105677,0.58762023679,
    -1.413604566268));
#4753 = CARTESIAN_POINT('',(-1.331650807569,1.271280294207E-16,
    -1.371937899601));
#4754 = CARTESIAN_POINT('',(-0.992388105677,-0.58762023679,
    -1.330271232935));
#4755 = CARTESIAN_POINT('',(-0.653125403784,-1.175240473581,
    -1.288604566268));
#4756 = CARTESIAN_POINT('',(2.54E-02,-1.175240473581,-1.246937899601));
#4757 = CARTESIAN_POINT('',(0.703925403784,-1.175240473581,
    -1.205271232935));
#4758 = CARTESIAN_POINT('',(1.043188105677,-0.58762023679,
    -1.163604566268));
#4759 = CARTESIAN_POINT('',(1.382450807569,-2.052535561332E-16,
    -1.121937899601));
#4760 = CARTESIAN_POINT('',(1.043188105677,0.58762023679,-1.080271232935
    ));
#4761 = CARTESIAN_POINT('',(0.703925403784,1.175240473581,
    -1.038604566268));
#4762 = CARTESIAN_POINT('',(2.54E-02,1.175240473581,-0.996937899601));
#4763 = CARTESIAN_POINT('',(-0.653125403784,1.175240473581,
    -0.955271232935));
#4764 = CARTESIAN_POINT('',(-0.992388105677,0.58762023679,
    -0.913604566268));
#4765 = CARTESIAN_POINT('',(-1.331650807569,1.271280294207E-16,
    -0.871937899601));
#4766 = CARTESIAN_POINT('',(-0.992388105677,-0.58762023679,
    -0.830271232935));
#4767 = CARTESIAN_POINT('',(-0.653125403784,-1.175240473581,
    -0.788604566268));
#4768 = CARTESIAN_POINT('',(2.54E-02,-1.175240473581,-0.746937899601));
#4769 = CARTESIAN_POINT('',(0.703925403784,-1.175240473581,
    -0.705271232935));
#4770 = CARTESIAN_POINT('',(1.043188105677,-0.58762023679,
    -0.663604566268));
#4771 = CARTESIAN_POINT('',(1.382450807569,-2.052535561332E-16,
    -0.621937899601));
#4772 = CARTESIAN_POINT('',(1.043188105677,0.58762023679,-0.580271232935
    ));
#4773 = CARTESIAN_POINT('',(0.703925403784,1.175240473581,
    -0.538604566268));
#4774 = CARTESIAN_POINT('',(2.54E-02,1.175240473581,-0.496937899601));
#4775 = CARTESIAN_POINT('',(-0.653125403784,1.175240473581,
    -0.455271232935));
#4776 = CARTESIAN_POINT('',(-0.992388105677,0.58762023679,
    -0.413604566268));
#4777 = CARTESIAN_POINT('',(-1.331650807569,1.271280294207E-16,
    -0.371937899601));
#4778 = CARTESIAN_POINT('',(-0.992388105677,-0.58762023679,
    -0.330271232935));
#4779 = CARTESIAN_POINT('',(-0.653125403784,-1.175240473581,
    -0.288604566268));
#4780 = CARTESIAN_POINT('',(2.54E-02,-1.175240473581,-0.246937899601));
#4781 = CARTESIAN_POINT('',(0.703925403784,-1.175240473581,
    -0.205271232935));
#4782 = CARTESIAN_POINT('',(1.043188105677,-0.58762023679,
    -0.163604566268));
#4783 = CARTESIAN_POINT('',(1.382450807569,-2.052535561332E-16,
    -0.121937899601));
#4784 = CARTESIAN_POINT('',(1.043188105677,0.58762023679,
    -8.027123293476E-02));
#4785 = CARTESIAN_POINT('',(0.703925403784,1.175240473581,
    -3.86045662681E-02));
#4786 = CARTESIAN_POINT('',(2.54E-02,1.175240473581,3.06210039857E-03));
#4787 = CARTESIAN_POINT('',(-0.653125403784,1.175240473581,
    4.472876706524E-02));
#4788 = CARTESIAN_POINT('',(-0.992388105677,0.58762023679,
    8.63954337319E-02));
#4789 = CARTESIAN_POINT('',(-1.331650807569,1.271280294207E-16,
    0.128062100399));
#4790 = CARTESIAN_POINT('',(-0.992388105677,-0.58762023679,
    0.169728767065));
#4791 = CARTESIAN_POINT('',(-0.653125403784,-1.175240473581,
    0.211395433732));
#4792 = CARTESIAN_POINT('',(2.54E-02,-1.175240473581,0.253062100399));
#4793 = CARTESIAN_POINT('',(0.703925403784,-1.175240473581,
    0.294728767065));
#4794 = CARTESIAN_POINT('',(1.043188105677,-0.58762023679,0.336395433732
    ));
#4795 = CARTESIAN_POINT('',(1.382450807569,-2.052535561332E-16,
    0.378062100399));
#4796 = CARTESIAN_POINT('',(1.043188105677,0.58762023679,0.419728767065)
  );
#4797 = CARTESIAN_POINT('',(0.703925403784,1.175240473581,0.461395433732
    ));
#4798 = CARTESIAN_POINT('',(2.54E-02,1.175240473581,0.503062100399));
#4799 = CARTESIAN_POINT('',(-0.653125403784,1.175240473581,
    0.544728767065));
#4800 = CARTESIAN_POINT('',(-0.992388105677,0.58762023679,0.586395433732
    ));
#4801 = CARTESIAN_POINT('',(-1.331650807569,1.271280294207E-16,
    0.628062100399));
#4802 = CARTESIAN_POINT('',(-0.992388105677,-0.58762023679,
    0.669728767065));
#4803 = CARTESIAN_POINT('',(-0.653125403784,-1.175240473581,
    0.711395433732));
#4804 = CARTESIAN_POINT('',(2.54E-02,-1.175240473581,0.753062100399));
#4805 = CARTESIAN_POINT('',(0.703925403784,-1.175240473581,
    0.794728767065));
#4806 = CARTESIAN_POINT('',(1.043188105677,-0.58762023679,0.836395433732
    ));
#4807 = CARTESIAN_POINT('',(1.382450807569,-2.052535561332E-16,
    0.878062100399));
#4808 = CARTESIAN_POINT('',(1.043188105677,0.58762023679,0.919728767065)
  );
#4809 = CARTESIAN_POINT('',(0.703925403784,1.175240473581,0.961395433732
    ));
#4810 = CARTESIAN_POINT('',(2.54E-02,1.175240473581,1.003062100399));
#4811 = CARTESIAN_POINT('',(-0.653125403784,1.175240473581,
    1.044728767065));
#4812 = CARTESIAN_POINT('',(-0.992388105677,0.58762023679,1.086395433732
    ));
#4813 = CARTESIAN_POINT('',(-1.331650807569,1.271280294207E-16,
    1.128062100399));
#4814 = CARTESIAN_POINT('',(-0.992388105677,-0.58762023679,
    1.169728767065));
#4815 = CARTESIAN_POINT('',(-0.653125403784,-1.175240473581,
    1.211395433732));
#4816 = CARTESIAN_POINT('',(2.54E-02,-1.175240473581,1.253062100399));
#4817 = CARTESIAN_POINT('',(0.703925403784,-1.175240473581,
    1.294728767065));
#4818 = CARTESIAN_POINT('',(1.043188105677,-0.58762023679,1.336395433732
    ));
#4819 = CARTESIAN_POINT('',(1.382450807569,-2.052535561332E-16,
    1.378062100399));
#4820 = CARTESIAN_POINT('',(1.043188105677,0.58762023679,1.419728767065)
  );
#4821 = CARTESIAN_POINT('',(0.703925403784,1.175240473581,1.461395433732
    ));
#4822 = CARTESIAN_POINT('',(2.54E-02,1.175240473581,1.503062100399));
#4823 = CARTESIAN_POINT('',(2.54E-02,1.5,-2.184437899601));
#4824 = CARTESIAN_POINT('',(-0.840625403784,1.5,-2.142771232935));
#4825 = CARTESIAN_POINT('',(-1.273638105677,0.75,-2.101104566268));
#4826 = CARTESIAN_POINT('',(-1.706650807569,1.500901569047E-16,
    -2.059437899601));
#4827 = CARTESIAN_POINT('',(-1.273638105677,-0.75,-2.017771232935));
#4828 = CARTESIAN_POINT('',(-0.840625403784,-1.5,-1.976104566268));
#4829 = CARTESIAN_POINT('',(2.54E-02,-1.5,-1.934437899601));
#4830 = CARTESIAN_POINT('',(0.891425403784,-1.5,-1.892771232935));
#4831 = CARTESIAN_POINT('',(1.324438105677,-0.75,-1.851104566268));
#4832 = CARTESIAN_POINT('',(1.757450807569,-2.741399385853E-16,
    -1.809437899601));
#4833 = CARTESIAN_POINT('',(1.324438105677,0.75,-1.767771232935));
#4834 = CARTESIAN_POINT('',(0.891425403784,1.5,-1.726104566268));
#4835 = CARTESIAN_POINT('',(2.54E-02,1.5,-1.684437899601));
#4836 = CARTESIAN_POINT('',(-0.840625403784,1.5,-1.642771232935));
#4837 = CARTESIAN_POINT('',(-1.273638105677,0.75,-1.601104566268));
#4838 = CARTESIAN_POINT('',(-1.706650807569,1.500901569047E-16,
    -1.559437899601));
#4839 = CARTESIAN_POINT('',(-1.273638105677,-0.75,-1.517771232935));
#4840 = CARTESIAN_POINT('',(-0.840625403784,-1.5,-1.476104566268));
#4841 = CARTESIAN_POINT('',(2.54E-02,-1.5,-1.434437899601));
#4842 = CARTESIAN_POINT('',(0.891425403784,-1.5,-1.392771232935));
#4843 = CARTESIAN_POINT('',(1.324438105677,-0.75,-1.351104566268));
#4844 = CARTESIAN_POINT('',(1.757450807569,-2.741399385853E-16,
    -1.309437899601));
#4845 = CARTESIAN_POINT('',(1.324438105677,0.75,-1.267771232935));
#4846 = CARTESIAN_POINT('',(0.891425403784,1.5,-1.226104566268));
#4847 = CARTESIAN_POINT('',(2.54E-02,1.5,-1.184437899601));
#4848 = CARTESIAN_POINT('',(-0.840625403784,1.5,-1.142771232935));
#4849 = CARTESIAN_POINT('',(-1.273638105677,0.75,-1.101104566268));
#4850 = CARTESIAN_POINT('',(-1.706650807569,1.500901569047E-16,
    -1.059437899601));
#4851 = CARTESIAN_POINT('',(-1.273638105677,-0.75,-1.017771232935));
#4852 = CARTESIAN_POINT('',(-0.840625403784,-1.5,-0.976104566268));
#4853 = CARTESIAN_POINT('',(2.54E-02,-1.5,-0.934437899601));
#4854 = CARTESIAN_POINT('',(0.891425403784,-1.5,-0.892771232935));
#4855 = CARTESIAN_POINT('',(1.324438105677,-0.75,-0.851104566268));
#4856 = CARTESIAN_POINT('',(1.757450807569,-2.741399385853E-16,
    -0.809437899601));
#4857 = CARTESIAN_POINT('',(1.324438105677,0.75,-0.767771232935));
#4858 = CARTESIAN_POINT('',(0.891425403784,1.5,-0.726104566268));
#4859 = CARTESIAN_POINT('',(2.54E-02,1.5,-0.684437899601));
#4860 = CARTESIAN_POINT('',(-0.840625403784,1.5,-0.642771232935));
#4861 = CARTESIAN_POINT('',(-1.273638105677,0.75,-0.601104566268));
#4862 = CARTESIAN_POINT('',(-1.706650807569,1.500901569047E-16,
    -0.559437899601));
#4863 = CARTESIAN_POINT('',(-1.273638105677,-0.75,-0.517771232935));
#4864 = CARTESIAN_POINT('',(-0.840625403784,-1.5,-0.476104566268));
#4865 = CARTESIAN_POINT('',(2.54E-02,-1.5,-0.434437899601));
#4866 = CARTESIAN_POINT('',(0.891425403784,-1.5,-0.392771232935));
#4867 = CARTESIAN_POINT('',(1.324438105677,-0.75,-0.351104566268));
#4868 = CARTESIAN_POINT('',(1.757450807569,-2.741399385853E-16,
    -0.309437899601));
#4869 = CARTESIAN_POINT('',(1.324438105677,0.75,-0.267771232935));
#4870 = CARTESIAN_POINT('',(0.891425403784,1.5,-0.226104566268));
#4871 = CARTESIAN_POINT('',(2.54E-02,1.5,-0.184437899601));
#4872 = CARTESIAN_POINT('',(-0.840625403784,1.5,-0.142771232935));
#4873 = CARTESIAN_POINT('',(-1.273638105677,0.75,-0.101104566268));
#4874 = CARTESIAN_POINT('',(-1.706650807569,1.500901569047E-16,
    -5.943789960143E-02));
#4875 = CARTESIAN_POINT('',(-1.273638105677,-0.75,-1.777123293477E-02));
#4876 = CARTESIAN_POINT('',(-0.840625403784,-1.5,2.38954337319E-02));
#4877 = CARTESIAN_POINT('',(2.54E-02,-1.5,6.556210039857E-02));
#4878 = CARTESIAN_POINT('',(0.891425403784,-1.5,0.107228767065));
#4879 = CARTESIAN_POINT('',(1.324438105677,-0.75,0.148895433732));
#4880 = CARTESIAN_POINT('',(1.757450807569,-2.741399385853E-16,
    0.190562100399));
#4881 = CARTESIAN_POINT('',(1.324438105677,0.75,0.232228767065));
#4882 = CARTESIAN_POINT('',(0.891425403784,1.5,0.273895433732));
#4883 = CARTESIAN_POINT('',(2.54E-02,1.5,0.315562100399));
#4884 = CARTESIAN_POINT('',(-0.840625403784,1.5,0.357228767065));
#4885 = CARTESIAN_POINT('',(-1.273638105677,0.75,0.398895433732));
#4886 = CARTESIAN_POINT('',(-1.706650807569,1.500901569047E-16,
    0.440562100399));
#4887 = CARTESIAN_POINT('',(-1.273638105677,-0.75,0.482228767065));
#4888 = CARTESIAN_POINT('',(-0.840625403784,-1.5,0.523895433732));
#4889 = CARTESIAN_POINT('',(2.54E-02,-1.5,0.565562100399));
#4890 = CARTESIAN_POINT('',(0.891425403784,-1.5,0.607228767065));
#4891 = CARTESIAN_POINT('',(1.324438105677,-0.75,0.648895433732));
#4892 = CARTESIAN_POINT('',(1.757450807569,-2.741399385853E-16,
    0.690562100399));
#4893 = CARTESIAN_POINT('',(1.324438105677,0.75,0.732228767065));
#4894 = CARTESIAN_POINT('',(0.891425403784,1.5,0.773895433732));
#4895 = CARTESIAN_POINT('',(2.54E-02,1.5,0.815562100399));
#4896 = CARTESIAN_POINT('',(-0.840625403784,1.5,0.857228767065));
#4897 = CARTESIAN_POINT('',(-1.273638105677,0.75,0.898895433732));
#4898 = CARTESIAN_POINT('',(-1.706650807569,1.500901569047E-16,
    0.940562100399));
#4899 = CARTESIAN_POINT('',(-1.273638105677,-0.75,0.982228767065));
#4900 = CARTESIAN_POINT('',(-0.840625403784,-1.5,1.023895433732));
#4901 = CARTESIAN_POINT('',(2.54E-02,-1.5,1.065562100399));
#4902 = CARTESIAN_POINT('',(0.891425403784,-1.5,1.107228767065));
#4903 = CARTESIAN_POINT('',(1.324438105677,-0.75,1.148895433732));
#4904 = CARTESIAN_POINT('',(1.757450807569,-2.741399385853E-16,
    1.190562100399));
#4905 = CARTESIAN_POINT('',(1.324438105677,0.75,1.232228767065));
#4906 = CARTESIAN_POINT('',(0.891425403784,1.5,1.273895433732));
#4907 = CARTESIAN_POINT('',(2.54E-02,1.5,1.315562100399));
#4908 = DEFINITIONAL_REPRESENTATION('',(#4909),#4935);
#4909 = B_SPLINE_CURVE_WITH_KNOTS('',3,(#4910,#4911,#4912,#4913,#4914,
    #4915,#4916,#4917,#4918,#4919,#4920,#4921,#4922,#4923,#4924,#4925,
    #4926,#4927,#4928,#4929,#4930,#4931,#4932,#4933,#4934),
  .UNSPECIFIED.,.F.,.F.,(4,1,1,1,1,1,1,1,1,1,1,1,1,1,1,1,1,1,1,1,1,1,4),
  (6.176936638025E-16,2.21503191645E-05,4.430063832838E-05,
    6.645095749226E-05,8.860127665614E-05,1.1075159582E-04,
    1.329019149839E-04,1.550522341478E-04,1.772025533117E-04,
    1.993528724755E-04,2.215031916394E-04,2.436535108033E-04,
    2.658038299672E-04,2.879541491311E-04,3.101044682949E-04,
    3.322547874588E-04,3.544051066227E-04,3.765554257866E-04,
    3.987057449505E-04,4.208560641144E-04,4.430063832782E-04,
    4.651567024421E-04,4.87307021606E-04),.QUASI_UNIFORM_KNOTS.);
#4910 = CARTESIAN_POINT('',(1.,0.549579522108));
#4911 = CARTESIAN_POINT('',(0.984149221631,0.549645273561));
#4912 = CARTESIAN_POINT('',(0.952490929388,0.549777649873));
#4913 = CARTESIAN_POINT('',(0.905140506188,0.549978927419));
#4914 = CARTESIAN_POINT('',(0.857934221051,0.550183009735));
#4915 = CARTESIAN_POINT('',(0.810879542621,0.550389992574));
#4916 = CARTESIAN_POINT('',(0.763984187987,0.550599974424));
#4917 = CARTESIAN_POINT('',(0.717256128381,0.550813057136));
#4918 = CARTESIAN_POINT('',(0.670703727049,0.551029345275));
#4919 = CARTESIAN_POINT('',(0.624335247746,0.551248948647));
#4920 = CARTESIAN_POINT('',(0.5781607509,0.551471973388));
#4921 = CARTESIAN_POINT('',(0.532185070779,0.551698555622));
#4922 = CARTESIAN_POINT('',(0.486415013984,0.551928831853));
#4923 = CARTESIAN_POINT('',(0.440864907609,0.552162909257));
#4924 = CARTESIAN_POINT('',(0.395544243558,0.552400924267));
#4925 = CARTESIAN_POINT('',(0.35046435977,0.552643010439));
#4926 = CARTESIAN_POINT('',(0.305636464114,0.552889308346));
#4927 = CARTESIAN_POINT('',(0.261072950961,0.553139958654));
#4928 = CARTESIAN_POINT('',(0.216783631997,0.553395123287));
#4929 = CARTESIAN_POINT('',(0.172781804952,0.553654963313));
#4930 = CARTESIAN_POINT('',(0.129081587853,0.553919642012));
#4931 = CARTESIAN_POINT('',(8.569758084898E-02,0.554189328279));
#4932 = CARTESIAN_POINT('',(4.264491064136E-02,0.554464195178));
#4933 = CARTESIAN_POINT('',(1.417464077901E-02,0.554651013367));
#4934 = CARTESIAN_POINT('',(0.,0.5547453455));
#4935 = ( GEOMETRIC_REPRESENTATION_CONTEXT(2) 
PARAMETRIC_REPRESENTATION_CONTEXT() REPRESENTATION_CONTEXT('2D SPACE',''
  ) );
#4936 = ORIENTED_EDGE('',*,*,#4937,.T.);
#4937 = EDGE_CURVE('',#4716,#4938,#4940,.T.);
#4938 = VERTEX_POINT('',#4939);
#4939 = CARTESIAN_POINT('',(0.82000046513,0.865910082836,
    5.800615906667E-03));
#4940 = SURFACE_CURVE('',#4941,(#4952,#4958),.PCURVE_S1.);
#4941 = B_SPLINE_CURVE_WITH_KNOTS('',3,(#4942,#4943,#4944,#4945,#4946,
    #4947,#4948,#4949,#4950,#4951),.UNSPECIFIED.,.F.,.F.,(4,3,3,4),(
    1.226503707624E-18,1.562594401635E-05,3.125187361835E-05,
    6.238242554362E-05),.UNSPECIFIED.);
#4942 = CARTESIAN_POINT('',(0.816008635231,0.869556298719,
    -5.632498312602E-02));
#4943 = CARTESIAN_POINT('',(0.816174873474,0.869405153369,
    -5.112118317074E-02));
#4944 = CARTESIAN_POINT('',(0.816383464263,0.869215419148,
    -4.591954375123E-02));
#4945 = CARTESIAN_POINT('',(0.816634081116,0.868987226386,
    -4.072193532992E-02));
#4946 = CARTESIAN_POINT('',(0.816884697833,0.868759033748,
    -3.552432972116E-02));
#4947 = CARTESIAN_POINT('',(0.817177370325,0.868492355371,
    -3.03301314286E-02));
#4948 = CARTESIAN_POINT('',(0.817511644844,0.868187371969,
    -2.514117870635E-02));
#4949 = CARTESIAN_POINT('',(0.818177483013,0.867579878489,
    -1.480535413074E-02));
#4950 = CARTESIAN_POINT('',(0.819008757227,0.866820121392,
    -4.486755172195E-03));
#4951 = CARTESIAN_POINT('',(0.82000046513,0.865910082836,
    5.800615906667E-03));
#4952 = PCURVE('',#4182,#4953);
#4953 = DEFINITIONAL_REPRESENTATION('',(#4954),#4957);
#4954 = B_SPLINE_CURVE_WITH_KNOTS('',1,(#4955,#4956),.UNSPECIFIED.,.F.,
  .F.,(2,2),(1.226503707624E-18,6.238242554362E-05),
  .PIECEWISE_BEZIER_KNOTS.);
#4955 = CARTESIAN_POINT('',(0.507985389446,6.370391666378E-02));
#4956 = CARTESIAN_POINT('',(0.524269657499,6.330473367384E-02));
#4957 = ( GEOMETRIC_REPRESENTATION_CONTEXT(2) 
PARAMETRIC_REPRESENTATION_CONTEXT() REPRESENTATION_CONTEXT('2D SPACE',''
  ) );
#4958 = PCURVE('',#4959,#4964);
#4959 = CYLINDRICAL_SURFACE('',#4960,1.175240473581);
#4960 = AXIS2_PLACEMENT_3D('',#4961,#4962,#4963);
#4961 = CARTESIAN_POINT('',(2.54E-02,1.387778780781E-16,-1.965687899601)
  );
#4962 = DIRECTION('',(0.,0.,1.));
#4963 = DIRECTION('',(0.,1.,0.));
#4964 = DEFINITIONAL_REPRESENTATION('',(#4965),#4968);
#4965 = B_SPLINE_CURVE_WITH_KNOTS('',1,(#4966,#4967),.UNSPECIFIED.,.F.,
  .F.,(2,2),(1.226503707624E-18,6.238242554362E-05),
  .PIECEWISE_BEZIER_KNOTS.);
#4966 = CARTESIAN_POINT('',(5.545305454716,1.909362916475));
#4967 = CARTESIAN_POINT('',(5.540705166399,1.971488515508));
#4968 = ( GEOMETRIC_REPRESENTATION_CONTEXT(2) 
PARAMETRIC_REPRESENTATION_CONTEXT() REPRESENTATION_CONTEXT('2D SPACE',''
  ) );
#4969 = ORIENTED_EDGE('',*,*,#4970,.T.);
#4970 = EDGE_CURVE('',#4938,#4971,#4973,.T.);
#4971 = VERTEX_POINT('',#4972);
#4972 = CARTESIAN_POINT('',(1.270258201522,0.836856055785,0.174748167136
    ));
#4973 = SURFACE_CURVE('',#4974,(#4988,#4994),.PCURVE_S1.);
#4974 = B_SPLINE_CURVE_WITH_KNOTS('',3,(#4975,#4976,#4977,#4978,#4979,
    #4980,#4981,#4982,#4983,#4984,#4985,#4986,#4987),.UNSPECIFIED.,.F.,
  .F.,(4,3,3,3,4),(0.,1.551962401186E-02,2.399236670491E-02,
    4.155686531017E-02,4.798461069744E-02),.UNSPECIFIED.);
#4975 = CARTESIAN_POINT('',(0.82000046513,0.865910082836,
    5.800615906674E-03));
#4976 = CARTESIAN_POINT('',(0.869170097559,0.864493181902,
    2.181772375315E-02));
#4977 = CARTESIAN_POINT('',(0.918286905374,0.862612361959,
    3.884666535079E-02));
#4978 = CARTESIAN_POINT('',(0.967113838239,0.860172591302,
    5.655032559259E-02));
#4979 = CARTESIAN_POINT('',(0.993770285479,0.858840629329,
    6.621541527773E-02));
#4980 = CARTESIAN_POINT('',(1.020340336183,0.857342854413,
    7.60813157925E-02));
#4981 = CARTESIAN_POINT('',(1.046785418628,0.855670393016,
    8.609189553067E-02));
#4982 = CARTESIAN_POINT('',(1.101607644505,0.852203281249,0.106844421627
    ));
#4983 = CARTESIAN_POINT('',(1.156288851607,0.847958357042,0.128370960061
    ));
#4984 = CARTESIAN_POINT('',(1.210675510693,0.842835216816,0.150390624111
    ));
#4985 = CARTESIAN_POINT('',(1.230578361604,0.840960398656,0.158448741636
    ));
#4986 = CARTESIAN_POINT('',(1.250441766611,0.838968424585,0.166572698638
    ));
#4987 = CARTESIAN_POINT('',(1.270258201522,0.836856055785,0.174748167136
    ));
#4988 = PCURVE('',#4182,#4989);
#4989 = DEFINITIONAL_REPRESENTATION('',(#4990),#4993);
#4990 = B_SPLINE_CURVE_WITH_KNOTS('',1,(#4991,#4992),.UNSPECIFIED.,.F.,
  .F.,(2,2),(0.,4.798461069744E-02),.PIECEWISE_BEZIER_KNOTS.);
#4991 = CARTESIAN_POINT('',(0.524269657499,6.330473367384E-02));
#4992 = CARTESIAN_POINT('',(0.569674466235,1.827896003466E-02));
#4993 = ( GEOMETRIC_REPRESENTATION_CONTEXT(2) 
PARAMETRIC_REPRESENTATION_CONTEXT() REPRESENTATION_CONTEXT('2D SPACE',''
  ) );
#4994 = PCURVE('',#4995,#5166);
#4995 = ( BOUNDED_SURFACE() B_SPLINE_SURFACE(1,2,(
    (#4996,#4997,#4998,#4999,#5000,#5001,#5002,#5003,#5004,#5005,#5006
      ,#5007,#5008,#5009,#5010,#5011,#5012,#5013,#5014,#5015,#5016,#5017
      ,#5018,#5019,#5020,#5021,#5022,#5023,#5024,#5025,#5026,#5027,#5028
      ,#5029,#5030,#5031,#5032,#5033,#5034,#5035,#5036,#5037,#5038,#5039
      ,#5040,#5041,#5042,#5043,#5044,#5045,#5046,#5047,#5048,#5049,#5050
      ,#5051,#5052,#5053,#5054,#5055,#5056,#5057,#5058,#5059,#5060,#5061
      ,#5062,#5063,#5064,#5065,#5066,#5067,#5068,#5069,#5070,#5071,#5072
      ,#5073,#5074,#5075,#5076,#5077,#5078,#5079,#5080)
    ,(#5081,#5082,#5083,#5084,#5085,#5086,#5087,#5088,#5089,#5090,#5091
      ,#5092,#5093,#5094,#5095,#5096,#5097,#5098,#5099,#5100,#5101,#5102
      ,#5103,#5104,#5105,#5106,#5107,#5108,#5109,#5110,#5111,#5112,#5113
      ,#5114,#5115,#5116,#5117,#5118,#5119,#5120,#5121,#5122,#5123,#5124
      ,#5125,#5126,#5127,#5128,#5129,#5130,#5131,#5132,#5133,#5134,#5135
      ,#5136,#5137,#5138,#5139,#5140,#5141,#5142,#5143,#5144,#5145,#5146
      ,#5147,#5148,#5149,#5150,#5151,#5152,#5153,#5154,#5155,#5156,#5157
      ,#5158,#5159,#5160,#5161,#5162,#5163,#5164,#5165
)),.UNSPECIFIED.,.F.,.F.,.F.) B_SPLINE_SURFACE_WITH_KNOTS((2,2),(3,2,2,2
    ,2,2,2,2,2,2,2,2,2,2,2,2,2,2,2,2,2,2,2,2,2,2,2,2,2,2,2,2,2,2,2,2,2,2
    ,2,2,2,2,3),(0.,1.),(0.,2.380952380952E-02,4.761904761905E-02,
    7.142857142857E-02,9.52380952381E-02,0.119047619048,0.142857142857,
    0.166666666667,0.190476190476,0.214285714286,0.238095238095,
    0.261904761905,0.285714285714,0.309523809524,0.333333333333,
    0.357142857143,0.380952380952,0.404761904762,0.428571428571,
    0.452380952381,0.47619047619,0.5,0.52380952381,0.547619047619,
    0.571428571429,0.595238095238,0.619047619048,0.642857142857,
    0.666666666667,0.690476190476,0.714285714286,0.738095238095,
    0.761904761905,0.785714285714,0.809523809524,0.833333333333,
    0.857142857143,0.880952380952,0.904761904762,0.928571428571,
    0.952380952381,0.97619047619,1.),.UNSPECIFIED.) 
GEOMETRIC_REPRESENTATION_ITEM() RATIONAL_B_SPLINE_SURFACE((
    (1.,0.866025403784,1.,0.866025403784,1.,0.866025403784,1.
      ,0.866025403784,1.,0.866025403784,1.,0.866025403784,1.
      ,0.866025403784,1.,0.866025403784,1.,0.866025403784,1.
      ,0.866025403784,1.,0.866025403784,1.,0.866025403784,1.
      ,0.866025403784,1.,0.866025403784,1.,0.866025403784,1.
      ,0.866025403784,1.,0.866025403784,1.,0.866025403784,1.
      ,0.866025403784,1.,0.866025403784,1.,0.866025403784,1.
      ,0.866025403784,1.,0.866025403784,1.,0.866025403784,1.
      ,0.866025403784,1.,0.866025403784,1.,0.866025403784,1.
      ,0.866025403784,1.,0.866025403784,1.,0.866025403784,1.
      ,0.866025403784,1.,0.866025403784,1.,0.866025403784,1.
      ,0.866025403784,1.,0.866025403784,1.,0.866025403784,1.
      ,0.866025403784,1.,0.866025403784,1.,0.866025403784,1.
      ,0.866025403784,1.,0.866025403784,1.,0.866025403784,1.)
    ,(1.,0.866025403784,1.,0.866025403784,1.,0.866025403784,1.
      ,0.866025403784,1.,0.866025403784,1.,0.866025403784,1.
      ,0.866025403784,1.,0.866025403784,1.,0.866025403784,1.
      ,0.866025403784,1.,0.866025403784,1.,0.866025403784,1.
      ,0.866025403784,1.,0.866025403784,1.,0.866025403784,1.
      ,0.866025403784,1.,0.866025403784,1.,0.866025403784,1.
      ,0.866025403784,1.,0.866025403784,1.,0.866025403784,1.
      ,0.866025403784,1.,0.866025403784,1.,0.866025403784,1.
      ,0.866025403784,1.,0.866025403784,1.,0.866025403784,1.
      ,0.866025403784,1.,0.866025403784,1.,0.866025403784,1.
      ,0.866025403784,1.,0.866025403784,1.,0.866025403784,1.
      ,0.866025403784,1.,0.866025403784,1.,0.866025403784,1.
      ,0.866025403784,1.,0.866025403784,1.,0.866025403784,1.
      ,0.866025403784,1.,0.866025403784,1.,0.866025403784,1.
))) REPRESENTATION_ITEM('') SURFACE() );
#4996 = CARTESIAN_POINT('',(2.54E-02,1.5,-1.746937899601));
#4997 = CARTESIAN_POINT('',(-0.840625403784,1.5,-1.705271232935));
#4998 = CARTESIAN_POINT('',(-1.273638105677,0.75,-1.663604566268));
#4999 = CARTESIAN_POINT('',(-1.706650807569,1.500901569047E-16,
    -1.621937899601));
#5000 = CARTESIAN_POINT('',(-1.273638105677,-0.75,-1.580271232935));
#5001 = CARTESIAN_POINT('',(-0.840625403784,-1.5,-1.538604566268));
#5002 = CARTESIAN_POINT('',(2.54E-02,-1.5,-1.496937899601));
#5003 = CARTESIAN_POINT('',(0.891425403784,-1.5,-1.455271232935));
#5004 = CARTESIAN_POINT('',(1.324438105677,-0.75,-1.413604566268));
#5005 = CARTESIAN_POINT('',(1.757450807569,-2.741399385853E-16,
    -1.371937899601));
#5006 = CARTESIAN_POINT('',(1.324438105677,0.75,-1.330271232935));
#5007 = CARTESIAN_POINT('',(0.891425403784,1.5,-1.288604566268));
#5008 = CARTESIAN_POINT('',(2.54E-02,1.5,-1.246937899601));
#5009 = CARTESIAN_POINT('',(-0.840625403784,1.5,-1.205271232935));
#5010 = CARTESIAN_POINT('',(-1.273638105677,0.75,-1.163604566268));
#5011 = CARTESIAN_POINT('',(-1.706650807569,1.500901569047E-16,
    -1.121937899601));
#5012 = CARTESIAN_POINT('',(-1.273638105677,-0.75,-1.080271232935));
#5013 = CARTESIAN_POINT('',(-0.840625403784,-1.5,-1.038604566268));
#5014 = CARTESIAN_POINT('',(2.54E-02,-1.5,-0.996937899601));
#5015 = CARTESIAN_POINT('',(0.891425403784,-1.5,-0.955271232935));
#5016 = CARTESIAN_POINT('',(1.324438105677,-0.75,-0.913604566268));
#5017 = CARTESIAN_POINT('',(1.757450807569,-2.741399385853E-16,
    -0.871937899601));
#5018 = CARTESIAN_POINT('',(1.324438105677,0.75,-0.830271232935));
#5019 = CARTESIAN_POINT('',(0.891425403784,1.5,-0.788604566268));
#5020 = CARTESIAN_POINT('',(2.54E-02,1.5,-0.746937899601));
#5021 = CARTESIAN_POINT('',(-0.840625403784,1.5,-0.705271232935));
#5022 = CARTESIAN_POINT('',(-1.273638105677,0.75,-0.663604566268));
#5023 = CARTESIAN_POINT('',(-1.706650807569,1.500901569047E-16,
    -0.621937899601));
#5024 = CARTESIAN_POINT('',(-1.273638105677,-0.75,-0.580271232935));
#5025 = CARTESIAN_POINT('',(-0.840625403784,-1.5,-0.538604566268));
#5026 = CARTESIAN_POINT('',(2.54E-02,-1.5,-0.496937899601));
#5027 = CARTESIAN_POINT('',(0.891425403784,-1.5,-0.455271232935));
#5028 = CARTESIAN_POINT('',(1.324438105677,-0.75,-0.413604566268));
#5029 = CARTESIAN_POINT('',(1.757450807569,-2.741399385853E-16,
    -0.371937899601));
#5030 = CARTESIAN_POINT('',(1.324438105677,0.75,-0.330271232935));
#5031 = CARTESIAN_POINT('',(0.891425403784,1.5,-0.288604566268));
#5032 = CARTESIAN_POINT('',(2.54E-02,1.5,-0.246937899601));
#5033 = CARTESIAN_POINT('',(-0.840625403784,1.5,-0.205271232935));
#5034 = CARTESIAN_POINT('',(-1.273638105677,0.75,-0.163604566268));
#5035 = CARTESIAN_POINT('',(-1.706650807569,1.500901569047E-16,
    -0.121937899601));
#5036 = CARTESIAN_POINT('',(-1.273638105677,-0.75,-8.027123293476E-02));
#5037 = CARTESIAN_POINT('',(-0.840625403784,-1.5,-3.860456626809E-02));
#5038 = CARTESIAN_POINT('',(2.54E-02,-1.5,3.062100398572E-03));
#5039 = CARTESIAN_POINT('',(0.891425403784,-1.5,4.472876706524E-02));
#5040 = CARTESIAN_POINT('',(1.324438105677,-0.75,8.639543373191E-02));
#5041 = CARTESIAN_POINT('',(1.757450807569,-2.741399385853E-16,
    0.128062100399));
#5042 = CARTESIAN_POINT('',(1.324438105677,0.75,0.169728767065));
#5043 = CARTESIAN_POINT('',(0.891425403784,1.5,0.211395433732));
#5044 = CARTESIAN_POINT('',(2.54E-02,1.5,0.253062100399));
#5045 = CARTESIAN_POINT('',(-0.840625403784,1.5,0.294728767065));
#5046 = CARTESIAN_POINT('',(-1.273638105677,0.75,0.336395433732));
#5047 = CARTESIAN_POINT('',(-1.706650807569,1.500901569047E-16,
    0.378062100399));
#5048 = CARTESIAN_POINT('',(-1.273638105677,-0.75,0.419728767065));
#5049 = CARTESIAN_POINT('',(-0.840625403784,-1.5,0.461395433732));
#5050 = CARTESIAN_POINT('',(2.54E-02,-1.5,0.503062100399));
#5051 = CARTESIAN_POINT('',(0.891425403784,-1.5,0.544728767065));
#5052 = CARTESIAN_POINT('',(1.324438105677,-0.75,0.586395433732));
#5053 = CARTESIAN_POINT('',(1.757450807569,-2.741399385853E-16,
    0.628062100399));
#5054 = CARTESIAN_POINT('',(1.324438105677,0.75,0.669728767065));
#5055 = CARTESIAN_POINT('',(0.891425403784,1.5,0.711395433732));
#5056 = CARTESIAN_POINT('',(2.54E-02,1.5,0.753062100399));
#5057 = CARTESIAN_POINT('',(-0.840625403784,1.5,0.794728767065));
#5058 = CARTESIAN_POINT('',(-1.273638105677,0.75,0.836395433732));
#5059 = CARTESIAN_POINT('',(-1.706650807569,1.500901569047E-16,
    0.878062100399));
#5060 = CARTESIAN_POINT('',(-1.273638105677,-0.75,0.919728767065));
#5061 = CARTESIAN_POINT('',(-0.840625403784,-1.5,0.961395433732));
#5062 = CARTESIAN_POINT('',(2.54E-02,-1.5,1.003062100399));
#5063 = CARTESIAN_POINT('',(0.891425403784,-1.5,1.044728767065));
#5064 = CARTESIAN_POINT('',(1.324438105677,-0.75,1.086395433732));
#5065 = CARTESIAN_POINT('',(1.757450807569,-2.741399385853E-16,
    1.128062100399));
#5066 = CARTESIAN_POINT('',(1.324438105677,0.75,1.169728767065));
#5067 = CARTESIAN_POINT('',(0.891425403784,1.5,1.211395433732));
#5068 = CARTESIAN_POINT('',(2.54E-02,1.5,1.253062100399));
#5069 = CARTESIAN_POINT('',(-0.840625403784,1.5,1.294728767065));
#5070 = CARTESIAN_POINT('',(-1.273638105677,0.75,1.336395433732));
#5071 = CARTESIAN_POINT('',(-1.706650807569,1.500901569047E-16,
    1.378062100399));
#5072 = CARTESIAN_POINT('',(-1.273638105677,-0.75,1.419728767065));
#5073 = CARTESIAN_POINT('',(-0.840625403784,-1.5,1.461395433732));
#5074 = CARTESIAN_POINT('',(2.54E-02,-1.5,1.503062100399));
#5075 = CARTESIAN_POINT('',(0.891425403784,-1.5,1.544728767065));
#5076 = CARTESIAN_POINT('',(1.324438105677,-0.75,1.586395433732));
#5077 = CARTESIAN_POINT('',(1.757450807569,-2.741399385853E-16,
    1.628062100399));
#5078 = CARTESIAN_POINT('',(1.324438105677,0.75,1.669728767065));
#5079 = CARTESIAN_POINT('',(0.891425403784,1.5,1.711395433732));
#5080 = CARTESIAN_POINT('',(2.54E-02,1.5,1.753062100399));
#5081 = CARTESIAN_POINT('',(2.54E-02,1.175240473581,-1.934437899601));
#5082 = CARTESIAN_POINT('',(-0.653125403784,1.175240473581,
    -1.892771232935));
#5083 = CARTESIAN_POINT('',(-0.992388105677,0.58762023679,
    -1.851104566268));
#5084 = CARTESIAN_POINT('',(-1.331650807569,1.271280294207E-16,
    -1.809437899601));
#5085 = CARTESIAN_POINT('',(-0.992388105677,-0.58762023679,
    -1.767771232935));
#5086 = CARTESIAN_POINT('',(-0.653125403784,-1.175240473581,
    -1.726104566268));
#5087 = CARTESIAN_POINT('',(2.54E-02,-1.175240473581,-1.684437899601));
#5088 = CARTESIAN_POINT('',(0.703925403784,-1.175240473581,
    -1.642771232935));
#5089 = CARTESIAN_POINT('',(1.043188105677,-0.58762023679,
    -1.601104566268));
#5090 = CARTESIAN_POINT('',(1.382450807569,-2.052535561332E-16,
    -1.559437899601));
#5091 = CARTESIAN_POINT('',(1.043188105677,0.58762023679,-1.517771232935
    ));
#5092 = CARTESIAN_POINT('',(0.703925403784,1.175240473581,
    -1.476104566268));
#5093 = CARTESIAN_POINT('',(2.54E-02,1.175240473581,-1.434437899601));
#5094 = CARTESIAN_POINT('',(-0.653125403784,1.175240473581,
    -1.392771232935));
#5095 = CARTESIAN_POINT('',(-0.992388105677,0.58762023679,
    -1.351104566268));
#5096 = CARTESIAN_POINT('',(-1.331650807569,1.271280294207E-16,
    -1.309437899601));
#5097 = CARTESIAN_POINT('',(-0.992388105677,-0.58762023679,
    -1.267771232935));
#5098 = CARTESIAN_POINT('',(-0.653125403784,-1.175240473581,
    -1.226104566268));
#5099 = CARTESIAN_POINT('',(2.54E-02,-1.175240473581,-1.184437899601));
#5100 = CARTESIAN_POINT('',(0.703925403784,-1.175240473581,
    -1.142771232935));
#5101 = CARTESIAN_POINT('',(1.043188105677,-0.58762023679,
    -1.101104566268));
#5102 = CARTESIAN_POINT('',(1.382450807569,-2.052535561332E-16,
    -1.059437899601));
#5103 = CARTESIAN_POINT('',(1.043188105677,0.58762023679,-1.017771232935
    ));
#5104 = CARTESIAN_POINT('',(0.703925403784,1.175240473581,
    -0.976104566268));
#5105 = CARTESIAN_POINT('',(2.54E-02,1.175240473581,-0.934437899601));
#5106 = CARTESIAN_POINT('',(-0.653125403784,1.175240473581,
    -0.892771232935));
#5107 = CARTESIAN_POINT('',(-0.992388105677,0.58762023679,
    -0.851104566268));
#5108 = CARTESIAN_POINT('',(-1.331650807569,1.271280294207E-16,
    -0.809437899601));
#5109 = CARTESIAN_POINT('',(-0.992388105677,-0.58762023679,
    -0.767771232935));
#5110 = CARTESIAN_POINT('',(-0.653125403784,-1.175240473581,
    -0.726104566268));
#5111 = CARTESIAN_POINT('',(2.54E-02,-1.175240473581,-0.684437899601));
#5112 = CARTESIAN_POINT('',(0.703925403784,-1.175240473581,
    -0.642771232935));
#5113 = CARTESIAN_POINT('',(1.043188105677,-0.58762023679,
    -0.601104566268));
#5114 = CARTESIAN_POINT('',(1.382450807569,-2.052535561332E-16,
    -0.559437899601));
#5115 = CARTESIAN_POINT('',(1.043188105677,0.58762023679,-0.517771232935
    ));
#5116 = CARTESIAN_POINT('',(0.703925403784,1.175240473581,
    -0.476104566268));
#5117 = CARTESIAN_POINT('',(2.54E-02,1.175240473581,-0.434437899601));
#5118 = CARTESIAN_POINT('',(-0.653125403784,1.175240473581,
    -0.392771232935));
#5119 = CARTESIAN_POINT('',(-0.992388105677,0.58762023679,
    -0.351104566268));
#5120 = CARTESIAN_POINT('',(-1.331650807569,1.271280294207E-16,
    -0.309437899601));
#5121 = CARTESIAN_POINT('',(-0.992388105677,-0.58762023679,
    -0.267771232935));
#5122 = CARTESIAN_POINT('',(-0.653125403784,-1.175240473581,
    -0.226104566268));
#5123 = CARTESIAN_POINT('',(2.54E-02,-1.175240473581,-0.184437899601));
#5124 = CARTESIAN_POINT('',(0.703925403784,-1.175240473581,
    -0.142771232935));
#5125 = CARTESIAN_POINT('',(1.043188105677,-0.58762023679,
    -0.101104566268));
#5126 = CARTESIAN_POINT('',(1.382450807569,-2.052535561332E-16,
    -5.943789960143E-02));
#5127 = CARTESIAN_POINT('',(1.043188105677,0.58762023679,
    -1.777123293476E-02));
#5128 = CARTESIAN_POINT('',(0.703925403784,1.175240473581,
    2.38954337319E-02));
#5129 = CARTESIAN_POINT('',(2.54E-02,1.175240473581,6.556210039857E-02)
  );
#5130 = CARTESIAN_POINT('',(-0.653125403784,1.175240473581,
    0.107228767065));
#5131 = CARTESIAN_POINT('',(-0.992388105677,0.58762023679,0.148895433732
    ));
#5132 = CARTESIAN_POINT('',(-1.331650807569,1.271280294207E-16,
    0.190562100399));
#5133 = CARTESIAN_POINT('',(-0.992388105677,-0.58762023679,
    0.232228767065));
#5134 = CARTESIAN_POINT('',(-0.653125403784,-1.175240473581,
    0.273895433732));
#5135 = CARTESIAN_POINT('',(2.54E-02,-1.175240473581,0.315562100399));
#5136 = CARTESIAN_POINT('',(0.703925403784,-1.175240473581,
    0.357228767065));
#5137 = CARTESIAN_POINT('',(1.043188105677,-0.58762023679,0.398895433732
    ));
#5138 = CARTESIAN_POINT('',(1.382450807569,-2.052535561332E-16,
    0.440562100399));
#5139 = CARTESIAN_POINT('',(1.043188105677,0.58762023679,0.482228767065)
  );
#5140 = CARTESIAN_POINT('',(0.703925403784,1.175240473581,0.523895433732
    ));
#5141 = CARTESIAN_POINT('',(2.54E-02,1.175240473581,0.565562100399));
#5142 = CARTESIAN_POINT('',(-0.653125403784,1.175240473581,
    0.607228767065));
#5143 = CARTESIAN_POINT('',(-0.992388105677,0.58762023679,0.648895433732
    ));
#5144 = CARTESIAN_POINT('',(-1.331650807569,1.271280294207E-16,
    0.690562100399));
#5145 = CARTESIAN_POINT('',(-0.992388105677,-0.58762023679,
    0.732228767065));
#5146 = CARTESIAN_POINT('',(-0.653125403784,-1.175240473581,
    0.773895433732));
#5147 = CARTESIAN_POINT('',(2.54E-02,-1.175240473581,0.815562100399));
#5148 = CARTESIAN_POINT('',(0.703925403784,-1.175240473581,
    0.857228767065));
#5149 = CARTESIAN_POINT('',(1.043188105677,-0.58762023679,0.898895433732
    ));
#5150 = CARTESIAN_POINT('',(1.382450807569,-2.052535561332E-16,
    0.940562100399));
#5151 = CARTESIAN_POINT('',(1.043188105677,0.58762023679,0.982228767065)
  );
#5152 = CARTESIAN_POINT('',(0.703925403784,1.175240473581,1.023895433732
    ));
#5153 = CARTESIAN_POINT('',(2.54E-02,1.175240473581,1.065562100399));
#5154 = CARTESIAN_POINT('',(-0.653125403784,1.175240473581,
    1.107228767065));
#5155 = CARTESIAN_POINT('',(-0.992388105677,0.58762023679,1.148895433732
    ));
#5156 = CARTESIAN_POINT('',(-1.331650807569,1.271280294207E-16,
    1.190562100399));
#5157 = CARTESIAN_POINT('',(-0.992388105677,-0.58762023679,
    1.232228767065));
#5158 = CARTESIAN_POINT('',(-0.653125403784,-1.175240473581,
    1.273895433732));
#5159 = CARTESIAN_POINT('',(2.54E-02,-1.175240473581,1.315562100399));
#5160 = CARTESIAN_POINT('',(0.703925403784,-1.175240473581,
    1.357228767065));
#5161 = CARTESIAN_POINT('',(1.043188105677,-0.58762023679,1.398895433732
    ));
#5162 = CARTESIAN_POINT('',(1.382450807569,-2.052535561332E-16,
    1.440562100399));
#5163 = CARTESIAN_POINT('',(1.043188105677,0.58762023679,1.482228767065)
  );
#5164 = CARTESIAN_POINT('',(0.703925403784,1.175240473581,1.523895433732
    ));
#5165 = CARTESIAN_POINT('',(2.54E-02,1.175240473581,1.565562100399));
#5166 = DEFINITIONAL_REPRESENTATION('',(#5167),#5193);
#5167 = B_SPLINE_CURVE_WITH_KNOTS('',3,(#5168,#5169,#5170,#5171,#5172,
    #5173,#5174,#5175,#5176,#5177,#5178,#5179,#5180,#5181,#5182,#5183,
    #5184,#5185,#5186,#5187,#5188,#5189,#5190,#5191,#5192),
  .UNSPECIFIED.,.F.,.F.,(4,1,1,1,1,1,1,1,1,1,1,1,1,1,1,1,1,1,1,1,1,1,4),
  (0.,2.181118668066E-03,4.362237336131E-03,6.543356004197E-03,
    8.724474672262E-03,1.090559334033E-02,1.308671200839E-02,
    1.526783067646E-02,1.744894934452E-02,1.963006801259E-02,
    2.181118668066E-02,2.399230534872E-02,2.617342401679E-02,
    2.835454268485E-02,3.053566135292E-02,3.271678002098E-02,
    3.489789868905E-02,3.707901735712E-02,3.926013602518E-02,
    4.144125469325E-02,4.362237336131E-02,4.580349202938E-02,
    4.798461069744E-02),.QUASI_UNIFORM_KNOTS.);
#5168 = CARTESIAN_POINT('',(1.,0.554641944102));
#5169 = CARTESIAN_POINT('',(0.986065244357,0.554541966922));
#5170 = CARTESIAN_POINT('',(0.958027547459,0.554343968895));
#5171 = CARTESIAN_POINT('',(0.915495454541,0.554052725289));
#5172 = CARTESIAN_POINT('',(0.872516954124,0.553767120635));
#5173 = CARTESIAN_POINT('',(0.829120728445,0.553487036656));
#5174 = CARTESIAN_POINT('',(0.785335162874,0.553212353306));
#5175 = CARTESIAN_POINT('',(0.74118826155,0.55294294883));
#5176 = CARTESIAN_POINT('',(0.696707806837,0.552678700489));
#5177 = CARTESIAN_POINT('',(0.651920799498,0.552419484324));
#5178 = CARTESIAN_POINT('',(0.606854247872,0.552165192922));
#5179 = CARTESIAN_POINT('',(0.56153039776,0.55191569041));
#5180 = CARTESIAN_POINT('',(0.515988790206,0.551670936251));
#5181 = CARTESIAN_POINT('',(0.470202857779,0.551430538628));
#5182 = CARTESIAN_POINT('',(0.424137031419,0.551194106973));
#5183 = CARTESIAN_POINT('',(0.377821296758,0.550961603987));
#5184 = CARTESIAN_POINT('',(0.331267697034,0.550732899868));
#5185 = CARTESIAN_POINT('',(0.284492716234,0.550507891874));
#5186 = CARTESIAN_POINT('',(0.237511295691,0.550286472314));
#5187 = CARTESIAN_POINT('',(0.190338436367,0.550068537407));
#5188 = CARTESIAN_POINT('',(0.142988824381,0.549853984178));
#5189 = CARTESIAN_POINT('',(9.547677717401E-02,0.549642714235));
#5190 = CARTESIAN_POINT('',(4.781603115195E-02,0.549434636752));
#5191 = CARTESIAN_POINT('',(1.595216414537E-02,0.549297985669));
#5192 = CARTESIAN_POINT('',(0.,0.549230161708));
#5193 = ( GEOMETRIC_REPRESENTATION_CONTEXT(2) 
PARAMETRIC_REPRESENTATION_CONTEXT() REPRESENTATION_CONTEXT('2D SPACE',''
  ) );
#5194 = ORIENTED_EDGE('',*,*,#5195,.F.);
#5195 = EDGE_CURVE('',#5196,#4971,#5198,.T.);
#5196 = VERTEX_POINT('',#5197);
#5197 = CARTESIAN_POINT('',(1.282124614012,0.818928107062,0.236179245523
    ));
#5198 = SURFACE_CURVE('',#5199,(#5204,#5210),.PCURVE_S1.);
#5199 = ELLIPSE('',#5200,1.177520221033,0.984347301939);
#5200 = AXIS2_PLACEMENT_3D('',#5201,#5202,#5203);
#5201 = CARTESIAN_POINT('',(1.828194763379,-0.144927126839,
    -9.739787540342E-03));
#5202 = DIRECTION('',(-0.867378115055,-0.497142456737,2.246293019986E-02
    ));
#5203 = DIRECTION('',(0.489782129617,-0.844800762772,0.21546493155));
#5204 = PCURVE('',#4182,#5205);
#5205 = DEFINITIONAL_REPRESENTATION('',(#5206),#5209);
#5206 = B_SPLINE_CURVE_WITH_KNOTS('',1,(#5207,#5208),.UNSPECIFIED.,.F.,
  .F.,(2,2),(2.63343935855,2.696761452148),.PIECEWISE_BEZIER_KNOTS.);
#5207 = CARTESIAN_POINT('',(0.586947159836,1.709231878565E-02));
#5208 = CARTESIAN_POINT('',(0.569674466235,1.827896003466E-02));
#5209 = ( GEOMETRIC_REPRESENTATION_CONTEXT(2) 
PARAMETRIC_REPRESENTATION_CONTEXT() REPRESENTATION_CONTEXT('2D SPACE',''
  ) );
#5210 = PCURVE('',#5211,#5216);
#5211 = CYLINDRICAL_SURFACE('',#5212,1.5);
#5212 = AXIS2_PLACEMENT_3D('',#5213,#5214,#5215);
#5213 = CARTESIAN_POINT('',(2.54E-02,-2.213789102784E-17,-1.253062100399
    ));
#5214 = DIRECTION('',(0.,-7.949183622941E-17,1.));
#5215 = DIRECTION('',(0.,-1.,-7.949183622941E-17));
#5216 = DEFINITIONAL_REPRESENTATION('',(#5217),#5220);
#5217 = B_SPLINE_CURVE_WITH_KNOTS('',1,(#5218,#5219),.UNSPECIFIED.,.F.,
  .F.,(2,2),(2.63343935855,2.696761452148),.PIECEWISE_BEZIER_KNOTS.);
#5218 = CARTESIAN_POINT('',(2.148321393661,1.489241345921));
#5219 = CARTESIAN_POINT('',(2.162654432479,1.427810267534));
#5220 = ( GEOMETRIC_REPRESENTATION_CONTEXT(2) 
PARAMETRIC_REPRESENTATION_CONTEXT() REPRESENTATION_CONTEXT('2D SPACE',''
  ) );
#5221 = ORIENTED_EDGE('',*,*,#5222,.T.);
#5222 = EDGE_CURVE('',#5196,#5223,#5225,.T.);
#5223 = VERTEX_POINT('',#5224);
#5224 = CARTESIAN_POINT('',(0.945088996705,0.731684576906,0.430860424376
    ));
#5225 = SURFACE_CURVE('',#5226,(#5237,#5243),.PCURVE_S1.);
#5226 = B_SPLINE_CURVE_WITH_KNOTS('',3,(#5227,#5228,#5229,#5230,#5231,
    #5232,#5233,#5234,#5235,#5236),.UNSPECIFIED.,.F.,.F.,(4,2,2,2,4),(0.
    ,1.621005260539E-02,1.992636936405E-02,3.40636065207E-02,
    3.983140894797E-02),.UNSPECIFIED.);
#5227 = CARTESIAN_POINT('',(1.282124614012,0.818928107062,0.236179245523
    ));
#5228 = CARTESIAN_POINT('',(1.235584278734,0.81041872787,0.26227920182)
  );
#5229 = CARTESIAN_POINT('',(1.18908771009,0.800678166911,0.288584046761)
  );
#5230 = CARTESIAN_POINT('',(1.132587150878,0.787066081497,0.320951582192
    ));
#5231 = CARTESIAN_POINT('',(1.12207769897,0.784457440454,0.326989385796)
  );
#5232 = CARTESIAN_POINT('',(1.071752312663,0.771584280192,0.355989285737
    ));
#5233 = CARTESIAN_POINT('',(1.031960545341,0.760252322309,0.379183174241
    ));
#5234 = CARTESIAN_POINT('',(0.976755327727,0.742558948386,0.411897436972
    ));
#5235 = CARTESIAN_POINT('',(0.960855801791,0.73722684509,0.421383218366)
  );
#5236 = CARTESIAN_POINT('',(0.945088996705,0.731684576906,0.430860424376
    ));
#5237 = PCURVE('',#4182,#5238);
#5238 = DEFINITIONAL_REPRESENTATION('',(#5239),#5242);
#5239 = B_SPLINE_CURVE_WITH_KNOTS('',1,(#5240,#5241),.UNSPECIFIED.,.F.,
  .F.,(2,2),(0.,3.983140894797E-02),.PIECEWISE_BEZIER_KNOTS.);
#5240 = CARTESIAN_POINT('',(0.586947159836,1.709231878565E-02));
#5241 = CARTESIAN_POINT('',(0.646932142822,5.079588051636E-02));
#5242 = ( GEOMETRIC_REPRESENTATION_CONTEXT(2) 
PARAMETRIC_REPRESENTATION_CONTEXT() REPRESENTATION_CONTEXT('2D SPACE',''
  ) );
#5243 = PCURVE('',#5244,#5415);
#5244 = ( BOUNDED_SURFACE() B_SPLINE_SURFACE(1,2,(
    (#5245,#5246,#5247,#5248,#5249,#5250,#5251,#5252,#5253,#5254,#5255
      ,#5256,#5257,#5258,#5259,#5260,#5261,#5262,#5263,#5264,#5265,#5266
      ,#5267,#5268,#5269,#5270,#5271,#5272,#5273,#5274,#5275,#5276,#5277
      ,#5278,#5279,#5280,#5281,#5282,#5283,#5284,#5285,#5286,#5287,#5288
      ,#5289,#5290,#5291,#5292,#5293,#5294,#5295,#5296,#5297,#5298,#5299
      ,#5300,#5301,#5302,#5303,#5304,#5305,#5306,#5307,#5308,#5309,#5310
      ,#5311,#5312,#5313,#5314,#5315,#5316,#5317,#5318,#5319,#5320,#5321
      ,#5322,#5323,#5324,#5325,#5326,#5327,#5328,#5329)
    ,(#5330,#5331,#5332,#5333,#5334,#5335,#5336,#5337,#5338,#5339,#5340
      ,#5341,#5342,#5343,#5344,#5345,#5346,#5347,#5348,#5349,#5350,#5351
      ,#5352,#5353,#5354,#5355,#5356,#5357,#5358,#5359,#5360,#5361,#5362
      ,#5363,#5364,#5365,#5366,#5367,#5368,#5369,#5370,#5371,#5372,#5373
      ,#5374,#5375,#5376,#5377,#5378,#5379,#5380,#5381,#5382,#5383,#5384
      ,#5385,#5386,#5387,#5388,#5389,#5390,#5391,#5392,#5393,#5394,#5395
      ,#5396,#5397,#5398,#5399,#5400,#5401,#5402,#5403,#5404,#5405,#5406
      ,#5407,#5408,#5409,#5410,#5411,#5412,#5413,#5414
)),.UNSPECIFIED.,.F.,.F.,.F.) B_SPLINE_SURFACE_WITH_KNOTS((2,2),(3,2,2,2
    ,2,2,2,2,2,2,2,2,2,2,2,2,2,2,2,2,2,2,2,2,2,2,2,2,2,2,2,2,2,2,2,2,2,2
    ,2,2,2,2,3),(0.,1.),(0.,2.380952380952E-02,4.761904761905E-02,
    7.142857142857E-02,9.52380952381E-02,0.119047619048,0.142857142857,
    0.166666666667,0.190476190476,0.214285714286,0.238095238095,
    0.261904761905,0.285714285714,0.309523809524,0.333333333333,
    0.357142857143,0.380952380952,0.404761904762,0.428571428571,
    0.452380952381,0.47619047619,0.5,0.52380952381,0.547619047619,
    0.571428571429,0.595238095238,0.619047619048,0.642857142857,
    0.666666666667,0.690476190476,0.714285714286,0.738095238095,
    0.761904761905,0.785714285714,0.809523809524,0.833333333333,
    0.857142857143,0.880952380952,0.904761904762,0.928571428571,
    0.952380952381,0.97619047619,1.),.UNSPECIFIED.) 
GEOMETRIC_REPRESENTATION_ITEM() RATIONAL_B_SPLINE_SURFACE((
    (1.,0.866025403784,1.,0.866025403784,1.,0.866025403784,1.
      ,0.866025403784,1.,0.866025403784,1.,0.866025403784,1.
      ,0.866025403784,1.,0.866025403784,1.,0.866025403784,1.
      ,0.866025403784,1.,0.866025403784,1.,0.866025403784,1.
      ,0.866025403784,1.,0.866025403784,1.,0.866025403784,1.
      ,0.866025403784,1.,0.866025403784,1.,0.866025403784,1.
      ,0.866025403784,1.,0.866025403784,1.,0.866025403784,1.
      ,0.866025403784,1.,0.866025403784,1.,0.866025403784,1.
      ,0.866025403784,1.,0.866025403784,1.,0.866025403784,1.
      ,0.866025403784,1.,0.866025403784,1.,0.866025403784,1.
      ,0.866025403784,1.,0.866025403784,1.,0.866025403784,1.
      ,0.866025403784,1.,0.866025403784,1.,0.866025403784,1.
      ,0.866025403784,1.,0.866025403784,1.,0.866025403784,1.
      ,0.866025403784,1.,0.866025403784,1.,0.866025403784,1.)
    ,(1.,0.866025403784,1.,0.866025403784,1.,0.866025403784,1.
      ,0.866025403784,1.,0.866025403784,1.,0.866025403784,1.
      ,0.866025403784,1.,0.866025403784,1.,0.866025403784,1.
      ,0.866025403784,1.,0.866025403784,1.,0.866025403784,1.
      ,0.866025403784,1.,0.866025403784,1.,0.866025403784,1.
      ,0.866025403784,1.,0.866025403784,1.,0.866025403784,1.
      ,0.866025403784,1.,0.866025403784,1.,0.866025403784,1.
      ,0.866025403784,1.,0.866025403784,1.,0.866025403784,1.
      ,0.866025403784,1.,0.866025403784,1.,0.866025403784,1.
      ,0.866025403784,1.,0.866025403784,1.,0.866025403784,1.
      ,0.866025403784,1.,0.866025403784,1.,0.866025403784,1.
      ,0.866025403784,1.,0.866025403784,1.,0.866025403784,1.
      ,0.866025403784,1.,0.866025403784,1.,0.866025403784,1.
      ,0.866025403784,1.,0.866025403784,1.,0.866025403784,1.
))) REPRESENTATION_ITEM('') SURFACE() );
#5245 = CARTESIAN_POINT('',(2.54E-02,1.175240473581,-1.996937899601));
#5246 = CARTESIAN_POINT('',(-0.653125403784,1.175240473581,
    -1.955271232935));
#5247 = CARTESIAN_POINT('',(-0.992388105677,0.58762023679,
    -1.913604566268));
#5248 = CARTESIAN_POINT('',(-1.331650807569,1.271280294207E-16,
    -1.871937899601));
#5249 = CARTESIAN_POINT('',(-0.992388105677,-0.58762023679,
    -1.830271232935));
#5250 = CARTESIAN_POINT('',(-0.653125403784,-1.175240473581,
    -1.788604566268));
#5251 = CARTESIAN_POINT('',(2.54E-02,-1.175240473581,-1.746937899601));
#5252 = CARTESIAN_POINT('',(0.703925403784,-1.175240473581,
    -1.705271232935));
#5253 = CARTESIAN_POINT('',(1.043188105677,-0.58762023679,
    -1.663604566268));
#5254 = CARTESIAN_POINT('',(1.382450807569,-2.052535561332E-16,
    -1.621937899601));
#5255 = CARTESIAN_POINT('',(1.043188105677,0.58762023679,-1.580271232935
    ));
#5256 = CARTESIAN_POINT('',(0.703925403784,1.175240473581,
    -1.538604566268));
#5257 = CARTESIAN_POINT('',(2.54E-02,1.175240473581,-1.496937899601));
#5258 = CARTESIAN_POINT('',(-0.653125403784,1.175240473581,
    -1.455271232935));
#5259 = CARTESIAN_POINT('',(-0.992388105677,0.58762023679,
    -1.413604566268));
#5260 = CARTESIAN_POINT('',(-1.331650807569,1.271280294207E-16,
    -1.371937899601));
#5261 = CARTESIAN_POINT('',(-0.992388105677,-0.58762023679,
    -1.330271232935));
#5262 = CARTESIAN_POINT('',(-0.653125403784,-1.175240473581,
    -1.288604566268));
#5263 = CARTESIAN_POINT('',(2.54E-02,-1.175240473581,-1.246937899601));
#5264 = CARTESIAN_POINT('',(0.703925403784,-1.175240473581,
    -1.205271232935));
#5265 = CARTESIAN_POINT('',(1.043188105677,-0.58762023679,
    -1.163604566268));
#5266 = CARTESIAN_POINT('',(1.382450807569,-2.052535561332E-16,
    -1.121937899601));
#5267 = CARTESIAN_POINT('',(1.043188105677,0.58762023679,-1.080271232935
    ));
#5268 = CARTESIAN_POINT('',(0.703925403784,1.175240473581,
    -1.038604566268));
#5269 = CARTESIAN_POINT('',(2.54E-02,1.175240473581,-0.996937899601));
#5270 = CARTESIAN_POINT('',(-0.653125403784,1.175240473581,
    -0.955271232935));
#5271 = CARTESIAN_POINT('',(-0.992388105677,0.58762023679,
    -0.913604566268));
#5272 = CARTESIAN_POINT('',(-1.331650807569,1.271280294207E-16,
    -0.871937899601));
#5273 = CARTESIAN_POINT('',(-0.992388105677,-0.58762023679,
    -0.830271232935));
#5274 = CARTESIAN_POINT('',(-0.653125403784,-1.175240473581,
    -0.788604566268));
#5275 = CARTESIAN_POINT('',(2.54E-02,-1.175240473581,-0.746937899601));
#5276 = CARTESIAN_POINT('',(0.703925403784,-1.175240473581,
    -0.705271232935));
#5277 = CARTESIAN_POINT('',(1.043188105677,-0.58762023679,
    -0.663604566268));
#5278 = CARTESIAN_POINT('',(1.382450807569,-2.052535561332E-16,
    -0.621937899601));
#5279 = CARTESIAN_POINT('',(1.043188105677,0.58762023679,-0.580271232935
    ));
#5280 = CARTESIAN_POINT('',(0.703925403784,1.175240473581,
    -0.538604566268));
#5281 = CARTESIAN_POINT('',(2.54E-02,1.175240473581,-0.496937899601));
#5282 = CARTESIAN_POINT('',(-0.653125403784,1.175240473581,
    -0.455271232935));
#5283 = CARTESIAN_POINT('',(-0.992388105677,0.58762023679,
    -0.413604566268));
#5284 = CARTESIAN_POINT('',(-1.331650807569,1.271280294207E-16,
    -0.371937899601));
#5285 = CARTESIAN_POINT('',(-0.992388105677,-0.58762023679,
    -0.330271232935));
#5286 = CARTESIAN_POINT('',(-0.653125403784,-1.175240473581,
    -0.288604566268));
#5287 = CARTESIAN_POINT('',(2.54E-02,-1.175240473581,-0.246937899601));
#5288 = CARTESIAN_POINT('',(0.703925403784,-1.175240473581,
    -0.205271232935));
#5289 = CARTESIAN_POINT('',(1.043188105677,-0.58762023679,
    -0.163604566268));
#5290 = CARTESIAN_POINT('',(1.382450807569,-2.052535561332E-16,
    -0.121937899601));
#5291 = CARTESIAN_POINT('',(1.043188105677,0.58762023679,
    -8.027123293476E-02));
#5292 = CARTESIAN_POINT('',(0.703925403784,1.175240473581,
    -3.86045662681E-02));
#5293 = CARTESIAN_POINT('',(2.54E-02,1.175240473581,3.06210039857E-03));
#5294 = CARTESIAN_POINT('',(-0.653125403784,1.175240473581,
    4.472876706524E-02));
#5295 = CARTESIAN_POINT('',(-0.992388105677,0.58762023679,
    8.63954337319E-02));
#5296 = CARTESIAN_POINT('',(-1.331650807569,1.271280294207E-16,
    0.128062100399));
#5297 = CARTESIAN_POINT('',(-0.992388105677,-0.58762023679,
    0.169728767065));
#5298 = CARTESIAN_POINT('',(-0.653125403784,-1.175240473581,
    0.211395433732));
#5299 = CARTESIAN_POINT('',(2.54E-02,-1.175240473581,0.253062100399));
#5300 = CARTESIAN_POINT('',(0.703925403784,-1.175240473581,
    0.294728767065));
#5301 = CARTESIAN_POINT('',(1.043188105677,-0.58762023679,0.336395433732
    ));
#5302 = CARTESIAN_POINT('',(1.382450807569,-2.052535561332E-16,
    0.378062100399));
#5303 = CARTESIAN_POINT('',(1.043188105677,0.58762023679,0.419728767065)
  );
#5304 = CARTESIAN_POINT('',(0.703925403784,1.175240473581,0.461395433732
    ));
#5305 = CARTESIAN_POINT('',(2.54E-02,1.175240473581,0.503062100399));
#5306 = CARTESIAN_POINT('',(-0.653125403784,1.175240473581,
    0.544728767065));
#5307 = CARTESIAN_POINT('',(-0.992388105677,0.58762023679,0.586395433732
    ));
#5308 = CARTESIAN_POINT('',(-1.331650807569,1.271280294207E-16,
    0.628062100399));
#5309 = CARTESIAN_POINT('',(-0.992388105677,-0.58762023679,
    0.669728767065));
#5310 = CARTESIAN_POINT('',(-0.653125403784,-1.175240473581,
    0.711395433732));
#5311 = CARTESIAN_POINT('',(2.54E-02,-1.175240473581,0.753062100399));
#5312 = CARTESIAN_POINT('',(0.703925403784,-1.175240473581,
    0.794728767065));
#5313 = CARTESIAN_POINT('',(1.043188105677,-0.58762023679,0.836395433732
    ));
#5314 = CARTESIAN_POINT('',(1.382450807569,-2.052535561332E-16,
    0.878062100399));
#5315 = CARTESIAN_POINT('',(1.043188105677,0.58762023679,0.919728767065)
  );
#5316 = CARTESIAN_POINT('',(0.703925403784,1.175240473581,0.961395433732
    ));
#5317 = CARTESIAN_POINT('',(2.54E-02,1.175240473581,1.003062100399));
#5318 = CARTESIAN_POINT('',(-0.653125403784,1.175240473581,
    1.044728767065));
#5319 = CARTESIAN_POINT('',(-0.992388105677,0.58762023679,1.086395433732
    ));
#5320 = CARTESIAN_POINT('',(-1.331650807569,1.271280294207E-16,
    1.128062100399));
#5321 = CARTESIAN_POINT('',(-0.992388105677,-0.58762023679,
    1.169728767065));
#5322 = CARTESIAN_POINT('',(-0.653125403784,-1.175240473581,
    1.211395433732));
#5323 = CARTESIAN_POINT('',(2.54E-02,-1.175240473581,1.253062100399));
#5324 = CARTESIAN_POINT('',(0.703925403784,-1.175240473581,
    1.294728767065));
#5325 = CARTESIAN_POINT('',(1.043188105677,-0.58762023679,1.336395433732
    ));
#5326 = CARTESIAN_POINT('',(1.382450807569,-2.052535561332E-16,
    1.378062100399));
#5327 = CARTESIAN_POINT('',(1.043188105677,0.58762023679,1.419728767065)
  );
#5328 = CARTESIAN_POINT('',(0.703925403784,1.175240473581,1.461395433732
    ));
#5329 = CARTESIAN_POINT('',(2.54E-02,1.175240473581,1.503062100399));
#5330 = CARTESIAN_POINT('',(2.54E-02,1.5,-2.184437899601));
#5331 = CARTESIAN_POINT('',(-0.840625403784,1.5,-2.142771232935));
#5332 = CARTESIAN_POINT('',(-1.273638105677,0.75,-2.101104566268));
#5333 = CARTESIAN_POINT('',(-1.706650807569,1.500901569047E-16,
    -2.059437899601));
#5334 = CARTESIAN_POINT('',(-1.273638105677,-0.75,-2.017771232935));
#5335 = CARTESIAN_POINT('',(-0.840625403784,-1.5,-1.976104566268));
#5336 = CARTESIAN_POINT('',(2.54E-02,-1.5,-1.934437899601));
#5337 = CARTESIAN_POINT('',(0.891425403784,-1.5,-1.892771232935));
#5338 = CARTESIAN_POINT('',(1.324438105677,-0.75,-1.851104566268));
#5339 = CARTESIAN_POINT('',(1.757450807569,-2.741399385853E-16,
    -1.809437899601));
#5340 = CARTESIAN_POINT('',(1.324438105677,0.75,-1.767771232935));
#5341 = CARTESIAN_POINT('',(0.891425403784,1.5,-1.726104566268));
#5342 = CARTESIAN_POINT('',(2.54E-02,1.5,-1.684437899601));
#5343 = CARTESIAN_POINT('',(-0.840625403784,1.5,-1.642771232935));
#5344 = CARTESIAN_POINT('',(-1.273638105677,0.75,-1.601104566268));
#5345 = CARTESIAN_POINT('',(-1.706650807569,1.500901569047E-16,
    -1.559437899601));
#5346 = CARTESIAN_POINT('',(-1.273638105677,-0.75,-1.517771232935));
#5347 = CARTESIAN_POINT('',(-0.840625403784,-1.5,-1.476104566268));
#5348 = CARTESIAN_POINT('',(2.54E-02,-1.5,-1.434437899601));
#5349 = CARTESIAN_POINT('',(0.891425403784,-1.5,-1.392771232935));
#5350 = CARTESIAN_POINT('',(1.324438105677,-0.75,-1.351104566268));
#5351 = CARTESIAN_POINT('',(1.757450807569,-2.741399385853E-16,
    -1.309437899601));
#5352 = CARTESIAN_POINT('',(1.324438105677,0.75,-1.267771232935));
#5353 = CARTESIAN_POINT('',(0.891425403784,1.5,-1.226104566268));
#5354 = CARTESIAN_POINT('',(2.54E-02,1.5,-1.184437899601));
#5355 = CARTESIAN_POINT('',(-0.840625403784,1.5,-1.142771232935));
#5356 = CARTESIAN_POINT('',(-1.273638105677,0.75,-1.101104566268));
#5357 = CARTESIAN_POINT('',(-1.706650807569,1.500901569047E-16,
    -1.059437899601));
#5358 = CARTESIAN_POINT('',(-1.273638105677,-0.75,-1.017771232935));
#5359 = CARTESIAN_POINT('',(-0.840625403784,-1.5,-0.976104566268));
#5360 = CARTESIAN_POINT('',(2.54E-02,-1.5,-0.934437899601));
#5361 = CARTESIAN_POINT('',(0.891425403784,-1.5,-0.892771232935));
#5362 = CARTESIAN_POINT('',(1.324438105677,-0.75,-0.851104566268));
#5363 = CARTESIAN_POINT('',(1.757450807569,-2.741399385853E-16,
    -0.809437899601));
#5364 = CARTESIAN_POINT('',(1.324438105677,0.75,-0.767771232935));
#5365 = CARTESIAN_POINT('',(0.891425403784,1.5,-0.726104566268));
#5366 = CARTESIAN_POINT('',(2.54E-02,1.5,-0.684437899601));
#5367 = CARTESIAN_POINT('',(-0.840625403784,1.5,-0.642771232935));
#5368 = CARTESIAN_POINT('',(-1.273638105677,0.75,-0.601104566268));
#5369 = CARTESIAN_POINT('',(-1.706650807569,1.500901569047E-16,
    -0.559437899601));
#5370 = CARTESIAN_POINT('',(-1.273638105677,-0.75,-0.517771232935));
#5371 = CARTESIAN_POINT('',(-0.840625403784,-1.5,-0.476104566268));
#5372 = CARTESIAN_POINT('',(2.54E-02,-1.5,-0.434437899601));
#5373 = CARTESIAN_POINT('',(0.891425403784,-1.5,-0.392771232935));
#5374 = CARTESIAN_POINT('',(1.324438105677,-0.75,-0.351104566268));
#5375 = CARTESIAN_POINT('',(1.757450807569,-2.741399385853E-16,
    -0.309437899601));
#5376 = CARTESIAN_POINT('',(1.324438105677,0.75,-0.267771232935));
#5377 = CARTESIAN_POINT('',(0.891425403784,1.5,-0.226104566268));
#5378 = CARTESIAN_POINT('',(2.54E-02,1.5,-0.184437899601));
#5379 = CARTESIAN_POINT('',(-0.840625403784,1.5,-0.142771232935));
#5380 = CARTESIAN_POINT('',(-1.273638105677,0.75,-0.101104566268));
#5381 = CARTESIAN_POINT('',(-1.706650807569,1.500901569047E-16,
    -5.943789960143E-02));
#5382 = CARTESIAN_POINT('',(-1.273638105677,-0.75,-1.777123293477E-02));
#5383 = CARTESIAN_POINT('',(-0.840625403784,-1.5,2.38954337319E-02));
#5384 = CARTESIAN_POINT('',(2.54E-02,-1.5,6.556210039857E-02));
#5385 = CARTESIAN_POINT('',(0.891425403784,-1.5,0.107228767065));
#5386 = CARTESIAN_POINT('',(1.324438105677,-0.75,0.148895433732));
#5387 = CARTESIAN_POINT('',(1.757450807569,-2.741399385853E-16,
    0.190562100399));
#5388 = CARTESIAN_POINT('',(1.324438105677,0.75,0.232228767065));
#5389 = CARTESIAN_POINT('',(0.891425403784,1.5,0.273895433732));
#5390 = CARTESIAN_POINT('',(2.54E-02,1.5,0.315562100399));
#5391 = CARTESIAN_POINT('',(-0.840625403784,1.5,0.357228767065));
#5392 = CARTESIAN_POINT('',(-1.273638105677,0.75,0.398895433732));
#5393 = CARTESIAN_POINT('',(-1.706650807569,1.500901569047E-16,
    0.440562100399));
#5394 = CARTESIAN_POINT('',(-1.273638105677,-0.75,0.482228767065));
#5395 = CARTESIAN_POINT('',(-0.840625403784,-1.5,0.523895433732));
#5396 = CARTESIAN_POINT('',(2.54E-02,-1.5,0.565562100399));
#5397 = CARTESIAN_POINT('',(0.891425403784,-1.5,0.607228767065));
#5398 = CARTESIAN_POINT('',(1.324438105677,-0.75,0.648895433732));
#5399 = CARTESIAN_POINT('',(1.757450807569,-2.741399385853E-16,
    0.690562100399));
#5400 = CARTESIAN_POINT('',(1.324438105677,0.75,0.732228767065));
#5401 = CARTESIAN_POINT('',(0.891425403784,1.5,0.773895433732));
#5402 = CARTESIAN_POINT('',(2.54E-02,1.5,0.815562100399));
#5403 = CARTESIAN_POINT('',(-0.840625403784,1.5,0.857228767065));
#5404 = CARTESIAN_POINT('',(-1.273638105677,0.75,0.898895433732));
#5405 = CARTESIAN_POINT('',(-1.706650807569,1.500901569047E-16,
    0.940562100399));
#5406 = CARTESIAN_POINT('',(-1.273638105677,-0.75,0.982228767065));
#5407 = CARTESIAN_POINT('',(-0.840625403784,-1.5,1.023895433732));
#5408 = CARTESIAN_POINT('',(2.54E-02,-1.5,1.065562100399));
#5409 = CARTESIAN_POINT('',(0.891425403784,-1.5,1.107228767065));
#5410 = CARTESIAN_POINT('',(1.324438105677,-0.75,1.148895433732));
#5411 = CARTESIAN_POINT('',(1.757450807569,-2.741399385853E-16,
    1.190562100399));
#5412 = CARTESIAN_POINT('',(1.324438105677,0.75,1.232228767065));
#5413 = CARTESIAN_POINT('',(0.891425403784,1.5,1.273895433732));
#5414 = CARTESIAN_POINT('',(2.54E-02,1.5,1.315562100399));
#5415 = DEFINITIONAL_REPRESENTATION('',(#5416),#5419);
#5416 = B_SPLINE_CURVE_WITH_KNOTS('',1,(#5417,#5418),.UNSPECIFIED.,.F.,
  .F.,(2,2),(0.,3.983140894797E-02),.PIECEWISE_BEZIER_KNOTS.);
#5417 = CARTESIAN_POINT('',(1.,0.691751246833));
#5418 = CARTESIAN_POINT('',(1.208367755623E-14,0.693947816146));
#5419 = ( GEOMETRIC_REPRESENTATION_CONTEXT(2) 
PARAMETRIC_REPRESENTATION_CONTEXT() REPRESENTATION_CONTEXT('2D SPACE',''
  ) );
#5420 = ORIENTED_EDGE('',*,*,#5421,.T.);
#5421 = EDGE_CURVE('',#5223,#5422,#5424,.T.);
#5422 = VERTEX_POINT('',#5423);
#5423 = CARTESIAN_POINT('',(0.973858731588,0.693985738482,0.490257177178
    ));
#5424 = SURFACE_CURVE('',#5425,(#5433,#5439),.PCURVE_S1.);
#5425 = B_SPLINE_CURVE_WITH_KNOTS('',3,(#5426,#5427,#5428,#5429,#5430,
    #5431,#5432),.UNSPECIFIED.,.F.,.F.,(4,3,4),(9.999999541571E-07,
    3.798664421241E-03,7.60257150575E-03),.UNSPECIFIED.);
#5426 = CARTESIAN_POINT('',(0.945088996705,0.731684576906,0.430860424376
    ));
#5427 = CARTESIAN_POINT('',(0.94980678845,0.725754561011,0.441000673895)
  );
#5428 = CARTESIAN_POINT('',(0.954570463855,0.719649095195,0.451019752875
    ));
#5429 = CARTESIAN_POINT('',(0.959365397136,0.713371437397,0.46091164008)
  );
#5430 = CARTESIAN_POINT('',(0.964168212408,0.707083460283,0.470819787732
    ));
#5431 = CARTESIAN_POINT('',(0.969004017305,0.700620595488,0.48060368442)
  );
#5432 = CARTESIAN_POINT('',(0.973858731588,0.693985738482,0.490257177178
    ));
#5433 = PCURVE('',#4182,#5434);
#5434 = DEFINITIONAL_REPRESENTATION('',(#5435),#5438);
#5435 = B_SPLINE_CURVE_WITH_KNOTS('',1,(#5436,#5437),.UNSPECIFIED.,.F.,
  .F.,(2,2),(9.999999541571E-07,7.60257150575E-03),
  .PIECEWISE_BEZIER_KNOTS.);
#5436 = CARTESIAN_POINT('',(0.646932142822,5.079588051636E-02));
#5437 = CARTESIAN_POINT('',(0.667736485414,4.791890702801E-02));
#5438 = ( GEOMETRIC_REPRESENTATION_CONTEXT(2) 
PARAMETRIC_REPRESENTATION_CONTEXT() REPRESENTATION_CONTEXT('2D SPACE',''
  ) );
#5439 = PCURVE('',#5440,#5445);
#5440 = CYLINDRICAL_SURFACE('',#5441,1.175240473581);
#5441 = AXIS2_PLACEMENT_3D('',#5442,#5443,#5444);
#5442 = CARTESIAN_POINT('',(2.54E-02,1.387778780781E-16,-1.965687899601)
  );
#5443 = DIRECTION('',(0.,0.,1.));
#5444 = DIRECTION('',(0.,1.,0.));
#5445 = DEFINITIONAL_REPRESENTATION('',(#5446),#5449);
#5446 = B_SPLINE_CURVE_WITH_KNOTS('',1,(#5447,#5448),.UNSPECIFIED.,.F.,
  .F.,(2,2),(9.999999541571E-07,7.60257150575E-03),
  .PIECEWISE_BEZIER_KNOTS.);
#5447 = CARTESIAN_POINT('',(5.384427921605,2.396548323977));
#5448 = CARTESIAN_POINT('',(5.344073808478,2.455945076779));
#5449 = ( GEOMETRIC_REPRESENTATION_CONTEXT(2) 
PARAMETRIC_REPRESENTATION_CONTEXT() REPRESENTATION_CONTEXT('2D SPACE',''
  ) );
#5450 = ORIENTED_EDGE('',*,*,#5451,.T.);
#5451 = EDGE_CURVE('',#5422,#5452,#5454,.T.);
#5452 = VERTEX_POINT('',#5453);
#5453 = CARTESIAN_POINT('',(1.422586000076,0.545775852518,0.658382981094
    ));
#5454 = SURFACE_CURVE('',#5455,(#5469,#5498),.PCURVE_S1.);
#5455 = B_SPLINE_CURVE_WITH_KNOTS('',3,(#5456,#5457,#5458,#5459,#5460,
    #5461,#5462,#5463,#5464,#5465,#5466,#5467,#5468),.UNSPECIFIED.,.F.,
  .F.,(4,3,3,3,4),(0.,1.42310275994E-02,2.519934178363E-02,
    3.828970390178E-02,5.039751859232E-02),.UNSPECIFIED.);
#5456 = CARTESIAN_POINT('',(0.973858731588,0.693985738482,0.490257177178
    ));
#5457 = CARTESIAN_POINT('',(1.017773035141,0.683825211308,0.5050404009)
  );
#5458 = CARTESIAN_POINT('',(1.061111313583,0.67274259534,0.520275237718)
  );
#5459 = CARTESIAN_POINT('',(1.103977376331,0.660622222223,0.53583355246)
  );
#5460 = CARTESIAN_POINT('',(1.137015640137,0.651280657852,0.547824849862
    ));
#5461 = CARTESIAN_POINT('',(1.169773394388,0.641322640197,0.560007326974
    ));
#5462 = CARTESIAN_POINT('',(1.202298166872,0.630702534129,0.572302361642
    ));
#5463 = CARTESIAN_POINT('',(1.241115531371,0.618027748213,0.586976125847
    ));
#5464 = CARTESIAN_POINT('',(1.279788522376,0.604345371505,0.601885150636
    ));
#5465 = CARTESIAN_POINT('',(1.317998786562,0.589577432371,0.616855549776
    ));
#5466 = CARTESIAN_POINT('',(1.353341032549,0.575917957655,0.630702288085
    ));
#5467 = CARTESIAN_POINT('',(1.388287408271,0.561329453499,0.64460079765)
  );
#5468 = CARTESIAN_POINT('',(1.422586000076,0.545775852518,0.658382981094
    ));
#5469 = PCURVE('',#4182,#5470);
#5470 = DEFINITIONAL_REPRESENTATION('',(#5471),#5497);
#5471 = B_SPLINE_CURVE_WITH_KNOTS('',3,(#5472,#5473,#5474,#5475,#5476,
    #5477,#5478,#5479,#5480,#5481,#5482,#5483,#5484,#5485,#5486,#5487,
    #5488,#5489,#5490,#5491,#5492,#5493,#5494,#5495,#5496),
  .UNSPECIFIED.,.F.,.F.,(4,1,1,1,1,1,1,1,1,1,1,1,1,1,1,1,1,1,1,1,1,1,4),
  (0.,2.290796299651E-03,4.581592599301E-03,6.872388898952E-03,
    9.163185198603E-03,1.145398149825E-02,1.37447777979E-02,
    1.603557409756E-02,1.832637039721E-02,2.061716669686E-02,
    2.290796299651E-02,2.519875929616E-02,2.748955559581E-02,
    2.978035189546E-02,3.207114819511E-02,3.436194449476E-02,
    3.665274079441E-02,3.894353709406E-02,4.123433339371E-02,
    4.352512969336E-02,4.581592599301E-02,4.810672229267E-02,
    5.039751859232E-02),.QUASI_UNIFORM_KNOTS.);
#5472 = CARTESIAN_POINT('',(0.667736485414,4.791890702801E-02));
#5473 = CARTESIAN_POINT('',(0.668603516849,4.721200990918E-02));
#5474 = CARTESIAN_POINT('',(0.670354924155,4.580120086112E-02));
#5475 = CARTESIAN_POINT('',(0.673034753196,4.369368305288E-02));
#5476 = CARTESIAN_POINT('',(0.675767963652,4.159460122463E-02));
#5477 = CARTESIAN_POINT('',(0.678555293883,3.950369551861E-02));
#5478 = CARTESIAN_POINT('',(0.681397534991,3.742070635157E-02));
#5479 = CARTESIAN_POINT('',(0.68429553475,3.534537311614E-02));
#5480 = CARTESIAN_POINT('',(0.687250215784,3.327743902682E-02));
#5481 = CARTESIAN_POINT('',(0.690262228067,3.121663303488E-02));
#5482 = CARTESIAN_POINT('',(0.693332197185,2.916273732253E-02));
#5483 = CARTESIAN_POINT('',(0.696461146662,2.711533541154E-02));
#5484 = CARTESIAN_POINT('',(0.699648931452,2.507475223446E-02));
#5485 = CARTESIAN_POINT('',(0.702900091003,2.303854574116E-02));
#5486 = CARTESIAN_POINT('',(0.706219035624,2.100555351643E-02));
#5487 = CARTESIAN_POINT('',(0.709605636523,1.897738500513E-02));
#5488 = CARTESIAN_POINT('',(0.713061094075,1.695490693459E-02));
#5489 = CARTESIAN_POINT('',(0.716586355077,1.493918504273E-02));
#5490 = CARTESIAN_POINT('',(0.720182596989,1.293123174274E-02));
#5491 = CARTESIAN_POINT('',(0.723850878817,1.093207373611E-02));
#5492 = CARTESIAN_POINT('',(0.727591932546,8.942733895805E-03));
#5493 = CARTESIAN_POINT('',(0.731406657684,6.96423612066E-03));
#5494 = CARTESIAN_POINT('',(0.735296024029,4.997604034533E-03));
#5495 = CARTESIAN_POINT('',(0.737939442086,3.69510890172E-03));
#5496 = CARTESIAN_POINT('',(0.739273957364,3.046180179255E-03));
#5497 = ( GEOMETRIC_REPRESENTATION_CONTEXT(2) 
PARAMETRIC_REPRESENTATION_CONTEXT() REPRESENTATION_CONTEXT('2D SPACE',''
  ) );
#5498 = PCURVE('',#5499,#5670);
#5499 = ( BOUNDED_SURFACE() B_SPLINE_SURFACE(1,2,(
    (#5500,#5501,#5502,#5503,#5504,#5505,#5506,#5507,#5508,#5509,#5510
      ,#5511,#5512,#5513,#5514,#5515,#5516,#5517,#5518,#5519,#5520,#5521
      ,#5522,#5523,#5524,#5525,#5526,#5527,#5528,#5529,#5530,#5531,#5532
      ,#5533,#5534,#5535,#5536,#5537,#5538,#5539,#5540,#5541,#5542,#5543
      ,#5544,#5545,#5546,#5547,#5548,#5549,#5550,#5551,#5552,#5553,#5554
      ,#5555,#5556,#5557,#5558,#5559,#5560,#5561,#5562,#5563,#5564,#5565
      ,#5566,#5567,#5568,#5569,#5570,#5571,#5572,#5573,#5574,#5575,#5576
      ,#5577,#5578,#5579,#5580,#5581,#5582,#5583,#5584)
    ,(#5585,#5586,#5587,#5588,#5589,#5590,#5591,#5592,#5593,#5594,#5595
      ,#5596,#5597,#5598,#5599,#5600,#5601,#5602,#5603,#5604,#5605,#5606
      ,#5607,#5608,#5609,#5610,#5611,#5612,#5613,#5614,#5615,#5616,#5617
      ,#5618,#5619,#5620,#5621,#5622,#5623,#5624,#5625,#5626,#5627,#5628
      ,#5629,#5630,#5631,#5632,#5633,#5634,#5635,#5636,#5637,#5638,#5639
      ,#5640,#5641,#5642,#5643,#5644,#5645,#5646,#5647,#5648,#5649,#5650
      ,#5651,#5652,#5653,#5654,#5655,#5656,#5657,#5658,#5659,#5660,#5661
      ,#5662,#5663,#5664,#5665,#5666,#5667,#5668,#5669
)),.UNSPECIFIED.,.F.,.F.,.F.) B_SPLINE_SURFACE_WITH_KNOTS((2,2),(3,2,2,2
    ,2,2,2,2,2,2,2,2,2,2,2,2,2,2,2,2,2,2,2,2,2,2,2,2,2,2,2,2,2,2,2,2,2,2
    ,2,2,2,2,3),(0.,1.),(0.,2.380952380952E-02,4.761904761905E-02,
    7.142857142857E-02,9.52380952381E-02,0.119047619048,0.142857142857,
    0.166666666667,0.190476190476,0.214285714286,0.238095238095,
    0.261904761905,0.285714285714,0.309523809524,0.333333333333,
    0.357142857143,0.380952380952,0.404761904762,0.428571428571,
    0.452380952381,0.47619047619,0.5,0.52380952381,0.547619047619,
    0.571428571429,0.595238095238,0.619047619048,0.642857142857,
    0.666666666667,0.690476190476,0.714285714286,0.738095238095,
    0.761904761905,0.785714285714,0.809523809524,0.833333333333,
    0.857142857143,0.880952380952,0.904761904762,0.928571428571,
    0.952380952381,0.97619047619,1.),.UNSPECIFIED.) 
GEOMETRIC_REPRESENTATION_ITEM() RATIONAL_B_SPLINE_SURFACE((
    (1.,0.866025403784,1.,0.866025403784,1.,0.866025403784,1.
      ,0.866025403784,1.,0.866025403784,1.,0.866025403784,1.
      ,0.866025403784,1.,0.866025403784,1.,0.866025403784,1.
      ,0.866025403784,1.,0.866025403784,1.,0.866025403784,1.
      ,0.866025403784,1.,0.866025403784,1.,0.866025403784,1.
      ,0.866025403784,1.,0.866025403784,1.,0.866025403784,1.
      ,0.866025403784,1.,0.866025403784,1.,0.866025403784,1.
      ,0.866025403784,1.,0.866025403784,1.,0.866025403784,1.
      ,0.866025403784,1.,0.866025403784,1.,0.866025403784,1.
      ,0.866025403784,1.,0.866025403784,1.,0.866025403784,1.
      ,0.866025403784,1.,0.866025403784,1.,0.866025403784,1.
      ,0.866025403784,1.,0.866025403784,1.,0.866025403784,1.
      ,0.866025403784,1.,0.866025403784,1.,0.866025403784,1.
      ,0.866025403784,1.,0.866025403784,1.,0.866025403784,1.)
    ,(1.,0.866025403784,1.,0.866025403784,1.,0.866025403784,1.
      ,0.866025403784,1.,0.866025403784,1.,0.866025403784,1.
      ,0.866025403784,1.,0.866025403784,1.,0.866025403784,1.
      ,0.866025403784,1.,0.866025403784,1.,0.866025403784,1.
      ,0.866025403784,1.,0.866025403784,1.,0.866025403784,1.
      ,0.866025403784,1.,0.866025403784,1.,0.866025403784,1.
      ,0.866025403784,1.,0.866025403784,1.,0.866025403784,1.
      ,0.866025403784,1.,0.866025403784,1.,0.866025403784,1.
      ,0.866025403784,1.,0.866025403784,1.,0.866025403784,1.
      ,0.866025403784,1.,0.866025403784,1.,0.866025403784,1.
      ,0.866025403784,1.,0.866025403784,1.,0.866025403784,1.
      ,0.866025403784,1.,0.866025403784,1.,0.866025403784,1.
      ,0.866025403784,1.,0.866025403784,1.,0.866025403784,1.
      ,0.866025403784,1.,0.866025403784,1.,0.866025403784,1.
))) REPRESENTATION_ITEM('') SURFACE() );
#5500 = CARTESIAN_POINT('',(2.54E-02,1.5,-1.746937899601));
#5501 = CARTESIAN_POINT('',(-0.840625403784,1.5,-1.705271232935));
#5502 = CARTESIAN_POINT('',(-1.273638105677,0.75,-1.663604566268));
#5503 = CARTESIAN_POINT('',(-1.706650807569,1.500901569047E-16,
    -1.621937899601));
#5504 = CARTESIAN_POINT('',(-1.273638105677,-0.75,-1.580271232935));
#5505 = CARTESIAN_POINT('',(-0.840625403784,-1.5,-1.538604566268));
#5506 = CARTESIAN_POINT('',(2.54E-02,-1.5,-1.496937899601));
#5507 = CARTESIAN_POINT('',(0.891425403784,-1.5,-1.455271232935));
#5508 = CARTESIAN_POINT('',(1.324438105677,-0.75,-1.413604566268));
#5509 = CARTESIAN_POINT('',(1.757450807569,-2.741399385853E-16,
    -1.371937899601));
#5510 = CARTESIAN_POINT('',(1.324438105677,0.75,-1.330271232935));
#5511 = CARTESIAN_POINT('',(0.891425403784,1.5,-1.288604566268));
#5512 = CARTESIAN_POINT('',(2.54E-02,1.5,-1.246937899601));
#5513 = CARTESIAN_POINT('',(-0.840625403784,1.5,-1.205271232935));
#5514 = CARTESIAN_POINT('',(-1.273638105677,0.75,-1.163604566268));
#5515 = CARTESIAN_POINT('',(-1.706650807569,1.500901569047E-16,
    -1.121937899601));
#5516 = CARTESIAN_POINT('',(-1.273638105677,-0.75,-1.080271232935));
#5517 = CARTESIAN_POINT('',(-0.840625403784,-1.5,-1.038604566268));
#5518 = CARTESIAN_POINT('',(2.54E-02,-1.5,-0.996937899601));
#5519 = CARTESIAN_POINT('',(0.891425403784,-1.5,-0.955271232935));
#5520 = CARTESIAN_POINT('',(1.324438105677,-0.75,-0.913604566268));
#5521 = CARTESIAN_POINT('',(1.757450807569,-2.741399385853E-16,
    -0.871937899601));
#5522 = CARTESIAN_POINT('',(1.324438105677,0.75,-0.830271232935));
#5523 = CARTESIAN_POINT('',(0.891425403784,1.5,-0.788604566268));
#5524 = CARTESIAN_POINT('',(2.54E-02,1.5,-0.746937899601));
#5525 = CARTESIAN_POINT('',(-0.840625403784,1.5,-0.705271232935));
#5526 = CARTESIAN_POINT('',(-1.273638105677,0.75,-0.663604566268));
#5527 = CARTESIAN_POINT('',(-1.706650807569,1.500901569047E-16,
    -0.621937899601));
#5528 = CARTESIAN_POINT('',(-1.273638105677,-0.75,-0.580271232935));
#5529 = CARTESIAN_POINT('',(-0.840625403784,-1.5,-0.538604566268));
#5530 = CARTESIAN_POINT('',(2.54E-02,-1.5,-0.496937899601));
#5531 = CARTESIAN_POINT('',(0.891425403784,-1.5,-0.455271232935));
#5532 = CARTESIAN_POINT('',(1.324438105677,-0.75,-0.413604566268));
#5533 = CARTESIAN_POINT('',(1.757450807569,-2.741399385853E-16,
    -0.371937899601));
#5534 = CARTESIAN_POINT('',(1.324438105677,0.75,-0.330271232935));
#5535 = CARTESIAN_POINT('',(0.891425403784,1.5,-0.288604566268));
#5536 = CARTESIAN_POINT('',(2.54E-02,1.5,-0.246937899601));
#5537 = CARTESIAN_POINT('',(-0.840625403784,1.5,-0.205271232935));
#5538 = CARTESIAN_POINT('',(-1.273638105677,0.75,-0.163604566268));
#5539 = CARTESIAN_POINT('',(-1.706650807569,1.500901569047E-16,
    -0.121937899601));
#5540 = CARTESIAN_POINT('',(-1.273638105677,-0.75,-8.027123293476E-02));
#5541 = CARTESIAN_POINT('',(-0.840625403784,-1.5,-3.860456626809E-02));
#5542 = CARTESIAN_POINT('',(2.54E-02,-1.5,3.062100398572E-03));
#5543 = CARTESIAN_POINT('',(0.891425403784,-1.5,4.472876706524E-02));
#5544 = CARTESIAN_POINT('',(1.324438105677,-0.75,8.639543373191E-02));
#5545 = CARTESIAN_POINT('',(1.757450807569,-2.741399385853E-16,
    0.128062100399));
#5546 = CARTESIAN_POINT('',(1.324438105677,0.75,0.169728767065));
#5547 = CARTESIAN_POINT('',(0.891425403784,1.5,0.211395433732));
#5548 = CARTESIAN_POINT('',(2.54E-02,1.5,0.253062100399));
#5549 = CARTESIAN_POINT('',(-0.840625403784,1.5,0.294728767065));
#5550 = CARTESIAN_POINT('',(-1.273638105677,0.75,0.336395433732));
#5551 = CARTESIAN_POINT('',(-1.706650807569,1.500901569047E-16,
    0.378062100399));
#5552 = CARTESIAN_POINT('',(-1.273638105677,-0.75,0.419728767065));
#5553 = CARTESIAN_POINT('',(-0.840625403784,-1.5,0.461395433732));
#5554 = CARTESIAN_POINT('',(2.54E-02,-1.5,0.503062100399));
#5555 = CARTESIAN_POINT('',(0.891425403784,-1.5,0.544728767065));
#5556 = CARTESIAN_POINT('',(1.324438105677,-0.75,0.586395433732));
#5557 = CARTESIAN_POINT('',(1.757450807569,-2.741399385853E-16,
    0.628062100399));
#5558 = CARTESIAN_POINT('',(1.324438105677,0.75,0.669728767065));
#5559 = CARTESIAN_POINT('',(0.891425403784,1.5,0.711395433732));
#5560 = CARTESIAN_POINT('',(2.54E-02,1.5,0.753062100399));
#5561 = CARTESIAN_POINT('',(-0.840625403784,1.5,0.794728767065));
#5562 = CARTESIAN_POINT('',(-1.273638105677,0.75,0.836395433732));
#5563 = CARTESIAN_POINT('',(-1.706650807569,1.500901569047E-16,
    0.878062100399));
#5564 = CARTESIAN_POINT('',(-1.273638105677,-0.75,0.919728767065));
#5565 = CARTESIAN_POINT('',(-0.840625403784,-1.5,0.961395433732));
#5566 = CARTESIAN_POINT('',(2.54E-02,-1.5,1.003062100399));
#5567 = CARTESIAN_POINT('',(0.891425403784,-1.5,1.044728767065));
#5568 = CARTESIAN_POINT('',(1.324438105677,-0.75,1.086395433732));
#5569 = CARTESIAN_POINT('',(1.757450807569,-2.741399385853E-16,
    1.128062100399));
#5570 = CARTESIAN_POINT('',(1.324438105677,0.75,1.169728767065));
#5571 = CARTESIAN_POINT('',(0.891425403784,1.5,1.211395433732));
#5572 = CARTESIAN_POINT('',(2.54E-02,1.5,1.253062100399));
#5573 = CARTESIAN_POINT('',(-0.840625403784,1.5,1.294728767065));
#5574 = CARTESIAN_POINT('',(-1.273638105677,0.75,1.336395433732));
#5575 = CARTESIAN_POINT('',(-1.706650807569,1.500901569047E-16,
    1.378062100399));
#5576 = CARTESIAN_POINT('',(-1.273638105677,-0.75,1.419728767065));
#5577 = CARTESIAN_POINT('',(-0.840625403784,-1.5,1.461395433732));
#5578 = CARTESIAN_POINT('',(2.54E-02,-1.5,1.503062100399));
#5579 = CARTESIAN_POINT('',(0.891425403784,-1.5,1.544728767065));
#5580 = CARTESIAN_POINT('',(1.324438105677,-0.75,1.586395433732));
#5581 = CARTESIAN_POINT('',(1.757450807569,-2.741399385853E-16,
    1.628062100399));
#5582 = CARTESIAN_POINT('',(1.324438105677,0.75,1.669728767065));
#5583 = CARTESIAN_POINT('',(0.891425403784,1.5,1.711395433732));
#5584 = CARTESIAN_POINT('',(2.54E-02,1.5,1.753062100399));
#5585 = CARTESIAN_POINT('',(2.54E-02,1.175240473581,-1.934437899601));
#5586 = CARTESIAN_POINT('',(-0.653125403784,1.175240473581,
    -1.892771232935));
#5587 = CARTESIAN_POINT('',(-0.992388105677,0.58762023679,
    -1.851104566268));
#5588 = CARTESIAN_POINT('',(-1.331650807569,1.271280294207E-16,
    -1.809437899601));
#5589 = CARTESIAN_POINT('',(-0.992388105677,-0.58762023679,
    -1.767771232935));
#5590 = CARTESIAN_POINT('',(-0.653125403784,-1.175240473581,
    -1.726104566268));
#5591 = CARTESIAN_POINT('',(2.54E-02,-1.175240473581,-1.684437899601));
#5592 = CARTESIAN_POINT('',(0.703925403784,-1.175240473581,
    -1.642771232935));
#5593 = CARTESIAN_POINT('',(1.043188105677,-0.58762023679,
    -1.601104566268));
#5594 = CARTESIAN_POINT('',(1.382450807569,-2.052535561332E-16,
    -1.559437899601));
#5595 = CARTESIAN_POINT('',(1.043188105677,0.58762023679,-1.517771232935
    ));
#5596 = CARTESIAN_POINT('',(0.703925403784,1.175240473581,
    -1.476104566268));
#5597 = CARTESIAN_POINT('',(2.54E-02,1.175240473581,-1.434437899601));
#5598 = CARTESIAN_POINT('',(-0.653125403784,1.175240473581,
    -1.392771232935));
#5599 = CARTESIAN_POINT('',(-0.992388105677,0.58762023679,
    -1.351104566268));
#5600 = CARTESIAN_POINT('',(-1.331650807569,1.271280294207E-16,
    -1.309437899601));
#5601 = CARTESIAN_POINT('',(-0.992388105677,-0.58762023679,
    -1.267771232935));
#5602 = CARTESIAN_POINT('',(-0.653125403784,-1.175240473581,
    -1.226104566268));
#5603 = CARTESIAN_POINT('',(2.54E-02,-1.175240473581,-1.184437899601));
#5604 = CARTESIAN_POINT('',(0.703925403784,-1.175240473581,
    -1.142771232935));
#5605 = CARTESIAN_POINT('',(1.043188105677,-0.58762023679,
    -1.101104566268));
#5606 = CARTESIAN_POINT('',(1.382450807569,-2.052535561332E-16,
    -1.059437899601));
#5607 = CARTESIAN_POINT('',(1.043188105677,0.58762023679,-1.017771232935
    ));
#5608 = CARTESIAN_POINT('',(0.703925403784,1.175240473581,
    -0.976104566268));
#5609 = CARTESIAN_POINT('',(2.54E-02,1.175240473581,-0.934437899601));
#5610 = CARTESIAN_POINT('',(-0.653125403784,1.175240473581,
    -0.892771232935));
#5611 = CARTESIAN_POINT('',(-0.992388105677,0.58762023679,
    -0.851104566268));
#5612 = CARTESIAN_POINT('',(-1.331650807569,1.271280294207E-16,
    -0.809437899601));
#5613 = CARTESIAN_POINT('',(-0.992388105677,-0.58762023679,
    -0.767771232935));
#5614 = CARTESIAN_POINT('',(-0.653125403784,-1.175240473581,
    -0.726104566268));
#5615 = CARTESIAN_POINT('',(2.54E-02,-1.175240473581,-0.684437899601));
#5616 = CARTESIAN_POINT('',(0.703925403784,-1.175240473581,
    -0.642771232935));
#5617 = CARTESIAN_POINT('',(1.043188105677,-0.58762023679,
    -0.601104566268));
#5618 = CARTESIAN_POINT('',(1.382450807569,-2.052535561332E-16,
    -0.559437899601));
#5619 = CARTESIAN_POINT('',(1.043188105677,0.58762023679,-0.517771232935
    ));
#5620 = CARTESIAN_POINT('',(0.703925403784,1.175240473581,
    -0.476104566268));
#5621 = CARTESIAN_POINT('',(2.54E-02,1.175240473581,-0.434437899601));
#5622 = CARTESIAN_POINT('',(-0.653125403784,1.175240473581,
    -0.392771232935));
#5623 = CARTESIAN_POINT('',(-0.992388105677,0.58762023679,
    -0.351104566268));
#5624 = CARTESIAN_POINT('',(-1.331650807569,1.271280294207E-16,
    -0.309437899601));
#5625 = CARTESIAN_POINT('',(-0.992388105677,-0.58762023679,
    -0.267771232935));
#5626 = CARTESIAN_POINT('',(-0.653125403784,-1.175240473581,
    -0.226104566268));
#5627 = CARTESIAN_POINT('',(2.54E-02,-1.175240473581,-0.184437899601));
#5628 = CARTESIAN_POINT('',(0.703925403784,-1.175240473581,
    -0.142771232935));
#5629 = CARTESIAN_POINT('',(1.043188105677,-0.58762023679,
    -0.101104566268));
#5630 = CARTESIAN_POINT('',(1.382450807569,-2.052535561332E-16,
    -5.943789960143E-02));
#5631 = CARTESIAN_POINT('',(1.043188105677,0.58762023679,
    -1.777123293476E-02));
#5632 = CARTESIAN_POINT('',(0.703925403784,1.175240473581,
    2.38954337319E-02));
#5633 = CARTESIAN_POINT('',(2.54E-02,1.175240473581,6.556210039857E-02)
  );
#5634 = CARTESIAN_POINT('',(-0.653125403784,1.175240473581,
    0.107228767065));
#5635 = CARTESIAN_POINT('',(-0.992388105677,0.58762023679,0.148895433732
    ));
#5636 = CARTESIAN_POINT('',(-1.331650807569,1.271280294207E-16,
    0.190562100399));
#5637 = CARTESIAN_POINT('',(-0.992388105677,-0.58762023679,
    0.232228767065));
#5638 = CARTESIAN_POINT('',(-0.653125403784,-1.175240473581,
    0.273895433732));
#5639 = CARTESIAN_POINT('',(2.54E-02,-1.175240473581,0.315562100399));
#5640 = CARTESIAN_POINT('',(0.703925403784,-1.175240473581,
    0.357228767065));
#5641 = CARTESIAN_POINT('',(1.043188105677,-0.58762023679,0.398895433732
    ));
#5642 = CARTESIAN_POINT('',(1.382450807569,-2.052535561332E-16,
    0.440562100399));
#5643 = CARTESIAN_POINT('',(1.043188105677,0.58762023679,0.482228767065)
  );
#5644 = CARTESIAN_POINT('',(0.703925403784,1.175240473581,0.523895433732
    ));
#5645 = CARTESIAN_POINT('',(2.54E-02,1.175240473581,0.565562100399));
#5646 = CARTESIAN_POINT('',(-0.653125403784,1.175240473581,
    0.607228767065));
#5647 = CARTESIAN_POINT('',(-0.992388105677,0.58762023679,0.648895433732
    ));
#5648 = CARTESIAN_POINT('',(-1.331650807569,1.271280294207E-16,
    0.690562100399));
#5649 = CARTESIAN_POINT('',(-0.992388105677,-0.58762023679,
    0.732228767065));
#5650 = CARTESIAN_POINT('',(-0.653125403784,-1.175240473581,
    0.773895433732));
#5651 = CARTESIAN_POINT('',(2.54E-02,-1.175240473581,0.815562100399));
#5652 = CARTESIAN_POINT('',(0.703925403784,-1.175240473581,
    0.857228767065));
#5653 = CARTESIAN_POINT('',(1.043188105677,-0.58762023679,0.898895433732
    ));
#5654 = CARTESIAN_POINT('',(1.382450807569,-2.052535561332E-16,
    0.940562100399));
#5655 = CARTESIAN_POINT('',(1.043188105677,0.58762023679,0.982228767065)
  );
#5656 = CARTESIAN_POINT('',(0.703925403784,1.175240473581,1.023895433732
    ));
#5657 = CARTESIAN_POINT('',(2.54E-02,1.175240473581,1.065562100399));
#5658 = CARTESIAN_POINT('',(-0.653125403784,1.175240473581,
    1.107228767065));
#5659 = CARTESIAN_POINT('',(-0.992388105677,0.58762023679,1.148895433732
    ));
#5660 = CARTESIAN_POINT('',(-1.331650807569,1.271280294207E-16,
    1.190562100399));
#5661 = CARTESIAN_POINT('',(-0.992388105677,-0.58762023679,
    1.232228767065));
#5662 = CARTESIAN_POINT('',(-0.653125403784,-1.175240473581,
    1.273895433732));
#5663 = CARTESIAN_POINT('',(2.54E-02,-1.175240473581,1.315562100399));
#5664 = CARTESIAN_POINT('',(0.703925403784,-1.175240473581,
    1.357228767065));
#5665 = CARTESIAN_POINT('',(1.043188105677,-0.58762023679,1.398895433732
    ));
#5666 = CARTESIAN_POINT('',(1.382450807569,-2.052535561332E-16,
    1.440562100399));
#5667 = CARTESIAN_POINT('',(1.043188105677,0.58762023679,1.482228767065)
  );
#5668 = CARTESIAN_POINT('',(0.703925403784,1.175240473581,1.523895433732
    ));
#5669 = CARTESIAN_POINT('',(2.54E-02,1.175240473581,1.565562100399));
#5670 = DEFINITIONAL_REPRESENTATION('',(#5671),#5697);
#5671 = B_SPLINE_CURVE_WITH_KNOTS('',3,(#5672,#5673,#5674,#5675,#5676,
    #5677,#5678,#5679,#5680,#5681,#5682,#5683,#5684,#5685,#5686,#5687,
    #5688,#5689,#5690,#5691,#5692,#5693,#5694,#5695,#5696),
  .UNSPECIFIED.,.F.,.F.,(4,1,1,1,1,1,1,1,1,1,1,1,1,1,1,1,1,1,1,1,1,1,4),
  (0.,2.290796299651E-03,4.581592599301E-03,6.872388898952E-03,
    9.163185198603E-03,1.145398149825E-02,1.37447777979E-02,
    1.603557409756E-02,1.832637039721E-02,2.061716669686E-02,
    2.290796299651E-02,2.519875929616E-02,2.748955559581E-02,
    2.978035189546E-02,3.207114819511E-02,3.436194449476E-02,
    3.665274079441E-02,3.894353709406E-02,4.123433339371E-02,
    4.352512969336E-02,4.581592599301E-02,4.810672229267E-02,
    5.039751859232E-02),.QUASI_UNIFORM_KNOTS.);
#5672 = CARTESIAN_POINT('',(1.,0.693015371087));
#5673 = CARTESIAN_POINT('',(0.985407287245,0.69290690457));
#5674 = CARTESIAN_POINT('',(0.956146496373,0.692691858285));
#5675 = CARTESIAN_POINT('',(0.912042355291,0.692374669658));
#5676 = CARTESIAN_POINT('',(0.86773883458,0.692062578499));
#5677 = CARTESIAN_POINT('',(0.823247990991,0.691755315073));
#5678 = CARTESIAN_POINT('',(0.778580957611,0.691452619334));
#5679 = CARTESIAN_POINT('',(0.73374786521,0.691154237936));
#5680 = CARTESIAN_POINT('',(0.688757888408,0.690859938775));
#5681 = CARTESIAN_POINT('',(0.643620564719,0.690569456696));
#5682 = CARTESIAN_POINT('',(0.598344183058,0.690282712397));
#5683 = CARTESIAN_POINT('',(0.552915466277,0.690001501371));
#5684 = CARTESIAN_POINT('',(0.507358813843,0.689725217344));
#5685 = CARTESIAN_POINT('',(0.461631143522,0.689453405562));
#5686 = CARTESIAN_POINT('',(0.415716385177,0.689185623716));
#5687 = CARTESIAN_POINT('',(0.369660539446,0.688921842282));
#5688 = CARTESIAN_POINT('',(0.323492915078,0.688661918092));
#5689 = CARTESIAN_POINT('',(0.277247247265,0.688405736185));
#5690 = CARTESIAN_POINT('',(0.230955858129,0.688153171296));
#5691 = CARTESIAN_POINT('',(0.184651860045,0.687904102314));
#5692 = CARTESIAN_POINT('',(0.138368576029,0.687658419774));
#5693 = CARTESIAN_POINT('',(9.213917483641E-02,0.687416011615));
#5694 = CARTESIAN_POINT('',(4.599680091774E-02,0.687176765469));
#5695 = CARTESIAN_POINT('',(1.531525427451E-02,0.687019300574));
#5696 = CARTESIAN_POINT('',(0.,0.686941057432));
#5697 = ( GEOMETRIC_REPRESENTATION_CONTEXT(2) 
PARAMETRIC_REPRESENTATION_CONTEXT() REPRESENTATION_CONTEXT('2D SPACE',''
  ) );
#5698 = ORIENTED_EDGE('',*,*,#5699,.F.);
#5699 = EDGE_CURVE('',#5700,#5452,#5702,.T.);
#5700 = VERTEX_POINT('',#5701);
#5701 = CARTESIAN_POINT('',(1.449096872445,0.472321093526,0.71680216115)
  );
#5702 = SURFACE_CURVE('',#5703,(#5711,#5717),.PCURVE_S1.);
#5703 = B_SPLINE_CURVE_WITH_KNOTS('',3,(#5704,#5705,#5706,#5707,#5708,
    #5709,#5710),.UNSPECIFIED.,.F.,.F.,(4,3,4),(-9.758084863697E-03,
    -4.879486550252E-03,-9.999999965625E-07),.UNSPECIFIED.);
#5704 = CARTESIAN_POINT('',(1.449096872445,0.472321093526,0.71680216115)
  );
#5705 = CARTESIAN_POINT('',(1.444852568342,0.485114514339,0.707704657753
    ));
#5706 = CARTESIAN_POINT('',(1.440506543609,0.497637418996,0.698275437655
    ));
#5707 = CARTESIAN_POINT('',(1.436080631065,0.509882493462,0.688532699132
    ));
#5708 = CARTESIAN_POINT('',(1.431654819913,0.522127287407,0.678790183804
    ));
#5709 = CARTESIAN_POINT('',(1.427149227061,0.534093993016,0.668734380156
    ));
#5710 = CARTESIAN_POINT('',(1.422586000076,0.545775852518,0.658382981094
    ));
#5711 = PCURVE('',#4182,#5712);
#5712 = DEFINITIONAL_REPRESENTATION('',(#5713),#5716);
#5713 = B_SPLINE_CURVE_WITH_KNOTS('',1,(#5714,#5715),.UNSPECIFIED.,.F.,
  .F.,(2,2),(-9.758084863697E-03,-9.999999965625E-07),
  .PIECEWISE_BEZIER_KNOTS.);
#5714 = CARTESIAN_POINT('',(0.772149834705,3.95092942329E-04));
#5715 = CARTESIAN_POINT('',(0.739273957364,3.046180179238E-03));
#5716 = ( GEOMETRIC_REPRESENTATION_CONTEXT(2) 
PARAMETRIC_REPRESENTATION_CONTEXT() REPRESENTATION_CONTEXT('2D SPACE',''
  ) );
#5717 = PCURVE('',#5718,#5723);
#5718 = CYLINDRICAL_SURFACE('',#5719,1.5);
#5719 = AXIS2_PLACEMENT_3D('',#5720,#5721,#5722);
#5720 = CARTESIAN_POINT('',(2.54E-02,-2.213789102784E-17,-1.253062100399
    ));
#5721 = DIRECTION('',(0.,-7.949183622941E-17,1.));
#5722 = DIRECTION('',(0.,-1.,-7.949183622941E-17));
#5723 = DEFINITIONAL_REPRESENTATION('',(#5724),#5727);
#5724 = B_SPLINE_CURVE_WITH_KNOTS('',1,(#5725,#5726),.UNSPECIFIED.,.F.,
  .F.,(2,2),(-9.758084863697E-03,-9.999999965625E-07),
  .PIECEWISE_BEZIER_KNOTS.);
#5725 = CARTESIAN_POINT('',(1.891127314906,1.969864261549));
#5726 = CARTESIAN_POINT('',(1.943194817708,1.911445081492));
#5727 = ( GEOMETRIC_REPRESENTATION_CONTEXT(2) 
PARAMETRIC_REPRESENTATION_CONTEXT() REPRESENTATION_CONTEXT('2D SPACE',''
  ) );
#5728 = ORIENTED_EDGE('',*,*,#5729,.T.);
#5729 = EDGE_CURVE('',#5700,#5730,#5732,.T.);
#5730 = VERTEX_POINT('',#5731);
#5731 = CARTESIAN_POINT('',(1.214405703922,7.831445745807E-14,
    0.870114740956));
#5732 = SURFACE_CURVE('',#5733,(#5742,#5771),.PCURVE_S1.);
#5733 = B_SPLINE_CURVE_WITH_KNOTS('',3,(#5734,#5735,#5736,#5737,#5738,
    #5739,#5740,#5741),.UNSPECIFIED.,.F.,.F.,(4,2,2,4),(0.,
    2.841090042548E-02,4.398124539451E-02,5.681787872052E-02),
  .UNSPECIFIED.);
#5734 = CARTESIAN_POINT('',(1.449096872445,0.472321093526,0.71680216115)
  );
#5735 = CARTESIAN_POINT('',(1.388343146949,0.41311662793,0.758902928));
#5736 = CARTESIAN_POINT('',(1.335610057972,0.344173855895,0.796910042584
    ));
#5737 = CARTESIAN_POINT('',(1.27238310682,0.219987020251,0.840405334066)
  );
#5738 = CARTESIAN_POINT('',(1.253879013779,0.173278935357,0.85252239986)
  );
#5739 = CARTESIAN_POINT('',(1.228101540622,8.383660721417E-02,
    0.866719587321));
#5740 = CARTESIAN_POINT('',(1.219530082348,4.221295461968E-02,
    0.870114740956));
#5741 = CARTESIAN_POINT('',(1.214405703922,7.750080414593E-14,
    0.870114740956));
#5742 = PCURVE('',#4182,#5743);
#5743 = DEFINITIONAL_REPRESENTATION('',(#5744),#5770);
#5744 = B_SPLINE_CURVE_WITH_KNOTS('',3,(#5745,#5746,#5747,#5748,#5749,
    #5750,#5751,#5752,#5753,#5754,#5755,#5756,#5757,#5758,#5759,#5760,
    #5761,#5762,#5763,#5764,#5765,#5766,#5767,#5768,#5769),
  .UNSPECIFIED.,.F.,.F.,(4,1,1,1,1,1,1,1,1,1,1,1,1,1,1,1,1,1,1,1,1,1,4),
  (0.,2.582630850933E-03,5.165261701866E-03,7.747892552799E-03,
    1.033052340373E-02,1.291315425466E-02,1.54957851056E-02,
    1.807841595653E-02,2.066104680746E-02,2.32436776584E-02,
    2.582630850933E-02,2.840893936026E-02,3.099157021119E-02,
    3.357420106213E-02,3.615683191306E-02,3.873946276399E-02,
    4.132209361493E-02,4.390472446586E-02,4.648735531679E-02,
    4.906998616772E-02,5.165261701866E-02,5.423524786959E-02,
    5.681787872052E-02),.QUASI_UNIFORM_KNOTS.);
#5745 = CARTESIAN_POINT('',(0.772149834705,3.95092942329E-04));
#5746 = CARTESIAN_POINT('',(0.774537023024,9.473614147332E-04));
#5747 = CARTESIAN_POINT('',(0.779377763967,2.038642940065E-03));
#5748 = CARTESIAN_POINT('',(0.786847608649,3.634055105083E-03));
#5749 = CARTESIAN_POINT('',(0.794535378216,5.186213313743E-03));
#5750 = CARTESIAN_POINT('',(0.802451834867,6.693373623575E-03));
#5751 = CARTESIAN_POINT('',(0.810608902607,8.153792497292E-03));
#5752 = CARTESIAN_POINT('',(0.81901989843,9.565724885973E-03));
#5753 = CARTESIAN_POINT('',(0.827699689491,1.092743138206E-02));
#5754 = CARTESIAN_POINT('',(0.836664569652,1.223715152416E-02));
#5755 = CARTESIAN_POINT('',(0.845933401838,1.349320342483E-02));
#5756 = CARTESIAN_POINT('',(0.855524053672,1.469361195477E-02));
#5757 = CARTESIAN_POINT('',(0.865467477222,1.583749637802E-02));
#5758 = CARTESIAN_POINT('',(0.87575600988,1.691989162721E-02));
#5759 = CARTESIAN_POINT('',(0.886373130817,1.793620567378E-02));
#5760 = CARTESIAN_POINT('',(0.8973450862,1.888594237853E-02));
#5761 = CARTESIAN_POINT('',(0.908689749569,1.976754032348E-02));
#5762 = CARTESIAN_POINT('',(0.920427861502,2.057960332528E-02));
#5763 = CARTESIAN_POINT('',(0.932590665337,2.132113954079E-02));
#5764 = CARTESIAN_POINT('',(0.945179767325,2.198937453143E-02));
#5765 = CARTESIAN_POINT('',(0.958181612074,2.258075809802E-02));
#5766 = CARTESIAN_POINT('',(0.971624377871,2.309394657066E-02));
#5767 = CARTESIAN_POINT('',(0.985527201789,2.352700660686E-02));
#5768 = CARTESIAN_POINT('',(0.995119219423,2.376111128372E-02));
#5769 = CARTESIAN_POINT('',(1.,2.386420979468E-02));
#5770 = ( GEOMETRIC_REPRESENTATION_CONTEXT(2) 
PARAMETRIC_REPRESENTATION_CONTEXT() REPRESENTATION_CONTEXT('2D SPACE',''
  ) );
#5771 = PCURVE('',#5772,#5943);
#5772 = ( BOUNDED_SURFACE() B_SPLINE_SURFACE(1,2,(
    (#5773,#5774,#5775,#5776,#5777,#5778,#5779,#5780,#5781,#5782,#5783
      ,#5784,#5785,#5786,#5787,#5788,#5789,#5790,#5791,#5792,#5793,#5794
      ,#5795,#5796,#5797,#5798,#5799,#5800,#5801,#5802,#5803,#5804,#5805
      ,#5806,#5807,#5808,#5809,#5810,#5811,#5812,#5813,#5814,#5815,#5816
      ,#5817,#5818,#5819,#5820,#5821,#5822,#5823,#5824,#5825,#5826,#5827
      ,#5828,#5829,#5830,#5831,#5832,#5833,#5834,#5835,#5836,#5837,#5838
      ,#5839,#5840,#5841,#5842,#5843,#5844,#5845,#5846,#5847,#5848,#5849
      ,#5850,#5851,#5852,#5853,#5854,#5855,#5856,#5857)
    ,(#5858,#5859,#5860,#5861,#5862,#5863,#5864,#5865,#5866,#5867,#5868
      ,#5869,#5870,#5871,#5872,#5873,#5874,#5875,#5876,#5877,#5878,#5879
      ,#5880,#5881,#5882,#5883,#5884,#5885,#5886,#5887,#5888,#5889,#5890
      ,#5891,#5892,#5893,#5894,#5895,#5896,#5897,#5898,#5899,#5900,#5901
      ,#5902,#5903,#5904,#5905,#5906,#5907,#5908,#5909,#5910,#5911,#5912
      ,#5913,#5914,#5915,#5916,#5917,#5918,#5919,#5920,#5921,#5922,#5923
      ,#5924,#5925,#5926,#5927,#5928,#5929,#5930,#5931,#5932,#5933,#5934
      ,#5935,#5936,#5937,#5938,#5939,#5940,#5941,#5942
)),.UNSPECIFIED.,.F.,.F.,.F.) B_SPLINE_SURFACE_WITH_KNOTS((2,2),(3,2,2,2
    ,2,2,2,2,2,2,2,2,2,2,2,2,2,2,2,2,2,2,2,2,2,2,2,2,2,2,2,2,2,2,2,2,2,2
    ,2,2,2,2,3),(0.,1.),(0.,2.380952380952E-02,4.761904761905E-02,
    7.142857142857E-02,9.52380952381E-02,0.119047619048,0.142857142857,
    0.166666666667,0.190476190476,0.214285714286,0.238095238095,
    0.261904761905,0.285714285714,0.309523809524,0.333333333333,
    0.357142857143,0.380952380952,0.404761904762,0.428571428571,
    0.452380952381,0.47619047619,0.5,0.52380952381,0.547619047619,
    0.571428571429,0.595238095238,0.619047619048,0.642857142857,
    0.666666666667,0.690476190476,0.714285714286,0.738095238095,
    0.761904761905,0.785714285714,0.809523809524,0.833333333333,
    0.857142857143,0.880952380952,0.904761904762,0.928571428571,
    0.952380952381,0.97619047619,1.),.UNSPECIFIED.) 
GEOMETRIC_REPRESENTATION_ITEM() RATIONAL_B_SPLINE_SURFACE((
    (1.,0.866025403784,1.,0.866025403784,1.,0.866025403784,1.
      ,0.866025403784,1.,0.866025403784,1.,0.866025403784,1.
      ,0.866025403784,1.,0.866025403784,1.,0.866025403784,1.
      ,0.866025403784,1.,0.866025403784,1.,0.866025403784,1.
      ,0.866025403784,1.,0.866025403784,1.,0.866025403784,1.
      ,0.866025403784,1.,0.866025403784,1.,0.866025403784,1.
      ,0.866025403784,1.,0.866025403784,1.,0.866025403784,1.
      ,0.866025403784,1.,0.866025403784,1.,0.866025403784,1.
      ,0.866025403784,1.,0.866025403784,1.,0.866025403784,1.
      ,0.866025403784,1.,0.866025403784,1.,0.866025403784,1.
      ,0.866025403784,1.,0.866025403784,1.,0.866025403784,1.
      ,0.866025403784,1.,0.866025403784,1.,0.866025403784,1.
      ,0.866025403784,1.,0.866025403784,1.,0.866025403784,1.
      ,0.866025403784,1.,0.866025403784,1.,0.866025403784,1.)
    ,(1.,0.866025403784,1.,0.866025403784,1.,0.866025403784,1.
      ,0.866025403784,1.,0.866025403784,1.,0.866025403784,1.
      ,0.866025403784,1.,0.866025403784,1.,0.866025403784,1.
      ,0.866025403784,1.,0.866025403784,1.,0.866025403784,1.
      ,0.866025403784,1.,0.866025403784,1.,0.866025403784,1.
      ,0.866025403784,1.,0.866025403784,1.,0.866025403784,1.
      ,0.866025403784,1.,0.866025403784,1.,0.866025403784,1.
      ,0.866025403784,1.,0.866025403784,1.,0.866025403784,1.
      ,0.866025403784,1.,0.866025403784,1.,0.866025403784,1.
      ,0.866025403784,1.,0.866025403784,1.,0.866025403784,1.
      ,0.866025403784,1.,0.866025403784,1.,0.866025403784,1.
      ,0.866025403784,1.,0.866025403784,1.,0.866025403784,1.
      ,0.866025403784,1.,0.866025403784,1.,0.866025403784,1.
      ,0.866025403784,1.,0.866025403784,1.,0.866025403784,1.
))) REPRESENTATION_ITEM('') SURFACE() );
#5773 = CARTESIAN_POINT('',(2.54E-02,1.175240473581,-1.996937899601));
#5774 = CARTESIAN_POINT('',(-0.653125403784,1.175240473581,
    -1.955271232935));
#5775 = CARTESIAN_POINT('',(-0.992388105677,0.58762023679,
    -1.913604566268));
#5776 = CARTESIAN_POINT('',(-1.331650807569,1.271280294207E-16,
    -1.871937899601));
#5777 = CARTESIAN_POINT('',(-0.992388105677,-0.58762023679,
    -1.830271232935));
#5778 = CARTESIAN_POINT('',(-0.653125403784,-1.175240473581,
    -1.788604566268));
#5779 = CARTESIAN_POINT('',(2.54E-02,-1.175240473581,-1.746937899601));
#5780 = CARTESIAN_POINT('',(0.703925403784,-1.175240473581,
    -1.705271232935));
#5781 = CARTESIAN_POINT('',(1.043188105677,-0.58762023679,
    -1.663604566268));
#5782 = CARTESIAN_POINT('',(1.382450807569,-2.052535561332E-16,
    -1.621937899601));
#5783 = CARTESIAN_POINT('',(1.043188105677,0.58762023679,-1.580271232935
    ));
#5784 = CARTESIAN_POINT('',(0.703925403784,1.175240473581,
    -1.538604566268));
#5785 = CARTESIAN_POINT('',(2.54E-02,1.175240473581,-1.496937899601));
#5786 = CARTESIAN_POINT('',(-0.653125403784,1.175240473581,
    -1.455271232935));
#5787 = CARTESIAN_POINT('',(-0.992388105677,0.58762023679,
    -1.413604566268));
#5788 = CARTESIAN_POINT('',(-1.331650807569,1.271280294207E-16,
    -1.371937899601));
#5789 = CARTESIAN_POINT('',(-0.992388105677,-0.58762023679,
    -1.330271232935));
#5790 = CARTESIAN_POINT('',(-0.653125403784,-1.175240473581,
    -1.288604566268));
#5791 = CARTESIAN_POINT('',(2.54E-02,-1.175240473581,-1.246937899601));
#5792 = CARTESIAN_POINT('',(0.703925403784,-1.175240473581,
    -1.205271232935));
#5793 = CARTESIAN_POINT('',(1.043188105677,-0.58762023679,
    -1.163604566268));
#5794 = CARTESIAN_POINT('',(1.382450807569,-2.052535561332E-16,
    -1.121937899601));
#5795 = CARTESIAN_POINT('',(1.043188105677,0.58762023679,-1.080271232935
    ));
#5796 = CARTESIAN_POINT('',(0.703925403784,1.175240473581,
    -1.038604566268));
#5797 = CARTESIAN_POINT('',(2.54E-02,1.175240473581,-0.996937899601));
#5798 = CARTESIAN_POINT('',(-0.653125403784,1.175240473581,
    -0.955271232935));
#5799 = CARTESIAN_POINT('',(-0.992388105677,0.58762023679,
    -0.913604566268));
#5800 = CARTESIAN_POINT('',(-1.331650807569,1.271280294207E-16,
    -0.871937899601));
#5801 = CARTESIAN_POINT('',(-0.992388105677,-0.58762023679,
    -0.830271232935));
#5802 = CARTESIAN_POINT('',(-0.653125403784,-1.175240473581,
    -0.788604566268));
#5803 = CARTESIAN_POINT('',(2.54E-02,-1.175240473581,-0.746937899601));
#5804 = CARTESIAN_POINT('',(0.703925403784,-1.175240473581,
    -0.705271232935));
#5805 = CARTESIAN_POINT('',(1.043188105677,-0.58762023679,
    -0.663604566268));
#5806 = CARTESIAN_POINT('',(1.382450807569,-2.052535561332E-16,
    -0.621937899601));
#5807 = CARTESIAN_POINT('',(1.043188105677,0.58762023679,-0.580271232935
    ));
#5808 = CARTESIAN_POINT('',(0.703925403784,1.175240473581,
    -0.538604566268));
#5809 = CARTESIAN_POINT('',(2.54E-02,1.175240473581,-0.496937899601));
#5810 = CARTESIAN_POINT('',(-0.653125403784,1.175240473581,
    -0.455271232935));
#5811 = CARTESIAN_POINT('',(-0.992388105677,0.58762023679,
    -0.413604566268));
#5812 = CARTESIAN_POINT('',(-1.331650807569,1.271280294207E-16,
    -0.371937899601));
#5813 = CARTESIAN_POINT('',(-0.992388105677,-0.58762023679,
    -0.330271232935));
#5814 = CARTESIAN_POINT('',(-0.653125403784,-1.175240473581,
    -0.288604566268));
#5815 = CARTESIAN_POINT('',(2.54E-02,-1.175240473581,-0.246937899601));
#5816 = CARTESIAN_POINT('',(0.703925403784,-1.175240473581,
    -0.205271232935));
#5817 = CARTESIAN_POINT('',(1.043188105677,-0.58762023679,
    -0.163604566268));
#5818 = CARTESIAN_POINT('',(1.382450807569,-2.052535561332E-16,
    -0.121937899601));
#5819 = CARTESIAN_POINT('',(1.043188105677,0.58762023679,
    -8.027123293476E-02));
#5820 = CARTESIAN_POINT('',(0.703925403784,1.175240473581,
    -3.86045662681E-02));
#5821 = CARTESIAN_POINT('',(2.54E-02,1.175240473581,3.06210039857E-03));
#5822 = CARTESIAN_POINT('',(-0.653125403784,1.175240473581,
    4.472876706524E-02));
#5823 = CARTESIAN_POINT('',(-0.992388105677,0.58762023679,
    8.63954337319E-02));
#5824 = CARTESIAN_POINT('',(-1.331650807569,1.271280294207E-16,
    0.128062100399));
#5825 = CARTESIAN_POINT('',(-0.992388105677,-0.58762023679,
    0.169728767065));
#5826 = CARTESIAN_POINT('',(-0.653125403784,-1.175240473581,
    0.211395433732));
#5827 = CARTESIAN_POINT('',(2.54E-02,-1.175240473581,0.253062100399));
#5828 = CARTESIAN_POINT('',(0.703925403784,-1.175240473581,
    0.294728767065));
#5829 = CARTESIAN_POINT('',(1.043188105677,-0.58762023679,0.336395433732
    ));
#5830 = CARTESIAN_POINT('',(1.382450807569,-2.052535561332E-16,
    0.378062100399));
#5831 = CARTESIAN_POINT('',(1.043188105677,0.58762023679,0.419728767065)
  );
#5832 = CARTESIAN_POINT('',(0.703925403784,1.175240473581,0.461395433732
    ));
#5833 = CARTESIAN_POINT('',(2.54E-02,1.175240473581,0.503062100399));
#5834 = CARTESIAN_POINT('',(-0.653125403784,1.175240473581,
    0.544728767065));
#5835 = CARTESIAN_POINT('',(-0.992388105677,0.58762023679,0.586395433732
    ));
#5836 = CARTESIAN_POINT('',(-1.331650807569,1.271280294207E-16,
    0.628062100399));
#5837 = CARTESIAN_POINT('',(-0.992388105677,-0.58762023679,
    0.669728767065));
#5838 = CARTESIAN_POINT('',(-0.653125403784,-1.175240473581,
    0.711395433732));
#5839 = CARTESIAN_POINT('',(2.54E-02,-1.175240473581,0.753062100399));
#5840 = CARTESIAN_POINT('',(0.703925403784,-1.175240473581,
    0.794728767065));
#5841 = CARTESIAN_POINT('',(1.043188105677,-0.58762023679,0.836395433732
    ));
#5842 = CARTESIAN_POINT('',(1.382450807569,-2.052535561332E-16,
    0.878062100399));
#5843 = CARTESIAN_POINT('',(1.043188105677,0.58762023679,0.919728767065)
  );
#5844 = CARTESIAN_POINT('',(0.703925403784,1.175240473581,0.961395433732
    ));
#5845 = CARTESIAN_POINT('',(2.54E-02,1.175240473581,1.003062100399));
#5846 = CARTESIAN_POINT('',(-0.653125403784,1.175240473581,
    1.044728767065));
#5847 = CARTESIAN_POINT('',(-0.992388105677,0.58762023679,1.086395433732
    ));
#5848 = CARTESIAN_POINT('',(-1.331650807569,1.271280294207E-16,
    1.128062100399));
#5849 = CARTESIAN_POINT('',(-0.992388105677,-0.58762023679,
    1.169728767065));
#5850 = CARTESIAN_POINT('',(-0.653125403784,-1.175240473581,
    1.211395433732));
#5851 = CARTESIAN_POINT('',(2.54E-02,-1.175240473581,1.253062100399));
#5852 = CARTESIAN_POINT('',(0.703925403784,-1.175240473581,
    1.294728767065));
#5853 = CARTESIAN_POINT('',(1.043188105677,-0.58762023679,1.336395433732
    ));
#5854 = CARTESIAN_POINT('',(1.382450807569,-2.052535561332E-16,
    1.378062100399));
#5855 = CARTESIAN_POINT('',(1.043188105677,0.58762023679,1.419728767065)
  );
#5856 = CARTESIAN_POINT('',(0.703925403784,1.175240473581,1.461395433732
    ));
#5857 = CARTESIAN_POINT('',(2.54E-02,1.175240473581,1.503062100399));
#5858 = CARTESIAN_POINT('',(2.54E-02,1.5,-2.184437899601));
#5859 = CARTESIAN_POINT('',(-0.840625403784,1.5,-2.142771232935));
#5860 = CARTESIAN_POINT('',(-1.273638105677,0.75,-2.101104566268));
#5861 = CARTESIAN_POINT('',(-1.706650807569,1.500901569047E-16,
    -2.059437899601));
#5862 = CARTESIAN_POINT('',(-1.273638105677,-0.75,-2.017771232935));
#5863 = CARTESIAN_POINT('',(-0.840625403784,-1.5,-1.976104566268));
#5864 = CARTESIAN_POINT('',(2.54E-02,-1.5,-1.934437899601));
#5865 = CARTESIAN_POINT('',(0.891425403784,-1.5,-1.892771232935));
#5866 = CARTESIAN_POINT('',(1.324438105677,-0.75,-1.851104566268));
#5867 = CARTESIAN_POINT('',(1.757450807569,-2.741399385853E-16,
    -1.809437899601));
#5868 = CARTESIAN_POINT('',(1.324438105677,0.75,-1.767771232935));
#5869 = CARTESIAN_POINT('',(0.891425403784,1.5,-1.726104566268));
#5870 = CARTESIAN_POINT('',(2.54E-02,1.5,-1.684437899601));
#5871 = CARTESIAN_POINT('',(-0.840625403784,1.5,-1.642771232935));
#5872 = CARTESIAN_POINT('',(-1.273638105677,0.75,-1.601104566268));
#5873 = CARTESIAN_POINT('',(-1.706650807569,1.500901569047E-16,
    -1.559437899601));
#5874 = CARTESIAN_POINT('',(-1.273638105677,-0.75,-1.517771232935));
#5875 = CARTESIAN_POINT('',(-0.840625403784,-1.5,-1.476104566268));
#5876 = CARTESIAN_POINT('',(2.54E-02,-1.5,-1.434437899601));
#5877 = CARTESIAN_POINT('',(0.891425403784,-1.5,-1.392771232935));
#5878 = CARTESIAN_POINT('',(1.324438105677,-0.75,-1.351104566268));
#5879 = CARTESIAN_POINT('',(1.757450807569,-2.741399385853E-16,
    -1.309437899601));
#5880 = CARTESIAN_POINT('',(1.324438105677,0.75,-1.267771232935));
#5881 = CARTESIAN_POINT('',(0.891425403784,1.5,-1.226104566268));
#5882 = CARTESIAN_POINT('',(2.54E-02,1.5,-1.184437899601));
#5883 = CARTESIAN_POINT('',(-0.840625403784,1.5,-1.142771232935));
#5884 = CARTESIAN_POINT('',(-1.273638105677,0.75,-1.101104566268));
#5885 = CARTESIAN_POINT('',(-1.706650807569,1.500901569047E-16,
    -1.059437899601));
#5886 = CARTESIAN_POINT('',(-1.273638105677,-0.75,-1.017771232935));
#5887 = CARTESIAN_POINT('',(-0.840625403784,-1.5,-0.976104566268));
#5888 = CARTESIAN_POINT('',(2.54E-02,-1.5,-0.934437899601));
#5889 = CARTESIAN_POINT('',(0.891425403784,-1.5,-0.892771232935));
#5890 = CARTESIAN_POINT('',(1.324438105677,-0.75,-0.851104566268));
#5891 = CARTESIAN_POINT('',(1.757450807569,-2.741399385853E-16,
    -0.809437899601));
#5892 = CARTESIAN_POINT('',(1.324438105677,0.75,-0.767771232935));
#5893 = CARTESIAN_POINT('',(0.891425403784,1.5,-0.726104566268));
#5894 = CARTESIAN_POINT('',(2.54E-02,1.5,-0.684437899601));
#5895 = CARTESIAN_POINT('',(-0.840625403784,1.5,-0.642771232935));
#5896 = CARTESIAN_POINT('',(-1.273638105677,0.75,-0.601104566268));
#5897 = CARTESIAN_POINT('',(-1.706650807569,1.500901569047E-16,
    -0.559437899601));
#5898 = CARTESIAN_POINT('',(-1.273638105677,-0.75,-0.517771232935));
#5899 = CARTESIAN_POINT('',(-0.840625403784,-1.5,-0.476104566268));
#5900 = CARTESIAN_POINT('',(2.54E-02,-1.5,-0.434437899601));
#5901 = CARTESIAN_POINT('',(0.891425403784,-1.5,-0.392771232935));
#5902 = CARTESIAN_POINT('',(1.324438105677,-0.75,-0.351104566268));
#5903 = CARTESIAN_POINT('',(1.757450807569,-2.741399385853E-16,
    -0.309437899601));
#5904 = CARTESIAN_POINT('',(1.324438105677,0.75,-0.267771232935));
#5905 = CARTESIAN_POINT('',(0.891425403784,1.5,-0.226104566268));
#5906 = CARTESIAN_POINT('',(2.54E-02,1.5,-0.184437899601));
#5907 = CARTESIAN_POINT('',(-0.840625403784,1.5,-0.142771232935));
#5908 = CARTESIAN_POINT('',(-1.273638105677,0.75,-0.101104566268));
#5909 = CARTESIAN_POINT('',(-1.706650807569,1.500901569047E-16,
    -5.943789960143E-02));
#5910 = CARTESIAN_POINT('',(-1.273638105677,-0.75,-1.777123293477E-02));
#5911 = CARTESIAN_POINT('',(-0.840625403784,-1.5,2.38954337319E-02));
#5912 = CARTESIAN_POINT('',(2.54E-02,-1.5,6.556210039857E-02));
#5913 = CARTESIAN_POINT('',(0.891425403784,-1.5,0.107228767065));
#5914 = CARTESIAN_POINT('',(1.324438105677,-0.75,0.148895433732));
#5915 = CARTESIAN_POINT('',(1.757450807569,-2.741399385853E-16,
    0.190562100399));
#5916 = CARTESIAN_POINT('',(1.324438105677,0.75,0.232228767065));
#5917 = CARTESIAN_POINT('',(0.891425403784,1.5,0.273895433732));
#5918 = CARTESIAN_POINT('',(2.54E-02,1.5,0.315562100399));
#5919 = CARTESIAN_POINT('',(-0.840625403784,1.5,0.357228767065));
#5920 = CARTESIAN_POINT('',(-1.273638105677,0.75,0.398895433732));
#5921 = CARTESIAN_POINT('',(-1.706650807569,1.500901569047E-16,
    0.440562100399));
#5922 = CARTESIAN_POINT('',(-1.273638105677,-0.75,0.482228767065));
#5923 = CARTESIAN_POINT('',(-0.840625403784,-1.5,0.523895433732));
#5924 = CARTESIAN_POINT('',(2.54E-02,-1.5,0.565562100399));
#5925 = CARTESIAN_POINT('',(0.891425403784,-1.5,0.607228767065));
#5926 = CARTESIAN_POINT('',(1.324438105677,-0.75,0.648895433732));
#5927 = CARTESIAN_POINT('',(1.757450807569,-2.741399385853E-16,
    0.690562100399));
#5928 = CARTESIAN_POINT('',(1.324438105677,0.75,0.732228767065));
#5929 = CARTESIAN_POINT('',(0.891425403784,1.5,0.773895433732));
#5930 = CARTESIAN_POINT('',(2.54E-02,1.5,0.815562100399));
#5931 = CARTESIAN_POINT('',(-0.840625403784,1.5,0.857228767065));
#5932 = CARTESIAN_POINT('',(-1.273638105677,0.75,0.898895433732));
#5933 = CARTESIAN_POINT('',(-1.706650807569,1.500901569047E-16,
    0.940562100399));
#5934 = CARTESIAN_POINT('',(-1.273638105677,-0.75,0.982228767065));
#5935 = CARTESIAN_POINT('',(-0.840625403784,-1.5,1.023895433732));
#5936 = CARTESIAN_POINT('',(2.54E-02,-1.5,1.065562100399));
#5937 = CARTESIAN_POINT('',(0.891425403784,-1.5,1.107228767065));
#5938 = CARTESIAN_POINT('',(1.324438105677,-0.75,1.148895433732));
#5939 = CARTESIAN_POINT('',(1.757450807569,-2.741399385853E-16,
    1.190562100399));
#5940 = CARTESIAN_POINT('',(1.324438105677,0.75,1.232228767065));
#5941 = CARTESIAN_POINT('',(0.891425403784,1.5,1.273895433732));
#5942 = CARTESIAN_POINT('',(2.54E-02,1.5,1.315562100399));
#5943 = DEFINITIONAL_REPRESENTATION('',(#5944),#5970);
#5944 = B_SPLINE_CURVE_WITH_KNOTS('',3,(#5945,#5946,#5947,#5948,#5949,
    #5950,#5951,#5952,#5953,#5954,#5955,#5956,#5957,#5958,#5959,#5960,
    #5961,#5962,#5963,#5964,#5965,#5966,#5967,#5968,#5969),
  .UNSPECIFIED.,.F.,.F.,(4,1,1,1,1,1,1,1,1,1,1,1,1,1,1,1,1,1,1,1,1,1,4),
  (0.,2.582630850933E-03,5.165261701866E-03,7.747892552799E-03,
    1.033052340373E-02,1.291315425466E-02,1.54957851056E-02,
    1.807841595653E-02,2.066104680746E-02,2.32436776584E-02,
    2.582630850933E-02,2.840893936026E-02,3.099157021119E-02,
    3.357420106213E-02,3.615683191306E-02,3.873946276399E-02,
    4.132209361493E-02,4.390472446586E-02,4.648735531679E-02,
    4.906998616772E-02,5.165261701866E-02,5.423524786959E-02,
    5.681787872052E-02),.QUASI_UNIFORM_KNOTS.);
#5945 = CARTESIAN_POINT('',(1.,0.828606072394));
#5946 = CARTESIAN_POINT('',(0.978641805403,0.828554874594));
#5947 = CARTESIAN_POINT('',(0.936219439026,0.828448162207));
#5948 = CARTESIAN_POINT('',(0.873573243833,0.828274526157));
#5949 = CARTESIAN_POINT('',(0.81201791239,0.828086705537));
#5950 = CARTESIAN_POINT('',(0.751663171946,0.827884083221));
#5951 = CARTESIAN_POINT('',(0.692623227481,0.827666048136));
#5952 = CARTESIAN_POINT('',(0.635017734939,0.827432001469));
#5953 = CARTESIAN_POINT('',(0.578971640601,0.827181361316));
#5954 = CARTESIAN_POINT('',(0.524616787638,0.826913578907));
#5955 = CARTESIAN_POINT('',(0.472087483939,0.826628115911));
#5956 = CARTESIAN_POINT('',(0.421538294865,0.826324571833));
#5957 = CARTESIAN_POINT('',(0.373078742733,0.826002256043));
#5958 = CARTESIAN_POINT('',(0.327017841698,0.825661837143));
#5959 = CARTESIAN_POINT('',(0.283666234972,0.825304503206));
#5960 = CARTESIAN_POINT('',(0.243143725479,0.824930255193));
#5961 = CARTESIAN_POINT('',(0.205622340758,0.824539533743));
#5962 = CARTESIAN_POINT('',(0.171267085237,0.824132888694));
#5963 = CARTESIAN_POINT('',(0.140225477706,0.823710720275));
#5964 = CARTESIAN_POINT('',(0.11272360019,0.823274682644));
#5965 = CARTESIAN_POINT('',(8.898944290533E-02,0.822827173371));
#5966 = CARTESIAN_POINT('',(6.914553992388E-02,0.822369353679));
#5967 = CARTESIAN_POINT('',(5.333319455746E-02,0.821902874605));
#5968 = CARTESIAN_POINT('',(4.55596313578E-02,0.821587256318));
#5969 = CARTESIAN_POINT('',(4.238591702825E-02,0.821428571429));
#5970 = ( GEOMETRIC_REPRESENTATION_CONTEXT(2) 
PARAMETRIC_REPRESENTATION_CONTEXT() REPRESENTATION_CONTEXT('2D SPACE',''
  ) );
#5971 = ORIENTED_EDGE('',*,*,#5972,.T.);
#5972 = EDGE_CURVE('',#5730,#5973,#5975,.T.);
#5973 = VERTEX_POINT('',#5974);
#5974 = CARTESIAN_POINT('',(1.189005703922,7.831445745807E-14,
    0.870114740956));
#5975 = SURFACE_CURVE('',#5976,(#5980,#5986),.PCURVE_S1.);
#5976 = LINE('',#5977,#5978);
#5977 = CARTESIAN_POINT('',(4.420500914666,-7.371391736531E-15,
    0.870114740956));
#5978 = VECTOR('',#5979,1.);
#5979 = DIRECTION('',(-1.,0.,0.));
#5980 = PCURVE('',#4182,#5981);
#5981 = DEFINITIONAL_REPRESENTATION('',(#5982),#5985);
#5982 = B_SPLINE_CURVE_WITH_KNOTS('',1,(#5983,#5984),.UNSPECIFIED.,.F.,
  .F.,(2,2),(3.206095210745,3.231495210745),.PIECEWISE_BEZIER_KNOTS.);
#5983 = CARTESIAN_POINT('',(1.,2.386420979468E-02));
#5984 = CARTESIAN_POINT('',(1.,2.640420979468E-02));
#5985 = ( GEOMETRIC_REPRESENTATION_CONTEXT(2) 
PARAMETRIC_REPRESENTATION_CONTEXT() REPRESENTATION_CONTEXT('2D SPACE',''
  ) );
#5986 = PCURVE('',#5987,#5996);
#5987 = ( BOUNDED_SURFACE() B_SPLINE_SURFACE(3,1,(
    (#5988,#5989)
    ,(#5990,#5991)
    ,(#5992,#5993)
    ,(#5994,#5995
)),.UNSPECIFIED.,.F.,.F.,.F.) B_SPLINE_SURFACE_WITH_KNOTS((4,4),(2,2),(
    0.,1.),(0.,9.640112741205E-02),.PIECEWISE_BEZIER_KNOTS.) 
GEOMETRIC_REPRESENTATION_ITEM() RATIONAL_B_SPLINE_SURFACE((
    (1.,1.)
    ,(0.333333333333,0.333333333333)
    ,(0.333333333333,0.333333333333)
,(1.,1.))) REPRESENTATION_ITEM('') SURFACE() );
#5988 = CARTESIAN_POINT('',(1.45636394702,7.839999825391E-14,
    0.870114740956));
#5989 = CARTESIAN_POINT('',(0.4923526729,7.839999825391E-14,
    0.870114740956));
#5990 = CARTESIAN_POINT('',(1.45636394702,-1.74,0.870114740956));
#5991 = CARTESIAN_POINT('',(0.4923526729,-1.74,0.870114740956));
#5992 = CARTESIAN_POINT('',(1.45636394702,-1.74,-1.043885259044));
#5993 = CARTESIAN_POINT('',(0.4923526729,-1.74,-1.043885259044));
#5994 = CARTESIAN_POINT('',(1.45636394702,-7.864293620627E-15,
    -1.043885259044));
#5995 = CARTESIAN_POINT('',(0.4923526729,-7.864293620627E-15,
    -1.043885259044));
#5996 = DEFINITIONAL_REPRESENTATION('',(#5997),#6000);
#5997 = B_SPLINE_CURVE_WITH_KNOTS('',1,(#5998,#5999),.UNSPECIFIED.,.F.,
  .F.,(2,2),(3.206095210745,3.231495210745),.PIECEWISE_BEZIER_KNOTS.);
#5998 = CARTESIAN_POINT('',(4.931223693175E-14,2.419582430984E-02));
#5999 = CARTESIAN_POINT('',(4.928341222706E-14,2.673582430984E-02));
#6000 = ( GEOMETRIC_REPRESENTATION_CONTEXT(2) 
PARAMETRIC_REPRESENTATION_CONTEXT() REPRESENTATION_CONTEXT('2D SPACE',''
  ) );
#6001 = ORIENTED_EDGE('',*,*,#6002,.F.);
#6002 = EDGE_CURVE('',#6003,#5973,#6005,.T.);
#6003 = VERTEX_POINT('',#6004);
#6004 = CARTESIAN_POINT('',(1.423696872441,0.472321093539,0.716802161151
    ));
#6005 = SURFACE_CURVE('',#6006,(#6015,#6044),.PCURVE_S1.);
#6006 = B_SPLINE_CURVE_WITH_KNOTS('',3,(#6007,#6008,#6009,#6010,#6011,
    #6012,#6013,#6014),.UNSPECIFIED.,.F.,.F.,(4,2,2,4),(0.,
    2.841090042966E-02,4.398124539897E-02,5.681787872552E-02),
  .UNSPECIFIED.);
#6007 = CARTESIAN_POINT('',(1.423696872446,0.472321093527,0.71680216115)
  );
#6008 = CARTESIAN_POINT('',(1.36294314694,0.413116627921,0.758902928006)
  );
#6009 = CARTESIAN_POINT('',(1.310210057964,0.344173855884,0.796910042589
    ));
#6010 = CARTESIAN_POINT('',(1.246983106814,0.219987020237,0.84040533407)
  );
#6011 = CARTESIAN_POINT('',(1.228479013775,0.173278935347,0.852522399862
    ));
#6012 = CARTESIAN_POINT('',(1.202701540621,8.383660720944E-02,
    0.866719587321));
#6013 = CARTESIAN_POINT('',(1.194130082348,4.221295461728E-02,
    0.870114740956));
#6014 = CARTESIAN_POINT('',(1.189005703922,7.750080414593E-14,
    0.870114740956));
#6015 = PCURVE('',#4182,#6016);
#6016 = DEFINITIONAL_REPRESENTATION('',(#6017),#6043);
#6017 = B_SPLINE_CURVE_WITH_KNOTS('',3,(#6018,#6019,#6020,#6021,#6022,
    #6023,#6024,#6025,#6026,#6027,#6028,#6029,#6030,#6031,#6032,#6033,
    #6034,#6035,#6036,#6037,#6038,#6039,#6040,#6041,#6042),
  .UNSPECIFIED.,.F.,.F.,(4,1,1,1,1,1,1,1,1,1,1,1,1,1,1,1,1,1,1,1,1,1,4),
  (0.,2.58263085116E-03,5.16526170232E-03,7.74789255348E-03,
    1.033052340464E-02,1.29131542558E-02,1.549578510696E-02,
    1.807841595812E-02,2.066104680928E-02,2.324367766044E-02,
    2.58263085116E-02,2.840893936276E-02,3.099157021392E-02,
    3.357420106508E-02,3.615683191624E-02,3.87394627674E-02,
    4.132209361856E-02,4.390472446972E-02,4.648735532088E-02,
    4.906998617204E-02,5.16526170232E-02,5.423524787436E-02,
    5.681787872552E-02),.QUASI_UNIFORM_KNOTS.);
#6018 = CARTESIAN_POINT('',(0.772149834705,2.935092942281E-03));
#6019 = CARTESIAN_POINT('',(0.774537023024,3.487361414734E-03));
#6020 = CARTESIAN_POINT('',(0.779377763967,4.57864294015E-03));
#6021 = CARTESIAN_POINT('',(0.78684760865,6.174055105257E-03));
#6022 = CARTESIAN_POINT('',(0.794535378217,7.726213313974E-03));
#6023 = CARTESIAN_POINT('',(0.802451834868,9.233373623836E-03));
#6024 = CARTESIAN_POINT('',(0.810608902608,1.069379249756E-02));
#6025 = CARTESIAN_POINT('',(0.819019898431,1.210572488623E-02));
#6026 = CARTESIAN_POINT('',(0.827699689492,1.346743138229E-02));
#6027 = CARTESIAN_POINT('',(0.836664569653,1.477715152437E-02));
#6028 = CARTESIAN_POINT('',(0.845933401839,1.6033203425E-02));
#6029 = CARTESIAN_POINT('',(0.855524053673,1.723361195491E-02));
#6030 = CARTESIAN_POINT('',(0.865467477223,1.837749637813E-02));
#6031 = CARTESIAN_POINT('',(0.875756009881,1.945989162731E-02));
#6032 = CARTESIAN_POINT('',(0.886373130818,2.047620567386E-02));
#6033 = CARTESIAN_POINT('',(0.897345086201,2.14259423786E-02));
#6034 = CARTESIAN_POINT('',(0.90868974957,2.230754032354E-02));
#6035 = CARTESIAN_POINT('',(0.920427861503,2.311960332532E-02));
#6036 = CARTESIAN_POINT('',(0.932590665337,2.386113954082E-02));
#6037 = CARTESIAN_POINT('',(0.945179767326,2.452937453145E-02));
#6038 = CARTESIAN_POINT('',(0.958181612075,2.512075809804E-02));
#6039 = CARTESIAN_POINT('',(0.971624377871,2.563394657067E-02));
#6040 = CARTESIAN_POINT('',(0.985527201789,2.606700660686E-02));
#6041 = CARTESIAN_POINT('',(0.995119219423,2.630111128372E-02));
#6042 = CARTESIAN_POINT('',(1.,2.640420979468E-02));
#6043 = ( GEOMETRIC_REPRESENTATION_CONTEXT(2) 
PARAMETRIC_REPRESENTATION_CONTEXT() REPRESENTATION_CONTEXT('2D SPACE',''
  ) );
#6044 = PCURVE('',#6045,#6216);
#6045 = ( BOUNDED_SURFACE() B_SPLINE_SURFACE(1,2,(
    (#6046,#6047,#6048,#6049,#6050,#6051,#6052,#6053,#6054,#6055,#6056
      ,#6057,#6058,#6059,#6060,#6061,#6062,#6063,#6064,#6065,#6066,#6067
      ,#6068,#6069,#6070,#6071,#6072,#6073,#6074,#6075,#6076,#6077,#6078
      ,#6079,#6080,#6081,#6082,#6083,#6084,#6085,#6086,#6087,#6088,#6089
      ,#6090,#6091,#6092,#6093,#6094,#6095,#6096,#6097,#6098,#6099,#6100
      ,#6101,#6102,#6103,#6104,#6105,#6106,#6107,#6108,#6109,#6110,#6111
      ,#6112,#6113,#6114,#6115,#6116,#6117,#6118,#6119,#6120,#6121,#6122
      ,#6123,#6124,#6125,#6126,#6127,#6128,#6129,#6130)
    ,(#6131,#6132,#6133,#6134,#6135,#6136,#6137,#6138,#6139,#6140,#6141
      ,#6142,#6143,#6144,#6145,#6146,#6147,#6148,#6149,#6150,#6151,#6152
      ,#6153,#6154,#6155,#6156,#6157,#6158,#6159,#6160,#6161,#6162,#6163
      ,#6164,#6165,#6166,#6167,#6168,#6169,#6170,#6171,#6172,#6173,#6174
      ,#6175,#6176,#6177,#6178,#6179,#6180,#6181,#6182,#6183,#6184,#6185
      ,#6186,#6187,#6188,#6189,#6190,#6191,#6192,#6193,#6194,#6195,#6196
      ,#6197,#6198,#6199,#6200,#6201,#6202,#6203,#6204,#6205,#6206,#6207
      ,#6208,#6209,#6210,#6211,#6212,#6213,#6214,#6215
)),.UNSPECIFIED.,.F.,.F.,.F.) B_SPLINE_SURFACE_WITH_KNOTS((2,2),(3,2,2,2
    ,2,2,2,2,2,2,2,2,2,2,2,2,2,2,2,2,2,2,2,2,2,2,2,2,2,2,2,2,2,2,2,2,2,2
    ,2,2,2,2,3),(0.,1.),(0.,2.380952380952E-02,4.761904761905E-02,
    7.142857142857E-02,9.52380952381E-02,0.119047619048,0.142857142857,
    0.166666666667,0.190476190476,0.214285714286,0.238095238095,
    0.261904761905,0.285714285714,0.309523809524,0.333333333333,
    0.357142857143,0.380952380952,0.404761904762,0.428571428571,
    0.452380952381,0.47619047619,0.5,0.52380952381,0.547619047619,
    0.571428571429,0.595238095238,0.619047619048,0.642857142857,
    0.666666666667,0.690476190476,0.714285714286,0.738095238095,
    0.761904761905,0.785714285714,0.809523809524,0.833333333333,
    0.857142857143,0.880952380952,0.904761904762,0.928571428571,
    0.952380952381,0.97619047619,1.),.UNSPECIFIED.) 
GEOMETRIC_REPRESENTATION_ITEM() RATIONAL_B_SPLINE_SURFACE((
    (1.,0.866025403784,1.,0.866025403784,1.,0.866025403784,1.
      ,0.866025403784,1.,0.866025403784,1.,0.866025403784,1.
      ,0.866025403784,1.,0.866025403784,1.,0.866025403784,1.
      ,0.866025403784,1.,0.866025403784,1.,0.866025403784,1.
      ,0.866025403784,1.,0.866025403784,1.,0.866025403784,1.
      ,0.866025403784,1.,0.866025403784,1.,0.866025403784,1.
      ,0.866025403784,1.,0.866025403784,1.,0.866025403784,1.
      ,0.866025403784,1.,0.866025403784,1.,0.866025403784,1.
      ,0.866025403784,1.,0.866025403784,1.,0.866025403784,1.
      ,0.866025403784,1.,0.866025403784,1.,0.866025403784,1.
      ,0.866025403784,1.,0.866025403784,1.,0.866025403784,1.
      ,0.866025403784,1.,0.866025403784,1.,0.866025403784,1.
      ,0.866025403784,1.,0.866025403784,1.,0.866025403784,1.
      ,0.866025403784,1.,0.866025403784,1.,0.866025403784,1.)
    ,(1.,0.866025403784,1.,0.866025403784,1.,0.866025403784,1.
      ,0.866025403784,1.,0.866025403784,1.,0.866025403784,1.
      ,0.866025403784,1.,0.866025403784,1.,0.866025403784,1.
      ,0.866025403784,1.,0.866025403784,1.,0.866025403784,1.
      ,0.866025403784,1.,0.866025403784,1.,0.866025403784,1.
      ,0.866025403784,1.,0.866025403784,1.,0.866025403784,1.
      ,0.866025403784,1.,0.866025403784,1.,0.866025403784,1.
      ,0.866025403784,1.,0.866025403784,1.,0.866025403784,1.
      ,0.866025403784,1.,0.866025403784,1.,0.866025403784,1.
      ,0.866025403784,1.,0.866025403784,1.,0.866025403784,1.
      ,0.866025403784,1.,0.866025403784,1.,0.866025403784,1.
      ,0.866025403784,1.,0.866025403784,1.,0.866025403784,1.
      ,0.866025403784,1.,0.866025403784,1.,0.866025403784,1.
      ,0.866025403784,1.,0.866025403784,1.,0.866025403784,1.
))) REPRESENTATION_ITEM('') SURFACE() );
#6046 = CARTESIAN_POINT('',(0.,1.175240473581,-1.996937899601));
#6047 = CARTESIAN_POINT('',(-0.678525403784,1.175240473581,
    -1.955271232935));
#6048 = CARTESIAN_POINT('',(-1.017788105677,0.58762023679,
    -1.913604566268));
#6049 = CARTESIAN_POINT('',(-1.357050807569,1.271280294207E-16,
    -1.871937899601));
#6050 = CARTESIAN_POINT('',(-1.017788105677,-0.58762023679,
    -1.830271232935));
#6051 = CARTESIAN_POINT('',(-0.678525403784,-1.175240473581,
    -1.788604566268));
#6052 = CARTESIAN_POINT('',(-1.439254484199E-16,-1.175240473581,
    -1.746937899601));
#6053 = CARTESIAN_POINT('',(0.678525403784,-1.175240473581,
    -1.705271232935));
#6054 = CARTESIAN_POINT('',(1.017788105677,-0.58762023679,
    -1.663604566268));
#6055 = CARTESIAN_POINT('',(1.357050807569,-2.052535561332E-16,
    -1.621937899601));
#6056 = CARTESIAN_POINT('',(1.017788105677,0.58762023679,-1.580271232935
    ));
#6057 = CARTESIAN_POINT('',(0.678525403784,1.175240473581,
    -1.538604566268));
#6058 = CARTESIAN_POINT('',(0.,1.175240473581,-1.496937899601));
#6059 = CARTESIAN_POINT('',(-0.678525403784,1.175240473581,
    -1.455271232935));
#6060 = CARTESIAN_POINT('',(-1.017788105677,0.58762023679,
    -1.413604566268));
#6061 = CARTESIAN_POINT('',(-1.357050807569,1.271280294207E-16,
    -1.371937899601));
#6062 = CARTESIAN_POINT('',(-1.017788105677,-0.58762023679,
    -1.330271232935));
#6063 = CARTESIAN_POINT('',(-0.678525403784,-1.175240473581,
    -1.288604566268));
#6064 = CARTESIAN_POINT('',(-1.439254484199E-16,-1.175240473581,
    -1.246937899601));
#6065 = CARTESIAN_POINT('',(0.678525403784,-1.175240473581,
    -1.205271232935));
#6066 = CARTESIAN_POINT('',(1.017788105677,-0.58762023679,
    -1.163604566268));
#6067 = CARTESIAN_POINT('',(1.357050807569,-2.052535561332E-16,
    -1.121937899601));
#6068 = CARTESIAN_POINT('',(1.017788105677,0.58762023679,-1.080271232935
    ));
#6069 = CARTESIAN_POINT('',(0.678525403784,1.175240473581,
    -1.038604566268));
#6070 = CARTESIAN_POINT('',(0.,1.175240473581,-0.996937899601));
#6071 = CARTESIAN_POINT('',(-0.678525403784,1.175240473581,
    -0.955271232935));
#6072 = CARTESIAN_POINT('',(-1.017788105677,0.58762023679,
    -0.913604566268));
#6073 = CARTESIAN_POINT('',(-1.357050807569,1.271280294207E-16,
    -0.871937899601));
#6074 = CARTESIAN_POINT('',(-1.017788105677,-0.58762023679,
    -0.830271232935));
#6075 = CARTESIAN_POINT('',(-0.678525403784,-1.175240473581,
    -0.788604566268));
#6076 = CARTESIAN_POINT('',(-1.439254484199E-16,-1.175240473581,
    -0.746937899601));
#6077 = CARTESIAN_POINT('',(0.678525403784,-1.175240473581,
    -0.705271232935));
#6078 = CARTESIAN_POINT('',(1.017788105677,-0.58762023679,
    -0.663604566268));
#6079 = CARTESIAN_POINT('',(1.357050807569,-2.052535561332E-16,
    -0.621937899601));
#6080 = CARTESIAN_POINT('',(1.017788105677,0.58762023679,-0.580271232935
    ));
#6081 = CARTESIAN_POINT('',(0.678525403784,1.175240473581,
    -0.538604566268));
#6082 = CARTESIAN_POINT('',(0.,1.175240473581,-0.496937899601));
#6083 = CARTESIAN_POINT('',(-0.678525403784,1.175240473581,
    -0.455271232935));
#6084 = CARTESIAN_POINT('',(-1.017788105677,0.58762023679,
    -0.413604566268));
#6085 = CARTESIAN_POINT('',(-1.357050807569,1.271280294207E-16,
    -0.371937899601));
#6086 = CARTESIAN_POINT('',(-1.017788105677,-0.58762023679,
    -0.330271232935));
#6087 = CARTESIAN_POINT('',(-0.678525403784,-1.175240473581,
    -0.288604566268));
#6088 = CARTESIAN_POINT('',(-1.439254484199E-16,-1.175240473581,
    -0.246937899601));
#6089 = CARTESIAN_POINT('',(0.678525403784,-1.175240473581,
    -0.205271232935));
#6090 = CARTESIAN_POINT('',(1.017788105677,-0.58762023679,
    -0.163604566268));
#6091 = CARTESIAN_POINT('',(1.357050807569,-2.052535561332E-16,
    -0.121937899601));
#6092 = CARTESIAN_POINT('',(1.017788105677,0.58762023679,
    -8.027123293476E-02));
#6093 = CARTESIAN_POINT('',(0.678525403784,1.175240473581,
    -3.86045662681E-02));
#6094 = CARTESIAN_POINT('',(0.,1.175240473581,3.06210039857E-03));
#6095 = CARTESIAN_POINT('',(-0.678525403784,1.175240473581,
    4.472876706524E-02));
#6096 = CARTESIAN_POINT('',(-1.017788105677,0.58762023679,
    8.63954337319E-02));
#6097 = CARTESIAN_POINT('',(-1.357050807569,1.271280294207E-16,
    0.128062100399));
#6098 = CARTESIAN_POINT('',(-1.017788105677,-0.58762023679,
    0.169728767065));
#6099 = CARTESIAN_POINT('',(-0.678525403784,-1.175240473581,
    0.211395433732));
#6100 = CARTESIAN_POINT('',(-1.439254484199E-16,-1.175240473581,
    0.253062100399));
#6101 = CARTESIAN_POINT('',(0.678525403784,-1.175240473581,
    0.294728767065));
#6102 = CARTESIAN_POINT('',(1.017788105677,-0.58762023679,0.336395433732
    ));
#6103 = CARTESIAN_POINT('',(1.357050807569,-2.052535561332E-16,
    0.378062100399));
#6104 = CARTESIAN_POINT('',(1.017788105677,0.58762023679,0.419728767065)
  );
#6105 = CARTESIAN_POINT('',(0.678525403784,1.175240473581,0.461395433732
    ));
#6106 = CARTESIAN_POINT('',(0.,1.175240473581,0.503062100399));
#6107 = CARTESIAN_POINT('',(-0.678525403784,1.175240473581,
    0.544728767065));
#6108 = CARTESIAN_POINT('',(-1.017788105677,0.58762023679,0.586395433732
    ));
#6109 = CARTESIAN_POINT('',(-1.357050807569,1.271280294207E-16,
    0.628062100399));
#6110 = CARTESIAN_POINT('',(-1.017788105677,-0.58762023679,
    0.669728767065));
#6111 = CARTESIAN_POINT('',(-0.678525403784,-1.175240473581,
    0.711395433732));
#6112 = CARTESIAN_POINT('',(-1.439254484199E-16,-1.175240473581,
    0.753062100399));
#6113 = CARTESIAN_POINT('',(0.678525403784,-1.175240473581,
    0.794728767065));
#6114 = CARTESIAN_POINT('',(1.017788105677,-0.58762023679,0.836395433732
    ));
#6115 = CARTESIAN_POINT('',(1.357050807569,-2.052535561332E-16,
    0.878062100399));
#6116 = CARTESIAN_POINT('',(1.017788105677,0.58762023679,0.919728767065)
  );
#6117 = CARTESIAN_POINT('',(0.678525403784,1.175240473581,0.961395433732
    ));
#6118 = CARTESIAN_POINT('',(0.,1.175240473581,1.003062100399));
#6119 = CARTESIAN_POINT('',(-0.678525403784,1.175240473581,
    1.044728767065));
#6120 = CARTESIAN_POINT('',(-1.017788105677,0.58762023679,1.086395433732
    ));
#6121 = CARTESIAN_POINT('',(-1.357050807569,1.271280294207E-16,
    1.128062100399));
#6122 = CARTESIAN_POINT('',(-1.017788105677,-0.58762023679,
    1.169728767065));
#6123 = CARTESIAN_POINT('',(-0.678525403784,-1.175240473581,
    1.211395433732));
#6124 = CARTESIAN_POINT('',(-1.439254484199E-16,-1.175240473581,
    1.253062100399));
#6125 = CARTESIAN_POINT('',(0.678525403784,-1.175240473581,
    1.294728767065));
#6126 = CARTESIAN_POINT('',(1.017788105677,-0.58762023679,1.336395433732
    ));
#6127 = CARTESIAN_POINT('',(1.357050807569,-2.052535561332E-16,
    1.378062100399));
#6128 = CARTESIAN_POINT('',(1.017788105677,0.58762023679,1.419728767065)
  );
#6129 = CARTESIAN_POINT('',(0.678525403784,1.175240473581,1.461395433732
    ));
#6130 = CARTESIAN_POINT('',(0.,1.175240473581,1.503062100399));
#6131 = CARTESIAN_POINT('',(0.,1.5,-2.184437899601));
#6132 = CARTESIAN_POINT('',(-0.866025403784,1.5,-2.142771232935));
#6133 = CARTESIAN_POINT('',(-1.299038105677,0.75,-2.101104566268));
#6134 = CARTESIAN_POINT('',(-1.732050807569,1.500901569047E-16,
    -2.059437899601));
#6135 = CARTESIAN_POINT('',(-1.299038105677,-0.75,-2.017771232935));
#6136 = CARTESIAN_POINT('',(-0.866025403784,-1.5,-1.976104566268));
#6137 = CARTESIAN_POINT('',(-1.836970198721E-16,-1.5,-1.934437899601));
#6138 = CARTESIAN_POINT('',(0.866025403784,-1.5,-1.892771232935));
#6139 = CARTESIAN_POINT('',(1.299038105677,-0.75,-1.851104566268));
#6140 = CARTESIAN_POINT('',(1.732050807569,-2.741399385853E-16,
    -1.809437899601));
#6141 = CARTESIAN_POINT('',(1.299038105677,0.75,-1.767771232935));
#6142 = CARTESIAN_POINT('',(0.866025403784,1.5,-1.726104566268));
#6143 = CARTESIAN_POINT('',(0.,1.5,-1.684437899601));
#6144 = CARTESIAN_POINT('',(-0.866025403784,1.5,-1.642771232935));
#6145 = CARTESIAN_POINT('',(-1.299038105677,0.75,-1.601104566268));
#6146 = CARTESIAN_POINT('',(-1.732050807569,1.500901569047E-16,
    -1.559437899601));
#6147 = CARTESIAN_POINT('',(-1.299038105677,-0.75,-1.517771232935));
#6148 = CARTESIAN_POINT('',(-0.866025403784,-1.5,-1.476104566268));
#6149 = CARTESIAN_POINT('',(-1.836970198721E-16,-1.5,-1.434437899601));
#6150 = CARTESIAN_POINT('',(0.866025403784,-1.5,-1.392771232935));
#6151 = CARTESIAN_POINT('',(1.299038105677,-0.75,-1.351104566268));
#6152 = CARTESIAN_POINT('',(1.732050807569,-2.741399385853E-16,
    -1.309437899601));
#6153 = CARTESIAN_POINT('',(1.299038105677,0.75,-1.267771232935));
#6154 = CARTESIAN_POINT('',(0.866025403784,1.5,-1.226104566268));
#6155 = CARTESIAN_POINT('',(0.,1.5,-1.184437899601));
#6156 = CARTESIAN_POINT('',(-0.866025403784,1.5,-1.142771232935));
#6157 = CARTESIAN_POINT('',(-1.299038105677,0.75,-1.101104566268));
#6158 = CARTESIAN_POINT('',(-1.732050807569,1.500901569047E-16,
    -1.059437899601));
#6159 = CARTESIAN_POINT('',(-1.299038105677,-0.75,-1.017771232935));
#6160 = CARTESIAN_POINT('',(-0.866025403784,-1.5,-0.976104566268));
#6161 = CARTESIAN_POINT('',(-1.836970198721E-16,-1.5,-0.934437899601));
#6162 = CARTESIAN_POINT('',(0.866025403784,-1.5,-0.892771232935));
#6163 = CARTESIAN_POINT('',(1.299038105677,-0.75,-0.851104566268));
#6164 = CARTESIAN_POINT('',(1.732050807569,-2.741399385853E-16,
    -0.809437899601));
#6165 = CARTESIAN_POINT('',(1.299038105677,0.75,-0.767771232935));
#6166 = CARTESIAN_POINT('',(0.866025403784,1.5,-0.726104566268));
#6167 = CARTESIAN_POINT('',(0.,1.5,-0.684437899601));
#6168 = CARTESIAN_POINT('',(-0.866025403784,1.5,-0.642771232935));
#6169 = CARTESIAN_POINT('',(-1.299038105677,0.75,-0.601104566268));
#6170 = CARTESIAN_POINT('',(-1.732050807569,1.500901569047E-16,
    -0.559437899601));
#6171 = CARTESIAN_POINT('',(-1.299038105677,-0.75,-0.517771232935));
#6172 = CARTESIAN_POINT('',(-0.866025403784,-1.5,-0.476104566268));
#6173 = CARTESIAN_POINT('',(-1.836970198721E-16,-1.5,-0.434437899601));
#6174 = CARTESIAN_POINT('',(0.866025403784,-1.5,-0.392771232935));
#6175 = CARTESIAN_POINT('',(1.299038105677,-0.75,-0.351104566268));
#6176 = CARTESIAN_POINT('',(1.732050807569,-2.741399385853E-16,
    -0.309437899601));
#6177 = CARTESIAN_POINT('',(1.299038105677,0.75,-0.267771232935));
#6178 = CARTESIAN_POINT('',(0.866025403784,1.5,-0.226104566268));
#6179 = CARTESIAN_POINT('',(0.,1.5,-0.184437899601));
#6180 = CARTESIAN_POINT('',(-0.866025403784,1.5,-0.142771232935));
#6181 = CARTESIAN_POINT('',(-1.299038105677,0.75,-0.101104566268));
#6182 = CARTESIAN_POINT('',(-1.732050807569,1.500901569047E-16,
    -5.943789960143E-02));
#6183 = CARTESIAN_POINT('',(-1.299038105677,-0.75,-1.777123293477E-02));
#6184 = CARTESIAN_POINT('',(-0.866025403784,-1.5,2.38954337319E-02));
#6185 = CARTESIAN_POINT('',(-1.836970198721E-16,-1.5,6.556210039857E-02)
  );
#6186 = CARTESIAN_POINT('',(0.866025403784,-1.5,0.107228767065));
#6187 = CARTESIAN_POINT('',(1.299038105677,-0.75,0.148895433732));
#6188 = CARTESIAN_POINT('',(1.732050807569,-2.741399385853E-16,
    0.190562100399));
#6189 = CARTESIAN_POINT('',(1.299038105677,0.75,0.232228767065));
#6190 = CARTESIAN_POINT('',(0.866025403784,1.5,0.273895433732));
#6191 = CARTESIAN_POINT('',(0.,1.5,0.315562100399));
#6192 = CARTESIAN_POINT('',(-0.866025403784,1.5,0.357228767065));
#6193 = CARTESIAN_POINT('',(-1.299038105677,0.75,0.398895433732));
#6194 = CARTESIAN_POINT('',(-1.732050807569,1.500901569047E-16,
    0.440562100399));
#6195 = CARTESIAN_POINT('',(-1.299038105677,-0.75,0.482228767065));
#6196 = CARTESIAN_POINT('',(-0.866025403784,-1.5,0.523895433732));
#6197 = CARTESIAN_POINT('',(-1.836970198721E-16,-1.5,0.565562100399));
#6198 = CARTESIAN_POINT('',(0.866025403784,-1.5,0.607228767065));
#6199 = CARTESIAN_POINT('',(1.299038105677,-0.75,0.648895433732));
#6200 = CARTESIAN_POINT('',(1.732050807569,-2.741399385853E-16,
    0.690562100399));
#6201 = CARTESIAN_POINT('',(1.299038105677,0.75,0.732228767065));
#6202 = CARTESIAN_POINT('',(0.866025403784,1.5,0.773895433732));
#6203 = CARTESIAN_POINT('',(0.,1.5,0.815562100399));
#6204 = CARTESIAN_POINT('',(-0.866025403784,1.5,0.857228767065));
#6205 = CARTESIAN_POINT('',(-1.299038105677,0.75,0.898895433732));
#6206 = CARTESIAN_POINT('',(-1.732050807569,1.500901569047E-16,
    0.940562100399));
#6207 = CARTESIAN_POINT('',(-1.299038105677,-0.75,0.982228767065));
#6208 = CARTESIAN_POINT('',(-0.866025403784,-1.5,1.023895433732));
#6209 = CARTESIAN_POINT('',(-1.836970198721E-16,-1.5,1.065562100399));
#6210 = CARTESIAN_POINT('',(0.866025403784,-1.5,1.107228767065));
#6211 = CARTESIAN_POINT('',(1.299038105677,-0.75,1.148895433732));
#6212 = CARTESIAN_POINT('',(1.732050807569,-2.741399385853E-16,
    1.190562100399));
#6213 = CARTESIAN_POINT('',(1.299038105677,0.75,1.232228767065));
#6214 = CARTESIAN_POINT('',(0.866025403784,1.5,1.273895433732));
#6215 = CARTESIAN_POINT('',(0.,1.5,1.315562100399));
#6216 = DEFINITIONAL_REPRESENTATION('',(#6217),#6243);
#6217 = B_SPLINE_CURVE_WITH_KNOTS('',3,(#6218,#6219,#6220,#6221,#6222,
    #6223,#6224,#6225,#6226,#6227,#6228,#6229,#6230,#6231,#6232,#6233,
    #6234,#6235,#6236,#6237,#6238,#6239,#6240,#6241,#6242),
  .UNSPECIFIED.,.F.,.F.,(4,1,1,1,1,1,1,1,1,1,1,1,1,1,1,1,1,1,1,1,1,1,4),
  (0.,2.58263085116E-03,5.16526170232E-03,7.74789255348E-03,
    1.033052340464E-02,1.29131542558E-02,1.549578510696E-02,
    1.807841595812E-02,2.066104680928E-02,2.324367766044E-02,
    2.58263085116E-02,2.840893936276E-02,3.099157021392E-02,
    3.357420106508E-02,3.615683191624E-02,3.87394627674E-02,
    4.132209361856E-02,4.390472446972E-02,4.648735532088E-02,
    4.906998617204E-02,5.16526170232E-02,5.423524787436E-02,
    5.681787872552E-02),.QUASI_UNIFORM_KNOTS.);
#6218 = CARTESIAN_POINT('',(1.,0.828606072394));
#6219 = CARTESIAN_POINT('',(0.978641805402,0.828554874594));
#6220 = CARTESIAN_POINT('',(0.936219439023,0.828448162207));
#6221 = CARTESIAN_POINT('',(0.873573243826,0.828274526157));
#6222 = CARTESIAN_POINT('',(0.812017912381,0.828086705537));
#6223 = CARTESIAN_POINT('',(0.751663171935,0.827884083221));
#6224 = CARTESIAN_POINT('',(0.69262322747,0.827666048136));
#6225 = CARTESIAN_POINT('',(0.635017734928,0.827432001469));
#6226 = CARTESIAN_POINT('',(0.578971640591,0.827181361316));
#6227 = CARTESIAN_POINT('',(0.52461678763,0.826913578907));
#6228 = CARTESIAN_POINT('',(0.472087483932,0.826628115911));
#6229 = CARTESIAN_POINT('',(0.421538294859,0.826324571833));
#6230 = CARTESIAN_POINT('',(0.373078742728,0.826002256043));
#6231 = CARTESIAN_POINT('',(0.327017841694,0.825661837143));
#6232 = CARTESIAN_POINT('',(0.283666234968,0.825304503206));
#6233 = CARTESIAN_POINT('',(0.243143725476,0.824930255193));
#6234 = CARTESIAN_POINT('',(0.205622340756,0.824539533743));
#6235 = CARTESIAN_POINT('',(0.171267085235,0.824132888694));
#6236 = CARTESIAN_POINT('',(0.140225477704,0.823710720275));
#6237 = CARTESIAN_POINT('',(0.112723600189,0.823274682644));
#6238 = CARTESIAN_POINT('',(8.89894429047E-02,0.822827173371));
#6239 = CARTESIAN_POINT('',(6.914553992354E-02,0.822369353679));
#6240 = CARTESIAN_POINT('',(5.333319455735E-02,0.821902874605));
#6241 = CARTESIAN_POINT('',(4.555963135778E-02,0.821587256318));
#6242 = CARTESIAN_POINT('',(4.238591702825E-02,0.821428571429));
#6243 = ( GEOMETRIC_REPRESENTATION_CONTEXT(2) 
PARAMETRIC_REPRESENTATION_CONTEXT() REPRESENTATION_CONTEXT('2D SPACE',''
  ) );
#6244 = ORIENTED_EDGE('',*,*,#6245,.T.);
#6245 = EDGE_CURVE('',#6003,#6246,#6248,.T.);
#6246 = VERTEX_POINT('',#6247);
#6247 = CARTESIAN_POINT('',(1.397186000069,0.545775852535,0.658382981095
    ));
#6248 = SURFACE_CURVE('',#6249,(#6257,#6263),.PCURVE_S1.);
#6249 = B_SPLINE_CURVE_WITH_KNOTS('',3,(#6250,#6251,#6252,#6253,#6254,
    #6255,#6256),.UNSPECIFIED.,.F.,.F.,(4,3,4),(-9.758084864004E-03,
    -4.8794865504E-03,-9.999999966641E-07),.UNSPECIFIED.);
#6250 = CARTESIAN_POINT('',(1.423696872442,0.472321093535,0.716802161144
    ));
#6251 = CARTESIAN_POINT('',(1.419452568339,0.485114514348,0.707704657747
    ));
#6252 = CARTESIAN_POINT('',(1.415106543606,0.497637419005,0.698275437648
    ));
#6253 = CARTESIAN_POINT('',(1.410680631061,0.509882493471,0.688532699124
    ));
#6254 = CARTESIAN_POINT('',(1.406254819909,0.522127287417,0.678790183796
    ));
#6255 = CARTESIAN_POINT('',(1.401749227057,0.534093993026,0.668734380148
    ));
#6256 = CARTESIAN_POINT('',(1.397186000072,0.545775852528,0.658382981085
    ));
#6257 = PCURVE('',#4182,#6258);
#6258 = DEFINITIONAL_REPRESENTATION('',(#6259),#6262);
#6259 = B_SPLINE_CURVE_WITH_KNOTS('',1,(#6260,#6261),.UNSPECIFIED.,.F.,
  .F.,(2,2),(-9.758084864004E-03,-9.999999966641E-07),
  .PIECEWISE_BEZIER_KNOTS.);
#6260 = CARTESIAN_POINT('',(0.772149834702,2.935092942617E-03));
#6261 = CARTESIAN_POINT('',(0.739273957359,5.586180179636E-03));
#6262 = ( GEOMETRIC_REPRESENTATION_CONTEXT(2) 
PARAMETRIC_REPRESENTATION_CONTEXT() REPRESENTATION_CONTEXT('2D SPACE',''
  ) );
#6263 = PCURVE('',#6264,#6269);
#6264 = CYLINDRICAL_SURFACE('',#6265,1.5);
#6265 = AXIS2_PLACEMENT_3D('',#6266,#6267,#6268);
#6266 = CARTESIAN_POINT('',(0.,-2.213789102784E-17,-1.253062100399));
#6267 = DIRECTION('',(0.,-7.949183622941E-17,1.));
#6268 = DIRECTION('',(0.,-1.,-7.949183622941E-17));
#6269 = DEFINITIONAL_REPRESENTATION('',(#6270),#6273);
#6270 = B_SPLINE_CURVE_WITH_KNOTS('',1,(#6271,#6272),.UNSPECIFIED.,.F.,
  .F.,(2,2),(-9.758084864004E-03,-9.999999966641E-07),
  .PIECEWISE_BEZIER_KNOTS.);
#6271 = CARTESIAN_POINT('',(1.891127314912,1.969864261542));
#6272 = CARTESIAN_POINT('',(1.943194817716,1.911445081483));
#6273 = ( GEOMETRIC_REPRESENTATION_CONTEXT(2) 
PARAMETRIC_REPRESENTATION_CONTEXT() REPRESENTATION_CONTEXT('2D SPACE',''
  ) );
#6274 = ORIENTED_EDGE('',*,*,#6275,.F.);
#6275 = EDGE_CURVE('',#6276,#6246,#6278,.T.);
#6276 = VERTEX_POINT('',#6277);
#6277 = CARTESIAN_POINT('',(0.948458731591,0.693985738478,0.490257177178
    ));
#6278 = SURFACE_CURVE('',#6279,(#6293,#6322),.PCURVE_S1.);
#6279 = B_SPLINE_CURVE_WITH_KNOTS('',3,(#6280,#6281,#6282,#6283,#6284,
    #6285,#6286,#6287,#6288,#6289,#6290,#6291,#6292),.UNSPECIFIED.,.F.,
  .F.,(4,3,3,3,4),(0.,1.42310276044E-02,2.51993417786E-02,
    3.828970389413E-02,5.039751858234E-02),.UNSPECIFIED.);
#6280 = CARTESIAN_POINT('',(0.948458731591,0.693985738481,0.490257177179
    ));
#6281 = CARTESIAN_POINT('',(0.99237303516,0.683825211303,0.505040400907)
  );
#6282 = CARTESIAN_POINT('',(1.035711313623,0.672742595329,0.520275237732
    ));
#6283 = CARTESIAN_POINT('',(1.078577376393,0.660622222205,0.535833552483
    ));
#6284 = CARTESIAN_POINT('',(1.111615640175,0.651280657841,0.547824849876
    ));
#6285 = CARTESIAN_POINT('',(1.144373394403,0.641322640191,0.560007326979
    ));
#6286 = CARTESIAN_POINT('',(1.176898166864,0.630702534132,0.572302361639
    ));
#6287 = CARTESIAN_POINT('',(1.215715531364,0.618027748215,0.586976125844
    ));
#6288 = CARTESIAN_POINT('',(1.254388522371,0.604345371507,0.601885150634
    ));
#6289 = CARTESIAN_POINT('',(1.292598786558,0.589577432373,0.616855549774
    ));
#6290 = CARTESIAN_POINT('',(1.327941032546,0.575917957656,0.630702288084
    ));
#6291 = CARTESIAN_POINT('',(1.36288740827,0.561329453499,0.644600797649)
  );
#6292 = CARTESIAN_POINT('',(1.397186000076,0.545775852517,0.658382981094
    ));
#6293 = PCURVE('',#4182,#6294);
#6294 = DEFINITIONAL_REPRESENTATION('',(#6295),#6321);
#6295 = B_SPLINE_CURVE_WITH_KNOTS('',3,(#6296,#6297,#6298,#6299,#6300,
    #6301,#6302,#6303,#6304,#6305,#6306,#6307,#6308,#6309,#6310,#6311,
    #6312,#6313,#6314,#6315,#6316,#6317,#6318,#6319,#6320),
  .UNSPECIFIED.,.F.,.F.,(4,1,1,1,1,1,1,1,1,1,1,1,1,1,1,1,1,1,1,1,1,1,4),
  (0.,2.290796299197E-03,4.581592598394E-03,6.872388897591E-03,
    9.163185196789E-03,1.145398149599E-02,1.374477779518E-02,
    1.603557409438E-02,1.832637039358E-02,2.061716669277E-02,
    2.290796299197E-02,2.519875929117E-02,2.748955559037E-02,
    2.978035188956E-02,3.207114818876E-02,3.436194448796E-02,
    3.665274078715E-02,3.894353708635E-02,4.123433338555E-02,
    4.352512968475E-02,4.581592598394E-02,4.810672228314E-02,
    5.039751858234E-02),.QUASI_UNIFORM_KNOTS.);
#6296 = CARTESIAN_POINT('',(0.667736485414,5.045890702772E-02));
#6297 = CARTESIAN_POINT('',(0.668603516849,4.975200990902E-02));
#6298 = CARTESIAN_POINT('',(0.670354924155,4.834120086121E-02));
#6299 = CARTESIAN_POINT('',(0.673034753195,4.623368305326E-02));
#6300 = CARTESIAN_POINT('',(0.675767963651,4.413460122523E-02));
#6301 = CARTESIAN_POINT('',(0.678555293882,4.204369551936E-02));
#6302 = CARTESIAN_POINT('',(0.681397534991,3.99607063524E-02));
#6303 = CARTESIAN_POINT('',(0.684295534749,3.788537311702E-02));
#6304 = CARTESIAN_POINT('',(0.687250215783,3.58174390277E-02));
#6305 = CARTESIAN_POINT('',(0.690262228066,3.375663303574E-02));
#6306 = CARTESIAN_POINT('',(0.693332197184,3.170273732334E-02));
#6307 = CARTESIAN_POINT('',(0.69646114666,2.96553354123E-02));
#6308 = CARTESIAN_POINT('',(0.699648931451,2.761475223516E-02));
#6309 = CARTESIAN_POINT('',(0.702900091002,2.55785457418E-02));
#6310 = CARTESIAN_POINT('',(0.706219035623,2.354555351702E-02));
#6311 = CARTESIAN_POINT('',(0.709605636522,2.151738500565E-02));
#6312 = CARTESIAN_POINT('',(0.713061094074,1.949490693505E-02));
#6313 = CARTESIAN_POINT('',(0.716586355076,1.747918504313E-02));
#6314 = CARTESIAN_POINT('',(0.720182596988,1.547123174306E-02));
#6315 = CARTESIAN_POINT('',(0.723850878816,1.347207373637E-02));
#6316 = CARTESIAN_POINT('',(0.727591932546,1.148273389599E-02));
#6317 = CARTESIAN_POINT('',(0.731406657684,9.504236120776E-03));
#6318 = CARTESIAN_POINT('',(0.735296024029,7.537604034579E-03));
#6319 = CARTESIAN_POINT('',(0.737939442086,6.235108901721E-03));
#6320 = CARTESIAN_POINT('',(0.739273957364,5.586180179234E-03));
#6321 = ( GEOMETRIC_REPRESENTATION_CONTEXT(2) 
PARAMETRIC_REPRESENTATION_CONTEXT() REPRESENTATION_CONTEXT('2D SPACE',''
  ) );
#6322 = PCURVE('',#6323,#6494);
#6323 = ( BOUNDED_SURFACE() B_SPLINE_SURFACE(1,2,(
    (#6324,#6325,#6326,#6327,#6328,#6329,#6330,#6331,#6332,#6333,#6334
      ,#6335,#6336,#6337,#6338,#6339,#6340,#6341,#6342,#6343,#6344,#6345
      ,#6346,#6347,#6348,#6349,#6350,#6351,#6352,#6353,#6354,#6355,#6356
      ,#6357,#6358,#6359,#6360,#6361,#6362,#6363,#6364,#6365,#6366,#6367
      ,#6368,#6369,#6370,#6371,#6372,#6373,#6374,#6375,#6376,#6377,#6378
      ,#6379,#6380,#6381,#6382,#6383,#6384,#6385,#6386,#6387,#6388,#6389
      ,#6390,#6391,#6392,#6393,#6394,#6395,#6396,#6397,#6398,#6399,#6400
      ,#6401,#6402,#6403,#6404,#6405,#6406,#6407,#6408)
    ,(#6409,#6410,#6411,#6412,#6413,#6414,#6415,#6416,#6417,#6418,#6419
      ,#6420,#6421,#6422,#6423,#6424,#6425,#6426,#6427,#6428,#6429,#6430
      ,#6431,#6432,#6433,#6434,#6435,#6436,#6437,#6438,#6439,#6440,#6441
      ,#6442,#6443,#6444,#6445,#6446,#6447,#6448,#6449,#6450,#6451,#6452
      ,#6453,#6454,#6455,#6456,#6457,#6458,#6459,#6460,#6461,#6462,#6463
      ,#6464,#6465,#6466,#6467,#6468,#6469,#6470,#6471,#6472,#6473,#6474
      ,#6475,#6476,#6477,#6478,#6479,#6480,#6481,#6482,#6483,#6484,#6485
      ,#6486,#6487,#6488,#6489,#6490,#6491,#6492,#6493
)),.UNSPECIFIED.,.F.,.F.,.F.) B_SPLINE_SURFACE_WITH_KNOTS((2,2),(3,2,2,2
    ,2,2,2,2,2,2,2,2,2,2,2,2,2,2,2,2,2,2,2,2,2,2,2,2,2,2,2,2,2,2,2,2,2,2
    ,2,2,2,2,3),(0.,1.),(0.,2.380952380952E-02,4.761904761905E-02,
    7.142857142857E-02,9.52380952381E-02,0.119047619048,0.142857142857,
    0.166666666667,0.190476190476,0.214285714286,0.238095238095,
    0.261904761905,0.285714285714,0.309523809524,0.333333333333,
    0.357142857143,0.380952380952,0.404761904762,0.428571428571,
    0.452380952381,0.47619047619,0.5,0.52380952381,0.547619047619,
    0.571428571429,0.595238095238,0.619047619048,0.642857142857,
    0.666666666667,0.690476190476,0.714285714286,0.738095238095,
    0.761904761905,0.785714285714,0.809523809524,0.833333333333,
    0.857142857143,0.880952380952,0.904761904762,0.928571428571,
    0.952380952381,0.97619047619,1.),.UNSPECIFIED.) 
GEOMETRIC_REPRESENTATION_ITEM() RATIONAL_B_SPLINE_SURFACE((
    (1.,0.866025403784,1.,0.866025403784,1.,0.866025403784,1.
      ,0.866025403784,1.,0.866025403784,1.,0.866025403784,1.
      ,0.866025403784,1.,0.866025403784,1.,0.866025403784,1.
      ,0.866025403784,1.,0.866025403784,1.,0.866025403784,1.
      ,0.866025403784,1.,0.866025403784,1.,0.866025403784,1.
      ,0.866025403784,1.,0.866025403784,1.,0.866025403784,1.
      ,0.866025403784,1.,0.866025403784,1.,0.866025403784,1.
      ,0.866025403784,1.,0.866025403784,1.,0.866025403784,1.
      ,0.866025403784,1.,0.866025403784,1.,0.866025403784,1.
      ,0.866025403784,1.,0.866025403784,1.,0.866025403784,1.
      ,0.866025403784,1.,0.866025403784,1.,0.866025403784,1.
      ,0.866025403784,1.,0.866025403784,1.,0.866025403784,1.
      ,0.866025403784,1.,0.866025403784,1.,0.866025403784,1.
      ,0.866025403784,1.,0.866025403784,1.,0.866025403784,1.)
    ,(1.,0.866025403784,1.,0.866025403784,1.,0.866025403784,1.
      ,0.866025403784,1.,0.866025403784,1.,0.866025403784,1.
      ,0.866025403784,1.,0.866025403784,1.,0.866025403784,1.
      ,0.866025403784,1.,0.866025403784,1.,0.866025403784,1.
      ,0.866025403784,1.,0.866025403784,1.,0.866025403784,1.
      ,0.866025403784,1.,0.866025403784,1.,0.866025403784,1.
      ,0.866025403784,1.,0.866025403784,1.,0.866025403784,1.
      ,0.866025403784,1.,0.866025403784,1.,0.866025403784,1.
      ,0.866025403784,1.,0.866025403784,1.,0.866025403784,1.
      ,0.866025403784,1.,0.866025403784,1.,0.866025403784,1.
      ,0.866025403784,1.,0.866025403784,1.,0.866025403784,1.
      ,0.866025403784,1.,0.866025403784,1.,0.866025403784,1.
      ,0.866025403784,1.,0.866025403784,1.,0.866025403784,1.
      ,0.866025403784,1.,0.866025403784,1.,0.866025403784,1.
))) REPRESENTATION_ITEM('') SURFACE() );
#6324 = CARTESIAN_POINT('',(0.,1.5,-1.746937899601));
#6325 = CARTESIAN_POINT('',(-0.866025403784,1.5,-1.705271232935));
#6326 = CARTESIAN_POINT('',(-1.299038105677,0.75,-1.663604566268));
#6327 = CARTESIAN_POINT('',(-1.732050807569,1.500901569047E-16,
    -1.621937899601));
#6328 = CARTESIAN_POINT('',(-1.299038105677,-0.75,-1.580271232935));
#6329 = CARTESIAN_POINT('',(-0.866025403784,-1.5,-1.538604566268));
#6330 = CARTESIAN_POINT('',(-1.836970198721E-16,-1.5,-1.496937899601));
#6331 = CARTESIAN_POINT('',(0.866025403784,-1.5,-1.455271232935));
#6332 = CARTESIAN_POINT('',(1.299038105677,-0.75,-1.413604566268));
#6333 = CARTESIAN_POINT('',(1.732050807569,-2.741399385853E-16,
    -1.371937899601));
#6334 = CARTESIAN_POINT('',(1.299038105677,0.75,-1.330271232935));
#6335 = CARTESIAN_POINT('',(0.866025403784,1.5,-1.288604566268));
#6336 = CARTESIAN_POINT('',(0.,1.5,-1.246937899601));
#6337 = CARTESIAN_POINT('',(-0.866025403784,1.5,-1.205271232935));
#6338 = CARTESIAN_POINT('',(-1.299038105677,0.75,-1.163604566268));
#6339 = CARTESIAN_POINT('',(-1.732050807569,1.500901569047E-16,
    -1.121937899601));
#6340 = CARTESIAN_POINT('',(-1.299038105677,-0.75,-1.080271232935));
#6341 = CARTESIAN_POINT('',(-0.866025403784,-1.5,-1.038604566268));
#6342 = CARTESIAN_POINT('',(-1.836970198721E-16,-1.5,-0.996937899601));
#6343 = CARTESIAN_POINT('',(0.866025403784,-1.5,-0.955271232935));
#6344 = CARTESIAN_POINT('',(1.299038105677,-0.75,-0.913604566268));
#6345 = CARTESIAN_POINT('',(1.732050807569,-2.741399385853E-16,
    -0.871937899601));
#6346 = CARTESIAN_POINT('',(1.299038105677,0.75,-0.830271232935));
#6347 = CARTESIAN_POINT('',(0.866025403784,1.5,-0.788604566268));
#6348 = CARTESIAN_POINT('',(0.,1.5,-0.746937899601));
#6349 = CARTESIAN_POINT('',(-0.866025403784,1.5,-0.705271232935));
#6350 = CARTESIAN_POINT('',(-1.299038105677,0.75,-0.663604566268));
#6351 = CARTESIAN_POINT('',(-1.732050807569,1.500901569047E-16,
    -0.621937899601));
#6352 = CARTESIAN_POINT('',(-1.299038105677,-0.75,-0.580271232935));
#6353 = CARTESIAN_POINT('',(-0.866025403784,-1.5,-0.538604566268));
#6354 = CARTESIAN_POINT('',(-1.836970198721E-16,-1.5,-0.496937899601));
#6355 = CARTESIAN_POINT('',(0.866025403784,-1.5,-0.455271232935));
#6356 = CARTESIAN_POINT('',(1.299038105677,-0.75,-0.413604566268));
#6357 = CARTESIAN_POINT('',(1.732050807569,-2.741399385853E-16,
    -0.371937899601));
#6358 = CARTESIAN_POINT('',(1.299038105677,0.75,-0.330271232935));
#6359 = CARTESIAN_POINT('',(0.866025403784,1.5,-0.288604566268));
#6360 = CARTESIAN_POINT('',(0.,1.5,-0.246937899601));
#6361 = CARTESIAN_POINT('',(-0.866025403784,1.5,-0.205271232935));
#6362 = CARTESIAN_POINT('',(-1.299038105677,0.75,-0.163604566268));
#6363 = CARTESIAN_POINT('',(-1.732050807569,1.500901569047E-16,
    -0.121937899601));
#6364 = CARTESIAN_POINT('',(-1.299038105677,-0.75,-8.027123293476E-02));
#6365 = CARTESIAN_POINT('',(-0.866025403784,-1.5,-3.860456626809E-02));
#6366 = CARTESIAN_POINT('',(-1.836970198721E-16,-1.5,3.062100398572E-03)
  );
#6367 = CARTESIAN_POINT('',(0.866025403784,-1.5,4.472876706524E-02));
#6368 = CARTESIAN_POINT('',(1.299038105677,-0.75,8.639543373191E-02));
#6369 = CARTESIAN_POINT('',(1.732050807569,-2.741399385853E-16,
    0.128062100399));
#6370 = CARTESIAN_POINT('',(1.299038105677,0.75,0.169728767065));
#6371 = CARTESIAN_POINT('',(0.866025403784,1.5,0.211395433732));
#6372 = CARTESIAN_POINT('',(0.,1.5,0.253062100399));
#6373 = CARTESIAN_POINT('',(-0.866025403784,1.5,0.294728767065));
#6374 = CARTESIAN_POINT('',(-1.299038105677,0.75,0.336395433732));
#6375 = CARTESIAN_POINT('',(-1.732050807569,1.500901569047E-16,
    0.378062100399));
#6376 = CARTESIAN_POINT('',(-1.299038105677,-0.75,0.419728767065));
#6377 = CARTESIAN_POINT('',(-0.866025403784,-1.5,0.461395433732));
#6378 = CARTESIAN_POINT('',(-1.836970198721E-16,-1.5,0.503062100399));
#6379 = CARTESIAN_POINT('',(0.866025403784,-1.5,0.544728767065));
#6380 = CARTESIAN_POINT('',(1.299038105677,-0.75,0.586395433732));
#6381 = CARTESIAN_POINT('',(1.732050807569,-2.741399385853E-16,
    0.628062100399));
#6382 = CARTESIAN_POINT('',(1.299038105677,0.75,0.669728767065));
#6383 = CARTESIAN_POINT('',(0.866025403784,1.5,0.711395433732));
#6384 = CARTESIAN_POINT('',(0.,1.5,0.753062100399));
#6385 = CARTESIAN_POINT('',(-0.866025403784,1.5,0.794728767065));
#6386 = CARTESIAN_POINT('',(-1.299038105677,0.75,0.836395433732));
#6387 = CARTESIAN_POINT('',(-1.732050807569,1.500901569047E-16,
    0.878062100399));
#6388 = CARTESIAN_POINT('',(-1.299038105677,-0.75,0.919728767065));
#6389 = CARTESIAN_POINT('',(-0.866025403784,-1.5,0.961395433732));
#6390 = CARTESIAN_POINT('',(-1.836970198721E-16,-1.5,1.003062100399));
#6391 = CARTESIAN_POINT('',(0.866025403784,-1.5,1.044728767065));
#6392 = CARTESIAN_POINT('',(1.299038105677,-0.75,1.086395433732));
#6393 = CARTESIAN_POINT('',(1.732050807569,-2.741399385853E-16,
    1.128062100399));
#6394 = CARTESIAN_POINT('',(1.299038105677,0.75,1.169728767065));
#6395 = CARTESIAN_POINT('',(0.866025403784,1.5,1.211395433732));
#6396 = CARTESIAN_POINT('',(0.,1.5,1.253062100399));
#6397 = CARTESIAN_POINT('',(-0.866025403784,1.5,1.294728767065));
#6398 = CARTESIAN_POINT('',(-1.299038105677,0.75,1.336395433732));
#6399 = CARTESIAN_POINT('',(-1.732050807569,1.500901569047E-16,
    1.378062100399));
#6400 = CARTESIAN_POINT('',(-1.299038105677,-0.75,1.419728767065));
#6401 = CARTESIAN_POINT('',(-0.866025403784,-1.5,1.461395433732));
#6402 = CARTESIAN_POINT('',(-1.836970198721E-16,-1.5,1.503062100399));
#6403 = CARTESIAN_POINT('',(0.866025403784,-1.5,1.544728767065));
#6404 = CARTESIAN_POINT('',(1.299038105677,-0.75,1.586395433732));
#6405 = CARTESIAN_POINT('',(1.732050807569,-2.741399385853E-16,
    1.628062100399));
#6406 = CARTESIAN_POINT('',(1.299038105677,0.75,1.669728767065));
#6407 = CARTESIAN_POINT('',(0.866025403784,1.5,1.711395433732));
#6408 = CARTESIAN_POINT('',(0.,1.5,1.753062100399));
#6409 = CARTESIAN_POINT('',(0.,1.175240473581,-1.934437899601));
#6410 = CARTESIAN_POINT('',(-0.678525403784,1.175240473581,
    -1.892771232935));
#6411 = CARTESIAN_POINT('',(-1.017788105677,0.58762023679,
    -1.851104566268));
#6412 = CARTESIAN_POINT('',(-1.357050807569,1.271280294207E-16,
    -1.809437899601));
#6413 = CARTESIAN_POINT('',(-1.017788105677,-0.58762023679,
    -1.767771232935));
#6414 = CARTESIAN_POINT('',(-0.678525403784,-1.175240473581,
    -1.726104566268));
#6415 = CARTESIAN_POINT('',(-1.439254484199E-16,-1.175240473581,
    -1.684437899601));
#6416 = CARTESIAN_POINT('',(0.678525403784,-1.175240473581,
    -1.642771232935));
#6417 = CARTESIAN_POINT('',(1.017788105677,-0.58762023679,
    -1.601104566268));
#6418 = CARTESIAN_POINT('',(1.357050807569,-2.052535561332E-16,
    -1.559437899601));
#6419 = CARTESIAN_POINT('',(1.017788105677,0.58762023679,-1.517771232935
    ));
#6420 = CARTESIAN_POINT('',(0.678525403784,1.175240473581,
    -1.476104566268));
#6421 = CARTESIAN_POINT('',(0.,1.175240473581,-1.434437899601));
#6422 = CARTESIAN_POINT('',(-0.678525403784,1.175240473581,
    -1.392771232935));
#6423 = CARTESIAN_POINT('',(-1.017788105677,0.58762023679,
    -1.351104566268));
#6424 = CARTESIAN_POINT('',(-1.357050807569,1.271280294207E-16,
    -1.309437899601));
#6425 = CARTESIAN_POINT('',(-1.017788105677,-0.58762023679,
    -1.267771232935));
#6426 = CARTESIAN_POINT('',(-0.678525403784,-1.175240473581,
    -1.226104566268));
#6427 = CARTESIAN_POINT('',(-1.439254484199E-16,-1.175240473581,
    -1.184437899601));
#6428 = CARTESIAN_POINT('',(0.678525403784,-1.175240473581,
    -1.142771232935));
#6429 = CARTESIAN_POINT('',(1.017788105677,-0.58762023679,
    -1.101104566268));
#6430 = CARTESIAN_POINT('',(1.357050807569,-2.052535561332E-16,
    -1.059437899601));
#6431 = CARTESIAN_POINT('',(1.017788105677,0.58762023679,-1.017771232935
    ));
#6432 = CARTESIAN_POINT('',(0.678525403784,1.175240473581,
    -0.976104566268));
#6433 = CARTESIAN_POINT('',(0.,1.175240473581,-0.934437899601));
#6434 = CARTESIAN_POINT('',(-0.678525403784,1.175240473581,
    -0.892771232935));
#6435 = CARTESIAN_POINT('',(-1.017788105677,0.58762023679,
    -0.851104566268));
#6436 = CARTESIAN_POINT('',(-1.357050807569,1.271280294207E-16,
    -0.809437899601));
#6437 = CARTESIAN_POINT('',(-1.017788105677,-0.58762023679,
    -0.767771232935));
#6438 = CARTESIAN_POINT('',(-0.678525403784,-1.175240473581,
    -0.726104566268));
#6439 = CARTESIAN_POINT('',(-1.439254484199E-16,-1.175240473581,
    -0.684437899601));
#6440 = CARTESIAN_POINT('',(0.678525403784,-1.175240473581,
    -0.642771232935));
#6441 = CARTESIAN_POINT('',(1.017788105677,-0.58762023679,
    -0.601104566268));
#6442 = CARTESIAN_POINT('',(1.357050807569,-2.052535561332E-16,
    -0.559437899601));
#6443 = CARTESIAN_POINT('',(1.017788105677,0.58762023679,-0.517771232935
    ));
#6444 = CARTESIAN_POINT('',(0.678525403784,1.175240473581,
    -0.476104566268));
#6445 = CARTESIAN_POINT('',(0.,1.175240473581,-0.434437899601));
#6446 = CARTESIAN_POINT('',(-0.678525403784,1.175240473581,
    -0.392771232935));
#6447 = CARTESIAN_POINT('',(-1.017788105677,0.58762023679,
    -0.351104566268));
#6448 = CARTESIAN_POINT('',(-1.357050807569,1.271280294207E-16,
    -0.309437899601));
#6449 = CARTESIAN_POINT('',(-1.017788105677,-0.58762023679,
    -0.267771232935));
#6450 = CARTESIAN_POINT('',(-0.678525403784,-1.175240473581,
    -0.226104566268));
#6451 = CARTESIAN_POINT('',(-1.439254484199E-16,-1.175240473581,
    -0.184437899601));
#6452 = CARTESIAN_POINT('',(0.678525403784,-1.175240473581,
    -0.142771232935));
#6453 = CARTESIAN_POINT('',(1.017788105677,-0.58762023679,
    -0.101104566268));
#6454 = CARTESIAN_POINT('',(1.357050807569,-2.052535561332E-16,
    -5.943789960143E-02));
#6455 = CARTESIAN_POINT('',(1.017788105677,0.58762023679,
    -1.777123293476E-02));
#6456 = CARTESIAN_POINT('',(0.678525403784,1.175240473581,
    2.38954337319E-02));
#6457 = CARTESIAN_POINT('',(0.,1.175240473581,6.556210039857E-02));
#6458 = CARTESIAN_POINT('',(-0.678525403784,1.175240473581,
    0.107228767065));
#6459 = CARTESIAN_POINT('',(-1.017788105677,0.58762023679,0.148895433732
    ));
#6460 = CARTESIAN_POINT('',(-1.357050807569,1.271280294207E-16,
    0.190562100399));
#6461 = CARTESIAN_POINT('',(-1.017788105677,-0.58762023679,
    0.232228767065));
#6462 = CARTESIAN_POINT('',(-0.678525403784,-1.175240473581,
    0.273895433732));
#6463 = CARTESIAN_POINT('',(-1.439254484199E-16,-1.175240473581,
    0.315562100399));
#6464 = CARTESIAN_POINT('',(0.678525403784,-1.175240473581,
    0.357228767065));
#6465 = CARTESIAN_POINT('',(1.017788105677,-0.58762023679,0.398895433732
    ));
#6466 = CARTESIAN_POINT('',(1.357050807569,-2.052535561332E-16,
    0.440562100399));
#6467 = CARTESIAN_POINT('',(1.017788105677,0.58762023679,0.482228767065)
  );
#6468 = CARTESIAN_POINT('',(0.678525403784,1.175240473581,0.523895433732
    ));
#6469 = CARTESIAN_POINT('',(0.,1.175240473581,0.565562100399));
#6470 = CARTESIAN_POINT('',(-0.678525403784,1.175240473581,
    0.607228767065));
#6471 = CARTESIAN_POINT('',(-1.017788105677,0.58762023679,0.648895433732
    ));
#6472 = CARTESIAN_POINT('',(-1.357050807569,1.271280294207E-16,
    0.690562100399));
#6473 = CARTESIAN_POINT('',(-1.017788105677,-0.58762023679,
    0.732228767065));
#6474 = CARTESIAN_POINT('',(-0.678525403784,-1.175240473581,
    0.773895433732));
#6475 = CARTESIAN_POINT('',(-1.439254484199E-16,-1.175240473581,
    0.815562100399));
#6476 = CARTESIAN_POINT('',(0.678525403784,-1.175240473581,
    0.857228767065));
#6477 = CARTESIAN_POINT('',(1.017788105677,-0.58762023679,0.898895433732
    ));
#6478 = CARTESIAN_POINT('',(1.357050807569,-2.052535561332E-16,
    0.940562100399));
#6479 = CARTESIAN_POINT('',(1.017788105677,0.58762023679,0.982228767065)
  );
#6480 = CARTESIAN_POINT('',(0.678525403784,1.175240473581,1.023895433732
    ));
#6481 = CARTESIAN_POINT('',(0.,1.175240473581,1.065562100399));
#6482 = CARTESIAN_POINT('',(-0.678525403784,1.175240473581,
    1.107228767065));
#6483 = CARTESIAN_POINT('',(-1.017788105677,0.58762023679,1.148895433732
    ));
#6484 = CARTESIAN_POINT('',(-1.357050807569,1.271280294207E-16,
    1.190562100399));
#6485 = CARTESIAN_POINT('',(-1.017788105677,-0.58762023679,
    1.232228767065));
#6486 = CARTESIAN_POINT('',(-0.678525403784,-1.175240473581,
    1.273895433732));
#6487 = CARTESIAN_POINT('',(-1.439254484199E-16,-1.175240473581,
    1.315562100399));
#6488 = CARTESIAN_POINT('',(0.678525403784,-1.175240473581,
    1.357228767065));
#6489 = CARTESIAN_POINT('',(1.017788105677,-0.58762023679,1.398895433732
    ));
#6490 = CARTESIAN_POINT('',(1.357050807569,-2.052535561332E-16,
    1.440562100399));
#6491 = CARTESIAN_POINT('',(1.017788105677,0.58762023679,1.482228767065)
  );
#6492 = CARTESIAN_POINT('',(0.678525403784,1.175240473581,1.523895433732
    ));
#6493 = CARTESIAN_POINT('',(0.,1.175240473581,1.565562100399));
#6494 = DEFINITIONAL_REPRESENTATION('',(#6495),#6521);
#6495 = B_SPLINE_CURVE_WITH_KNOTS('',3,(#6496,#6497,#6498,#6499,#6500,
    #6501,#6502,#6503,#6504,#6505,#6506,#6507,#6508,#6509,#6510,#6511,
    #6512,#6513,#6514,#6515,#6516,#6517,#6518,#6519,#6520),
  .UNSPECIFIED.,.F.,.F.,(4,1,1,1,1,1,1,1,1,1,1,1,1,1,1,1,1,1,1,1,1,1,4),
  (0.,2.290796299197E-03,4.581592598394E-03,6.872388897591E-03,
    9.163185196789E-03,1.145398149599E-02,1.374477779518E-02,
    1.603557409438E-02,1.832637039358E-02,2.061716669277E-02,
    2.290796299197E-02,2.519875929117E-02,2.748955559037E-02,
    2.978035188956E-02,3.207114818876E-02,3.436194448796E-02,
    3.665274078715E-02,3.894353708635E-02,4.123433338555E-02,
    4.352512968475E-02,4.581592598394E-02,4.810672228314E-02,
    5.039751858234E-02),.QUASI_UNIFORM_KNOTS.);
#6496 = CARTESIAN_POINT('',(1.,0.693015371087));
#6497 = CARTESIAN_POINT('',(0.985407287244,0.69290690457));
#6498 = CARTESIAN_POINT('',(0.956146496373,0.692691858285));
#6499 = CARTESIAN_POINT('',(0.912042355299,0.692374669658));
#6500 = CARTESIAN_POINT('',(0.867738834593,0.692062578499));
#6501 = CARTESIAN_POINT('',(0.823247991007,0.691755315073));
#6502 = CARTESIAN_POINT('',(0.778580957629,0.691452619334));
#6503 = CARTESIAN_POINT('',(0.733747865229,0.691154237936));
#6504 = CARTESIAN_POINT('',(0.688757888427,0.690859938775));
#6505 = CARTESIAN_POINT('',(0.643620564738,0.690569456696));
#6506 = CARTESIAN_POINT('',(0.598344183076,0.690282712397));
#6507 = CARTESIAN_POINT('',(0.552915466294,0.690001501371));
#6508 = CARTESIAN_POINT('',(0.507358813858,0.689725217344));
#6509 = CARTESIAN_POINT('',(0.461631143537,0.689453405562));
#6510 = CARTESIAN_POINT('',(0.41571638519,0.689185623716));
#6511 = CARTESIAN_POINT('',(0.369660539458,0.688921842282));
#6512 = CARTESIAN_POINT('',(0.323492915088,0.688661918093));
#6513 = CARTESIAN_POINT('',(0.277247247274,0.688405736185));
#6514 = CARTESIAN_POINT('',(0.230955858137,0.688153171296));
#6515 = CARTESIAN_POINT('',(0.184651860051,0.687904102314));
#6516 = CARTESIAN_POINT('',(0.138368576034,0.687658419774));
#6517 = CARTESIAN_POINT('',(9.213917483915E-02,0.687416011615));
#6518 = CARTESIAN_POINT('',(4.599680091875E-02,0.687176765469));
#6519 = CARTESIAN_POINT('',(1.531525427474E-02,0.687019300574));
#6520 = CARTESIAN_POINT('',(0.,0.686941057432));
#6521 = ( GEOMETRIC_REPRESENTATION_CONTEXT(2) 
PARAMETRIC_REPRESENTATION_CONTEXT() REPRESENTATION_CONTEXT('2D SPACE',''
  ) );
#6522 = ORIENTED_EDGE('',*,*,#6523,.F.);
#6523 = EDGE_CURVE('',#6524,#6276,#6526,.T.);
#6524 = VERTEX_POINT('',#6525);
#6525 = CARTESIAN_POINT('',(0.919688996705,0.731684576906,0.430860424376
    ));
#6526 = SURFACE_CURVE('',#6527,(#6535,#6541),.PCURVE_S1.);
#6527 = B_SPLINE_CURVE_WITH_KNOTS('',3,(#6528,#6529,#6530,#6531,#6532,
    #6533,#6534),.UNSPECIFIED.,.F.,.F.,(4,3,4),(9.99999954216E-07,
    3.798664421369E-03,7.602571506006E-03),.UNSPECIFIED.);
#6528 = CARTESIAN_POINT('',(0.919688996705,0.731684576906,0.430860424376
    ));
#6529 = CARTESIAN_POINT('',(0.92440678845,0.725754561011,0.441000673895)
  );
#6530 = CARTESIAN_POINT('',(0.929170463855,0.719649095194,0.451019752875
    ));
#6531 = CARTESIAN_POINT('',(0.933965397137,0.713371437397,0.460911640081
    ));
#6532 = CARTESIAN_POINT('',(0.938768212409,0.707083460282,0.470819787733
    ));
#6533 = CARTESIAN_POINT('',(0.943604017306,0.700620595486,0.480603684422
    ));
#6534 = CARTESIAN_POINT('',(0.948458731589,0.69398573848,0.49025717718)
  );
#6535 = PCURVE('',#4182,#6536);
#6536 = DEFINITIONAL_REPRESENTATION('',(#6537),#6540);
#6537 = B_SPLINE_CURVE_WITH_KNOTS('',1,(#6538,#6539),.UNSPECIFIED.,.F.,
  .F.,(2,2),(9.99999954216E-07,7.602571506006E-03),
  .PIECEWISE_BEZIER_KNOTS.);
#6538 = CARTESIAN_POINT('',(0.646932142822,5.333588051635E-02));
#6539 = CARTESIAN_POINT('',(0.667736485414,5.04589070279E-02));
#6540 = ( GEOMETRIC_REPRESENTATION_CONTEXT(2) 
PARAMETRIC_REPRESENTATION_CONTEXT() REPRESENTATION_CONTEXT('2D SPACE',''
  ) );
#6541 = PCURVE('',#6542,#6547);
#6542 = CYLINDRICAL_SURFACE('',#6543,1.175240473581);
#6543 = AXIS2_PLACEMENT_3D('',#6544,#6545,#6546);
#6544 = CARTESIAN_POINT('',(0.,2.775557561563E-16,-1.965687899601));
#6545 = DIRECTION('',(0.,0.,1.));
#6546 = DIRECTION('',(0.,1.,0.));
#6547 = DEFINITIONAL_REPRESENTATION('',(#6548),#6551);
#6548 = B_SPLINE_CURVE_WITH_KNOTS('',1,(#6549,#6550),.UNSPECIFIED.,.F.,
  .F.,(2,2),(9.99999954216E-07,7.602571506006E-03),
  .PIECEWISE_BEZIER_KNOTS.);
#6549 = CARTESIAN_POINT('',(5.384427921604,2.396548323978));
#6550 = CARTESIAN_POINT('',(5.344073808477,2.455945076781));
#6551 = ( GEOMETRIC_REPRESENTATION_CONTEXT(2) 
PARAMETRIC_REPRESENTATION_CONTEXT() REPRESENTATION_CONTEXT('2D SPACE',''
  ) );
#6552 = ORIENTED_EDGE('',*,*,#6553,.F.);
#6553 = EDGE_CURVE('',#6554,#6524,#6556,.T.);
#6554 = VERTEX_POINT('',#6555);
#6555 = CARTESIAN_POINT('',(1.256724614012,0.818928107062,0.236179245523
    ));
#6556 = SURFACE_CURVE('',#6557,(#6568,#6574),.PCURVE_S1.);
#6557 = B_SPLINE_CURVE_WITH_KNOTS('',3,(#6558,#6559,#6560,#6561,#6562,
    #6563,#6564,#6565,#6566,#6567),.UNSPECIFIED.,.F.,.F.,(4,2,2,2,4),(0.
    ,1.621005260506E-02,1.992636936315E-02,3.406360651803E-02,
    3.983140894719E-02),.UNSPECIFIED.);
#6558 = CARTESIAN_POINT('',(1.256724614012,0.818928107062,0.236179245523
    ));
#6559 = CARTESIAN_POINT('',(1.210184278735,0.810418727871,0.26227920182)
  );
#6560 = CARTESIAN_POINT('',(1.163687710089,0.800678166911,0.288584046761
    ));
#6561 = CARTESIAN_POINT('',(1.107187150876,0.787066081497,0.320951582193
    ));
#6562 = CARTESIAN_POINT('',(1.096677698969,0.784457440454,0.326989385796
    ));
#6563 = CARTESIAN_POINT('',(1.046352312666,0.771584280192,0.355989285735
    ));
#6564 = CARTESIAN_POINT('',(1.006560545349,0.760252322312,0.379183174236
    ));
#6565 = CARTESIAN_POINT('',(0.951355327737,0.742558948389,0.411897436967
    ));
#6566 = CARTESIAN_POINT('',(0.935455801796,0.737226845091,0.421383218363
    ));
#6567 = CARTESIAN_POINT('',(0.919688996705,0.731684576906,0.430860424376
    ));
#6568 = PCURVE('',#4182,#6569);
#6569 = DEFINITIONAL_REPRESENTATION('',(#6570),#6573);
#6570 = B_SPLINE_CURVE_WITH_KNOTS('',1,(#6571,#6572),.UNSPECIFIED.,.F.,
  .F.,(2,2),(0.,3.983140894719E-02),.PIECEWISE_BEZIER_KNOTS.);
#6571 = CARTESIAN_POINT('',(0.586947159836,1.963231878562E-02));
#6572 = CARTESIAN_POINT('',(0.646932142822,5.333588051633E-02));
#6573 = ( GEOMETRIC_REPRESENTATION_CONTEXT(2) 
PARAMETRIC_REPRESENTATION_CONTEXT() REPRESENTATION_CONTEXT('2D SPACE',''
  ) );
#6574 = PCURVE('',#6575,#6746);
#6575 = ( BOUNDED_SURFACE() B_SPLINE_SURFACE(1,2,(
    (#6576,#6577,#6578,#6579,#6580,#6581,#6582,#6583,#6584,#6585,#6586
      ,#6587,#6588,#6589,#6590,#6591,#6592,#6593,#6594,#6595,#6596,#6597
      ,#6598,#6599,#6600,#6601,#6602,#6603,#6604,#6605,#6606,#6607,#6608
      ,#6609,#6610,#6611,#6612,#6613,#6614,#6615,#6616,#6617,#6618,#6619
      ,#6620,#6621,#6622,#6623,#6624,#6625,#6626,#6627,#6628,#6629,#6630
      ,#6631,#6632,#6633,#6634,#6635,#6636,#6637,#6638,#6639,#6640,#6641
      ,#6642,#6643,#6644,#6645,#6646,#6647,#6648,#6649,#6650,#6651,#6652
      ,#6653,#6654,#6655,#6656,#6657,#6658,#6659,#6660)
    ,(#6661,#6662,#6663,#6664,#6665,#6666,#6667,#6668,#6669,#6670,#6671
      ,#6672,#6673,#6674,#6675,#6676,#6677,#6678,#6679,#6680,#6681,#6682
      ,#6683,#6684,#6685,#6686,#6687,#6688,#6689,#6690,#6691,#6692,#6693
      ,#6694,#6695,#6696,#6697,#6698,#6699,#6700,#6701,#6702,#6703,#6704
      ,#6705,#6706,#6707,#6708,#6709,#6710,#6711,#6712,#6713,#6714,#6715
      ,#6716,#6717,#6718,#6719,#6720,#6721,#6722,#6723,#6724,#6725,#6726
      ,#6727,#6728,#6729,#6730,#6731,#6732,#6733,#6734,#6735,#6736,#6737
      ,#6738,#6739,#6740,#6741,#6742,#6743,#6744,#6745
)),.UNSPECIFIED.,.F.,.F.,.F.) B_SPLINE_SURFACE_WITH_KNOTS((2,2),(3,2,2,2
    ,2,2,2,2,2,2,2,2,2,2,2,2,2,2,2,2,2,2,2,2,2,2,2,2,2,2,2,2,2,2,2,2,2,2
    ,2,2,2,2,3),(0.,1.),(0.,2.380952380952E-02,4.761904761905E-02,
    7.142857142857E-02,9.52380952381E-02,0.119047619048,0.142857142857,
    0.166666666667,0.190476190476,0.214285714286,0.238095238095,
    0.261904761905,0.285714285714,0.309523809524,0.333333333333,
    0.357142857143,0.380952380952,0.404761904762,0.428571428571,
    0.452380952381,0.47619047619,0.5,0.52380952381,0.547619047619,
    0.571428571429,0.595238095238,0.619047619048,0.642857142857,
    0.666666666667,0.690476190476,0.714285714286,0.738095238095,
    0.761904761905,0.785714285714,0.809523809524,0.833333333333,
    0.857142857143,0.880952380952,0.904761904762,0.928571428571,
    0.952380952381,0.97619047619,1.),.UNSPECIFIED.) 
GEOMETRIC_REPRESENTATION_ITEM() RATIONAL_B_SPLINE_SURFACE((
    (1.,0.866025403784,1.,0.866025403784,1.,0.866025403784,1.
      ,0.866025403784,1.,0.866025403784,1.,0.866025403784,1.
      ,0.866025403784,1.,0.866025403784,1.,0.866025403784,1.
      ,0.866025403784,1.,0.866025403784,1.,0.866025403784,1.
      ,0.866025403784,1.,0.866025403784,1.,0.866025403784,1.
      ,0.866025403784,1.,0.866025403784,1.,0.866025403784,1.
      ,0.866025403784,1.,0.866025403784,1.,0.866025403784,1.
      ,0.866025403784,1.,0.866025403784,1.,0.866025403784,1.
      ,0.866025403784,1.,0.866025403784,1.,0.866025403784,1.
      ,0.866025403784,1.,0.866025403784,1.,0.866025403784,1.
      ,0.866025403784,1.,0.866025403784,1.,0.866025403784,1.
      ,0.866025403784,1.,0.866025403784,1.,0.866025403784,1.
      ,0.866025403784,1.,0.866025403784,1.,0.866025403784,1.
      ,0.866025403784,1.,0.866025403784,1.,0.866025403784,1.)
    ,(1.,0.866025403784,1.,0.866025403784,1.,0.866025403784,1.
      ,0.866025403784,1.,0.866025403784,1.,0.866025403784,1.
      ,0.866025403784,1.,0.866025403784,1.,0.866025403784,1.
      ,0.866025403784,1.,0.866025403784,1.,0.866025403784,1.
      ,0.866025403784,1.,0.866025403784,1.,0.866025403784,1.
      ,0.866025403784,1.,0.866025403784,1.,0.866025403784,1.
      ,0.866025403784,1.,0.866025403784,1.,0.866025403784,1.
      ,0.866025403784,1.,0.866025403784,1.,0.866025403784,1.
      ,0.866025403784,1.,0.866025403784,1.,0.866025403784,1.
      ,0.866025403784,1.,0.866025403784,1.,0.866025403784,1.
      ,0.866025403784,1.,0.866025403784,1.,0.866025403784,1.
      ,0.866025403784,1.,0.866025403784,1.,0.866025403784,1.
      ,0.866025403784,1.,0.866025403784,1.,0.866025403784,1.
      ,0.866025403784,1.,0.866025403784,1.,0.866025403784,1.
))) REPRESENTATION_ITEM('') SURFACE() );
#6576 = CARTESIAN_POINT('',(0.,1.175240473581,-1.996937899601));
#6577 = CARTESIAN_POINT('',(-0.678525403784,1.175240473581,
    -1.955271232935));
#6578 = CARTESIAN_POINT('',(-1.017788105677,0.58762023679,
    -1.913604566268));
#6579 = CARTESIAN_POINT('',(-1.357050807569,1.271280294207E-16,
    -1.871937899601));
#6580 = CARTESIAN_POINT('',(-1.017788105677,-0.58762023679,
    -1.830271232935));
#6581 = CARTESIAN_POINT('',(-0.678525403784,-1.175240473581,
    -1.788604566268));
#6582 = CARTESIAN_POINT('',(-1.439254484199E-16,-1.175240473581,
    -1.746937899601));
#6583 = CARTESIAN_POINT('',(0.678525403784,-1.175240473581,
    -1.705271232935));
#6584 = CARTESIAN_POINT('',(1.017788105677,-0.58762023679,
    -1.663604566268));
#6585 = CARTESIAN_POINT('',(1.357050807569,-2.052535561332E-16,
    -1.621937899601));
#6586 = CARTESIAN_POINT('',(1.017788105677,0.58762023679,-1.580271232935
    ));
#6587 = CARTESIAN_POINT('',(0.678525403784,1.175240473581,
    -1.538604566268));
#6588 = CARTESIAN_POINT('',(0.,1.175240473581,-1.496937899601));
#6589 = CARTESIAN_POINT('',(-0.678525403784,1.175240473581,
    -1.455271232935));
#6590 = CARTESIAN_POINT('',(-1.017788105677,0.58762023679,
    -1.413604566268));
#6591 = CARTESIAN_POINT('',(-1.357050807569,1.271280294207E-16,
    -1.371937899601));
#6592 = CARTESIAN_POINT('',(-1.017788105677,-0.58762023679,
    -1.330271232935));
#6593 = CARTESIAN_POINT('',(-0.678525403784,-1.175240473581,
    -1.288604566268));
#6594 = CARTESIAN_POINT('',(-1.439254484199E-16,-1.175240473581,
    -1.246937899601));
#6595 = CARTESIAN_POINT('',(0.678525403784,-1.175240473581,
    -1.205271232935));
#6596 = CARTESIAN_POINT('',(1.017788105677,-0.58762023679,
    -1.163604566268));
#6597 = CARTESIAN_POINT('',(1.357050807569,-2.052535561332E-16,
    -1.121937899601));
#6598 = CARTESIAN_POINT('',(1.017788105677,0.58762023679,-1.080271232935
    ));
#6599 = CARTESIAN_POINT('',(0.678525403784,1.175240473581,
    -1.038604566268));
#6600 = CARTESIAN_POINT('',(0.,1.175240473581,-0.996937899601));
#6601 = CARTESIAN_POINT('',(-0.678525403784,1.175240473581,
    -0.955271232935));
#6602 = CARTESIAN_POINT('',(-1.017788105677,0.58762023679,
    -0.913604566268));
#6603 = CARTESIAN_POINT('',(-1.357050807569,1.271280294207E-16,
    -0.871937899601));
#6604 = CARTESIAN_POINT('',(-1.017788105677,-0.58762023679,
    -0.830271232935));
#6605 = CARTESIAN_POINT('',(-0.678525403784,-1.175240473581,
    -0.788604566268));
#6606 = CARTESIAN_POINT('',(-1.439254484199E-16,-1.175240473581,
    -0.746937899601));
#6607 = CARTESIAN_POINT('',(0.678525403784,-1.175240473581,
    -0.705271232935));
#6608 = CARTESIAN_POINT('',(1.017788105677,-0.58762023679,
    -0.663604566268));
#6609 = CARTESIAN_POINT('',(1.357050807569,-2.052535561332E-16,
    -0.621937899601));
#6610 = CARTESIAN_POINT('',(1.017788105677,0.58762023679,-0.580271232935
    ));
#6611 = CARTESIAN_POINT('',(0.678525403784,1.175240473581,
    -0.538604566268));
#6612 = CARTESIAN_POINT('',(0.,1.175240473581,-0.496937899601));
#6613 = CARTESIAN_POINT('',(-0.678525403784,1.175240473581,
    -0.455271232935));
#6614 = CARTESIAN_POINT('',(-1.017788105677,0.58762023679,
    -0.413604566268));
#6615 = CARTESIAN_POINT('',(-1.357050807569,1.271280294207E-16,
    -0.371937899601));
#6616 = CARTESIAN_POINT('',(-1.017788105677,-0.58762023679,
    -0.330271232935));
#6617 = CARTESIAN_POINT('',(-0.678525403784,-1.175240473581,
    -0.288604566268));
#6618 = CARTESIAN_POINT('',(-1.439254484199E-16,-1.175240473581,
    -0.246937899601));
#6619 = CARTESIAN_POINT('',(0.678525403784,-1.175240473581,
    -0.205271232935));
#6620 = CARTESIAN_POINT('',(1.017788105677,-0.58762023679,
    -0.163604566268));
#6621 = CARTESIAN_POINT('',(1.357050807569,-2.052535561332E-16,
    -0.121937899601));
#6622 = CARTESIAN_POINT('',(1.017788105677,0.58762023679,
    -8.027123293476E-02));
#6623 = CARTESIAN_POINT('',(0.678525403784,1.175240473581,
    -3.86045662681E-02));
#6624 = CARTESIAN_POINT('',(0.,1.175240473581,3.06210039857E-03));
#6625 = CARTESIAN_POINT('',(-0.678525403784,1.175240473581,
    4.472876706524E-02));
#6626 = CARTESIAN_POINT('',(-1.017788105677,0.58762023679,
    8.63954337319E-02));
#6627 = CARTESIAN_POINT('',(-1.357050807569,1.271280294207E-16,
    0.128062100399));
#6628 = CARTESIAN_POINT('',(-1.017788105677,-0.58762023679,
    0.169728767065));
#6629 = CARTESIAN_POINT('',(-0.678525403784,-1.175240473581,
    0.211395433732));
#6630 = CARTESIAN_POINT('',(-1.439254484199E-16,-1.175240473581,
    0.253062100399));
#6631 = CARTESIAN_POINT('',(0.678525403784,-1.175240473581,
    0.294728767065));
#6632 = CARTESIAN_POINT('',(1.017788105677,-0.58762023679,0.336395433732
    ));
#6633 = CARTESIAN_POINT('',(1.357050807569,-2.052535561332E-16,
    0.378062100399));
#6634 = CARTESIAN_POINT('',(1.017788105677,0.58762023679,0.419728767065)
  );
#6635 = CARTESIAN_POINT('',(0.678525403784,1.175240473581,0.461395433732
    ));
#6636 = CARTESIAN_POINT('',(0.,1.175240473581,0.503062100399));
#6637 = CARTESIAN_POINT('',(-0.678525403784,1.175240473581,
    0.544728767065));
#6638 = CARTESIAN_POINT('',(-1.017788105677,0.58762023679,0.586395433732
    ));
#6639 = CARTESIAN_POINT('',(-1.357050807569,1.271280294207E-16,
    0.628062100399));
#6640 = CARTESIAN_POINT('',(-1.017788105677,-0.58762023679,
    0.669728767065));
#6641 = CARTESIAN_POINT('',(-0.678525403784,-1.175240473581,
    0.711395433732));
#6642 = CARTESIAN_POINT('',(-1.439254484199E-16,-1.175240473581,
    0.753062100399));
#6643 = CARTESIAN_POINT('',(0.678525403784,-1.175240473581,
    0.794728767065));
#6644 = CARTESIAN_POINT('',(1.017788105677,-0.58762023679,0.836395433732
    ));
#6645 = CARTESIAN_POINT('',(1.357050807569,-2.052535561332E-16,
    0.878062100399));
#6646 = CARTESIAN_POINT('',(1.017788105677,0.58762023679,0.919728767065)
  );
#6647 = CARTESIAN_POINT('',(0.678525403784,1.175240473581,0.961395433732
    ));
#6648 = CARTESIAN_POINT('',(0.,1.175240473581,1.003062100399));
#6649 = CARTESIAN_POINT('',(-0.678525403784,1.175240473581,
    1.044728767065));
#6650 = CARTESIAN_POINT('',(-1.017788105677,0.58762023679,1.086395433732
    ));
#6651 = CARTESIAN_POINT('',(-1.357050807569,1.271280294207E-16,
    1.128062100399));
#6652 = CARTESIAN_POINT('',(-1.017788105677,-0.58762023679,
    1.169728767065));
#6653 = CARTESIAN_POINT('',(-0.678525403784,-1.175240473581,
    1.211395433732));
#6654 = CARTESIAN_POINT('',(-1.439254484199E-16,-1.175240473581,
    1.253062100399));
#6655 = CARTESIAN_POINT('',(0.678525403784,-1.175240473581,
    1.294728767065));
#6656 = CARTESIAN_POINT('',(1.017788105677,-0.58762023679,1.336395433732
    ));
#6657 = CARTESIAN_POINT('',(1.357050807569,-2.052535561332E-16,
    1.378062100399));
#6658 = CARTESIAN_POINT('',(1.017788105677,0.58762023679,1.419728767065)
  );
#6659 = CARTESIAN_POINT('',(0.678525403784,1.175240473581,1.461395433732
    ));
#6660 = CARTESIAN_POINT('',(0.,1.175240473581,1.503062100399));
#6661 = CARTESIAN_POINT('',(0.,1.5,-2.184437899601));
#6662 = CARTESIAN_POINT('',(-0.866025403784,1.5,-2.142771232935));
#6663 = CARTESIAN_POINT('',(-1.299038105677,0.75,-2.101104566268));
#6664 = CARTESIAN_POINT('',(-1.732050807569,1.500901569047E-16,
    -2.059437899601));
#6665 = CARTESIAN_POINT('',(-1.299038105677,-0.75,-2.017771232935));
#6666 = CARTESIAN_POINT('',(-0.866025403784,-1.5,-1.976104566268));
#6667 = CARTESIAN_POINT('',(-1.836970198721E-16,-1.5,-1.934437899601));
#6668 = CARTESIAN_POINT('',(0.866025403784,-1.5,-1.892771232935));
#6669 = CARTESIAN_POINT('',(1.299038105677,-0.75,-1.851104566268));
#6670 = CARTESIAN_POINT('',(1.732050807569,-2.741399385853E-16,
    -1.809437899601));
#6671 = CARTESIAN_POINT('',(1.299038105677,0.75,-1.767771232935));
#6672 = CARTESIAN_POINT('',(0.866025403784,1.5,-1.726104566268));
#6673 = CARTESIAN_POINT('',(0.,1.5,-1.684437899601));
#6674 = CARTESIAN_POINT('',(-0.866025403784,1.5,-1.642771232935));
#6675 = CARTESIAN_POINT('',(-1.299038105677,0.75,-1.601104566268));
#6676 = CARTESIAN_POINT('',(-1.732050807569,1.500901569047E-16,
    -1.559437899601));
#6677 = CARTESIAN_POINT('',(-1.299038105677,-0.75,-1.517771232935));
#6678 = CARTESIAN_POINT('',(-0.866025403784,-1.5,-1.476104566268));
#6679 = CARTESIAN_POINT('',(-1.836970198721E-16,-1.5,-1.434437899601));
#6680 = CARTESIAN_POINT('',(0.866025403784,-1.5,-1.392771232935));
#6681 = CARTESIAN_POINT('',(1.299038105677,-0.75,-1.351104566268));
#6682 = CARTESIAN_POINT('',(1.732050807569,-2.741399385853E-16,
    -1.309437899601));
#6683 = CARTESIAN_POINT('',(1.299038105677,0.75,-1.267771232935));
#6684 = CARTESIAN_POINT('',(0.866025403784,1.5,-1.226104566268));
#6685 = CARTESIAN_POINT('',(0.,1.5,-1.184437899601));
#6686 = CARTESIAN_POINT('',(-0.866025403784,1.5,-1.142771232935));
#6687 = CARTESIAN_POINT('',(-1.299038105677,0.75,-1.101104566268));
#6688 = CARTESIAN_POINT('',(-1.732050807569,1.500901569047E-16,
    -1.059437899601));
#6689 = CARTESIAN_POINT('',(-1.299038105677,-0.75,-1.017771232935));
#6690 = CARTESIAN_POINT('',(-0.866025403784,-1.5,-0.976104566268));
#6691 = CARTESIAN_POINT('',(-1.836970198721E-16,-1.5,-0.934437899601));
#6692 = CARTESIAN_POINT('',(0.866025403784,-1.5,-0.892771232935));
#6693 = CARTESIAN_POINT('',(1.299038105677,-0.75,-0.851104566268));
#6694 = CARTESIAN_POINT('',(1.732050807569,-2.741399385853E-16,
    -0.809437899601));
#6695 = CARTESIAN_POINT('',(1.299038105677,0.75,-0.767771232935));
#6696 = CARTESIAN_POINT('',(0.866025403784,1.5,-0.726104566268));
#6697 = CARTESIAN_POINT('',(0.,1.5,-0.684437899601));
#6698 = CARTESIAN_POINT('',(-0.866025403784,1.5,-0.642771232935));
#6699 = CARTESIAN_POINT('',(-1.299038105677,0.75,-0.601104566268));
#6700 = CARTESIAN_POINT('',(-1.732050807569,1.500901569047E-16,
    -0.559437899601));
#6701 = CARTESIAN_POINT('',(-1.299038105677,-0.75,-0.517771232935));
#6702 = CARTESIAN_POINT('',(-0.866025403784,-1.5,-0.476104566268));
#6703 = CARTESIAN_POINT('',(-1.836970198721E-16,-1.5,-0.434437899601));
#6704 = CARTESIAN_POINT('',(0.866025403784,-1.5,-0.392771232935));
#6705 = CARTESIAN_POINT('',(1.299038105677,-0.75,-0.351104566268));
#6706 = CARTESIAN_POINT('',(1.732050807569,-2.741399385853E-16,
    -0.309437899601));
#6707 = CARTESIAN_POINT('',(1.299038105677,0.75,-0.267771232935));
#6708 = CARTESIAN_POINT('',(0.866025403784,1.5,-0.226104566268));
#6709 = CARTESIAN_POINT('',(0.,1.5,-0.184437899601));
#6710 = CARTESIAN_POINT('',(-0.866025403784,1.5,-0.142771232935));
#6711 = CARTESIAN_POINT('',(-1.299038105677,0.75,-0.101104566268));
#6712 = CARTESIAN_POINT('',(-1.732050807569,1.500901569047E-16,
    -5.943789960143E-02));
#6713 = CARTESIAN_POINT('',(-1.299038105677,-0.75,-1.777123293477E-02));
#6714 = CARTESIAN_POINT('',(-0.866025403784,-1.5,2.38954337319E-02));
#6715 = CARTESIAN_POINT('',(-1.836970198721E-16,-1.5,6.556210039857E-02)
  );
#6716 = CARTESIAN_POINT('',(0.866025403784,-1.5,0.107228767065));
#6717 = CARTESIAN_POINT('',(1.299038105677,-0.75,0.148895433732));
#6718 = CARTESIAN_POINT('',(1.732050807569,-2.741399385853E-16,
    0.190562100399));
#6719 = CARTESIAN_POINT('',(1.299038105677,0.75,0.232228767065));
#6720 = CARTESIAN_POINT('',(0.866025403784,1.5,0.273895433732));
#6721 = CARTESIAN_POINT('',(0.,1.5,0.315562100399));
#6722 = CARTESIAN_POINT('',(-0.866025403784,1.5,0.357228767065));
#6723 = CARTESIAN_POINT('',(-1.299038105677,0.75,0.398895433732));
#6724 = CARTESIAN_POINT('',(-1.732050807569,1.500901569047E-16,
    0.440562100399));
#6725 = CARTESIAN_POINT('',(-1.299038105677,-0.75,0.482228767065));
#6726 = CARTESIAN_POINT('',(-0.866025403784,-1.5,0.523895433732));
#6727 = CARTESIAN_POINT('',(-1.836970198721E-16,-1.5,0.565562100399));
#6728 = CARTESIAN_POINT('',(0.866025403784,-1.5,0.607228767065));
#6729 = CARTESIAN_POINT('',(1.299038105677,-0.75,0.648895433732));
#6730 = CARTESIAN_POINT('',(1.732050807569,-2.741399385853E-16,
    0.690562100399));
#6731 = CARTESIAN_POINT('',(1.299038105677,0.75,0.732228767065));
#6732 = CARTESIAN_POINT('',(0.866025403784,1.5,0.773895433732));
#6733 = CARTESIAN_POINT('',(0.,1.5,0.815562100399));
#6734 = CARTESIAN_POINT('',(-0.866025403784,1.5,0.857228767065));
#6735 = CARTESIAN_POINT('',(-1.299038105677,0.75,0.898895433732));
#6736 = CARTESIAN_POINT('',(-1.732050807569,1.500901569047E-16,
    0.940562100399));
#6737 = CARTESIAN_POINT('',(-1.299038105677,-0.75,0.982228767065));
#6738 = CARTESIAN_POINT('',(-0.866025403784,-1.5,1.023895433732));
#6739 = CARTESIAN_POINT('',(-1.836970198721E-16,-1.5,1.065562100399));
#6740 = CARTESIAN_POINT('',(0.866025403784,-1.5,1.107228767065));
#6741 = CARTESIAN_POINT('',(1.299038105677,-0.75,1.148895433732));
#6742 = CARTESIAN_POINT('',(1.732050807569,-2.741399385853E-16,
    1.190562100399));
#6743 = CARTESIAN_POINT('',(1.299038105677,0.75,1.232228767065));
#6744 = CARTESIAN_POINT('',(0.866025403784,1.5,1.273895433732));
#6745 = CARTESIAN_POINT('',(0.,1.5,1.315562100399));
#6746 = DEFINITIONAL_REPRESENTATION('',(#6747),#6750);
#6747 = B_SPLINE_CURVE_WITH_KNOTS('',1,(#6748,#6749),.UNSPECIFIED.,.F.,
  .F.,(2,2),(0.,3.983140894719E-02),.PIECEWISE_BEZIER_KNOTS.);
#6748 = CARTESIAN_POINT('',(1.,0.691751246833));
#6749 = CARTESIAN_POINT('',(2.263921036853E-13,0.693947816146));
#6750 = ( GEOMETRIC_REPRESENTATION_CONTEXT(2) 
PARAMETRIC_REPRESENTATION_CONTEXT() REPRESENTATION_CONTEXT('2D SPACE',''
  ) );
#6751 = ORIENTED_EDGE('',*,*,#6752,.T.);
#6752 = EDGE_CURVE('',#6554,#6753,#6755,.T.);
#6753 = VERTEX_POINT('',#6754);
#6754 = CARTESIAN_POINT('',(1.244858201526,0.836856055779,0.174748167135
    ));
#6755 = SURFACE_CURVE('',#6756,(#6761,#6767),.PCURVE_S1.);
#6756 = ELLIPSE('',#6757,1.181936482867,0.986820799816);
#6757 = AXIS2_PLACEMENT_3D('',#6758,#6759,#6760);
#6758 = CARTESIAN_POINT('',(1.805106170874,-0.148998933304,
    -1.061605222028E-02));
#6759 = DIRECTION('',(-0.867378000541,-0.497142660217,2.246284864465E-02
    ));
#6760 = DIRECTION('',(0.490186185986,-0.845710177593,0.21093079098));
#6761 = PCURVE('',#4182,#6762);
#6762 = DEFINITIONAL_REPRESENTATION('',(#6763),#6766);
#6763 = B_SPLINE_CURVE_WITH_KNOTS('',1,(#6764,#6765),.UNSPECIFIED.,.F.,
  .F.,(2,2),(2.63823447124,2.70142462381),.PIECEWISE_BEZIER_KNOTS.);
#6764 = CARTESIAN_POINT('',(0.586947159836,1.963231878563E-02));
#6765 = CARTESIAN_POINT('',(0.569674466236,2.081896003426E-02));
#6766 = ( GEOMETRIC_REPRESENTATION_CONTEXT(2) 
PARAMETRIC_REPRESENTATION_CONTEXT() REPRESENTATION_CONTEXT('2D SPACE',''
  ) );
#6767 = PCURVE('',#6768,#6773);
#6768 = CYLINDRICAL_SURFACE('',#6769,1.5);
#6769 = AXIS2_PLACEMENT_3D('',#6770,#6771,#6772);
#6770 = CARTESIAN_POINT('',(0.,-2.213789102784E-17,-1.253062100399));
#6771 = DIRECTION('',(0.,-7.949183622941E-17,1.));
#6772 = DIRECTION('',(0.,-1.,-7.949183622941E-17));
#6773 = DEFINITIONAL_REPRESENTATION('',(#6774),#6777);
#6774 = B_SPLINE_CURVE_WITH_KNOTS('',1,(#6775,#6776),.UNSPECIFIED.,.F.,
  .F.,(2,2),(2.63823447124,2.70142462381),.PIECEWISE_BEZIER_KNOTS.);
#6775 = CARTESIAN_POINT('',(2.148321393661,1.489241345921));
#6776 = CARTESIAN_POINT('',(2.162654432478,1.427810267535));
#6777 = ( GEOMETRIC_REPRESENTATION_CONTEXT(2) 
PARAMETRIC_REPRESENTATION_CONTEXT() REPRESENTATION_CONTEXT('2D SPACE',''
  ) );
#6778 = ORIENTED_EDGE('',*,*,#6779,.F.);
#6779 = EDGE_CURVE('',#6780,#6753,#6782,.T.);
#6780 = VERTEX_POINT('',#6781);
#6781 = CARTESIAN_POINT('',(0.79460046513,0.865910082836,
    5.800615906668E-03));
#6782 = SURFACE_CURVE('',#6783,(#6797,#6803),.PCURVE_S1.);
#6783 = B_SPLINE_CURVE_WITH_KNOTS('',3,(#6784,#6785,#6786,#6787,#6788,
    #6789,#6790,#6791,#6792,#6793,#6794,#6795,#6796),.UNSPECIFIED.,.F.,
  .F.,(4,3,3,3,4),(0.,1.551962401164E-02,2.399236670367E-02,
    4.15568653366E-02,4.798461069663E-02),.UNSPECIFIED.);
#6784 = CARTESIAN_POINT('',(0.79460046513,0.865910082836,
    5.800615906669E-03));
#6785 = CARTESIAN_POINT('',(0.843770097558,0.864493181902,
    2.181772375292E-02));
#6786 = CARTESIAN_POINT('',(0.892886905373,0.862612361959,
    3.884666535031E-02));
#6787 = CARTESIAN_POINT('',(0.941713838237,0.860172591302,
    5.655032559183E-02));
#6788 = CARTESIAN_POINT('',(0.968370285474,0.858840629329,
    6.621541527578E-02));
#6789 = CARTESIAN_POINT('',(0.994940336175,0.857342854414,
    7.608131578932E-02));
#6790 = CARTESIAN_POINT('',(1.021385418616,0.855670393016,
    8.609189552622E-02));
#6791 = CARTESIAN_POINT('',(1.07620764458,0.852203281244,0.106844421656)
  );
#6792 = CARTESIAN_POINT('',(1.130888851767,0.84795835703,0.128370960124)
  );
#6793 = CARTESIAN_POINT('',(1.185275510942,0.842835216792,0.150390624212
    ));
#6794 = CARTESIAN_POINT('',(1.20517836177,0.840960398639,0.158448741704)
  );
#6795 = CARTESIAN_POINT('',(1.225041766694,0.838968424577,0.166572698672
    ));
#6796 = CARTESIAN_POINT('',(1.244858201523,0.836856055785,0.174748167136
    ));
#6797 = PCURVE('',#4182,#6798);
#6798 = DEFINITIONAL_REPRESENTATION('',(#6799),#6802);
#6799 = B_SPLINE_CURVE_WITH_KNOTS('',1,(#6800,#6801),.UNSPECIFIED.,.F.,
  .F.,(2,2),(0.,4.798461069663E-02),.PIECEWISE_BEZIER_KNOTS.);
#6800 = CARTESIAN_POINT('',(0.524269657499,6.584473367384E-02));
#6801 = CARTESIAN_POINT('',(0.569674466235,2.081896003452E-02));
#6802 = ( GEOMETRIC_REPRESENTATION_CONTEXT(2) 
PARAMETRIC_REPRESENTATION_CONTEXT() REPRESENTATION_CONTEXT('2D SPACE',''
  ) );
#6803 = PCURVE('',#6804,#6975);
#6804 = ( BOUNDED_SURFACE() B_SPLINE_SURFACE(1,2,(
    (#6805,#6806,#6807,#6808,#6809,#6810,#6811,#6812,#6813,#6814,#6815
      ,#6816,#6817,#6818,#6819,#6820,#6821,#6822,#6823,#6824,#6825,#6826
      ,#6827,#6828,#6829,#6830,#6831,#6832,#6833,#6834,#6835,#6836,#6837
      ,#6838,#6839,#6840,#6841,#6842,#6843,#6844,#6845,#6846,#6847,#6848
      ,#6849,#6850,#6851,#6852,#6853,#6854,#6855,#6856,#6857,#6858,#6859
      ,#6860,#6861,#6862,#6863,#6864,#6865,#6866,#6867,#6868,#6869,#6870
      ,#6871,#6872,#6873,#6874,#6875,#6876,#6877,#6878,#6879,#6880,#6881
      ,#6882,#6883,#6884,#6885,#6886,#6887,#6888,#6889)
    ,(#6890,#6891,#6892,#6893,#6894,#6895,#6896,#6897,#6898,#6899,#6900
      ,#6901,#6902,#6903,#6904,#6905,#6906,#6907,#6908,#6909,#6910,#6911
      ,#6912,#6913,#6914,#6915,#6916,#6917,#6918,#6919,#6920,#6921,#6922
      ,#6923,#6924,#6925,#6926,#6927,#6928,#6929,#6930,#6931,#6932,#6933
      ,#6934,#6935,#6936,#6937,#6938,#6939,#6940,#6941,#6942,#6943,#6944
      ,#6945,#6946,#6947,#6948,#6949,#6950,#6951,#6952,#6953,#6954,#6955
      ,#6956,#6957,#6958,#6959,#6960,#6961,#6962,#6963,#6964,#6965,#6966
      ,#6967,#6968,#6969,#6970,#6971,#6972,#6973,#6974
)),.UNSPECIFIED.,.F.,.F.,.F.) B_SPLINE_SURFACE_WITH_KNOTS((2,2),(3,2,2,2
    ,2,2,2,2,2,2,2,2,2,2,2,2,2,2,2,2,2,2,2,2,2,2,2,2,2,2,2,2,2,2,2,2,2,2
    ,2,2,2,2,3),(0.,1.),(0.,2.380952380952E-02,4.761904761905E-02,
    7.142857142857E-02,9.52380952381E-02,0.119047619048,0.142857142857,
    0.166666666667,0.190476190476,0.214285714286,0.238095238095,
    0.261904761905,0.285714285714,0.309523809524,0.333333333333,
    0.357142857143,0.380952380952,0.404761904762,0.428571428571,
    0.452380952381,0.47619047619,0.5,0.52380952381,0.547619047619,
    0.571428571429,0.595238095238,0.619047619048,0.642857142857,
    0.666666666667,0.690476190476,0.714285714286,0.738095238095,
    0.761904761905,0.785714285714,0.809523809524,0.833333333333,
    0.857142857143,0.880952380952,0.904761904762,0.928571428571,
    0.952380952381,0.97619047619,1.),.UNSPECIFIED.) 
GEOMETRIC_REPRESENTATION_ITEM() RATIONAL_B_SPLINE_SURFACE((
    (1.,0.866025403784,1.,0.866025403784,1.,0.866025403784,1.
      ,0.866025403784,1.,0.866025403784,1.,0.866025403784,1.
      ,0.866025403784,1.,0.866025403784,1.,0.866025403784,1.
      ,0.866025403784,1.,0.866025403784,1.,0.866025403784,1.
      ,0.866025403784,1.,0.866025403784,1.,0.866025403784,1.
      ,0.866025403784,1.,0.866025403784,1.,0.866025403784,1.
      ,0.866025403784,1.,0.866025403784,1.,0.866025403784,1.
      ,0.866025403784,1.,0.866025403784,1.,0.866025403784,1.
      ,0.866025403784,1.,0.866025403784,1.,0.866025403784,1.
      ,0.866025403784,1.,0.866025403784,1.,0.866025403784,1.
      ,0.866025403784,1.,0.866025403784,1.,0.866025403784,1.
      ,0.866025403784,1.,0.866025403784,1.,0.866025403784,1.
      ,0.866025403784,1.,0.866025403784,1.,0.866025403784,1.
      ,0.866025403784,1.,0.866025403784,1.,0.866025403784,1.)
    ,(1.,0.866025403784,1.,0.866025403784,1.,0.866025403784,1.
      ,0.866025403784,1.,0.866025403784,1.,0.866025403784,1.
      ,0.866025403784,1.,0.866025403784,1.,0.866025403784,1.
      ,0.866025403784,1.,0.866025403784,1.,0.866025403784,1.
      ,0.866025403784,1.,0.866025403784,1.,0.866025403784,1.
      ,0.866025403784,1.,0.866025403784,1.,0.866025403784,1.
      ,0.866025403784,1.,0.866025403784,1.,0.866025403784,1.
      ,0.866025403784,1.,0.866025403784,1.,0.866025403784,1.
      ,0.866025403784,1.,0.866025403784,1.,0.866025403784,1.
      ,0.866025403784,1.,0.866025403784,1.,0.866025403784,1.
      ,0.866025403784,1.,0.866025403784,1.,0.866025403784,1.
      ,0.866025403784,1.,0.866025403784,1.,0.866025403784,1.
      ,0.866025403784,1.,0.866025403784,1.,0.866025403784,1.
      ,0.866025403784,1.,0.866025403784,1.,0.866025403784,1.
))) REPRESENTATION_ITEM('') SURFACE() );
#6805 = CARTESIAN_POINT('',(0.,1.5,-1.746937899601));
#6806 = CARTESIAN_POINT('',(-0.866025403784,1.5,-1.705271232935));
#6807 = CARTESIAN_POINT('',(-1.299038105677,0.75,-1.663604566268));
#6808 = CARTESIAN_POINT('',(-1.732050807569,1.500901569047E-16,
    -1.621937899601));
#6809 = CARTESIAN_POINT('',(-1.299038105677,-0.75,-1.580271232935));
#6810 = CARTESIAN_POINT('',(-0.866025403784,-1.5,-1.538604566268));
#6811 = CARTESIAN_POINT('',(-1.836970198721E-16,-1.5,-1.496937899601));
#6812 = CARTESIAN_POINT('',(0.866025403784,-1.5,-1.455271232935));
#6813 = CARTESIAN_POINT('',(1.299038105677,-0.75,-1.413604566268));
#6814 = CARTESIAN_POINT('',(1.732050807569,-2.741399385853E-16,
    -1.371937899601));
#6815 = CARTESIAN_POINT('',(1.299038105677,0.75,-1.330271232935));
#6816 = CARTESIAN_POINT('',(0.866025403784,1.5,-1.288604566268));
#6817 = CARTESIAN_POINT('',(0.,1.5,-1.246937899601));
#6818 = CARTESIAN_POINT('',(-0.866025403784,1.5,-1.205271232935));
#6819 = CARTESIAN_POINT('',(-1.299038105677,0.75,-1.163604566268));
#6820 = CARTESIAN_POINT('',(-1.732050807569,1.500901569047E-16,
    -1.121937899601));
#6821 = CARTESIAN_POINT('',(-1.299038105677,-0.75,-1.080271232935));
#6822 = CARTESIAN_POINT('',(-0.866025403784,-1.5,-1.038604566268));
#6823 = CARTESIAN_POINT('',(-1.836970198721E-16,-1.5,-0.996937899601));
#6824 = CARTESIAN_POINT('',(0.866025403784,-1.5,-0.955271232935));
#6825 = CARTESIAN_POINT('',(1.299038105677,-0.75,-0.913604566268));
#6826 = CARTESIAN_POINT('',(1.732050807569,-2.741399385853E-16,
    -0.871937899601));
#6827 = CARTESIAN_POINT('',(1.299038105677,0.75,-0.830271232935));
#6828 = CARTESIAN_POINT('',(0.866025403784,1.5,-0.788604566268));
#6829 = CARTESIAN_POINT('',(0.,1.5,-0.746937899601));
#6830 = CARTESIAN_POINT('',(-0.866025403784,1.5,-0.705271232935));
#6831 = CARTESIAN_POINT('',(-1.299038105677,0.75,-0.663604566268));
#6832 = CARTESIAN_POINT('',(-1.732050807569,1.500901569047E-16,
    -0.621937899601));
#6833 = CARTESIAN_POINT('',(-1.299038105677,-0.75,-0.580271232935));
#6834 = CARTESIAN_POINT('',(-0.866025403784,-1.5,-0.538604566268));
#6835 = CARTESIAN_POINT('',(-1.836970198721E-16,-1.5,-0.496937899601));
#6836 = CARTESIAN_POINT('',(0.866025403784,-1.5,-0.455271232935));
#6837 = CARTESIAN_POINT('',(1.299038105677,-0.75,-0.413604566268));
#6838 = CARTESIAN_POINT('',(1.732050807569,-2.741399385853E-16,
    -0.371937899601));
#6839 = CARTESIAN_POINT('',(1.299038105677,0.75,-0.330271232935));
#6840 = CARTESIAN_POINT('',(0.866025403784,1.5,-0.288604566268));
#6841 = CARTESIAN_POINT('',(0.,1.5,-0.246937899601));
#6842 = CARTESIAN_POINT('',(-0.866025403784,1.5,-0.205271232935));
#6843 = CARTESIAN_POINT('',(-1.299038105677,0.75,-0.163604566268));
#6844 = CARTESIAN_POINT('',(-1.732050807569,1.500901569047E-16,
    -0.121937899601));
#6845 = CARTESIAN_POINT('',(-1.299038105677,-0.75,-8.027123293476E-02));
#6846 = CARTESIAN_POINT('',(-0.866025403784,-1.5,-3.860456626809E-02));
#6847 = CARTESIAN_POINT('',(-1.836970198721E-16,-1.5,3.062100398572E-03)
  );
#6848 = CARTESIAN_POINT('',(0.866025403784,-1.5,4.472876706524E-02));
#6849 = CARTESIAN_POINT('',(1.299038105677,-0.75,8.639543373191E-02));
#6850 = CARTESIAN_POINT('',(1.732050807569,-2.741399385853E-16,
    0.128062100399));
#6851 = CARTESIAN_POINT('',(1.299038105677,0.75,0.169728767065));
#6852 = CARTESIAN_POINT('',(0.866025403784,1.5,0.211395433732));
#6853 = CARTESIAN_POINT('',(0.,1.5,0.253062100399));
#6854 = CARTESIAN_POINT('',(-0.866025403784,1.5,0.294728767065));
#6855 = CARTESIAN_POINT('',(-1.299038105677,0.75,0.336395433732));
#6856 = CARTESIAN_POINT('',(-1.732050807569,1.500901569047E-16,
    0.378062100399));
#6857 = CARTESIAN_POINT('',(-1.299038105677,-0.75,0.419728767065));
#6858 = CARTESIAN_POINT('',(-0.866025403784,-1.5,0.461395433732));
#6859 = CARTESIAN_POINT('',(-1.836970198721E-16,-1.5,0.503062100399));
#6860 = CARTESIAN_POINT('',(0.866025403784,-1.5,0.544728767065));
#6861 = CARTESIAN_POINT('',(1.299038105677,-0.75,0.586395433732));
#6862 = CARTESIAN_POINT('',(1.732050807569,-2.741399385853E-16,
    0.628062100399));
#6863 = CARTESIAN_POINT('',(1.299038105677,0.75,0.669728767065));
#6864 = CARTESIAN_POINT('',(0.866025403784,1.5,0.711395433732));
#6865 = CARTESIAN_POINT('',(0.,1.5,0.753062100399));
#6866 = CARTESIAN_POINT('',(-0.866025403784,1.5,0.794728767065));
#6867 = CARTESIAN_POINT('',(-1.299038105677,0.75,0.836395433732));
#6868 = CARTESIAN_POINT('',(-1.732050807569,1.500901569047E-16,
    0.878062100399));
#6869 = CARTESIAN_POINT('',(-1.299038105677,-0.75,0.919728767065));
#6870 = CARTESIAN_POINT('',(-0.866025403784,-1.5,0.961395433732));
#6871 = CARTESIAN_POINT('',(-1.836970198721E-16,-1.5,1.003062100399));
#6872 = CARTESIAN_POINT('',(0.866025403784,-1.5,1.044728767065));
#6873 = CARTESIAN_POINT('',(1.299038105677,-0.75,1.086395433732));
#6874 = CARTESIAN_POINT('',(1.732050807569,-2.741399385853E-16,
    1.128062100399));
#6875 = CARTESIAN_POINT('',(1.299038105677,0.75,1.169728767065));
#6876 = CARTESIAN_POINT('',(0.866025403784,1.5,1.211395433732));
#6877 = CARTESIAN_POINT('',(0.,1.5,1.253062100399));
#6878 = CARTESIAN_POINT('',(-0.866025403784,1.5,1.294728767065));
#6879 = CARTESIAN_POINT('',(-1.299038105677,0.75,1.336395433732));
#6880 = CARTESIAN_POINT('',(-1.732050807569,1.500901569047E-16,
    1.378062100399));
#6881 = CARTESIAN_POINT('',(-1.299038105677,-0.75,1.419728767065));
#6882 = CARTESIAN_POINT('',(-0.866025403784,-1.5,1.461395433732));
#6883 = CARTESIAN_POINT('',(-1.836970198721E-16,-1.5,1.503062100399));
#6884 = CARTESIAN_POINT('',(0.866025403784,-1.5,1.544728767065));
#6885 = CARTESIAN_POINT('',(1.299038105677,-0.75,1.586395433732));
#6886 = CARTESIAN_POINT('',(1.732050807569,-2.741399385853E-16,
    1.628062100399));
#6887 = CARTESIAN_POINT('',(1.299038105677,0.75,1.669728767065));
#6888 = CARTESIAN_POINT('',(0.866025403784,1.5,1.711395433732));
#6889 = CARTESIAN_POINT('',(0.,1.5,1.753062100399));
#6890 = CARTESIAN_POINT('',(0.,1.175240473581,-1.934437899601));
#6891 = CARTESIAN_POINT('',(-0.678525403784,1.175240473581,
    -1.892771232935));
#6892 = CARTESIAN_POINT('',(-1.017788105677,0.58762023679,
    -1.851104566268));
#6893 = CARTESIAN_POINT('',(-1.357050807569,1.271280294207E-16,
    -1.809437899601));
#6894 = CARTESIAN_POINT('',(-1.017788105677,-0.58762023679,
    -1.767771232935));
#6895 = CARTESIAN_POINT('',(-0.678525403784,-1.175240473581,
    -1.726104566268));
#6896 = CARTESIAN_POINT('',(-1.439254484199E-16,-1.175240473581,
    -1.684437899601));
#6897 = CARTESIAN_POINT('',(0.678525403784,-1.175240473581,
    -1.642771232935));
#6898 = CARTESIAN_POINT('',(1.017788105677,-0.58762023679,
    -1.601104566268));
#6899 = CARTESIAN_POINT('',(1.357050807569,-2.052535561332E-16,
    -1.559437899601));
#6900 = CARTESIAN_POINT('',(1.017788105677,0.58762023679,-1.517771232935
    ));
#6901 = CARTESIAN_POINT('',(0.678525403784,1.175240473581,
    -1.476104566268));
#6902 = CARTESIAN_POINT('',(0.,1.175240473581,-1.434437899601));
#6903 = CARTESIAN_POINT('',(-0.678525403784,1.175240473581,
    -1.392771232935));
#6904 = CARTESIAN_POINT('',(-1.017788105677,0.58762023679,
    -1.351104566268));
#6905 = CARTESIAN_POINT('',(-1.357050807569,1.271280294207E-16,
    -1.309437899601));
#6906 = CARTESIAN_POINT('',(-1.017788105677,-0.58762023679,
    -1.267771232935));
#6907 = CARTESIAN_POINT('',(-0.678525403784,-1.175240473581,
    -1.226104566268));
#6908 = CARTESIAN_POINT('',(-1.439254484199E-16,-1.175240473581,
    -1.184437899601));
#6909 = CARTESIAN_POINT('',(0.678525403784,-1.175240473581,
    -1.142771232935));
#6910 = CARTESIAN_POINT('',(1.017788105677,-0.58762023679,
    -1.101104566268));
#6911 = CARTESIAN_POINT('',(1.357050807569,-2.052535561332E-16,
    -1.059437899601));
#6912 = CARTESIAN_POINT('',(1.017788105677,0.58762023679,-1.017771232935
    ));
#6913 = CARTESIAN_POINT('',(0.678525403784,1.175240473581,
    -0.976104566268));
#6914 = CARTESIAN_POINT('',(0.,1.175240473581,-0.934437899601));
#6915 = CARTESIAN_POINT('',(-0.678525403784,1.175240473581,
    -0.892771232935));
#6916 = CARTESIAN_POINT('',(-1.017788105677,0.58762023679,
    -0.851104566268));
#6917 = CARTESIAN_POINT('',(-1.357050807569,1.271280294207E-16,
    -0.809437899601));
#6918 = CARTESIAN_POINT('',(-1.017788105677,-0.58762023679,
    -0.767771232935));
#6919 = CARTESIAN_POINT('',(-0.678525403784,-1.175240473581,
    -0.726104566268));
#6920 = CARTESIAN_POINT('',(-1.439254484199E-16,-1.175240473581,
    -0.684437899601));
#6921 = CARTESIAN_POINT('',(0.678525403784,-1.175240473581,
    -0.642771232935));
#6922 = CARTESIAN_POINT('',(1.017788105677,-0.58762023679,
    -0.601104566268));
#6923 = CARTESIAN_POINT('',(1.357050807569,-2.052535561332E-16,
    -0.559437899601));
#6924 = CARTESIAN_POINT('',(1.017788105677,0.58762023679,-0.517771232935
    ));
#6925 = CARTESIAN_POINT('',(0.678525403784,1.175240473581,
    -0.476104566268));
#6926 = CARTESIAN_POINT('',(0.,1.175240473581,-0.434437899601));
#6927 = CARTESIAN_POINT('',(-0.678525403784,1.175240473581,
    -0.392771232935));
#6928 = CARTESIAN_POINT('',(-1.017788105677,0.58762023679,
    -0.351104566268));
#6929 = CARTESIAN_POINT('',(-1.357050807569,1.271280294207E-16,
    -0.309437899601));
#6930 = CARTESIAN_POINT('',(-1.017788105677,-0.58762023679,
    -0.267771232935));
#6931 = CARTESIAN_POINT('',(-0.678525403784,-1.175240473581,
    -0.226104566268));
#6932 = CARTESIAN_POINT('',(-1.439254484199E-16,-1.175240473581,
    -0.184437899601));
#6933 = CARTESIAN_POINT('',(0.678525403784,-1.175240473581,
    -0.142771232935));
#6934 = CARTESIAN_POINT('',(1.017788105677,-0.58762023679,
    -0.101104566268));
#6935 = CARTESIAN_POINT('',(1.357050807569,-2.052535561332E-16,
    -5.943789960143E-02));
#6936 = CARTESIAN_POINT('',(1.017788105677,0.58762023679,
    -1.777123293476E-02));
#6937 = CARTESIAN_POINT('',(0.678525403784,1.175240473581,
    2.38954337319E-02));
#6938 = CARTESIAN_POINT('',(0.,1.175240473581,6.556210039857E-02));
#6939 = CARTESIAN_POINT('',(-0.678525403784,1.175240473581,
    0.107228767065));
#6940 = CARTESIAN_POINT('',(-1.017788105677,0.58762023679,0.148895433732
    ));
#6941 = CARTESIAN_POINT('',(-1.357050807569,1.271280294207E-16,
    0.190562100399));
#6942 = CARTESIAN_POINT('',(-1.017788105677,-0.58762023679,
    0.232228767065));
#6943 = CARTESIAN_POINT('',(-0.678525403784,-1.175240473581,
    0.273895433732));
#6944 = CARTESIAN_POINT('',(-1.439254484199E-16,-1.175240473581,
    0.315562100399));
#6945 = CARTESIAN_POINT('',(0.678525403784,-1.175240473581,
    0.357228767065));
#6946 = CARTESIAN_POINT('',(1.017788105677,-0.58762023679,0.398895433732
    ));
#6947 = CARTESIAN_POINT('',(1.357050807569,-2.052535561332E-16,
    0.440562100399));
#6948 = CARTESIAN_POINT('',(1.017788105677,0.58762023679,0.482228767065)
  );
#6949 = CARTESIAN_POINT('',(0.678525403784,1.175240473581,0.523895433732
    ));
#6950 = CARTESIAN_POINT('',(0.,1.175240473581,0.565562100399));
#6951 = CARTESIAN_POINT('',(-0.678525403784,1.175240473581,
    0.607228767065));
#6952 = CARTESIAN_POINT('',(-1.017788105677,0.58762023679,0.648895433732
    ));
#6953 = CARTESIAN_POINT('',(-1.357050807569,1.271280294207E-16,
    0.690562100399));
#6954 = CARTESIAN_POINT('',(-1.017788105677,-0.58762023679,
    0.732228767065));
#6955 = CARTESIAN_POINT('',(-0.678525403784,-1.175240473581,
    0.773895433732));
#6956 = CARTESIAN_POINT('',(-1.439254484199E-16,-1.175240473581,
    0.815562100399));
#6957 = CARTESIAN_POINT('',(0.678525403784,-1.175240473581,
    0.857228767065));
#6958 = CARTESIAN_POINT('',(1.017788105677,-0.58762023679,0.898895433732
    ));
#6959 = CARTESIAN_POINT('',(1.357050807569,-2.052535561332E-16,
    0.940562100399));
#6960 = CARTESIAN_POINT('',(1.017788105677,0.58762023679,0.982228767065)
  );
#6961 = CARTESIAN_POINT('',(0.678525403784,1.175240473581,1.023895433732
    ));
#6962 = CARTESIAN_POINT('',(0.,1.175240473581,1.065562100399));
#6963 = CARTESIAN_POINT('',(-0.678525403784,1.175240473581,
    1.107228767065));
#6964 = CARTESIAN_POINT('',(-1.017788105677,0.58762023679,1.148895433732
    ));
#6965 = CARTESIAN_POINT('',(-1.357050807569,1.271280294207E-16,
    1.190562100399));
#6966 = CARTESIAN_POINT('',(-1.017788105677,-0.58762023679,
    1.232228767065));
#6967 = CARTESIAN_POINT('',(-0.678525403784,-1.175240473581,
    1.273895433732));
#6968 = CARTESIAN_POINT('',(-1.439254484199E-16,-1.175240473581,
    1.315562100399));
#6969 = CARTESIAN_POINT('',(0.678525403784,-1.175240473581,
    1.357228767065));
#6970 = CARTESIAN_POINT('',(1.017788105677,-0.58762023679,1.398895433732
    ));
#6971 = CARTESIAN_POINT('',(1.357050807569,-2.052535561332E-16,
    1.440562100399));
#6972 = CARTESIAN_POINT('',(1.017788105677,0.58762023679,1.482228767065)
  );
#6973 = CARTESIAN_POINT('',(0.678525403784,1.175240473581,1.523895433732
    ));
#6974 = CARTESIAN_POINT('',(0.,1.175240473581,1.565562100399));
#6975 = DEFINITIONAL_REPRESENTATION('',(#6976),#7002);
#6976 = B_SPLINE_CURVE_WITH_KNOTS('',3,(#6977,#6978,#6979,#6980,#6981,
    #6982,#6983,#6984,#6985,#6986,#6987,#6988,#6989,#6990,#6991,#6992,
    #6993,#6994,#6995,#6996,#6997,#6998,#6999,#7000,#7001),
  .UNSPECIFIED.,.F.,.F.,(4,1,1,1,1,1,1,1,1,1,1,1,1,1,1,1,1,1,1,1,1,1,4),
  (0.,2.181118668029E-03,4.362237336057E-03,6.543356004086E-03,
    8.724474672114E-03,1.090559334014E-02,1.308671200817E-02,
    1.52678306762E-02,1.744894934423E-02,1.963006801226E-02,
    2.181118668029E-02,2.399230534831E-02,2.617342401634E-02,
    2.835454268437E-02,3.05356613524E-02,3.271678002043E-02,
    3.489789868846E-02,3.707901735648E-02,3.926013602451E-02,
    4.144125469254E-02,4.362237336057E-02,4.58034920286E-02,
    4.798461069663E-02),.QUASI_UNIFORM_KNOTS.);
#6977 = CARTESIAN_POINT('',(1.,0.554641944102));
#6978 = CARTESIAN_POINT('',(0.986065244357,0.554541966922));
#6979 = CARTESIAN_POINT('',(0.95802754746,0.554343968895));
#6980 = CARTESIAN_POINT('',(0.915495454542,0.554052725289));
#6981 = CARTESIAN_POINT('',(0.872516954126,0.553767120635));
#6982 = CARTESIAN_POINT('',(0.829120728448,0.553487036656));
#6983 = CARTESIAN_POINT('',(0.785335162878,0.553212353306));
#6984 = CARTESIAN_POINT('',(0.741188261554,0.55294294883));
#6985 = CARTESIAN_POINT('',(0.696707806842,0.552678700489));
#6986 = CARTESIAN_POINT('',(0.651920799504,0.552419484324));
#6987 = CARTESIAN_POINT('',(0.60685424788,0.552165192922));
#6988 = CARTESIAN_POINT('',(0.561530397768,0.55191569041));
#6989 = CARTESIAN_POINT('',(0.515988790215,0.551670936251));
#6990 = CARTESIAN_POINT('',(0.470202857788,0.551430538629));
#6991 = CARTESIAN_POINT('',(0.424137031429,0.551194106973));
#6992 = CARTESIAN_POINT('',(0.37782129677,0.550961603987));
#6993 = CARTESIAN_POINT('',(0.331267697045,0.550732899868));
#6994 = CARTESIAN_POINT('',(0.284492716246,0.550507891874));
#6995 = CARTESIAN_POINT('',(0.237511295702,0.550286472314));
#6996 = CARTESIAN_POINT('',(0.190338436377,0.550068537407));
#6997 = CARTESIAN_POINT('',(0.142988824388,0.549853984178));
#6998 = CARTESIAN_POINT('',(9.547677717924E-02,0.549642714235));
#6999 = CARTESIAN_POINT('',(4.781603115294E-02,0.549434636752));
#7000 = CARTESIAN_POINT('',(1.595216414514E-02,0.549297985669));
#7001 = CARTESIAN_POINT('',(0.,0.549230161708));
#7002 = ( GEOMETRIC_REPRESENTATION_CONTEXT(2) 
PARAMETRIC_REPRESENTATION_CONTEXT() REPRESENTATION_CONTEXT('2D SPACE',''
  ) );
#7003 = ORIENTED_EDGE('',*,*,#7004,.F.);
#7004 = EDGE_CURVE('',#7005,#6780,#7007,.T.);
#7005 = VERTEX_POINT('',#7006);
#7006 = CARTESIAN_POINT('',(0.790608635233,0.869556298716,
    -5.632498312625E-02));
#7007 = SURFACE_CURVE('',#7008,(#7019,#7025),.PCURVE_S1.);
#7008 = B_SPLINE_CURVE_WITH_KNOTS('',3,(#7009,#7010,#7011,#7012,#7013,
    #7014,#7015,#7016,#7017,#7018),.UNSPECIFIED.,.F.,.F.,(4,3,3,4),(
    4.947860853682E-17,1.562594401635E-05,3.125187361835E-05,
    6.238242554362E-05),.UNSPECIFIED.);
#7009 = CARTESIAN_POINT('',(0.790608635233,0.869556298716,
    -5.632498312625E-02));
#7010 = CARTESIAN_POINT('',(0.790774873474,0.869405153369,
    -5.112118317074E-02));
#7011 = CARTESIAN_POINT('',(0.790983464263,0.869215419148,
    -4.591954375123E-02));
#7012 = CARTESIAN_POINT('',(0.791234081116,0.868987226386,
    -4.072193532992E-02));
#7013 = CARTESIAN_POINT('',(0.791484697833,0.868759033748,
    -3.552432972116E-02));
#7014 = CARTESIAN_POINT('',(0.791777370325,0.868492355371,
    -3.03301314286E-02));
#7015 = CARTESIAN_POINT('',(0.792111644844,0.868187371969,
    -2.514117870635E-02));
#7016 = CARTESIAN_POINT('',(0.792777483013,0.867579878489,
    -1.480535413074E-02));
#7017 = CARTESIAN_POINT('',(0.793608757227,0.866820121392,
    -4.486755172195E-03));
#7018 = CARTESIAN_POINT('',(0.79460046513,0.865910082836,
    5.800615906668E-03));
#7019 = PCURVE('',#4182,#7020);
#7020 = DEFINITIONAL_REPRESENTATION('',(#7021),#7024);
#7021 = B_SPLINE_CURVE_WITH_KNOTS('',1,(#7022,#7023),.UNSPECIFIED.,.F.,
  .F.,(2,2),(4.947860853682E-17,6.238242554362E-05),
  .PIECEWISE_BEZIER_KNOTS.);
#7022 = CARTESIAN_POINT('',(0.507985389446,6.624391666353E-02));
#7023 = CARTESIAN_POINT('',(0.524269657499,6.584473367384E-02));
#7024 = ( GEOMETRIC_REPRESENTATION_CONTEXT(2) 
PARAMETRIC_REPRESENTATION_CONTEXT() REPRESENTATION_CONTEXT('2D SPACE',''
  ) );
#7025 = PCURVE('',#7026,#7031);
#7026 = CYLINDRICAL_SURFACE('',#7027,1.175240473581);
#7027 = AXIS2_PLACEMENT_3D('',#7028,#7029,#7030);
#7028 = CARTESIAN_POINT('',(0.,2.775557561563E-16,-1.965687899601));
#7029 = DIRECTION('',(0.,0.,1.));
#7030 = DIRECTION('',(0.,1.,0.));
#7031 = DEFINITIONAL_REPRESENTATION('',(#7032),#7035);
#7032 = B_SPLINE_CURVE_WITH_KNOTS('',1,(#7033,#7034),.UNSPECIFIED.,.F.,
  .F.,(2,2),(4.947860853682E-17,6.238242554362E-05),
  .PIECEWISE_BEZIER_KNOTS.);
#7033 = CARTESIAN_POINT('',(5.545305454713,1.909362916475));
#7034 = CARTESIAN_POINT('',(5.540705166399,1.971488515508));
#7035 = ( GEOMETRIC_REPRESENTATION_CONTEXT(2) 
PARAMETRIC_REPRESENTATION_CONTEXT() REPRESENTATION_CONTEXT('2D SPACE',''
  ) );
#7036 = ORIENTED_EDGE('',*,*,#7037,.F.);
#7037 = EDGE_CURVE('',#7038,#7005,#7040,.T.);
#7038 = VERTEX_POINT('',#7039);
#7039 = CARTESIAN_POINT('',(1.23220768981,0.855373724855,-0.26162880514)
  );
#7040 = SURFACE_CURVE('',#7041,(#7052,#7058),.PCURVE_S1.);
#7041 = B_SPLINE_CURVE_WITH_KNOTS('',3,(#7042,#7043,#7044,#7045,#7046,
    #7047,#7048,#7049,#7050,#7051),.UNSPECIFIED.,.F.,.F.,(4,3,3,4),(
    5.421010862428E-20,2.096730696473E-04,3.4844614215E-04,
    4.873070216036E-04),.UNSPECIFIED.);
#7042 = CARTESIAN_POINT('',(1.23220768981,0.855373724855,-0.26162880514)
  );
#7043 = CARTESIAN_POINT('',(1.169357224383,0.860463089387,-0.23148461017
    ));
#7044 = CARTESIAN_POINT('',(1.106294564515,0.864159563307,
    -0.201517710415));
#7045 = CARTESIAN_POINT('',(1.043044665104,0.866562033753,
    -0.171879331808));
#7046 = CARTESIAN_POINT('',(1.001177756776,0.868152297309,
    -0.152260845586));
#7047 = CARTESIAN_POINT('',(0.959219492965,0.869175662067,
    -0.132782820803));
#7048 = CARTESIAN_POINT('',(0.917166495841,0.869663317631,
    -0.113506940078));
#7049 = CARTESIAN_POINT('',(0.875086859084,0.870151282113,
    -9.421884851364E-02));
#7050 = CARTESIAN_POINT('',(0.832905970574,0.870102473023,
    -7.512927868846E-02));
#7051 = CARTESIAN_POINT('',(0.790608635233,0.869556298716,
    -5.632498312625E-02));
#7052 = PCURVE('',#4182,#7053);
#7053 = DEFINITIONAL_REPRESENTATION('',(#7054),#7057);
#7054 = B_SPLINE_CURVE_WITH_KNOTS('',1,(#7055,#7056),.UNSPECIFIED.,.F.,
  .F.,(2,2),(5.421010862428E-20,4.873070216036E-04),
  .PIECEWISE_BEZIER_KNOTS.);
#7055 = CARTESIAN_POINT('',(0.453964243546,2.20840112058E-02));
#7056 = CARTESIAN_POINT('',(0.507985389446,6.624391666353E-02));
#7057 = ( GEOMETRIC_REPRESENTATION_CONTEXT(2) 
PARAMETRIC_REPRESENTATION_CONTEXT() REPRESENTATION_CONTEXT('2D SPACE',''
  ) );
#7058 = PCURVE('',#7059,#7230);
#7059 = ( BOUNDED_SURFACE() B_SPLINE_SURFACE(1,2,(
    (#7060,#7061,#7062,#7063,#7064,#7065,#7066,#7067,#7068,#7069,#7070
      ,#7071,#7072,#7073,#7074,#7075,#7076,#7077,#7078,#7079,#7080,#7081
      ,#7082,#7083,#7084,#7085,#7086,#7087,#7088,#7089,#7090,#7091,#7092
      ,#7093,#7094,#7095,#7096,#7097,#7098,#7099,#7100,#7101,#7102,#7103
      ,#7104,#7105,#7106,#7107,#7108,#7109,#7110,#7111,#7112,#7113,#7114
      ,#7115,#7116,#7117,#7118,#7119,#7120,#7121,#7122,#7123,#7124,#7125
      ,#7126,#7127,#7128,#7129,#7130,#7131,#7132,#7133,#7134,#7135,#7136
      ,#7137,#7138,#7139,#7140,#7141,#7142,#7143,#7144)
    ,(#7145,#7146,#7147,#7148,#7149,#7150,#7151,#7152,#7153,#7154,#7155
      ,#7156,#7157,#7158,#7159,#7160,#7161,#7162,#7163,#7164,#7165,#7166
      ,#7167,#7168,#7169,#7170,#7171,#7172,#7173,#7174,#7175,#7176,#7177
      ,#7178,#7179,#7180,#7181,#7182,#7183,#7184,#7185,#7186,#7187,#7188
      ,#7189,#7190,#7191,#7192,#7193,#7194,#7195,#7196,#7197,#7198,#7199
      ,#7200,#7201,#7202,#7203,#7204,#7205,#7206,#7207,#7208,#7209,#7210
      ,#7211,#7212,#7213,#7214,#7215,#7216,#7217,#7218,#7219,#7220,#7221
      ,#7222,#7223,#7224,#7225,#7226,#7227,#7228,#7229
)),.UNSPECIFIED.,.F.,.F.,.F.) B_SPLINE_SURFACE_WITH_KNOTS((2,2),(3,2,2,2
    ,2,2,2,2,2,2,2,2,2,2,2,2,2,2,2,2,2,2,2,2,2,2,2,2,2,2,2,2,2,2,2,2,2,2
    ,2,2,2,2,3),(0.,1.),(0.,2.380952380952E-02,4.761904761905E-02,
    7.142857142857E-02,9.52380952381E-02,0.119047619048,0.142857142857,
    0.166666666667,0.190476190476,0.214285714286,0.238095238095,
    0.261904761905,0.285714285714,0.309523809524,0.333333333333,
    0.357142857143,0.380952380952,0.404761904762,0.428571428571,
    0.452380952381,0.47619047619,0.5,0.52380952381,0.547619047619,
    0.571428571429,0.595238095238,0.619047619048,0.642857142857,
    0.666666666667,0.690476190476,0.714285714286,0.738095238095,
    0.761904761905,0.785714285714,0.809523809524,0.833333333333,
    0.857142857143,0.880952380952,0.904761904762,0.928571428571,
    0.952380952381,0.97619047619,1.),.UNSPECIFIED.) 
GEOMETRIC_REPRESENTATION_ITEM() RATIONAL_B_SPLINE_SURFACE((
    (1.,0.866025403784,1.,0.866025403784,1.,0.866025403784,1.
      ,0.866025403784,1.,0.866025403784,1.,0.866025403784,1.
      ,0.866025403784,1.,0.866025403784,1.,0.866025403784,1.
      ,0.866025403784,1.,0.866025403784,1.,0.866025403784,1.
      ,0.866025403784,1.,0.866025403784,1.,0.866025403784,1.
      ,0.866025403784,1.,0.866025403784,1.,0.866025403784,1.
      ,0.866025403784,1.,0.866025403784,1.,0.866025403784,1.
      ,0.866025403784,1.,0.866025403784,1.,0.866025403784,1.
      ,0.866025403784,1.,0.866025403784,1.,0.866025403784,1.
      ,0.866025403784,1.,0.866025403784,1.,0.866025403784,1.
      ,0.866025403784,1.,0.866025403784,1.,0.866025403784,1.
      ,0.866025403784,1.,0.866025403784,1.,0.866025403784,1.
      ,0.866025403784,1.,0.866025403784,1.,0.866025403784,1.
      ,0.866025403784,1.,0.866025403784,1.,0.866025403784,1.)
    ,(1.,0.866025403784,1.,0.866025403784,1.,0.866025403784,1.
      ,0.866025403784,1.,0.866025403784,1.,0.866025403784,1.
      ,0.866025403784,1.,0.866025403784,1.,0.866025403784,1.
      ,0.866025403784,1.,0.866025403784,1.,0.866025403784,1.
      ,0.866025403784,1.,0.866025403784,1.,0.866025403784,1.
      ,0.866025403784,1.,0.866025403784,1.,0.866025403784,1.
      ,0.866025403784,1.,0.866025403784,1.,0.866025403784,1.
      ,0.866025403784,1.,0.866025403784,1.,0.866025403784,1.
      ,0.866025403784,1.,0.866025403784,1.,0.866025403784,1.
      ,0.866025403784,1.,0.866025403784,1.,0.866025403784,1.
      ,0.866025403784,1.,0.866025403784,1.,0.866025403784,1.
      ,0.866025403784,1.,0.866025403784,1.,0.866025403784,1.
      ,0.866025403784,1.,0.866025403784,1.,0.866025403784,1.
      ,0.866025403784,1.,0.866025403784,1.,0.866025403784,1.
))) REPRESENTATION_ITEM('') SURFACE() );
#7060 = CARTESIAN_POINT('',(0.,1.175240473581,-1.996937899601));
#7061 = CARTESIAN_POINT('',(-0.678525403784,1.175240473581,
    -1.955271232935));
#7062 = CARTESIAN_POINT('',(-1.017788105677,0.58762023679,
    -1.913604566268));
#7063 = CARTESIAN_POINT('',(-1.357050807569,1.271280294207E-16,
    -1.871937899601));
#7064 = CARTESIAN_POINT('',(-1.017788105677,-0.58762023679,
    -1.830271232935));
#7065 = CARTESIAN_POINT('',(-0.678525403784,-1.175240473581,
    -1.788604566268));
#7066 = CARTESIAN_POINT('',(-1.439254484199E-16,-1.175240473581,
    -1.746937899601));
#7067 = CARTESIAN_POINT('',(0.678525403784,-1.175240473581,
    -1.705271232935));
#7068 = CARTESIAN_POINT('',(1.017788105677,-0.58762023679,
    -1.663604566268));
#7069 = CARTESIAN_POINT('',(1.357050807569,-2.052535561332E-16,
    -1.621937899601));
#7070 = CARTESIAN_POINT('',(1.017788105677,0.58762023679,-1.580271232935
    ));
#7071 = CARTESIAN_POINT('',(0.678525403784,1.175240473581,
    -1.538604566268));
#7072 = CARTESIAN_POINT('',(0.,1.175240473581,-1.496937899601));
#7073 = CARTESIAN_POINT('',(-0.678525403784,1.175240473581,
    -1.455271232935));
#7074 = CARTESIAN_POINT('',(-1.017788105677,0.58762023679,
    -1.413604566268));
#7075 = CARTESIAN_POINT('',(-1.357050807569,1.271280294207E-16,
    -1.371937899601));
#7076 = CARTESIAN_POINT('',(-1.017788105677,-0.58762023679,
    -1.330271232935));
#7077 = CARTESIAN_POINT('',(-0.678525403784,-1.175240473581,
    -1.288604566268));
#7078 = CARTESIAN_POINT('',(-1.439254484199E-16,-1.175240473581,
    -1.246937899601));
#7079 = CARTESIAN_POINT('',(0.678525403784,-1.175240473581,
    -1.205271232935));
#7080 = CARTESIAN_POINT('',(1.017788105677,-0.58762023679,
    -1.163604566268));
#7081 = CARTESIAN_POINT('',(1.357050807569,-2.052535561332E-16,
    -1.121937899601));
#7082 = CARTESIAN_POINT('',(1.017788105677,0.58762023679,-1.080271232935
    ));
#7083 = CARTESIAN_POINT('',(0.678525403784,1.175240473581,
    -1.038604566268));
#7084 = CARTESIAN_POINT('',(0.,1.175240473581,-0.996937899601));
#7085 = CARTESIAN_POINT('',(-0.678525403784,1.175240473581,
    -0.955271232935));
#7086 = CARTESIAN_POINT('',(-1.017788105677,0.58762023679,
    -0.913604566268));
#7087 = CARTESIAN_POINT('',(-1.357050807569,1.271280294207E-16,
    -0.871937899601));
#7088 = CARTESIAN_POINT('',(-1.017788105677,-0.58762023679,
    -0.830271232935));
#7089 = CARTESIAN_POINT('',(-0.678525403784,-1.175240473581,
    -0.788604566268));
#7090 = CARTESIAN_POINT('',(-1.439254484199E-16,-1.175240473581,
    -0.746937899601));
#7091 = CARTESIAN_POINT('',(0.678525403784,-1.175240473581,
    -0.705271232935));
#7092 = CARTESIAN_POINT('',(1.017788105677,-0.58762023679,
    -0.663604566268));
#7093 = CARTESIAN_POINT('',(1.357050807569,-2.052535561332E-16,
    -0.621937899601));
#7094 = CARTESIAN_POINT('',(1.017788105677,0.58762023679,-0.580271232935
    ));
#7095 = CARTESIAN_POINT('',(0.678525403784,1.175240473581,
    -0.538604566268));
#7096 = CARTESIAN_POINT('',(0.,1.175240473581,-0.496937899601));
#7097 = CARTESIAN_POINT('',(-0.678525403784,1.175240473581,
    -0.455271232935));
#7098 = CARTESIAN_POINT('',(-1.017788105677,0.58762023679,
    -0.413604566268));
#7099 = CARTESIAN_POINT('',(-1.357050807569,1.271280294207E-16,
    -0.371937899601));
#7100 = CARTESIAN_POINT('',(-1.017788105677,-0.58762023679,
    -0.330271232935));
#7101 = CARTESIAN_POINT('',(-0.678525403784,-1.175240473581,
    -0.288604566268));
#7102 = CARTESIAN_POINT('',(-1.439254484199E-16,-1.175240473581,
    -0.246937899601));
#7103 = CARTESIAN_POINT('',(0.678525403784,-1.175240473581,
    -0.205271232935));
#7104 = CARTESIAN_POINT('',(1.017788105677,-0.58762023679,
    -0.163604566268));
#7105 = CARTESIAN_POINT('',(1.357050807569,-2.052535561332E-16,
    -0.121937899601));
#7106 = CARTESIAN_POINT('',(1.017788105677,0.58762023679,
    -8.027123293476E-02));
#7107 = CARTESIAN_POINT('',(0.678525403784,1.175240473581,
    -3.86045662681E-02));
#7108 = CARTESIAN_POINT('',(0.,1.175240473581,3.06210039857E-03));
#7109 = CARTESIAN_POINT('',(-0.678525403784,1.175240473581,
    4.472876706524E-02));
#7110 = CARTESIAN_POINT('',(-1.017788105677,0.58762023679,
    8.63954337319E-02));
#7111 = CARTESIAN_POINT('',(-1.357050807569,1.271280294207E-16,
    0.128062100399));
#7112 = CARTESIAN_POINT('',(-1.017788105677,-0.58762023679,
    0.169728767065));
#7113 = CARTESIAN_POINT('',(-0.678525403784,-1.175240473581,
    0.211395433732));
#7114 = CARTESIAN_POINT('',(-1.439254484199E-16,-1.175240473581,
    0.253062100399));
#7115 = CARTESIAN_POINT('',(0.678525403784,-1.175240473581,
    0.294728767065));
#7116 = CARTESIAN_POINT('',(1.017788105677,-0.58762023679,0.336395433732
    ));
#7117 = CARTESIAN_POINT('',(1.357050807569,-2.052535561332E-16,
    0.378062100399));
#7118 = CARTESIAN_POINT('',(1.017788105677,0.58762023679,0.419728767065)
  );
#7119 = CARTESIAN_POINT('',(0.678525403784,1.175240473581,0.461395433732
    ));
#7120 = CARTESIAN_POINT('',(0.,1.175240473581,0.503062100399));
#7121 = CARTESIAN_POINT('',(-0.678525403784,1.175240473581,
    0.544728767065));
#7122 = CARTESIAN_POINT('',(-1.017788105677,0.58762023679,0.586395433732
    ));
#7123 = CARTESIAN_POINT('',(-1.357050807569,1.271280294207E-16,
    0.628062100399));
#7124 = CARTESIAN_POINT('',(-1.017788105677,-0.58762023679,
    0.669728767065));
#7125 = CARTESIAN_POINT('',(-0.678525403784,-1.175240473581,
    0.711395433732));
#7126 = CARTESIAN_POINT('',(-1.439254484199E-16,-1.175240473581,
    0.753062100399));
#7127 = CARTESIAN_POINT('',(0.678525403784,-1.175240473581,
    0.794728767065));
#7128 = CARTESIAN_POINT('',(1.017788105677,-0.58762023679,0.836395433732
    ));
#7129 = CARTESIAN_POINT('',(1.357050807569,-2.052535561332E-16,
    0.878062100399));
#7130 = CARTESIAN_POINT('',(1.017788105677,0.58762023679,0.919728767065)
  );
#7131 = CARTESIAN_POINT('',(0.678525403784,1.175240473581,0.961395433732
    ));
#7132 = CARTESIAN_POINT('',(0.,1.175240473581,1.003062100399));
#7133 = CARTESIAN_POINT('',(-0.678525403784,1.175240473581,
    1.044728767065));
#7134 = CARTESIAN_POINT('',(-1.017788105677,0.58762023679,1.086395433732
    ));
#7135 = CARTESIAN_POINT('',(-1.357050807569,1.271280294207E-16,
    1.128062100399));
#7136 = CARTESIAN_POINT('',(-1.017788105677,-0.58762023679,
    1.169728767065));
#7137 = CARTESIAN_POINT('',(-0.678525403784,-1.175240473581,
    1.211395433732));
#7138 = CARTESIAN_POINT('',(-1.439254484199E-16,-1.175240473581,
    1.253062100399));
#7139 = CARTESIAN_POINT('',(0.678525403784,-1.175240473581,
    1.294728767065));
#7140 = CARTESIAN_POINT('',(1.017788105677,-0.58762023679,1.336395433732
    ));
#7141 = CARTESIAN_POINT('',(1.357050807569,-2.052535561332E-16,
    1.378062100399));
#7142 = CARTESIAN_POINT('',(1.017788105677,0.58762023679,1.419728767065)
  );
#7143 = CARTESIAN_POINT('',(0.678525403784,1.175240473581,1.461395433732
    ));
#7144 = CARTESIAN_POINT('',(0.,1.175240473581,1.503062100399));
#7145 = CARTESIAN_POINT('',(0.,1.5,-2.184437899601));
#7146 = CARTESIAN_POINT('',(-0.866025403784,1.5,-2.142771232935));
#7147 = CARTESIAN_POINT('',(-1.299038105677,0.75,-2.101104566268));
#7148 = CARTESIAN_POINT('',(-1.732050807569,1.500901569047E-16,
    -2.059437899601));
#7149 = CARTESIAN_POINT('',(-1.299038105677,-0.75,-2.017771232935));
#7150 = CARTESIAN_POINT('',(-0.866025403784,-1.5,-1.976104566268));
#7151 = CARTESIAN_POINT('',(-1.836970198721E-16,-1.5,-1.934437899601));
#7152 = CARTESIAN_POINT('',(0.866025403784,-1.5,-1.892771232935));
#7153 = CARTESIAN_POINT('',(1.299038105677,-0.75,-1.851104566268));
#7154 = CARTESIAN_POINT('',(1.732050807569,-2.741399385853E-16,
    -1.809437899601));
#7155 = CARTESIAN_POINT('',(1.299038105677,0.75,-1.767771232935));
#7156 = CARTESIAN_POINT('',(0.866025403784,1.5,-1.726104566268));
#7157 = CARTESIAN_POINT('',(0.,1.5,-1.684437899601));
#7158 = CARTESIAN_POINT('',(-0.866025403784,1.5,-1.642771232935));
#7159 = CARTESIAN_POINT('',(-1.299038105677,0.75,-1.601104566268));
#7160 = CARTESIAN_POINT('',(-1.732050807569,1.500901569047E-16,
    -1.559437899601));
#7161 = CARTESIAN_POINT('',(-1.299038105677,-0.75,-1.517771232935));
#7162 = CARTESIAN_POINT('',(-0.866025403784,-1.5,-1.476104566268));
#7163 = CARTESIAN_POINT('',(-1.836970198721E-16,-1.5,-1.434437899601));
#7164 = CARTESIAN_POINT('',(0.866025403784,-1.5,-1.392771232935));
#7165 = CARTESIAN_POINT('',(1.299038105677,-0.75,-1.351104566268));
#7166 = CARTESIAN_POINT('',(1.732050807569,-2.741399385853E-16,
    -1.309437899601));
#7167 = CARTESIAN_POINT('',(1.299038105677,0.75,-1.267771232935));
#7168 = CARTESIAN_POINT('',(0.866025403784,1.5,-1.226104566268));
#7169 = CARTESIAN_POINT('',(0.,1.5,-1.184437899601));
#7170 = CARTESIAN_POINT('',(-0.866025403784,1.5,-1.142771232935));
#7171 = CARTESIAN_POINT('',(-1.299038105677,0.75,-1.101104566268));
#7172 = CARTESIAN_POINT('',(-1.732050807569,1.500901569047E-16,
    -1.059437899601));
#7173 = CARTESIAN_POINT('',(-1.299038105677,-0.75,-1.017771232935));
#7174 = CARTESIAN_POINT('',(-0.866025403784,-1.5,-0.976104566268));
#7175 = CARTESIAN_POINT('',(-1.836970198721E-16,-1.5,-0.934437899601));
#7176 = CARTESIAN_POINT('',(0.866025403784,-1.5,-0.892771232935));
#7177 = CARTESIAN_POINT('',(1.299038105677,-0.75,-0.851104566268));
#7178 = CARTESIAN_POINT('',(1.732050807569,-2.741399385853E-16,
    -0.809437899601));
#7179 = CARTESIAN_POINT('',(1.299038105677,0.75,-0.767771232935));
#7180 = CARTESIAN_POINT('',(0.866025403784,1.5,-0.726104566268));
#7181 = CARTESIAN_POINT('',(0.,1.5,-0.684437899601));
#7182 = CARTESIAN_POINT('',(-0.866025403784,1.5,-0.642771232935));
#7183 = CARTESIAN_POINT('',(-1.299038105677,0.75,-0.601104566268));
#7184 = CARTESIAN_POINT('',(-1.732050807569,1.500901569047E-16,
    -0.559437899601));
#7185 = CARTESIAN_POINT('',(-1.299038105677,-0.75,-0.517771232935));
#7186 = CARTESIAN_POINT('',(-0.866025403784,-1.5,-0.476104566268));
#7187 = CARTESIAN_POINT('',(-1.836970198721E-16,-1.5,-0.434437899601));
#7188 = CARTESIAN_POINT('',(0.866025403784,-1.5,-0.392771232935));
#7189 = CARTESIAN_POINT('',(1.299038105677,-0.75,-0.351104566268));
#7190 = CARTESIAN_POINT('',(1.732050807569,-2.741399385853E-16,
    -0.309437899601));
#7191 = CARTESIAN_POINT('',(1.299038105677,0.75,-0.267771232935));
#7192 = CARTESIAN_POINT('',(0.866025403784,1.5,-0.226104566268));
#7193 = CARTESIAN_POINT('',(0.,1.5,-0.184437899601));
#7194 = CARTESIAN_POINT('',(-0.866025403784,1.5,-0.142771232935));
#7195 = CARTESIAN_POINT('',(-1.299038105677,0.75,-0.101104566268));
#7196 = CARTESIAN_POINT('',(-1.732050807569,1.500901569047E-16,
    -5.943789960143E-02));
#7197 = CARTESIAN_POINT('',(-1.299038105677,-0.75,-1.777123293477E-02));
#7198 = CARTESIAN_POINT('',(-0.866025403784,-1.5,2.38954337319E-02));
#7199 = CARTESIAN_POINT('',(-1.836970198721E-16,-1.5,6.556210039857E-02)
  );
#7200 = CARTESIAN_POINT('',(0.866025403784,-1.5,0.107228767065));
#7201 = CARTESIAN_POINT('',(1.299038105677,-0.75,0.148895433732));
#7202 = CARTESIAN_POINT('',(1.732050807569,-2.741399385853E-16,
    0.190562100399));
#7203 = CARTESIAN_POINT('',(1.299038105677,0.75,0.232228767065));
#7204 = CARTESIAN_POINT('',(0.866025403784,1.5,0.273895433732));
#7205 = CARTESIAN_POINT('',(0.,1.5,0.315562100399));
#7206 = CARTESIAN_POINT('',(-0.866025403784,1.5,0.357228767065));
#7207 = CARTESIAN_POINT('',(-1.299038105677,0.75,0.398895433732));
#7208 = CARTESIAN_POINT('',(-1.732050807569,1.500901569047E-16,
    0.440562100399));
#7209 = CARTESIAN_POINT('',(-1.299038105677,-0.75,0.482228767065));
#7210 = CARTESIAN_POINT('',(-0.866025403784,-1.5,0.523895433732));
#7211 = CARTESIAN_POINT('',(-1.836970198721E-16,-1.5,0.565562100399));
#7212 = CARTESIAN_POINT('',(0.866025403784,-1.5,0.607228767065));
#7213 = CARTESIAN_POINT('',(1.299038105677,-0.75,0.648895433732));
#7214 = CARTESIAN_POINT('',(1.732050807569,-2.741399385853E-16,
    0.690562100399));
#7215 = CARTESIAN_POINT('',(1.299038105677,0.75,0.732228767065));
#7216 = CARTESIAN_POINT('',(0.866025403784,1.5,0.773895433732));
#7217 = CARTESIAN_POINT('',(0.,1.5,0.815562100399));
#7218 = CARTESIAN_POINT('',(-0.866025403784,1.5,0.857228767065));
#7219 = CARTESIAN_POINT('',(-1.299038105677,0.75,0.898895433732));
#7220 = CARTESIAN_POINT('',(-1.732050807569,1.500901569047E-16,
    0.940562100399));
#7221 = CARTESIAN_POINT('',(-1.299038105677,-0.75,0.982228767065));
#7222 = CARTESIAN_POINT('',(-0.866025403784,-1.5,1.023895433732));
#7223 = CARTESIAN_POINT('',(-1.836970198721E-16,-1.5,1.065562100399));
#7224 = CARTESIAN_POINT('',(0.866025403784,-1.5,1.107228767065));
#7225 = CARTESIAN_POINT('',(1.299038105677,-0.75,1.148895433732));
#7226 = CARTESIAN_POINT('',(1.732050807569,-2.741399385853E-16,
    1.190562100399));
#7227 = CARTESIAN_POINT('',(1.299038105677,0.75,1.232228767065));
#7228 = CARTESIAN_POINT('',(0.866025403784,1.5,1.273895433732));
#7229 = CARTESIAN_POINT('',(0.,1.5,1.315562100399));
#7230 = DEFINITIONAL_REPRESENTATION('',(#7231),#7257);
#7231 = B_SPLINE_CURVE_WITH_KNOTS('',3,(#7232,#7233,#7234,#7235,#7236,
    #7237,#7238,#7239,#7240,#7241,#7242,#7243,#7244,#7245,#7246,#7247,
    #7248,#7249,#7250,#7251,#7252,#7253,#7254,#7255,#7256),
  .UNSPECIFIED.,.F.,.F.,(4,1,1,1,1,1,1,1,1,1,1,1,1,1,1,1,1,1,1,1,1,1,4),
  (5.421010862428E-20,2.21503191638E-05,4.43006383276E-05,
    6.645095749141E-05,8.860127665521E-05,1.10751595819E-04,
    1.329019149828E-04,1.550522341466E-04,1.772025533104E-04,
    1.993528724742E-04,2.21503191638E-04,2.436535108018E-04,
    2.658038299656E-04,2.879541491294E-04,3.101044682932E-04,
    3.32254787457E-04,3.544051066208E-04,3.765554257846E-04,
    3.987057449484E-04,4.208560641122E-04,4.43006383276E-04,
    4.651567024398E-04,4.873070216036E-04),.QUASI_UNIFORM_KNOTS.);
#7232 = CARTESIAN_POINT('',(1.,0.549579522108));
#7233 = CARTESIAN_POINT('',(0.984149221632,0.549645273561));
#7234 = CARTESIAN_POINT('',(0.95249092939,0.549777649873));
#7235 = CARTESIAN_POINT('',(0.905140506189,0.549978927419));
#7236 = CARTESIAN_POINT('',(0.857934221052,0.550183009735));
#7237 = CARTESIAN_POINT('',(0.810879542622,0.550389992574));
#7238 = CARTESIAN_POINT('',(0.763984187989,0.550599974424));
#7239 = CARTESIAN_POINT('',(0.717256128383,0.550813057136));
#7240 = CARTESIAN_POINT('',(0.670703727051,0.551029345275));
#7241 = CARTESIAN_POINT('',(0.624335247749,0.551248948647));
#7242 = CARTESIAN_POINT('',(0.578160750903,0.551471973388));
#7243 = CARTESIAN_POINT('',(0.532185070782,0.551698555622));
#7244 = CARTESIAN_POINT('',(0.486415013987,0.551928831853));
#7245 = CARTESIAN_POINT('',(0.440864907612,0.552162909257));
#7246 = CARTESIAN_POINT('',(0.395544243561,0.552400924267));
#7247 = CARTESIAN_POINT('',(0.350464359773,0.552643010439));
#7248 = CARTESIAN_POINT('',(0.305636464117,0.552889308346));
#7249 = CARTESIAN_POINT('',(0.261072950964,0.553139958654));
#7250 = CARTESIAN_POINT('',(0.216783632,0.553395123287));
#7251 = CARTESIAN_POINT('',(0.172781804954,0.553654963313));
#7252 = CARTESIAN_POINT('',(0.129081587855,0.553919642012));
#7253 = CARTESIAN_POINT('',(8.56975808502E-02,0.554189328279));
#7254 = CARTESIAN_POINT('',(4.264491064199E-02,0.554464195178));
#7255 = CARTESIAN_POINT('',(1.417464077922E-02,0.554651013367));
#7256 = CARTESIAN_POINT('',(0.,0.5547453455));
#7257 = ( GEOMETRIC_REPRESENTATION_CONTEXT(2) 
PARAMETRIC_REPRESENTATION_CONTEXT() REPRESENTATION_CONTEXT('2D SPACE',''
  ) );
#7258 = ORIENTED_EDGE('',*,*,#7259,.T.);
#7259 = EDGE_CURVE('',#7038,#7260,#7262,.T.);
#7260 = VERTEX_POINT('',#7261);
#7261 = CARTESIAN_POINT('',(1.240935020336,0.842662610601,
    -0.324901785532));
#7262 = SURFACE_CURVE('',#7263,(#7268,#7274),.PCURVE_S1.);
#7263 = ELLIPSE('',#7264,1.560945181669,1.154275258467);
#7264 = AXIS2_PLACEMENT_3D('',#7265,#7266,#7267);
#7265 = CARTESIAN_POINT('',(2.062540344376,-0.444549566968,
    -0.116526210951));
#7266 = DIRECTION('',(-0.842319848399,-0.538919840176,-7.91699805464E-03
    ));
#7267 = DIRECTION('',(0.538747928843,-0.841440335695,-4.157920913047E-02
    ));
#7268 = PCURVE('',#4182,#7269);
#7269 = DEFINITIONAL_REPRESENTATION('',(#7270),#7273);
#7270 = B_SPLINE_CURVE_WITH_KNOTS('',1,(#7271,#7272),.UNSPECIFIED.,.F.,
  .F.,(2,2),(3.323767606051,3.379206643558),.PIECEWISE_BEZIER_KNOTS.);
#7271 = CARTESIAN_POINT('',(0.453964243546,2.20840112058E-02));
#7272 = CARTESIAN_POINT('',(0.436829747113,2.121127815329E-02));
#7273 = ( GEOMETRIC_REPRESENTATION_CONTEXT(2) 
PARAMETRIC_REPRESENTATION_CONTEXT() REPRESENTATION_CONTEXT('2D SPACE',''
  ) );
#7274 = PCURVE('',#7275,#7280);
#7275 = CYLINDRICAL_SURFACE('',#7276,1.5);
#7276 = AXIS2_PLACEMENT_3D('',#7277,#7278,#7279);
#7277 = CARTESIAN_POINT('',(0.,-2.213789102784E-17,-1.253062100399));
#7278 = DIRECTION('',(0.,-7.949183622941E-17,1.));
#7279 = DIRECTION('',(0.,-1.,-7.949183622941E-17));
#7280 = DEFINITIONAL_REPRESENTATION('',(#7281),#7284);
#7281 = B_SPLINE_CURVE_WITH_KNOTS('',1,(#7282,#7283),.UNSPECIFIED.,.F.,
  .F.,(2,2),(3.323767606051,3.379206643558),.PIECEWISE_BEZIER_KNOTS.);
#7282 = CARTESIAN_POINT('',(2.177605447058,0.991433295259));
#7283 = CARTESIAN_POINT('',(2.167326216282,0.928160314866));
#7284 = ( GEOMETRIC_REPRESENTATION_CONTEXT(2) 
PARAMETRIC_REPRESENTATION_CONTEXT() REPRESENTATION_CONTEXT('2D SPACE',''
  ) );
#7285 = ORIENTED_EDGE('',*,*,#7286,.F.);
#7286 = EDGE_CURVE('',#7287,#7260,#7289,.T.);
#7287 = VERTEX_POINT('',#7288);
#7288 = CARTESIAN_POINT('',(0.87564966868,0.783854468944,-0.502085605302
    ));
#7289 = SURFACE_CURVE('',#7290,(#7301,#7307),.PCURVE_S1.);
#7290 = B_SPLINE_CURVE_WITH_KNOTS('',3,(#7291,#7292,#7293,#7294,#7295,
    #7296,#7297,#7298,#7299,#7300),.UNSPECIFIED.,.F.,.F.,(4,3,3,4),(
    5.604694177981E-16,1.048222000705E-04,2.096439515718E-04,
    4.103594019643E-04),.UNSPECIFIED.);
#7291 = CARTESIAN_POINT('',(0.87564966868,0.783854468945,-0.502085605302
    ));
#7292 = CARTESIAN_POINT('',(0.906655685526,0.790314264587,
    -0.487329155625));
#7293 = CARTESIAN_POINT('',(0.937687945452,0.796399520983,
    -0.472458888326));
#7294 = CARTESIAN_POINT('',(0.968744754083,0.802110997742,
    -0.457501929251));
#7295 = CARTESIAN_POINT('',(0.999801429812,0.807822450059,
    -0.442545034182));
#7296 = CARTESIAN_POINT('',(1.030886269174,0.813160988646,
    -0.427499422011));
#7297 = CARTESIAN_POINT('',(1.061991397378,0.818130158761,
    -0.412386844945));
#7298 = CARTESIAN_POINT('',(1.121552316056,0.827645256568,-0.38344888437
    ));
#7299 = CARTESIAN_POINT('',(1.181215051424,0.83581067712,-0.354254287099
    ));
#7300 = CARTESIAN_POINT('',(1.240935020336,0.842662610601,
    -0.324901785532));
#7301 = PCURVE('',#4182,#7302);
#7302 = DEFINITIONAL_REPRESENTATION('',(#7303),#7306);
#7303 = B_SPLINE_CURVE_WITH_KNOTS('',1,(#7304,#7305),.UNSPECIFIED.,.F.,
  .F.,(2,2),(5.604694177981E-16,4.103594019643E-04),
  .PIECEWISE_BEZIER_KNOTS.);
#7304 = CARTESIAN_POINT('',(0.385886313662,5.773981331888E-02));
#7305 = CARTESIAN_POINT('',(0.436829747113,2.121127815329E-02));
#7306 = ( GEOMETRIC_REPRESENTATION_CONTEXT(2) 
PARAMETRIC_REPRESENTATION_CONTEXT() REPRESENTATION_CONTEXT('2D SPACE',''
  ) );
#7307 = PCURVE('',#7308,#7479);
#7308 = ( BOUNDED_SURFACE() B_SPLINE_SURFACE(1,2,(
    (#7309,#7310,#7311,#7312,#7313,#7314,#7315,#7316,#7317,#7318,#7319
      ,#7320,#7321,#7322,#7323,#7324,#7325,#7326,#7327,#7328,#7329,#7330
      ,#7331,#7332,#7333,#7334,#7335,#7336,#7337,#7338,#7339,#7340,#7341
      ,#7342,#7343,#7344,#7345,#7346,#7347,#7348,#7349,#7350,#7351,#7352
      ,#7353,#7354,#7355,#7356,#7357,#7358,#7359,#7360,#7361,#7362,#7363
      ,#7364,#7365,#7366,#7367,#7368,#7369,#7370,#7371,#7372,#7373,#7374
      ,#7375,#7376,#7377,#7378,#7379,#7380,#7381,#7382,#7383,#7384,#7385
      ,#7386,#7387,#7388,#7389,#7390,#7391,#7392,#7393)
    ,(#7394,#7395,#7396,#7397,#7398,#7399,#7400,#7401,#7402,#7403,#7404
      ,#7405,#7406,#7407,#7408,#7409,#7410,#7411,#7412,#7413,#7414,#7415
      ,#7416,#7417,#7418,#7419,#7420,#7421,#7422,#7423,#7424,#7425,#7426
      ,#7427,#7428,#7429,#7430,#7431,#7432,#7433,#7434,#7435,#7436,#7437
      ,#7438,#7439,#7440,#7441,#7442,#7443,#7444,#7445,#7446,#7447,#7448
      ,#7449,#7450,#7451,#7452,#7453,#7454,#7455,#7456,#7457,#7458,#7459
      ,#7460,#7461,#7462,#7463,#7464,#7465,#7466,#7467,#7468,#7469,#7470
      ,#7471,#7472,#7473,#7474,#7475,#7476,#7477,#7478
)),.UNSPECIFIED.,.F.,.F.,.F.) B_SPLINE_SURFACE_WITH_KNOTS((2,2),(3,2,2,2
    ,2,2,2,2,2,2,2,2,2,2,2,2,2,2,2,2,2,2,2,2,2,2,2,2,2,2,2,2,2,2,2,2,2,2
    ,2,2,2,2,3),(0.,1.),(0.,2.380952380952E-02,4.761904761905E-02,
    7.142857142857E-02,9.52380952381E-02,0.119047619048,0.142857142857,
    0.166666666667,0.190476190476,0.214285714286,0.238095238095,
    0.261904761905,0.285714285714,0.309523809524,0.333333333333,
    0.357142857143,0.380952380952,0.404761904762,0.428571428571,
    0.452380952381,0.47619047619,0.5,0.52380952381,0.547619047619,
    0.571428571429,0.595238095238,0.619047619048,0.642857142857,
    0.666666666667,0.690476190476,0.714285714286,0.738095238095,
    0.761904761905,0.785714285714,0.809523809524,0.833333333333,
    0.857142857143,0.880952380952,0.904761904762,0.928571428571,
    0.952380952381,0.97619047619,1.),.UNSPECIFIED.) 
GEOMETRIC_REPRESENTATION_ITEM() RATIONAL_B_SPLINE_SURFACE((
    (1.,0.866025403784,1.,0.866025403784,1.,0.866025403784,1.
      ,0.866025403784,1.,0.866025403784,1.,0.866025403784,1.
      ,0.866025403784,1.,0.866025403784,1.,0.866025403784,1.
      ,0.866025403784,1.,0.866025403784,1.,0.866025403784,1.
      ,0.866025403784,1.,0.866025403784,1.,0.866025403784,1.
      ,0.866025403784,1.,0.866025403784,1.,0.866025403784,1.
      ,0.866025403784,1.,0.866025403784,1.,0.866025403784,1.
      ,0.866025403784,1.,0.866025403784,1.,0.866025403784,1.
      ,0.866025403784,1.,0.866025403784,1.,0.866025403784,1.
      ,0.866025403784,1.,0.866025403784,1.,0.866025403784,1.
      ,0.866025403784,1.,0.866025403784,1.,0.866025403784,1.
      ,0.866025403784,1.,0.866025403784,1.,0.866025403784,1.
      ,0.866025403784,1.,0.866025403784,1.,0.866025403784,1.
      ,0.866025403784,1.,0.866025403784,1.,0.866025403784,1.)
    ,(1.,0.866025403784,1.,0.866025403784,1.,0.866025403784,1.
      ,0.866025403784,1.,0.866025403784,1.,0.866025403784,1.
      ,0.866025403784,1.,0.866025403784,1.,0.866025403784,1.
      ,0.866025403784,1.,0.866025403784,1.,0.866025403784,1.
      ,0.866025403784,1.,0.866025403784,1.,0.866025403784,1.
      ,0.866025403784,1.,0.866025403784,1.,0.866025403784,1.
      ,0.866025403784,1.,0.866025403784,1.,0.866025403784,1.
      ,0.866025403784,1.,0.866025403784,1.,0.866025403784,1.
      ,0.866025403784,1.,0.866025403784,1.,0.866025403784,1.
      ,0.866025403784,1.,0.866025403784,1.,0.866025403784,1.
      ,0.866025403784,1.,0.866025403784,1.,0.866025403784,1.
      ,0.866025403784,1.,0.866025403784,1.,0.866025403784,1.
      ,0.866025403784,1.,0.866025403784,1.,0.866025403784,1.
      ,0.866025403784,1.,0.866025403784,1.,0.866025403784,1.
))) REPRESENTATION_ITEM('') SURFACE() );
#7309 = CARTESIAN_POINT('',(0.,1.5,-1.746937899601));
#7310 = CARTESIAN_POINT('',(-0.866025403784,1.5,-1.705271232935));
#7311 = CARTESIAN_POINT('',(-1.299038105677,0.75,-1.663604566268));
#7312 = CARTESIAN_POINT('',(-1.732050807569,1.500901569047E-16,
    -1.621937899601));
#7313 = CARTESIAN_POINT('',(-1.299038105677,-0.75,-1.580271232935));
#7314 = CARTESIAN_POINT('',(-0.866025403784,-1.5,-1.538604566268));
#7315 = CARTESIAN_POINT('',(-1.836970198721E-16,-1.5,-1.496937899601));
#7316 = CARTESIAN_POINT('',(0.866025403784,-1.5,-1.455271232935));
#7317 = CARTESIAN_POINT('',(1.299038105677,-0.75,-1.413604566268));
#7318 = CARTESIAN_POINT('',(1.732050807569,-2.741399385853E-16,
    -1.371937899601));
#7319 = CARTESIAN_POINT('',(1.299038105677,0.75,-1.330271232935));
#7320 = CARTESIAN_POINT('',(0.866025403784,1.5,-1.288604566268));
#7321 = CARTESIAN_POINT('',(0.,1.5,-1.246937899601));
#7322 = CARTESIAN_POINT('',(-0.866025403784,1.5,-1.205271232935));
#7323 = CARTESIAN_POINT('',(-1.299038105677,0.75,-1.163604566268));
#7324 = CARTESIAN_POINT('',(-1.732050807569,1.500901569047E-16,
    -1.121937899601));
#7325 = CARTESIAN_POINT('',(-1.299038105677,-0.75,-1.080271232935));
#7326 = CARTESIAN_POINT('',(-0.866025403784,-1.5,-1.038604566268));
#7327 = CARTESIAN_POINT('',(-1.836970198721E-16,-1.5,-0.996937899601));
#7328 = CARTESIAN_POINT('',(0.866025403784,-1.5,-0.955271232935));
#7329 = CARTESIAN_POINT('',(1.299038105677,-0.75,-0.913604566268));
#7330 = CARTESIAN_POINT('',(1.732050807569,-2.741399385853E-16,
    -0.871937899601));
#7331 = CARTESIAN_POINT('',(1.299038105677,0.75,-0.830271232935));
#7332 = CARTESIAN_POINT('',(0.866025403784,1.5,-0.788604566268));
#7333 = CARTESIAN_POINT('',(0.,1.5,-0.746937899601));
#7334 = CARTESIAN_POINT('',(-0.866025403784,1.5,-0.705271232935));
#7335 = CARTESIAN_POINT('',(-1.299038105677,0.75,-0.663604566268));
#7336 = CARTESIAN_POINT('',(-1.732050807569,1.500901569047E-16,
    -0.621937899601));
#7337 = CARTESIAN_POINT('',(-1.299038105677,-0.75,-0.580271232935));
#7338 = CARTESIAN_POINT('',(-0.866025403784,-1.5,-0.538604566268));
#7339 = CARTESIAN_POINT('',(-1.836970198721E-16,-1.5,-0.496937899601));
#7340 = CARTESIAN_POINT('',(0.866025403784,-1.5,-0.455271232935));
#7341 = CARTESIAN_POINT('',(1.299038105677,-0.75,-0.413604566268));
#7342 = CARTESIAN_POINT('',(1.732050807569,-2.741399385853E-16,
    -0.371937899601));
#7343 = CARTESIAN_POINT('',(1.299038105677,0.75,-0.330271232935));
#7344 = CARTESIAN_POINT('',(0.866025403784,1.5,-0.288604566268));
#7345 = CARTESIAN_POINT('',(0.,1.5,-0.246937899601));
#7346 = CARTESIAN_POINT('',(-0.866025403784,1.5,-0.205271232935));
#7347 = CARTESIAN_POINT('',(-1.299038105677,0.75,-0.163604566268));
#7348 = CARTESIAN_POINT('',(-1.732050807569,1.500901569047E-16,
    -0.121937899601));
#7349 = CARTESIAN_POINT('',(-1.299038105677,-0.75,-8.027123293476E-02));
#7350 = CARTESIAN_POINT('',(-0.866025403784,-1.5,-3.860456626809E-02));
#7351 = CARTESIAN_POINT('',(-1.836970198721E-16,-1.5,3.062100398572E-03)
  );
#7352 = CARTESIAN_POINT('',(0.866025403784,-1.5,4.472876706524E-02));
#7353 = CARTESIAN_POINT('',(1.299038105677,-0.75,8.639543373191E-02));
#7354 = CARTESIAN_POINT('',(1.732050807569,-2.741399385853E-16,
    0.128062100399));
#7355 = CARTESIAN_POINT('',(1.299038105677,0.75,0.169728767065));
#7356 = CARTESIAN_POINT('',(0.866025403784,1.5,0.211395433732));
#7357 = CARTESIAN_POINT('',(0.,1.5,0.253062100399));
#7358 = CARTESIAN_POINT('',(-0.866025403784,1.5,0.294728767065));
#7359 = CARTESIAN_POINT('',(-1.299038105677,0.75,0.336395433732));
#7360 = CARTESIAN_POINT('',(-1.732050807569,1.500901569047E-16,
    0.378062100399));
#7361 = CARTESIAN_POINT('',(-1.299038105677,-0.75,0.419728767065));
#7362 = CARTESIAN_POINT('',(-0.866025403784,-1.5,0.461395433732));
#7363 = CARTESIAN_POINT('',(-1.836970198721E-16,-1.5,0.503062100399));
#7364 = CARTESIAN_POINT('',(0.866025403784,-1.5,0.544728767065));
#7365 = CARTESIAN_POINT('',(1.299038105677,-0.75,0.586395433732));
#7366 = CARTESIAN_POINT('',(1.732050807569,-2.741399385853E-16,
    0.628062100399));
#7367 = CARTESIAN_POINT('',(1.299038105677,0.75,0.669728767065));
#7368 = CARTESIAN_POINT('',(0.866025403784,1.5,0.711395433732));
#7369 = CARTESIAN_POINT('',(0.,1.5,0.753062100399));
#7370 = CARTESIAN_POINT('',(-0.866025403784,1.5,0.794728767065));
#7371 = CARTESIAN_POINT('',(-1.299038105677,0.75,0.836395433732));
#7372 = CARTESIAN_POINT('',(-1.732050807569,1.500901569047E-16,
    0.878062100399));
#7373 = CARTESIAN_POINT('',(-1.299038105677,-0.75,0.919728767065));
#7374 = CARTESIAN_POINT('',(-0.866025403784,-1.5,0.961395433732));
#7375 = CARTESIAN_POINT('',(-1.836970198721E-16,-1.5,1.003062100399));
#7376 = CARTESIAN_POINT('',(0.866025403784,-1.5,1.044728767065));
#7377 = CARTESIAN_POINT('',(1.299038105677,-0.75,1.086395433732));
#7378 = CARTESIAN_POINT('',(1.732050807569,-2.741399385853E-16,
    1.128062100399));
#7379 = CARTESIAN_POINT('',(1.299038105677,0.75,1.169728767065));
#7380 = CARTESIAN_POINT('',(0.866025403784,1.5,1.211395433732));
#7381 = CARTESIAN_POINT('',(0.,1.5,1.253062100399));
#7382 = CARTESIAN_POINT('',(-0.866025403784,1.5,1.294728767065));
#7383 = CARTESIAN_POINT('',(-1.299038105677,0.75,1.336395433732));
#7384 = CARTESIAN_POINT('',(-1.732050807569,1.500901569047E-16,
    1.378062100399));
#7385 = CARTESIAN_POINT('',(-1.299038105677,-0.75,1.419728767065));
#7386 = CARTESIAN_POINT('',(-0.866025403784,-1.5,1.461395433732));
#7387 = CARTESIAN_POINT('',(-1.836970198721E-16,-1.5,1.503062100399));
#7388 = CARTESIAN_POINT('',(0.866025403784,-1.5,1.544728767065));
#7389 = CARTESIAN_POINT('',(1.299038105677,-0.75,1.586395433732));
#7390 = CARTESIAN_POINT('',(1.732050807569,-2.741399385853E-16,
    1.628062100399));
#7391 = CARTESIAN_POINT('',(1.299038105677,0.75,1.669728767065));
#7392 = CARTESIAN_POINT('',(0.866025403784,1.5,1.711395433732));
#7393 = CARTESIAN_POINT('',(0.,1.5,1.753062100399));
#7394 = CARTESIAN_POINT('',(0.,1.175240473581,-1.934437899601));
#7395 = CARTESIAN_POINT('',(-0.678525403784,1.175240473581,
    -1.892771232935));
#7396 = CARTESIAN_POINT('',(-1.017788105677,0.58762023679,
    -1.851104566268));
#7397 = CARTESIAN_POINT('',(-1.357050807569,1.271280294207E-16,
    -1.809437899601));
#7398 = CARTESIAN_POINT('',(-1.017788105677,-0.58762023679,
    -1.767771232935));
#7399 = CARTESIAN_POINT('',(-0.678525403784,-1.175240473581,
    -1.726104566268));
#7400 = CARTESIAN_POINT('',(-1.439254484199E-16,-1.175240473581,
    -1.684437899601));
#7401 = CARTESIAN_POINT('',(0.678525403784,-1.175240473581,
    -1.642771232935));
#7402 = CARTESIAN_POINT('',(1.017788105677,-0.58762023679,
    -1.601104566268));
#7403 = CARTESIAN_POINT('',(1.357050807569,-2.052535561332E-16,
    -1.559437899601));
#7404 = CARTESIAN_POINT('',(1.017788105677,0.58762023679,-1.517771232935
    ));
#7405 = CARTESIAN_POINT('',(0.678525403784,1.175240473581,
    -1.476104566268));
#7406 = CARTESIAN_POINT('',(0.,1.175240473581,-1.434437899601));
#7407 = CARTESIAN_POINT('',(-0.678525403784,1.175240473581,
    -1.392771232935));
#7408 = CARTESIAN_POINT('',(-1.017788105677,0.58762023679,
    -1.351104566268));
#7409 = CARTESIAN_POINT('',(-1.357050807569,1.271280294207E-16,
    -1.309437899601));
#7410 = CARTESIAN_POINT('',(-1.017788105677,-0.58762023679,
    -1.267771232935));
#7411 = CARTESIAN_POINT('',(-0.678525403784,-1.175240473581,
    -1.226104566268));
#7412 = CARTESIAN_POINT('',(-1.439254484199E-16,-1.175240473581,
    -1.184437899601));
#7413 = CARTESIAN_POINT('',(0.678525403784,-1.175240473581,
    -1.142771232935));
#7414 = CARTESIAN_POINT('',(1.017788105677,-0.58762023679,
    -1.101104566268));
#7415 = CARTESIAN_POINT('',(1.357050807569,-2.052535561332E-16,
    -1.059437899601));
#7416 = CARTESIAN_POINT('',(1.017788105677,0.58762023679,-1.017771232935
    ));
#7417 = CARTESIAN_POINT('',(0.678525403784,1.175240473581,
    -0.976104566268));
#7418 = CARTESIAN_POINT('',(0.,1.175240473581,-0.934437899601));
#7419 = CARTESIAN_POINT('',(-0.678525403784,1.175240473581,
    -0.892771232935));
#7420 = CARTESIAN_POINT('',(-1.017788105677,0.58762023679,
    -0.851104566268));
#7421 = CARTESIAN_POINT('',(-1.357050807569,1.271280294207E-16,
    -0.809437899601));
#7422 = CARTESIAN_POINT('',(-1.017788105677,-0.58762023679,
    -0.767771232935));
#7423 = CARTESIAN_POINT('',(-0.678525403784,-1.175240473581,
    -0.726104566268));
#7424 = CARTESIAN_POINT('',(-1.439254484199E-16,-1.175240473581,
    -0.684437899601));
#7425 = CARTESIAN_POINT('',(0.678525403784,-1.175240473581,
    -0.642771232935));
#7426 = CARTESIAN_POINT('',(1.017788105677,-0.58762023679,
    -0.601104566268));
#7427 = CARTESIAN_POINT('',(1.357050807569,-2.052535561332E-16,
    -0.559437899601));
#7428 = CARTESIAN_POINT('',(1.017788105677,0.58762023679,-0.517771232935
    ));
#7429 = CARTESIAN_POINT('',(0.678525403784,1.175240473581,
    -0.476104566268));
#7430 = CARTESIAN_POINT('',(0.,1.175240473581,-0.434437899601));
#7431 = CARTESIAN_POINT('',(-0.678525403784,1.175240473581,
    -0.392771232935));
#7432 = CARTESIAN_POINT('',(-1.017788105677,0.58762023679,
    -0.351104566268));
#7433 = CARTESIAN_POINT('',(-1.357050807569,1.271280294207E-16,
    -0.309437899601));
#7434 = CARTESIAN_POINT('',(-1.017788105677,-0.58762023679,
    -0.267771232935));
#7435 = CARTESIAN_POINT('',(-0.678525403784,-1.175240473581,
    -0.226104566268));
#7436 = CARTESIAN_POINT('',(-1.439254484199E-16,-1.175240473581,
    -0.184437899601));
#7437 = CARTESIAN_POINT('',(0.678525403784,-1.175240473581,
    -0.142771232935));
#7438 = CARTESIAN_POINT('',(1.017788105677,-0.58762023679,
    -0.101104566268));
#7439 = CARTESIAN_POINT('',(1.357050807569,-2.052535561332E-16,
    -5.943789960143E-02));
#7440 = CARTESIAN_POINT('',(1.017788105677,0.58762023679,
    -1.777123293476E-02));
#7441 = CARTESIAN_POINT('',(0.678525403784,1.175240473581,
    2.38954337319E-02));
#7442 = CARTESIAN_POINT('',(0.,1.175240473581,6.556210039857E-02));
#7443 = CARTESIAN_POINT('',(-0.678525403784,1.175240473581,
    0.107228767065));
#7444 = CARTESIAN_POINT('',(-1.017788105677,0.58762023679,0.148895433732
    ));
#7445 = CARTESIAN_POINT('',(-1.357050807569,1.271280294207E-16,
    0.190562100399));
#7446 = CARTESIAN_POINT('',(-1.017788105677,-0.58762023679,
    0.232228767065));
#7447 = CARTESIAN_POINT('',(-0.678525403784,-1.175240473581,
    0.273895433732));
#7448 = CARTESIAN_POINT('',(-1.439254484199E-16,-1.175240473581,
    0.315562100399));
#7449 = CARTESIAN_POINT('',(0.678525403784,-1.175240473581,
    0.357228767065));
#7450 = CARTESIAN_POINT('',(1.017788105677,-0.58762023679,0.398895433732
    ));
#7451 = CARTESIAN_POINT('',(1.357050807569,-2.052535561332E-16,
    0.440562100399));
#7452 = CARTESIAN_POINT('',(1.017788105677,0.58762023679,0.482228767065)
  );
#7453 = CARTESIAN_POINT('',(0.678525403784,1.175240473581,0.523895433732
    ));
#7454 = CARTESIAN_POINT('',(0.,1.175240473581,0.565562100399));
#7455 = CARTESIAN_POINT('',(-0.678525403784,1.175240473581,
    0.607228767065));
#7456 = CARTESIAN_POINT('',(-1.017788105677,0.58762023679,0.648895433732
    ));
#7457 = CARTESIAN_POINT('',(-1.357050807569,1.271280294207E-16,
    0.690562100399));
#7458 = CARTESIAN_POINT('',(-1.017788105677,-0.58762023679,
    0.732228767065));
#7459 = CARTESIAN_POINT('',(-0.678525403784,-1.175240473581,
    0.773895433732));
#7460 = CARTESIAN_POINT('',(-1.439254484199E-16,-1.175240473581,
    0.815562100399));
#7461 = CARTESIAN_POINT('',(0.678525403784,-1.175240473581,
    0.857228767065));
#7462 = CARTESIAN_POINT('',(1.017788105677,-0.58762023679,0.898895433732
    ));
#7463 = CARTESIAN_POINT('',(1.357050807569,-2.052535561332E-16,
    0.940562100399));
#7464 = CARTESIAN_POINT('',(1.017788105677,0.58762023679,0.982228767065)
  );
#7465 = CARTESIAN_POINT('',(0.678525403784,1.175240473581,1.023895433732
    ));
#7466 = CARTESIAN_POINT('',(0.,1.175240473581,1.065562100399));
#7467 = CARTESIAN_POINT('',(-0.678525403784,1.175240473581,
    1.107228767065));
#7468 = CARTESIAN_POINT('',(-1.017788105677,0.58762023679,1.148895433732
    ));
#7469 = CARTESIAN_POINT('',(-1.357050807569,1.271280294207E-16,
    1.190562100399));
#7470 = CARTESIAN_POINT('',(-1.017788105677,-0.58762023679,
    1.232228767065));
#7471 = CARTESIAN_POINT('',(-0.678525403784,-1.175240473581,
    1.273895433732));
#7472 = CARTESIAN_POINT('',(-1.439254484199E-16,-1.175240473581,
    1.315562100399));
#7473 = CARTESIAN_POINT('',(0.678525403784,-1.175240473581,
    1.357228767065));
#7474 = CARTESIAN_POINT('',(1.017788105677,-0.58762023679,1.398895433732
    ));
#7475 = CARTESIAN_POINT('',(1.357050807569,-2.052535561332E-16,
    1.440562100399));
#7476 = CARTESIAN_POINT('',(1.017788105677,0.58762023679,1.482228767065)
  );
#7477 = CARTESIAN_POINT('',(0.678525403784,1.175240473581,1.523895433732
    ));
#7478 = CARTESIAN_POINT('',(0.,1.175240473581,1.565562100399));
#7479 = DEFINITIONAL_REPRESENTATION('',(#7480),#7483);
#7480 = B_SPLINE_CURVE_WITH_KNOTS('',1,(#7481,#7482),.UNSPECIFIED.,.F.,
  .F.,(2,2),(5.604694177981E-16,4.103594019643E-04),
  .PIECEWISE_BEZIER_KNOTS.);
#7481 = CARTESIAN_POINT('',(0.999999999999,0.409563753701));
#7482 = CARTESIAN_POINT('',(-4.823814296084E-16,0.406482312525));
#7483 = ( GEOMETRIC_REPRESENTATION_CONTEXT(2) 
PARAMETRIC_REPRESENTATION_CONTEXT() REPRESENTATION_CONTEXT('2D SPACE',''
  ) );
#7484 = ORIENTED_EDGE('',*,*,#7485,.F.);
#7485 = EDGE_CURVE('',#7486,#7287,#7488,.T.);
#7486 = VERTEX_POINT('',#7487);
#7487 = CARTESIAN_POINT('',(0.902822100772,0.752397783822,-0.56736945819
    ));
#7488 = SURFACE_CURVE('',#7489,(#7497,#7503),.PCURVE_S1.);
#7489 = B_SPLINE_CURVE_WITH_KNOTS('',3,(#7490,#7491,#7492,#7493,#7494,
    #7495,#7496),.UNSPECIFIED.,.F.,.F.,(4,3,4),(9.999999997829E-07,
    3.888160382415E-03,7.741727722327E-03),.UNSPECIFIED.);
#7490 = CARTESIAN_POINT('',(0.902822100772,0.752397783822,
    -0.567369458189));
#7491 = CARTESIAN_POINT('',(0.898124793516,0.758034207636,
    -0.556689798628));
#7492 = CARTESIAN_POINT('',(0.893491136912,0.763486870215,
    -0.545882226756));
#7493 = CARTESIAN_POINT('',(0.888938425395,0.76875135551,-0.534953153024
    ));
#7494 = CARTESIAN_POINT('',(0.884425058649,0.773970344849,
    -0.524118528917));
#7495 = CARTESIAN_POINT('',(0.879989625421,0.779006270908,
    -0.513160598125));
#7496 = CARTESIAN_POINT('',(0.875649668679,0.783854468945,
    -0.502085605303));
#7497 = PCURVE('',#4182,#7498);
#7498 = DEFINITIONAL_REPRESENTATION('',(#7499),#7502);
#7499 = B_SPLINE_CURVE_WITH_KNOTS('',1,(#7500,#7501),.UNSPECIFIED.,.F.,
  .F.,(2,2),(9.999999997829E-07,7.741727722327E-03),
  .PIECEWISE_BEZIER_KNOTS.);
#7500 = CARTESIAN_POINT('',(0.365383255031,5.502257010968E-02));
#7501 = CARTESIAN_POINT('',(0.385886313662,5.773981331896E-02));
#7502 = ( GEOMETRIC_REPRESENTATION_CONTEXT(2) 
PARAMETRIC_REPRESENTATION_CONTEXT() REPRESENTATION_CONTEXT('2D SPACE',''
  ) );
#7503 = PCURVE('',#7504,#7509);
#7504 = CYLINDRICAL_SURFACE('',#7505,1.175240473581);
#7505 = AXIS2_PLACEMENT_3D('',#7506,#7507,#7508);
#7506 = CARTESIAN_POINT('',(0.,2.775557561563E-16,-1.965687899601));
#7507 = DIRECTION('',(0.,0.,1.));
#7508 = DIRECTION('',(0.,1.,0.));
#7509 = DEFINITIONAL_REPRESENTATION('',(#7510),#7513);
#7510 = B_SPLINE_CURVE_WITH_KNOTS('',1,(#7511,#7512),.UNSPECIFIED.,.F.,
  .F.,(2,2),(9.999999997829E-07,7.741727722327E-03),
  .PIECEWISE_BEZIER_KNOTS.);
#7511 = CARTESIAN_POINT('',(5.407157347162,1.398318441412));
#7512 = CARTESIAN_POINT('',(5.442528620299,1.463602294299));
#7513 = ( GEOMETRIC_REPRESENTATION_CONTEXT(2) 
PARAMETRIC_REPRESENTATION_CONTEXT() REPRESENTATION_CONTEXT('2D SPACE',''
  ) );
#7514 = ORIENTED_EDGE('',*,*,#7515,.F.);
#7515 = EDGE_CURVE('',#7516,#7486,#7518,.T.);
#7516 = VERTEX_POINT('',#7517);
#7517 = CARTESIAN_POINT('',(1.373113825711,0.603786735231,
    -0.775894192089));
#7518 = SURFACE_CURVE('',#7519,(#7536,#7565),.PCURVE_S1.);
#7519 = B_SPLINE_CURVE_WITH_KNOTS('',3,(#7520,#7521,#7522,#7523,#7524,
    #7525,#7526,#7527,#7528,#7529,#7530,#7531,#7532,#7533,#7534,#7535),
  .UNSPECIFIED.,.F.,.F.,(4,3,3,3,3,4),(0.,1.160277578836E-02,
    2.351023602794E-02,2.660817715692E-02,4.228821974915E-02,
    5.320804344709E-02),.UNSPECIFIED.);
#7520 = CARTESIAN_POINT('',(1.373113825711,0.603786735231,
    -0.775894192089));
#7521 = CARTESIAN_POINT('',(1.340568927396,0.61812380428,-0.760692061382
    ));
#7522 = CARTESIAN_POINT('',(1.30761465356,0.631538513123,-0.745426561837
    ));
#7523 = CARTESIAN_POINT('',(1.274271750783,0.644137992188,
    -0.730160751267));
#7524 = CARTESIAN_POINT('',(1.240053276142,0.657068328751,
    -0.714494066354));
#7525 = CARTESIAN_POINT('',(1.20542549408,0.669140820555,-0.698827019165
    ));
#7526 = CARTESIAN_POINT('',(1.170410828866,0.68047716614,-0.683173360466
    ));
#7527 = CARTESIAN_POINT('',(1.161301130467,0.683426521463,
    -0.679100778058));
#7528 = CARTESIAN_POINT('',(1.15216524494,0.686326045991,-0.675028825629
    ));
#7529 = CARTESIAN_POINT('',(1.143003567181,0.689177852217,
    -0.670957176274));
#7530 = CARTESIAN_POINT('',(1.096632286543,0.703612097811,
    -0.650348768096));
#7531 = CARTESIAN_POINT('',(1.049600304367,0.716824976556,
    -0.629742907352));
#7532 = CARTESIAN_POINT('',(1.002218468089,0.728876008413,
    -0.609402354339));
#7533 = CARTESIAN_POINT('',(0.96922102592,0.737268533018,-0.595236879245
    ));
#7534 = CARTESIAN_POINT('',(0.93605390645,0.745098647339,-0.581199556015
    ));
#7535 = CARTESIAN_POINT('',(0.902822100772,0.752397783822,-0.56736945819
    ));
#7536 = PCURVE('',#4182,#7537);
#7537 = DEFINITIONAL_REPRESENTATION('',(#7538),#7564);
#7538 = B_SPLINE_CURVE_WITH_KNOTS('',3,(#7539,#7540,#7541,#7542,#7543,
    #7544,#7545,#7546,#7547,#7548,#7549,#7550,#7551,#7552,#7553,#7554,
    #7555,#7556,#7557,#7558,#7559,#7560,#7561,#7562,#7563),
  .UNSPECIFIED.,.F.,.F.,(4,1,1,1,1,1,1,1,1,1,1,1,1,1,1,1,1,1,1,1,1,1,4),
  (0.,2.418547429413E-03,4.837094858826E-03,7.25564228824E-03,
    9.674189717653E-03,1.209273714707E-02,1.451128457648E-02,
    1.692983200589E-02,1.934837943531E-02,2.176692686472E-02,
    2.418547429413E-02,2.660402172355E-02,2.902256915296E-02,
    3.144111658237E-02,3.385966401178E-02,3.62782114412E-02,
    3.869675887061E-02,4.111530630002E-02,4.353385372944E-02,
    4.595240115885E-02,4.837094858826E-02,5.078949601768E-02,
    5.320804344709E-02),.QUASI_UNIFORM_KNOTS.);
#7539 = CARTESIAN_POINT('',(0.2874957949,7.993397615722E-03));
#7540 = CARTESIAN_POINT('',(0.288904016776,8.671781664467E-03));
#7541 = CARTESIAN_POINT('',(0.291693543576,1.00321071995E-02));
#7542 = CARTESIAN_POINT('',(0.295800047893,1.208315507522E-02));
#7543 = CARTESIAN_POINT('',(0.299831793715,1.414464978465E-02));
#7544 = CARTESIAN_POINT('',(0.303791589954,1.621647858834E-02));
#7545 = CARTESIAN_POINT('',(0.307682051662,1.829852874681E-02));
#7546 = CARTESIAN_POINT('',(0.31150583277,2.039068752069E-02));
#7547 = CARTESIAN_POINT('',(0.315266075394,2.249284217026E-02));
#7548 = CARTESIAN_POINT('',(0.318965686299,2.460487995702E-02));
#7549 = CARTESIAN_POINT('',(0.322607487412,2.672668813794E-02));
#7550 = CARTESIAN_POINT('',(0.32619407765,2.885815398691E-02));
#7551 = CARTESIAN_POINT('',(0.329728327676,3.099916471468E-02));
#7552 = CARTESIAN_POINT('',(0.333213257736,3.31496077676E-02));
#7553 = CARTESIAN_POINT('',(0.336649240969,3.530879891319E-02));
#7554 = CARTESIAN_POINT('',(0.340036449738,3.747605368526E-02));
#7555 = CARTESIAN_POINT('',(0.343375044356,3.965068768028E-02));
#7556 = CARTESIAN_POINT('',(0.346665121401,4.183201647791E-02));
#7557 = CARTESIAN_POINT('',(0.34990674449,4.401935566232E-02));
#7558 = CARTESIAN_POINT('',(0.353099884815,4.621202081646E-02));
#7559 = CARTESIAN_POINT('',(0.356244743742,4.840932752364E-02));
#7560 = CARTESIAN_POINT('',(0.359341512172,5.061059136703E-02));
#7561 = CARTESIAN_POINT('',(0.362390316704,5.281512792986E-02));
#7562 = CARTESIAN_POINT('',(0.364390921537,5.428654450685E-02));
#7563 = CARTESIAN_POINT('',(0.365383255031,5.502257010966E-02));
#7564 = ( GEOMETRIC_REPRESENTATION_CONTEXT(2) 
PARAMETRIC_REPRESENTATION_CONTEXT() REPRESENTATION_CONTEXT('2D SPACE',''
  ) );
#7565 = PCURVE('',#7566,#7737);
#7566 = ( BOUNDED_SURFACE() B_SPLINE_SURFACE(1,2,(
    (#7567,#7568,#7569,#7570,#7571,#7572,#7573,#7574,#7575,#7576,#7577
      ,#7578,#7579,#7580,#7581,#7582,#7583,#7584,#7585,#7586,#7587,#7588
      ,#7589,#7590,#7591,#7592,#7593,#7594,#7595,#7596,#7597,#7598,#7599
      ,#7600,#7601,#7602,#7603,#7604,#7605,#7606,#7607,#7608,#7609,#7610
      ,#7611,#7612,#7613,#7614,#7615,#7616,#7617,#7618,#7619,#7620,#7621
      ,#7622,#7623,#7624,#7625,#7626,#7627,#7628,#7629,#7630,#7631,#7632
      ,#7633,#7634,#7635,#7636,#7637,#7638,#7639,#7640,#7641,#7642,#7643
      ,#7644,#7645,#7646,#7647,#7648,#7649,#7650,#7651)
    ,(#7652,#7653,#7654,#7655,#7656,#7657,#7658,#7659,#7660,#7661,#7662
      ,#7663,#7664,#7665,#7666,#7667,#7668,#7669,#7670,#7671,#7672,#7673
      ,#7674,#7675,#7676,#7677,#7678,#7679,#7680,#7681,#7682,#7683,#7684
      ,#7685,#7686,#7687,#7688,#7689,#7690,#7691,#7692,#7693,#7694,#7695
      ,#7696,#7697,#7698,#7699,#7700,#7701,#7702,#7703,#7704,#7705,#7706
      ,#7707,#7708,#7709,#7710,#7711,#7712,#7713,#7714,#7715,#7716,#7717
      ,#7718,#7719,#7720,#7721,#7722,#7723,#7724,#7725,#7726,#7727,#7728
      ,#7729,#7730,#7731,#7732,#7733,#7734,#7735,#7736
)),.UNSPECIFIED.,.F.,.F.,.F.) B_SPLINE_SURFACE_WITH_KNOTS((2,2),(3,2,2,2
    ,2,2,2,2,2,2,2,2,2,2,2,2,2,2,2,2,2,2,2,2,2,2,2,2,2,2,2,2,2,2,2,2,2,2
    ,2,2,2,2,3),(0.,1.),(0.,2.380952380952E-02,4.761904761905E-02,
    7.142857142857E-02,9.52380952381E-02,0.119047619048,0.142857142857,
    0.166666666667,0.190476190476,0.214285714286,0.238095238095,
    0.261904761905,0.285714285714,0.309523809524,0.333333333333,
    0.357142857143,0.380952380952,0.404761904762,0.428571428571,
    0.452380952381,0.47619047619,0.5,0.52380952381,0.547619047619,
    0.571428571429,0.595238095238,0.619047619048,0.642857142857,
    0.666666666667,0.690476190476,0.714285714286,0.738095238095,
    0.761904761905,0.785714285714,0.809523809524,0.833333333333,
    0.857142857143,0.880952380952,0.904761904762,0.928571428571,
    0.952380952381,0.97619047619,1.),.UNSPECIFIED.) 
GEOMETRIC_REPRESENTATION_ITEM() RATIONAL_B_SPLINE_SURFACE((
    (1.,0.866025403784,1.,0.866025403784,1.,0.866025403784,1.
      ,0.866025403784,1.,0.866025403784,1.,0.866025403784,1.
      ,0.866025403784,1.,0.866025403784,1.,0.866025403784,1.
      ,0.866025403784,1.,0.866025403784,1.,0.866025403784,1.
      ,0.866025403784,1.,0.866025403784,1.,0.866025403784,1.
      ,0.866025403784,1.,0.866025403784,1.,0.866025403784,1.
      ,0.866025403784,1.,0.866025403784,1.,0.866025403784,1.
      ,0.866025403784,1.,0.866025403784,1.,0.866025403784,1.
      ,0.866025403784,1.,0.866025403784,1.,0.866025403784,1.
      ,0.866025403784,1.,0.866025403784,1.,0.866025403784,1.
      ,0.866025403784,1.,0.866025403784,1.,0.866025403784,1.
      ,0.866025403784,1.,0.866025403784,1.,0.866025403784,1.
      ,0.866025403784,1.,0.866025403784,1.,0.866025403784,1.
      ,0.866025403784,1.,0.866025403784,1.,0.866025403784,1.)
    ,(1.,0.866025403784,1.,0.866025403784,1.,0.866025403784,1.
      ,0.866025403784,1.,0.866025403784,1.,0.866025403784,1.
      ,0.866025403784,1.,0.866025403784,1.,0.866025403784,1.
      ,0.866025403784,1.,0.866025403784,1.,0.866025403784,1.
      ,0.866025403784,1.,0.866025403784,1.,0.866025403784,1.
      ,0.866025403784,1.,0.866025403784,1.,0.866025403784,1.
      ,0.866025403784,1.,0.866025403784,1.,0.866025403784,1.
      ,0.866025403784,1.,0.866025403784,1.,0.866025403784,1.
      ,0.866025403784,1.,0.866025403784,1.,0.866025403784,1.
      ,0.866025403784,1.,0.866025403784,1.,0.866025403784,1.
      ,0.866025403784,1.,0.866025403784,1.,0.866025403784,1.
      ,0.866025403784,1.,0.866025403784,1.,0.866025403784,1.
      ,0.866025403784,1.,0.866025403784,1.,0.866025403784,1.
      ,0.866025403784,1.,0.866025403784,1.,0.866025403784,1.
))) REPRESENTATION_ITEM('') SURFACE() );
#7567 = CARTESIAN_POINT('',(0.,1.175240473581,-1.996937899601));
#7568 = CARTESIAN_POINT('',(-0.678525403784,1.175240473581,
    -1.955271232935));
#7569 = CARTESIAN_POINT('',(-1.017788105677,0.58762023679,
    -1.913604566268));
#7570 = CARTESIAN_POINT('',(-1.357050807569,1.271280294207E-16,
    -1.871937899601));
#7571 = CARTESIAN_POINT('',(-1.017788105677,-0.58762023679,
    -1.830271232935));
#7572 = CARTESIAN_POINT('',(-0.678525403784,-1.175240473581,
    -1.788604566268));
#7573 = CARTESIAN_POINT('',(-1.439254484199E-16,-1.175240473581,
    -1.746937899601));
#7574 = CARTESIAN_POINT('',(0.678525403784,-1.175240473581,
    -1.705271232935));
#7575 = CARTESIAN_POINT('',(1.017788105677,-0.58762023679,
    -1.663604566268));
#7576 = CARTESIAN_POINT('',(1.357050807569,-2.052535561332E-16,
    -1.621937899601));
#7577 = CARTESIAN_POINT('',(1.017788105677,0.58762023679,-1.580271232935
    ));
#7578 = CARTESIAN_POINT('',(0.678525403784,1.175240473581,
    -1.538604566268));
#7579 = CARTESIAN_POINT('',(0.,1.175240473581,-1.496937899601));
#7580 = CARTESIAN_POINT('',(-0.678525403784,1.175240473581,
    -1.455271232935));
#7581 = CARTESIAN_POINT('',(-1.017788105677,0.58762023679,
    -1.413604566268));
#7582 = CARTESIAN_POINT('',(-1.357050807569,1.271280294207E-16,
    -1.371937899601));
#7583 = CARTESIAN_POINT('',(-1.017788105677,-0.58762023679,
    -1.330271232935));
#7584 = CARTESIAN_POINT('',(-0.678525403784,-1.175240473581,
    -1.288604566268));
#7585 = CARTESIAN_POINT('',(-1.439254484199E-16,-1.175240473581,
    -1.246937899601));
#7586 = CARTESIAN_POINT('',(0.678525403784,-1.175240473581,
    -1.205271232935));
#7587 = CARTESIAN_POINT('',(1.017788105677,-0.58762023679,
    -1.163604566268));
#7588 = CARTESIAN_POINT('',(1.357050807569,-2.052535561332E-16,
    -1.121937899601));
#7589 = CARTESIAN_POINT('',(1.017788105677,0.58762023679,-1.080271232935
    ));
#7590 = CARTESIAN_POINT('',(0.678525403784,1.175240473581,
    -1.038604566268));
#7591 = CARTESIAN_POINT('',(0.,1.175240473581,-0.996937899601));
#7592 = CARTESIAN_POINT('',(-0.678525403784,1.175240473581,
    -0.955271232935));
#7593 = CARTESIAN_POINT('',(-1.017788105677,0.58762023679,
    -0.913604566268));
#7594 = CARTESIAN_POINT('',(-1.357050807569,1.271280294207E-16,
    -0.871937899601));
#7595 = CARTESIAN_POINT('',(-1.017788105677,-0.58762023679,
    -0.830271232935));
#7596 = CARTESIAN_POINT('',(-0.678525403784,-1.175240473581,
    -0.788604566268));
#7597 = CARTESIAN_POINT('',(-1.439254484199E-16,-1.175240473581,
    -0.746937899601));
#7598 = CARTESIAN_POINT('',(0.678525403784,-1.175240473581,
    -0.705271232935));
#7599 = CARTESIAN_POINT('',(1.017788105677,-0.58762023679,
    -0.663604566268));
#7600 = CARTESIAN_POINT('',(1.357050807569,-2.052535561332E-16,
    -0.621937899601));
#7601 = CARTESIAN_POINT('',(1.017788105677,0.58762023679,-0.580271232935
    ));
#7602 = CARTESIAN_POINT('',(0.678525403784,1.175240473581,
    -0.538604566268));
#7603 = CARTESIAN_POINT('',(0.,1.175240473581,-0.496937899601));
#7604 = CARTESIAN_POINT('',(-0.678525403784,1.175240473581,
    -0.455271232935));
#7605 = CARTESIAN_POINT('',(-1.017788105677,0.58762023679,
    -0.413604566268));
#7606 = CARTESIAN_POINT('',(-1.357050807569,1.271280294207E-16,
    -0.371937899601));
#7607 = CARTESIAN_POINT('',(-1.017788105677,-0.58762023679,
    -0.330271232935));
#7608 = CARTESIAN_POINT('',(-0.678525403784,-1.175240473581,
    -0.288604566268));
#7609 = CARTESIAN_POINT('',(-1.439254484199E-16,-1.175240473581,
    -0.246937899601));
#7610 = CARTESIAN_POINT('',(0.678525403784,-1.175240473581,
    -0.205271232935));
#7611 = CARTESIAN_POINT('',(1.017788105677,-0.58762023679,
    -0.163604566268));
#7612 = CARTESIAN_POINT('',(1.357050807569,-2.052535561332E-16,
    -0.121937899601));
#7613 = CARTESIAN_POINT('',(1.017788105677,0.58762023679,
    -8.027123293476E-02));
#7614 = CARTESIAN_POINT('',(0.678525403784,1.175240473581,
    -3.86045662681E-02));
#7615 = CARTESIAN_POINT('',(0.,1.175240473581,3.06210039857E-03));
#7616 = CARTESIAN_POINT('',(-0.678525403784,1.175240473581,
    4.472876706524E-02));
#7617 = CARTESIAN_POINT('',(-1.017788105677,0.58762023679,
    8.63954337319E-02));
#7618 = CARTESIAN_POINT('',(-1.357050807569,1.271280294207E-16,
    0.128062100399));
#7619 = CARTESIAN_POINT('',(-1.017788105677,-0.58762023679,
    0.169728767065));
#7620 = CARTESIAN_POINT('',(-0.678525403784,-1.175240473581,
    0.211395433732));
#7621 = CARTESIAN_POINT('',(-1.439254484199E-16,-1.175240473581,
    0.253062100399));
#7622 = CARTESIAN_POINT('',(0.678525403784,-1.175240473581,
    0.294728767065));
#7623 = CARTESIAN_POINT('',(1.017788105677,-0.58762023679,0.336395433732
    ));
#7624 = CARTESIAN_POINT('',(1.357050807569,-2.052535561332E-16,
    0.378062100399));
#7625 = CARTESIAN_POINT('',(1.017788105677,0.58762023679,0.419728767065)
  );
#7626 = CARTESIAN_POINT('',(0.678525403784,1.175240473581,0.461395433732
    ));
#7627 = CARTESIAN_POINT('',(0.,1.175240473581,0.503062100399));
#7628 = CARTESIAN_POINT('',(-0.678525403784,1.175240473581,
    0.544728767065));
#7629 = CARTESIAN_POINT('',(-1.017788105677,0.58762023679,0.586395433732
    ));
#7630 = CARTESIAN_POINT('',(-1.357050807569,1.271280294207E-16,
    0.628062100399));
#7631 = CARTESIAN_POINT('',(-1.017788105677,-0.58762023679,
    0.669728767065));
#7632 = CARTESIAN_POINT('',(-0.678525403784,-1.175240473581,
    0.711395433732));
#7633 = CARTESIAN_POINT('',(-1.439254484199E-16,-1.175240473581,
    0.753062100399));
#7634 = CARTESIAN_POINT('',(0.678525403784,-1.175240473581,
    0.794728767065));
#7635 = CARTESIAN_POINT('',(1.017788105677,-0.58762023679,0.836395433732
    ));
#7636 = CARTESIAN_POINT('',(1.357050807569,-2.052535561332E-16,
    0.878062100399));
#7637 = CARTESIAN_POINT('',(1.017788105677,0.58762023679,0.919728767065)
  );
#7638 = CARTESIAN_POINT('',(0.678525403784,1.175240473581,0.961395433732
    ));
#7639 = CARTESIAN_POINT('',(0.,1.175240473581,1.003062100399));
#7640 = CARTESIAN_POINT('',(-0.678525403784,1.175240473581,
    1.044728767065));
#7641 = CARTESIAN_POINT('',(-1.017788105677,0.58762023679,1.086395433732
    ));
#7642 = CARTESIAN_POINT('',(-1.357050807569,1.271280294207E-16,
    1.128062100399));
#7643 = CARTESIAN_POINT('',(-1.017788105677,-0.58762023679,
    1.169728767065));
#7644 = CARTESIAN_POINT('',(-0.678525403784,-1.175240473581,
    1.211395433732));
#7645 = CARTESIAN_POINT('',(-1.439254484199E-16,-1.175240473581,
    1.253062100399));
#7646 = CARTESIAN_POINT('',(0.678525403784,-1.175240473581,
    1.294728767065));
#7647 = CARTESIAN_POINT('',(1.017788105677,-0.58762023679,1.336395433732
    ));
#7648 = CARTESIAN_POINT('',(1.357050807569,-2.052535561332E-16,
    1.378062100399));
#7649 = CARTESIAN_POINT('',(1.017788105677,0.58762023679,1.419728767065)
  );
#7650 = CARTESIAN_POINT('',(0.678525403784,1.175240473581,1.461395433732
    ));
#7651 = CARTESIAN_POINT('',(0.,1.175240473581,1.503062100399));
#7652 = CARTESIAN_POINT('',(0.,1.5,-2.184437899601));
#7653 = CARTESIAN_POINT('',(-0.866025403784,1.5,-2.142771232935));
#7654 = CARTESIAN_POINT('',(-1.299038105677,0.75,-2.101104566268));
#7655 = CARTESIAN_POINT('',(-1.732050807569,1.500901569047E-16,
    -2.059437899601));
#7656 = CARTESIAN_POINT('',(-1.299038105677,-0.75,-2.017771232935));
#7657 = CARTESIAN_POINT('',(-0.866025403784,-1.5,-1.976104566268));
#7658 = CARTESIAN_POINT('',(-1.836970198721E-16,-1.5,-1.934437899601));
#7659 = CARTESIAN_POINT('',(0.866025403784,-1.5,-1.892771232935));
#7660 = CARTESIAN_POINT('',(1.299038105677,-0.75,-1.851104566268));
#7661 = CARTESIAN_POINT('',(1.732050807569,-2.741399385853E-16,
    -1.809437899601));
#7662 = CARTESIAN_POINT('',(1.299038105677,0.75,-1.767771232935));
#7663 = CARTESIAN_POINT('',(0.866025403784,1.5,-1.726104566268));
#7664 = CARTESIAN_POINT('',(0.,1.5,-1.684437899601));
#7665 = CARTESIAN_POINT('',(-0.866025403784,1.5,-1.642771232935));
#7666 = CARTESIAN_POINT('',(-1.299038105677,0.75,-1.601104566268));
#7667 = CARTESIAN_POINT('',(-1.732050807569,1.500901569047E-16,
    -1.559437899601));
#7668 = CARTESIAN_POINT('',(-1.299038105677,-0.75,-1.517771232935));
#7669 = CARTESIAN_POINT('',(-0.866025403784,-1.5,-1.476104566268));
#7670 = CARTESIAN_POINT('',(-1.836970198721E-16,-1.5,-1.434437899601));
#7671 = CARTESIAN_POINT('',(0.866025403784,-1.5,-1.392771232935));
#7672 = CARTESIAN_POINT('',(1.299038105677,-0.75,-1.351104566268));
#7673 = CARTESIAN_POINT('',(1.732050807569,-2.741399385853E-16,
    -1.309437899601));
#7674 = CARTESIAN_POINT('',(1.299038105677,0.75,-1.267771232935));
#7675 = CARTESIAN_POINT('',(0.866025403784,1.5,-1.226104566268));
#7676 = CARTESIAN_POINT('',(0.,1.5,-1.184437899601));
#7677 = CARTESIAN_POINT('',(-0.866025403784,1.5,-1.142771232935));
#7678 = CARTESIAN_POINT('',(-1.299038105677,0.75,-1.101104566268));
#7679 = CARTESIAN_POINT('',(-1.732050807569,1.500901569047E-16,
    -1.059437899601));
#7680 = CARTESIAN_POINT('',(-1.299038105677,-0.75,-1.017771232935));
#7681 = CARTESIAN_POINT('',(-0.866025403784,-1.5,-0.976104566268));
#7682 = CARTESIAN_POINT('',(-1.836970198721E-16,-1.5,-0.934437899601));
#7683 = CARTESIAN_POINT('',(0.866025403784,-1.5,-0.892771232935));
#7684 = CARTESIAN_POINT('',(1.299038105677,-0.75,-0.851104566268));
#7685 = CARTESIAN_POINT('',(1.732050807569,-2.741399385853E-16,
    -0.809437899601));
#7686 = CARTESIAN_POINT('',(1.299038105677,0.75,-0.767771232935));
#7687 = CARTESIAN_POINT('',(0.866025403784,1.5,-0.726104566268));
#7688 = CARTESIAN_POINT('',(0.,1.5,-0.684437899601));
#7689 = CARTESIAN_POINT('',(-0.866025403784,1.5,-0.642771232935));
#7690 = CARTESIAN_POINT('',(-1.299038105677,0.75,-0.601104566268));
#7691 = CARTESIAN_POINT('',(-1.732050807569,1.500901569047E-16,
    -0.559437899601));
#7692 = CARTESIAN_POINT('',(-1.299038105677,-0.75,-0.517771232935));
#7693 = CARTESIAN_POINT('',(-0.866025403784,-1.5,-0.476104566268));
#7694 = CARTESIAN_POINT('',(-1.836970198721E-16,-1.5,-0.434437899601));
#7695 = CARTESIAN_POINT('',(0.866025403784,-1.5,-0.392771232935));
#7696 = CARTESIAN_POINT('',(1.299038105677,-0.75,-0.351104566268));
#7697 = CARTESIAN_POINT('',(1.732050807569,-2.741399385853E-16,
    -0.309437899601));
#7698 = CARTESIAN_POINT('',(1.299038105677,0.75,-0.267771232935));
#7699 = CARTESIAN_POINT('',(0.866025403784,1.5,-0.226104566268));
#7700 = CARTESIAN_POINT('',(0.,1.5,-0.184437899601));
#7701 = CARTESIAN_POINT('',(-0.866025403784,1.5,-0.142771232935));
#7702 = CARTESIAN_POINT('',(-1.299038105677,0.75,-0.101104566268));
#7703 = CARTESIAN_POINT('',(-1.732050807569,1.500901569047E-16,
    -5.943789960143E-02));
#7704 = CARTESIAN_POINT('',(-1.299038105677,-0.75,-1.777123293477E-02));
#7705 = CARTESIAN_POINT('',(-0.866025403784,-1.5,2.38954337319E-02));
#7706 = CARTESIAN_POINT('',(-1.836970198721E-16,-1.5,6.556210039857E-02)
  );
#7707 = CARTESIAN_POINT('',(0.866025403784,-1.5,0.107228767065));
#7708 = CARTESIAN_POINT('',(1.299038105677,-0.75,0.148895433732));
#7709 = CARTESIAN_POINT('',(1.732050807569,-2.741399385853E-16,
    0.190562100399));
#7710 = CARTESIAN_POINT('',(1.299038105677,0.75,0.232228767065));
#7711 = CARTESIAN_POINT('',(0.866025403784,1.5,0.273895433732));
#7712 = CARTESIAN_POINT('',(0.,1.5,0.315562100399));
#7713 = CARTESIAN_POINT('',(-0.866025403784,1.5,0.357228767065));
#7714 = CARTESIAN_POINT('',(-1.299038105677,0.75,0.398895433732));
#7715 = CARTESIAN_POINT('',(-1.732050807569,1.500901569047E-16,
    0.440562100399));
#7716 = CARTESIAN_POINT('',(-1.299038105677,-0.75,0.482228767065));
#7717 = CARTESIAN_POINT('',(-0.866025403784,-1.5,0.523895433732));
#7718 = CARTESIAN_POINT('',(-1.836970198721E-16,-1.5,0.565562100399));
#7719 = CARTESIAN_POINT('',(0.866025403784,-1.5,0.607228767065));
#7720 = CARTESIAN_POINT('',(1.299038105677,-0.75,0.648895433732));
#7721 = CARTESIAN_POINT('',(1.732050807569,-2.741399385853E-16,
    0.690562100399));
#7722 = CARTESIAN_POINT('',(1.299038105677,0.75,0.732228767065));
#7723 = CARTESIAN_POINT('',(0.866025403784,1.5,0.773895433732));
#7724 = CARTESIAN_POINT('',(0.,1.5,0.815562100399));
#7725 = CARTESIAN_POINT('',(-0.866025403784,1.5,0.857228767065));
#7726 = CARTESIAN_POINT('',(-1.299038105677,0.75,0.898895433732));
#7727 = CARTESIAN_POINT('',(-1.732050807569,1.500901569047E-16,
    0.940562100399));
#7728 = CARTESIAN_POINT('',(-1.299038105677,-0.75,0.982228767065));
#7729 = CARTESIAN_POINT('',(-0.866025403784,-1.5,1.023895433732));
#7730 = CARTESIAN_POINT('',(-1.836970198721E-16,-1.5,1.065562100399));
#7731 = CARTESIAN_POINT('',(0.866025403784,-1.5,1.107228767065));
#7732 = CARTESIAN_POINT('',(1.299038105677,-0.75,1.148895433732));
#7733 = CARTESIAN_POINT('',(1.732050807569,-2.741399385853E-16,
    1.190562100399));
#7734 = CARTESIAN_POINT('',(1.299038105677,0.75,1.232228767065));
#7735 = CARTESIAN_POINT('',(0.866025403784,1.5,1.273895433732));
#7736 = CARTESIAN_POINT('',(0.,1.5,1.315562100399));
#7737 = DEFINITIONAL_REPRESENTATION('',(#7738),#7764);
#7738 = B_SPLINE_CURVE_WITH_KNOTS('',3,(#7739,#7740,#7741,#7742,#7743,
    #7744,#7745,#7746,#7747,#7748,#7749,#7750,#7751,#7752,#7753,#7754,
    #7755,#7756,#7757,#7758,#7759,#7760,#7761,#7762,#7763),
  .UNSPECIFIED.,.F.,.F.,(4,1,1,1,1,1,1,1,1,1,1,1,1,1,1,1,1,1,1,1,1,1,4),
  (0.,2.418547429413E-03,4.837094858826E-03,7.25564228824E-03,
    9.674189717653E-03,1.209273714707E-02,1.451128457648E-02,
    1.692983200589E-02,1.934837943531E-02,2.176692686472E-02,
    2.418547429413E-02,2.660402172355E-02,2.902256915296E-02,
    3.144111658237E-02,3.385966401178E-02,3.62782114412E-02,
    3.869675887061E-02,4.111530630002E-02,4.353385372944E-02,
    4.595240115885E-02,4.837094858826E-02,5.078949601768E-02,
    5.320804344709E-02),.QUASI_UNIFORM_KNOTS.);
#7739 = CARTESIAN_POINT('',(1.,0.402193963089));
#7740 = CARTESIAN_POINT('',(0.984582362393,0.402278494441));
#7741 = CARTESIAN_POINT('',(0.953729435847,0.402448528982));
#7742 = CARTESIAN_POINT('',(0.907410253147,0.402706727108));
#7743 = CARTESIAN_POINT('',(0.861064133134,0.402968298419));
#7744 = CARTESIAN_POINT('',(0.814705000791,0.403233483576));
#7745 = CARTESIAN_POINT('',(0.768347649203,0.403502531139));
#7746 = CARTESIAN_POINT('',(0.72200727465,0.403775706748));
#7747 = CARTESIAN_POINT('',(0.675696802733,0.404053286494));
#7748 = CARTESIAN_POINT('',(0.629430267151,0.404335574674));
#7749 = CARTESIAN_POINT('',(0.583222985324,0.404622823419));
#7750 = CARTESIAN_POINT('',(0.537089672349,0.404915542133));
#7751 = CARTESIAN_POINT('',(0.491065573535,0.405211727779));
#7752 = CARTESIAN_POINT('',(0.44516417058,0.405511882712));
#7753 = CARTESIAN_POINT('',(0.399417041641,0.405816062134));
#7754 = CARTESIAN_POINT('',(0.353855718627,0.406124403237));
#7755 = CARTESIAN_POINT('',(0.308512040954,0.406437019335));
#7756 = CARTESIAN_POINT('',(0.263418035541,0.406754027612));
#7757 = CARTESIAN_POINT('',(0.218605946611,0.407075541908));
#7758 = CARTESIAN_POINT('',(0.174108125068,0.407401671518));
#7759 = CARTESIAN_POINT('',(0.129957545663,0.407732536293));
#7760 = CARTESIAN_POINT('',(8.61871957566E-02,0.408068252588));
#7761 = CARTESIAN_POINT('',(4.283023513422E-02,0.40840893231));
#7762 = CARTESIAN_POINT('',(1.422341073598E-02,0.408639431152));
#7763 = CARTESIAN_POINT('',(0.,0.408755543173));
#7764 = ( GEOMETRIC_REPRESENTATION_CONTEXT(2) 
PARAMETRIC_REPRESENTATION_CONTEXT() REPRESENTATION_CONTEXT('2D SPACE',''
  ) );
#7765 = ORIENTED_EDGE('',*,*,#7766,.T.);
#7766 = EDGE_CURVE('',#7516,#7767,#7769,.T.);
#7767 = VERTEX_POINT('',#7768);
#7768 = CARTESIAN_POINT('',(1.401665161523,0.534167366068,-0.84226193482
    ));
#7769 = SURFACE_CURVE('',#7770,(#7778,#7784),.PCURVE_S1.);
#7770 = B_SPLINE_CURVE_WITH_KNOTS('',3,(#7771,#7772,#7773,#7774,#7775,
    #7776,#7777),.UNSPECIFIED.,.F.,.F.,(4,3,4),(-1.00385649242E-02,
    -5.019824303641E-03,-9.999999910298E-07),.UNSPECIFIED.);
#7771 = CARTESIAN_POINT('',(1.373113825711,0.603786735231,
    -0.775894192089));
#7772 = CARTESIAN_POINT('',(1.377945814893,0.592797969268,
    -0.787545991762));
#7773 = CARTESIAN_POINT('',(1.38275727967,0.581497804357,-0.798914327691
    ));
#7774 = CARTESIAN_POINT('',(1.387523695407,0.569892967745,-0.80998112159
    ));
#7775 = CARTESIAN_POINT('',(1.392290190619,0.558287937633,
    -0.821048100018));
#7776 = CARTESIAN_POINT('',(1.397012111864,0.546377055475,
    -0.831814641969));
#7777 = CARTESIAN_POINT('',(1.401665161526,0.534167366062,
    -0.842261934811));
#7778 = PCURVE('',#4182,#7779);
#7779 = DEFINITIONAL_REPRESENTATION('',(#7780),#7783);
#7780 = B_SPLINE_CURVE_WITH_KNOTS('',1,(#7781,#7782),.UNSPECIFIED.,.F.,
  .F.,(2,2),(-1.00385649242E-02,-9.999999910298E-07),
  .PIECEWISE_BEZIER_KNOTS.);
#7781 = CARTESIAN_POINT('',(0.2874957949,7.993397615722E-03));
#7782 = CARTESIAN_POINT('',(0.255475705576,5.13826403428E-03));
#7783 = ( GEOMETRIC_REPRESENTATION_CONTEXT(2) 
PARAMETRIC_REPRESENTATION_CONTEXT() REPRESENTATION_CONTEXT('2D SPACE',''
  ) );
#7784 = PCURVE('',#7785,#7790);
#7785 = CYLINDRICAL_SURFACE('',#7786,1.5);
#7786 = AXIS2_PLACEMENT_3D('',#7787,#7788,#7789);
#7787 = CARTESIAN_POINT('',(0.,-2.213789102784E-17,-1.253062100399));
#7788 = DIRECTION('',(0.,-7.949183622941E-17,1.));
#7789 = DIRECTION('',(0.,-1.,-7.949183622941E-17));
#7790 = DEFINITIONAL_REPRESENTATION('',(#7791),#7794);
#7791 = B_SPLINE_CURVE_WITH_KNOTS('',1,(#7792,#7793),.UNSPECIFIED.,.F.,
  .F.,(2,2),(-1.00385649242E-02,-9.999999910298E-07),
  .PIECEWISE_BEZIER_KNOTS.);
#7792 = CARTESIAN_POINT('',(1.985069278536,0.47716790831));
#7793 = CARTESIAN_POINT('',(1.934899685726,0.410800165588));
#7794 = ( GEOMETRIC_REPRESENTATION_CONTEXT(2) 
PARAMETRIC_REPRESENTATION_CONTEXT() REPRESENTATION_CONTEXT('2D SPACE',''
  ) );
#7795 = ORIENTED_EDGE('',*,*,#7796,.F.);
#7796 = EDGE_CURVE('',#7797,#7767,#7799,.T.);
#7797 = VERTEX_POINT('',#7798);
#7798 = CARTESIAN_POINT('',(1.202178437218,-7.941199942697E-15,
    -1.043885259044));
#7799 = SURFACE_CURVE('',#7800,(#7817,#7868),.PCURVE_S1.);
#7800 = B_SPLINE_CURVE_WITH_KNOTS('',3,(#7801,#7802,#7803,#7804,#7805,
    #7806,#7807,#7808,#7809,#7810,#7811,#7812,#7813,#7814,#7815,#7816),
  .UNSPECIFIED.,.F.,.F.,(4,2,2,2,2,2,2,4),(0.,3.598115708957E-03,
    7.370763919975E-03,9.977561982439E-03,1.918928891126E-02,
    3.190433603314E-02,5.431794234447E-02,6.377709674138E-02),
  .UNSPECIFIED.);
#7801 = CARTESIAN_POINT('',(1.202178437218,-7.33409229085E-15,
    -1.043885259044));
#7802 = CARTESIAN_POINT('',(1.200748699276,1.190819657152E-02,
    -1.043885259044));
#7803 = CARTESIAN_POINT('',(1.199599086681,2.384579889434E-02,
    -1.043616186279));
#7804 = CARTESIAN_POINT('',(1.197838259062,4.832657436951E-02,
    -1.042507253479));
#7805 = CARTESIAN_POINT('',(1.197256623977,6.086040634488E-02,
    -1.041640810008));
#7806 = CARTESIAN_POINT('',(1.196833114654,8.202927874914E-02,
    -1.039669775771));
#7807 = CARTESIAN_POINT('',(1.196818321953,9.066698296574E-02,
    -1.038722050006));
#7808 = CARTESIAN_POINT('',(1.19748549878,0.129745412759,-1.033784093326
    ));
#7809 = CARTESIAN_POINT('',(1.200022518901,0.159814951228,-1.02818670085
    ));
#7810 = CARTESIAN_POINT('',(1.211165209897,0.229985347975,
    -1.010980042778));
#7811 = CARTESIAN_POINT('',(1.221595816085,0.268810415812,-0.99809024146
    ));
#7812 = CARTESIAN_POINT('',(1.261332292759,0.370738212224,
    -0.956009467575));
#7813 = CARTESIAN_POINT('',(1.297937007236,0.427013522653,
    -0.923171557222));
#7814 = CARTESIAN_POINT('',(1.360870522475,0.496783751186,
    -0.872995101578));
#7815 = CARTESIAN_POINT('',(1.380818213208,0.516111254318,
    -0.857711753441));
#7816 = CARTESIAN_POINT('',(1.401665161531,0.53416736605,-0.842261934821
    ));
#7817 = PCURVE('',#4182,#7818);
#7818 = DEFINITIONAL_REPRESENTATION('',(#7819),#7867);
#7819 = B_SPLINE_CURVE_WITH_KNOTS('',3,(#7820,#7821,#7822,#7823,#7824,
    #7825,#7826,#7827,#7828,#7829,#7830,#7831,#7832,#7833,#7834,#7835,
    #7836,#7837,#7838,#7839,#7840,#7841,#7842,#7843,#7844,#7845,#7846,
    #7847,#7848,#7849,#7850,#7851,#7852,#7853,#7854,#7855,#7856,#7857,
    #7858,#7859,#7860,#7861,#7862,#7863,#7864,#7865,#7866),
  .UNSPECIFIED.,.F.,.F.,(4,1,1,1,1,1,1,1,1,1,1,1,1,1,1,1,1,1,1,1,1,1,1,1
    ,1,1,1,1,1,1,1,1,1,1,1,1,1,1,1,1,1,1,1,1,4),(0.,1.449479471395E-03,
    2.89895894279E-03,4.348438414185E-03,5.79791788558E-03,
    7.247397356975E-03,8.69687682837E-03,1.014635629976E-02,
    1.159583577116E-02,1.304531524255E-02,1.449479471395E-02,
    1.594427418534E-02,1.739375365674E-02,1.884323312813E-02,
    2.029271259953E-02,2.174219207092E-02,2.319167154232E-02,
    2.464115101371E-02,2.609063048511E-02,2.75401099565E-02,
    2.89895894279E-02,3.043906889929E-02,3.188854837069E-02,
    3.333802784208E-02,3.478750731348E-02,3.623698678487E-02,
    3.768646625627E-02,3.913594572766E-02,4.058542519906E-02,
    4.203490467045E-02,4.348438414185E-02,4.493386361324E-02,
    4.638334308464E-02,4.783282255603E-02,4.928230202743E-02,
    5.073178149882E-02,5.218126097022E-02,5.363074044161E-02,
    5.508021991301E-02,5.65296993844E-02,5.79791788558E-02,
    5.942865832719E-02,6.087813779859E-02,6.232761726998E-02,
    6.377709674138E-02),.QUASI_UNIFORM_KNOTS.);
#7820 = CARTESIAN_POINT('',(0.,2.508693646508E-02));
#7821 = CARTESIAN_POINT('',(2.756902270271E-03,2.514453159455E-02));
#7822 = CARTESIAN_POINT('',(8.230878966816E-03,2.525063370176E-02));
#7823 = CARTESIAN_POINT('',(1.632339438279E-02,2.538211742907E-02));
#7824 = CARTESIAN_POINT('',(2.430054138546E-02,2.548555367715E-02));
#7825 = CARTESIAN_POINT('',(3.215823559699E-02,2.556047013631E-02));
#7826 = CARTESIAN_POINT('',(3.990047030683E-02,2.56064841781E-02));
#7827 = CARTESIAN_POINT('',(4.752634763366E-02,2.5623192726E-02));
#7828 = CARTESIAN_POINT('',(5.50371711374E-02,2.561017462343E-02));
#7829 = CARTESIAN_POINT('',(6.242602772543E-02,2.556713046178E-02));
#7830 = CARTESIAN_POINT('',(6.969136857111E-02,2.549379764685E-02));
#7831 = CARTESIAN_POINT('',(7.683797592718E-02,2.538987029682E-02));
#7832 = CARTESIAN_POINT('',(8.386885039544E-02,2.525505092734E-02));
#7833 = CARTESIAN_POINT('',(9.078680507596E-02,2.508905175184E-02));
#7834 = CARTESIAN_POINT('',(9.759627791521E-02,2.489153779509E-02));
#7835 = CARTESIAN_POINT('',(0.104294558891,2.466235313872E-02));
#7836 = CARTESIAN_POINT('',(0.110857493113,2.440238429097E-02));
#7837 = CARTESIAN_POINT('',(0.117296819044,2.411145287673E-02));
#7838 = CARTESIAN_POINT('',(0.123615563936,2.378962620404E-02));
#7839 = CARTESIAN_POINT('',(0.129818760615,2.343690319303E-02));
#7840 = CARTESIAN_POINT('',(0.135910446124,2.305331063225E-02));
#7841 = CARTESIAN_POINT('',(0.1418950465,2.263883222459E-02));
#7842 = CARTESIAN_POINT('',(0.147774929268,2.219359614709E-02));
#7843 = CARTESIAN_POINT('',(0.15355889349,2.17171957659E-02));
#7844 = CARTESIAN_POINT('',(0.159230736826,2.121121921656E-02));
#7845 = CARTESIAN_POINT('',(0.164774635593,2.067794616859E-02));
#7846 = CARTESIAN_POINT('',(0.170201176983,2.011750668262E-02));
#7847 = CARTESIAN_POINT('',(0.175513508258,1.953060655896E-02));
#7848 = CARTESIAN_POINT('',(0.180716421784,1.891779732905E-02));
#7849 = CARTESIAN_POINT('',(0.185813937642,1.82796718602E-02));
#7850 = CARTESIAN_POINT('',(0.190809967477,1.761681194503E-02));
#7851 = CARTESIAN_POINT('',(0.195708151967,1.692980233907E-02));
#7852 = CARTESIAN_POINT('',(0.200511918872,1.621922702089E-02));
#7853 = CARTESIAN_POINT('',(0.205224481585,1.548567011402E-02));
#7854 = CARTESIAN_POINT('',(0.209848851727,1.47297159391E-02));
#7855 = CARTESIAN_POINT('',(0.214387851799,1.395194788338E-02));
#7856 = CARTESIAN_POINT('',(0.218844110498,1.315295287053E-02));
#7857 = CARTESIAN_POINT('',(0.22322012436,1.233330461196E-02));
#7858 = CARTESIAN_POINT('',(0.227518068626,1.149362613165E-02));
#7859 = CARTESIAN_POINT('',(0.231740542239,1.063435641562E-02));
#7860 = CARTESIAN_POINT('',(0.235883562173,9.757733131286E-03));
#7861 = CARTESIAN_POINT('',(0.239950013445,8.864401612683E-03));
#7862 = CARTESIAN_POINT('',(0.243941720432,7.955204807258E-03));
#7863 = CARTESIAN_POINT('',(0.24786062888,7.030932710798E-03));
#7864 = CARTESIAN_POINT('',(0.251708509011,6.092389512317E-03));
#7865 = CARTESIAN_POINT('',(0.254227498333,5.457713557156E-03));
#7866 = CARTESIAN_POINT('',(0.255475705571,5.138264033791E-03));
#7867 = ( GEOMETRIC_REPRESENTATION_CONTEXT(2) 
PARAMETRIC_REPRESENTATION_CONTEXT() REPRESENTATION_CONTEXT('2D SPACE',''
  ) );
#7868 = PCURVE('',#7869,#8040);
#7869 = ( BOUNDED_SURFACE() B_SPLINE_SURFACE(1,2,(
    (#7870,#7871,#7872,#7873,#7874,#7875,#7876,#7877,#7878,#7879,#7880
      ,#7881,#7882,#7883,#7884,#7885,#7886,#7887,#7888,#7889,#7890,#7891
      ,#7892,#7893,#7894,#7895,#7896,#7897,#7898,#7899,#7900,#7901,#7902
      ,#7903,#7904,#7905,#7906,#7907,#7908,#7909,#7910,#7911,#7912,#7913
      ,#7914,#7915,#7916,#7917,#7918,#7919,#7920,#7921,#7922,#7923,#7924
      ,#7925,#7926,#7927,#7928,#7929,#7930,#7931,#7932,#7933,#7934,#7935
      ,#7936,#7937,#7938,#7939,#7940,#7941,#7942,#7943,#7944,#7945,#7946
      ,#7947,#7948,#7949,#7950,#7951,#7952,#7953,#7954)
    ,(#7955,#7956,#7957,#7958,#7959,#7960,#7961,#7962,#7963,#7964,#7965
      ,#7966,#7967,#7968,#7969,#7970,#7971,#7972,#7973,#7974,#7975,#7976
      ,#7977,#7978,#7979,#7980,#7981,#7982,#7983,#7984,#7985,#7986,#7987
      ,#7988,#7989,#7990,#7991,#7992,#7993,#7994,#7995,#7996,#7997,#7998
      ,#7999,#8000,#8001,#8002,#8003,#8004,#8005,#8006,#8007,#8008,#8009
      ,#8010,#8011,#8012,#8013,#8014,#8015,#8016,#8017,#8018,#8019,#8020
      ,#8021,#8022,#8023,#8024,#8025,#8026,#8027,#8028,#8029,#8030,#8031
      ,#8032,#8033,#8034,#8035,#8036,#8037,#8038,#8039
)),.UNSPECIFIED.,.F.,.F.,.F.) B_SPLINE_SURFACE_WITH_KNOTS((2,2),(3,2,2,2
    ,2,2,2,2,2,2,2,2,2,2,2,2,2,2,2,2,2,2,2,2,2,2,2,2,2,2,2,2,2,2,2,2,2,2
    ,2,2,2,2,3),(0.,1.),(0.,2.380952380952E-02,4.761904761905E-02,
    7.142857142857E-02,9.52380952381E-02,0.119047619048,0.142857142857,
    0.166666666667,0.190476190476,0.214285714286,0.238095238095,
    0.261904761905,0.285714285714,0.309523809524,0.333333333333,
    0.357142857143,0.380952380952,0.404761904762,0.428571428571,
    0.452380952381,0.47619047619,0.5,0.52380952381,0.547619047619,
    0.571428571429,0.595238095238,0.619047619048,0.642857142857,
    0.666666666667,0.690476190476,0.714285714286,0.738095238095,
    0.761904761905,0.785714285714,0.809523809524,0.833333333333,
    0.857142857143,0.880952380952,0.904761904762,0.928571428571,
    0.952380952381,0.97619047619,1.),.UNSPECIFIED.) 
GEOMETRIC_REPRESENTATION_ITEM() RATIONAL_B_SPLINE_SURFACE((
    (1.,0.866025403784,1.,0.866025403784,1.,0.866025403784,1.
      ,0.866025403784,1.,0.866025403784,1.,0.866025403784,1.
      ,0.866025403784,1.,0.866025403784,1.,0.866025403784,1.
      ,0.866025403784,1.,0.866025403784,1.,0.866025403784,1.
      ,0.866025403784,1.,0.866025403784,1.,0.866025403784,1.
      ,0.866025403784,1.,0.866025403784,1.,0.866025403784,1.
      ,0.866025403784,1.,0.866025403784,1.,0.866025403784,1.
      ,0.866025403784,1.,0.866025403784,1.,0.866025403784,1.
      ,0.866025403784,1.,0.866025403784,1.,0.866025403784,1.
      ,0.866025403784,1.,0.866025403784,1.,0.866025403784,1.
      ,0.866025403784,1.,0.866025403784,1.,0.866025403784,1.
      ,0.866025403784,1.,0.866025403784,1.,0.866025403784,1.
      ,0.866025403784,1.,0.866025403784,1.,0.866025403784,1.
      ,0.866025403784,1.,0.866025403784,1.,0.866025403784,1.)
    ,(1.,0.866025403784,1.,0.866025403784,1.,0.866025403784,1.
      ,0.866025403784,1.,0.866025403784,1.,0.866025403784,1.
      ,0.866025403784,1.,0.866025403784,1.,0.866025403784,1.
      ,0.866025403784,1.,0.866025403784,1.,0.866025403784,1.
      ,0.866025403784,1.,0.866025403784,1.,0.866025403784,1.
      ,0.866025403784,1.,0.866025403784,1.,0.866025403784,1.
      ,0.866025403784,1.,0.866025403784,1.,0.866025403784,1.
      ,0.866025403784,1.,0.866025403784,1.,0.866025403784,1.
      ,0.866025403784,1.,0.866025403784,1.,0.866025403784,1.
      ,0.866025403784,1.,0.866025403784,1.,0.866025403784,1.
      ,0.866025403784,1.,0.866025403784,1.,0.866025403784,1.
      ,0.866025403784,1.,0.866025403784,1.,0.866025403784,1.
      ,0.866025403784,1.,0.866025403784,1.,0.866025403784,1.
      ,0.866025403784,1.,0.866025403784,1.,0.866025403784,1.
))) REPRESENTATION_ITEM('') SURFACE() );
#7870 = CARTESIAN_POINT('',(0.,1.5,-1.746937899601));
#7871 = CARTESIAN_POINT('',(-0.866025403784,1.5,-1.705271232935));
#7872 = CARTESIAN_POINT('',(-1.299038105677,0.75,-1.663604566268));
#7873 = CARTESIAN_POINT('',(-1.732050807569,1.500901569047E-16,
    -1.621937899601));
#7874 = CARTESIAN_POINT('',(-1.299038105677,-0.75,-1.580271232935));
#7875 = CARTESIAN_POINT('',(-0.866025403784,-1.5,-1.538604566268));
#7876 = CARTESIAN_POINT('',(-1.836970198721E-16,-1.5,-1.496937899601));
#7877 = CARTESIAN_POINT('',(0.866025403784,-1.5,-1.455271232935));
#7878 = CARTESIAN_POINT('',(1.299038105677,-0.75,-1.413604566268));
#7879 = CARTESIAN_POINT('',(1.732050807569,-2.741399385853E-16,
    -1.371937899601));
#7880 = CARTESIAN_POINT('',(1.299038105677,0.75,-1.330271232935));
#7881 = CARTESIAN_POINT('',(0.866025403784,1.5,-1.288604566268));
#7882 = CARTESIAN_POINT('',(0.,1.5,-1.246937899601));
#7883 = CARTESIAN_POINT('',(-0.866025403784,1.5,-1.205271232935));
#7884 = CARTESIAN_POINT('',(-1.299038105677,0.75,-1.163604566268));
#7885 = CARTESIAN_POINT('',(-1.732050807569,1.500901569047E-16,
    -1.121937899601));
#7886 = CARTESIAN_POINT('',(-1.299038105677,-0.75,-1.080271232935));
#7887 = CARTESIAN_POINT('',(-0.866025403784,-1.5,-1.038604566268));
#7888 = CARTESIAN_POINT('',(-1.836970198721E-16,-1.5,-0.996937899601));
#7889 = CARTESIAN_POINT('',(0.866025403784,-1.5,-0.955271232935));
#7890 = CARTESIAN_POINT('',(1.299038105677,-0.75,-0.913604566268));
#7891 = CARTESIAN_POINT('',(1.732050807569,-2.741399385853E-16,
    -0.871937899601));
#7892 = CARTESIAN_POINT('',(1.299038105677,0.75,-0.830271232935));
#7893 = CARTESIAN_POINT('',(0.866025403784,1.5,-0.788604566268));
#7894 = CARTESIAN_POINT('',(0.,1.5,-0.746937899601));
#7895 = CARTESIAN_POINT('',(-0.866025403784,1.5,-0.705271232935));
#7896 = CARTESIAN_POINT('',(-1.299038105677,0.75,-0.663604566268));
#7897 = CARTESIAN_POINT('',(-1.732050807569,1.500901569047E-16,
    -0.621937899601));
#7898 = CARTESIAN_POINT('',(-1.299038105677,-0.75,-0.580271232935));
#7899 = CARTESIAN_POINT('',(-0.866025403784,-1.5,-0.538604566268));
#7900 = CARTESIAN_POINT('',(-1.836970198721E-16,-1.5,-0.496937899601));
#7901 = CARTESIAN_POINT('',(0.866025403784,-1.5,-0.455271232935));
#7902 = CARTESIAN_POINT('',(1.299038105677,-0.75,-0.413604566268));
#7903 = CARTESIAN_POINT('',(1.732050807569,-2.741399385853E-16,
    -0.371937899601));
#7904 = CARTESIAN_POINT('',(1.299038105677,0.75,-0.330271232935));
#7905 = CARTESIAN_POINT('',(0.866025403784,1.5,-0.288604566268));
#7906 = CARTESIAN_POINT('',(0.,1.5,-0.246937899601));
#7907 = CARTESIAN_POINT('',(-0.866025403784,1.5,-0.205271232935));
#7908 = CARTESIAN_POINT('',(-1.299038105677,0.75,-0.163604566268));
#7909 = CARTESIAN_POINT('',(-1.732050807569,1.500901569047E-16,
    -0.121937899601));
#7910 = CARTESIAN_POINT('',(-1.299038105677,-0.75,-8.027123293476E-02));
#7911 = CARTESIAN_POINT('',(-0.866025403784,-1.5,-3.860456626809E-02));
#7912 = CARTESIAN_POINT('',(-1.836970198721E-16,-1.5,3.062100398572E-03)
  );
#7913 = CARTESIAN_POINT('',(0.866025403784,-1.5,4.472876706524E-02));
#7914 = CARTESIAN_POINT('',(1.299038105677,-0.75,8.639543373191E-02));
#7915 = CARTESIAN_POINT('',(1.732050807569,-2.741399385853E-16,
    0.128062100399));
#7916 = CARTESIAN_POINT('',(1.299038105677,0.75,0.169728767065));
#7917 = CARTESIAN_POINT('',(0.866025403784,1.5,0.211395433732));
#7918 = CARTESIAN_POINT('',(0.,1.5,0.253062100399));
#7919 = CARTESIAN_POINT('',(-0.866025403784,1.5,0.294728767065));
#7920 = CARTESIAN_POINT('',(-1.299038105677,0.75,0.336395433732));
#7921 = CARTESIAN_POINT('',(-1.732050807569,1.500901569047E-16,
    0.378062100399));
#7922 = CARTESIAN_POINT('',(-1.299038105677,-0.75,0.419728767065));
#7923 = CARTESIAN_POINT('',(-0.866025403784,-1.5,0.461395433732));
#7924 = CARTESIAN_POINT('',(-1.836970198721E-16,-1.5,0.503062100399));
#7925 = CARTESIAN_POINT('',(0.866025403784,-1.5,0.544728767065));
#7926 = CARTESIAN_POINT('',(1.299038105677,-0.75,0.586395433732));
#7927 = CARTESIAN_POINT('',(1.732050807569,-2.741399385853E-16,
    0.628062100399));
#7928 = CARTESIAN_POINT('',(1.299038105677,0.75,0.669728767065));
#7929 = CARTESIAN_POINT('',(0.866025403784,1.5,0.711395433732));
#7930 = CARTESIAN_POINT('',(0.,1.5,0.753062100399));
#7931 = CARTESIAN_POINT('',(-0.866025403784,1.5,0.794728767065));
#7932 = CARTESIAN_POINT('',(-1.299038105677,0.75,0.836395433732));
#7933 = CARTESIAN_POINT('',(-1.732050807569,1.500901569047E-16,
    0.878062100399));
#7934 = CARTESIAN_POINT('',(-1.299038105677,-0.75,0.919728767065));
#7935 = CARTESIAN_POINT('',(-0.866025403784,-1.5,0.961395433732));
#7936 = CARTESIAN_POINT('',(-1.836970198721E-16,-1.5,1.003062100399));
#7937 = CARTESIAN_POINT('',(0.866025403784,-1.5,1.044728767065));
#7938 = CARTESIAN_POINT('',(1.299038105677,-0.75,1.086395433732));
#7939 = CARTESIAN_POINT('',(1.732050807569,-2.741399385853E-16,
    1.128062100399));
#7940 = CARTESIAN_POINT('',(1.299038105677,0.75,1.169728767065));
#7941 = CARTESIAN_POINT('',(0.866025403784,1.5,1.211395433732));
#7942 = CARTESIAN_POINT('',(0.,1.5,1.253062100399));
#7943 = CARTESIAN_POINT('',(-0.866025403784,1.5,1.294728767065));
#7944 = CARTESIAN_POINT('',(-1.299038105677,0.75,1.336395433732));
#7945 = CARTESIAN_POINT('',(-1.732050807569,1.500901569047E-16,
    1.378062100399));
#7946 = CARTESIAN_POINT('',(-1.299038105677,-0.75,1.419728767065));
#7947 = CARTESIAN_POINT('',(-0.866025403784,-1.5,1.461395433732));
#7948 = CARTESIAN_POINT('',(-1.836970198721E-16,-1.5,1.503062100399));
#7949 = CARTESIAN_POINT('',(0.866025403784,-1.5,1.544728767065));
#7950 = CARTESIAN_POINT('',(1.299038105677,-0.75,1.586395433732));
#7951 = CARTESIAN_POINT('',(1.732050807569,-2.741399385853E-16,
    1.628062100399));
#7952 = CARTESIAN_POINT('',(1.299038105677,0.75,1.669728767065));
#7953 = CARTESIAN_POINT('',(0.866025403784,1.5,1.711395433732));
#7954 = CARTESIAN_POINT('',(0.,1.5,1.753062100399));
#7955 = CARTESIAN_POINT('',(0.,1.175240473581,-1.934437899601));
#7956 = CARTESIAN_POINT('',(-0.678525403784,1.175240473581,
    -1.892771232935));
#7957 = CARTESIAN_POINT('',(-1.017788105677,0.58762023679,
    -1.851104566268));
#7958 = CARTESIAN_POINT('',(-1.357050807569,1.271280294207E-16,
    -1.809437899601));
#7959 = CARTESIAN_POINT('',(-1.017788105677,-0.58762023679,
    -1.767771232935));
#7960 = CARTESIAN_POINT('',(-0.678525403784,-1.175240473581,
    -1.726104566268));
#7961 = CARTESIAN_POINT('',(-1.439254484199E-16,-1.175240473581,
    -1.684437899601));
#7962 = CARTESIAN_POINT('',(0.678525403784,-1.175240473581,
    -1.642771232935));
#7963 = CARTESIAN_POINT('',(1.017788105677,-0.58762023679,
    -1.601104566268));
#7964 = CARTESIAN_POINT('',(1.357050807569,-2.052535561332E-16,
    -1.559437899601));
#7965 = CARTESIAN_POINT('',(1.017788105677,0.58762023679,-1.517771232935
    ));
#7966 = CARTESIAN_POINT('',(0.678525403784,1.175240473581,
    -1.476104566268));
#7967 = CARTESIAN_POINT('',(0.,1.175240473581,-1.434437899601));
#7968 = CARTESIAN_POINT('',(-0.678525403784,1.175240473581,
    -1.392771232935));
#7969 = CARTESIAN_POINT('',(-1.017788105677,0.58762023679,
    -1.351104566268));
#7970 = CARTESIAN_POINT('',(-1.357050807569,1.271280294207E-16,
    -1.309437899601));
#7971 = CARTESIAN_POINT('',(-1.017788105677,-0.58762023679,
    -1.267771232935));
#7972 = CARTESIAN_POINT('',(-0.678525403784,-1.175240473581,
    -1.226104566268));
#7973 = CARTESIAN_POINT('',(-1.439254484199E-16,-1.175240473581,
    -1.184437899601));
#7974 = CARTESIAN_POINT('',(0.678525403784,-1.175240473581,
    -1.142771232935));
#7975 = CARTESIAN_POINT('',(1.017788105677,-0.58762023679,
    -1.101104566268));
#7976 = CARTESIAN_POINT('',(1.357050807569,-2.052535561332E-16,
    -1.059437899601));
#7977 = CARTESIAN_POINT('',(1.017788105677,0.58762023679,-1.017771232935
    ));
#7978 = CARTESIAN_POINT('',(0.678525403784,1.175240473581,
    -0.976104566268));
#7979 = CARTESIAN_POINT('',(0.,1.175240473581,-0.934437899601));
#7980 = CARTESIAN_POINT('',(-0.678525403784,1.175240473581,
    -0.892771232935));
#7981 = CARTESIAN_POINT('',(-1.017788105677,0.58762023679,
    -0.851104566268));
#7982 = CARTESIAN_POINT('',(-1.357050807569,1.271280294207E-16,
    -0.809437899601));
#7983 = CARTESIAN_POINT('',(-1.017788105677,-0.58762023679,
    -0.767771232935));
#7984 = CARTESIAN_POINT('',(-0.678525403784,-1.175240473581,
    -0.726104566268));
#7985 = CARTESIAN_POINT('',(-1.439254484199E-16,-1.175240473581,
    -0.684437899601));
#7986 = CARTESIAN_POINT('',(0.678525403784,-1.175240473581,
    -0.642771232935));
#7987 = CARTESIAN_POINT('',(1.017788105677,-0.58762023679,
    -0.601104566268));
#7988 = CARTESIAN_POINT('',(1.357050807569,-2.052535561332E-16,
    -0.559437899601));
#7989 = CARTESIAN_POINT('',(1.017788105677,0.58762023679,-0.517771232935
    ));
#7990 = CARTESIAN_POINT('',(0.678525403784,1.175240473581,
    -0.476104566268));
#7991 = CARTESIAN_POINT('',(0.,1.175240473581,-0.434437899601));
#7992 = CARTESIAN_POINT('',(-0.678525403784,1.175240473581,
    -0.392771232935));
#7993 = CARTESIAN_POINT('',(-1.017788105677,0.58762023679,
    -0.351104566268));
#7994 = CARTESIAN_POINT('',(-1.357050807569,1.271280294207E-16,
    -0.309437899601));
#7995 = CARTESIAN_POINT('',(-1.017788105677,-0.58762023679,
    -0.267771232935));
#7996 = CARTESIAN_POINT('',(-0.678525403784,-1.175240473581,
    -0.226104566268));
#7997 = CARTESIAN_POINT('',(-1.439254484199E-16,-1.175240473581,
    -0.184437899601));
#7998 = CARTESIAN_POINT('',(0.678525403784,-1.175240473581,
    -0.142771232935));
#7999 = CARTESIAN_POINT('',(1.017788105677,-0.58762023679,
    -0.101104566268));
#8000 = CARTESIAN_POINT('',(1.357050807569,-2.052535561332E-16,
    -5.943789960143E-02));
#8001 = CARTESIAN_POINT('',(1.017788105677,0.58762023679,
    -1.777123293476E-02));
#8002 = CARTESIAN_POINT('',(0.678525403784,1.175240473581,
    2.38954337319E-02));
#8003 = CARTESIAN_POINT('',(0.,1.175240473581,6.556210039857E-02));
#8004 = CARTESIAN_POINT('',(-0.678525403784,1.175240473581,
    0.107228767065));
#8005 = CARTESIAN_POINT('',(-1.017788105677,0.58762023679,0.148895433732
    ));
#8006 = CARTESIAN_POINT('',(-1.357050807569,1.271280294207E-16,
    0.190562100399));
#8007 = CARTESIAN_POINT('',(-1.017788105677,-0.58762023679,
    0.232228767065));
#8008 = CARTESIAN_POINT('',(-0.678525403784,-1.175240473581,
    0.273895433732));
#8009 = CARTESIAN_POINT('',(-1.439254484199E-16,-1.175240473581,
    0.315562100399));
#8010 = CARTESIAN_POINT('',(0.678525403784,-1.175240473581,
    0.357228767065));
#8011 = CARTESIAN_POINT('',(1.017788105677,-0.58762023679,0.398895433732
    ));
#8012 = CARTESIAN_POINT('',(1.357050807569,-2.052535561332E-16,
    0.440562100399));
#8013 = CARTESIAN_POINT('',(1.017788105677,0.58762023679,0.482228767065)
  );
#8014 = CARTESIAN_POINT('',(0.678525403784,1.175240473581,0.523895433732
    ));
#8015 = CARTESIAN_POINT('',(0.,1.175240473581,0.565562100399));
#8016 = CARTESIAN_POINT('',(-0.678525403784,1.175240473581,
    0.607228767065));
#8017 = CARTESIAN_POINT('',(-1.017788105677,0.58762023679,0.648895433732
    ));
#8018 = CARTESIAN_POINT('',(-1.357050807569,1.271280294207E-16,
    0.690562100399));
#8019 = CARTESIAN_POINT('',(-1.017788105677,-0.58762023679,
    0.732228767065));
#8020 = CARTESIAN_POINT('',(-0.678525403784,-1.175240473581,
    0.773895433732));
#8021 = CARTESIAN_POINT('',(-1.439254484199E-16,-1.175240473581,
    0.815562100399));
#8022 = CARTESIAN_POINT('',(0.678525403784,-1.175240473581,
    0.857228767065));
#8023 = CARTESIAN_POINT('',(1.017788105677,-0.58762023679,0.898895433732
    ));
#8024 = CARTESIAN_POINT('',(1.357050807569,-2.052535561332E-16,
    0.940562100399));
#8025 = CARTESIAN_POINT('',(1.017788105677,0.58762023679,0.982228767065)
  );
#8026 = CARTESIAN_POINT('',(0.678525403784,1.175240473581,1.023895433732
    ));
#8027 = CARTESIAN_POINT('',(0.,1.175240473581,1.065562100399));
#8028 = CARTESIAN_POINT('',(-0.678525403784,1.175240473581,
    1.107228767065));
#8029 = CARTESIAN_POINT('',(-1.017788105677,0.58762023679,1.148895433732
    ));
#8030 = CARTESIAN_POINT('',(-1.357050807569,1.271280294207E-16,
    1.190562100399));
#8031 = CARTESIAN_POINT('',(-1.017788105677,-0.58762023679,
    1.232228767065));
#8032 = CARTESIAN_POINT('',(-0.678525403784,-1.175240473581,
    1.273895433732));
#8033 = CARTESIAN_POINT('',(-1.439254484199E-16,-1.175240473581,
    1.315562100399));
#8034 = CARTESIAN_POINT('',(0.678525403784,-1.175240473581,
    1.357228767065));
#8035 = CARTESIAN_POINT('',(1.017788105677,-0.58762023679,1.398895433732
    ));
#8036 = CARTESIAN_POINT('',(1.357050807569,-2.052535561332E-16,
    1.440562100399));
#8037 = CARTESIAN_POINT('',(1.017788105677,0.58762023679,1.482228767065)
  );
#8038 = CARTESIAN_POINT('',(0.678525403784,1.175240473581,1.523895433732
    ));
#8039 = CARTESIAN_POINT('',(0.,1.175240473581,1.565562100399));
#8040 = DEFINITIONAL_REPRESENTATION('',(#8041),#8089);
#8041 = B_SPLINE_CURVE_WITH_KNOTS('',3,(#8042,#8043,#8044,#8045,#8046,
    #8047,#8048,#8049,#8050,#8051,#8052,#8053,#8054,#8055,#8056,#8057,
    #8058,#8059,#8060,#8061,#8062,#8063,#8064,#8065,#8066,#8067,#8068,
    #8069,#8070,#8071,#8072,#8073,#8074,#8075,#8076,#8077,#8078,#8079,
    #8080,#8081,#8082,#8083,#8084,#8085,#8086,#8087,#8088),
  .UNSPECIFIED.,.F.,.F.,(4,1,1,1,1,1,1,1,1,1,1,1,1,1,1,1,1,1,1,1,1,1,1,1
    ,1,1,1,1,1,1,1,1,1,1,1,1,1,1,1,1,1,1,1,1,4),(0.,1.449479471395E-03,
    2.89895894279E-03,4.348438414185E-03,5.79791788558E-03,
    7.247397356975E-03,8.69687682837E-03,1.014635629976E-02,
    1.159583577116E-02,1.304531524255E-02,1.449479471395E-02,
    1.594427418534E-02,1.739375365674E-02,1.884323312813E-02,
    2.029271259953E-02,2.174219207092E-02,2.319167154232E-02,
    2.464115101371E-02,2.609063048511E-02,2.75401099565E-02,
    2.89895894279E-02,3.043906889929E-02,3.188854837069E-02,
    3.333802784208E-02,3.478750731348E-02,3.623698678487E-02,
    3.768646625627E-02,3.913594572766E-02,4.058542519906E-02,
    4.203490467045E-02,4.348438414185E-02,4.493386361324E-02,
    4.638334308464E-02,4.783282255603E-02,4.928230202743E-02,
    5.073178149882E-02,5.218126097022E-02,5.363074044161E-02,
    5.508021991301E-02,5.65296993844E-02,5.79791788558E-02,
    5.942865832719E-02,6.087813779859E-02,6.232761726998E-02,
    6.377709674138E-02),.QUASI_UNIFORM_KNOTS.);
#8042 = CARTESIAN_POINT('',(0.917052583695,0.25));
#8043 = CARTESIAN_POINT('',(0.918826189484,0.250088641448));
#8044 = CARTESIAN_POINT('',(0.921916118804,0.250266367461));
#8045 = CARTESIAN_POINT('',(0.925164470319,0.25053388129));
#8046 = CARTESIAN_POINT('',(0.927011068966,0.250801987941));
#8047 = CARTESIAN_POINT('',(0.927442505846,0.251070101486));
#8048 = CARTESIAN_POINT('',(0.926449275093,0.251337902408));
#8049 = CARTESIAN_POINT('',(0.924024067497,0.251604902072));
#8050 = CARTESIAN_POINT('',(0.920161653394,0.251870685862));
#8051 = CARTESIAN_POINT('',(0.914866212063,0.252134546767));
#8052 = CARTESIAN_POINT('',(0.908145990615,0.252395965809));
#8053 = CARTESIAN_POINT('',(0.900006094553,0.252654662143));
#8054 = CARTESIAN_POINT('',(0.890453760736,0.252910304658));
#8055 = CARTESIAN_POINT('',(0.87949789978,0.253162569015));
#8056 = CARTESIAN_POINT('',(0.867145366056,0.253411204966));
#8057 = CARTESIAN_POINT('',(0.85341600871,0.253655716608));
#8058 = CARTESIAN_POINT('',(0.838390441277,0.253894847992));
#8059 = CARTESIAN_POINT('',(0.822081172868,0.254128676667));
#8060 = CARTESIAN_POINT('',(0.804516676044,0.254356988566));
#8061 = CARTESIAN_POINT('',(0.785721157567,0.254579667566));
#8062 = CARTESIAN_POINT('',(0.765720524922,0.254796585876));
#8063 = CARTESIAN_POINT('',(0.744538359087,0.25500765216));
#8064 = CARTESIAN_POINT('',(0.722205682957,0.255212727421));
#8065 = CARTESIAN_POINT('',(0.698725559333,0.255411911675));
#8066 = CARTESIAN_POINT('',(0.674204595127,0.255604479348));
#8067 = CARTESIAN_POINT('',(0.648771412686,0.255789782381));
#8068 = CARTESIAN_POINT('',(0.622441936298,0.255968089603));
#8069 = CARTESIAN_POINT('',(0.595261104507,0.256139439483));
#8070 = CARTESIAN_POINT('',(0.567264903723,0.256303945955));
#8071 = CARTESIAN_POINT('',(0.538490541127,0.256461715049));
#8072 = CARTESIAN_POINT('',(0.508973725341,0.256612865865));
#8073 = CARTESIAN_POINT('',(0.478749407199,0.256757523657));
#8074 = CARTESIAN_POINT('',(0.44785159943,0.256895820453));
#8075 = CARTESIAN_POINT('',(0.416313444298,0.257027893734));
#8076 = CARTESIAN_POINT('',(0.38416723112,0.257153885674));
#8077 = CARTESIAN_POINT('',(0.351444383893,0.257273942412));
#8078 = CARTESIAN_POINT('',(0.318175633423,0.257388212994));
#8079 = CARTESIAN_POINT('',(0.284390493553,0.257496849903));
#8080 = CARTESIAN_POINT('',(0.250119346351,0.257600003925));
#8081 = CARTESIAN_POINT('',(0.215385794999,0.257697840394));
#8082 = CARTESIAN_POINT('',(0.180274300526,0.257790371347));
#8083 = CARTESIAN_POINT('',(0.144809958608,0.257877787797));
#8084 = CARTESIAN_POINT('',(0.109024660373,0.257960256068));
#8085 = CARTESIAN_POINT('',(7.294763263935E-02,0.258037947983));
#8086 = CARTESIAN_POINT('',(3.660808163424E-02,0.25811103248));
#8087 = CARTESIAN_POINT('',(1.222554991189E-02,0.258156795194));
#8088 = CARTESIAN_POINT('',(0.,0.258178964404));
#8089 = ( GEOMETRIC_REPRESENTATION_CONTEXT(2) 
PARAMETRIC_REPRESENTATION_CONTEXT() REPRESENTATION_CONTEXT('2D SPACE',''
  ) );
#8090 = ORIENTED_EDGE('',*,*,#8091,.F.);
#8091 = EDGE_CURVE('',#8092,#7797,#8094,.T.);
#8092 = VERTEX_POINT('',#8093);
#8093 = CARTESIAN_POINT('',(1.227578437218,-7.955725497525E-15,
    -1.043885259044));
#8094 = SURFACE_CURVE('',#8095,(#8099,#8105),.PCURVE_S1.);
#8095 = LINE('',#8096,#8097);
#8096 = CARTESIAN_POINT('',(4.420500914666,-7.477936008057E-15,
    -1.043885259044));
#8097 = VECTOR('',#8098,1.);
#8098 = DIRECTION('',(-1.,0.,0.));
#8099 = PCURVE('',#4182,#8100);
#8100 = DEFINITIONAL_REPRESENTATION('',(#8101),#8104);
#8101 = B_SPLINE_CURVE_WITH_KNOTS('',1,(#8102,#8103),.UNSPECIFIED.,.F.,
  .F.,(2,2),(3.192922477449,3.218322477449),.PIECEWISE_BEZIER_KNOTS.);
#8102 = CARTESIAN_POINT('',(1.89627090869E-16,2.254693646507E-02));
#8103 = CARTESIAN_POINT('',(2.325560153916E-16,2.508693646508E-02));
#8104 = ( GEOMETRIC_REPRESENTATION_CONTEXT(2) 
PARAMETRIC_REPRESENTATION_CONTEXT() REPRESENTATION_CONTEXT('2D SPACE',''
  ) );
#8105 = PCURVE('',#5987,#8106);
#8106 = DEFINITIONAL_REPRESENTATION('',(#8107),#8110);
#8107 = B_SPLINE_CURVE_WITH_KNOTS('',1,(#8108,#8109),.UNSPECIFIED.,.F.,
  .F.,(2,2),(3.192922477449,3.218322477449),.PIECEWISE_BEZIER_KNOTS.);
#8108 = CARTESIAN_POINT('',(1.,2.287855098023E-02));
#8109 = CARTESIAN_POINT('',(1.,2.541855098024E-02));
#8110 = ( GEOMETRIC_REPRESENTATION_CONTEXT(2) 
PARAMETRIC_REPRESENTATION_CONTEXT() REPRESENTATION_CONTEXT('2D SPACE',''
  ) );
#8111 = ORIENTED_EDGE('',*,*,#8112,.T.);
#8112 = EDGE_CURVE('',#8092,#4170,#8113,.T.);
#8113 = SURFACE_CURVE('',#8114,(#8131,#8182),.PCURVE_S1.);
#8114 = B_SPLINE_CURVE_WITH_KNOTS('',3,(#8115,#8116,#8117,#8118,#8119,
    #8120,#8121,#8122,#8123,#8124,#8125,#8126,#8127,#8128,#8129,#8130),
  .UNSPECIFIED.,.F.,.F.,(4,2,2,2,2,2,2,4),(0.,3.598115711677E-03,
    7.370763925663E-03,9.977561990222E-03,1.918928892714E-02,
    3.190433605291E-02,5.431794239525E-02,6.377709674436E-02),
  .UNSPECIFIED.);
#8115 = CARTESIAN_POINT('',(1.227578437218,-7.334092103872E-15,
    -1.043885259044));
#8116 = CARTESIAN_POINT('',(1.226148699275,1.190819658052E-02,
    -1.043885259044));
#8117 = CARTESIAN_POINT('',(1.22499908668,2.384579891237E-02,
    -1.043616186278));
#8118 = CARTESIAN_POINT('',(1.22323825906,4.832657440644E-02,
    -1.042507253476));
#8119 = CARTESIAN_POINT('',(1.222656623975,6.086040639164E-02,
    -1.041640810005));
#8120 = CARTESIAN_POINT('',(1.222233114653,8.202927881259E-02,
    -1.039669775764));
#8121 = CARTESIAN_POINT('',(1.222218321953,9.066698303604E-02,
    -1.038722049998));
#8122 = CARTESIAN_POINT('',(1.222885498786,0.129745412862,-1.03378409331
    ));
#8123 = CARTESIAN_POINT('',(1.225422518914,0.159814951356,
    -1.028186700825));
#8124 = CARTESIAN_POINT('',(1.236565209933,0.229985348136,-1.01098004273
    ));
#8125 = CARTESIAN_POINT('',(1.246995816136,0.268810415979,
    -0.998090241401));
#8126 = CARTESIAN_POINT('',(1.286732292882,0.370738212472,
    -0.956009467455));
#8127 = CARTESIAN_POINT('',(1.323337007443,0.427013522952,
    -0.923171557042));
#8128 = CARTESIAN_POINT('',(1.386270522694,0.496783751398,
    -0.872995101411));
#8129 = CARTESIAN_POINT('',(1.406218213334,0.516111254427,
    -0.857711753348));
#8130 = CARTESIAN_POINT('',(1.42706516153,0.53416736605,-0.842261934821)
  );
#8131 = PCURVE('',#4182,#8132);
#8132 = DEFINITIONAL_REPRESENTATION('',(#8133),#8181);
#8133 = B_SPLINE_CURVE_WITH_KNOTS('',3,(#8134,#8135,#8136,#8137,#8138,
    #8139,#8140,#8141,#8142,#8143,#8144,#8145,#8146,#8147,#8148,#8149,
    #8150,#8151,#8152,#8153,#8154,#8155,#8156,#8157,#8158,#8159,#8160,
    #8161,#8162,#8163,#8164,#8165,#8166,#8167,#8168,#8169,#8170,#8171,
    #8172,#8173,#8174,#8175,#8176,#8177,#8178,#8179,#8180),
  .UNSPECIFIED.,.F.,.F.,(4,1,1,1,1,1,1,1,1,1,1,1,1,1,1,1,1,1,1,1,1,1,1,1
    ,1,1,1,1,1,1,1,1,1,1,1,1,1,1,1,1,1,1,1,1,4),(0.,1.449479471463E-03,
    2.898958942926E-03,4.348438414388E-03,5.797917885851E-03,
    7.247397357314E-03,8.696876828777E-03,1.014635630024E-02,
    1.15958357717E-02,1.304531524316E-02,1.449479471463E-02,
    1.594427418609E-02,1.739375365755E-02,1.884323312902E-02,
    2.029271260048E-02,2.174219207194E-02,2.31916715434E-02,
    2.464115101487E-02,2.609063048633E-02,2.754010995779E-02,
    2.898958942926E-02,3.043906890072E-02,3.188854837218E-02,
    3.333802784364E-02,3.478750731511E-02,3.623698678657E-02,
    3.768646625803E-02,3.913594572949E-02,4.058542520096E-02,
    4.203490467242E-02,4.348438414388E-02,4.493386361535E-02,
    4.638334308681E-02,4.783282255827E-02,4.928230202973E-02,
    5.07317815012E-02,5.218126097266E-02,5.363074044412E-02,
    5.508021991558E-02,5.652969938705E-02,5.797917885851E-02,
    5.942865832997E-02,6.087813780144E-02,6.23276172729E-02,
    6.377709674436E-02),.QUASI_UNIFORM_KNOTS.);
#8134 = CARTESIAN_POINT('',(0.,2.254693646507E-02));
#8135 = CARTESIAN_POINT('',(2.756902270401E-03,2.260453159455E-02));
#8136 = CARTESIAN_POINT('',(8.230878967196E-03,2.271063370176E-02));
#8137 = CARTESIAN_POINT('',(1.632339438353E-02,2.284211742909E-02));
#8138 = CARTESIAN_POINT('',(2.430054138655E-02,2.294555367716E-02));
#8139 = CARTESIAN_POINT('',(3.215823559843E-02,2.302047013632E-02));
#8140 = CARTESIAN_POINT('',(3.990047030859E-02,2.30664841781E-02));
#8141 = CARTESIAN_POINT('',(4.752634763576E-02,2.3083192726E-02));
#8142 = CARTESIAN_POINT('',(5.503717113979E-02,2.307017462342E-02));
#8143 = CARTESIAN_POINT('',(6.242602772817E-02,2.302713046175E-02));
#8144 = CARTESIAN_POINT('',(6.969136857413E-02,2.295379764681E-02));
#8145 = CARTESIAN_POINT('',(7.683797593046E-02,2.284987029677E-02));
#8146 = CARTESIAN_POINT('',(8.386885039894E-02,2.271505092727E-02));
#8147 = CARTESIAN_POINT('',(9.078680507967E-02,2.254905175174E-02));
#8148 = CARTESIAN_POINT('',(9.759627791901E-02,2.235153779497E-02));
#8149 = CARTESIAN_POINT('',(0.104294558895,2.212235313857E-02));
#8150 = CARTESIAN_POINT('',(0.110857493117,2.186238429078E-02));
#8151 = CARTESIAN_POINT('',(0.117296819049,2.15714528765E-02));
#8152 = CARTESIAN_POINT('',(0.123615563941,2.124962620376E-02));
#8153 = CARTESIAN_POINT('',(0.129818760621,2.089690319272E-02));
#8154 = CARTESIAN_POINT('',(0.13591044613,2.05133106319E-02));
#8155 = CARTESIAN_POINT('',(0.141895046505,2.00988322242E-02));
#8156 = CARTESIAN_POINT('',(0.147774929274,1.965359614666E-02));
#8157 = CARTESIAN_POINT('',(0.153558893495,1.917719576544E-02));
#8158 = CARTESIAN_POINT('',(0.159230736831,1.867121921603E-02));
#8159 = CARTESIAN_POINT('',(0.164774635599,1.813794616799E-02));
#8160 = CARTESIAN_POINT('',(0.17020117699,1.757750668194E-02));
#8161 = CARTESIAN_POINT('',(0.175513508265,1.699060655822E-02));
#8162 = CARTESIAN_POINT('',(0.180716421791,1.637779732823E-02));
#8163 = CARTESIAN_POINT('',(0.185813937648,1.573967185931E-02));
#8164 = CARTESIAN_POINT('',(0.190809967484,1.507681194407E-02));
#8165 = CARTESIAN_POINT('',(0.195708151974,1.438980233804E-02));
#8166 = CARTESIAN_POINT('',(0.200511918879,1.36792270198E-02));
#8167 = CARTESIAN_POINT('',(0.205224481592,1.294567011287E-02));
#8168 = CARTESIAN_POINT('',(0.209848851734,1.21897159379E-02));
#8169 = CARTESIAN_POINT('',(0.214387851806,1.141194788213E-02));
#8170 = CARTESIAN_POINT('',(0.218844110505,1.061295286923E-02));
#8171 = CARTESIAN_POINT('',(0.223220124367,9.793304610631E-03));
#8172 = CARTESIAN_POINT('',(0.227518068633,8.953626130303E-03));
#8173 = CARTESIAN_POINT('',(0.231740542245,8.094356414235E-03));
#8174 = CARTESIAN_POINT('',(0.23588356218,7.217733129807E-03));
#8175 = CARTESIAN_POINT('',(0.239950013452,6.324401611166E-03));
#8176 = CARTESIAN_POINT('',(0.243941720438,5.415204805806E-03));
#8177 = CARTESIAN_POINT('',(0.247860628885,4.490932709577E-03));
#8178 = CARTESIAN_POINT('',(0.251708509014,3.552389511554E-03));
#8179 = CARTESIAN_POINT('',(0.254227498334,2.917713556891E-03));
#8180 = CARTESIAN_POINT('',(0.255475705571,2.598264033832E-03));
#8181 = ( GEOMETRIC_REPRESENTATION_CONTEXT(2) 
PARAMETRIC_REPRESENTATION_CONTEXT() REPRESENTATION_CONTEXT('2D SPACE',''
  ) );
#8182 = PCURVE('',#8183,#8354);
#8183 = ( BOUNDED_SURFACE() B_SPLINE_SURFACE(1,2,(
    (#8184,#8185,#8186,#8187,#8188,#8189,#8190,#8191,#8192,#8193,#8194
      ,#8195,#8196,#8197,#8198,#8199,#8200,#8201,#8202,#8203,#8204,#8205
      ,#8206,#8207,#8208,#8209,#8210,#8211,#8212,#8213,#8214,#8215,#8216
      ,#8217,#8218,#8219,#8220,#8221,#8222,#8223,#8224,#8225,#8226,#8227
      ,#8228,#8229,#8230,#8231,#8232,#8233,#8234,#8235,#8236,#8237,#8238
      ,#8239,#8240,#8241,#8242,#8243,#8244,#8245,#8246,#8247,#8248,#8249
      ,#8250,#8251,#8252,#8253,#8254,#8255,#8256,#8257,#8258,#8259,#8260
      ,#8261,#8262,#8263,#8264,#8265,#8266,#8267,#8268)
    ,(#8269,#8270,#8271,#8272,#8273,#8274,#8275,#8276,#8277,#8278,#8279
      ,#8280,#8281,#8282,#8283,#8284,#8285,#8286,#8287,#8288,#8289,#8290
      ,#8291,#8292,#8293,#8294,#8295,#8296,#8297,#8298,#8299,#8300,#8301
      ,#8302,#8303,#8304,#8305,#8306,#8307,#8308,#8309,#8310,#8311,#8312
      ,#8313,#8314,#8315,#8316,#8317,#8318,#8319,#8320,#8321,#8322,#8323
      ,#8324,#8325,#8326,#8327,#8328,#8329,#8330,#8331,#8332,#8333,#8334
      ,#8335,#8336,#8337,#8338,#8339,#8340,#8341,#8342,#8343,#8344,#8345
      ,#8346,#8347,#8348,#8349,#8350,#8351,#8352,#8353
)),.UNSPECIFIED.,.F.,.F.,.F.) B_SPLINE_SURFACE_WITH_KNOTS((2,2),(3,2,2,2
    ,2,2,2,2,2,2,2,2,2,2,2,2,2,2,2,2,2,2,2,2,2,2,2,2,2,2,2,2,2,2,2,2,2,2
    ,2,2,2,2,3),(0.,1.),(0.,2.380952380952E-02,4.761904761905E-02,
    7.142857142857E-02,9.52380952381E-02,0.119047619048,0.142857142857,
    0.166666666667,0.190476190476,0.214285714286,0.238095238095,
    0.261904761905,0.285714285714,0.309523809524,0.333333333333,
    0.357142857143,0.380952380952,0.404761904762,0.428571428571,
    0.452380952381,0.47619047619,0.5,0.52380952381,0.547619047619,
    0.571428571429,0.595238095238,0.619047619048,0.642857142857,
    0.666666666667,0.690476190476,0.714285714286,0.738095238095,
    0.761904761905,0.785714285714,0.809523809524,0.833333333333,
    0.857142857143,0.880952380952,0.904761904762,0.928571428571,
    0.952380952381,0.97619047619,1.),.UNSPECIFIED.) 
GEOMETRIC_REPRESENTATION_ITEM() RATIONAL_B_SPLINE_SURFACE((
    (1.,0.866025403784,1.,0.866025403784,1.,0.866025403784,1.
      ,0.866025403784,1.,0.866025403784,1.,0.866025403784,1.
      ,0.866025403784,1.,0.866025403784,1.,0.866025403784,1.
      ,0.866025403784,1.,0.866025403784,1.,0.866025403784,1.
      ,0.866025403784,1.,0.866025403784,1.,0.866025403784,1.
      ,0.866025403784,1.,0.866025403784,1.,0.866025403784,1.
      ,0.866025403784,1.,0.866025403784,1.,0.866025403784,1.
      ,0.866025403784,1.,0.866025403784,1.,0.866025403784,1.
      ,0.866025403784,1.,0.866025403784,1.,0.866025403784,1.
      ,0.866025403784,1.,0.866025403784,1.,0.866025403784,1.
      ,0.866025403784,1.,0.866025403784,1.,0.866025403784,1.
      ,0.866025403784,1.,0.866025403784,1.,0.866025403784,1.
      ,0.866025403784,1.,0.866025403784,1.,0.866025403784,1.
      ,0.866025403784,1.,0.866025403784,1.,0.866025403784,1.)
    ,(1.,0.866025403784,1.,0.866025403784,1.,0.866025403784,1.
      ,0.866025403784,1.,0.866025403784,1.,0.866025403784,1.
      ,0.866025403784,1.,0.866025403784,1.,0.866025403784,1.
      ,0.866025403784,1.,0.866025403784,1.,0.866025403784,1.
      ,0.866025403784,1.,0.866025403784,1.,0.866025403784,1.
      ,0.866025403784,1.,0.866025403784,1.,0.866025403784,1.
      ,0.866025403784,1.,0.866025403784,1.,0.866025403784,1.
      ,0.866025403784,1.,0.866025403784,1.,0.866025403784,1.
      ,0.866025403784,1.,0.866025403784,1.,0.866025403784,1.
      ,0.866025403784,1.,0.866025403784,1.,0.866025403784,1.
      ,0.866025403784,1.,0.866025403784,1.,0.866025403784,1.
      ,0.866025403784,1.,0.866025403784,1.,0.866025403784,1.
      ,0.866025403784,1.,0.866025403784,1.,0.866025403784,1.
      ,0.866025403784,1.,0.866025403784,1.,0.866025403784,1.
))) REPRESENTATION_ITEM('') SURFACE() );
#8184 = CARTESIAN_POINT('',(2.54E-02,1.5,-1.746937899601));
#8185 = CARTESIAN_POINT('',(-0.840625403784,1.5,-1.705271232935));
#8186 = CARTESIAN_POINT('',(-1.273638105677,0.75,-1.663604566268));
#8187 = CARTESIAN_POINT('',(-1.706650807569,1.500901569047E-16,
    -1.621937899601));
#8188 = CARTESIAN_POINT('',(-1.273638105677,-0.75,-1.580271232935));
#8189 = CARTESIAN_POINT('',(-0.840625403784,-1.5,-1.538604566268));
#8190 = CARTESIAN_POINT('',(2.54E-02,-1.5,-1.496937899601));
#8191 = CARTESIAN_POINT('',(0.891425403784,-1.5,-1.455271232935));
#8192 = CARTESIAN_POINT('',(1.324438105677,-0.75,-1.413604566268));
#8193 = CARTESIAN_POINT('',(1.757450807569,-2.741399385853E-16,
    -1.371937899601));
#8194 = CARTESIAN_POINT('',(1.324438105677,0.75,-1.330271232935));
#8195 = CARTESIAN_POINT('',(0.891425403784,1.5,-1.288604566268));
#8196 = CARTESIAN_POINT('',(2.54E-02,1.5,-1.246937899601));
#8197 = CARTESIAN_POINT('',(-0.840625403784,1.5,-1.205271232935));
#8198 = CARTESIAN_POINT('',(-1.273638105677,0.75,-1.163604566268));
#8199 = CARTESIAN_POINT('',(-1.706650807569,1.500901569047E-16,
    -1.121937899601));
#8200 = CARTESIAN_POINT('',(-1.273638105677,-0.75,-1.080271232935));
#8201 = CARTESIAN_POINT('',(-0.840625403784,-1.5,-1.038604566268));
#8202 = CARTESIAN_POINT('',(2.54E-02,-1.5,-0.996937899601));
#8203 = CARTESIAN_POINT('',(0.891425403784,-1.5,-0.955271232935));
#8204 = CARTESIAN_POINT('',(1.324438105677,-0.75,-0.913604566268));
#8205 = CARTESIAN_POINT('',(1.757450807569,-2.741399385853E-16,
    -0.871937899601));
#8206 = CARTESIAN_POINT('',(1.324438105677,0.75,-0.830271232935));
#8207 = CARTESIAN_POINT('',(0.891425403784,1.5,-0.788604566268));
#8208 = CARTESIAN_POINT('',(2.54E-02,1.5,-0.746937899601));
#8209 = CARTESIAN_POINT('',(-0.840625403784,1.5,-0.705271232935));
#8210 = CARTESIAN_POINT('',(-1.273638105677,0.75,-0.663604566268));
#8211 = CARTESIAN_POINT('',(-1.706650807569,1.500901569047E-16,
    -0.621937899601));
#8212 = CARTESIAN_POINT('',(-1.273638105677,-0.75,-0.580271232935));
#8213 = CARTESIAN_POINT('',(-0.840625403784,-1.5,-0.538604566268));
#8214 = CARTESIAN_POINT('',(2.54E-02,-1.5,-0.496937899601));
#8215 = CARTESIAN_POINT('',(0.891425403784,-1.5,-0.455271232935));
#8216 = CARTESIAN_POINT('',(1.324438105677,-0.75,-0.413604566268));
#8217 = CARTESIAN_POINT('',(1.757450807569,-2.741399385853E-16,
    -0.371937899601));
#8218 = CARTESIAN_POINT('',(1.324438105677,0.75,-0.330271232935));
#8219 = CARTESIAN_POINT('',(0.891425403784,1.5,-0.288604566268));
#8220 = CARTESIAN_POINT('',(2.54E-02,1.5,-0.246937899601));
#8221 = CARTESIAN_POINT('',(-0.840625403784,1.5,-0.205271232935));
#8222 = CARTESIAN_POINT('',(-1.273638105677,0.75,-0.163604566268));
#8223 = CARTESIAN_POINT('',(-1.706650807569,1.500901569047E-16,
    -0.121937899601));
#8224 = CARTESIAN_POINT('',(-1.273638105677,-0.75,-8.027123293476E-02));
#8225 = CARTESIAN_POINT('',(-0.840625403784,-1.5,-3.860456626809E-02));
#8226 = CARTESIAN_POINT('',(2.54E-02,-1.5,3.062100398572E-03));
#8227 = CARTESIAN_POINT('',(0.891425403784,-1.5,4.472876706524E-02));
#8228 = CARTESIAN_POINT('',(1.324438105677,-0.75,8.639543373191E-02));
#8229 = CARTESIAN_POINT('',(1.757450807569,-2.741399385853E-16,
    0.128062100399));
#8230 = CARTESIAN_POINT('',(1.324438105677,0.75,0.169728767065));
#8231 = CARTESIAN_POINT('',(0.891425403784,1.5,0.211395433732));
#8232 = CARTESIAN_POINT('',(2.54E-02,1.5,0.253062100399));
#8233 = CARTESIAN_POINT('',(-0.840625403784,1.5,0.294728767065));
#8234 = CARTESIAN_POINT('',(-1.273638105677,0.75,0.336395433732));
#8235 = CARTESIAN_POINT('',(-1.706650807569,1.500901569047E-16,
    0.378062100399));
#8236 = CARTESIAN_POINT('',(-1.273638105677,-0.75,0.419728767065));
#8237 = CARTESIAN_POINT('',(-0.840625403784,-1.5,0.461395433732));
#8238 = CARTESIAN_POINT('',(2.54E-02,-1.5,0.503062100399));
#8239 = CARTESIAN_POINT('',(0.891425403784,-1.5,0.544728767065));
#8240 = CARTESIAN_POINT('',(1.324438105677,-0.75,0.586395433732));
#8241 = CARTESIAN_POINT('',(1.757450807569,-2.741399385853E-16,
    0.628062100399));
#8242 = CARTESIAN_POINT('',(1.324438105677,0.75,0.669728767065));
#8243 = CARTESIAN_POINT('',(0.891425403784,1.5,0.711395433732));
#8244 = CARTESIAN_POINT('',(2.54E-02,1.5,0.753062100399));
#8245 = CARTESIAN_POINT('',(-0.840625403784,1.5,0.794728767065));
#8246 = CARTESIAN_POINT('',(-1.273638105677,0.75,0.836395433732));
#8247 = CARTESIAN_POINT('',(-1.706650807569,1.500901569047E-16,
    0.878062100399));
#8248 = CARTESIAN_POINT('',(-1.273638105677,-0.75,0.919728767065));
#8249 = CARTESIAN_POINT('',(-0.840625403784,-1.5,0.961395433732));
#8250 = CARTESIAN_POINT('',(2.54E-02,-1.5,1.003062100399));
#8251 = CARTESIAN_POINT('',(0.891425403784,-1.5,1.044728767065));
#8252 = CARTESIAN_POINT('',(1.324438105677,-0.75,1.086395433732));
#8253 = CARTESIAN_POINT('',(1.757450807569,-2.741399385853E-16,
    1.128062100399));
#8254 = CARTESIAN_POINT('',(1.324438105677,0.75,1.169728767065));
#8255 = CARTESIAN_POINT('',(0.891425403784,1.5,1.211395433732));
#8256 = CARTESIAN_POINT('',(2.54E-02,1.5,1.253062100399));
#8257 = CARTESIAN_POINT('',(-0.840625403784,1.5,1.294728767065));
#8258 = CARTESIAN_POINT('',(-1.273638105677,0.75,1.336395433732));
#8259 = CARTESIAN_POINT('',(-1.706650807569,1.500901569047E-16,
    1.378062100399));
#8260 = CARTESIAN_POINT('',(-1.273638105677,-0.75,1.419728767065));
#8261 = CARTESIAN_POINT('',(-0.840625403784,-1.5,1.461395433732));
#8262 = CARTESIAN_POINT('',(2.54E-02,-1.5,1.503062100399));
#8263 = CARTESIAN_POINT('',(0.891425403784,-1.5,1.544728767065));
#8264 = CARTESIAN_POINT('',(1.324438105677,-0.75,1.586395433732));
#8265 = CARTESIAN_POINT('',(1.757450807569,-2.741399385853E-16,
    1.628062100399));
#8266 = CARTESIAN_POINT('',(1.324438105677,0.75,1.669728767065));
#8267 = CARTESIAN_POINT('',(0.891425403784,1.5,1.711395433732));
#8268 = CARTESIAN_POINT('',(2.54E-02,1.5,1.753062100399));
#8269 = CARTESIAN_POINT('',(2.54E-02,1.175240473581,-1.934437899601));
#8270 = CARTESIAN_POINT('',(-0.653125403784,1.175240473581,
    -1.892771232935));
#8271 = CARTESIAN_POINT('',(-0.992388105677,0.58762023679,
    -1.851104566268));
#8272 = CARTESIAN_POINT('',(-1.331650807569,1.271280294207E-16,
    -1.809437899601));
#8273 = CARTESIAN_POINT('',(-0.992388105677,-0.58762023679,
    -1.767771232935));
#8274 = CARTESIAN_POINT('',(-0.653125403784,-1.175240473581,
    -1.726104566268));
#8275 = CARTESIAN_POINT('',(2.54E-02,-1.175240473581,-1.684437899601));
#8276 = CARTESIAN_POINT('',(0.703925403784,-1.175240473581,
    -1.642771232935));
#8277 = CARTESIAN_POINT('',(1.043188105677,-0.58762023679,
    -1.601104566268));
#8278 = CARTESIAN_POINT('',(1.382450807569,-2.052535561332E-16,
    -1.559437899601));
#8279 = CARTESIAN_POINT('',(1.043188105677,0.58762023679,-1.517771232935
    ));
#8280 = CARTESIAN_POINT('',(0.703925403784,1.175240473581,
    -1.476104566268));
#8281 = CARTESIAN_POINT('',(2.54E-02,1.175240473581,-1.434437899601));
#8282 = CARTESIAN_POINT('',(-0.653125403784,1.175240473581,
    -1.392771232935));
#8283 = CARTESIAN_POINT('',(-0.992388105677,0.58762023679,
    -1.351104566268));
#8284 = CARTESIAN_POINT('',(-1.331650807569,1.271280294207E-16,
    -1.309437899601));
#8285 = CARTESIAN_POINT('',(-0.992388105677,-0.58762023679,
    -1.267771232935));
#8286 = CARTESIAN_POINT('',(-0.653125403784,-1.175240473581,
    -1.226104566268));
#8287 = CARTESIAN_POINT('',(2.54E-02,-1.175240473581,-1.184437899601));
#8288 = CARTESIAN_POINT('',(0.703925403784,-1.175240473581,
    -1.142771232935));
#8289 = CARTESIAN_POINT('',(1.043188105677,-0.58762023679,
    -1.101104566268));
#8290 = CARTESIAN_POINT('',(1.382450807569,-2.052535561332E-16,
    -1.059437899601));
#8291 = CARTESIAN_POINT('',(1.043188105677,0.58762023679,-1.017771232935
    ));
#8292 = CARTESIAN_POINT('',(0.703925403784,1.175240473581,
    -0.976104566268));
#8293 = CARTESIAN_POINT('',(2.54E-02,1.175240473581,-0.934437899601));
#8294 = CARTESIAN_POINT('',(-0.653125403784,1.175240473581,
    -0.892771232935));
#8295 = CARTESIAN_POINT('',(-0.992388105677,0.58762023679,
    -0.851104566268));
#8296 = CARTESIAN_POINT('',(-1.331650807569,1.271280294207E-16,
    -0.809437899601));
#8297 = CARTESIAN_POINT('',(-0.992388105677,-0.58762023679,
    -0.767771232935));
#8298 = CARTESIAN_POINT('',(-0.653125403784,-1.175240473581,
    -0.726104566268));
#8299 = CARTESIAN_POINT('',(2.54E-02,-1.175240473581,-0.684437899601));
#8300 = CARTESIAN_POINT('',(0.703925403784,-1.175240473581,
    -0.642771232935));
#8301 = CARTESIAN_POINT('',(1.043188105677,-0.58762023679,
    -0.601104566268));
#8302 = CARTESIAN_POINT('',(1.382450807569,-2.052535561332E-16,
    -0.559437899601));
#8303 = CARTESIAN_POINT('',(1.043188105677,0.58762023679,-0.517771232935
    ));
#8304 = CARTESIAN_POINT('',(0.703925403784,1.175240473581,
    -0.476104566268));
#8305 = CARTESIAN_POINT('',(2.54E-02,1.175240473581,-0.434437899601));
#8306 = CARTESIAN_POINT('',(-0.653125403784,1.175240473581,
    -0.392771232935));
#8307 = CARTESIAN_POINT('',(-0.992388105677,0.58762023679,
    -0.351104566268));
#8308 = CARTESIAN_POINT('',(-1.331650807569,1.271280294207E-16,
    -0.309437899601));
#8309 = CARTESIAN_POINT('',(-0.992388105677,-0.58762023679,
    -0.267771232935));
#8310 = CARTESIAN_POINT('',(-0.653125403784,-1.175240473581,
    -0.226104566268));
#8311 = CARTESIAN_POINT('',(2.54E-02,-1.175240473581,-0.184437899601));
#8312 = CARTESIAN_POINT('',(0.703925403784,-1.175240473581,
    -0.142771232935));
#8313 = CARTESIAN_POINT('',(1.043188105677,-0.58762023679,
    -0.101104566268));
#8314 = CARTESIAN_POINT('',(1.382450807569,-2.052535561332E-16,
    -5.943789960143E-02));
#8315 = CARTESIAN_POINT('',(1.043188105677,0.58762023679,
    -1.777123293476E-02));
#8316 = CARTESIAN_POINT('',(0.703925403784,1.175240473581,
    2.38954337319E-02));
#8317 = CARTESIAN_POINT('',(2.54E-02,1.175240473581,6.556210039857E-02)
  );
#8318 = CARTESIAN_POINT('',(-0.653125403784,1.175240473581,
    0.107228767065));
#8319 = CARTESIAN_POINT('',(-0.992388105677,0.58762023679,0.148895433732
    ));
#8320 = CARTESIAN_POINT('',(-1.331650807569,1.271280294207E-16,
    0.190562100399));
#8321 = CARTESIAN_POINT('',(-0.992388105677,-0.58762023679,
    0.232228767065));
#8322 = CARTESIAN_POINT('',(-0.653125403784,-1.175240473581,
    0.273895433732));
#8323 = CARTESIAN_POINT('',(2.54E-02,-1.175240473581,0.315562100399));
#8324 = CARTESIAN_POINT('',(0.703925403784,-1.175240473581,
    0.357228767065));
#8325 = CARTESIAN_POINT('',(1.043188105677,-0.58762023679,0.398895433732
    ));
#8326 = CARTESIAN_POINT('',(1.382450807569,-2.052535561332E-16,
    0.440562100399));
#8327 = CARTESIAN_POINT('',(1.043188105677,0.58762023679,0.482228767065)
  );
#8328 = CARTESIAN_POINT('',(0.703925403784,1.175240473581,0.523895433732
    ));
#8329 = CARTESIAN_POINT('',(2.54E-02,1.175240473581,0.565562100399));
#8330 = CARTESIAN_POINT('',(-0.653125403784,1.175240473581,
    0.607228767065));
#8331 = CARTESIAN_POINT('',(-0.992388105677,0.58762023679,0.648895433732
    ));
#8332 = CARTESIAN_POINT('',(-1.331650807569,1.271280294207E-16,
    0.690562100399));
#8333 = CARTESIAN_POINT('',(-0.992388105677,-0.58762023679,
    0.732228767065));
#8334 = CARTESIAN_POINT('',(-0.653125403784,-1.175240473581,
    0.773895433732));
#8335 = CARTESIAN_POINT('',(2.54E-02,-1.175240473581,0.815562100399));
#8336 = CARTESIAN_POINT('',(0.703925403784,-1.175240473581,
    0.857228767065));
#8337 = CARTESIAN_POINT('',(1.043188105677,-0.58762023679,0.898895433732
    ));
#8338 = CARTESIAN_POINT('',(1.382450807569,-2.052535561332E-16,
    0.940562100399));
#8339 = CARTESIAN_POINT('',(1.043188105677,0.58762023679,0.982228767065)
  );
#8340 = CARTESIAN_POINT('',(0.703925403784,1.175240473581,1.023895433732
    ));
#8341 = CARTESIAN_POINT('',(2.54E-02,1.175240473581,1.065562100399));
#8342 = CARTESIAN_POINT('',(-0.653125403784,1.175240473581,
    1.107228767065));
#8343 = CARTESIAN_POINT('',(-0.992388105677,0.58762023679,1.148895433732
    ));
#8344 = CARTESIAN_POINT('',(-1.331650807569,1.271280294207E-16,
    1.190562100399));
#8345 = CARTESIAN_POINT('',(-0.992388105677,-0.58762023679,
    1.232228767065));
#8346 = CARTESIAN_POINT('',(-0.653125403784,-1.175240473581,
    1.273895433732));
#8347 = CARTESIAN_POINT('',(2.54E-02,-1.175240473581,1.315562100399));
#8348 = CARTESIAN_POINT('',(0.703925403784,-1.175240473581,
    1.357228767065));
#8349 = CARTESIAN_POINT('',(1.043188105677,-0.58762023679,1.398895433732
    ));
#8350 = CARTESIAN_POINT('',(1.382450807569,-2.052535561332E-16,
    1.440562100399));
#8351 = CARTESIAN_POINT('',(1.043188105677,0.58762023679,1.482228767065)
  );
#8352 = CARTESIAN_POINT('',(0.703925403784,1.175240473581,1.523895433732
    ));
#8353 = CARTESIAN_POINT('',(2.54E-02,1.175240473581,1.565562100399));
#8354 = DEFINITIONAL_REPRESENTATION('',(#8355),#8403);
#8355 = B_SPLINE_CURVE_WITH_KNOTS('',3,(#8356,#8357,#8358,#8359,#8360,
    #8361,#8362,#8363,#8364,#8365,#8366,#8367,#8368,#8369,#8370,#8371,
    #8372,#8373,#8374,#8375,#8376,#8377,#8378,#8379,#8380,#8381,#8382,
    #8383,#8384,#8385,#8386,#8387,#8388,#8389,#8390,#8391,#8392,#8393,
    #8394,#8395,#8396,#8397,#8398,#8399,#8400,#8401,#8402),
  .UNSPECIFIED.,.F.,.F.,(4,1,1,1,1,1,1,1,1,1,1,1,1,1,1,1,1,1,1,1,1,1,1,1
    ,1,1,1,1,1,1,1,1,1,1,1,1,1,1,1,1,1,1,1,1,4),(0.,1.449479471463E-03,
    2.898958942926E-03,4.348438414388E-03,5.797917885851E-03,
    7.247397357314E-03,8.696876828777E-03,1.014635630024E-02,
    1.15958357717E-02,1.304531524316E-02,1.449479471463E-02,
    1.594427418609E-02,1.739375365755E-02,1.884323312902E-02,
    2.029271260048E-02,2.174219207194E-02,2.31916715434E-02,
    2.464115101487E-02,2.609063048633E-02,2.754010995779E-02,
    2.898958942926E-02,3.043906890072E-02,3.188854837218E-02,
    3.333802784364E-02,3.478750731511E-02,3.623698678657E-02,
    3.768646625803E-02,3.913594572949E-02,4.058542520096E-02,
    4.203490467242E-02,4.348438414388E-02,4.493386361535E-02,
    4.638334308681E-02,4.783282255827E-02,4.928230202973E-02,
    5.07317815012E-02,5.218126097266E-02,5.363074044412E-02,
    5.508021991558E-02,5.652969938705E-02,5.797917885851E-02,
    5.942865832997E-02,6.087813780144E-02,6.23276172729E-02,
    6.377709674436E-02),.QUASI_UNIFORM_KNOTS.);
#8356 = CARTESIAN_POINT('',(0.917052583695,0.25));
#8357 = CARTESIAN_POINT('',(0.918826189484,0.250088641448));
#8358 = CARTESIAN_POINT('',(0.921916118804,0.250266367461));
#8359 = CARTESIAN_POINT('',(0.925164470319,0.25053388129));
#8360 = CARTESIAN_POINT('',(0.927011068966,0.250801987941));
#8361 = CARTESIAN_POINT('',(0.927442505846,0.251070101486));
#8362 = CARTESIAN_POINT('',(0.926449275092,0.251337902408));
#8363 = CARTESIAN_POINT('',(0.924024067496,0.251604902072));
#8364 = CARTESIAN_POINT('',(0.920161653392,0.251870685862));
#8365 = CARTESIAN_POINT('',(0.91486621206,0.252134546767));
#8366 = CARTESIAN_POINT('',(0.908145990612,0.252395965809));
#8367 = CARTESIAN_POINT('',(0.900006094549,0.252654662143));
#8368 = CARTESIAN_POINT('',(0.890453760731,0.252910304659));
#8369 = CARTESIAN_POINT('',(0.879497899774,0.253162569015));
#8370 = CARTESIAN_POINT('',(0.867145366048,0.253411204967));
#8371 = CARTESIAN_POINT('',(0.853416008701,0.253655716608));
#8372 = CARTESIAN_POINT('',(0.838390441266,0.253894847992));
#8373 = CARTESIAN_POINT('',(0.822081172855,0.254128676668));
#8374 = CARTESIAN_POINT('',(0.804516676029,0.254356988566));
#8375 = CARTESIAN_POINT('',(0.78572115755,0.254579667566));
#8376 = CARTESIAN_POINT('',(0.765720524904,0.254796585876));
#8377 = CARTESIAN_POINT('',(0.744538359067,0.25500765216));
#8378 = CARTESIAN_POINT('',(0.722205682936,0.255212727421));
#8379 = CARTESIAN_POINT('',(0.69872555931,0.255411911676));
#8380 = CARTESIAN_POINT('',(0.674204595101,0.255604479348));
#8381 = CARTESIAN_POINT('',(0.648771412657,0.255789782381));
#8382 = CARTESIAN_POINT('',(0.622441936266,0.255968089603));
#8383 = CARTESIAN_POINT('',(0.595261104472,0.256139439483));
#8384 = CARTESIAN_POINT('',(0.567264903686,0.256303945955));
#8385 = CARTESIAN_POINT('',(0.538490541087,0.256461715049));
#8386 = CARTESIAN_POINT('',(0.508973725299,0.256612865865));
#8387 = CARTESIAN_POINT('',(0.478749407154,0.256757523657));
#8388 = CARTESIAN_POINT('',(0.447851599384,0.256895820454));
#8389 = CARTESIAN_POINT('',(0.41631344425,0.257027893734));
#8390 = CARTESIAN_POINT('',(0.38416723107,0.257153885674));
#8391 = CARTESIAN_POINT('',(0.351444383841,0.257273942412));
#8392 = CARTESIAN_POINT('',(0.31817563337,0.257388212994));
#8393 = CARTESIAN_POINT('',(0.284390493499,0.257496849904));
#8394 = CARTESIAN_POINT('',(0.250119346296,0.257600003925));
#8395 = CARTESIAN_POINT('',(0.215385794943,0.257697840394));
#8396 = CARTESIAN_POINT('',(0.180274300467,0.257790371347));
#8397 = CARTESIAN_POINT('',(0.144809958549,0.257877787797));
#8398 = CARTESIAN_POINT('',(0.109024660317,0.257960256068));
#8399 = CARTESIAN_POINT('',(7.29476325921E-02,0.258037947984));
#8400 = CARTESIAN_POINT('',(3.660808160525E-02,0.25811103248));
#8401 = CARTESIAN_POINT('',(1.222554990112E-02,0.258156795194));
#8402 = CARTESIAN_POINT('',(0.,0.258178964404));
#8403 = ( GEOMETRIC_REPRESENTATION_CONTEXT(2) 
PARAMETRIC_REPRESENTATION_CONTEXT() REPRESENTATION_CONTEXT('2D SPACE',''
  ) );
#8404 = ADVANCED_FACE('',(#8405),#5987,.F.);
#8405 = FACE_BOUND('',#8406,.F.);
#8406 = EDGE_LOOP('',(#8407,#8479,#8504,#8581,#8606,#8634,#8656,#8710,
    #8738,#8789,#8811,#8839,#8864,#8944,#8969,#9093,#9094,#9220,#9245,
    #9325,#9350,#9378,#9400,#9451,#9479,#9533,#9555,#9583,#9608,#9685,
    #9710,#9780));
#8407 = ORIENTED_EDGE('',*,*,#8408,.F.);
#8408 = EDGE_CURVE('',#8409,#7797,#8411,.T.);
#8409 = VERTEX_POINT('',#8410);
#8410 = CARTESIAN_POINT('',(1.426994862393,-0.462261465734,
    -0.897619092142));
#8411 = SURFACE_CURVE('',#8412,(#8421,#8450),.PCURVE_S1.);
#8412 = B_SPLINE_CURVE_WITH_KNOTS('',3,(#8413,#8414,#8415,#8416,#8417,
    #8418,#8419,#8420),.UNSPECIFIED.,.F.,.F.,(4,2,2,4),(0.,
    2.761054923753E-02,4.268965310148E-02,5.521888531065E-02),
  .UNSPECIFIED.);
#8413 = CARTESIAN_POINT('',(1.426994862393,-0.462261465734,
    -0.897619092142));
#8414 = CARTESIAN_POINT('',(1.368707345812,-0.403635010112,
    -0.938066286699));
#8415 = CARTESIAN_POINT('',(1.318230825027,-0.33573225007,-0.97437019107
    ));
#8416 = CARTESIAN_POINT('',(1.257798636816,-0.214387847892,
    -1.015685955452));
#8417 = CARTESIAN_POINT('',(1.240131773567,-0.168968388862,
    -1.027148592026));
#8418 = CARTESIAN_POINT('',(1.215391323006,-8.187983382003E-02,
    -1.040648534015));
#8419 = CARTESIAN_POINT('',(1.207127611039,-4.122135464229E-02,
    -1.043885259044));
#8420 = CARTESIAN_POINT('',(1.202178437218,-7.599192955739E-15,
    -1.043885259044));
#8421 = PCURVE('',#5987,#8422);
#8422 = DEFINITIONAL_REPRESENTATION('',(#8423),#8449);
#8423 = B_SPLINE_CURVE_WITH_KNOTS('',3,(#8424,#8425,#8426,#8427,#8428,
    #8429,#8430,#8431,#8432,#8433,#8434,#8435,#8436,#8437,#8438,#8439,
    #8440,#8441,#8442,#8443,#8444,#8445,#8446,#8447,#8448),
  .UNSPECIFIED.,.F.,.F.,(4,1,1,1,1,1,1,1,1,1,1,1,1,1,1,1,1,1,1,1,1,1,4),
  (0.,2.509949332302E-03,5.019898664604E-03,7.529847996907E-03,
    1.003979732921E-02,1.254974666151E-02,1.505969599381E-02,
    1.756964532612E-02,2.007959465842E-02,2.258954399072E-02,
    2.509949332302E-02,2.760944265532E-02,3.011939198763E-02,
    3.262934131993E-02,3.513929065223E-02,3.764923998453E-02,
    4.015918931684E-02,4.266913864914E-02,4.517908798144E-02,
    4.768903731374E-02,5.019898664604E-02,5.270893597835E-02,
    5.521888531065E-02),.QUASI_UNIFORM_KNOTS.);
#8424 = CARTESIAN_POINT('',(0.776608900099,2.936908462665E-03));
#8425 = CARTESIAN_POINT('',(0.778969993489,3.466773740125E-03));
#8426 = CARTESIAN_POINT('',(0.783756605243,4.513594593848E-03));
#8427 = CARTESIAN_POINT('',(0.791138971915,6.043483327824E-03));
#8428 = CARTESIAN_POINT('',(0.79873254731,7.531416100894E-03));
#8429 = CARTESIAN_POINT('',(0.806547541642,8.975779398258E-03));
#8430 = CARTESIAN_POINT('',(0.814595236314,1.037496007842E-02));
#8431 = CARTESIAN_POINT('',(0.822888195481,1.172734360716E-02));
#8432 = CARTESIAN_POINT('',(0.831440409986,1.303132064784E-02));
#8433 = CARTESIAN_POINT('',(0.840267177486,1.428526246627E-02));
#8434 = CARTESIAN_POINT('',(0.849386167412,1.548761272078E-02));
#8435 = CARTESIAN_POINT('',(0.858814078265,1.663654489728E-02));
#8436 = CARTESIAN_POINT('',(0.868579815062,1.773124077883E-02));
#8437 = CARTESIAN_POINT('',(0.878676075265,1.876711913221E-02));
#8438 = CARTESIAN_POINT('',(0.889087392973,1.973989185605E-02));
#8439 = CARTESIAN_POINT('',(0.89983818807,2.064903540492E-02));
#8440 = CARTESIAN_POINT('',(0.910945042836,2.149304973172E-02));
#8441 = CARTESIAN_POINT('',(0.922426951826,2.227057624286E-02));
#8442 = CARTESIAN_POINT('',(0.934313331536,2.298066703234E-02));
#8443 = CARTESIAN_POINT('',(0.946603180235,2.362058999026E-02));
#8444 = CARTESIAN_POINT('',(0.959285609338,2.418714832305E-02));
#8445 = CARTESIAN_POINT('',(0.972386392338,2.467905468522E-02));
#8446 = CARTESIAN_POINT('',(0.985923391781,2.509451004463E-02));
#8447 = CARTESIAN_POINT('',(0.99525434111,2.531940543548E-02));
#8448 = CARTESIAN_POINT('',(1.,2.541855098024E-02));
#8449 = ( GEOMETRIC_REPRESENTATION_CONTEXT(2) 
PARAMETRIC_REPRESENTATION_CONTEXT() REPRESENTATION_CONTEXT('2D SPACE',''
  ) );
#8450 = PCURVE('',#7869,#8451);
#8451 = DEFINITIONAL_REPRESENTATION('',(#8452),#8478);
#8452 = B_SPLINE_CURVE_WITH_KNOTS('',3,(#8453,#8454,#8455,#8456,#8457,
    #8458,#8459,#8460,#8461,#8462,#8463,#8464,#8465,#8466,#8467,#8468,
    #8469,#8470,#8471,#8472,#8473,#8474,#8475,#8476,#8477),
  .UNSPECIFIED.,.F.,.F.,(4,1,1,1,1,1,1,1,1,1,1,1,1,1,1,1,1,1,1,1,1,1,4),
  (0.,2.509949332302E-03,5.019898664604E-03,7.529847996907E-03,
    1.003979732921E-02,1.254974666151E-02,1.505969599381E-02,
    1.756964532612E-02,2.007959465842E-02,2.258954399072E-02,
    2.509949332302E-02,2.760944265532E-02,3.011939198763E-02,
    3.262934131993E-02,3.513929065223E-02,3.764923998453E-02,
    4.015918931684E-02,4.266913864914E-02,4.517908798144E-02,
    4.768903731374E-02,5.019898664604E-02,5.270893597835E-02,
    5.521888531065E-02),.QUASI_UNIFORM_KNOTS.);
#8453 = CARTESIAN_POINT('',(0.,0.242983282474));
#8454 = CARTESIAN_POINT('',(2.0578499421E-02,0.243035455585));
#8455 = CARTESIAN_POINT('',(6.143644384113E-02,0.243143955554));
#8456 = CARTESIAN_POINT('',(0.121726039818,0.243319714419));
#8457 = CARTESIAN_POINT('',(0.180919775211,0.243509031137));
#8458 = CARTESIAN_POINT('',(0.238913448991,0.243712450201));
#8459 = CARTESIAN_POINT('',(0.295598819895,0.243930507517));
#8460 = CARTESIAN_POINT('',(0.350862751569,0.244163724281));
#8461 = CARTESIAN_POINT('',(0.404587397843,0.244412602921));
#8462 = CARTESIAN_POINT('',(0.456648775737,0.244677612194));
#8463 = CARTESIAN_POINT('',(0.506920863035,0.244959208865));
#8464 = CARTESIAN_POINT('',(0.555259376254,0.245257719068));
#8465 = CARTESIAN_POINT('',(0.601561527619,0.245573739553));
#8466 = CARTESIAN_POINT('',(0.645542477515,0.245906595132));
#8467 = CARTESIAN_POINT('',(0.686916144417,0.246255139663));
#8468 = CARTESIAN_POINT('',(0.725570861973,0.246619337855));
#8469 = CARTESIAN_POINT('',(0.761347761983,0.246998749256));
#8470 = CARTESIAN_POINT('',(0.794094300718,0.247392830576));
#8471 = CARTESIAN_POINT('',(0.823675740829,0.247801205328));
#8472 = CARTESIAN_POINT('',(0.84988020641,0.248222253264));
#8473 = CARTESIAN_POINT('',(0.872504726588,0.248653825722));
#8474 = CARTESIAN_POINT('',(0.891436609377,0.249094848328));
#8475 = CARTESIAN_POINT('',(0.906547423643,0.249543820499));
#8476 = CARTESIAN_POINT('',(0.914000485532,0.249847400179));
#8477 = CARTESIAN_POINT('',(0.917052583695,0.25));
#8478 = ( GEOMETRIC_REPRESENTATION_CONTEXT(2) 
PARAMETRIC_REPRESENTATION_CONTEXT() REPRESENTATION_CONTEXT('2D SPACE',''
  ) );
#8479 = ORIENTED_EDGE('',*,*,#8480,.T.);
#8480 = EDGE_CURVE('',#8409,#8481,#8483,.T.);
#8481 = VERTEX_POINT('',#8482);
#8482 = CARTESIAN_POINT('',(1.400350094638,-0.537605443097,
    -0.839304868662));
#8483 = SURFACE_CURVE('',#8484,(#8492,#8498),.PCURVE_S1.);
#8484 = B_SPLINE_CURVE_WITH_KNOTS('',3,(#8485,#8486,#8487,#8488,#8489,
    #8490,#8491),.UNSPECIFIED.,.F.,.F.,(4,3,4),(-9.898870344036E-03,
    -4.949873082453E-03,-1.000000002196E-06),.UNSPECIFIED.);
#8485 = CARTESIAN_POINT('',(1.426994862393,-0.462261465734,
    -0.897619092142));
#8486 = CARTESIAN_POINT('',(1.422744709403,-0.475381630323,
    -0.888567310926));
#8487 = CARTESIAN_POINT('',(1.418383999553,-0.488225746722,
    -0.879169033258));
#8488 = CARTESIAN_POINT('',(1.413935421619,-0.500786005687,
    -0.869443362685));
#8489 = CARTESIAN_POINT('',(1.409486955307,-0.513345949493,
    -0.859717936147));
#8490 = CARTESIAN_POINT('',(1.404950829575,-0.525621487848,
    -0.849665568706));
#8491 = CARTESIAN_POINT('',(1.400350094638,-0.537605443097,
    -0.839304868662));
#8492 = PCURVE('',#5987,#8493);
#8493 = DEFINITIONAL_REPRESENTATION('',(#8494),#8497);
#8494 = B_SPLINE_CURVE_WITH_KNOTS('',1,(#8495,#8496),.UNSPECIFIED.,.F.,
  .F.,(2,2),(-9.898870344036E-03,-1.000000002196E-06),
  .PIECEWISE_BEZIER_KNOTS.);
#8495 = CARTESIAN_POINT('',(0.776608900099,2.936908462663E-03));
#8496 = CARTESIAN_POINT('',(0.742972144744,5.601385238234E-03));
#8497 = ( GEOMETRIC_REPRESENTATION_CONTEXT(2) 
PARAMETRIC_REPRESENTATION_CONTEXT() REPRESENTATION_CONTEXT('2D SPACE',''
  ) );
#8498 = PCURVE('',#7785,#8499);
#8499 = DEFINITIONAL_REPRESENTATION('',(#8500),#8503);
#8500 = B_SPLINE_CURVE_WITH_KNOTS('',1,(#8501,#8502),.UNSPECIFIED.,.F.,
  .F.,(2,2),(-9.898870344036E-03,-1.000000002196E-06),
  .PIECEWISE_BEZIER_KNOTS.);
#8501 = CARTESIAN_POINT('',(1.257522984316,0.355443008256));
#8502 = CARTESIAN_POINT('',(1.204238966014,0.413757231736));
#8503 = ( GEOMETRIC_REPRESENTATION_CONTEXT(2) 
PARAMETRIC_REPRESENTATION_CONTEXT() REPRESENTATION_CONTEXT('2D SPACE',''
  ) );
#8504 = ORIENTED_EDGE('',*,*,#8505,.F.);
#8505 = EDGE_CURVE('',#8506,#8481,#8508,.T.);
#8506 = VERTEX_POINT('',#8507);
#8507 = CARTESIAN_POINT('',(0.952097509314,-0.688985125746,
    -0.671232237096));
#8508 = SURFACE_CURVE('',#8509,(#8523,#8552),.PCURVE_S1.);
#8509 = B_SPLINE_CURVE_WITH_KNOTS('',3,(#8510,#8511,#8512,#8513,#8514,
    #8515,#8516,#8517,#8518,#8519,#8520,#8521,#8522),.UNSPECIFIED.,.F.,
  .F.,(4,3,3,3,4),(0.,1.424430314977E-02,2.530309988193E-02,
    3.826832366617E-02,5.06061502444E-02),.UNSPECIFIED.);
#8510 = CARTESIAN_POINT('',(0.952097509315,-0.688985125749,
    -0.671232237098));
#8511 = CARTESIAN_POINT('',(0.995998980006,-0.678604168033,
    -0.686042468225));
#8512 = CARTESIAN_POINT('',(1.03925598933,-0.6672989351,-0.701276147561)
  );
#8513 = CARTESIAN_POINT('',(1.081986628546,-0.654955879708,
    -0.716804843371));
#8514 = CARTESIAN_POINT('',(1.11516125621,-0.645373147637,
    -0.728860799263));
#8515 = CARTESIAN_POINT('',(1.14801861713,-0.635164883517,
    -0.741093604288));
#8516 = CARTESIAN_POINT('',(1.180613972179,-0.62428581498,
    -0.753422833131));
#8517 = CARTESIAN_POINT('',(1.218828443679,-0.611531302751,
    -0.767877498943));
#8518 = CARTESIAN_POINT('',(1.256900898575,-0.597773963827,
    -0.782556596701));
#8519 = CARTESIAN_POINT('',(1.294511114288,-0.582936687557,
    -0.797288405253));
#8520 = CARTESIAN_POINT('',(1.330301342576,-0.568817398559,
    -0.811307330196));
#8521 = CARTESIAN_POINT('',(1.365672985493,-0.553719677879,
    -0.825373345261));
#8522 = CARTESIAN_POINT('',(1.400350094638,-0.537605443097,
    -0.839304868662));
#8523 = PCURVE('',#5987,#8524);
#8524 = DEFINITIONAL_REPRESENTATION('',(#8525),#8551);
#8525 = B_SPLINE_CURVE_WITH_KNOTS('',3,(#8526,#8527,#8528,#8529,#8530,
    #8531,#8532,#8533,#8534,#8535,#8536,#8537,#8538,#8539,#8540,#8541,
    #8542,#8543,#8544,#8545,#8546,#8547,#8548,#8549,#8550),
  .UNSPECIFIED.,.F.,.F.,(4,1,1,1,1,1,1,1,1,1,1,1,1,1,1,1,1,1,1,1,1,1,4),
  (0.,2.300279556564E-03,4.600559113127E-03,6.900838669691E-03,
    9.201118226254E-03,1.150139778282E-02,1.380167733938E-02,
    1.610195689594E-02,1.840223645251E-02,2.070251600907E-02,
    2.300279556564E-02,2.53030751222E-02,2.760335467876E-02,
    2.990363423533E-02,3.220391379189E-02,3.450419334845E-02,
    3.680447290502E-02,3.910475246158E-02,4.140503201814E-02,
    4.370531157471E-02,4.600559113127E-02,4.830587068783E-02,
    5.06061502444E-02),.QUASI_UNIFORM_KNOTS.);
#8526 = CARTESIAN_POINT('',(0.670375110298,5.042664377056E-02));
#8527 = CARTESIAN_POINT('',(0.671255648611,4.971768907847E-02));
#8528 = CARTESIAN_POINT('',(0.673034090748,4.830314098288E-02));
#8529 = CARTESIAN_POINT('',(0.675754560429,4.619110430683E-02));
#8530 = CARTESIAN_POINT('',(0.678528524622,4.408855472504E-02));
#8531 = CARTESIAN_POINT('',(0.681356748054,4.199519377596E-02));
#8532 = CARTESIAN_POINT('',(0.684240048889,3.991072332656E-02));
#8533 = CARTESIAN_POINT('',(0.687179304717,3.783484401827E-02));
#8534 = CARTESIAN_POINT('',(0.690175463813,3.576726106608E-02));
#8535 = CARTESIAN_POINT('',(0.693229202549,3.370766261636E-02));
#8536 = CARTESIAN_POINT('',(0.696341153654,3.165580051629E-02));
#8537 = CARTESIAN_POINT('',(0.699512440303,2.961118887854E-02));
#8538 = CARTESIAN_POINT('',(0.702742673013,2.757422905295E-02));
#8539 = CARTESIAN_POINT('',(0.70603743857,2.554201117523E-02));
#8540 = CARTESIAN_POINT('',(0.709402220515,2.351299659143E-02));
#8541 = CARTESIAN_POINT('',(0.71283668534,2.148895810868E-02));
#8542 = CARTESIAN_POINT('',(0.716342178501,1.94707812308E-02));
#8543 = CARTESIAN_POINT('',(0.719919702628,1.74595892138E-02));
#8544 = CARTESIAN_POINT('',(0.723570531822,1.545644160818E-02));
#8545 = CARTESIAN_POINT('',(0.727295770685,1.346241503429E-02));
#8546 = CARTESIAN_POINT('',(0.731096210106,1.147858153862E-02));
#8547 = CARTESIAN_POINT('',(0.734972819261,9.50601439325E-03));
#8548 = CARTESIAN_POINT('',(0.738926642129,7.545786541747E-03));
#8549 = CARTESIAN_POINT('',(0.741614802189,6.247909524668E-03));
#8550 = CARTESIAN_POINT('',(0.742972144744,5.601385238233E-03));
#8551 = ( GEOMETRIC_REPRESENTATION_CONTEXT(2) 
PARAMETRIC_REPRESENTATION_CONTEXT() REPRESENTATION_CONTEXT('2D SPACE',''
  ) );
#8552 = PCURVE('',#7566,#8553);
#8553 = DEFINITIONAL_REPRESENTATION('',(#8554),#8580);
#8554 = B_SPLINE_CURVE_WITH_KNOTS('',3,(#8555,#8556,#8557,#8558,#8559,
    #8560,#8561,#8562,#8563,#8564,#8565,#8566,#8567,#8568,#8569,#8570,
    #8571,#8572,#8573,#8574,#8575,#8576,#8577,#8578,#8579),
  .UNSPECIFIED.,.F.,.F.,(4,1,1,1,1,1,1,1,1,1,1,1,1,1,1,1,1,1,1,1,1,1,4),
  (0.,2.300279556564E-03,4.600559113127E-03,6.900838669691E-03,
    9.201118226254E-03,1.150139778282E-02,1.380167733938E-02,
    1.610195689594E-02,1.840223645251E-02,2.070251600907E-02,
    2.300279556564E-02,2.53030751222E-02,2.760335467876E-02,
    2.990363423533E-02,3.220391379189E-02,3.450419334845E-02,
    3.680447290502E-02,3.910475246158E-02,4.140503201814E-02,
    4.370531157471E-02,4.600559113127E-02,4.830587068783E-02,
    5.06061502444E-02),.QUASI_UNIFORM_KNOTS.);
#8555 = CARTESIAN_POINT('',(0.,0.378535361586));
#8556 = CARTESIAN_POINT('',(1.465915086721E-02,0.378644347067));
#8557 = CARTESIAN_POINT('',(4.404472841451E-02,0.378860383038));
#8558 = CARTESIAN_POINT('',(8.831206618154E-02,0.379178926252));
#8559 = CARTESIAN_POINT('',(0.132755066024,0.379492256526));
#8560 = CARTESIAN_POINT('',(0.177362005394,0.379800659148));
#8561 = CARTESIAN_POINT('',(0.22212221532,0.380104399446));
#8562 = CARTESIAN_POINT('',(0.267025790639,0.380403770188));
#8563 = CARTESIAN_POINT('',(0.312064924743,0.380698911077));
#8564 = CARTESIAN_POINT('',(0.357227356183,0.380990482376));
#8565 = CARTESIAN_POINT('',(0.402518450803,0.381277039287));
#8566 = CARTESIAN_POINT('',(0.447940663621,0.381558206937));
#8567 = CARTESIAN_POINT('',(0.493469459441,0.381834364578));
#8568 = CARTESIAN_POINT('',(0.539158080234,0.382106098257));
#8569 = CARTESIAN_POINT('',(0.585031598851,0.382373896125));
#8570 = CARTESIAN_POINT('',(0.631040295694,0.3826377701));
#8571 = CARTESIAN_POINT('',(0.677154535918,0.382897863424));
#8572 = CARTESIAN_POINT('',(0.72333933198,0.383154286935));
#8573 = CARTESIAN_POINT('',(0.769561355421,0.383407163761));
#8574 = CARTESIAN_POINT('',(0.815786313476,0.383656611778));
#8575 = CARTESIAN_POINT('',(0.86197976833,0.383902737525));
#8576 = CARTESIAN_POINT('',(0.908107397774,0.384145650869));
#8577 = CARTESIAN_POINT('',(0.954134902859,0.384385462237));
#8578 = CARTESIAN_POINT('',(0.984730361094,0.384543343012));
#8579 = CARTESIAN_POINT('',(1.,0.384621803598));
#8580 = ( GEOMETRIC_REPRESENTATION_CONTEXT(2) 
PARAMETRIC_REPRESENTATION_CONTEXT() REPRESENTATION_CONTEXT('2D SPACE',''
  ) );
#8581 = ORIENTED_EDGE('',*,*,#8582,.F.);
#8582 = EDGE_CURVE('',#8583,#8506,#8585,.T.);
#8583 = VERTEX_POINT('',#8584);
#8584 = CARTESIAN_POINT('',(0.923077337032,-0.727405251975,
    -0.611876435421));
#8585 = SURFACE_CURVE('',#8586,(#8594,#8600),.PCURVE_S1.);
#8586 = B_SPLINE_CURVE_WITH_KNOTS('',3,(#8587,#8588,#8589,#8590,#8591,
    #8592,#8593),.UNSPECIFIED.,.F.,.F.,(4,3,4),(9.999999543959E-07,
    3.820786982821E-03,7.644913500607E-03),.UNSPECIFIED.);
#8587 = CARTESIAN_POINT('',(0.923077337032,-0.727405251975,
    -0.611876435421));
#8588 = CARTESIAN_POINT('',(0.927843517928,-0.721356967924,
    -0.622016529343));
#8589 = CARTESIAN_POINT('',(0.932652926429,-0.715131489958,
    -0.632033430672));
#8590 = CARTESIAN_POINT('',(0.937490836862,-0.708732037898,
    -0.64192099405));
#8591 = CARTESIAN_POINT('',(0.942334243486,-0.70232531563,
    -0.651819790365));
#8592 = CARTESIAN_POINT('',(0.947207854818,-0.695742060956,
    -0.661592300701));
#8593 = CARTESIAN_POINT('',(0.952097509313,-0.688985125749,
    -0.671232237099));
#8594 = PCURVE('',#5987,#8595);
#8595 = DEFINITIONAL_REPRESENTATION('',(#8596),#8599);
#8596 = B_SPLINE_CURVE_WITH_KNOTS('',1,(#8597,#8598),.UNSPECIFIED.,.F.,
  .F.,(2,2),(9.999999543959E-07,7.644913500607E-03),
  .PIECEWISE_BEZIER_KNOTS.);
#8597 = CARTESIAN_POINT('',(0.649387484862,5.332866099882E-02));
#8598 = CARTESIAN_POINT('',(0.670375110298,5.042664377074E-02));
#8599 = ( GEOMETRIC_REPRESENTATION_CONTEXT(2) 
PARAMETRIC_REPRESENTATION_CONTEXT() REPRESENTATION_CONTEXT('2D SPACE',''
  ) );
#8600 = PCURVE('',#7504,#8601);
#8601 = DEFINITIONAL_REPRESENTATION('',(#8602),#8605);
#8602 = B_SPLINE_CURVE_WITH_KNOTS('',1,(#8603,#8604),.UNSPECIFIED.,.F.,
  .F.,(2,2),(9.999999543959E-07,7.644913500607E-03),
  .PIECEWISE_BEZIER_KNOTS.);
#8603 = CARTESIAN_POINT('',(4.044994488285,1.353811464181));
#8604 = CARTESIAN_POINT('',(4.085966402454,1.294455662503));
#8605 = ( GEOMETRIC_REPRESENTATION_CONTEXT(2) 
PARAMETRIC_REPRESENTATION_CONTEXT() REPRESENTATION_CONTEXT('2D SPACE',''
  ) );
#8606 = ORIENTED_EDGE('',*,*,#8607,.F.);
#8607 = EDGE_CURVE('',#8608,#8583,#8610,.T.);
#8608 = VERTEX_POINT('',#8609);
#8609 = CARTESIAN_POINT('',(1.258326741409,-0.816464213457,
    -0.417409520846));
#8610 = SURFACE_CURVE('',#8611,(#8622,#8628),.PCURVE_S1.);
#8611 = B_SPLINE_CURVE_WITH_KNOTS('',3,(#8612,#8613,#8614,#8615,#8616,
    #8617,#8618,#8619,#8620,#8621),.UNSPECIFIED.,.F.,.F.,(4,2,2,2,4),(0.
    ,1.602572200467E-02,1.986552528367E-02,3.382774931283E-02,
    3.970923289937E-02),.UNSPECIFIED.);
#8612 = CARTESIAN_POINT('',(1.258326741409,-0.816464213464,
    -0.417409520849));
#8613 = CARTESIAN_POINT('',(1.212384180262,-0.807816521312,
    -0.443257071859));
#8614 = CARTESIAN_POINT('',(1.166489494017,-0.797947455468,
    -0.469310998978));
#8615 = CARTESIAN_POINT('',(1.110263261539,-0.78407376904,
    -0.501641846736));
#8616 = CARTESIAN_POINT('',(1.09942609967,-0.781316285254,-0.5078924524)
  );
#8617 = CARTESIAN_POINT('',(1.049356970001,-0.768175064847,
    -0.536864621852));
#8618 = CARTESIAN_POINT('',(1.010152195315,-0.756736512897,
    -0.559817827317));
#8619 = CARTESIAN_POINT('',(0.955263874988,-0.738734561614,
    -0.592499226307));
#8620 = CARTESIAN_POINT('',(0.939099280275,-0.733181419209,
    -0.602192551897));
#8621 = CARTESIAN_POINT('',(0.923077337032,-0.727405251975,
    -0.611876435421));
#8622 = PCURVE('',#5987,#8623);
#8623 = DEFINITIONAL_REPRESENTATION('',(#8624),#8627);
#8624 = B_SPLINE_CURVE_WITH_KNOTS('',1,(#8625,#8626),.UNSPECIFIED.,.F.,
  .F.,(2,2),(0.,3.970923289937E-02),.PIECEWISE_BEZIER_KNOTS.);
#8625 = CARTESIAN_POINT('',(0.58908478438,1.980372056114E-02));
#8626 = CARTESIAN_POINT('',(0.649387484862,5.332866099881E-02));
#8627 = ( GEOMETRIC_REPRESENTATION_CONTEXT(2) 
PARAMETRIC_REPRESENTATION_CONTEXT() REPRESENTATION_CONTEXT('2D SPACE',''
  ) );
#8628 = PCURVE('',#7308,#8629);
#8629 = DEFINITIONAL_REPRESENTATION('',(#8630),#8633);
#8630 = B_SPLINE_CURVE_WITH_KNOTS('',1,(#8631,#8632),.UNSPECIFIED.,.F.,
  .F.,(2,2),(0.,3.970923289937E-02),.PIECEWISE_BEZIER_KNOTS.);
#8631 = CARTESIAN_POINT('',(-5.819884612396E-12,0.379723352275));
#8632 = CARTESIAN_POINT('',(1.,0.377587694321));
#8633 = ( GEOMETRIC_REPRESENTATION_CONTEXT(2) 
PARAMETRIC_REPRESENTATION_CONTEXT() REPRESENTATION_CONTEXT('2D SPACE',''
  ) );
#8634 = ORIENTED_EDGE('',*,*,#8635,.T.);
#8635 = EDGE_CURVE('',#8608,#8636,#8638,.T.);
#8636 = VERTEX_POINT('',#8637);
#8637 = CARTESIAN_POINT('',(1.246176616677,-0.83489151394,
    -0.356005963453));
#8638 = SURFACE_CURVE('',#8639,(#8644,#8650),.PCURVE_S1.);
#8639 = ELLIPSE('',#8640,1.168438587079,0.979896788177);
#8640 = AXIS2_PLACEMENT_3D('',#8641,#8642,#8643);
#8641 = CARTESIAN_POINT('',(1.792992854527,0.139602462668,-0.16490834605
    ));
#8642 = DIRECTION('',(-0.869796540829,0.492816017111,-2.421468232415E-02
    ));
#8643 = DIRECTION('',(0.485229317483,0.845443900461,-0.223107867697));
#8644 = PCURVE('',#5987,#8645);
#8645 = DEFINITIONAL_REPRESENTATION('',(#8646),#8649);
#8646 = B_SPLINE_CURVE_WITH_KNOTS('',1,(#8647,#8648),.UNSPECIFIED.,.F.,
  .F.,(2,2),(2.617145359732,2.68080974171),.PIECEWISE_BEZIER_KNOTS.);
#8647 = CARTESIAN_POINT('',(0.58908478438,1.980372056114E-02));
#8648 = CARTESIAN_POINT('',(0.571750954188,2.101873303435E-02));
#8649 = ( GEOMETRIC_REPRESENTATION_CONTEXT(2) 
PARAMETRIC_REPRESENTATION_CONTEXT() REPRESENTATION_CONTEXT('2D SPACE',''
  ) );
#8650 = PCURVE('',#7275,#8651);
#8651 = DEFINITIONAL_REPRESENTATION('',(#8652),#8655);
#8652 = B_SPLINE_CURVE_WITH_KNOTS('',1,(#8653,#8654),.UNSPECIFIED.,.F.,
  .F.,(2,2),(2.617145359732,2.68080974171),.PIECEWISE_BEZIER_KNOTS.);
#8653 = CARTESIAN_POINT('',(0.995230578021,0.83565257955));
#8654 = CARTESIAN_POINT('',(0.980515510535,0.897056136946));
#8655 = ( GEOMETRIC_REPRESENTATION_CONTEXT(2) 
PARAMETRIC_REPRESENTATION_CONTEXT() REPRESENTATION_CONTEXT('2D SPACE',''
  ) );
#8656 = ORIENTED_EDGE('',*,*,#8657,.F.);
#8657 = EDGE_CURVE('',#8658,#8636,#8660,.T.);
#8658 = VERTEX_POINT('',#8659);
#8659 = CARTESIAN_POINT('',(0.795355935673,-0.865216219412,
    -0.18710542337));
#8660 = SURFACE_CURVE('',#8661,(#8675,#8681),.PCURVE_S1.);
#8661 = B_SPLINE_CURVE_WITH_KNOTS('',3,(#8662,#8663,#8664,#8665,#8666,
    #8667,#8668,#8669,#8670,#8671,#8672,#8673,#8674),.UNSPECIFIED.,.F.,
  .F.,(4,3,3,3,4),(0.,1.556158012368E-02,2.402303839521E-02,
    4.159678719658E-02,4.804595541E-02),.UNSPECIFIED.);
#8662 = CARTESIAN_POINT('',(0.795355935673,-0.865216219412,
    -0.18710542337));
#8663 = CARTESIAN_POINT('',(0.844664938858,-0.863681666179,
    -0.203135546943));
#8664 = CARTESIAN_POINT('',(0.893917964783,-0.861673907029,
    -0.220182100725));
#8665 = CARTESIAN_POINT('',(0.942877244185,-0.859098901636,
    -0.237906394724));
#8666 = CARTESIAN_POINT('',(0.969498377539,-0.857698767426,
    -0.247543807691));
#8667 = CARTESIAN_POINT('',(0.9960326637,-0.856131703832,-0.257381315337
    ));
#8668 = CARTESIAN_POINT('',(1.022441879184,-0.854389103545,
    -0.267363247424));
#8669 = CARTESIAN_POINT('',(1.077291634872,-0.850769866917,
    -0.28809489455));
#8670 = CARTESIAN_POINT('',(1.131998552049,-0.846365218488,
    -0.309601702946));
#8671 = CARTESIAN_POINT('',(1.186406172635,-0.841075137825,
    -0.331601546128));
#8672 = CARTESIAN_POINT('',(1.206372538447,-0.839133797907,
    -0.339674990841));
#8673 = CARTESIAN_POINT('',(1.22629859727,-0.837073671686,
    -0.347814632963));
#8674 = CARTESIAN_POINT('',(1.246176616677,-0.83489151394,
    -0.356005963453));
#8675 = PCURVE('',#5987,#8676);
#8676 = DEFINITIONAL_REPRESENTATION('',(#8677),#8680);
#8677 = B_SPLINE_CURVE_WITH_KNOTS('',1,(#8678,#8679),.UNSPECIFIED.,.F.,
  .F.,(2,2),(0.,4.804595541E-02),.PIECEWISE_BEZIER_KNOTS.);
#8678 = CARTESIAN_POINT('',(0.526252993511,6.610080113475E-02));
#8679 = CARTESIAN_POINT('',(0.571750954188,2.101873303435E-02));
#8680 = ( GEOMETRIC_REPRESENTATION_CONTEXT(2) 
PARAMETRIC_REPRESENTATION_CONTEXT() REPRESENTATION_CONTEXT('2D SPACE',''
  ) );
#8681 = PCURVE('',#7059,#8682);
#8682 = DEFINITIONAL_REPRESENTATION('',(#8683),#8709);
#8683 = B_SPLINE_CURVE_WITH_KNOTS('',3,(#8684,#8685,#8686,#8687,#8688,
    #8689,#8690,#8691,#8692,#8693,#8694,#8695,#8696,#8697,#8698,#8699,
    #8700,#8701,#8702,#8703,#8704,#8705,#8706,#8707,#8708),
  .UNSPECIFIED.,.F.,.F.,(4,1,1,1,1,1,1,1,1,1,1,1,1,1,1,1,1,1,1,1,1,1,4),
  (0.,2.183907064091E-03,4.367814128181E-03,6.551721192272E-03,
    8.735628256363E-03,1.091953532045E-02,1.310344238454E-02,
    1.528734944864E-02,1.747125651273E-02,1.965516357682E-02,
    2.183907064091E-02,2.4022977705E-02,2.620688476909E-02,
    2.839079183318E-02,3.057469889727E-02,3.275860596136E-02,
    3.494251302545E-02,3.712642008954E-02,3.931032715363E-02,
    4.149423421772E-02,4.367814128181E-02,4.586204834591E-02,
    4.804595541E-02),.QUASI_UNIFORM_KNOTS.);
#8684 = CARTESIAN_POINT('',(0.,0.516806251435));
#8685 = CARTESIAN_POINT('',(1.393230175285E-02,0.51690650991));
#8686 = CARTESIAN_POINT('',(4.196533350463E-02,0.517105068503));
#8687 = CARTESIAN_POINT('',(8.449115663273E-02,0.517397146948));
#8688 = CARTESIAN_POINT('',(0.127464115009,0.517683580493));
#8689 = CARTESIAN_POINT('',(0.170855526931,0.517964487478));
#8690 = CARTESIAN_POINT('',(0.214637008284,0.518239988007));
#8691 = CARTESIAN_POINT('',(0.258780556103,0.518510203906));
#8692 = CARTESIAN_POINT('',(0.303258392403,0.518775257948));
#8693 = CARTESIAN_POINT('',(0.348043511747,0.519035274262));
#8694 = CARTESIAN_POINT('',(0.393108909065,0.519290360312));
#8695 = CARTESIAN_POINT('',(0.438432350453,0.519540652154));
#8696 = CARTESIAN_POINT('',(0.483974276612,0.519786190039));
#8697 = CARTESIAN_POINT('',(0.529761350444,0.520027367274));
#8698 = CARTESIAN_POINT('',(0.57582911848,0.520264575576));
#8699 = CARTESIAN_POINT('',(0.62214745893,0.520497851643));
#8700 = CARTESIAN_POINT('',(0.668704221946,0.520727325193));
#8701 = CARTESIAN_POINT('',(0.715482808293,0.520953098788));
#8702 = CARTESIAN_POINT('',(0.762468163037,0.521175280002));
#8703 = CARTESIAN_POINT('',(0.809645170992,0.521393972516));
#8704 = CARTESIAN_POINT('',(0.856999030566,0.521609279253));
#8705 = CARTESIAN_POINT('',(0.904515312918,0.521821298492));
#8706 = CARTESIAN_POINT('',(0.952180165362,0.522030121031));
#8707 = CARTESIAN_POINT('',(0.984046607831,0.522167265974));
#8708 = CARTESIAN_POINT('',(1.,0.52223533615));
#8709 = ( GEOMETRIC_REPRESENTATION_CONTEXT(2) 
PARAMETRIC_REPRESENTATION_CONTEXT() REPRESENTATION_CONTEXT('2D SPACE',''
  ) );
#8710 = ORIENTED_EDGE('',*,*,#8711,.F.);
#8711 = EDGE_CURVE('',#8712,#8658,#8714,.T.);
#8712 = VERTEX_POINT('',#8713);
#8713 = CARTESIAN_POINT('',(0.790880757952,-0.869308804421,
    -0.125025331056));
#8714 = SURFACE_CURVE('',#8715,(#8726,#8732),.PCURVE_S1.);
#8715 = B_SPLINE_CURVE_WITH_KNOTS('',3,(#8716,#8717,#8718,#8719,#8720,
    #8721,#8722,#8723,#8724,#8725),.UNSPECIFIED.,.F.,.F.,(4,3,3,4),(
    5.692061405549E-19,1.562594027043E-05,3.125186383271E-05,
    6.239748543924E-05),.UNSPECIFIED.);
#8716 = CARTESIAN_POINT('',(0.790880757952,-0.869308804421,
    -0.125025331056));
#8717 = CARTESIAN_POINT('',(0.791088048991,-0.869120214943,
    -0.130226433388));
#8718 = CARTESIAN_POINT('',(0.791337563427,-0.868893081361,
    -0.135424767166));
#8719 = CARTESIAN_POINT('',(0.791628912373,-0.86862755876,
    -0.140618476301));
#8720 = CARTESIAN_POINT('',(0.791920261135,-0.868362036326,
    -0.145812182166));
#8721 = CARTESIAN_POINT('',(0.79225347878,-0.868058093379,
    -0.151001883524));
#8722 = CARTESIAN_POINT('',(0.792628051659,-0.8677159342,-0.156185761333
    ));
#8723 = CARTESIAN_POINT('',(0.793374522067,-0.867034059682,
    -0.166516491582));
#8724 = CARTESIAN_POINT('',(0.794285631654,-0.866200103711,
    -0.176827652239));
#8725 = CARTESIAN_POINT('',(0.795355935673,-0.865216219412,
    -0.18710542337));
#8726 = PCURVE('',#5987,#8727);
#8727 = DEFINITIONAL_REPRESENTATION('',(#8728),#8731);
#8728 = B_SPLINE_CURVE_WITH_KNOTS('',1,(#8729,#8730),.UNSPECIFIED.,.F.,
  .F.,(2,2),(5.692061405549E-19,6.239748543924E-05),
  .PIECEWISE_BEZIER_KNOTS.);
#8729 = CARTESIAN_POINT('',(0.50996740563,6.65483189068E-02));
#8730 = CARTESIAN_POINT('',(0.526252993511,6.610080113475E-02));
#8731 = ( GEOMETRIC_REPRESENTATION_CONTEXT(2) 
PARAMETRIC_REPRESENTATION_CONTEXT() REPRESENTATION_CONTEXT('2D SPACE',''
  ) );
#8732 = PCURVE('',#7026,#8733);
#8733 = DEFINITIONAL_REPRESENTATION('',(#8734),#8737);
#8734 = B_SPLINE_CURVE_WITH_KNOTS('',1,(#8735,#8736),.UNSPECIFIED.,.F.,
  .F.,(2,2),(5.692061405549E-19,6.239748543924E-05),
  .PIECEWISE_BEZIER_KNOTS.);
#8735 = CARTESIAN_POINT('',(3.879785494932,1.840662568546));
#8736 = CARTESIAN_POINT('',(3.88494560243,1.778582476232));
#8737 = ( GEOMETRIC_REPRESENTATION_CONTEXT(2) 
PARAMETRIC_REPRESENTATION_CONTEXT() REPRESENTATION_CONTEXT('2D SPACE',''
  ) );
#8738 = ORIENTED_EDGE('',*,*,#8739,.F.);
#8739 = EDGE_CURVE('',#8740,#8712,#8742,.T.);
#8740 = VERTEX_POINT('',#8741);
#8741 = CARTESIAN_POINT('',(1.231326727277,-0.856641401458,
    8.017540736812E-02));
#8742 = SURFACE_CURVE('',#8743,(#8754,#8760),.PCURVE_S1.);
#8743 = B_SPLINE_CURVE_WITH_KNOTS('',3,(#8744,#8745,#8746,#8747,#8748,
    #8749,#8750,#8751,#8752,#8753),.UNSPECIFIED.,.F.,.F.,(4,3,3,4),(
    7.155939676779E-19,2.096728167279E-04,3.478808239912E-04,
    4.861752084027E-04),.UNSPECIFIED.);
#8744 = CARTESIAN_POINT('',(1.231326727277,-0.856641401458,
    8.017540736812E-02));
#8745 = CARTESIAN_POINT('',(1.16847918296,-0.861506711504,
    4.9988352642E-02));
#8746 = CARTESIAN_POINT('',(1.105425613314,-0.864982994624,
    1.99765648181E-02));
#8747 = CARTESIAN_POINT('',(1.042190795595,-0.867166510908,
    -9.710695519463E-03));
#8748 = CARTESIAN_POINT('',(1.000504256263,-0.868605958996,
    -2.928154573068E-02));
#8749 = CARTESIAN_POINT('',(0.958729772568,-0.86948363223,
    -4.871478419245E-02));
#8750 = CARTESIAN_POINT('',(0.916864084686,-0.869829690025,
    -6.795022472291E-02));
#8751 = CARTESIAN_POINT('',(0.874972199724,-0.870175964362,
    -8.719770165846E-02));
#8752 = CARTESIAN_POINT('',(0.832982710081,-0.869989554599,
    -0.106250946749));
#8753 = CARTESIAN_POINT('',(0.790880757952,-0.869308804421,
    -0.125025331056));
#8754 = PCURVE('',#5987,#8755);
#8755 = DEFINITIONAL_REPRESENTATION('',(#8756),#8759);
#8756 = B_SPLINE_CURVE_WITH_KNOTS('',1,(#8757,#8758),.UNSPECIFIED.,.F.,
  .F.,(2,2),(7.155939676779E-19,4.861752084027E-04),
  .PIECEWISE_BEZIER_KNOTS.);
#8757 = CARTESIAN_POINT('',(0.456020592066,2.250372197428E-02));
#8758 = CARTESIAN_POINT('',(0.50996740563,6.65483189068E-02));
#8759 = ( GEOMETRIC_REPRESENTATION_CONTEXT(2) 
PARAMETRIC_REPRESENTATION_CONTEXT() REPRESENTATION_CONTEXT('2D SPACE',''
  ) );
#8760 = PCURVE('',#6804,#8761);
#8761 = DEFINITIONAL_REPRESENTATION('',(#8762),#8788);
#8762 = B_SPLINE_CURVE_WITH_KNOTS('',3,(#8763,#8764,#8765,#8766,#8767,
    #8768,#8769,#8770,#8771,#8772,#8773,#8774,#8775,#8776,#8777,#8778,
    #8779,#8780,#8781,#8782,#8783,#8784,#8785,#8786,#8787),
  .UNSPECIFIED.,.F.,.F.,(4,1,1,1,1,1,1,1,1,1,1,1,1,1,1,1,1,1,1,1,1,1,4),
  (7.155939676779E-19,2.209887310921E-05,4.419774621843E-05,
    6.629661932764E-05,8.839549243685E-05,1.104943655461E-04,
    1.325932386553E-04,1.546921117645E-04,1.767909848737E-04,
    1.988898579829E-04,2.209887310921E-04,2.430876042013E-04,
    2.651864773106E-04,2.872853504198E-04,3.09384223529E-04,
    3.314830966382E-04,3.535819697474E-04,3.756808428566E-04,
    3.977797159658E-04,4.19878589075E-04,4.419774621843E-04,
    4.640763352935E-04,4.861752084027E-04),.QUASI_UNIFORM_KNOTS.);
#8763 = CARTESIAN_POINT('',(0.,0.521825044555));
#8764 = CARTESIAN_POINT('',(1.58413560134E-02,0.521759682816));
#8765 = CARTESIAN_POINT('',(4.74813162199E-02,0.52162809106));
#8766 = CARTESIAN_POINT('',(9.480590144382E-02,0.521428006575));
#8767 = CARTESIAN_POINT('',(0.141988129028,0.521225134375));
#8768 = CARTESIAN_POINT('',(0.18902065667,0.521019379556));
#8769 = CARTESIAN_POINT('',(0.235895898493,0.520810644487));
#8770 = CARTESIAN_POINT('',(0.282606016959,0.520598828196));
#8771 = CARTESIAN_POINT('',(0.329142796516,0.520383826962));
#8772 = CARTESIAN_POINT('',(0.375498092231,0.52016553201));
#8773 = CARTESIAN_POINT('',(0.421662094436,0.519943837577));
#8774 = CARTESIAN_POINT('',(0.467629752003,0.51971861039));
#8775 = CARTESIAN_POINT('',(0.513394891316,0.519489712733));
#8776 = CARTESIAN_POINT('',(0.558943093191,0.519257039517));
#8777 = CARTESIAN_POINT('',(0.604265108789,0.519020454953));
#8778 = CARTESIAN_POINT('',(0.649349761308,0.518779826512));
#8779 = CARTESIAN_POINT('',(0.694186034331,0.518535014554));
#8780 = CARTESIAN_POINT('',(0.738761724164,0.518285879312));
#8781 = CARTESIAN_POINT('',(0.783067174414,0.518032260202));
#8782 = CARTESIAN_POINT('',(0.827089339823,0.517773996988));
#8783 = CARTESIAN_POINT('',(0.870814317858,0.517510927358));
#8784 = CARTESIAN_POINT('',(0.914227743495,0.517242883313));
#8785 = CARTESIAN_POINT('',(0.957314728805,0.516969692669));
#8786 = CARTESIAN_POINT('',(0.985811306436,0.516784015213));
#8787 = CARTESIAN_POINT('',(1.,0.516690259394));
#8788 = ( GEOMETRIC_REPRESENTATION_CONTEXT(2) 
PARAMETRIC_REPRESENTATION_CONTEXT() REPRESENTATION_CONTEXT('2D SPACE',''
  ) );
#8789 = ORIENTED_EDGE('',*,*,#8790,.T.);
#8790 = EDGE_CURVE('',#8740,#8791,#8793,.T.);
#8791 = VERTEX_POINT('',#8792);
#8792 = CARTESIAN_POINT('',(1.23973171797,-0.844431919967,0.143418944935
    ));
#8793 = SURFACE_CURVE('',#8794,(#8799,#8805),.PCURVE_S1.);
#8794 = ELLIPSE('',#8795,1.399870713177,1.088282614599);
#8795 = AXIS2_PLACEMENT_3D('',#8796,#8797,#8798);
#8796 = CARTESIAN_POINT('',(1.979298335731,0.304874741995,
    -3.857690673454E-02));
#8797 = DIRECTION('',(-0.840405687819,0.541911702131,7.070146692114E-03)
  );
#8798 = DIRECTION('',(0.54041432063,0.836957019693,8.634413265792E-02));
#8799 = PCURVE('',#5987,#8800);
#8800 = DEFINITIONAL_REPRESENTATION('',(#8801),#8804);
#8801 = B_SPLINE_CURVE_WITH_KNOTS('',1,(#8802,#8803),.UNSPECIFIED.,.F.,
  .F.,(2,2),(3.361691375585,3.42023227492),.PIECEWISE_BEZIER_KNOTS.);
#8802 = CARTESIAN_POINT('',(0.456020592066,2.250372197428E-02));
#8803 = CARTESIAN_POINT('',(0.438939698997,2.166322290503E-02));
#8804 = ( GEOMETRIC_REPRESENTATION_CONTEXT(2) 
PARAMETRIC_REPRESENTATION_CONTEXT() REPRESENTATION_CONTEXT('2D SPACE',''
  ) );
#8805 = PCURVE('',#6768,#8806);
#8806 = DEFINITIONAL_REPRESENTATION('',(#8807),#8810);
#8807 = B_SPLINE_CURVE_WITH_KNOTS('',1,(#8808,#8809),.UNSPECIFIED.,.F.,
  .F.,(2,2),(3.361691375585,3.42023227492),.PIECEWISE_BEZIER_KNOTS.);
#8808 = CARTESIAN_POINT('',(0.962958053878,1.333237507767));
#8809 = CARTESIAN_POINT('',(0.97283995866,1.396481045334));
#8810 = ( GEOMETRIC_REPRESENTATION_CONTEXT(2) 
PARAMETRIC_REPRESENTATION_CONTEXT() REPRESENTATION_CONTEXT('2D SPACE',''
  ) );
#8811 = ORIENTED_EDGE('',*,*,#8812,.F.);
#8812 = EDGE_CURVE('',#8813,#8791,#8815,.T.);
#8813 = VERTEX_POINT('',#8814);
#8814 = CARTESIAN_POINT('',(0.872571904883,-0.787279138268,
    0.320399390458));
#8815 = SURFACE_CURVE('',#8816,(#8827,#8833),.PCURVE_S1.);
#8816 = B_SPLINE_CURVE_WITH_KNOTS('',3,(#8817,#8818,#8819,#8820,#8821,
    #8822,#8823,#8824,#8825,#8826),.UNSPECIFIED.,.F.,.F.,(4,3,3,4),(
    7.094842152405E-16,1.048218647773E-04,2.096433952088E-04,
    4.117055912026E-04),.UNSPECIFIED.);
#8817 = CARTESIAN_POINT('',(0.872571904883,-0.787279138269,
    0.320399390459));
#8818 = CARTESIAN_POINT('',(0.903662537031,-0.793547202747,
    0.305738865313));
#8819 = CARTESIAN_POINT('',(0.934769585771,-0.799454818118,
    0.290954241841));
#8820 = CARTESIAN_POINT('',(0.965893981051,-0.80499914654,0.276075362271
    ));
#8821 = CARTESIAN_POINT('',(0.997018277054,-0.810543457276,
    0.261196530159));
#8822 = CARTESIAN_POINT('',(1.02816335083,-0.815725328173,0.246221479494
    ));
#8823 = CARTESIAN_POINT('',(1.059323211792,-0.820545806724,
    0.231173761691));
#8824 = CARTESIAN_POINT('',(1.119389401506,-0.829838138918,
    0.202166601697));
#8825 = CARTESIAN_POINT('',(1.17953802102,-0.83779169312,0.172878830975)
  );
#8826 = CARTESIAN_POINT('',(1.23973171797,-0.844431919969,0.143418944935
    ));
#8827 = PCURVE('',#5987,#8828);
#8828 = DEFINITIONAL_REPRESENTATION('',(#8829),#8832);
#8829 = B_SPLINE_CURVE_WITH_KNOTS('',1,(#8830,#8831),.UNSPECIFIED.,.F.,
  .F.,(2,2),(7.094842152405E-16,4.117055912026E-04),
  .PIECEWISE_BEZIER_KNOTS.);
#8830 = CARTESIAN_POINT('',(0.388293177738,5.837920421373E-02));
#8831 = CARTESIAN_POINT('',(0.438939698997,2.166322290503E-02));
#8832 = ( GEOMETRIC_REPRESENTATION_CONTEXT(2) 
PARAMETRIC_REPRESENTATION_CONTEXT() REPRESENTATION_CONTEXT('2D SPACE',''
  ) );
#8833 = PCURVE('',#6575,#8834);
#8834 = DEFINITIONAL_REPRESENTATION('',(#8835),#8838);
#8835 = B_SPLINE_CURVE_WITH_KNOTS('',1,(#8836,#8837),.UNSPECIFIED.,.F.,
  .F.,(2,2),(7.094842152405E-16,4.117055912026E-04),
  .PIECEWISE_BEZIER_KNOTS.);
#8836 = CARTESIAN_POINT('',(8.928721600082E-13,0.661775586903));
#8837 = CARTESIAN_POINT('',(1.000000000001,0.664912910639));
#8838 = ( GEOMETRIC_REPRESENTATION_CONTEXT(2) 
PARAMETRIC_REPRESENTATION_CONTEXT() REPRESENTATION_CONTEXT('2D SPACE',''
  ) );
#8839 = ORIENTED_EDGE('',*,*,#8840,.F.);
#8840 = EDGE_CURVE('',#8841,#8813,#8843,.T.);
#8841 = VERTEX_POINT('',#8842);
#8842 = CARTESIAN_POINT('',(0.899340475106,-0.756555933543,
    0.385632438507));
#8843 = SURFACE_CURVE('',#8844,(#8852,#8858),.PCURVE_S1.);
#8844 = B_SPLINE_CURVE_WITH_KNOTS('',3,(#8845,#8846,#8847,#8848,#8849,
    #8850,#8851),.UNSPECIFIED.,.F.,.F.,(4,3,4),(9.999999999336E-07,
    3.864928602908E-03,7.693758724652E-03),.UNSPECIFIED.);
#8845 = CARTESIAN_POINT('',(0.899340475105,-0.756555933543,
    0.385632438507));
#8846 = CARTESIAN_POINT('',(0.894703993635,-0.762067456547,
    0.374954683371));
#8847 = CARTESIAN_POINT('',(0.890134158294,-0.767396849157,0.36415113382
    ));
#8848 = CARTESIAN_POINT('',(0.885648133153,-0.772539678583,
    0.353228088251));
#8849 = CARTESIAN_POINT('',(0.881202857385,-0.777635792472,0.34240426354
    ));
#8850 = CARTESIAN_POINT('',(0.876838328556,-0.782550495955,
    0.331459324476));
#8851 = CARTESIAN_POINT('',(0.872571904882,-0.787279138269,
    0.320399390459));
#8852 = PCURVE('',#5987,#8853);
#8853 = DEFINITIONAL_REPRESENTATION('',(#8854),#8857);
#8854 = B_SPLINE_CURVE_WITH_KNOTS('',1,(#8855,#8856),.UNSPECIFIED.,.F.,
  .F.,(2,2),(9.999999999336E-07,7.693758724652E-03),
  .PIECEWISE_BEZIER_KNOTS.);
#8855 = CARTESIAN_POINT('',(0.367953651525,5.570234719146E-02));
#8856 = CARTESIAN_POINT('',(0.388293177738,5.837920421381E-02));
#8857 = ( GEOMETRIC_REPRESENTATION_CONTEXT(2) 
PARAMETRIC_REPRESENTATION_CONTEXT() REPRESENTATION_CONTEXT('2D SPACE',''
  ) );
#8858 = PCURVE('',#6542,#8859);
#8859 = DEFINITIONAL_REPRESENTATION('',(#8860),#8863);
#8860 = B_SPLINE_CURVE_WITH_KNOTS('',1,(#8861,#8862),.UNSPECIFIED.,.F.,
  .F.,(2,2),(9.999999999336E-07,7.693758724652E-03),
  .PIECEWISE_BEZIER_KNOTS.);
#8861 = CARTESIAN_POINT('',(4.01300599959,2.351320338108));
#8862 = CARTESIAN_POINT('',(3.978331456153,2.28608729006));
#8863 = ( GEOMETRIC_REPRESENTATION_CONTEXT(2) 
PARAMETRIC_REPRESENTATION_CONTEXT() REPRESENTATION_CONTEXT('2D SPACE',''
  ) );
#8864 = ORIENTED_EDGE('',*,*,#8865,.F.);
#8865 = EDGE_CURVE('',#8866,#8841,#8868,.T.);
#8866 = VERTEX_POINT('',#8867);
#8867 = CARTESIAN_POINT('',(1.369803103266,-0.611260548606,
    0.594103181032));
#8868 = SURFACE_CURVE('',#8869,(#8886,#8915),.PCURVE_S1.);
#8869 = B_SPLINE_CURVE_WITH_KNOTS('',3,(#8870,#8871,#8872,#8873,#8874,
    #8875,#8876,#8877,#8878,#8879,#8880,#8881,#8882,#8883,#8884,#8885),
  .UNSPECIFIED.,.F.,.F.,(4,3,3,3,3,4),(0.,1.202765099629E-02,
    2.436382163599E-02,2.663336140515E-02,4.250189237323E-02,
    5.326214563813E-02),.UNSPECIFIED.);
#8870 = CARTESIAN_POINT('',(1.369803103278,-0.611260548579,
    0.594103181033));
#8871 = CARTESIAN_POINT('',(1.335949055063,-0.62580823766,0.578302856474
    ));
#8872 = CARTESIAN_POINT('',(1.301649226518,-0.639392763011,
    0.562437550149));
#8873 = CARTESIAN_POINT('',(1.26697292355,-0.652116394804,0.546588885046
    ));
#8874 = CARTESIAN_POINT('',(1.231407143442,-0.665166398748,
    0.530333687985));
#8875 = CARTESIAN_POINT('',(1.195445327415,-0.677311555167,
    0.514095998438));
#8876 = CARTESIAN_POINT('',(1.159162252623,-0.688670705719,0.49791001923
    ));
#8877 = CARTESIAN_POINT('',(1.152487095186,-0.69076049879,0.494932213184
    ));
#8878 = CARTESIAN_POINT('',(1.145801064236,-0.69282369272,0.491956015142
    ));
#8879 = CARTESIAN_POINT('',(1.139104625405,-0.694861026843,0.48898144913
    ));
#8880 = CARTESIAN_POINT('',(1.092283393889,-0.709105985249,
    0.468183402978));
#8881 = CARTESIAN_POINT('',(1.044809289454,-0.722129948453,
    0.447398458807));
#8882 = CARTESIAN_POINT('',(0.996991626826,-0.733992862254,
    0.426891850774));
#8883 = CARTESIAN_POINT('',(0.964567065193,-0.742036956394,
    0.412986575201));
#8884 = CARTESIAN_POINT('',(0.931984534567,-0.749548259087,
    0.399208764301));
#8885 = CARTESIAN_POINT('',(0.899340475106,-0.756555933543,
    0.385632438507));
#8886 = PCURVE('',#5987,#8887);
#8887 = DEFINITIONAL_REPRESENTATION('',(#8888),#8914);
#8888 = B_SPLINE_CURVE_WITH_KNOTS('',3,(#8889,#8890,#8891,#8892,#8893,
    #8894,#8895,#8896,#8897,#8898,#8899,#8900,#8901,#8902,#8903,#8904,
    #8905,#8906,#8907,#8908,#8909,#8910,#8911,#8912,#8913),
  .UNSPECIFIED.,.F.,.F.,(4,1,1,1,1,1,1,1,1,1,1,1,1,1,1,1,1,1,1,1,1,1,4),
  (0.,2.421006619915E-03,4.84201323983E-03,7.263019859745E-03,
    9.68402647966E-03,1.210503309957E-02,1.452603971949E-02,
    1.69470463394E-02,1.936805295932E-02,2.178905957923E-02,
    2.421006619915E-02,2.663107281906E-02,2.905207943898E-02,
    3.147308605889E-02,3.389409267881E-02,3.631509929872E-02,
    3.873610591864E-02,4.115711253855E-02,4.357811915847E-02,
    4.599912577838E-02,4.84201323983E-02,5.084113901821E-02,
    5.326214563813E-02),.QUASI_UNIFORM_KNOTS.);
#8889 = CARTESIAN_POINT('',(0.291029201222,8.65608437417E-03));
#8890 = CARTESIAN_POINT('',(0.292418244842,9.337521463298E-03));
#8891 = CARTESIAN_POINT('',(0.2951705269,1.070400791963E-02));
#8892 = CARTESIAN_POINT('',(0.299224055667,1.276423531081E-02));
#8893 = CARTESIAN_POINT('',(0.303205269605,1.483462126884E-02));
#8894 = CARTESIAN_POINT('',(0.30711654427,1.691482669693E-02));
#8895 = CARTESIAN_POINT('',(0.310960113505,1.900451233838E-02));
#8896 = CARTESIAN_POINT('',(0.314738118387,2.110333953315E-02));
#8897 = CARTESIAN_POINT('',(0.318453225233,2.32109673944E-02));
#8898 = CARTESIAN_POINT('',(0.322107945149,2.532706334586E-02));
#8899 = CARTESIAN_POINT('',(0.325704638152,2.745126379577E-02));
#8900 = CARTESIAN_POINT('',(0.329245698541,2.958332090376E-02));
#8901 = CARTESIAN_POINT('',(0.332732833914,3.17225548394E-02));
#8902 = CARTESIAN_POINT('',(0.336170712788,3.386989798109E-02));
#8903 = CARTESIAN_POINT('',(0.339561621009,3.602597111844E-02));
#8904 = CARTESIAN_POINT('',(0.342905167204,3.818977224928E-02));
#8905 = CARTESIAN_POINT('',(0.346201615341,4.036073419571E-02));
#8906 = CARTESIAN_POINT('',(0.349450990393,4.253817326906E-02));
#8907 = CARTESIAN_POINT('',(0.352653335054,4.472143699959E-02));
#8908 = CARTESIAN_POINT('',(0.355808588337,4.690986455249E-02));
#8909 = CARTESIAN_POINT('',(0.358916898007,4.910279733437E-02));
#8910 = CARTESIAN_POINT('',(0.361978422488,5.129957615123E-02));
#8911 = CARTESIAN_POINT('',(0.36499325149,5.349954197006E-02));
#8912 = CARTESIAN_POINT('',(0.366972030412,5.496787113302E-02));
#8913 = CARTESIAN_POINT('',(0.367953651525,5.570234719144E-02));
#8914 = ( GEOMETRIC_REPRESENTATION_CONTEXT(2) 
PARAMETRIC_REPRESENTATION_CONTEXT() REPRESENTATION_CONTEXT('2D SPACE',''
  ) );
#8915 = PCURVE('',#6323,#8916);
#8916 = DEFINITIONAL_REPRESENTATION('',(#8917),#8943);
#8917 = B_SPLINE_CURVE_WITH_KNOTS('',3,(#8918,#8919,#8920,#8921,#8922,
    #8923,#8924,#8925,#8926,#8927,#8928,#8929,#8930,#8931,#8932,#8933,
    #8934,#8935,#8936,#8937,#8938,#8939,#8940,#8941,#8942),
  .UNSPECIFIED.,.F.,.F.,(4,1,1,1,1,1,1,1,1,1,1,1,1,1,1,1,1,1,1,1,1,1,4),
  (0.,2.421006619915E-03,4.84201323983E-03,7.263019859745E-03,
    9.68402647966E-03,1.210503309957E-02,1.452603971949E-02,
    1.69470463394E-02,1.936805295932E-02,2.178905957923E-02,
    2.421006619915E-02,2.663107281906E-02,2.905207943898E-02,
    3.147308605889E-02,3.389409267881E-02,3.631509929872E-02,
    3.873610591864E-02,4.115711253855E-02,4.357811915847E-02,
    4.599912577838E-02,4.84201323983E-02,5.084113901821E-02,
    5.326214563813E-02),.QUASI_UNIFORM_KNOTS.);
#8918 = CARTESIAN_POINT('',(0.,0.669108130328));
#8919 = CARTESIAN_POINT('',(1.548713824974E-02,0.669023739563));
#8920 = CARTESIAN_POINT('',(4.647922076063E-02,0.668853941554));
#8921 = CARTESIAN_POINT('',(9.300256945437E-02,0.668595988406));
#8922 = CARTESIAN_POINT('',(0.139543196081,0.668334575191));
#8923 = CARTESIAN_POINT('',(0.186082292253,0.668069488299));
#8924 = CARTESIAN_POINT('',(0.232600520562,0.667800506125));
#8925 = CARTESIAN_POINT('',(0.279077742421,0.667527402948));
#8926 = CARTESIAN_POINT('',(0.325496153934,0.66724991327));
#8927 = CARTESIAN_POINT('',(0.371836696387,0.666967856076));
#8928 = CARTESIAN_POINT('',(0.418081949203,0.666680699922));
#8929 = CARTESIAN_POINT('',(0.464204964339,0.666389175526));
#8930 = CARTESIAN_POINT('',(0.510165480084,0.666094517826));
#8931 = CARTESIAN_POINT('',(0.555974706551,0.665795984526));
#8932 = CARTESIAN_POINT('',(0.601628628931,0.665493377496));
#8933 = CARTESIAN_POINT('',(0.647089163709,0.665186598629));
#8934 = CARTESIAN_POINT('',(0.69232705579,0.664875524728));
#8935 = CARTESIAN_POINT('',(0.737310409697,0.664560041641));
#8936 = CARTESIAN_POINT('',(0.782007758122,0.66424003484));
#8937 = CARTESIAN_POINT('',(0.826387361366,0.663915395241));
#8938 = CARTESIAN_POINT('',(0.870416886192,0.663586003766));
#8939 = CARTESIAN_POINT('',(0.914063922787,0.663251743635));
#8940 = CARTESIAN_POINT('',(0.957295908668,0.662912502717));
#8941 = CARTESIAN_POINT('',(0.985818693087,0.662682951054));
#8942 = CARTESIAN_POINT('',(1.,0.662567309527));
#8943 = ( GEOMETRIC_REPRESENTATION_CONTEXT(2) 
PARAMETRIC_REPRESENTATION_CONTEXT() REPRESENTATION_CONTEXT('2D SPACE',''
  ) );
#8944 = ORIENTED_EDGE('',*,*,#8945,.T.);
#8945 = EDGE_CURVE('',#8866,#8946,#8948,.T.);
#8946 = VERTEX_POINT('',#8947);
#8947 = CARTESIAN_POINT('',(1.39806105256,-0.543530397783,0.660365967188
    ));
#8948 = SURFACE_CURVE('',#8949,(#8957,#8963),.PCURVE_S1.);
#8949 = B_SPLINE_CURVE_WITH_KNOTS('',3,(#8950,#8951,#8952,#8953,#8954,
    #8955,#8956),.UNSPECIFIED.,.F.,.F.,(4,3,4),(-9.892700961836E-03,
    -4.946887171938E-03,-9.99999989507E-07),.UNSPECIFIED.);
#8950 = CARTESIAN_POINT('',(1.369803103272,-0.611260548593,
    0.594103181018));
#8951 = CARTESIAN_POINT('',(1.374573021613,-0.600571409672,
    0.605712713176));
#8952 = CARTESIAN_POINT('',(1.379328323373,-0.589578737684,
    0.617050511468));
#8953 = CARTESIAN_POINT('',(1.384045491139,-0.578288922994,
    0.628099443636));
#8954 = CARTESIAN_POINT('',(1.388762728895,-0.566998940794,0.63914853974
    ));
#8955 = CARTESIAN_POINT('',(1.393442353497,-0.555410548971,
    0.649909992105));
#8956 = CARTESIAN_POINT('',(1.398061052562,-0.543530397778,
    0.660365967182));
#8957 = PCURVE('',#5987,#8958);
#8958 = DEFINITIONAL_REPRESENTATION('',(#8959),#8962);
#8959 = B_SPLINE_CURVE_WITH_KNOTS('',1,(#8960,#8961),.UNSPECIFIED.,.F.,
  .F.,(2,2),(-9.892700961836E-03,-9.99999989507E-07),
  .PIECEWISE_BEZIER_KNOTS.);
#8960 = CARTESIAN_POINT('',(0.291029201229,8.656084374802E-03));
#8961 = CARTESIAN_POINT('',(0.259708281606,5.830289445806E-03));
#8962 = ( GEOMETRIC_REPRESENTATION_CONTEXT(2) 
PARAMETRIC_REPRESENTATION_CONTEXT() REPRESENTATION_CONTEXT('2D SPACE',''
  ) );
#8963 = PCURVE('',#6264,#8964);
#8964 = DEFINITIONAL_REPRESENTATION('',(#8965),#8968);
#8965 = B_SPLINE_CURVE_WITH_KNOTS('',1,(#8966,#8967),.UNSPECIFIED.,.F.,
  .F.,(2,2),(-9.892700961836E-03,-9.99999989507E-07),
  .PIECEWISE_BEZIER_KNOTS.);
#8966 = CARTESIAN_POINT('',(1.151073851747,1.847165281416));
#8967 = CARTESIAN_POINT('',(1.200004458991,1.91342806758));
#8968 = ( GEOMETRIC_REPRESENTATION_CONTEXT(2) 
PARAMETRIC_REPRESENTATION_CONTEXT() REPRESENTATION_CONTEXT('2D SPACE',''
  ) );
#8969 = ORIENTED_EDGE('',*,*,#8970,.F.);
#8970 = EDGE_CURVE('',#5973,#8946,#8971,.T.);
#8971 = SURFACE_CURVE('',#8972,(#8991,#9042),.PCURVE_S1.);
#8972 = B_SPLINE_CURVE_WITH_KNOTS('',3,(#8973,#8974,#8975,#8976,#8977,
    #8978,#8979,#8980,#8981,#8982,#8983,#8984,#8985,#8986,#8987,#8988,
    #8989,#8990),.UNSPECIFIED.,.F.,.F.,(4,2,2,2,2,2,2,2,4),(0.,
    4.196616954217E-03,5.648539220238E-03,7.624577410185E-03,
    1.032575612994E-02,1.985523125058E-02,3.270710825394E-02,
    5.606468257024E-02,6.539502274653E-02),.UNSPECIFIED.);
#8973 = CARTESIAN_POINT('',(1.189005703922,7.660161003794E-14,
    0.870114740956));
#8974 = CARTESIAN_POINT('',(1.187319939424,-1.388677695801E-02,
    0.870114740956));
#8975 = CARTESIAN_POINT('',(1.186012169877,-2.781297201335E-02,
    0.869748756529));
#8976 = CARTESIAN_POINT('',(1.184782193587,-4.657484927733E-02,
    0.868757171329));
#8977 = CARTESIAN_POINT('',(1.184513290113,-5.139791756096E-02,
    0.868458001223));
#8978 = CARTESIAN_POINT('',(1.183991573441,-6.278357317581E-02,
    0.86764697732));
#8979 = CARTESIAN_POINT('',(1.183779670569,-6.934415666586E-02,
    0.867097431406));
#8980 = CARTESIAN_POINT('',(1.183492393391,-8.486025048878E-02,
    0.8656027339));
#8981 = CARTESIAN_POINT('',(1.183495719801,-9.380694397079E-02,
    0.86458680105));
#8982 = CARTESIAN_POINT('',(1.184296144307,-0.134223283556,
    0.859300040527));
#8983 = CARTESIAN_POINT('',(1.187072165599,-0.165277407289,0.85331349254
    ));
#8984 = CARTESIAN_POINT('',(1.198986381301,-0.236675848023,
    0.835184444329));
#8985 = CARTESIAN_POINT('',(1.20987761772,-0.275705858159,0.821837438198
    ));
#8986 = CARTESIAN_POINT('',(1.25190018011,-0.380013182522,0.77763991634)
  );
#8987 = CARTESIAN_POINT('',(1.291157622658,-0.437696245421,
    0.742832082823));
#8988 = CARTESIAN_POINT('',(1.35717207519,-0.50751808586,0.690857897753)
  );
#8989 = CARTESIAN_POINT('',(1.377201809644,-0.526131888972,
    0.675678766783));
#8990 = CARTESIAN_POINT('',(1.398061052566,-0.54353039777,0.660365967189
    ));
#8991 = PCURVE('',#5987,#8992);
#8992 = DEFINITIONAL_REPRESENTATION('',(#8993),#9041);
#8993 = B_SPLINE_CURVE_WITH_KNOTS('',3,(#8994,#8995,#8996,#8997,#8998,
    #8999,#9000,#9001,#9002,#9003,#9004,#9005,#9006,#9007,#9008,#9009,
    #9010,#9011,#9012,#9013,#9014,#9015,#9016,#9017,#9018,#9019,#9020,
    #9021,#9022,#9023,#9024,#9025,#9026,#9027,#9028,#9029,#9030,#9031,
    #9032,#9033,#9034,#9035,#9036,#9037,#9038,#9039,#9040),
  .UNSPECIFIED.,.F.,.F.,(4,1,1,1,1,1,1,1,1,1,1,1,1,1,1,1,1,1,1,1,1,1,1,1
    ,1,1,1,1,1,1,1,1,1,1,1,1,1,1,1,1,1,1,1,1,4),(0.,1.486250516967E-03,
    2.972501033933E-03,4.4587515509E-03,5.945002067867E-03,
    7.431252584833E-03,8.9175031018E-03,1.040375361877E-02,
    1.189000413573E-02,1.33762546527E-02,1.486250516967E-02,
    1.634875568663E-02,1.78350062036E-02,1.932125672057E-02,
    2.080750723753E-02,2.22937577545E-02,2.378000827147E-02,
    2.526625878843E-02,2.67525093054E-02,2.823875982237E-02,
    2.972501033933E-02,3.12112608563E-02,3.269751137327E-02,
    3.418376189023E-02,3.56700124072E-02,3.715626292417E-02,
    3.864251344113E-02,4.01287639581E-02,4.161501447507E-02,
    4.310126499203E-02,4.4587515509E-02,4.607376602597E-02,
    4.756001654293E-02,4.90462670599E-02,5.053251757687E-02,
    5.201876809383E-02,5.35050186108E-02,5.499126912777E-02,
    5.647751964473E-02,5.79637701617E-02,5.945002067867E-02,
    6.093627119563E-02,6.24225217126E-02,6.390877222957E-02,
    6.539502274653E-02),.QUASI_UNIFORM_KNOTS.);
#8994 = CARTESIAN_POINT('',(0.,2.673582430984E-02));
#8995 = CARTESIAN_POINT('',(2.8264649921E-03,2.679552629905E-02));
#8996 = CARTESIAN_POINT('',(8.437202700608E-03,2.69054491276E-02));
#8997 = CARTESIAN_POINT('',(1.672876568661E-02,2.704145868195E-02));
#8998 = CARTESIAN_POINT('',(2.489897384281E-02,2.714818230562E-02));
#8999 = CARTESIAN_POINT('',(3.294697167793E-02,2.722513876792E-02));
#9000 = CARTESIAN_POINT('',(4.087216698011E-02,2.72718547121E-02));
#9001 = CARTESIAN_POINT('',(4.867461191916E-02,2.728789760499E-02));
#9002 = CARTESIAN_POINT('',(5.635635706187E-02,2.727281560171E-02));
#9003 = CARTESIAN_POINT('',(6.391109060217E-02,2.722626289099E-02));
#9004 = CARTESIAN_POINT('',(7.133548353629E-02,2.714796156797E-02));
#9005 = CARTESIAN_POINT('',(7.863520735437E-02,2.703756924408E-02));
#9006 = CARTESIAN_POINT('',(8.581330688811E-02,2.689476109633E-02));
#9007 = CARTESIAN_POINT('',(9.287322029447E-02,2.671920652306E-02));
#9008 = CARTESIAN_POINT('',(9.981841371842E-02,2.651058047171E-02));
#9009 = CARTESIAN_POINT('',(0.106650903681,2.626854147203E-02));
#9010 = CARTESIAN_POINT('',(0.113341164308,2.599416258425E-02));
#9011 = CARTESIAN_POINT('',(0.119901123316,2.568728853882E-02));
#9012 = CARTESIAN_POINT('',(0.126334337259,2.534799203651E-02));
#9013 = CARTESIAN_POINT('',(0.132646234572,2.497628190402E-02));
#9014 = CARTESIAN_POINT('',(0.138841235247,2.457219449404E-02));
#9015 = CARTESIAN_POINT('',(0.144924138443,2.413571992936E-02));
#9016 = CARTESIAN_POINT('',(0.150897554985,2.36670057264E-02));
#9017 = CARTESIAN_POINT('',(0.156770886072,2.316561605693E-02));
#9018 = CARTESIAN_POINT('',(0.162527066424,2.263329107768E-02));
#9019 = CARTESIAN_POINT('',(0.168150042439,2.207247980964E-02));
#9020 = CARTESIAN_POINT('',(0.173650856808,2.148335636344E-02));
#9021 = CARTESIAN_POINT('',(0.17903289672,2.086670431717E-02));
#9022 = CARTESIAN_POINT('',(0.184301223948,2.022314394276E-02));
#9023 = CARTESIAN_POINT('',(0.189460093414,1.955333926929E-02));
#9024 = CARTESIAN_POINT('',(0.194513635735,1.885794260345E-02));
#9025 = CARTESIAN_POINT('',(0.199465691148,1.813760938435E-02));
#9026 = CARTESIAN_POINT('',(0.204319869822,1.739299424378E-02));
#9027 = CARTESIAN_POINT('',(0.209079551348,1.66247519104E-02));
#9028 = CARTESIAN_POINT('',(0.213747897389,1.583353753269E-02));
#9029 = CARTESIAN_POINT('',(0.218327868919,1.502000448303E-02));
#9030 = CARTESIAN_POINT('',(0.222822208531,1.418481281829E-02));
#9031 = CARTESIAN_POINT('',(0.227233554614,1.33285976336E-02));
#9032 = CARTESIAN_POINT('',(0.2315640599,1.245208718648E-02));
#9033 = CARTESIAN_POINT('',(0.235816857697,1.155566204661E-02));
#9034 = CARTESIAN_POINT('',(0.239989690721,1.064127288046E-02));
#9035 = CARTESIAN_POINT('',(0.24408423527,9.709959618806E-03));
#9036 = CARTESIAN_POINT('',(0.24810267959,8.762542162439E-03));
#9037 = CARTESIAN_POINT('',(0.252046905804,7.799899370469E-03));
#9038 = CARTESIAN_POINT('',(0.255918729785,6.82289429874E-03));
#9039 = CARTESIAN_POINT('',(0.258452772021,6.16256093813E-03));
#9040 = CARTESIAN_POINT('',(0.259708281602,5.830289445449E-03));
#9041 = ( GEOMETRIC_REPRESENTATION_CONTEXT(2) 
PARAMETRIC_REPRESENTATION_CONTEXT() REPRESENTATION_CONTEXT('2D SPACE',''
  ) );
#9042 = PCURVE('',#6045,#9043);
#9043 = DEFINITIONAL_REPRESENTATION('',(#9044),#9092);
#9044 = B_SPLINE_CURVE_WITH_KNOTS('',3,(#9045,#9046,#9047,#9048,#9049,
    #9050,#9051,#9052,#9053,#9054,#9055,#9056,#9057,#9058,#9059,#9060,
    #9061,#9062,#9063,#9064,#9065,#9066,#9067,#9068,#9069,#9070,#9071,
    #9072,#9073,#9074,#9075,#9076,#9077,#9078,#9079,#9080,#9081,#9082,
    #9083,#9084,#9085,#9086,#9087,#9088,#9089,#9090,#9091),
  .UNSPECIFIED.,.F.,.F.,(4,1,1,1,1,1,1,1,1,1,1,1,1,1,1,1,1,1,1,1,1,1,1,1
    ,1,1,1,1,1,1,1,1,1,1,1,1,1,1,1,1,1,1,1,1,4),(0.,1.486250516967E-03,
    2.972501033933E-03,4.4587515509E-03,5.945002067867E-03,
    7.431252584833E-03,8.9175031018E-03,1.040375361877E-02,
    1.189000413573E-02,1.33762546527E-02,1.486250516967E-02,
    1.634875568663E-02,1.78350062036E-02,1.932125672057E-02,
    2.080750723753E-02,2.22937577545E-02,2.378000827147E-02,
    2.526625878843E-02,2.67525093054E-02,2.823875982237E-02,
    2.972501033933E-02,3.12112608563E-02,3.269751137327E-02,
    3.418376189023E-02,3.56700124072E-02,3.715626292417E-02,
    3.864251344113E-02,4.01287639581E-02,4.161501447507E-02,
    4.310126499203E-02,4.4587515509E-02,4.607376602597E-02,
    4.756001654293E-02,4.90462670599E-02,5.053251757687E-02,
    5.201876809383E-02,5.35050186108E-02,5.499126912777E-02,
    5.647751964473E-02,5.79637701617E-02,5.945002067867E-02,
    6.093627119563E-02,6.24225217126E-02,6.390877222957E-02,
    6.539502274653E-02),.QUASI_UNIFORM_KNOTS.);
#9045 = CARTESIAN_POINT('',(4.238591702825E-02,0.821428571429));
#9046 = CARTESIAN_POINT('',(4.054743838471E-02,0.821336686466));
#9047 = CARTESIAN_POINT('',(3.735098786327E-02,0.821152450678));
#9048 = CARTESIAN_POINT('',(3.401360614233E-02,0.82087511125));
#9049 = CARTESIAN_POINT('',(3.214972903581E-02,0.820597155749));
#9050 = CARTESIAN_POINT('',(3.177403833594E-02,0.82031910147));
#9051 = CARTESIAN_POINT('',(3.289759633947E-02,0.82004146693));
#9052 = CARTESIAN_POINT('',(3.552753708787E-02,0.819764754438));
#9053 = CARTESIAN_POINT('',(3.966938702012E-02,0.819489395676));
#9054 = CARTESIAN_POINT('',(4.531926443096E-02,0.81921612251));
#9055 = CARTESIAN_POINT('',(5.246665902294E-02,0.818945562195));
#9056 = CARTESIAN_POINT('',(6.110594579659E-02,0.818678003078));
#9057 = CARTESIAN_POINT('',(7.122852725635E-02,0.818413812888));
#9058 = CARTESIAN_POINT('',(8.282500994293E-02,0.818153329221));
#9059 = CARTESIAN_POINT('',(9.58847007635E-02,0.817896871247));
#9060 = CARTESIAN_POINT('',(0.110395835047,0.817644794906));
#9061 = CARTESIAN_POINT('',(0.126262682837,0.817398591896));
#9062 = CARTESIAN_POINT('',(0.14346921571,0.817158197454));
#9063 = CARTESIAN_POINT('',(0.161984311458,0.816923825855));
#9064 = CARTESIAN_POINT('',(0.181780965579,0.816695594095));
#9065 = CARTESIAN_POINT('',(0.202830550266,0.816473628383));
#9066 = CARTESIAN_POINT('',(0.225107008341,0.816258015876));
#9067 = CARTESIAN_POINT('',(0.248576237498,0.816048893163));
#9068 = CARTESIAN_POINT('',(0.273234753828,0.815846142963));
#9069 = CARTESIAN_POINT('',(0.298966021673,0.81565052163));
#9070 = CARTESIAN_POINT('',(0.325632525734,0.815462677945));
#9071 = CARTESIAN_POINT('',(0.353216305936,0.81528231781));
#9072 = CARTESIAN_POINT('',(0.381668733914,0.815109383315));
#9073 = CARTESIAN_POINT('',(0.410950762473,0.814943738588));
#9074 = CARTESIAN_POINT('',(0.441022134415,0.814785255641));
#9075 = CARTESIAN_POINT('',(0.471844260053,0.81463379295));
#9076 = CARTESIAN_POINT('',(0.503379426125,0.8144892027));
#9077 = CARTESIAN_POINT('',(0.535590980324,0.814351330256));
#9078 = CARTESIAN_POINT('',(0.568443255932,0.814220015614));
#9079 = CARTESIAN_POINT('',(0.601901538337,0.814095094295));
#9080 = CARTESIAN_POINT('',(0.635932105416,0.813976398071));
#9081 = CARTESIAN_POINT('',(0.67050191545,0.813863756464));
#9082 = CARTESIAN_POINT('',(0.705579619002,0.813756994954));
#9083 = CARTESIAN_POINT('',(0.741131618171,0.813655945133));
#9084 = CARTESIAN_POINT('',(0.777136605633,0.813560410008));
#9085 = CARTESIAN_POINT('',(0.813521993318,0.813470319407));
#9086 = CARTESIAN_POINT('',(0.850249658978,0.813385497738));
#9087 = CARTESIAN_POINT('',(0.88728920067,0.813305755321));
#9088 = CARTESIAN_POINT('',(0.924609039005,0.813230908103));
#9089 = CARTESIAN_POINT('',(0.962178684153,0.813160772611));
#9090 = CARTESIAN_POINT('',(0.987371783179,0.813117036795));
#9091 = CARTESIAN_POINT('',(1.,0.813095894022));
#9092 = ( GEOMETRIC_REPRESENTATION_CONTEXT(2) 
PARAMETRIC_REPRESENTATION_CONTEXT() REPRESENTATION_CONTEXT('2D SPACE',''
  ) );
#9093 = ORIENTED_EDGE('',*,*,#5972,.F.);
#9094 = ORIENTED_EDGE('',*,*,#9095,.T.);
#9095 = EDGE_CURVE('',#5730,#9096,#9098,.T.);
#9096 = VERTEX_POINT('',#9097);
#9097 = CARTESIAN_POINT('',(1.423461052565,-0.54353039777,0.660365967189
    ));
#9098 = SURFACE_CURVE('',#9099,(#9118,#9169),.PCURVE_S1.);
#9099 = B_SPLINE_CURVE_WITH_KNOTS('',3,(#9100,#9101,#9102,#9103,#9104,
    #9105,#9106,#9107,#9108,#9109,#9110,#9111,#9112,#9113,#9114,#9115,
    #9116,#9117),.UNSPECIFIED.,.F.,.F.,(4,2,2,2,2,2,2,2,4),(0.,
    4.196616956103E-03,5.648539222804E-03,7.624577413715E-03,
    1.032575613481E-02,1.985523126063E-02,3.27071082668E-02,
    5.60646826045E-02,6.539502274935E-02),.UNSPECIFIED.);
#9100 = CARTESIAN_POINT('',(1.214405703922,7.660160999839E-14,
    0.870114740956));
#9101 = CARTESIAN_POINT('',(1.212719939423,-1.388677696426E-02,
    0.870114740956));
#9102 = CARTESIAN_POINT('',(1.211412169875,-2.781297202589E-02,
    0.869748756528));
#9103 = CARTESIAN_POINT('',(1.210182193586,-4.657484929843E-02,
    0.868757171328));
#9104 = CARTESIAN_POINT('',(1.209913290111,-5.139791758429E-02,
    0.868458001222));
#9105 = CARTESIAN_POINT('',(1.20939157344,-6.278357320455E-02,
    0.867646977317));
#9106 = CARTESIAN_POINT('',(1.209179670568,-6.934415669766E-02,
    0.867097431403));
#9107 = CARTESIAN_POINT('',(1.208892393391,-8.486025052783E-02,
    0.865602733896));
#9108 = CARTESIAN_POINT('',(1.208895719801,-9.380694401408E-02,
    0.864586801045));
#9109 = CARTESIAN_POINT('',(1.209696144311,-0.13422328362,0.859300040517
    ));
#9110 = CARTESIAN_POINT('',(1.212472165607,-0.165277407369,
    0.853313492524));
#9111 = CARTESIAN_POINT('',(1.224386381324,-0.236675848123,
    0.835184444299));
#9112 = CARTESIAN_POINT('',(1.235277617752,-0.275705858264,0.82183743816
    ));
#9113 = CARTESIAN_POINT('',(1.277300180191,-0.380013182681,
    0.777639916261));
#9114 = CARTESIAN_POINT('',(1.316557622797,-0.437696245615,
    0.742832082702));
#9115 = CARTESIAN_POINT('',(1.382572075337,-0.507518085997,
    0.690857897641));
#9116 = CARTESIAN_POINT('',(1.402601809729,-0.526131889042,0.67567876672
    ));
#9117 = CARTESIAN_POINT('',(1.423461052565,-0.54353039777,0.660365967189
    ));
#9118 = PCURVE('',#5987,#9119);
#9119 = DEFINITIONAL_REPRESENTATION('',(#9120),#9168);
#9120 = B_SPLINE_CURVE_WITH_KNOTS('',3,(#9121,#9122,#9123,#9124,#9125,
    #9126,#9127,#9128,#9129,#9130,#9131,#9132,#9133,#9134,#9135,#9136,
    #9137,#9138,#9139,#9140,#9141,#9142,#9143,#9144,#9145,#9146,#9147,
    #9148,#9149,#9150,#9151,#9152,#9153,#9154,#9155,#9156,#9157,#9158,
    #9159,#9160,#9161,#9162,#9163,#9164,#9165,#9166,#9167),
  .UNSPECIFIED.,.F.,.F.,(4,1,1,1,1,1,1,1,1,1,1,1,1,1,1,1,1,1,1,1,1,1,1,1
    ,1,1,1,1,1,1,1,1,1,1,1,1,1,1,1,1,1,1,1,1,4),(0.,1.486250517031E-03,
    2.972501034061E-03,4.458751551092E-03,5.945002068123E-03,
    7.431252585154E-03,8.917503102184E-03,1.040375361922E-02,
    1.189000413625E-02,1.337625465328E-02,1.486250517031E-02,
    1.634875568734E-02,1.783500620437E-02,1.93212567214E-02,
    2.080750723843E-02,2.229375775546E-02,2.378000827249E-02,
    2.526625878952E-02,2.675250930655E-02,2.823875982358E-02,
    2.972501034061E-02,3.121126085765E-02,3.269751137468E-02,
    3.418376189171E-02,3.567001240874E-02,3.715626292577E-02,
    3.86425134428E-02,4.012876395983E-02,4.161501447686E-02,
    4.310126499389E-02,4.458751551092E-02,4.607376602795E-02,
    4.756001654498E-02,4.904626706201E-02,5.053251757905E-02,
    5.201876809608E-02,5.350501861311E-02,5.499126913014E-02,
    5.647751964717E-02,5.79637701642E-02,5.945002068123E-02,
    6.093627119826E-02,6.242252171529E-02,6.390877223232E-02,
    6.539502274935E-02),.QUASI_UNIFORM_KNOTS.);
#9121 = CARTESIAN_POINT('',(0.,2.419582430984E-02));
#9122 = CARTESIAN_POINT('',(2.826464992222E-03,2.425552629905E-02));
#9123 = CARTESIAN_POINT('',(8.437202700973E-03,2.436544912761E-02));
#9124 = CARTESIAN_POINT('',(1.672876568733E-02,2.450145868196E-02));
#9125 = CARTESIAN_POINT('',(2.489897384389E-02,2.460818230564E-02));
#9126 = CARTESIAN_POINT('',(3.294697167933E-02,2.468513876793E-02));
#9127 = CARTESIAN_POINT('',(4.087216698167E-02,2.473185471211E-02));
#9128 = CARTESIAN_POINT('',(4.867461192088E-02,2.474789760499E-02));
#9129 = CARTESIAN_POINT('',(5.635635706378E-02,2.47328156017E-02));
#9130 = CARTESIAN_POINT('',(6.391109060429E-02,2.468626289097E-02));
#9131 = CARTESIAN_POINT('',(7.133548353859E-02,2.460796156794E-02));
#9132 = CARTESIAN_POINT('',(7.863520735684E-02,2.449756924404E-02));
#9133 = CARTESIAN_POINT('',(8.581330689071E-02,2.435476109627E-02));
#9134 = CARTESIAN_POINT('',(9.287322029719E-02,2.417920652298E-02));
#9135 = CARTESIAN_POINT('',(9.98184137212E-02,2.397058047162E-02));
#9136 = CARTESIAN_POINT('',(0.106650903684,2.372854147191E-02));
#9137 = CARTESIAN_POINT('',(0.113341164311,2.345416258411E-02));
#9138 = CARTESIAN_POINT('',(0.11990112332,2.314728853865E-02));
#9139 = CARTESIAN_POINT('',(0.126334337263,2.280799203631E-02));
#9140 = CARTESIAN_POINT('',(0.132646234575,2.243628190379E-02));
#9141 = CARTESIAN_POINT('',(0.13884123525,2.203219449379E-02));
#9142 = CARTESIAN_POINT('',(0.144924138447,2.159571992908E-02));
#9143 = CARTESIAN_POINT('',(0.150897554989,2.112700572609E-02));
#9144 = CARTESIAN_POINT('',(0.156770886076,2.062561605661E-02));
#9145 = CARTESIAN_POINT('',(0.162527066428,2.00932910773E-02));
#9146 = CARTESIAN_POINT('',(0.168150042443,1.953247980922E-02));
#9147 = CARTESIAN_POINT('',(0.173650856813,1.894335636297E-02));
#9148 = CARTESIAN_POINT('',(0.179032896725,1.832670431664E-02));
#9149 = CARTESIAN_POINT('',(0.184301223952,1.768314394219E-02));
#9150 = CARTESIAN_POINT('',(0.189460093419,1.701333926867E-02));
#9151 = CARTESIAN_POINT('',(0.19451363574,1.631794260278E-02));
#9152 = CARTESIAN_POINT('',(0.199465691153,1.559760938364E-02));
#9153 = CARTESIAN_POINT('',(0.204319869827,1.485299424302E-02));
#9154 = CARTESIAN_POINT('',(0.209079551353,1.40847519096E-02));
#9155 = CARTESIAN_POINT('',(0.213747897394,1.329353753184E-02));
#9156 = CARTESIAN_POINT('',(0.218327868923,1.248000448216E-02));
#9157 = CARTESIAN_POINT('',(0.222822208536,1.164481281738E-02));
#9158 = CARTESIAN_POINT('',(0.227233554619,1.078859763267E-02));
#9159 = CARTESIAN_POINT('',(0.231564059905,9.912087185529E-03));
#9160 = CARTESIAN_POINT('',(0.235816857702,9.015662045647E-03));
#9161 = CARTESIAN_POINT('',(0.239989690726,8.101272879435E-03));
#9162 = CARTESIAN_POINT('',(0.244084235275,7.169959617749E-03));
#9163 = CARTESIAN_POINT('',(0.248102679594,6.222542161421E-03));
#9164 = CARTESIAN_POINT('',(0.252046905808,5.259899369606E-03));
#9165 = CARTESIAN_POINT('',(0.255918729787,4.282894298195E-03));
#9166 = CARTESIAN_POINT('',(0.258452772022,3.622560937936E-03));
#9167 = CARTESIAN_POINT('',(0.259708281602,3.290289445474E-03));
#9168 = ( GEOMETRIC_REPRESENTATION_CONTEXT(2) 
PARAMETRIC_REPRESENTATION_CONTEXT() REPRESENTATION_CONTEXT('2D SPACE',''
  ) );
#9169 = PCURVE('',#5772,#9170);
#9170 = DEFINITIONAL_REPRESENTATION('',(#9171),#9219);
#9171 = B_SPLINE_CURVE_WITH_KNOTS('',3,(#9172,#9173,#9174,#9175,#9176,
    #9177,#9178,#9179,#9180,#9181,#9182,#9183,#9184,#9185,#9186,#9187,
    #9188,#9189,#9190,#9191,#9192,#9193,#9194,#9195,#9196,#9197,#9198,
    #9199,#9200,#9201,#9202,#9203,#9204,#9205,#9206,#9207,#9208,#9209,
    #9210,#9211,#9212,#9213,#9214,#9215,#9216,#9217,#9218),
  .UNSPECIFIED.,.F.,.F.,(4,1,1,1,1,1,1,1,1,1,1,1,1,1,1,1,1,1,1,1,1,1,1,1
    ,1,1,1,1,1,1,1,1,1,1,1,1,1,1,1,1,1,1,1,1,4),(0.,1.486250517031E-03,
    2.972501034061E-03,4.458751551092E-03,5.945002068123E-03,
    7.431252585154E-03,8.917503102184E-03,1.040375361922E-02,
    1.189000413625E-02,1.337625465328E-02,1.486250517031E-02,
    1.634875568734E-02,1.783500620437E-02,1.93212567214E-02,
    2.080750723843E-02,2.229375775546E-02,2.378000827249E-02,
    2.526625878952E-02,2.675250930655E-02,2.823875982358E-02,
    2.972501034061E-02,3.121126085765E-02,3.269751137468E-02,
    3.418376189171E-02,3.567001240874E-02,3.715626292577E-02,
    3.86425134428E-02,4.012876395983E-02,4.161501447686E-02,
    4.310126499389E-02,4.458751551092E-02,4.607376602795E-02,
    4.756001654498E-02,4.904626706201E-02,5.053251757905E-02,
    5.201876809608E-02,5.350501861311E-02,5.499126913014E-02,
    5.647751964717E-02,5.79637701642E-02,5.945002068123E-02,
    6.093627119826E-02,6.242252171529E-02,6.390877223232E-02,
    6.539502274935E-02),.QUASI_UNIFORM_KNOTS.);
#9172 = CARTESIAN_POINT('',(4.238591702825E-02,0.821428571429));
#9173 = CARTESIAN_POINT('',(4.054743838463E-02,0.821336686466));
#9174 = CARTESIAN_POINT('',(3.735098786306E-02,0.821152450678));
#9175 = CARTESIAN_POINT('',(3.401360614208E-02,0.82087511125));
#9176 = CARTESIAN_POINT('',(3.214972903564E-02,0.820597155749));
#9177 = CARTESIAN_POINT('',(3.177403833597E-02,0.82031910147));
#9178 = CARTESIAN_POINT('',(3.289759633984E-02,0.82004146693));
#9179 = CARTESIAN_POINT('',(3.552753708861E-02,0.819764754438));
#9180 = CARTESIAN_POINT('',(3.966938702132E-02,0.819489395676));
#9181 = CARTESIAN_POINT('',(4.531926443275E-02,0.819216122509));
#9182 = CARTESIAN_POINT('',(5.246665902538E-02,0.818945562195));
#9183 = CARTESIAN_POINT('',(6.110594579977E-02,0.818678003078));
#9184 = CARTESIAN_POINT('',(7.122852726029E-02,0.818413812888));
#9185 = CARTESIAN_POINT('',(8.28250099477E-02,0.818153329221));
#9186 = CARTESIAN_POINT('',(9.588470076905E-02,0.817896871247));
#9187 = CARTESIAN_POINT('',(0.110395835054,0.817644794906));
#9188 = CARTESIAN_POINT('',(0.126262682845,0.817398591896));
#9189 = CARTESIAN_POINT('',(0.14346921572,0.817158197454));
#9190 = CARTESIAN_POINT('',(0.161984311469,0.816923825855));
#9191 = CARTESIAN_POINT('',(0.181780965591,0.816695594094));
#9192 = CARTESIAN_POINT('',(0.202830550279,0.816473628383));
#9193 = CARTESIAN_POINT('',(0.225107008355,0.816258015876));
#9194 = CARTESIAN_POINT('',(0.248576237513,0.816048893163));
#9195 = CARTESIAN_POINT('',(0.273234753844,0.815846142963));
#9196 = CARTESIAN_POINT('',(0.298966021691,0.81565052163));
#9197 = CARTESIAN_POINT('',(0.325632525754,0.815462677945));
#9198 = CARTESIAN_POINT('',(0.353216305958,0.81528231781));
#9199 = CARTESIAN_POINT('',(0.381668733938,0.815109383314));
#9200 = CARTESIAN_POINT('',(0.410950762499,0.814943738588));
#9201 = CARTESIAN_POINT('',(0.441022134443,0.81478525564));
#9202 = CARTESIAN_POINT('',(0.471844260083,0.81463379295));
#9203 = CARTESIAN_POINT('',(0.503379426156,0.8144892027));
#9204 = CARTESIAN_POINT('',(0.535590980356,0.814351330256));
#9205 = CARTESIAN_POINT('',(0.568443255966,0.814220015614));
#9206 = CARTESIAN_POINT('',(0.601901538372,0.814095094294));
#9207 = CARTESIAN_POINT('',(0.635932105452,0.813976398071));
#9208 = CARTESIAN_POINT('',(0.670501915487,0.813863756464));
#9209 = CARTESIAN_POINT('',(0.70557961904,0.813756994954));
#9210 = CARTESIAN_POINT('',(0.74113161821,0.813655945133));
#9211 = CARTESIAN_POINT('',(0.777136605672,0.813560410008));
#9212 = CARTESIAN_POINT('',(0.813521993359,0.813470319407));
#9213 = CARTESIAN_POINT('',(0.850249659019,0.813385497738));
#9214 = CARTESIAN_POINT('',(0.887289200709,0.813305755321));
#9215 = CARTESIAN_POINT('',(0.924609039038,0.813230908103));
#9216 = CARTESIAN_POINT('',(0.962178684174,0.813160772611));
#9217 = CARTESIAN_POINT('',(0.987371783186,0.813117036795));
#9218 = CARTESIAN_POINT('',(1.,0.813095894022));
#9219 = ( GEOMETRIC_REPRESENTATION_CONTEXT(2) 
PARAMETRIC_REPRESENTATION_CONTEXT() REPRESENTATION_CONTEXT('2D SPACE',''
  ) );
#9220 = ORIENTED_EDGE('',*,*,#9221,.F.);
#9221 = EDGE_CURVE('',#9222,#9096,#9224,.T.);
#9222 = VERTEX_POINT('',#9223);
#9223 = CARTESIAN_POINT('',(1.395203103278,-0.611260548579,
    0.594103181033));
#9224 = SURFACE_CURVE('',#9225,(#9233,#9239),.PCURVE_S1.);
#9225 = B_SPLINE_CURVE_WITH_KNOTS('',3,(#9226,#9227,#9228,#9229,#9230,
    #9231,#9232),.UNSPECIFIED.,.F.,.F.,(4,3,4),(-9.892700960831E-03,
    -4.946887171444E-03,-9.999999897487E-07),.UNSPECIFIED.);
#9226 = CARTESIAN_POINT('',(1.395203103278,-0.611260548579,
    0.594103181033));
#9227 = CARTESIAN_POINT('',(1.399973021619,-0.600571409658,0.60571271319
    ));
#9228 = CARTESIAN_POINT('',(1.404728323378,-0.589578737671,
    0.617050511481));
#9229 = CARTESIAN_POINT('',(1.409445491144,-0.578288922982,
    0.628099443647));
#9230 = CARTESIAN_POINT('',(1.414162728899,-0.566998940784,0.63914853975
    ));
#9231 = CARTESIAN_POINT('',(1.418842353501,-0.555410548961,
    0.649909992114));
#9232 = CARTESIAN_POINT('',(1.423461052565,-0.54353039777,0.660365967189
    ));
#9233 = PCURVE('',#5987,#9234);
#9234 = DEFINITIONAL_REPRESENTATION('',(#9235),#9238);
#9235 = B_SPLINE_CURVE_WITH_KNOTS('',1,(#9236,#9237),.UNSPECIFIED.,.F.,
  .F.,(2,2),(-9.892700960831E-03,-9.999999897487E-07),
  .PIECEWISE_BEZIER_KNOTS.);
#9236 = CARTESIAN_POINT('',(0.291029201222,6.11608437417E-03));
#9237 = CARTESIAN_POINT('',(0.259708281602,3.290289445474E-03));
#9238 = ( GEOMETRIC_REPRESENTATION_CONTEXT(2) 
PARAMETRIC_REPRESENTATION_CONTEXT() REPRESENTATION_CONTEXT('2D SPACE',''
  ) );
#9239 = PCURVE('',#5718,#9240);
#9240 = DEFINITIONAL_REPRESENTATION('',(#9241),#9244);
#9241 = B_SPLINE_CURVE_WITH_KNOTS('',1,(#9242,#9243),.UNSPECIFIED.,.F.,
  .F.,(2,2),(-9.892700960831E-03,-9.999999897487E-07),
  .PIECEWISE_BEZIER_KNOTS.);
#9242 = CARTESIAN_POINT('',(1.151073851758,1.847165281432));
#9243 = CARTESIAN_POINT('',(1.200004458997,1.913428067588));
#9244 = ( GEOMETRIC_REPRESENTATION_CONTEXT(2) 
PARAMETRIC_REPRESENTATION_CONTEXT() REPRESENTATION_CONTEXT('2D SPACE',''
  ) );
#9245 = ORIENTED_EDGE('',*,*,#9246,.T.);
#9246 = EDGE_CURVE('',#9222,#9247,#9249,.T.);
#9247 = VERTEX_POINT('',#9248);
#9248 = CARTESIAN_POINT('',(0.924740475106,-0.756555933543,
    0.385632438507));
#9249 = SURFACE_CURVE('',#9250,(#9267,#9296),.PCURVE_S1.);
#9250 = B_SPLINE_CURVE_WITH_KNOTS('',3,(#9251,#9252,#9253,#9254,#9255,
    #9256,#9257,#9258,#9259,#9260,#9261,#9262,#9263,#9264,#9265,#9266),
  .UNSPECIFIED.,.F.,.F.,(4,3,3,3,3,4),(0.,1.202765098859E-02,
    2.436382162086E-02,2.663336138409E-02,4.250189235053E-02,
    5.326214563613E-02),.UNSPECIFIED.);
#9251 = CARTESIAN_POINT('',(1.395203103278,-0.611260548579,
    0.594103181033));
#9252 = CARTESIAN_POINT('',(1.361349055085,-0.625808237651,
    0.578302856484));
#9253 = CARTESIAN_POINT('',(1.327049226562,-0.639392762993,
    0.562437550169));
#9254 = CARTESIAN_POINT('',(1.292372923618,-0.652116394779,
    0.546588885077));
#9255 = CARTESIAN_POINT('',(1.256807143531,-0.665166398717,
    0.530333688026));
#9256 = CARTESIAN_POINT('',(1.220845327527,-0.677311555129,
    0.514095998489));
#9257 = CARTESIAN_POINT('',(1.184562252755,-0.688670705678,
    0.497910019289));
#9258 = CARTESIAN_POINT('',(1.177887095336,-0.690760498743,
    0.494932213251));
#9259 = CARTESIAN_POINT('',(1.171201064404,-0.692823692669,
    0.491956015216));
#9260 = CARTESIAN_POINT('',(1.16450462559,-0.694861026787,0.488981449212
    ));
#9261 = CARTESIAN_POINT('',(1.117683394077,-0.709105985195,0.46818340306
    ));
#9262 = CARTESIAN_POINT('',(1.070209289644,-0.722129948402,0.44739845889
    ));
#9263 = CARTESIAN_POINT('',(1.02239162702,-0.733992862207,0.426891850857
    ));
#9264 = CARTESIAN_POINT('',(0.989967065322,-0.742036956364,
    0.412986575256));
#9265 = CARTESIAN_POINT('',(0.957384534632,-0.749548259073,
    0.399208764328));
#9266 = CARTESIAN_POINT('',(0.924740475106,-0.756555933543,
    0.385632438507));
#9267 = PCURVE('',#5987,#9268);
#9268 = DEFINITIONAL_REPRESENTATION('',(#9269),#9295);
#9269 = B_SPLINE_CURVE_WITH_KNOTS('',3,(#9270,#9271,#9272,#9273,#9274,
    #9275,#9276,#9277,#9278,#9279,#9280,#9281,#9282,#9283,#9284,#9285,
    #9286,#9287,#9288,#9289,#9290,#9291,#9292,#9293,#9294),
  .UNSPECIFIED.,.F.,.F.,(4,1,1,1,1,1,1,1,1,1,1,1,1,1,1,1,1,1,1,1,1,1,4),
  (0.,2.421006619824E-03,4.842013239648E-03,7.263019859472E-03,
    9.684026479296E-03,1.210503309912E-02,1.452603971894E-02,
    1.694704633877E-02,1.936805295859E-02,2.178905957842E-02,
    2.421006619824E-02,2.663107281806E-02,2.905207943789E-02,
    3.147308605771E-02,3.389409267754E-02,3.631509929736E-02,
    3.873610591719E-02,4.115711253701E-02,4.357811915683E-02,
    4.599912577666E-02,4.842013239648E-02,5.084113901631E-02,
    5.326214563613E-02),.QUASI_UNIFORM_KNOTS.);
#9270 = CARTESIAN_POINT('',(0.291029201222,6.11608437417E-03));
#9271 = CARTESIAN_POINT('',(0.292418244842,6.797521463272E-03));
#9272 = CARTESIAN_POINT('',(0.2951705269,8.164007919545E-03));
#9273 = CARTESIAN_POINT('',(0.299224055666,1.022423531063E-02));
#9274 = CARTESIAN_POINT('',(0.303205269604,1.229462126856E-02));
#9275 = CARTESIAN_POINT('',(0.307116544269,1.437482669655E-02));
#9276 = CARTESIAN_POINT('',(0.310960113504,1.646451233789E-02));
#9277 = CARTESIAN_POINT('',(0.314738118386,1.856333953257E-02));
#9278 = CARTESIAN_POINT('',(0.318453225232,2.067096739375E-02));
#9279 = CARTESIAN_POINT('',(0.322107945148,2.278706334515E-02));
#9280 = CARTESIAN_POINT('',(0.325704638151,2.491126379503E-02));
#9281 = CARTESIAN_POINT('',(0.32924569854,2.704332090302E-02));
#9282 = CARTESIAN_POINT('',(0.332732833913,2.91825548387E-02));
#9283 = CARTESIAN_POINT('',(0.336170712787,3.132989798047E-02));
#9284 = CARTESIAN_POINT('',(0.339561621009,3.348597111789E-02));
#9285 = CARTESIAN_POINT('',(0.342905167203,3.564977224879E-02));
#9286 = CARTESIAN_POINT('',(0.346201615341,3.782073419529E-02));
#9287 = CARTESIAN_POINT('',(0.349450990392,3.99981732687E-02));
#9288 = CARTESIAN_POINT('',(0.352653335054,4.21814369993E-02));
#9289 = CARTESIAN_POINT('',(0.355808588336,4.436986455227E-02));
#9290 = CARTESIAN_POINT('',(0.358916898007,4.65627973342E-02));
#9291 = CARTESIAN_POINT('',(0.361978422487,4.875957615112E-02));
#9292 = CARTESIAN_POINT('',(0.36499325149,5.095954197E-02));
#9293 = CARTESIAN_POINT('',(0.366972030412,5.2427871133E-02));
#9294 = CARTESIAN_POINT('',(0.367953651525,5.316234719144E-02));
#9295 = ( GEOMETRIC_REPRESENTATION_CONTEXT(2) 
PARAMETRIC_REPRESENTATION_CONTEXT() REPRESENTATION_CONTEXT('2D SPACE',''
  ) );
#9296 = PCURVE('',#5499,#9297);
#9297 = DEFINITIONAL_REPRESENTATION('',(#9298),#9324);
#9298 = B_SPLINE_CURVE_WITH_KNOTS('',3,(#9299,#9300,#9301,#9302,#9303,
    #9304,#9305,#9306,#9307,#9308,#9309,#9310,#9311,#9312,#9313,#9314,
    #9315,#9316,#9317,#9318,#9319,#9320,#9321,#9322,#9323),
  .UNSPECIFIED.,.F.,.F.,(4,1,1,1,1,1,1,1,1,1,1,1,1,1,1,1,1,1,1,1,1,1,4),
  (0.,2.421006619824E-03,4.842013239648E-03,7.263019859472E-03,
    9.684026479296E-03,1.210503309912E-02,1.452603971894E-02,
    1.694704633877E-02,1.936805295859E-02,2.178905957842E-02,
    2.421006619824E-02,2.663107281806E-02,2.905207943789E-02,
    3.147308605771E-02,3.389409267754E-02,3.631509929736E-02,
    3.873610591719E-02,4.115711253701E-02,4.357811915683E-02,
    4.599912577666E-02,4.842013239648E-02,5.084113901631E-02,
    5.326214563613E-02),.QUASI_UNIFORM_KNOTS.);
#9299 = CARTESIAN_POINT('',(0.,0.669108130328));
#9300 = CARTESIAN_POINT('',(1.548713824916E-02,0.669023739563));
#9301 = CARTESIAN_POINT('',(4.647922075877E-02,0.668853941554));
#9302 = CARTESIAN_POINT('',(9.300256945035E-02,0.668595988406));
#9303 = CARTESIAN_POINT('',(0.139543196075,0.668334575191));
#9304 = CARTESIAN_POINT('',(0.186082292245,0.668069488299));
#9305 = CARTESIAN_POINT('',(0.232600520551,0.667800506125));
#9306 = CARTESIAN_POINT('',(0.279077742408,0.667527402948));
#9307 = CARTESIAN_POINT('',(0.32549615392,0.66724991327));
#9308 = CARTESIAN_POINT('',(0.371836696372,0.666967856077));
#9309 = CARTESIAN_POINT('',(0.418081949187,0.666680699922));
#9310 = CARTESIAN_POINT('',(0.464204964323,0.666389175526));
#9311 = CARTESIAN_POINT('',(0.510165480069,0.666094517826));
#9312 = CARTESIAN_POINT('',(0.555974706538,0.665795984527));
#9313 = CARTESIAN_POINT('',(0.60162862892,0.665493377496));
#9314 = CARTESIAN_POINT('',(0.647089163699,0.665186598629));
#9315 = CARTESIAN_POINT('',(0.692327055781,0.664875524728));
#9316 = CARTESIAN_POINT('',(0.73731040969,0.664560041641));
#9317 = CARTESIAN_POINT('',(0.782007758116,0.664240034841));
#9318 = CARTESIAN_POINT('',(0.826387361361,0.663915395241));
#9319 = CARTESIAN_POINT('',(0.870416886188,0.663586003766));
#9320 = CARTESIAN_POINT('',(0.914063922785,0.663251743635));
#9321 = CARTESIAN_POINT('',(0.957295908667,0.662912502717));
#9322 = CARTESIAN_POINT('',(0.985818693087,0.662682951054));
#9323 = CARTESIAN_POINT('',(1.,0.662567309527));
#9324 = ( GEOMETRIC_REPRESENTATION_CONTEXT(2) 
PARAMETRIC_REPRESENTATION_CONTEXT() REPRESENTATION_CONTEXT('2D SPACE',''
  ) );
#9325 = ORIENTED_EDGE('',*,*,#9326,.T.);
#9326 = EDGE_CURVE('',#9247,#9327,#9329,.T.);
#9327 = VERTEX_POINT('',#9328);
#9328 = CARTESIAN_POINT('',(0.897971904882,-0.787279138269,
    0.320399390458));
#9329 = SURFACE_CURVE('',#9330,(#9338,#9344),.PCURVE_S1.);
#9330 = B_SPLINE_CURVE_WITH_KNOTS('',3,(#9331,#9332,#9333,#9334,#9335,
    #9336,#9337),.UNSPECIFIED.,.F.,.F.,(4,3,4),(9.999999525048E-07,
    3.864928602923E-03,7.693758724636E-03),.UNSPECIFIED.);
#9331 = CARTESIAN_POINT('',(0.924740475105,-0.756555933543,
    0.385632438507));
#9332 = CARTESIAN_POINT('',(0.920103993635,-0.762067456547,
    0.374954683371));
#9333 = CARTESIAN_POINT('',(0.915534158294,-0.767396849157,0.36415113382
    ));
#9334 = CARTESIAN_POINT('',(0.911048133153,-0.772539678583,
    0.353228088251));
#9335 = CARTESIAN_POINT('',(0.906602857385,-0.777635792472,
    0.342404263539));
#9336 = CARTESIAN_POINT('',(0.902238328556,-0.782550495955,
    0.331459324476));
#9337 = CARTESIAN_POINT('',(0.897971904882,-0.787279138269,
    0.320399390459));
#9338 = PCURVE('',#5987,#9339);
#9339 = DEFINITIONAL_REPRESENTATION('',(#9340),#9343);
#9340 = B_SPLINE_CURVE_WITH_KNOTS('',1,(#9341,#9342),.UNSPECIFIED.,.F.,
  .F.,(2,2),(9.999999525048E-07,7.693758724636E-03),
  .PIECEWISE_BEZIER_KNOTS.);
#9341 = CARTESIAN_POINT('',(0.367953651525,5.316234719146E-02));
#9342 = CARTESIAN_POINT('',(0.388293177738,5.583920421382E-02));
#9343 = ( GEOMETRIC_REPRESENTATION_CONTEXT(2) 
PARAMETRIC_REPRESENTATION_CONTEXT() REPRESENTATION_CONTEXT('2D SPACE',''
  ) );
#9344 = PCURVE('',#5440,#9345);
#9345 = DEFINITIONAL_REPRESENTATION('',(#9346),#9349);
#9346 = B_SPLINE_CURVE_WITH_KNOTS('',1,(#9347,#9348),.UNSPECIFIED.,.F.,
  .F.,(2,2),(9.999999525048E-07,7.693758724636E-03),
  .PIECEWISE_BEZIER_KNOTS.);
#9347 = CARTESIAN_POINT('',(4.01300599959,2.351320338108));
#9348 = CARTESIAN_POINT('',(3.978331456153,2.28608729006));
#9349 = ( GEOMETRIC_REPRESENTATION_CONTEXT(2) 
PARAMETRIC_REPRESENTATION_CONTEXT() REPRESENTATION_CONTEXT('2D SPACE',''
  ) );
#9350 = ORIENTED_EDGE('',*,*,#9351,.T.);
#9351 = EDGE_CURVE('',#9327,#9352,#9354,.T.);
#9352 = VERTEX_POINT('',#9353);
#9353 = CARTESIAN_POINT('',(1.265131717969,-0.844431919969,
    0.143418944935));
#9354 = SURFACE_CURVE('',#9355,(#9366,#9372),.PCURVE_S1.);
#9355 = B_SPLINE_CURVE_WITH_KNOTS('',3,(#9356,#9357,#9358,#9359,#9360,
    #9361,#9362,#9363,#9364,#9365),.UNSPECIFIED.,.F.,.F.,(4,3,3,4),(0.,
    1.048218647771E-04,2.096433952084E-04,4.117055912018E-04),
  .UNSPECIFIED.);
#9356 = CARTESIAN_POINT('',(0.897971904882,-0.787279138269,
    0.320399390458));
#9357 = CARTESIAN_POINT('',(0.929062537031,-0.793547202747,
    0.305738865313));
#9358 = CARTESIAN_POINT('',(0.960169585771,-0.799454818118,
    0.290954241841));
#9359 = CARTESIAN_POINT('',(0.991293981051,-0.80499914654,0.276075362271
    ));
#9360 = CARTESIAN_POINT('',(1.022418277054,-0.810543457276,
    0.261196530159));
#9361 = CARTESIAN_POINT('',(1.05356335083,-0.815725328173,0.246221479494
    ));
#9362 = CARTESIAN_POINT('',(1.084723211792,-0.820545806724,
    0.231173761691));
#9363 = CARTESIAN_POINT('',(1.144789401506,-0.829838138918,
    0.202166601697));
#9364 = CARTESIAN_POINT('',(1.20493802102,-0.83779169312,0.172878830975)
  );
#9365 = CARTESIAN_POINT('',(1.265131717969,-0.844431919969,
    0.143418944935));
#9366 = PCURVE('',#5987,#9367);
#9367 = DEFINITIONAL_REPRESENTATION('',(#9368),#9371);
#9368 = B_SPLINE_CURVE_WITH_KNOTS('',1,(#9369,#9370),.UNSPECIFIED.,.F.,
  .F.,(2,2),(0.,4.117055912018E-04),.PIECEWISE_BEZIER_KNOTS.);
#9369 = CARTESIAN_POINT('',(0.388293177738,5.583920421383E-02));
#9370 = CARTESIAN_POINT('',(0.438939698998,1.912322290514E-02));
#9371 = ( GEOMETRIC_REPRESENTATION_CONTEXT(2) 
PARAMETRIC_REPRESENTATION_CONTEXT() REPRESENTATION_CONTEXT('2D SPACE',''
  ) );
#9372 = PCURVE('',#5244,#9373);
#9373 = DEFINITIONAL_REPRESENTATION('',(#9374),#9377);
#9374 = B_SPLINE_CURVE_WITH_KNOTS('',1,(#9375,#9376),.UNSPECIFIED.,.F.,
  .F.,(2,2),(0.,4.117055912018E-04),.PIECEWISE_BEZIER_KNOTS.);
#9375 = CARTESIAN_POINT('',(9.148703421132E-15,0.661775586903));
#9376 = CARTESIAN_POINT('',(1.,0.664912910639));
#9377 = ( GEOMETRIC_REPRESENTATION_CONTEXT(2) 
PARAMETRIC_REPRESENTATION_CONTEXT() REPRESENTATION_CONTEXT('2D SPACE',''
  ) );
#9378 = ORIENTED_EDGE('',*,*,#9379,.F.);
#9379 = EDGE_CURVE('',#9380,#9352,#9382,.T.);
#9380 = VERTEX_POINT('',#9381);
#9381 = CARTESIAN_POINT('',(1.256726727277,-0.856641401458,
    8.017540736812E-02));
#9382 = SURFACE_CURVE('',#9383,(#9388,#9394),.PCURVE_S1.);
#9383 = ELLIPSE('',#9384,2.283797701928,1.405620927354);
#9384 = AXIS2_PLACEMENT_3D('',#9385,#9386,#9387);
#9385 = CARTESIAN_POINT('',(2.483892042023,1.049107210474,
    -0.134044057328));
#9386 = DIRECTION('',(-0.840386136494,0.541942131923,7.061673706385E-03)
  );
#9387 = DIRECTION('',(0.541469320303,0.840080367015,-3.280170918448E-02)
  );
#9388 = PCURVE('',#5987,#9389);
#9389 = DEFINITIONAL_REPRESENTATION('',(#9390),#9393);
#9390 = B_SPLINE_CURVE_WITH_KNOTS('',1,(#9391,#9392),.UNSPECIFIED.,.F.,
  .F.,(2,2),(3.241184362272,3.286846019811),.PIECEWISE_BEZIER_KNOTS.);
#9391 = CARTESIAN_POINT('',(0.456020592066,1.996372197428E-02));
#9392 = CARTESIAN_POINT('',(0.438939698998,1.912322290514E-02));
#9393 = ( GEOMETRIC_REPRESENTATION_CONTEXT(2) 
PARAMETRIC_REPRESENTATION_CONTEXT() REPRESENTATION_CONTEXT('2D SPACE',''
  ) );
#9394 = PCURVE('',#5211,#9395);
#9395 = DEFINITIONAL_REPRESENTATION('',(#9396),#9399);
#9396 = B_SPLINE_CURVE_WITH_KNOTS('',1,(#9397,#9398),.UNSPECIFIED.,.F.,
  .F.,(2,2),(3.241184362272,3.286846019811),.PIECEWISE_BEZIER_KNOTS.);
#9397 = CARTESIAN_POINT('',(0.962958053878,1.333237507767));
#9398 = CARTESIAN_POINT('',(0.97283995866,1.396481045333));
#9399 = ( GEOMETRIC_REPRESENTATION_CONTEXT(2) 
PARAMETRIC_REPRESENTATION_CONTEXT() REPRESENTATION_CONTEXT('2D SPACE',''
  ) );
#9400 = ORIENTED_EDGE('',*,*,#9401,.T.);
#9401 = EDGE_CURVE('',#9380,#9402,#9404,.T.);
#9402 = VERTEX_POINT('',#9403);
#9403 = CARTESIAN_POINT('',(0.816280757952,-0.869308804421,
    -0.125025331056));
#9404 = SURFACE_CURVE('',#9405,(#9416,#9422),.PCURVE_S1.);
#9405 = B_SPLINE_CURVE_WITH_KNOTS('',3,(#9406,#9407,#9408,#9409,#9410,
    #9411,#9412,#9413,#9414,#9415),.UNSPECIFIED.,.F.,.F.,(4,3,3,4),(0.,
    2.096728167279E-04,3.478808239912E-04,4.861752084028E-04),
  .UNSPECIFIED.);
#9406 = CARTESIAN_POINT('',(1.256726727277,-0.856641401458,
    8.017540736812E-02));
#9407 = CARTESIAN_POINT('',(1.19387918296,-0.861506711504,
    4.9988352642E-02));
#9408 = CARTESIAN_POINT('',(1.130825613314,-0.864982994624,
    1.99765648181E-02));
#9409 = CARTESIAN_POINT('',(1.067590795595,-0.867166510908,
    -9.710695519463E-03));
#9410 = CARTESIAN_POINT('',(1.025904256263,-0.868605958996,
    -2.928154573068E-02));
#9411 = CARTESIAN_POINT('',(0.984129772568,-0.86948363223,
    -4.871478419245E-02));
#9412 = CARTESIAN_POINT('',(0.942264084686,-0.869829690025,
    -6.795022472291E-02));
#9413 = CARTESIAN_POINT('',(0.900372199724,-0.870175964362,
    -8.719770165846E-02));
#9414 = CARTESIAN_POINT('',(0.858382710081,-0.869989554599,
    -0.106250946749));
#9415 = CARTESIAN_POINT('',(0.816280757952,-0.869308804421,
    -0.125025331056));
#9416 = PCURVE('',#5987,#9417);
#9417 = DEFINITIONAL_REPRESENTATION('',(#9418),#9421);
#9418 = B_SPLINE_CURVE_WITH_KNOTS('',1,(#9419,#9420),.UNSPECIFIED.,.F.,
  .F.,(2,2),(0.,4.861752084028E-04),.PIECEWISE_BEZIER_KNOTS.);
#9419 = CARTESIAN_POINT('',(0.456020592066,1.996372197428E-02));
#9420 = CARTESIAN_POINT('',(0.50996740563,6.400831890681E-02));
#9421 = ( GEOMETRIC_REPRESENTATION_CONTEXT(2) 
PARAMETRIC_REPRESENTATION_CONTEXT() REPRESENTATION_CONTEXT('2D SPACE',''
  ) );
#9422 = PCURVE('',#4995,#9423);
#9423 = DEFINITIONAL_REPRESENTATION('',(#9424),#9450);
#9424 = B_SPLINE_CURVE_WITH_KNOTS('',3,(#9425,#9426,#9427,#9428,#9429,
    #9430,#9431,#9432,#9433,#9434,#9435,#9436,#9437,#9438,#9439,#9440,
    #9441,#9442,#9443,#9444,#9445,#9446,#9447,#9448,#9449),
  .UNSPECIFIED.,.F.,.F.,(4,1,1,1,1,1,1,1,1,1,1,1,1,1,1,1,1,1,1,1,1,1,4),
  (0.,2.209887310922E-05,4.419774621843E-05,6.629661932765E-05,
    8.839549243687E-05,1.104943655461E-04,1.325932386553E-04,
    1.546921117645E-04,1.767909848737E-04,1.988898579829E-04,
    2.209887310922E-04,2.430876042014E-04,2.651864773106E-04,
    2.872853504198E-04,3.09384223529E-04,3.314830966382E-04,
    3.535819697475E-04,3.756808428567E-04,3.977797159659E-04,
    4.198785890751E-04,4.419774621843E-04,4.640763352935E-04,
    4.861752084028E-04),.QUASI_UNIFORM_KNOTS.);
#9425 = CARTESIAN_POINT('',(0.,0.521825044555));
#9426 = CARTESIAN_POINT('',(1.58413560134E-02,0.521759682816));
#9427 = CARTESIAN_POINT('',(4.748131621991E-02,0.52162809106));
#9428 = CARTESIAN_POINT('',(9.480590144384E-02,0.521428006575));
#9429 = CARTESIAN_POINT('',(0.141988129028,0.521225134375));
#9430 = CARTESIAN_POINT('',(0.18902065667,0.521019379556));
#9431 = CARTESIAN_POINT('',(0.235895898493,0.520810644487));
#9432 = CARTESIAN_POINT('',(0.282606016959,0.520598828196));
#9433 = CARTESIAN_POINT('',(0.329142796516,0.520383826962));
#9434 = CARTESIAN_POINT('',(0.375498092231,0.52016553201));
#9435 = CARTESIAN_POINT('',(0.421662094436,0.519943837577));
#9436 = CARTESIAN_POINT('',(0.467629752004,0.51971861039));
#9437 = CARTESIAN_POINT('',(0.513394891316,0.519489712733));
#9438 = CARTESIAN_POINT('',(0.558943093191,0.519257039517));
#9439 = CARTESIAN_POINT('',(0.604265108789,0.519020454953));
#9440 = CARTESIAN_POINT('',(0.649349761308,0.518779826512));
#9441 = CARTESIAN_POINT('',(0.694186034331,0.518535014554));
#9442 = CARTESIAN_POINT('',(0.738761724165,0.518285879312));
#9443 = CARTESIAN_POINT('',(0.783067174414,0.518032260202));
#9444 = CARTESIAN_POINT('',(0.827089339823,0.517773996988));
#9445 = CARTESIAN_POINT('',(0.870814317858,0.517510927358));
#9446 = CARTESIAN_POINT('',(0.914227743495,0.517242883313));
#9447 = CARTESIAN_POINT('',(0.957314728805,0.516969692669));
#9448 = CARTESIAN_POINT('',(0.985811306436,0.516784015213));
#9449 = CARTESIAN_POINT('',(1.,0.516690259394));
#9450 = ( GEOMETRIC_REPRESENTATION_CONTEXT(2) 
PARAMETRIC_REPRESENTATION_CONTEXT() REPRESENTATION_CONTEXT('2D SPACE',''
  ) );
#9451 = ORIENTED_EDGE('',*,*,#9452,.T.);
#9452 = EDGE_CURVE('',#9402,#9453,#9455,.T.);
#9453 = VERTEX_POINT('',#9454);
#9454 = CARTESIAN_POINT('',(0.820755935673,-0.865216219411,
    -0.187105423369));
#9455 = SURFACE_CURVE('',#9456,(#9467,#9473),.PCURVE_S1.);
#9456 = B_SPLINE_CURVE_WITH_KNOTS('',3,(#9457,#9458,#9459,#9460,#9461,
    #9462,#9463,#9464,#9465,#9466),.UNSPECIFIED.,.F.,.F.,(4,3,3,4),(0.,
    1.562594027043E-05,3.125186383271E-05,6.239748543924E-05),
  .UNSPECIFIED.);
#9457 = CARTESIAN_POINT('',(0.816280757952,-0.869308804421,
    -0.125025331056));
#9458 = CARTESIAN_POINT('',(0.816488048991,-0.869120214943,
    -0.130226433388));
#9459 = CARTESIAN_POINT('',(0.816737563427,-0.868893081361,
    -0.135424767166));
#9460 = CARTESIAN_POINT('',(0.817028912373,-0.86862755876,
    -0.140618476301));
#9461 = CARTESIAN_POINT('',(0.817320261135,-0.868362036326,
    -0.145812182166));
#9462 = CARTESIAN_POINT('',(0.81765347878,-0.868058093379,
    -0.151001883524));
#9463 = CARTESIAN_POINT('',(0.818028051659,-0.8677159342,-0.156185761333
    ));
#9464 = CARTESIAN_POINT('',(0.818774522067,-0.867034059682,
    -0.166516491582));
#9465 = CARTESIAN_POINT('',(0.819685631654,-0.866200103711,
    -0.176827652239));
#9466 = CARTESIAN_POINT('',(0.820755935673,-0.865216219411,
    -0.187105423369));
#9467 = PCURVE('',#5987,#9468);
#9468 = DEFINITIONAL_REPRESENTATION('',(#9469),#9472);
#9469 = B_SPLINE_CURVE_WITH_KNOTS('',1,(#9470,#9471),.UNSPECIFIED.,.F.,
  .F.,(2,2),(0.,6.239748543924E-05),.PIECEWISE_BEZIER_KNOTS.);
#9470 = CARTESIAN_POINT('',(0.50996740563,6.400831890681E-02));
#9471 = CARTESIAN_POINT('',(0.526252993511,6.356080113474E-02));
#9472 = ( GEOMETRIC_REPRESENTATION_CONTEXT(2) 
PARAMETRIC_REPRESENTATION_CONTEXT() REPRESENTATION_CONTEXT('2D SPACE',''
  ) );
#9473 = PCURVE('',#4959,#9474);
#9474 = DEFINITIONAL_REPRESENTATION('',(#9475),#9478);
#9475 = B_SPLINE_CURVE_WITH_KNOTS('',1,(#9476,#9477),.UNSPECIFIED.,.F.,
  .F.,(2,2),(0.,6.239748543924E-05),.PIECEWISE_BEZIER_KNOTS.);
#9476 = CARTESIAN_POINT('',(3.879785494932,1.840662568546));
#9477 = CARTESIAN_POINT('',(3.88494560243,1.778582476232));
#9478 = ( GEOMETRIC_REPRESENTATION_CONTEXT(2) 
PARAMETRIC_REPRESENTATION_CONTEXT() REPRESENTATION_CONTEXT('2D SPACE',''
  ) );
#9479 = ORIENTED_EDGE('',*,*,#9480,.T.);
#9480 = EDGE_CURVE('',#9453,#9481,#9483,.T.);
#9481 = VERTEX_POINT('',#9482);
#9482 = CARTESIAN_POINT('',(1.271576616677,-0.83489151394,
    -0.356005963453));
#9483 = SURFACE_CURVE('',#9484,(#9498,#9504),.PCURVE_S1.);
#9484 = B_SPLINE_CURVE_WITH_KNOTS('',3,(#9485,#9486,#9487,#9488,#9489,
    #9490,#9491,#9492,#9493,#9494,#9495,#9496,#9497),.UNSPECIFIED.,.F.,
  .F.,(4,3,3,3,4),(0.,1.556158012361E-02,2.402303839526E-02,
    4.159678719664E-02,4.804595541001E-02),.UNSPECIFIED.);
#9485 = CARTESIAN_POINT('',(0.820755935673,-0.865216219412,
    -0.18710542337));
#9486 = CARTESIAN_POINT('',(0.870064938857,-0.863681666179,
    -0.203135546943));
#9487 = CARTESIAN_POINT('',(0.919317964783,-0.861673907029,
    -0.220182100725));
#9488 = CARTESIAN_POINT('',(0.968277244185,-0.859098901636,
    -0.237906394724));
#9489 = CARTESIAN_POINT('',(0.994898377539,-0.857698767426,
    -0.247543807691));
#9490 = CARTESIAN_POINT('',(1.021432663701,-0.856131703832,
    -0.257381315337));
#9491 = CARTESIAN_POINT('',(1.047841879185,-0.854389103545,
    -0.267363247424));
#9492 = CARTESIAN_POINT('',(1.102691634873,-0.850769866917,
    -0.28809489455));
#9493 = CARTESIAN_POINT('',(1.15739855205,-0.846365218488,
    -0.309601702946));
#9494 = CARTESIAN_POINT('',(1.211806172636,-0.841075137825,
    -0.331601546128));
#9495 = CARTESIAN_POINT('',(1.231772538447,-0.839133797907,
    -0.339674990841));
#9496 = CARTESIAN_POINT('',(1.25169859727,-0.837073671686,
    -0.347814632963));
#9497 = CARTESIAN_POINT('',(1.271576616677,-0.83489151394,
    -0.356005963453));
#9498 = PCURVE('',#5987,#9499);
#9499 = DEFINITIONAL_REPRESENTATION('',(#9500),#9503);
#9500 = B_SPLINE_CURVE_WITH_KNOTS('',1,(#9501,#9502),.UNSPECIFIED.,.F.,
  .F.,(2,2),(0.,4.804595541001E-02),.PIECEWISE_BEZIER_KNOTS.);
#9501 = CARTESIAN_POINT('',(0.526252993511,6.356080113474E-02));
#9502 = CARTESIAN_POINT('',(0.571750954188,1.847873303435E-02));
#9503 = ( GEOMETRIC_REPRESENTATION_CONTEXT(2) 
PARAMETRIC_REPRESENTATION_CONTEXT() REPRESENTATION_CONTEXT('2D SPACE',''
  ) );
#9504 = PCURVE('',#4737,#9505);
#9505 = DEFINITIONAL_REPRESENTATION('',(#9506),#9532);
#9506 = B_SPLINE_CURVE_WITH_KNOTS('',3,(#9507,#9508,#9509,#9510,#9511,
    #9512,#9513,#9514,#9515,#9516,#9517,#9518,#9519,#9520,#9521,#9522,
    #9523,#9524,#9525,#9526,#9527,#9528,#9529,#9530,#9531),
  .UNSPECIFIED.,.F.,.F.,(4,1,1,1,1,1,1,1,1,1,1,1,1,1,1,1,1,1,1,1,1,1,4),
  (0.,2.183907064091E-03,4.367814128182E-03,6.551721192273E-03,
    8.735628256365E-03,1.091953532046E-02,1.310344238455E-02,
    1.528734944864E-02,1.747125651273E-02,1.965516357682E-02,
    2.183907064091E-02,2.4022977705E-02,2.620688476909E-02,
    2.839079183319E-02,3.057469889728E-02,3.275860596137E-02,
    3.494251302546E-02,3.712642008955E-02,3.931032715364E-02,
    4.149423421773E-02,4.367814128182E-02,4.586204834591E-02,
    4.804595541001E-02),.QUASI_UNIFORM_KNOTS.);
#9507 = CARTESIAN_POINT('',(0.,0.516806251435));
#9508 = CARTESIAN_POINT('',(1.393230175288E-02,0.51690650991));
#9509 = CARTESIAN_POINT('',(4.196533350471E-02,0.517105068503));
#9510 = CARTESIAN_POINT('',(8.44911566328E-02,0.517397146948));
#9511 = CARTESIAN_POINT('',(0.127464115009,0.517683580493));
#9512 = CARTESIAN_POINT('',(0.170855526931,0.517964487478));
#9513 = CARTESIAN_POINT('',(0.214637008284,0.518239988007));
#9514 = CARTESIAN_POINT('',(0.258780556103,0.518510203906));
#9515 = CARTESIAN_POINT('',(0.303258392403,0.518775257948));
#9516 = CARTESIAN_POINT('',(0.348043511748,0.519035274262));
#9517 = CARTESIAN_POINT('',(0.393108909065,0.519290360312));
#9518 = CARTESIAN_POINT('',(0.438432350453,0.519540652154));
#9519 = CARTESIAN_POINT('',(0.483974276612,0.519786190039));
#9520 = CARTESIAN_POINT('',(0.529761350444,0.520027367274));
#9521 = CARTESIAN_POINT('',(0.57582911848,0.520264575576));
#9522 = CARTESIAN_POINT('',(0.62214745893,0.520497851643));
#9523 = CARTESIAN_POINT('',(0.668704221946,0.520727325193));
#9524 = CARTESIAN_POINT('',(0.715482808293,0.520953098788));
#9525 = CARTESIAN_POINT('',(0.762468163038,0.521175280002));
#9526 = CARTESIAN_POINT('',(0.809645170993,0.521393972516));
#9527 = CARTESIAN_POINT('',(0.856999030566,0.521609279253));
#9528 = CARTESIAN_POINT('',(0.904515312918,0.521821298492));
#9529 = CARTESIAN_POINT('',(0.952180165362,0.522030121031));
#9530 = CARTESIAN_POINT('',(0.984046607831,0.522167265974));
#9531 = CARTESIAN_POINT('',(1.,0.52223533615));
#9532 = ( GEOMETRIC_REPRESENTATION_CONTEXT(2) 
PARAMETRIC_REPRESENTATION_CONTEXT() REPRESENTATION_CONTEXT('2D SPACE',''
  ) );
#9533 = ORIENTED_EDGE('',*,*,#9534,.F.);
#9534 = EDGE_CURVE('',#9535,#9481,#9537,.T.);
#9535 = VERTEX_POINT('',#9536);
#9536 = CARTESIAN_POINT('',(1.283726741404,-0.816464213464,
    -0.417409520847));
#9537 = SURFACE_CURVE('',#9538,(#9543,#9549),.PCURVE_S1.);
#9538 = ELLIPSE('',#9539,1.156526232728,0.972965743758);
#9539 = AXIS2_PLACEMENT_3D('',#9540,#9541,#9542);
#9540 = CARTESIAN_POINT('',(1.812164548307,0.128492885168,-0.16743651864
    ));
#9541 = DIRECTION('',(-0.869798031596,0.492813331884,-2.421578308597E-02
    ));
#9542 = DIRECTION('',(0.483942364777,0.842516514807,-0.236570729068));
#9543 = PCURVE('',#5987,#9544);
#9544 = DEFINITIONAL_REPRESENTATION('',(#9545),#9548);
#9545 = B_SPLINE_CURVE_WITH_KNOTS('',1,(#9546,#9547),.UNSPECIFIED.,.F.,
  .F.,(2,2),(2.602900003801,2.666933640223),.PIECEWISE_BEZIER_KNOTS.);
#9546 = CARTESIAN_POINT('',(0.589084784379,1.726372056162E-02));
#9547 = CARTESIAN_POINT('',(0.571750954188,1.847873303435E-02));
#9548 = ( GEOMETRIC_REPRESENTATION_CONTEXT(2) 
PARAMETRIC_REPRESENTATION_CONTEXT() REPRESENTATION_CONTEXT('2D SPACE',''
  ) );
#9549 = PCURVE('',#4704,#9550);
#9550 = DEFINITIONAL_REPRESENTATION('',(#9551),#9554);
#9551 = B_SPLINE_CURVE_WITH_KNOTS('',1,(#9552,#9553),.UNSPECIFIED.,.F.,
  .F.,(2,2),(2.602900003801,2.666933640223),.PIECEWISE_BEZIER_KNOTS.);
#9552 = CARTESIAN_POINT('',(0.995230578019,0.835652579552));
#9553 = CARTESIAN_POINT('',(0.980515510535,0.897056136946));
#9554 = ( GEOMETRIC_REPRESENTATION_CONTEXT(2) 
PARAMETRIC_REPRESENTATION_CONTEXT() REPRESENTATION_CONTEXT('2D SPACE',''
  ) );
#9555 = ORIENTED_EDGE('',*,*,#9556,.T.);
#9556 = EDGE_CURVE('',#9535,#9557,#9559,.T.);
#9557 = VERTEX_POINT('',#9558);
#9558 = CARTESIAN_POINT('',(0.948477337032,-0.727405251975,
    -0.611876435421));
#9559 = SURFACE_CURVE('',#9560,(#9571,#9577),.PCURVE_S1.);
#9560 = B_SPLINE_CURVE_WITH_KNOTS('',3,(#9561,#9562,#9563,#9564,#9565,
    #9566,#9567,#9568,#9569,#9570),.UNSPECIFIED.,.F.,.F.,(4,2,2,2,4),(0.
    ,1.602572200625E-02,1.986552530398E-02,3.382774935472E-02,
    3.97092329483E-02),.UNSPECIFIED.);
#9561 = CARTESIAN_POINT('',(1.283726741404,-0.816464213464,
    -0.417409520847));
#9562 = CARTESIAN_POINT('',(1.237784180253,-0.807816521311,
    -0.443257071859));
#9563 = CARTESIAN_POINT('',(1.191889494066,-0.797947455478,
    -0.469310998948));
#9564 = CARTESIAN_POINT('',(1.135663261613,-0.784073769059,
    -0.501641846693));
#9565 = CARTESIAN_POINT('',(1.124826099707,-0.781316285264,
    -0.507892452378));
#9566 = CARTESIAN_POINT('',(1.07475697,-0.768175064847,-0.536864621853)
  );
#9567 = CARTESIAN_POINT('',(1.035552195309,-0.756736512895,
    -0.55981782732));
#9568 = CARTESIAN_POINT('',(0.980663874981,-0.738734561611,
    -0.592499226311));
#9569 = CARTESIAN_POINT('',(0.964499280271,-0.733181419208,
    -0.602192551899));
#9570 = CARTESIAN_POINT('',(0.948477337032,-0.727405251975,
    -0.611876435421));
#9571 = PCURVE('',#5987,#9572);
#9572 = DEFINITIONAL_REPRESENTATION('',(#9573),#9576);
#9573 = B_SPLINE_CURVE_WITH_KNOTS('',1,(#9574,#9575),.UNSPECIFIED.,.F.,
  .F.,(2,2),(0.,3.97092329483E-02),.PIECEWISE_BEZIER_KNOTS.);
#9574 = CARTESIAN_POINT('',(0.589084784379,1.726372056162E-02));
#9575 = CARTESIAN_POINT('',(0.649387484862,5.078866099883E-02));
#9576 = ( GEOMETRIC_REPRESENTATION_CONTEXT(2) 
PARAMETRIC_REPRESENTATION_CONTEXT() REPRESENTATION_CONTEXT('2D SPACE',''
  ) );
#9577 = PCURVE('',#4511,#9578);
#9578 = DEFINITIONAL_REPRESENTATION('',(#9579),#9582);
#9579 = B_SPLINE_CURVE_WITH_KNOTS('',1,(#9580,#9581),.UNSPECIFIED.,.F.,
  .F.,(2,2),(0.,3.97092329483E-02),.PIECEWISE_BEZIER_KNOTS.);
#9580 = CARTESIAN_POINT('',(6.353902629333E-15,0.379723352275));
#9581 = CARTESIAN_POINT('',(1.,0.377587694321));
#9582 = ( GEOMETRIC_REPRESENTATION_CONTEXT(2) 
PARAMETRIC_REPRESENTATION_CONTEXT() REPRESENTATION_CONTEXT('2D SPACE',''
  ) );
#9583 = ORIENTED_EDGE('',*,*,#9584,.T.);
#9584 = EDGE_CURVE('',#9557,#9585,#9587,.T.);
#9585 = VERTEX_POINT('',#9586);
#9586 = CARTESIAN_POINT('',(0.977497509312,-0.68898512575,
    -0.671232237097));
#9587 = SURFACE_CURVE('',#9588,(#9596,#9602),.PCURVE_S1.);
#9588 = B_SPLINE_CURVE_WITH_KNOTS('',3,(#9589,#9590,#9591,#9592,#9593,
    #9594,#9595),.UNSPECIFIED.,.F.,.F.,(4,3,4),(9.999999545217E-07,
    3.820786982693E-03,7.64491350035E-03),.UNSPECIFIED.);
#9589 = CARTESIAN_POINT('',(0.948477337032,-0.727405251975,
    -0.611876435421));
#9590 = CARTESIAN_POINT('',(0.953243517928,-0.721356967924,
    -0.622016529342));
#9591 = CARTESIAN_POINT('',(0.958052926429,-0.715131489958,
    -0.632033430671));
#9592 = CARTESIAN_POINT('',(0.962890836861,-0.708732037898,
    -0.641920994049));
#9593 = CARTESIAN_POINT('',(0.967734243485,-0.702325315631,
    -0.651819790364));
#9594 = CARTESIAN_POINT('',(0.972607854817,-0.695742060957,
    -0.661592300699));
#9595 = CARTESIAN_POINT('',(0.977497509312,-0.68898512575,
    -0.671232237097));
#9596 = PCURVE('',#5987,#9597);
#9597 = DEFINITIONAL_REPRESENTATION('',(#9598),#9601);
#9598 = B_SPLINE_CURVE_WITH_KNOTS('',1,(#9599,#9600),.UNSPECIFIED.,.F.,
  .F.,(2,2),(9.999999545217E-07,7.64491350035E-03),
  .PIECEWISE_BEZIER_KNOTS.);
#9599 = CARTESIAN_POINT('',(0.649387484862,5.078866099883E-02));
#9600 = CARTESIAN_POINT('',(0.670375110297,4.788664377085E-02));
#9601 = ( GEOMETRIC_REPRESENTATION_CONTEXT(2) 
PARAMETRIC_REPRESENTATION_CONTEXT() REPRESENTATION_CONTEXT('2D SPACE',''
  ) );
#9602 = PCURVE('',#4478,#9603);
#9603 = DEFINITIONAL_REPRESENTATION('',(#9604),#9607);
#9604 = B_SPLINE_CURVE_WITH_KNOTS('',1,(#9605,#9606),.UNSPECIFIED.,.F.,
  .F.,(2,2),(9.999999545217E-07,7.64491350035E-03),
  .PIECEWISE_BEZIER_KNOTS.);
#9605 = CARTESIAN_POINT('',(4.044994488285,1.353811464181));
#9606 = CARTESIAN_POINT('',(4.085966402452,1.294455662505));
#9607 = ( GEOMETRIC_REPRESENTATION_CONTEXT(2) 
PARAMETRIC_REPRESENTATION_CONTEXT() REPRESENTATION_CONTEXT('2D SPACE',''
  ) );
#9608 = ORIENTED_EDGE('',*,*,#9609,.T.);
#9609 = EDGE_CURVE('',#9585,#9610,#9612,.T.);
#9610 = VERTEX_POINT('',#9611);
#9611 = CARTESIAN_POINT('',(1.425750094638,-0.537605443097,
    -0.839304868662));
#9612 = SURFACE_CURVE('',#9613,(#9627,#9656),.PCURVE_S1.);
#9613 = B_SPLINE_CURVE_WITH_KNOTS('',3,(#9614,#9615,#9616,#9617,#9618,
    #9619,#9620,#9621,#9622,#9623,#9624,#9625,#9626),.UNSPECIFIED.,.F.,
  .F.,(4,3,3,3,4),(0.,1.424430314414E-02,2.530309988683E-02,
    3.826832367388E-02,5.060615025415E-02),.UNSPECIFIED.);
#9614 = CARTESIAN_POINT('',(0.977497509312,-0.68898512575,
    -0.671232237097));
#9615 = CARTESIAN_POINT('',(1.021398979986,-0.678604168038,
    -0.686042468218));
#9616 = CARTESIAN_POINT('',(1.064655989287,-0.667298935112,
    -0.701276147546));
#9617 = CARTESIAN_POINT('',(1.107386628479,-0.654955879728,
    -0.716804843347));
#9618 = CARTESIAN_POINT('',(1.140561256169,-0.64537314765,
    -0.728860799247));
#9619 = CARTESIAN_POINT('',(1.173418617112,-0.635164883523,
    -0.741093604282));
#9620 = CARTESIAN_POINT('',(1.206013972186,-0.624285814978,
    -0.753422833134));
#9621 = CARTESIAN_POINT('',(1.244228443685,-0.611531302749,
    -0.767877498945));
#9622 = CARTESIAN_POINT('',(1.282300898581,-0.597773963825,
    -0.782556596703));
#9623 = CARTESIAN_POINT('',(1.319911114294,-0.582936687554,
    -0.797288405256));
#9624 = CARTESIAN_POINT('',(1.35570134258,-0.568817398558,
    -0.811307330198));
#9625 = CARTESIAN_POINT('',(1.391072985495,-0.553719677878,
    -0.825373345261));
#9626 = CARTESIAN_POINT('',(1.425750094638,-0.537605443097,
    -0.839304868662));
#9627 = PCURVE('',#5987,#9628);
#9628 = DEFINITIONAL_REPRESENTATION('',(#9629),#9655);
#9629 = B_SPLINE_CURVE_WITH_KNOTS('',3,(#9630,#9631,#9632,#9633,#9634,
    #9635,#9636,#9637,#9638,#9639,#9640,#9641,#9642,#9643,#9644,#9645,
    #9646,#9647,#9648,#9649,#9650,#9651,#9652,#9653,#9654),
  .UNSPECIFIED.,.F.,.F.,(4,1,1,1,1,1,1,1,1,1,1,1,1,1,1,1,1,1,1,1,1,1,4),
  (0.,2.300279557007E-03,4.600559114014E-03,6.90083867102E-03,
    9.201118228027E-03,1.150139778503E-02,1.380167734204E-02,
    1.610195689905E-02,1.840223645605E-02,2.070251601306E-02,
    2.300279557007E-02,2.530307512707E-02,2.760335468408E-02,
    2.990363424109E-02,3.22039137981E-02,3.45041933551E-02,
    3.680447291211E-02,3.910475246912E-02,4.140503202612E-02,
    4.370531158313E-02,4.600559114014E-02,4.830587069714E-02,
    5.060615025415E-02),.QUASI_UNIFORM_KNOTS.);
#9630 = CARTESIAN_POINT('',(0.670375110297,4.788664377085E-02));
#9631 = CARTESIAN_POINT('',(0.671255648611,4.717768907862E-02));
#9632 = CARTESIAN_POINT('',(0.673034090748,4.576314098278E-02));
#9633 = CARTESIAN_POINT('',(0.67575456043,4.365110430646E-02));
#9634 = CARTESIAN_POINT('',(0.678528524623,4.154855472446E-02));
#9635 = CARTESIAN_POINT('',(0.681356748055,3.945519377525E-02));
#9636 = CARTESIAN_POINT('',(0.68424004889,3.737072332576E-02));
#9637 = CARTESIAN_POINT('',(0.687179304718,3.529484401744E-02));
#9638 = CARTESIAN_POINT('',(0.690175463814,3.322726106525E-02));
#9639 = CARTESIAN_POINT('',(0.693229202551,3.116766261556E-02));
#9640 = CARTESIAN_POINT('',(0.696341153655,2.911580051554E-02));
#9641 = CARTESIAN_POINT('',(0.699512440304,2.707118887786E-02));
#9642 = CARTESIAN_POINT('',(0.702742673014,2.503422905233E-02));
#9643 = CARTESIAN_POINT('',(0.706037438571,2.300201117466E-02));
#9644 = CARTESIAN_POINT('',(0.709402220516,2.097299659092E-02));
#9645 = CARTESIAN_POINT('',(0.712836685341,1.894895810823E-02));
#9646 = CARTESIAN_POINT('',(0.716342178502,1.693078123041E-02));
#9647 = CARTESIAN_POINT('',(0.719919702629,1.491958921346E-02));
#9648 = CARTESIAN_POINT('',(0.723570531823,1.29164416079E-02));
#9649 = CARTESIAN_POINT('',(0.727295770685,1.092241503407E-02));
#9650 = CARTESIAN_POINT('',(0.731096210106,8.938581538457E-03));
#9651 = CARTESIAN_POINT('',(0.734972819261,6.96601439314E-03));
#9652 = CARTESIAN_POINT('',(0.738926642129,5.005786541692E-03));
#9653 = CARTESIAN_POINT('',(0.741614802189,3.70790952465E-03));
#9654 = CARTESIAN_POINT('',(0.742972144744,3.061385238233E-03));
#9655 = ( GEOMETRIC_REPRESENTATION_CONTEXT(2) 
PARAMETRIC_REPRESENTATION_CONTEXT() REPRESENTATION_CONTEXT('2D SPACE',''
  ) );
#9656 = PCURVE('',#4259,#9657);
#9657 = DEFINITIONAL_REPRESENTATION('',(#9658),#9684);
#9658 = B_SPLINE_CURVE_WITH_KNOTS('',3,(#9659,#9660,#9661,#9662,#9663,
    #9664,#9665,#9666,#9667,#9668,#9669,#9670,#9671,#9672,#9673,#9674,
    #9675,#9676,#9677,#9678,#9679,#9680,#9681,#9682,#9683),
  .UNSPECIFIED.,.F.,.F.,(4,1,1,1,1,1,1,1,1,1,1,1,1,1,1,1,1,1,1,1,1,1,4),
  (0.,2.300279557007E-03,4.600559114014E-03,6.90083867102E-03,
    9.201118228027E-03,1.150139778503E-02,1.380167734204E-02,
    1.610195689905E-02,1.840223645605E-02,2.070251601306E-02,
    2.300279557007E-02,2.530307512707E-02,2.760335468408E-02,
    2.990363424109E-02,3.22039137981E-02,3.45041933551E-02,
    3.680447291211E-02,3.910475246912E-02,4.140503202612E-02,
    4.370531158313E-02,4.600559114014E-02,4.830587069714E-02,
    5.060615025415E-02),.QUASI_UNIFORM_KNOTS.);
#9659 = CARTESIAN_POINT('',(0.,0.378535361586));
#9660 = CARTESIAN_POINT('',(1.465915086624E-02,0.378644347067));
#9661 = CARTESIAN_POINT('',(4.404472841505E-02,0.378860383038));
#9662 = CARTESIAN_POINT('',(8.831206618942E-02,0.379178926252));
#9663 = CARTESIAN_POINT('',(0.132755066035,0.379492256526));
#9664 = CARTESIAN_POINT('',(0.177362005409,0.379800659148));
#9665 = CARTESIAN_POINT('',(0.222122215337,0.380104399447));
#9666 = CARTESIAN_POINT('',(0.267025790657,0.380403770188));
#9667 = CARTESIAN_POINT('',(0.312064924761,0.380698911077));
#9668 = CARTESIAN_POINT('',(0.3572273562,0.380990482376));
#9669 = CARTESIAN_POINT('',(0.40251845082,0.381277039287));
#9670 = CARTESIAN_POINT('',(0.447940663636,0.381558206937));
#9671 = CARTESIAN_POINT('',(0.493469459455,0.381834364578));
#9672 = CARTESIAN_POINT('',(0.539158080247,0.382106098258));
#9673 = CARTESIAN_POINT('',(0.585031598863,0.382373896125));
#9674 = CARTESIAN_POINT('',(0.631040295705,0.3826377701));
#9675 = CARTESIAN_POINT('',(0.677154535927,0.382897863424));
#9676 = CARTESIAN_POINT('',(0.723339331987,0.383154286935));
#9677 = CARTESIAN_POINT('',(0.769561355428,0.383407163761));
#9678 = CARTESIAN_POINT('',(0.815786313481,0.383656611778));
#9679 = CARTESIAN_POINT('',(0.861979768334,0.383902737525));
#9680 = CARTESIAN_POINT('',(0.908107397777,0.384145650869));
#9681 = CARTESIAN_POINT('',(0.954134902861,0.384385462237));
#9682 = CARTESIAN_POINT('',(0.984730361095,0.384543343012));
#9683 = CARTESIAN_POINT('',(1.,0.384621803598));
#9684 = ( GEOMETRIC_REPRESENTATION_CONTEXT(2) 
PARAMETRIC_REPRESENTATION_CONTEXT() REPRESENTATION_CONTEXT('2D SPACE',''
  ) );
#9685 = ORIENTED_EDGE('',*,*,#9686,.F.);
#9686 = EDGE_CURVE('',#9687,#9610,#9689,.T.);
#9687 = VERTEX_POINT('',#9688);
#9688 = CARTESIAN_POINT('',(1.452394862393,-0.462261465734,
    -0.897619092142));
#9689 = SURFACE_CURVE('',#9690,(#9698,#9704),.PCURVE_S1.);
#9690 = B_SPLINE_CURVE_WITH_KNOTS('',3,(#9691,#9692,#9693,#9694,#9695,
    #9696,#9697),.UNSPECIFIED.,.F.,.F.,(4,3,4),(-9.898870344046E-03,
    -4.949873082458E-03,-1.000000002356E-06),.UNSPECIFIED.);
#9691 = CARTESIAN_POINT('',(1.452394862393,-0.462261465734,
    -0.897619092142));
#9692 = CARTESIAN_POINT('',(1.448144709403,-0.475381630323,
    -0.888567310926));
#9693 = CARTESIAN_POINT('',(1.443783999553,-0.488225746722,
    -0.879169033258));
#9694 = CARTESIAN_POINT('',(1.439335421619,-0.500786005687,
    -0.869443362685));
#9695 = CARTESIAN_POINT('',(1.434886955307,-0.513345949493,
    -0.859717936147));
#9696 = CARTESIAN_POINT('',(1.430350829575,-0.525621487848,
    -0.849665568706));
#9697 = CARTESIAN_POINT('',(1.425750094638,-0.537605443097,
    -0.839304868662));
#9698 = PCURVE('',#5987,#9699);
#9699 = DEFINITIONAL_REPRESENTATION('',(#9700),#9703);
#9700 = B_SPLINE_CURVE_WITH_KNOTS('',1,(#9701,#9702),.UNSPECIFIED.,.F.,
  .F.,(2,2),(-9.898870344046E-03,-1.000000002356E-06),
  .PIECEWISE_BEZIER_KNOTS.);
#9701 = CARTESIAN_POINT('',(0.776608900099,3.96908462663E-04));
#9702 = CARTESIAN_POINT('',(0.742972144744,3.061385238233E-03));
#9703 = ( GEOMETRIC_REPRESENTATION_CONTEXT(2) 
PARAMETRIC_REPRESENTATION_CONTEXT() REPRESENTATION_CONTEXT('2D SPACE',''
  ) );
#9704 = PCURVE('',#4197,#9705);
#9705 = DEFINITIONAL_REPRESENTATION('',(#9706),#9709);
#9706 = B_SPLINE_CURVE_WITH_KNOTS('',1,(#9707,#9708),.UNSPECIFIED.,.F.,
  .F.,(2,2),(-9.898870344046E-03,-1.000000002356E-06),
  .PIECEWISE_BEZIER_KNOTS.);
#9707 = CARTESIAN_POINT('',(1.257522984316,0.355443008256));
#9708 = CARTESIAN_POINT('',(1.204238966014,0.413757231736));
#9709 = ( GEOMETRIC_REPRESENTATION_CONTEXT(2) 
PARAMETRIC_REPRESENTATION_CONTEXT() REPRESENTATION_CONTEXT('2D SPACE',''
  ) );
#9710 = ORIENTED_EDGE('',*,*,#9711,.T.);
#9711 = EDGE_CURVE('',#9687,#8092,#9712,.T.);
#9712 = SURFACE_CURVE('',#9713,(#9722,#9751),.PCURVE_S1.);
#9713 = B_SPLINE_CURVE_WITH_KNOTS('',3,(#9714,#9715,#9716,#9717,#9718,
    #9719,#9720,#9721),.UNSPECIFIED.,.F.,.F.,(4,2,2,4),(0.,
    2.761054923753E-02,4.268965310148E-02,5.521888531064E-02),
  .UNSPECIFIED.);
#9714 = CARTESIAN_POINT('',(1.452394862393,-0.462261465734,
    -0.897619092142));
#9715 = CARTESIAN_POINT('',(1.394107345812,-0.403635010112,
    -0.938066286699));
#9716 = CARTESIAN_POINT('',(1.343630825027,-0.33573225007,-0.97437019107
    ));
#9717 = CARTESIAN_POINT('',(1.283198636816,-0.214387847892,
    -1.015685955452));
#9718 = CARTESIAN_POINT('',(1.265531773567,-0.168968388862,
    -1.027148592026));
#9719 = CARTESIAN_POINT('',(1.240791323006,-8.187983382003E-02,
    -1.040648534015));
#9720 = CARTESIAN_POINT('',(1.232527611039,-4.122135464229E-02,
    -1.043885259044));
#9721 = CARTESIAN_POINT('',(1.227578437218,-7.599192955739E-15,
    -1.043885259044));
#9722 = PCURVE('',#5987,#9723);
#9723 = DEFINITIONAL_REPRESENTATION('',(#9724),#9750);
#9724 = B_SPLINE_CURVE_WITH_KNOTS('',3,(#9725,#9726,#9727,#9728,#9729,
    #9730,#9731,#9732,#9733,#9734,#9735,#9736,#9737,#9738,#9739,#9740,
    #9741,#9742,#9743,#9744,#9745,#9746,#9747,#9748,#9749),
  .UNSPECIFIED.,.F.,.F.,(4,1,1,1,1,1,1,1,1,1,1,1,1,1,1,1,1,1,1,1,1,1,4),
  (0.,2.509949332302E-03,5.019898664604E-03,7.529847996906E-03,
    1.003979732921E-02,1.254974666151E-02,1.505969599381E-02,
    1.756964532611E-02,2.007959465842E-02,2.258954399072E-02,
    2.509949332302E-02,2.760944265532E-02,3.011939198762E-02,
    3.262934131993E-02,3.513929065223E-02,3.764923998453E-02,
    4.015918931683E-02,4.266913864913E-02,4.517908798144E-02,
    4.768903731374E-02,5.019898664604E-02,5.270893597834E-02,
    5.521888531064E-02),.QUASI_UNIFORM_KNOTS.);
#9725 = CARTESIAN_POINT('',(0.776608900099,3.96908462665E-04));
#9726 = CARTESIAN_POINT('',(0.778969993489,9.267737401254E-04));
#9727 = CARTESIAN_POINT('',(0.783756605243,1.973594593848E-03));
#9728 = CARTESIAN_POINT('',(0.791138971915,3.503483327823E-03));
#9729 = CARTESIAN_POINT('',(0.79873254731,4.991416100894E-03));
#9730 = CARTESIAN_POINT('',(0.806547541642,6.435779398258E-03));
#9731 = CARTESIAN_POINT('',(0.814595236314,7.834960078419E-03));
#9732 = CARTESIAN_POINT('',(0.822888195481,9.187343607163E-03));
#9733 = CARTESIAN_POINT('',(0.831440409986,1.049132064784E-02));
#9734 = CARTESIAN_POINT('',(0.840267177486,1.174526246627E-02));
#9735 = CARTESIAN_POINT('',(0.849386167412,1.294761272078E-02));
#9736 = CARTESIAN_POINT('',(0.858814078265,1.409654489728E-02));
#9737 = CARTESIAN_POINT('',(0.868579815062,1.519124077883E-02));
#9738 = CARTESIAN_POINT('',(0.878676075265,1.622711913221E-02));
#9739 = CARTESIAN_POINT('',(0.889087392973,1.719989185605E-02));
#9740 = CARTESIAN_POINT('',(0.89983818807,1.810903540493E-02));
#9741 = CARTESIAN_POINT('',(0.910945042836,1.895304973172E-02));
#9742 = CARTESIAN_POINT('',(0.922426951826,1.973057624286E-02));
#9743 = CARTESIAN_POINT('',(0.934313331536,2.044066703234E-02));
#9744 = CARTESIAN_POINT('',(0.946603180235,2.108058999026E-02));
#9745 = CARTESIAN_POINT('',(0.959285609338,2.164714832305E-02));
#9746 = CARTESIAN_POINT('',(0.972386392338,2.213905468522E-02));
#9747 = CARTESIAN_POINT('',(0.985923391781,2.255451004463E-02));
#9748 = CARTESIAN_POINT('',(0.99525434111,2.277940543548E-02));
#9749 = CARTESIAN_POINT('',(1.,2.287855098023E-02));
#9750 = ( GEOMETRIC_REPRESENTATION_CONTEXT(2) 
PARAMETRIC_REPRESENTATION_CONTEXT() REPRESENTATION_CONTEXT('2D SPACE',''
  ) );
#9751 = PCURVE('',#8183,#9752);
#9752 = DEFINITIONAL_REPRESENTATION('',(#9753),#9779);
#9753 = B_SPLINE_CURVE_WITH_KNOTS('',3,(#9754,#9755,#9756,#9757,#9758,
    #9759,#9760,#9761,#9762,#9763,#9764,#9765,#9766,#9767,#9768,#9769,
    #9770,#9771,#9772,#9773,#9774,#9775,#9776,#9777,#9778),
  .UNSPECIFIED.,.F.,.F.,(4,1,1,1,1,1,1,1,1,1,1,1,1,1,1,1,1,1,1,1,1,1,4),
  (0.,2.509949332302E-03,5.019898664604E-03,7.529847996906E-03,
    1.003979732921E-02,1.254974666151E-02,1.505969599381E-02,
    1.756964532611E-02,2.007959465842E-02,2.258954399072E-02,
    2.509949332302E-02,2.760944265532E-02,3.011939198762E-02,
    3.262934131993E-02,3.513929065223E-02,3.764923998453E-02,
    4.015918931683E-02,4.266913864913E-02,4.517908798144E-02,
    4.768903731374E-02,5.019898664604E-02,5.270893597834E-02,
    5.521888531064E-02),.QUASI_UNIFORM_KNOTS.);
#9754 = CARTESIAN_POINT('',(0.,0.242983282474));
#9755 = CARTESIAN_POINT('',(2.0578499421E-02,0.243035455585));
#9756 = CARTESIAN_POINT('',(6.143644384113E-02,0.243143955554));
#9757 = CARTESIAN_POINT('',(0.121726039818,0.243319714419));
#9758 = CARTESIAN_POINT('',(0.180919775211,0.243509031137));
#9759 = CARTESIAN_POINT('',(0.238913448991,0.243712450201));
#9760 = CARTESIAN_POINT('',(0.295598819895,0.243930507517));
#9761 = CARTESIAN_POINT('',(0.350862751569,0.244163724281));
#9762 = CARTESIAN_POINT('',(0.404587397843,0.244412602921));
#9763 = CARTESIAN_POINT('',(0.456648775737,0.244677612194));
#9764 = CARTESIAN_POINT('',(0.506920863035,0.244959208865));
#9765 = CARTESIAN_POINT('',(0.555259376254,0.245257719068));
#9766 = CARTESIAN_POINT('',(0.601561527619,0.245573739553));
#9767 = CARTESIAN_POINT('',(0.645542477515,0.245906595132));
#9768 = CARTESIAN_POINT('',(0.686916144417,0.246255139663));
#9769 = CARTESIAN_POINT('',(0.725570861973,0.246619337855));
#9770 = CARTESIAN_POINT('',(0.761347761983,0.246998749256));
#9771 = CARTESIAN_POINT('',(0.794094300718,0.247392830576));
#9772 = CARTESIAN_POINT('',(0.823675740829,0.247801205328));
#9773 = CARTESIAN_POINT('',(0.84988020641,0.248222253264));
#9774 = CARTESIAN_POINT('',(0.872504726588,0.248653825722));
#9775 = CARTESIAN_POINT('',(0.891436609377,0.249094848328));
#9776 = CARTESIAN_POINT('',(0.906547423643,0.249543820499));
#9777 = CARTESIAN_POINT('',(0.914000485532,0.249847400179));
#9778 = CARTESIAN_POINT('',(0.917052583695,0.25));
#9779 = ( GEOMETRIC_REPRESENTATION_CONTEXT(2) 
PARAMETRIC_REPRESENTATION_CONTEXT() REPRESENTATION_CONTEXT('2D SPACE',''
  ) );
#9780 = ORIENTED_EDGE('',*,*,#8091,.T.);
#9781 = ADVANCED_FACE('',(#9782),#4478,.T.);
#9782 = FACE_BOUND('',#9783,.T.);
#9783 = EDGE_LOOP('',(#9784,#9808,#9809,#9833));
#9784 = ORIENTED_EDGE('',*,*,#9785,.T.);
#9785 = EDGE_CURVE('',#9585,#4209,#9786,.T.);
#9786 = SURFACE_CURVE('',#9787,(#9795,#9801),.PCURVE_S1.);
#9787 = ( BOUNDED_CURVE() B_SPLINE_CURVE(2,(#9788,#9789,#9790,#9791,
#9792,#9793,#9794),.UNSPECIFIED.,.F.,.F.) B_SPLINE_CURVE_WITH_KNOTS((3,2
    ,2,3),(0.378535361586,0.380952380952,0.404761904762,0.408755543173),
.UNSPECIFIED.) CURVE() GEOMETRIC_REPRESENTATION_ITEM() 
RATIONAL_B_SPLINE_CURVE((0.975560473114,0.986399593866,1.,0.866025403784
,1.,0.977528064071,0.962594690208)) REPRESENTATION_ITEM('') );
#9788 = CARTESIAN_POINT('',(0.977497509312,-0.68898512575,
    -0.671232237097));
#9789 = CARTESIAN_POINT('',(1.012950786515,-0.639992809863,
    -0.667318173132));
#9790 = CARTESIAN_POINT('',(1.043188105677,-0.58762023679,
    -0.663604566268));
#9791 = CARTESIAN_POINT('',(1.382450807569,-2.052535561332E-16,
    -0.621937899601));
#9792 = CARTESIAN_POINT('',(1.043188105677,0.58762023679,-0.580271232935
    ));
#9793 = CARTESIAN_POINT('',(0.99277359633,0.674940728418,-0.574079557444
    ));
#9794 = CARTESIAN_POINT('',(0.928222100772,0.752397783822,-0.56736945819
    ));
#9795 = PCURVE('',#4478,#9796);
#9796 = DEFINITIONAL_REPRESENTATION('',(#9797),#9800);
#9797 = B_SPLINE_CURVE_WITH_KNOTS('',1,(#9798,#9799),.UNSPECIFIED.,.F.,
  .F.,(2,2),(0.378535361586,0.408755543173),.PIECEWISE_BEZIER_KNOTS.);
#9798 = CARTESIAN_POINT('',(4.085966402452,1.294455662505));
#9799 = CARTESIAN_POINT('',(5.407157347161,1.398318441412));
#9800 = ( GEOMETRIC_REPRESENTATION_CONTEXT(2) 
PARAMETRIC_REPRESENTATION_CONTEXT() REPRESENTATION_CONTEXT('2D SPACE',''
  ) );
#9801 = PCURVE('',#4259,#9802);
#9802 = DEFINITIONAL_REPRESENTATION('',(#9803),#9807);
#9803 = LINE('',#9804,#9805);
#9804 = CARTESIAN_POINT('',(-4.224531264707E-14,1.665334536938E-16));
#9805 = VECTOR('',#9806,1.);
#9806 = DIRECTION('',(1.099205977954E-13,1.));
#9807 = ( GEOMETRIC_REPRESENTATION_CONTEXT(2) 
PARAMETRIC_REPRESENTATION_CONTEXT() REPRESENTATION_CONTEXT('2D SPACE',''
  ) );
#9808 = ORIENTED_EDGE('',*,*,#4459,.T.);
#9809 = ORIENTED_EDGE('',*,*,#9810,.F.);
#9810 = EDGE_CURVE('',#9557,#4460,#9811,.T.);
#9811 = SURFACE_CURVE('',#9812,(#9820,#9826),.PCURVE_S1.);
#9812 = ( BOUNDED_CURVE() B_SPLINE_CURVE(2,(#9813,#9814,#9815,#9816,
#9817,#9818,#9819),.UNSPECIFIED.,.F.,.F.) B_SPLINE_CURVE_WITH_KNOTS((3,2
    ,2,3),(0.377587694321,0.380952380952,0.404761904762,0.409563753701),
.UNSPECIFIED.) CURVE() GEOMETRIC_REPRESENTATION_ITEM() 
RATIONAL_B_SPLINE_CURVE((0.967485332885,0.981067133622,1.,0.866025403784
,1.,0.972980317548,0.956859167511)) REPRESENTATION_ITEM('') );
#9813 = CARTESIAN_POINT('',(0.948477337032,-0.727405251975,
    -0.611876435421));
#9814 = CARTESIAN_POINT('',(1.00086651969,-0.660923373977,
    -0.606302306563));
#9815 = CARTESIAN_POINT('',(1.043188105677,-0.58762023679,
    -0.601104566268));
#9816 = CARTESIAN_POINT('',(1.382450807569,-2.052535561332E-16,
    -0.559437899601));
#9817 = CARTESIAN_POINT('',(1.043188105677,0.58762023679,-0.517771232935
    ));
#9818 = CARTESIAN_POINT('',(0.982287659131,0.693102904412,
    -0.510291723422));
#9819 = CARTESIAN_POINT('',(0.901049668679,0.783854468945,
    -0.502085605302));
#9820 = PCURVE('',#4478,#9821);
#9821 = DEFINITIONAL_REPRESENTATION('',(#9822),#9825);
#9822 = B_SPLINE_CURVE_WITH_KNOTS('',1,(#9823,#9824),.UNSPECIFIED.,.F.,
  .F.,(2,2),(0.377587694321,0.409563753701),.PIECEWISE_BEZIER_KNOTS.);
#9823 = CARTESIAN_POINT('',(4.044994488285,1.353811464181));
#9824 = CARTESIAN_POINT('',(5.442528620299,1.4636022943));
#9825 = ( GEOMETRIC_REPRESENTATION_CONTEXT(2) 
PARAMETRIC_REPRESENTATION_CONTEXT() REPRESENTATION_CONTEXT('2D SPACE',''
  ) );
#9826 = PCURVE('',#4511,#9827);
#9827 = DEFINITIONAL_REPRESENTATION('',(#9828),#9832);
#9828 = LINE('',#9829,#9830);
#9829 = CARTESIAN_POINT('',(1.,-3.885780586188E-16));
#9830 = VECTOR('',#9831,1.);
#9831 = DIRECTION('',(-1.354097371613E-13,1.));
#9832 = ( GEOMETRIC_REPRESENTATION_CONTEXT(2) 
PARAMETRIC_REPRESENTATION_CONTEXT() REPRESENTATION_CONTEXT('2D SPACE',''
  ) );
#9833 = ORIENTED_EDGE('',*,*,#9584,.T.);
#9834 = ADVANCED_FACE('',(#9835),#4959,.T.);
#9835 = FACE_BOUND('',#9836,.T.);
#9836 = EDGE_LOOP('',(#9837,#9861,#9862,#9886));
#9837 = ORIENTED_EDGE('',*,*,#9838,.T.);
#9838 = EDGE_CURVE('',#9453,#4716,#9839,.T.);
#9839 = SURFACE_CURVE('',#9840,(#9848,#9854),.PCURVE_S1.);
#9840 = ( BOUNDED_CURVE() B_SPLINE_CURVE(2,(#9841,#9842,#9843,#9844,
#9845,#9846,#9847),.UNSPECIFIED.,.F.,.F.) B_SPLINE_CURVE_WITH_KNOTS((3,2
    ,2,3),(0.516806251435,0.52380952381,0.547619047619,0.5547453455),
.UNSPECIFIED.) CURVE() GEOMETRIC_REPRESENTATION_ITEM() 
RATIONAL_B_SPLINE_CURVE((0.944368226217,0.960593055282,1.,0.866025403784
,1.,0.959900798994,0.943805341485)) REPRESENTATION_ITEM('') );
#9841 = CARTESIAN_POINT('',(0.820755935673,-0.865216219411,
    -0.187105423369));
#9842 = CARTESIAN_POINT('',(0.953222271016,-0.743445633368,
    -0.174653751526));
#9843 = CARTESIAN_POINT('',(1.043188105677,-0.58762023679,
    -0.163604566268));
#9844 = CARTESIAN_POINT('',(1.382450807569,-2.052535561332E-16,
    -0.121937899601));
#9845 = CARTESIAN_POINT('',(1.043188105677,0.58762023679,
    -8.027123293476E-02));
#9846 = CARTESIAN_POINT('',(0.951575832926,0.746297347792,
    -6.901983981079E-02));
#9847 = CARTESIAN_POINT('',(0.816008635231,0.869556298719,
    -5.632498312602E-02));
#9848 = PCURVE('',#4959,#9849);
#9849 = DEFINITIONAL_REPRESENTATION('',(#9850),#9853);
#9850 = B_SPLINE_CURVE_WITH_KNOTS('',1,(#9851,#9852),.UNSPECIFIED.,.F.,
  .F.,(2,2),(0.516806251435,0.5547453455),.PIECEWISE_BEZIER_KNOTS.);
#9851 = CARTESIAN_POINT('',(3.88494560243,1.778582476232));
#9852 = CARTESIAN_POINT('',(5.545305454716,1.909362916475));
#9853 = ( GEOMETRIC_REPRESENTATION_CONTEXT(2) 
PARAMETRIC_REPRESENTATION_CONTEXT() REPRESENTATION_CONTEXT('2D SPACE',''
  ) );
#9854 = PCURVE('',#4737,#9855);
#9855 = DEFINITIONAL_REPRESENTATION('',(#9856),#9860);
#9856 = LINE('',#9857,#9858);
#9857 = CARTESIAN_POINT('',(2.302824154401E-13,2.22044604925E-16));
#9858 = VECTOR('',#9859,1.);
#9859 = DIRECTION('',(-3.841685833815E-13,1.));
#9860 = ( GEOMETRIC_REPRESENTATION_CONTEXT(2) 
PARAMETRIC_REPRESENTATION_CONTEXT() REPRESENTATION_CONTEXT('2D SPACE',''
  ) );
#9861 = ORIENTED_EDGE('',*,*,#4937,.T.);
#9862 = ORIENTED_EDGE('',*,*,#9863,.F.);
#9863 = EDGE_CURVE('',#9402,#4938,#9864,.T.);
#9864 = SURFACE_CURVE('',#9865,(#9873,#9879),.PCURVE_S1.);
#9865 = ( BOUNDED_CURVE() B_SPLINE_CURVE(2,(#9866,#9867,#9868,#9869,
#9870,#9871,#9872),.UNSPECIFIED.,.F.,.F.) B_SPLINE_CURVE_WITH_KNOTS((3,2
    ,2,3),(0.516690259394,0.52380952381,0.547619047619,0.554641944102),
.UNSPECIFIED.) CURVE() GEOMETRIC_REPRESENTATION_ITEM() 
RATIONAL_B_SPLINE_CURVE((0.94383713644,0.959940375833,1.,0.866025403784,
1.,0.960482631736,0.944277479946)) REPRESENTATION_ITEM('') );
#9866 = CARTESIAN_POINT('',(0.816280757952,-0.869308804421,
    -0.125025331056));
#9867 = CARTESIAN_POINT('',(0.951670025092,-0.746134202174,
    -0.112344391148));
#9868 = CARTESIAN_POINT('',(1.043188105677,-0.58762023679,
    -0.101104566268));
#9869 = CARTESIAN_POINT('',(1.382450807569,-2.052535561332E-16,
    -5.943789960143E-02));
#9870 = CARTESIAN_POINT('',(1.043188105677,0.58762023679,
    -1.777123293476E-02));
#9871 = CARTESIAN_POINT('',(0.952959802616,0.743900241972,
    -6.68981252944E-03));
#9872 = CARTESIAN_POINT('',(0.82000046513,0.865910082836,
    5.800615906667E-03));
#9873 = PCURVE('',#4959,#9874);
#9874 = DEFINITIONAL_REPRESENTATION('',(#9875),#9878);
#9875 = B_SPLINE_CURVE_WITH_KNOTS('',1,(#9876,#9877),.UNSPECIFIED.,.F.,
  .F.,(2,2),(0.516690259394,0.554641944102),.PIECEWISE_BEZIER_KNOTS.);
#9876 = CARTESIAN_POINT('',(3.879785494932,1.840662568546));
#9877 = CARTESIAN_POINT('',(5.540705166399,1.971488515508));
#9878 = ( GEOMETRIC_REPRESENTATION_CONTEXT(2) 
PARAMETRIC_REPRESENTATION_CONTEXT() REPRESENTATION_CONTEXT('2D SPACE',''
  ) );
#9879 = PCURVE('',#4995,#9880);
#9880 = DEFINITIONAL_REPRESENTATION('',(#9881),#9885);
#9881 = LINE('',#9882,#9883);
#9882 = CARTESIAN_POINT('',(1.,1.110223024625E-16));
#9883 = VECTOR('',#9884,1.);
#9884 = DIRECTION('',(-2.340287200783E-13,1.));
#9885 = ( GEOMETRIC_REPRESENTATION_CONTEXT(2) 
PARAMETRIC_REPRESENTATION_CONTEXT() REPRESENTATION_CONTEXT('2D SPACE',''
  ) );
#9886 = ORIENTED_EDGE('',*,*,#9452,.T.);
#9887 = ADVANCED_FACE('',(#9888),#5440,.T.);
#9888 = FACE_BOUND('',#9889,.T.);
#9889 = EDGE_LOOP('',(#9890,#9914,#9915,#9939));
#9890 = ORIENTED_EDGE('',*,*,#9891,.T.);
#9891 = EDGE_CURVE('',#9327,#5223,#9892,.T.);
#9892 = SURFACE_CURVE('',#9893,(#9901,#9907),.PCURVE_S1.);
#9893 = ( BOUNDED_CURVE() B_SPLINE_CURVE(2,(#9894,#9895,#9896,#9897,
#9898,#9899,#9900),.UNSPECIFIED.,.F.,.F.) B_SPLINE_CURVE_WITH_KNOTS((3,2
    ,2,3),(0.661775586903,0.666666666667,0.690476190476,0.693947816146),
.UNSPECIFIED.) CURVE() GEOMETRIC_REPRESENTATION_ITEM() 
RATIONAL_B_SPLINE_CURVE((0.956263785241,0.972478221674,1.,0.866025403784
,1.,0.980465394812,0.966627403917)) REPRESENTATION_ITEM('') );
#9894 = CARTESIAN_POINT('',(0.897971904882,-0.787279138269,
    0.320399390458));
#9895 = CARTESIAN_POINT('',(0.981123943132,-0.695118519648,
    0.328773002034));
#9896 = CARTESIAN_POINT('',(1.043188105677,-0.58762023679,0.336395433732
    ));
#9897 = CARTESIAN_POINT('',(1.382450807569,-2.052535561332E-16,
    0.378062100399));
#9898 = CARTESIAN_POINT('',(1.043188105677,0.58762023679,0.419728767065)
  );
#9899 = CARTESIAN_POINT('',(0.999494623288,0.663299568248,0.425094997293
    ));
#9900 = CARTESIAN_POINT('',(0.945088996705,0.731684576906,0.430860424376
    ));
#9901 = PCURVE('',#5440,#9902);
#9902 = DEFINITIONAL_REPRESENTATION('',(#9903),#9906);
#9903 = B_SPLINE_CURVE_WITH_KNOTS('',1,(#9904,#9905),.UNSPECIFIED.,.F.,
  .F.,(2,2),(0.661775586903,0.693947816146),.PIECEWISE_BEZIER_KNOTS.);
#9904 = CARTESIAN_POINT('',(3.978331456153,2.28608729006));
#9905 = CARTESIAN_POINT('',(5.384427921605,2.396548323977));
#9906 = ( GEOMETRIC_REPRESENTATION_CONTEXT(2) 
PARAMETRIC_REPRESENTATION_CONTEXT() REPRESENTATION_CONTEXT('2D SPACE',''
  ) );
#9907 = PCURVE('',#5244,#9908);
#9908 = DEFINITIONAL_REPRESENTATION('',(#9909),#9913);
#9909 = LINE('',#9910,#9911);
#9910 = CARTESIAN_POINT('',(-6.983218574044E-15,1.110223024625E-16));
#9911 = VECTOR('',#9912,1.);
#9912 = DIRECTION('',(1.407964912742E-14,1.));
#9913 = ( GEOMETRIC_REPRESENTATION_CONTEXT(2) 
PARAMETRIC_REPRESENTATION_CONTEXT() REPRESENTATION_CONTEXT('2D SPACE',''
  ) );
#9914 = ORIENTED_EDGE('',*,*,#5421,.T.);
#9915 = ORIENTED_EDGE('',*,*,#9916,.F.);
#9916 = EDGE_CURVE('',#9247,#5422,#9917,.T.);
#9917 = SURFACE_CURVE('',#9918,(#9926,#9932),.PCURVE_S1.);
#9918 = ( BOUNDED_CURVE() B_SPLINE_CURVE(2,(#9919,#9920,#9921,#9922,
#9923,#9924,#9925),.UNSPECIFIED.,.F.,.F.) B_SPLINE_CURVE_WITH_KNOTS((3,2
    ,2,3),(0.662567309527,0.666666666667,0.690476190476,0.693015371087),
.UNSPECIFIED.) CURVE() GEOMETRIC_REPRESENTATION_ITEM() 
RATIONAL_B_SPLINE_CURVE((0.961809346834,0.976933191863,1.,0.866025403784
,1.,0.985712200723,0.97447186289)) REPRESENTATION_ITEM('') );
#9919 = CARTESIAN_POINT('',(0.924740475106,-0.756555933543,
    0.385632438507));
#9920 = CARTESIAN_POINT('',(0.991407523444,-0.677306836063,
    0.392535983525));
#9921 = CARTESIAN_POINT('',(1.043188105677,-0.58762023679,0.398895433732
    ));
#9922 = CARTESIAN_POINT('',(1.382450807569,-2.052535561332E-16,
    0.440562100399));
#9923 = CARTESIAN_POINT('',(1.043188105677,0.58762023679,0.482228767065)
  );
#9924 = CARTESIAN_POINT('',(1.011400376839,0.642678198194,0.486132788032
    ));
#9925 = CARTESIAN_POINT('',(0.973858731588,0.693985738482,0.490257177178
    ));
#9926 = PCURVE('',#5440,#9927);
#9927 = DEFINITIONAL_REPRESENTATION('',(#9928),#9931);
#9928 = B_SPLINE_CURVE_WITH_KNOTS('',1,(#9929,#9930),.UNSPECIFIED.,.F.,
  .F.,(2,2),(0.662567309527,0.693015371087),.PIECEWISE_BEZIER_KNOTS.);
#9929 = CARTESIAN_POINT('',(4.013005999591,2.351320338109));
#9930 = CARTESIAN_POINT('',(5.344073808478,2.455945076779));
#9931 = ( GEOMETRIC_REPRESENTATION_CONTEXT(2) 
PARAMETRIC_REPRESENTATION_CONTEXT() REPRESENTATION_CONTEXT('2D SPACE',''
  ) );
#9932 = PCURVE('',#5499,#9933);
#9933 = DEFINITIONAL_REPRESENTATION('',(#9934),#9938);
#9934 = LINE('',#9935,#9936);
#9935 = CARTESIAN_POINT('',(1.,6.661338147751E-16));
#9936 = VECTOR('',#9937,1.);
#9937 = DIRECTION('',(4.74017017194E-14,1.));
#9938 = ( GEOMETRIC_REPRESENTATION_CONTEXT(2) 
PARAMETRIC_REPRESENTATION_CONTEXT() REPRESENTATION_CONTEXT('2D SPACE',''
  ) );
#9939 = ORIENTED_EDGE('',*,*,#9326,.T.);
#9940 = ADVANCED_FACE('',(#9941),#4511,.T.);
#9941 = FACE_BOUND('',#9942,.T.);
#9942 = EDGE_LOOP('',(#9943,#9944,#9945,#9969));
#9943 = ORIENTED_EDGE('',*,*,#9810,.T.);
#9944 = ORIENTED_EDGE('',*,*,#4489,.T.);
#9945 = ORIENTED_EDGE('',*,*,#9946,.F.);
#9946 = EDGE_CURVE('',#9535,#4490,#9947,.T.);
#9947 = SURFACE_CURVE('',#9948,(#9956,#9963),.PCURVE_S1.);
#9948 = ( BOUNDED_CURVE() B_SPLINE_CURVE(2,(#9949,#9950,#9951,#9952,
#9953,#9954,#9955),.UNSPECIFIED.,.F.,.F.) B_SPLINE_CURVE_WITH_KNOTS((3,2
    ,2,3),(0.379723352275,0.380952380952,0.404761904762,0.406482312525),
.UNSPECIFIED.) CURVE() GEOMETRIC_REPRESENTATION_ITEM() 
RATIONAL_B_SPLINE_CURVE((0.986882637807,0.993084337929,1.,0.866025403784
,1.,0.990319380716,0.982037748887)) REPRESENTATION_ITEM('') );
#9949 = CARTESIAN_POINT('',(1.283726741404,-0.816464213464,
    -0.417409520847));
#9950 = CARTESIAN_POINT('',(1.304946103917,-0.783761137388,
    -0.415480185012));
#9951 = CARTESIAN_POINT('',(1.324438105677,-0.75,-0.413604566268));
#9952 = CARTESIAN_POINT('',(1.757450807569,-2.741399385853E-16,
    -0.371937899601));
#9953 = CARTESIAN_POINT('',(1.324438105677,0.75,-0.330271232935));
#9954 = CARTESIAN_POINT('',(1.297076809118,0.7973911558,-0.327638390946)
  );
#9955 = CARTESIAN_POINT('',(1.266335020336,0.842662610601,
    -0.324901785532));
#9956 = PCURVE('',#4511,#9957);
#9957 = DEFINITIONAL_REPRESENTATION('',(#9958),#9962);
#9958 = LINE('',#9959,#9960);
#9959 = CARTESIAN_POINT('',(1.080036885314E-13,1.665334536938E-16));
#9960 = VECTOR('',#9961,1.);
#9961 = DIRECTION('',(-2.693581878986E-13,1.));
#9962 = ( GEOMETRIC_REPRESENTATION_CONTEXT(2) 
PARAMETRIC_REPRESENTATION_CONTEXT() REPRESENTATION_CONTEXT('2D SPACE',''
  ) );
#9963 = PCURVE('',#4704,#9964);
#9964 = DEFINITIONAL_REPRESENTATION('',(#9965),#9968);
#9965 = B_SPLINE_CURVE_WITH_KNOTS('',1,(#9966,#9967),.UNSPECIFIED.,.F.,
  .F.,(2,2),(0.379723352275,0.406482312525),.PIECEWISE_BEZIER_KNOTS.);
#9966 = CARTESIAN_POINT('',(0.995230578019,0.835652579552));
#9967 = CARTESIAN_POINT('',(2.167326216282,0.928160314866));
#9968 = ( GEOMETRIC_REPRESENTATION_CONTEXT(2) 
PARAMETRIC_REPRESENTATION_CONTEXT() REPRESENTATION_CONTEXT('2D SPACE',''
  ) );
#9969 = ORIENTED_EDGE('',*,*,#9556,.T.);
#9970 = ADVANCED_FACE('',(#9971),#4995,.T.);
#9971 = FACE_BOUND('',#9972,.T.);
#9972 = EDGE_LOOP('',(#9973,#9974,#9975,#9999));
#9973 = ORIENTED_EDGE('',*,*,#9863,.T.);
#9974 = ORIENTED_EDGE('',*,*,#4970,.T.);
#9975 = ORIENTED_EDGE('',*,*,#9976,.F.);
#9976 = EDGE_CURVE('',#9380,#4971,#9977,.T.);
#9977 = SURFACE_CURVE('',#9978,(#9986,#9993),.PCURVE_S1.);
#9978 = ( BOUNDED_CURVE() B_SPLINE_CURVE(2,(#9979,#9980,#9981,#9982,
#9983,#9984,#9985),.UNSPECIFIED.,.F.,.F.) B_SPLINE_CURVE_WITH_KNOTS((3,2
    ,2,3),(0.521825044555,0.52380952381,0.547619047619,0.549230161708),
.UNSPECIFIED.) CURVE() GEOMETRIC_REPRESENTATION_ITEM() 
RATIONAL_B_SPLINE_CURVE((0.979528355303,0.988833468115,1.,0.866025403784
,1.,0.990934368898,0.98309562214)) REPRESENTATION_ITEM('') );
#9979 = CARTESIAN_POINT('',(1.256726727277,-0.856641401458,
    8.017540736812E-02));
#9980 = CARTESIAN_POINT('',(1.292829600037,-0.80474753772,
    8.335390385858E-02));
#9981 = CARTESIAN_POINT('',(1.324438105677,-0.75,8.639543373191E-02));
#9982 = CARTESIAN_POINT('',(1.757450807569,-2.741399385853E-16,
    0.128062100399));
#9983 = CARTESIAN_POINT('',(1.324438105677,0.75,0.169728767065));
#9984 = CARTESIAN_POINT('',(1.298830913412,0.794352958041,0.17219282029)
  );
#9985 = CARTESIAN_POINT('',(1.270258201522,0.836856055785,0.174748167136
    ));
#9986 = PCURVE('',#4995,#9987);
#9987 = DEFINITIONAL_REPRESENTATION('',(#9988),#9992);
#9988 = LINE('',#9989,#9990);
#9989 = CARTESIAN_POINT('',(2.473145117047E-13,3.330669073875E-16));
#9990 = VECTOR('',#9991,1.);
#9991 = DIRECTION('',(-4.559235450837E-13,1.));
#9992 = ( GEOMETRIC_REPRESENTATION_CONTEXT(2) 
PARAMETRIC_REPRESENTATION_CONTEXT() REPRESENTATION_CONTEXT('2D SPACE',''
  ) );
#9993 = PCURVE('',#5211,#9994);
#9994 = DEFINITIONAL_REPRESENTATION('',(#9995),#9998);
#9995 = B_SPLINE_CURVE_WITH_KNOTS('',1,(#9996,#9997),.UNSPECIFIED.,.F.,
  .F.,(2,2),(0.521825044555,0.549230161708),.PIECEWISE_BEZIER_KNOTS.);
#9996 = CARTESIAN_POINT('',(0.962958053878,1.333237507767));
#9997 = CARTESIAN_POINT('',(2.162654432479,1.427810267534));
#9998 = ( GEOMETRIC_REPRESENTATION_CONTEXT(2) 
PARAMETRIC_REPRESENTATION_CONTEXT() REPRESENTATION_CONTEXT('2D SPACE',''
  ) );
#9999 = ORIENTED_EDGE('',*,*,#9401,.T.);
#10000 = ADVANCED_FACE('',(#10001),#5499,.T.);
#10001 = FACE_BOUND('',#10002,.T.);
#10002 = EDGE_LOOP('',(#10003,#10004,#10005,#10027));
#10003 = ORIENTED_EDGE('',*,*,#9916,.T.);
#10004 = ORIENTED_EDGE('',*,*,#5451,.T.);
#10005 = ORIENTED_EDGE('',*,*,#10006,.F.);
#10006 = EDGE_CURVE('',#9222,#5452,#10007,.T.);
#10007 = SURFACE_CURVE('',#10008,(#10015,#10021),.PCURVE_S1.);
#10008 = B_SPLINE_CURVE_WITH_KNOTS('',3,(#10009,#10010,#10011,#10012,
    #10013,#10014),.UNSPECIFIED.,.F.,.F.,(4,2,4),(-0.119375897108,
    -5.968832312157E-02,-1.000000163537E-06),.UNSPECIFIED.);
#10009 = CARTESIAN_POINT('',(1.395203103278,-0.611260548579,
    0.594103181033));
#10010 = CARTESIAN_POINT('',(1.476177158259,-0.429801902089,
    0.604184216949));
#10011 = CARTESIAN_POINT('',(1.520281227293,-0.234083135932,
    0.615057481544));
#10012 = CARTESIAN_POINT('',(1.52967935646,0.163119845633,0.637124313822
    ));
#10013 = CARTESIAN_POINT('',(1.494881368871,0.360699732561,0.64810097443
    ));
#10014 = CARTESIAN_POINT('',(1.422586000076,0.545775852518,
    0.658382981094));
#10015 = PCURVE('',#5499,#10016);
#10016 = DEFINITIONAL_REPRESENTATION('',(#10017),#10020);
#10017 = B_SPLINE_CURVE_WITH_KNOTS('',1,(#10018,#10019),.UNSPECIFIED.,
  .F.,.F.,(2,2),(-0.119375897108,-1.000000163537E-06),
  .PIECEWISE_BEZIER_KNOTS.);
#10018 = CARTESIAN_POINT('',(1.260233374615E-14,0.669108130328));
#10019 = CARTESIAN_POINT('',(-4.004611981792E-15,0.686941057432));
#10020 = ( GEOMETRIC_REPRESENTATION_CONTEXT(2) 
PARAMETRIC_REPRESENTATION_CONTEXT() REPRESENTATION_CONTEXT('2D SPACE',''
  ) );
#10021 = PCURVE('',#5718,#10022);
#10022 = DEFINITIONAL_REPRESENTATION('',(#10023),#10026);
#10023 = B_SPLINE_CURVE_WITH_KNOTS('',1,(#10024,#10025),.UNSPECIFIED.,
  .F.,.F.,(2,2),(-0.119375897108,-1.000000163537E-06),
  .PIECEWISE_BEZIER_KNOTS.);
#10024 = CARTESIAN_POINT('',(1.151073851758,1.847165281432));
#10025 = CARTESIAN_POINT('',(1.943194817708,1.911445081493));
#10026 = ( GEOMETRIC_REPRESENTATION_CONTEXT(2) 
PARAMETRIC_REPRESENTATION_CONTEXT() REPRESENTATION_CONTEXT('2D SPACE',''
  ) );
#10027 = ORIENTED_EDGE('',*,*,#9246,.T.);
#10028 = ADVANCED_FACE('',(#10029),#8183,.T.);
#10029 = FACE_BOUND('',#10030,.T.);
#10030 = EDGE_LOOP('',(#10031,#10053,#10054));
#10031 = ORIENTED_EDGE('',*,*,#10032,.F.);
#10032 = EDGE_CURVE('',#9687,#4170,#10033,.T.);
#10033 = SURFACE_CURVE('',#10034,(#10041,#10047),.PCURVE_S1.);
#10034 = B_SPLINE_CURVE_WITH_KNOTS('',3,(#10035,#10036,#10037,#10038,
    #10039,#10040),.UNSPECIFIED.,.F.,.F.,(4,2,4),(-0.101997754267,
    -5.099945044956E-02,-1.000000139917E-06),.UNSPECIFIED.);
#10035 = CARTESIAN_POINT('',(1.452394862393,-0.462261465734,
    -0.897619092142));
#10036 = CARTESIAN_POINT('',(1.504710845587,-0.300762736611,
    -0.888646940524));
#10037 = CARTESIAN_POINT('',(1.529228406626,-0.131570611849,
    -0.87924737811));
#10038 = CARTESIAN_POINT('',(1.520603087429,0.20779459943,
    -0.860393755249));
#10039 = CARTESIAN_POINT('',(1.487522066057,0.375527317565,
    -0.851075270848));
#10040 = CARTESIAN_POINT('',(1.42706516153,0.53416736605,-0.842261934821
    ));
#10041 = PCURVE('',#8183,#10042);
#10042 = DEFINITIONAL_REPRESENTATION('',(#10043),#10046);
#10043 = B_SPLINE_CURVE_WITH_KNOTS('',1,(#10044,#10045),.UNSPECIFIED.,
  .F.,.F.,(2,2),(-0.101997754267,-1.000000139917E-06),
  .PIECEWISE_BEZIER_KNOTS.);
#10044 = CARTESIAN_POINT('',(2.647729976741E-15,0.242983282474));
#10045 = CARTESIAN_POINT('',(1.955200352647E-15,0.258178964404));
#10046 = ( GEOMETRIC_REPRESENTATION_CONTEXT(2) 
PARAMETRIC_REPRESENTATION_CONTEXT() REPRESENTATION_CONTEXT('2D SPACE',''
  ) );
#10047 = PCURVE('',#4197,#10048);
#10048 = DEFINITIONAL_REPRESENTATION('',(#10049),#10052);
#10049 = B_SPLINE_CURVE_WITH_KNOTS('',1,(#10050,#10051),.UNSPECIFIED.,
  .F.,.F.,(2,2),(-0.101997754267,-1.000000139917E-06),
  .PIECEWISE_BEZIER_KNOTS.);
#10050 = CARTESIAN_POINT('',(1.257522984316,0.355443008256));
#10051 = CARTESIAN_POINT('',(1.934899685718,0.410800165578));
#10052 = ( GEOMETRIC_REPRESENTATION_CONTEXT(2) 
PARAMETRIC_REPRESENTATION_CONTEXT() REPRESENTATION_CONTEXT('2D SPACE',''
  ) );
#10053 = ORIENTED_EDGE('',*,*,#9711,.T.);
#10054 = ORIENTED_EDGE('',*,*,#8112,.T.);
#10055 = ADVANCED_FACE('',(#10056),#5718,.T.);
#10056 = FACE_BOUND('',#10057,.T.);
#10057 = EDGE_LOOP('',(#10058,#10059,#10081,#10082));
#10058 = ORIENTED_EDGE('',*,*,#5699,.F.);
#10059 = ORIENTED_EDGE('',*,*,#10060,.F.);
#10060 = EDGE_CURVE('',#9096,#5700,#10061,.T.);
#10061 = SURFACE_CURVE('',#10062,(#10069,#10075),.PCURVE_S1.);
#10062 = B_SPLINE_CURVE_WITH_KNOTS('',3,(#10063,#10064,#10065,#10066,
    #10067,#10068),.UNSPECIFIED.,.F.,.F.,(4,2,4),(1.000000142532E-06,
    5.203925378479E-02,0.10407735013),.UNSPECIFIED.);
#10063 = CARTESIAN_POINT('',(1.423461052565,-0.54353039777,
    0.660365967189));
#10064 = CARTESIAN_POINT('',(1.486232328165,-0.382071027703,
    0.669335932193));
#10065 = CARTESIAN_POINT('',(1.520554152842,-0.210978087882,
    0.678841095586));
#10066 = CARTESIAN_POINT('',(1.529291368825,0.135308031986,
    0.698079213371));
#10067 = CARTESIAN_POINT('',(1.503641548463,0.307909455512,0.70766818126
    ));
#10068 = CARTESIAN_POINT('',(1.449096872445,0.472321093526,0.71680216115
    ));
#10069 = PCURVE('',#5718,#10070);
#10070 = DEFINITIONAL_REPRESENTATION('',(#10071),#10074);
#10071 = B_SPLINE_CURVE_WITH_KNOTS('',1,(#10072,#10073),.UNSPECIFIED.,
  .F.,.F.,(2,2),(1.000000142532E-06,0.10407735013),
  .PIECEWISE_BEZIER_KNOTS.);
#10072 = CARTESIAN_POINT('',(1.200004458997,1.913428067588));
#10073 = CARTESIAN_POINT('',(1.891127314906,1.969864261549));
#10074 = ( GEOMETRIC_REPRESENTATION_CONTEXT(2) 
PARAMETRIC_REPRESENTATION_CONTEXT() REPRESENTATION_CONTEXT('2D SPACE',''
  ) );
#10075 = PCURVE('',#5772,#10076);
#10076 = DEFINITIONAL_REPRESENTATION('',(#10077),#10080);
#10077 = B_SPLINE_CURVE_WITH_KNOTS('',1,(#10078,#10079),.UNSPECIFIED.,
  .F.,.F.,(2,2),(1.000000142532E-06,0.10407735013),
  .PIECEWISE_BEZIER_KNOTS.);
#10078 = CARTESIAN_POINT('',(1.,0.813095894022));
#10079 = CARTESIAN_POINT('',(1.,0.828606072394));
#10080 = ( GEOMETRIC_REPRESENTATION_CONTEXT(2) 
PARAMETRIC_REPRESENTATION_CONTEXT() REPRESENTATION_CONTEXT('2D SPACE',''
  ) );
#10081 = ORIENTED_EDGE('',*,*,#9221,.F.);
#10082 = ORIENTED_EDGE('',*,*,#10006,.T.);
#10083 = ADVANCED_FACE('',(#10084),#5211,.T.);
#10084 = FACE_BOUND('',#10085,.T.);
#10085 = EDGE_LOOP('',(#10086,#10087,#10111,#10112));
#10086 = ORIENTED_EDGE('',*,*,#5195,.F.);
#10087 = ORIENTED_EDGE('',*,*,#10088,.F.);
#10088 = EDGE_CURVE('',#9352,#5196,#10089,.T.);
#10089 = SURFACE_CURVE('',#10090,(#10098,#10104),.PCURVE_S1.);
#10090 = ( BOUNDED_CURVE() B_SPLINE_CURVE(2,(#10091,#10092,#10093,#10094
    ,#10095,#10096,#10097),.UNSPECIFIED.,.F.,.F.) 
B_SPLINE_CURVE_WITH_KNOTS((3,2,2,3),(0.664912910639,0.666666666667,
0.690476190476,0.691751246833),.UNSPECIFIED.) CURVE() 
GEOMETRIC_REPRESENTATION_ITEM() RATIONAL_B_SPLINE_CURVE((0.981717213383,
    0.990131732262,1.,0.866025403784,1.,0.992825343256,0.986419126214)) 
REPRESENTATION_ITEM('') );
#10091 = CARTESIAN_POINT('',(1.265131717969,-0.844431919969,
    0.143418944935));
#10092 = CARTESIAN_POINT('',(1.29654115365,-0.798318938286,
    0.146211048272));
#10093 = CARTESIAN_POINT('',(1.324438105677,-0.75,0.148895433732));
#10094 = CARTESIAN_POINT('',(1.757450807569,-2.741399385853E-16,
    0.190562100399));
#10095 = CARTESIAN_POINT('',(1.324438105677,0.75,0.232228767065));
#10096 = CARTESIAN_POINT('',(1.304210844398,0.785034644232,
    0.234175136189));
#10097 = CARTESIAN_POINT('',(1.282124614012,0.818928107062,
    0.236179245523));
#10098 = PCURVE('',#5211,#10099);
#10099 = DEFINITIONAL_REPRESENTATION('',(#10100),#10103);
#10100 = B_SPLINE_CURVE_WITH_KNOTS('',1,(#10101,#10102),.UNSPECIFIED.,
  .F.,.F.,(2,2),(0.664912910639,0.691751246833),
  .PIECEWISE_BEZIER_KNOTS.);
#10101 = CARTESIAN_POINT('',(0.97283995866,1.396481045333));
#10102 = CARTESIAN_POINT('',(2.148321393661,1.489241345921));
#10103 = ( GEOMETRIC_REPRESENTATION_CONTEXT(2) 
PARAMETRIC_REPRESENTATION_CONTEXT() REPRESENTATION_CONTEXT('2D SPACE',''
  ) );
#10104 = PCURVE('',#5244,#10105);
#10105 = DEFINITIONAL_REPRESENTATION('',(#10106),#10110);
#10106 = LINE('',#10107,#10108);
#10107 = CARTESIAN_POINT('',(1.,4.440892098501E-16));
#10108 = VECTOR('',#10109,1.);
#10109 = DIRECTION('',(9.928094051108E-14,1.));
#10110 = ( GEOMETRIC_REPRESENTATION_CONTEXT(2) 
PARAMETRIC_REPRESENTATION_CONTEXT() REPRESENTATION_CONTEXT('2D SPACE',''
  ) );
#10111 = ORIENTED_EDGE('',*,*,#9379,.F.);
#10112 = ORIENTED_EDGE('',*,*,#9976,.T.);
#10113 = ADVANCED_FACE('',(#10114),#4704,.T.);
#10114 = FACE_BOUND('',#10115,.T.);
#10115 = EDGE_LOOP('',(#10116,#10117,#10141,#10142));
#10116 = ORIENTED_EDGE('',*,*,#4688,.F.);
#10117 = ORIENTED_EDGE('',*,*,#10118,.F.);
#10118 = EDGE_CURVE('',#9481,#4689,#10119,.T.);
#10119 = SURFACE_CURVE('',#10120,(#10128,#10134),.PCURVE_S1.);
#10120 = ( BOUNDED_CURVE() B_SPLINE_CURVE(2,(#10121,#10122,#10123,#10124
    ,#10125,#10126,#10127),.UNSPECIFIED.,.F.,.F.) 
B_SPLINE_CURVE_WITH_KNOTS((3,2,2,3),(0.52223533615,0.52380952381,
0.547619047619,0.549579522108),.UNSPECIFIED.) CURVE() 
GEOMETRIC_REPRESENTATION_ITEM() RATIONAL_B_SPLINE_CURVE((0.983455591822,
    0.991142151443,1.,0.866025403784,1.,0.988968541321,0.979753741681)) 
REPRESENTATION_ITEM('') );
#10121 = CARTESIAN_POINT('',(1.271576616677,-0.83489151394,
    -0.356005963453));
#10122 = CARTESIAN_POINT('',(1.29942307064,-0.793327311636,
    -0.353511639137));
#10123 = CARTESIAN_POINT('',(1.324438105677,-0.75,-0.351104566268));
#10124 = CARTESIAN_POINT('',(1.757450807569,-2.741399385853E-16,
    -0.309437899601));
#10125 = CARTESIAN_POINT('',(1.324438105677,0.75,-0.267771232935));
#10126 = CARTESIAN_POINT('',(1.293216209414,0.804077910635,
    -0.264766904566));
#10127 = CARTESIAN_POINT('',(1.257607689811,0.855373724855,
    -0.261628805137));
#10128 = PCURVE('',#4704,#10129);
#10129 = DEFINITIONAL_REPRESENTATION('',(#10130),#10133);
#10130 = B_SPLINE_CURVE_WITH_KNOTS('',1,(#10131,#10132),.UNSPECIFIED.,
  .F.,.F.,(2,2),(0.52223533615,0.549579522108),
  .PIECEWISE_BEZIER_KNOTS.);
#10131 = CARTESIAN_POINT('',(0.980515510535,0.897056136946));
#10132 = CARTESIAN_POINT('',(2.177605447058,0.991433295262));
#10133 = ( GEOMETRIC_REPRESENTATION_CONTEXT(2) 
PARAMETRIC_REPRESENTATION_CONTEXT() REPRESENTATION_CONTEXT('2D SPACE',''
  ) );
#10134 = PCURVE('',#4737,#10135);
#10135 = DEFINITIONAL_REPRESENTATION('',(#10136),#10140);
#10136 = LINE('',#10137,#10138);
#10137 = CARTESIAN_POINT('',(1.00000000003,-2.22044604925E-16));
#10138 = VECTOR('',#10139,1.);
#10139 = DIRECTION('',(-5.691559581532E-11,1.));
#10140 = ( GEOMETRIC_REPRESENTATION_CONTEXT(2) 
PARAMETRIC_REPRESENTATION_CONTEXT() REPRESENTATION_CONTEXT('2D SPACE',''
  ) );
#10141 = ORIENTED_EDGE('',*,*,#9534,.F.);
#10142 = ORIENTED_EDGE('',*,*,#9946,.T.);
#10143 = ADVANCED_FACE('',(#10144),#4197,.T.);
#10144 = FACE_BOUND('',#10145,.T.);
#10145 = EDGE_LOOP('',(#10146,#10147,#10169,#10170));
#10146 = ORIENTED_EDGE('',*,*,#4167,.F.);
#10147 = ORIENTED_EDGE('',*,*,#10148,.F.);
#10148 = EDGE_CURVE('',#9610,#4168,#10149,.T.);
#10149 = SURFACE_CURVE('',#10150,(#10157,#10163),.PCURVE_S1.);
#10150 = B_SPLINE_CURVE_WITH_KNOTS('',3,(#10151,#10152,#10153,#10154,
    #10155,#10156),.UNSPECIFIED.,.F.,.F.,(4,2,4),(1.000000161704E-06,
    5.883236364239E-02,0.117663966549),.UNSPECIFIED.);
#10151 = CARTESIAN_POINT('',(1.425750094638,-0.537605443097,
    -0.839304868662));
#10152 = CARTESIAN_POINT('',(1.495941527375,-0.354771394934,
    -0.829147421542));
#10153 = CARTESIAN_POINT('',(1.529643338392,-0.159977013862,
    -0.818325511281));
#10154 = CARTESIAN_POINT('',(1.52030328598,0.231527846397,
    -0.796575241295));
#10155 = CARTESIAN_POINT('',(1.477350315831,0.424499135424,-0.7858546143
    ));
#10156 = CARTESIAN_POINT('',(1.398513825711,0.603786735231,
    -0.775894192089));
#10157 = PCURVE('',#4197,#10158);
#10158 = DEFINITIONAL_REPRESENTATION('',(#10159),#10162);
#10159 = B_SPLINE_CURVE_WITH_KNOTS('',1,(#10160,#10161),.UNSPECIFIED.,
  .F.,.F.,(2,2),(1.000000161704E-06,0.117663966549),
  .PIECEWISE_BEZIER_KNOTS.);
#10160 = CARTESIAN_POINT('',(1.204238966014,0.413757231736));
#10161 = CARTESIAN_POINT('',(1.985069278536,0.47716790831));
#10162 = ( GEOMETRIC_REPRESENTATION_CONTEXT(2) 
PARAMETRIC_REPRESENTATION_CONTEXT() REPRESENTATION_CONTEXT('2D SPACE',''
  ) );
#10163 = PCURVE('',#4259,#10164);
#10164 = DEFINITIONAL_REPRESENTATION('',(#10165),#10168);
#10165 = B_SPLINE_CURVE_WITH_KNOTS('',1,(#10166,#10167),.UNSPECIFIED.,
  .F.,.F.,(2,2),(1.000000161704E-06,0.117663966549),
  .PIECEWISE_BEZIER_KNOTS.);
#10166 = CARTESIAN_POINT('',(1.,0.384621803598));
#10167 = CARTESIAN_POINT('',(1.,0.402193963089));
#10168 = ( GEOMETRIC_REPRESENTATION_CONTEXT(2) 
PARAMETRIC_REPRESENTATION_CONTEXT() REPRESENTATION_CONTEXT('2D SPACE',''
  ) );
#10169 = ORIENTED_EDGE('',*,*,#9686,.F.);
#10170 = ORIENTED_EDGE('',*,*,#10032,.T.);
#10171 = ADVANCED_FACE('',(#10172),#4259,.T.);
#10172 = FACE_BOUND('',#10173,.T.);
#10173 = EDGE_LOOP('',(#10174,#10175,#10176,#10177));
#10174 = ORIENTED_EDGE('',*,*,#10148,.T.);
#10175 = ORIENTED_EDGE('',*,*,#4208,.T.);
#10176 = ORIENTED_EDGE('',*,*,#9785,.F.);
#10177 = ORIENTED_EDGE('',*,*,#9609,.T.);
#10178 = ADVANCED_FACE('',(#10179),#4737,.T.);
#10179 = FACE_BOUND('',#10180,.T.);
#10180 = EDGE_LOOP('',(#10181,#10182,#10183,#10184));
#10181 = ORIENTED_EDGE('',*,*,#10118,.T.);
#10182 = ORIENTED_EDGE('',*,*,#4715,.T.);
#10183 = ORIENTED_EDGE('',*,*,#9838,.F.);
#10184 = ORIENTED_EDGE('',*,*,#9480,.T.);
#10185 = ADVANCED_FACE('',(#10186),#5244,.T.);
#10186 = FACE_BOUND('',#10187,.T.);
#10187 = EDGE_LOOP('',(#10188,#10189,#10190,#10191));
#10188 = ORIENTED_EDGE('',*,*,#10088,.T.);
#10189 = ORIENTED_EDGE('',*,*,#5222,.T.);
#10190 = ORIENTED_EDGE('',*,*,#9891,.F.);
#10191 = ORIENTED_EDGE('',*,*,#9351,.T.);
#10192 = ADVANCED_FACE('',(#10193),#5772,.T.);
#10193 = FACE_BOUND('',#10194,.T.);
#10194 = EDGE_LOOP('',(#10195,#10196,#10197));
#10195 = ORIENTED_EDGE('',*,*,#10060,.T.);
#10196 = ORIENTED_EDGE('',*,*,#5729,.T.);
#10197 = ORIENTED_EDGE('',*,*,#9095,.T.);
#10198 = ADVANCED_FACE('',(#10199),#7504,.F.);
#10199 = FACE_BOUND('',#10200,.F.);
#10200 = EDGE_LOOP('',(#10201,#10225,#10226,#10250));
#10201 = ORIENTED_EDGE('',*,*,#10202,.F.);
#10202 = EDGE_CURVE('',#8583,#7287,#10203,.T.);
#10203 = SURFACE_CURVE('',#10204,(#10212,#10218),.PCURVE_S1.);
#10204 = ( BOUNDED_CURVE() B_SPLINE_CURVE(2,(#10205,#10206,#10207,#10208
    ,#10209,#10210,#10211),.UNSPECIFIED.,.F.,.F.) 
B_SPLINE_CURVE_WITH_KNOTS((3,2,2,3),(0.377587694321,0.380952380952,
0.404761904762,0.409563753701),.UNSPECIFIED.) CURVE() 
GEOMETRIC_REPRESENTATION_ITEM() RATIONAL_B_SPLINE_CURVE((0.967485332885,
    0.981067133622,1.,0.866025403784,1.,0.972980317548,0.956859167511)) 
REPRESENTATION_ITEM('') );
#10205 = CARTESIAN_POINT('',(0.923077337032,-0.727405251975,
    -0.611876435421));
#10206 = CARTESIAN_POINT('',(0.97546651969,-0.660923373976,
    -0.606302306563));
#10207 = CARTESIAN_POINT('',(1.017788105677,-0.58762023679,
    -0.601104566268));
#10208 = CARTESIAN_POINT('',(1.357050807569,-2.052535561332E-16,
    -0.559437899601));
#10209 = CARTESIAN_POINT('',(1.017788105677,0.58762023679,
    -0.517771232935));
#10210 = CARTESIAN_POINT('',(0.956887659131,0.693102904411,
    -0.510291723422));
#10211 = CARTESIAN_POINT('',(0.87564966868,0.783854468944,
    -0.502085605302));
#10212 = PCURVE('',#7504,#10213);
#10213 = DEFINITIONAL_REPRESENTATION('',(#10214),#10217);
#10214 = B_SPLINE_CURVE_WITH_KNOTS('',1,(#10215,#10216),.UNSPECIFIED.,
  .F.,.F.,(2,2),(0.377587694321,0.409563753701),
  .PIECEWISE_BEZIER_KNOTS.);
#10215 = CARTESIAN_POINT('',(4.044994488285,1.353811464181));
#10216 = CARTESIAN_POINT('',(5.442528620298,1.463602294299));
#10217 = ( GEOMETRIC_REPRESENTATION_CONTEXT(2) 
PARAMETRIC_REPRESENTATION_CONTEXT() REPRESENTATION_CONTEXT('2D SPACE',''
  ) );
#10218 = PCURVE('',#7308,#10219);
#10219 = DEFINITIONAL_REPRESENTATION('',(#10220),#10224);
#10220 = LINE('',#10221,#10222);
#10221 = CARTESIAN_POINT('',(1.,1.665334536938E-16));
#10222 = VECTOR('',#10223,1.);
#10223 = DIRECTION('',(-6.944089085204E-14,1.));
#10224 = ( GEOMETRIC_REPRESENTATION_CONTEXT(2) 
PARAMETRIC_REPRESENTATION_CONTEXT() REPRESENTATION_CONTEXT('2D SPACE',''
  ) );
#10225 = ORIENTED_EDGE('',*,*,#8582,.T.);
#10226 = ORIENTED_EDGE('',*,*,#10227,.T.);
#10227 = EDGE_CURVE('',#8506,#7486,#10228,.T.);
#10228 = SURFACE_CURVE('',#10229,(#10237,#10243),.PCURVE_S1.);
#10229 = ( BOUNDED_CURVE() B_SPLINE_CURVE(2,(#10230,#10231,#10232,#10233
    ,#10234,#10235,#10236),.UNSPECIFIED.,.F.,.F.) 
B_SPLINE_CURVE_WITH_KNOTS((3,2,2,3),(0.378535361586,0.380952380952,
0.404761904762,0.408755543173),.UNSPECIFIED.) CURVE() 
GEOMETRIC_REPRESENTATION_ITEM() RATIONAL_B_SPLINE_CURVE((0.975560473115,
    0.986399593867,1.,0.866025403784,1.,0.977528064071,0.962594690208)) 
REPRESENTATION_ITEM('') );
#10230 = CARTESIAN_POINT('',(0.952097509314,-0.688985125746,
    -0.671232237096));
#10231 = CARTESIAN_POINT('',(0.987550786516,-0.639992809861,
    -0.667318173132));
#10232 = CARTESIAN_POINT('',(1.017788105677,-0.58762023679,
    -0.663604566268));
#10233 = CARTESIAN_POINT('',(1.357050807569,-2.052535561332E-16,
    -0.621937899601));
#10234 = CARTESIAN_POINT('',(1.017788105677,0.58762023679,
    -0.580271232935));
#10235 = CARTESIAN_POINT('',(0.96737359633,0.674940728418,
    -0.574079557444));
#10236 = CARTESIAN_POINT('',(0.902822100772,0.752397783822,
    -0.56736945819));
#10237 = PCURVE('',#7504,#10238);
#10238 = DEFINITIONAL_REPRESENTATION('',(#10239),#10242);
#10239 = B_SPLINE_CURVE_WITH_KNOTS('',1,(#10240,#10241),.UNSPECIFIED.,
  .F.,.F.,(2,2),(0.378535361586,0.408755543173),
  .PIECEWISE_BEZIER_KNOTS.);
#10240 = CARTESIAN_POINT('',(4.085966402456,1.294455662505));
#10241 = CARTESIAN_POINT('',(5.407157347161,1.398318441412));
#10242 = ( GEOMETRIC_REPRESENTATION_CONTEXT(2) 
PARAMETRIC_REPRESENTATION_CONTEXT() REPRESENTATION_CONTEXT('2D SPACE',''
  ) );
#10243 = PCURVE('',#7566,#10244);
#10244 = DEFINITIONAL_REPRESENTATION('',(#10245),#10249);
#10245 = LINE('',#10246,#10247);
#10246 = CARTESIAN_POINT('',(-2.803776449152E-14,2.22044604925E-16));
#10247 = VECTOR('',#10248,1.);
#10248 = DIRECTION('',(7.988607447527E-14,1.));
#10249 = ( GEOMETRIC_REPRESENTATION_CONTEXT(2) 
PARAMETRIC_REPRESENTATION_CONTEXT() REPRESENTATION_CONTEXT('2D SPACE',''
  ) );
#10250 = ORIENTED_EDGE('',*,*,#7485,.T.);
#10251 = ADVANCED_FACE('',(#10252),#7026,.F.);
#10252 = FACE_BOUND('',#10253,.F.);
#10253 = EDGE_LOOP('',(#10254,#10278,#10279,#10303));
#10254 = ORIENTED_EDGE('',*,*,#10255,.F.);
#10255 = EDGE_CURVE('',#8712,#6780,#10256,.T.);
#10256 = SURFACE_CURVE('',#10257,(#10265,#10271),.PCURVE_S1.);
#10257 = ( BOUNDED_CURVE() B_SPLINE_CURVE(2,(#10258,#10259,#10260,#10261
    ,#10262,#10263,#10264),.UNSPECIFIED.,.F.,.F.) 
B_SPLINE_CURVE_WITH_KNOTS((3,2,2,3),(0.516690259394,0.52380952381,
0.547619047619,0.554641944102),.UNSPECIFIED.) CURVE() 
GEOMETRIC_REPRESENTATION_ITEM() RATIONAL_B_SPLINE_CURVE((0.94383713644,
    0.959940375833,1.,0.866025403784,1.,0.960482631736,0.944277479946)) 
REPRESENTATION_ITEM('') );
#10258 = CARTESIAN_POINT('',(0.790880757952,-0.869308804421,
    -0.125025331056));
#10259 = CARTESIAN_POINT('',(0.926270025092,-0.746134202174,
    -0.112344391148));
#10260 = CARTESIAN_POINT('',(1.017788105677,-0.58762023679,
    -0.101104566268));
#10261 = CARTESIAN_POINT('',(1.357050807569,-2.052535561332E-16,
    -5.943789960143E-02));
#10262 = CARTESIAN_POINT('',(1.017788105677,0.58762023679,
    -1.777123293476E-02));
#10263 = CARTESIAN_POINT('',(0.927559802616,0.743900241972,
    -6.689812529439E-03));
#10264 = CARTESIAN_POINT('',(0.79460046513,0.865910082836,
    5.800615906668E-03));
#10265 = PCURVE('',#7026,#10266);
#10266 = DEFINITIONAL_REPRESENTATION('',(#10267),#10270);
#10267 = B_SPLINE_CURVE_WITH_KNOTS('',1,(#10268,#10269),.UNSPECIFIED.,
  .F.,.F.,(2,2),(0.516690259394,0.554641944102),
  .PIECEWISE_BEZIER_KNOTS.);
#10268 = CARTESIAN_POINT('',(3.879785494932,1.840662568546));
#10269 = CARTESIAN_POINT('',(5.540705166399,1.971488515508));
#10270 = ( GEOMETRIC_REPRESENTATION_CONTEXT(2) 
PARAMETRIC_REPRESENTATION_CONTEXT() REPRESENTATION_CONTEXT('2D SPACE',''
  ) );
#10271 = PCURVE('',#6804,#10272);
#10272 = DEFINITIONAL_REPRESENTATION('',(#10273),#10277);
#10273 = LINE('',#10274,#10275);
#10274 = CARTESIAN_POINT('',(1.,4.440892098501E-16));
#10275 = VECTOR('',#10276,1.);
#10276 = DIRECTION('',(-1.46267950049E-14,1.));
#10277 = ( GEOMETRIC_REPRESENTATION_CONTEXT(2) 
PARAMETRIC_REPRESENTATION_CONTEXT() REPRESENTATION_CONTEXT('2D SPACE',''
  ) );
#10278 = ORIENTED_EDGE('',*,*,#8711,.T.);
#10279 = ORIENTED_EDGE('',*,*,#10280,.T.);
#10280 = EDGE_CURVE('',#8658,#7005,#10281,.T.);
#10281 = SURFACE_CURVE('',#10282,(#10290,#10296),.PCURVE_S1.);
#10282 = ( BOUNDED_CURVE() B_SPLINE_CURVE(2,(#10283,#10284,#10285,#10286
    ,#10287,#10288,#10289),.UNSPECIFIED.,.F.,.F.) 
B_SPLINE_CURVE_WITH_KNOTS((3,2,2,3),(0.516806251435,0.52380952381,
0.547619047619,0.5547453455),.UNSPECIFIED.) CURVE() 
GEOMETRIC_REPRESENTATION_ITEM() RATIONAL_B_SPLINE_CURVE((0.944368226217,
    0.960593055282,1.,0.866025403784,1.,0.959900798994,0.943805341485)) 
REPRESENTATION_ITEM('') );
#10283 = CARTESIAN_POINT('',(0.795355935673,-0.865216219412,
    -0.18710542337));
#10284 = CARTESIAN_POINT('',(0.927822271016,-0.743445633368,
    -0.174653751526));
#10285 = CARTESIAN_POINT('',(1.017788105677,-0.58762023679,
    -0.163604566268));
#10286 = CARTESIAN_POINT('',(1.357050807569,-2.052535561332E-16,
    -0.121937899601));
#10287 = CARTESIAN_POINT('',(1.017788105677,0.58762023679,
    -8.027123293476E-02));
#10288 = CARTESIAN_POINT('',(0.926175832927,0.74629734779,
    -6.90198398109E-02));
#10289 = CARTESIAN_POINT('',(0.790608635233,0.869556298716,
    -5.632498312625E-02));
#10290 = PCURVE('',#7026,#10291);
#10291 = DEFINITIONAL_REPRESENTATION('',(#10292),#10295);
#10292 = B_SPLINE_CURVE_WITH_KNOTS('',1,(#10293,#10294),.UNSPECIFIED.,
  .F.,.F.,(2,2),(0.516806251435,0.5547453455),.PIECEWISE_BEZIER_KNOTS.);
#10293 = CARTESIAN_POINT('',(3.88494560243,1.778582476232));
#10294 = CARTESIAN_POINT('',(5.545305454713,1.909362916475));
#10295 = ( GEOMETRIC_REPRESENTATION_CONTEXT(2) 
PARAMETRIC_REPRESENTATION_CONTEXT() REPRESENTATION_CONTEXT('2D SPACE',''
  ) );
#10296 = PCURVE('',#7059,#10297);
#10297 = DEFINITIONAL_REPRESENTATION('',(#10298),#10302);
#10298 = LINE('',#10299,#10300);
#10299 = CARTESIAN_POINT('',(-1.157738241242E-15,-3.330669073875E-16));
#10300 = VECTOR('',#10301,1.);
#10301 = DIRECTION('',(8.965219292367E-15,1.));
#10302 = ( GEOMETRIC_REPRESENTATION_CONTEXT(2) 
PARAMETRIC_REPRESENTATION_CONTEXT() REPRESENTATION_CONTEXT('2D SPACE',''
  ) );
#10303 = ORIENTED_EDGE('',*,*,#7004,.T.);
#10304 = ADVANCED_FACE('',(#10305),#6542,.F.);
#10305 = FACE_BOUND('',#10306,.F.);
#10306 = EDGE_LOOP('',(#10307,#10331,#10332,#10356));
#10307 = ORIENTED_EDGE('',*,*,#10308,.F.);
#10308 = EDGE_CURVE('',#8841,#6276,#10309,.T.);
#10309 = SURFACE_CURVE('',#10310,(#10318,#10324),.PCURVE_S1.);
#10310 = ( BOUNDED_CURVE() B_SPLINE_CURVE(2,(#10311,#10312,#10313,#10314
    ,#10315,#10316,#10317),.UNSPECIFIED.,.F.,.F.) 
B_SPLINE_CURVE_WITH_KNOTS((3,2,2,3),(0.662567309527,0.666666666667,
0.690476190476,0.693015371087),.UNSPECIFIED.) CURVE() 
GEOMETRIC_REPRESENTATION_ITEM() RATIONAL_B_SPLINE_CURVE((0.961809346834,
    0.976933191863,1.,0.866025403784,1.,0.985712200724,0.974471862891)) 
REPRESENTATION_ITEM('') );
#10311 = CARTESIAN_POINT('',(0.899340475106,-0.756555933543,
    0.385632438507));
#10312 = CARTESIAN_POINT('',(0.966007523444,-0.677306836063,
    0.392535983525));
#10313 = CARTESIAN_POINT('',(1.017788105677,-0.58762023679,
    0.398895433732));
#10314 = CARTESIAN_POINT('',(1.357050807569,-2.052535561332E-16,
    0.440562100399));
#10315 = CARTESIAN_POINT('',(1.017788105677,0.58762023679,0.482228767065
    ));
#10316 = CARTESIAN_POINT('',(0.98600037684,0.642678198192,0.486132788032
    ));
#10317 = CARTESIAN_POINT('',(0.948458731591,0.693985738478,
    0.490257177178));
#10318 = PCURVE('',#6542,#10319);
#10319 = DEFINITIONAL_REPRESENTATION('',(#10320),#10323);
#10320 = B_SPLINE_CURVE_WITH_KNOTS('',1,(#10321,#10322),.UNSPECIFIED.,
  .F.,.F.,(2,2),(0.662567309527,0.693015371087),
  .PIECEWISE_BEZIER_KNOTS.);
#10321 = CARTESIAN_POINT('',(4.013005999591,2.351320338109));
#10322 = CARTESIAN_POINT('',(5.344073808474,2.455945076779));
#10323 = ( GEOMETRIC_REPRESENTATION_CONTEXT(2) 
PARAMETRIC_REPRESENTATION_CONTEXT() REPRESENTATION_CONTEXT('2D SPACE',''
  ) );
#10324 = PCURVE('',#6323,#10325);
#10325 = DEFINITIONAL_REPRESENTATION('',(#10326),#10330);
#10326 = LINE('',#10327,#10328);
#10327 = CARTESIAN_POINT('',(1.,6.661338147751E-16));
#10328 = VECTOR('',#10329,1.);
#10329 = DIRECTION('',(-6.927941020548E-14,1.));
#10330 = ( GEOMETRIC_REPRESENTATION_CONTEXT(2) 
PARAMETRIC_REPRESENTATION_CONTEXT() REPRESENTATION_CONTEXT('2D SPACE',''
  ) );
#10331 = ORIENTED_EDGE('',*,*,#8840,.T.);
#10332 = ORIENTED_EDGE('',*,*,#10333,.T.);
#10333 = EDGE_CURVE('',#8813,#6524,#10334,.T.);
#10334 = SURFACE_CURVE('',#10335,(#10343,#10349),.PCURVE_S1.);
#10335 = ( BOUNDED_CURVE() B_SPLINE_CURVE(2,(#10336,#10337,#10338,#10339
    ,#10340,#10341,#10342),.UNSPECIFIED.,.F.,.F.) 
B_SPLINE_CURVE_WITH_KNOTS((3,2,2,3),(0.661775586903,0.666666666667,
0.690476190476,0.693947816146),.UNSPECIFIED.) CURVE() 
GEOMETRIC_REPRESENTATION_ITEM() RATIONAL_B_SPLINE_CURVE((0.956263785241,
    0.972478221674,1.,0.866025403784,1.,0.980465394812,0.966627403917)) 
REPRESENTATION_ITEM('') );
#10336 = CARTESIAN_POINT('',(0.872571904883,-0.787279138268,
    0.320399390458));
#10337 = CARTESIAN_POINT('',(0.955723943132,-0.695118519647,
    0.328773002034));
#10338 = CARTESIAN_POINT('',(1.017788105677,-0.58762023679,
    0.336395433732));
#10339 = CARTESIAN_POINT('',(1.357050807569,-2.052535561332E-16,
    0.378062100399));
#10340 = CARTESIAN_POINT('',(1.017788105677,0.58762023679,0.419728767065
    ));
#10341 = CARTESIAN_POINT('',(0.974094623288,0.663299568247,
    0.425094997293));
#10342 = CARTESIAN_POINT('',(0.919688996705,0.731684576906,
    0.430860424376));
#10343 = PCURVE('',#6542,#10344);
#10344 = DEFINITIONAL_REPRESENTATION('',(#10345),#10348);
#10345 = B_SPLINE_CURVE_WITH_KNOTS('',1,(#10346,#10347),.UNSPECIFIED.,
  .F.,.F.,(2,2),(0.661775586903,0.693947816146),
  .PIECEWISE_BEZIER_KNOTS.);
#10346 = CARTESIAN_POINT('',(3.978331456154,2.28608729006));
#10347 = CARTESIAN_POINT('',(5.384427921604,2.396548323977));
#10348 = ( GEOMETRIC_REPRESENTATION_CONTEXT(2) 
PARAMETRIC_REPRESENTATION_CONTEXT() REPRESENTATION_CONTEXT('2D SPACE',''
  ) );
#10349 = PCURVE('',#6575,#10350);
#10350 = DEFINITIONAL_REPRESENTATION('',(#10351),#10355);
#10351 = LINE('',#10352,#10353);
#10352 = CARTESIAN_POINT('',(-2.193901409378E-14,1.110223024625E-16));
#10353 = VECTOR('',#10354,1.);
#10354 = DIRECTION('',(3.526950192291E-14,1.));
#10355 = ( GEOMETRIC_REPRESENTATION_CONTEXT(2) 
PARAMETRIC_REPRESENTATION_CONTEXT() REPRESENTATION_CONTEXT('2D SPACE',''
  ) );
#10356 = ORIENTED_EDGE('',*,*,#6523,.T.);
#10357 = ADVANCED_FACE('',(#10358),#7308,.F.);
#10358 = FACE_BOUND('',#10359,.F.);
#10359 = EDGE_LOOP('',(#10360,#10384,#10385,#10386));
#10360 = ORIENTED_EDGE('',*,*,#10361,.F.);
#10361 = EDGE_CURVE('',#8608,#7260,#10362,.T.);
#10362 = SURFACE_CURVE('',#10363,(#10371,#10378),.PCURVE_S1.);
#10363 = ( BOUNDED_CURVE() B_SPLINE_CURVE(2,(#10364,#10365,#10366,#10367
    ,#10368,#10369,#10370),.UNSPECIFIED.,.F.,.F.) 
B_SPLINE_CURVE_WITH_KNOTS((3,2,2,3),(0.379723352276,0.380952380952,
0.404761904762,0.406482312525),.UNSPECIFIED.) CURVE() 
GEOMETRIC_REPRESENTATION_ITEM() RATIONAL_B_SPLINE_CURVE((0.986882637808,
    0.99308433793,1.,0.866025403784,1.,0.990319380716,0.982037748887)) 
REPRESENTATION_ITEM('') );
#10364 = CARTESIAN_POINT('',(1.258326741409,-0.816464213457,
    -0.417409520846));
#10365 = CARTESIAN_POINT('',(1.27954610392,-0.783761137384,
    -0.415480185012));
#10366 = CARTESIAN_POINT('',(1.299038105677,-0.75,-0.413604566268));
#10367 = CARTESIAN_POINT('',(1.732050807569,-2.741399385853E-16,
    -0.371937899601));
#10368 = CARTESIAN_POINT('',(1.299038105677,0.75,-0.330271232935));
#10369 = CARTESIAN_POINT('',(1.271676809118,0.7973911558,-0.327638390946
    ));
#10370 = CARTESIAN_POINT('',(1.240935020336,0.842662610601,
    -0.324901785532));
#10371 = PCURVE('',#7308,#10372);
#10372 = DEFINITIONAL_REPRESENTATION('',(#10373),#10377);
#10373 = LINE('',#10374,#10375);
#10374 = CARTESIAN_POINT('',(1.759749001321E-13,-1.110223024625E-16));
#10375 = VECTOR('',#10376,1.);
#10376 = DIRECTION('',(-4.377899749872E-13,1.));
#10377 = ( GEOMETRIC_REPRESENTATION_CONTEXT(2) 
PARAMETRIC_REPRESENTATION_CONTEXT() REPRESENTATION_CONTEXT('2D SPACE',''
  ) );
#10378 = PCURVE('',#7275,#10379);
#10379 = DEFINITIONAL_REPRESENTATION('',(#10380),#10383);
#10380 = B_SPLINE_CURVE_WITH_KNOTS('',1,(#10381,#10382),.UNSPECIFIED.,
  .F.,.F.,(2,2),(0.379723352276,0.406482312525),
  .PIECEWISE_BEZIER_KNOTS.);
#10381 = CARTESIAN_POINT('',(0.995230578025,0.835652579552));
#10382 = CARTESIAN_POINT('',(2.167326216282,0.928160314866));
#10383 = ( GEOMETRIC_REPRESENTATION_CONTEXT(2) 
PARAMETRIC_REPRESENTATION_CONTEXT() REPRESENTATION_CONTEXT('2D SPACE',''
  ) );
#10384 = ORIENTED_EDGE('',*,*,#8607,.T.);
#10385 = ORIENTED_EDGE('',*,*,#10202,.T.);
#10386 = ORIENTED_EDGE('',*,*,#7286,.T.);
#10387 = ADVANCED_FACE('',(#10388),#6804,.F.);
#10388 = FACE_BOUND('',#10389,.F.);
#10389 = EDGE_LOOP('',(#10390,#10414,#10415,#10416));
#10390 = ORIENTED_EDGE('',*,*,#10391,.F.);
#10391 = EDGE_CURVE('',#8740,#6753,#10392,.T.);
#10392 = SURFACE_CURVE('',#10393,(#10401,#10408),.PCURVE_S1.);
#10393 = ( BOUNDED_CURVE() B_SPLINE_CURVE(2,(#10394,#10395,#10396,#10397
    ,#10398,#10399,#10400),.UNSPECIFIED.,.F.,.F.) 
B_SPLINE_CURVE_WITH_KNOTS((3,2,2,3),(0.521825044555,0.52380952381,
0.547619047619,0.549230161708),.UNSPECIFIED.) CURVE() 
GEOMETRIC_REPRESENTATION_ITEM() RATIONAL_B_SPLINE_CURVE((0.979528355303,
    0.988833468115,1.,0.866025403784,1.,0.990934368899,0.983095622141)) 
REPRESENTATION_ITEM('') );
#10394 = CARTESIAN_POINT('',(1.231326727277,-0.856641401458,
    8.017540736812E-02));
#10395 = CARTESIAN_POINT('',(1.267429600037,-0.80474753772,
    8.335390385858E-02));
#10396 = CARTESIAN_POINT('',(1.299038105677,-0.75,8.639543373191E-02));
#10397 = CARTESIAN_POINT('',(1.732050807569,-2.741399385853E-16,
    0.128062100399));
#10398 = CARTESIAN_POINT('',(1.299038105677,0.75,0.169728767065));
#10399 = CARTESIAN_POINT('',(1.273430913414,0.794352958038,0.17219282029
    ));
#10400 = CARTESIAN_POINT('',(1.244858201526,0.836856055779,
    0.174748167135));
#10401 = PCURVE('',#6804,#10402);
#10402 = DEFINITIONAL_REPRESENTATION('',(#10403),#10407);
#10403 = LINE('',#10404,#10405);
#10404 = CARTESIAN_POINT('',(-5.371101685415E-14,3.330669073875E-16));
#10405 = VECTOR('',#10406,1.);
#10406 = DIRECTION('',(1.183314544638E-13,1.));
#10407 = ( GEOMETRIC_REPRESENTATION_CONTEXT(2) 
PARAMETRIC_REPRESENTATION_CONTEXT() REPRESENTATION_CONTEXT('2D SPACE',''
  ) );
#10408 = PCURVE('',#6768,#10409);
#10409 = DEFINITIONAL_REPRESENTATION('',(#10410),#10413);
#10410 = B_SPLINE_CURVE_WITH_KNOTS('',1,(#10411,#10412),.UNSPECIFIED.,
  .F.,.F.,(2,2),(0.521825044555,0.549230161708),
  .PIECEWISE_BEZIER_KNOTS.);
#10411 = CARTESIAN_POINT('',(0.962958053878,1.333237507767));
#10412 = CARTESIAN_POINT('',(2.162654432474,1.427810267534));
#10413 = ( GEOMETRIC_REPRESENTATION_CONTEXT(2) 
PARAMETRIC_REPRESENTATION_CONTEXT() REPRESENTATION_CONTEXT('2D SPACE',''
  ) );
#10414 = ORIENTED_EDGE('',*,*,#8739,.T.);
#10415 = ORIENTED_EDGE('',*,*,#10255,.T.);
#10416 = ORIENTED_EDGE('',*,*,#6779,.T.);
#10417 = ADVANCED_FACE('',(#10418),#6323,.F.);
#10418 = FACE_BOUND('',#10419,.F.);
#10419 = EDGE_LOOP('',(#10420,#10442,#10443,#10444));
#10420 = ORIENTED_EDGE('',*,*,#10421,.F.);
#10421 = EDGE_CURVE('',#8866,#6246,#10422,.T.);
#10422 = SURFACE_CURVE('',#10423,(#10430,#10436),.PCURVE_S1.);
#10423 = B_SPLINE_CURVE_WITH_KNOTS('',3,(#10424,#10425,#10426,#10427,
    #10428,#10429),.UNSPECIFIED.,.F.,.F.,(4,2,4),(-0.119375897113,
    -5.968832312403E-02,-1.000000164231E-06),.UNSPECIFIED.);
#10424 = CARTESIAN_POINT('',(1.369803103266,-0.611260548606,
    0.594103181032));
#10425 = CARTESIAN_POINT('',(1.450777158254,-0.42980190211,
    0.604184216948));
#10426 = CARTESIAN_POINT('',(1.494881227292,-0.234083135946,
    0.615057481544));
#10427 = CARTESIAN_POINT('',(1.504279356461,0.163119845636,
    0.637124313822));
#10428 = CARTESIAN_POINT('',(1.469481368869,0.360699732572,0.64810097443
    ));
#10429 = CARTESIAN_POINT('',(1.397186000069,0.545775852535,
    0.658382981095));
#10430 = PCURVE('',#6323,#10431);
#10431 = DEFINITIONAL_REPRESENTATION('',(#10432),#10435);
#10432 = B_SPLINE_CURVE_WITH_KNOTS('',1,(#10433,#10434),.UNSPECIFIED.,
  .F.,.F.,(2,2),(-0.119375897113,-1.000000164231E-06),
  .PIECEWISE_BEZIER_KNOTS.);
#10433 = CARTESIAN_POINT('',(-1.181402268714E-15,0.669108130328));
#10434 = CARTESIAN_POINT('',(1.49505277979E-14,0.686941057432));
#10435 = ( GEOMETRIC_REPRESENTATION_CONTEXT(2) 
PARAMETRIC_REPRESENTATION_CONTEXT() REPRESENTATION_CONTEXT('2D SPACE',''
  ) );
#10436 = PCURVE('',#6264,#10437);
#10437 = DEFINITIONAL_REPRESENTATION('',(#10438),#10441);
#10438 = B_SPLINE_CURVE_WITH_KNOTS('',1,(#10439,#10440),.UNSPECIFIED.,
  .F.,.F.,(2,2),(-0.119375897113,-1.000000164231E-06),
  .PIECEWISE_BEZIER_KNOTS.);
#10439 = CARTESIAN_POINT('',(1.151073851738,1.84716528143));
#10440 = CARTESIAN_POINT('',(1.943194817721,1.911445081494));
#10441 = ( GEOMETRIC_REPRESENTATION_CONTEXT(2) 
PARAMETRIC_REPRESENTATION_CONTEXT() REPRESENTATION_CONTEXT('2D SPACE',''
  ) );
#10442 = ORIENTED_EDGE('',*,*,#8865,.T.);
#10443 = ORIENTED_EDGE('',*,*,#10308,.T.);
#10444 = ORIENTED_EDGE('',*,*,#6275,.T.);
#10445 = ADVANCED_FACE('',(#10446),#7869,.F.);
#10446 = FACE_BOUND('',#10447,.F.);
#10447 = EDGE_LOOP('',(#10448,#10449,#10471));
#10448 = ORIENTED_EDGE('',*,*,#7796,.T.);
#10449 = ORIENTED_EDGE('',*,*,#10450,.F.);
#10450 = EDGE_CURVE('',#8409,#7767,#10451,.T.);
#10451 = SURFACE_CURVE('',#10452,(#10459,#10465),.PCURVE_S1.);
#10452 = B_SPLINE_CURVE_WITH_KNOTS('',3,(#10453,#10454,#10455,#10456,
    #10457,#10458),.UNSPECIFIED.,.F.,.F.,(4,2,4),(-0.101997754269,
    -5.099945045056E-02,-1.000000139986E-06),.UNSPECIFIED.);
#10453 = CARTESIAN_POINT('',(1.426994862393,-0.462261465734,
    -0.897619092142));
#10454 = CARTESIAN_POINT('',(1.479310845588,-0.300762736608,
    -0.888646940524));
#10455 = CARTESIAN_POINT('',(1.503828406627,-0.131570611842,
    -0.87924737811));
#10456 = CARTESIAN_POINT('',(1.495203087427,0.207794599443,
    -0.860393755249));
#10457 = CARTESIAN_POINT('',(1.462122066053,0.375527317581,
    -0.851075270847));
#10458 = CARTESIAN_POINT('',(1.401665161523,0.534167366068,
    -0.84226193482));
#10459 = PCURVE('',#7869,#10460);
#10460 = DEFINITIONAL_REPRESENTATION('',(#10461),#10464);
#10461 = B_SPLINE_CURVE_WITH_KNOTS('',1,(#10462,#10463),.UNSPECIFIED.,
  .F.,.F.,(2,2),(-0.101997754269,-1.000000139986E-06),
  .PIECEWISE_BEZIER_KNOTS.);
#10462 = CARTESIAN_POINT('',(2.191318390896E-15,0.242983282474));
#10463 = CARTESIAN_POINT('',(1.316164279798E-14,0.258178964405));
#10464 = ( GEOMETRIC_REPRESENTATION_CONTEXT(2) 
PARAMETRIC_REPRESENTATION_CONTEXT() REPRESENTATION_CONTEXT('2D SPACE',''
  ) );
#10465 = PCURVE('',#7785,#10466);
#10466 = DEFINITIONAL_REPRESENTATION('',(#10467),#10470);
#10467 = B_SPLINE_CURVE_WITH_KNOTS('',1,(#10468,#10469),.UNSPECIFIED.,
  .F.,.F.,(2,2),(-0.101997754269,-1.000000139986E-06),
  .PIECEWISE_BEZIER_KNOTS.);
#10468 = CARTESIAN_POINT('',(1.257522984316,0.355443008256));
#10469 = CARTESIAN_POINT('',(1.934899685731,0.410800165579));
#10470 = ( GEOMETRIC_REPRESENTATION_CONTEXT(2) 
PARAMETRIC_REPRESENTATION_CONTEXT() REPRESENTATION_CONTEXT('2D SPACE',''
  ) );
#10471 = ORIENTED_EDGE('',*,*,#8408,.T.);
#10472 = ADVANCED_FACE('',(#10473),#7785,.F.);
#10473 = FACE_BOUND('',#10474,.F.);
#10474 = EDGE_LOOP('',(#10475,#10476,#10498,#10499));
#10475 = ORIENTED_EDGE('',*,*,#7766,.F.);
#10476 = ORIENTED_EDGE('',*,*,#10477,.F.);
#10477 = EDGE_CURVE('',#8481,#7516,#10478,.T.);
#10478 = SURFACE_CURVE('',#10479,(#10486,#10492),.PCURVE_S1.);
#10479 = B_SPLINE_CURVE_WITH_KNOTS('',3,(#10480,#10481,#10482,#10483,
    #10484,#10485),.UNSPECIFIED.,.F.,.F.,(4,2,4),(1.000000161919E-06,
    5.883236364239E-02,0.117663966549),.UNSPECIFIED.);
#10480 = CARTESIAN_POINT('',(1.400350094638,-0.537605443097,
    -0.839304868662));
#10481 = CARTESIAN_POINT('',(1.470541527375,-0.354771394934,
    -0.829147421542));
#10482 = CARTESIAN_POINT('',(1.504243338392,-0.159977013862,
    -0.818325511281));
#10483 = CARTESIAN_POINT('',(1.49490328598,0.231527846397,
    -0.796575241295));
#10484 = CARTESIAN_POINT('',(1.451950315831,0.424499135424,-0.7858546143
    ));
#10485 = CARTESIAN_POINT('',(1.373113825711,0.603786735231,
    -0.775894192089));
#10486 = PCURVE('',#7785,#10487);
#10487 = DEFINITIONAL_REPRESENTATION('',(#10488),#10491);
#10488 = B_SPLINE_CURVE_WITH_KNOTS('',1,(#10489,#10490),.UNSPECIFIED.,
  .F.,.F.,(2,2),(1.000000161919E-06,0.117663966549),
  .PIECEWISE_BEZIER_KNOTS.);
#10489 = CARTESIAN_POINT('',(1.204238966014,0.413757231736));
#10490 = CARTESIAN_POINT('',(1.985069278536,0.47716790831));
#10491 = ( GEOMETRIC_REPRESENTATION_CONTEXT(2) 
PARAMETRIC_REPRESENTATION_CONTEXT() REPRESENTATION_CONTEXT('2D SPACE',''
  ) );
#10492 = PCURVE('',#7566,#10493);
#10493 = DEFINITIONAL_REPRESENTATION('',(#10494),#10497);
#10494 = B_SPLINE_CURVE_WITH_KNOTS('',1,(#10495,#10496),.UNSPECIFIED.,
  .F.,.F.,(2,2),(1.000000161919E-06,0.117663966549),
  .PIECEWISE_BEZIER_KNOTS.);
#10495 = CARTESIAN_POINT('',(1.,0.384621803598));
#10496 = CARTESIAN_POINT('',(1.,0.402193963089));
#10497 = ( GEOMETRIC_REPRESENTATION_CONTEXT(2) 
PARAMETRIC_REPRESENTATION_CONTEXT() REPRESENTATION_CONTEXT('2D SPACE',''
  ) );
#10498 = ORIENTED_EDGE('',*,*,#8480,.F.);
#10499 = ORIENTED_EDGE('',*,*,#10450,.T.);
#10500 = ADVANCED_FACE('',(#10501),#7275,.F.);
#10501 = FACE_BOUND('',#10502,.F.);
#10502 = EDGE_LOOP('',(#10503,#10504,#10528,#10529));
#10503 = ORIENTED_EDGE('',*,*,#7259,.F.);
#10504 = ORIENTED_EDGE('',*,*,#10505,.F.);
#10505 = EDGE_CURVE('',#8636,#7038,#10506,.T.);
#10506 = SURFACE_CURVE('',#10507,(#10515,#10521),.PCURVE_S1.);
#10507 = ( BOUNDED_CURVE() B_SPLINE_CURVE(2,(#10508,#10509,#10510,#10511
    ,#10512,#10513,#10514),.UNSPECIFIED.,.F.,.F.) 
B_SPLINE_CURVE_WITH_KNOTS((3,2,2,3),(0.52223533615,0.52380952381,
0.547619047619,0.549579522108),.UNSPECIFIED.) CURVE() 
GEOMETRIC_REPRESENTATION_ITEM() RATIONAL_B_SPLINE_CURVE((0.983455591822,
    0.991142151443,1.,0.866025403784,1.,0.988968541321,0.979753741681)) 
REPRESENTATION_ITEM('') );
#10508 = CARTESIAN_POINT('',(1.246176616677,-0.83489151394,
    -0.356005963453));
#10509 = CARTESIAN_POINT('',(1.27402307064,-0.793327311636,
    -0.353511639137));
#10510 = CARTESIAN_POINT('',(1.299038105677,-0.75,-0.351104566268));
#10511 = CARTESIAN_POINT('',(1.732050807569,-2.741399385853E-16,
    -0.309437899601));
#10512 = CARTESIAN_POINT('',(1.299038105677,0.75,-0.267771232935));
#10513 = CARTESIAN_POINT('',(1.267816209414,0.804077910635,
    -0.264766904566));
#10514 = CARTESIAN_POINT('',(1.23220768981,0.855373724855,-0.26162880514
    ));
#10515 = PCURVE('',#7275,#10516);
#10516 = DEFINITIONAL_REPRESENTATION('',(#10517),#10520);
#10517 = B_SPLINE_CURVE_WITH_KNOTS('',1,(#10518,#10519),.UNSPECIFIED.,
  .F.,.F.,(2,2),(0.52223533615,0.549579522108),
  .PIECEWISE_BEZIER_KNOTS.);
#10518 = CARTESIAN_POINT('',(0.980515510535,0.897056136946));
#10519 = CARTESIAN_POINT('',(2.177605447058,0.991433295259));
#10520 = ( GEOMETRIC_REPRESENTATION_CONTEXT(2) 
PARAMETRIC_REPRESENTATION_CONTEXT() REPRESENTATION_CONTEXT('2D SPACE',''
  ) );
#10521 = PCURVE('',#7059,#10522);
#10522 = DEFINITIONAL_REPRESENTATION('',(#10523),#10527);
#10523 = LINE('',#10524,#10525);
#10524 = CARTESIAN_POINT('',(1.,-2.22044604925E-16));
#10525 = VECTOR('',#10526,1.);
#10526 = DIRECTION('',(-7.714340993659E-14,1.));
#10527 = ( GEOMETRIC_REPRESENTATION_CONTEXT(2) 
PARAMETRIC_REPRESENTATION_CONTEXT() REPRESENTATION_CONTEXT('2D SPACE',''
  ) );
#10528 = ORIENTED_EDGE('',*,*,#8635,.F.);
#10529 = ORIENTED_EDGE('',*,*,#10361,.T.);
#10530 = ADVANCED_FACE('',(#10531),#6768,.F.);
#10531 = FACE_BOUND('',#10532,.F.);
#10532 = EDGE_LOOP('',(#10533,#10534,#10558,#10559));
#10533 = ORIENTED_EDGE('',*,*,#6752,.F.);
#10534 = ORIENTED_EDGE('',*,*,#10535,.F.);
#10535 = EDGE_CURVE('',#8791,#6554,#10536,.T.);
#10536 = SURFACE_CURVE('',#10537,(#10545,#10551),.PCURVE_S1.);
#10537 = ( BOUNDED_CURVE() B_SPLINE_CURVE(2,(#10538,#10539,#10540,#10541
    ,#10542,#10543,#10544),.UNSPECIFIED.,.F.,.F.) 
B_SPLINE_CURVE_WITH_KNOTS((3,2,2,3),(0.664912910639,0.666666666667,
0.690476190476,0.691751246833),.UNSPECIFIED.) CURVE() 
GEOMETRIC_REPRESENTATION_ITEM() RATIONAL_B_SPLINE_CURVE((0.981717213383,
    0.990131732262,1.,0.866025403784,1.,0.992825343256,0.986419126214)) 
REPRESENTATION_ITEM('') );
#10538 = CARTESIAN_POINT('',(1.23973171797,-0.844431919967,
    0.143418944935));
#10539 = CARTESIAN_POINT('',(1.271141153651,-0.798318938285,
    0.146211048272));
#10540 = CARTESIAN_POINT('',(1.299038105677,-0.75,0.148895433732));
#10541 = CARTESIAN_POINT('',(1.732050807569,-2.741399385853E-16,
    0.190562100399));
#10542 = CARTESIAN_POINT('',(1.299038105677,0.75,0.232228767065));
#10543 = CARTESIAN_POINT('',(1.278810844398,0.785034644232,
    0.234175136189));
#10544 = CARTESIAN_POINT('',(1.256724614012,0.818928107062,
    0.236179245523));
#10545 = PCURVE('',#6768,#10546);
#10546 = DEFINITIONAL_REPRESENTATION('',(#10547),#10550);
#10547 = B_SPLINE_CURVE_WITH_KNOTS('',1,(#10548,#10549),.UNSPECIFIED.,
  .F.,.F.,(2,2),(0.664912910639,0.691751246833),
  .PIECEWISE_BEZIER_KNOTS.);
#10548 = CARTESIAN_POINT('',(0.972839958661,1.396481045334));
#10549 = CARTESIAN_POINT('',(2.148321393661,1.489241345921));
#10550 = ( GEOMETRIC_REPRESENTATION_CONTEXT(2) 
PARAMETRIC_REPRESENTATION_CONTEXT() REPRESENTATION_CONTEXT('2D SPACE',''
  ) );
#10551 = PCURVE('',#6575,#10552);
#10552 = DEFINITIONAL_REPRESENTATION('',(#10553),#10557);
#10553 = LINE('',#10554,#10555);
#10554 = CARTESIAN_POINT('',(1.,3.330669073875E-16));
#10555 = VECTOR('',#10556,1.);
#10556 = DIRECTION('',(5.377717611025E-13,1.));
#10557 = ( GEOMETRIC_REPRESENTATION_CONTEXT(2) 
PARAMETRIC_REPRESENTATION_CONTEXT() REPRESENTATION_CONTEXT('2D SPACE',''
  ) );
#10558 = ORIENTED_EDGE('',*,*,#8790,.F.);
#10559 = ORIENTED_EDGE('',*,*,#10391,.T.);
#10560 = ADVANCED_FACE('',(#10561),#6264,.F.);
#10561 = FACE_BOUND('',#10562,.F.);
#10562 = EDGE_LOOP('',(#10563,#10564,#10586,#10587));
#10563 = ORIENTED_EDGE('',*,*,#6245,.F.);
#10564 = ORIENTED_EDGE('',*,*,#10565,.F.);
#10565 = EDGE_CURVE('',#8946,#6003,#10566,.T.);
#10566 = SURFACE_CURVE('',#10567,(#10574,#10580),.PCURVE_S1.);
#10567 = B_SPLINE_CURVE_WITH_KNOTS('',3,(#10568,#10569,#10570,#10571,
    #10572,#10573),.UNSPECIFIED.,.F.,.F.,(4,2,4),(1.000000142434E-06,
    5.203925378623E-02,0.104077350132),.UNSPECIFIED.);
#10568 = CARTESIAN_POINT('',(1.39806105256,-0.543530397783,
    0.660365967188));
#10569 = CARTESIAN_POINT('',(1.460832328163,-0.382071027713,
    0.669335932192));
#10570 = CARTESIAN_POINT('',(1.495154152842,-0.210978087887,
    0.678841095586));
#10571 = CARTESIAN_POINT('',(1.503891368826,0.135308031991,
    0.698079213371));
#10572 = CARTESIAN_POINT('',(1.478241548462,0.307909455521,
    0.707668181261));
#10573 = CARTESIAN_POINT('',(1.423696872441,0.472321093539,
    0.716802161151));
#10574 = PCURVE('',#6264,#10575);
#10575 = DEFINITIONAL_REPRESENTATION('',(#10576),#10579);
#10576 = B_SPLINE_CURVE_WITH_KNOTS('',1,(#10577,#10578),.UNSPECIFIED.,
  .F.,.F.,(2,2),(1.000000142434E-06,0.104077350132),
  .PIECEWISE_BEZIER_KNOTS.);
#10577 = CARTESIAN_POINT('',(1.200004458988,1.913428067587));
#10578 = CARTESIAN_POINT('',(1.891127314915,1.969864261549));
#10579 = ( GEOMETRIC_REPRESENTATION_CONTEXT(2) 
PARAMETRIC_REPRESENTATION_CONTEXT() REPRESENTATION_CONTEXT('2D SPACE',''
  ) );
#10580 = PCURVE('',#6045,#10581);
#10581 = DEFINITIONAL_REPRESENTATION('',(#10582),#10585);
#10582 = B_SPLINE_CURVE_WITH_KNOTS('',1,(#10583,#10584),.UNSPECIFIED.,
  .F.,.F.,(2,2),(1.000000142434E-06,0.104077350132),
  .PIECEWISE_BEZIER_KNOTS.);
#10583 = CARTESIAN_POINT('',(1.,0.813095894022));
#10584 = CARTESIAN_POINT('',(1.,0.828606072394));
#10585 = ( GEOMETRIC_REPRESENTATION_CONTEXT(2) 
PARAMETRIC_REPRESENTATION_CONTEXT() REPRESENTATION_CONTEXT('2D SPACE',''
  ) );
#10586 = ORIENTED_EDGE('',*,*,#8945,.F.);
#10587 = ORIENTED_EDGE('',*,*,#10421,.T.);
#10588 = ADVANCED_FACE('',(#10589),#7566,.F.);
#10589 = FACE_BOUND('',#10590,.F.);
#10590 = EDGE_LOOP('',(#10591,#10592,#10593,#10594));
#10591 = ORIENTED_EDGE('',*,*,#10227,.F.);
#10592 = ORIENTED_EDGE('',*,*,#8505,.T.);
#10593 = ORIENTED_EDGE('',*,*,#10477,.T.);
#10594 = ORIENTED_EDGE('',*,*,#7515,.T.);
#10595 = ADVANCED_FACE('',(#10596),#7059,.F.);
#10596 = FACE_BOUND('',#10597,.F.);
#10597 = EDGE_LOOP('',(#10598,#10599,#10600,#10601));
#10598 = ORIENTED_EDGE('',*,*,#10280,.F.);
#10599 = ORIENTED_EDGE('',*,*,#8657,.T.);
#10600 = ORIENTED_EDGE('',*,*,#10505,.T.);
#10601 = ORIENTED_EDGE('',*,*,#7037,.T.);
#10602 = ADVANCED_FACE('',(#10603),#6575,.F.);
#10603 = FACE_BOUND('',#10604,.F.);
#10604 = EDGE_LOOP('',(#10605,#10606,#10607,#10608));
#10605 = ORIENTED_EDGE('',*,*,#10333,.F.);
#10606 = ORIENTED_EDGE('',*,*,#8812,.T.);
#10607 = ORIENTED_EDGE('',*,*,#10535,.T.);
#10608 = ORIENTED_EDGE('',*,*,#6553,.T.);
#10609 = ADVANCED_FACE('',(#10610),#6045,.F.);
#10610 = FACE_BOUND('',#10611,.F.);
#10611 = EDGE_LOOP('',(#10612,#10613,#10614));
#10612 = ORIENTED_EDGE('',*,*,#8970,.T.);
#10613 = ORIENTED_EDGE('',*,*,#10565,.T.);
#10614 = ORIENTED_EDGE('',*,*,#6002,.T.);
#10615 = ( GEOMETRIC_REPRESENTATION_CONTEXT(3) 
GLOBAL_UNCERTAINTY_ASSIGNED_CONTEXT((#10619)) 
GLOBAL_UNIT_ASSIGNED_CONTEXT((#10616,#10617,#10618)) 
REPRESENTATION_CONTEXT('Context #1',
  '3D Context with UNIT and UNCERTAINTY') );
#10616 = ( LENGTH_UNIT() NAMED_UNIT(*) SI_UNIT(.MILLI.,.METRE.) );
#10617 = ( NAMED_UNIT(*) PLANE_ANGLE_UNIT() SI_UNIT($,.RADIAN.) );
#10618 = ( NAMED_UNIT(*) SI_UNIT($,.STERADIAN.) SOLID_ANGLE_UNIT() );
#10619 = UNCERTAINTY_MEASURE_WITH_UNIT(LENGTH_MEASURE(5.E-03),#10616,
  'distance_accuracy_value','confusion accuracy');
#10620 = CONTEXT_DEPENDENT_SHAPE_REPRESENTATION(#10621,#10623);
#10621 = ( REPRESENTATION_RELATIONSHIP('','',#4160,#10) 
REPRESENTATION_RELATIONSHIP_WITH_TRANSFORMATION(#10622) 
SHAPE_REPRESENTATION_RELATIONSHIP() );
#10622 = ITEM_DEFINED_TRANSFORMATION('','',#11,#19);
#10623 = PRODUCT_DEFINITION_SHAPE('Placement','Placement of an item',
  #10624);
#10624 = NEXT_ASSEMBLY_USAGE_OCCURRENCE('112','','',#5,#4155,$);
#10625 = PRODUCT_RELATED_PRODUCT_CATEGORY('part',$,(#4157));
ENDSEC;
END-ISO-10303-21;
