ISO-10303-21;
HEADER;
FILE_DESCRIPTION(('Open CASCADE Model'),'2;1');
FILE_NAME('Open CASCADE Shape Model','2026-08-07T15:00:46',('Author'),(
    'Open CASCADE'),'Open CASCADE STEP processor 7.9','Open CASCADE 7.9'
  ,'Unknown');
FILE_SCHEMA(('AUTOMOTIVE_DESIGN { 1 0 10303 214 1 1 1 1 }'));
ENDSEC;
DATA;
#1 = APPLICATION_PROTOCOL_DEFINITION('international standard',
  'automotive_design',2000,#2);
#2 = APPLICATION_CONTEXT(
  'core data for automotive mechanical design processes');
#3 = SHAPE_DEFINITION_REPRESENTATION(#4,#10);
#4 = PRODUCT_DEFINITION_SHAPE('','',#5);
#5 = PRODUCT_DEFINITION('design','',#6,#9);
#6 = PRODUCT_DEFINITION_FORMATION('','',#7);
#7 = PRODUCT('Open CASCADE STEP translator 7.9 45',
  'Open CASCADE STEP translator 7.9 45','',(#8));
#8 = PRODUCT_CONTEXT('',#2,'mechanical');
#9 = PRODUCT_DEFINITION_CONTEXT('part definition',#2,'design');
#10 = SHAPE_REPRESENTATION('',(#11,#15,#19,#23,#27,#31,#35,#39,#43,#47,
    #51,#55),#59);
#11 = AXIS2_PLACEMENT_3D('',#12,#13,#14);
#12 = CARTESIAN_POINT('',(0.,0.,0.));
#13 = DIRECTION('',(0.,0.,1.));
#14 = DIRECTION('',(1.,0.,-0.));
#15 = AXIS2_PLACEMENT_3D('',#16,#17,#18);
#16 = CARTESIAN_POINT('',(0.,0.,0.));
#17 = DIRECTION('',(0.,0.,1.));
#18 = DIRECTION('',(1.,0.,0.));
#19 = AXIS2_PLACEMENT_3D('',#20,#21,#22);
#20 = CARTESIAN_POINT('',(0.,0.,0.));
#21 = DIRECTION('',(0.,0.,1.));
#22 = DIRECTION('',(1.,0.,0.));
#23 = AXIS2_PLACEMENT_3D('',#24,#25,#26);
#24 = CARTESIAN_POINT('',(0.,0.,0.));
#25 = DIRECTION('',(0.,0.,1.));
#26 = DIRECTION('',(1.,0.,0.));
#27 = AXIS2_PLACEMENT_3D('',#28,#29,#30);
#28 = CARTESIAN_POINT('',(0.,0.,0.));
#29 = DIRECTION('',(0.,0.,1.));
#30 = DIRECTION('',(1.,0.,0.));
#31 = AXIS2_PLACEMENT_3D('',#32,#33,#34);
#32 = CARTESIAN_POINT('',(0.,0.,0.));
#33 = DIRECTION('',(0.,0.,1.));
#34 = DIRECTION('',(1.,0.,0.));
#35 = AXIS2_PLACEMENT_3D('',#36,#37,#38);
#36 = CARTESIAN_POINT('',(0.,0.,0.));
#37 = DIRECTION('',(0.,0.,1.));
#38 = DIRECTION('',(1.,0.,0.));
#39 = AXIS2_PLACEMENT_3D('',#40,#41,#42);
#40 = CARTESIAN_POINT('',(0.,0.,0.));
#41 = DIRECTION('',(0.,0.,1.));
#42 = DIRECTION('',(1.,0.,0.));
#43 = AXIS2_PLACEMENT_3D('',#44,#45,#46);
#44 = CARTESIAN_POINT('',(0.,0.,0.));
#45 = DIRECTION('',(0.,0.,1.));
#46 = DIRECTION('',(1.,0.,0.));
#47 = AXIS2_PLACEMENT_3D('',#48,#49,#50);
#48 = CARTESIAN_POINT('',(0.,0.,0.));
#49 = DIRECTION('',(0.,0.,1.));
#50 = DIRECTION('',(1.,0.,0.));
#51 = AXIS2_PLACEMENT_3D('',#52,#53,#54);
#52 = CARTESIAN_POINT('',(0.,0.,0.));
#53 = DIRECTION('',(0.,0.,1.));
#54 = DIRECTION('',(1.,0.,0.));
#55 = AXIS2_PLACEMENT_3D('',#56,#57,#58);
#56 = CARTESIAN_POINT('',(0.,0.,0.));
#57 = DIRECTION('',(0.,0.,1.));
#58 = DIRECTION('',(1.,0.,0.));
#59 = ( GEOMETRIC_REPRESENTATION_CONTEXT(3) 
GLOBAL_UNCERTAINTY_ASSIGNED_CONTEXT((#63)) GLOBAL_UNIT_ASSIGNED_CONTEXT(
(#60,#61,#62)) REPRESENTATION_CONTEXT('Context #1',
  '3D Context with UNIT and UNCERTAINTY') );
#60 = ( LENGTH_UNIT() NAMED_UNIT(*) SI_UNIT(.MILLI.,.METRE.) );
#61 = ( NAMED_UNIT(*) PLANE_ANGLE_UNIT() SI_UNIT($,.RADIAN.) );
#62 = ( NAMED_UNIT(*) SI_UNIT($,.STERADIAN.) SOLID_ANGLE_UNIT() );
#63 = UNCERTAINTY_MEASURE_WITH_UNIT(LENGTH_MEASURE(2.E-04),#60,
  'distance_accuracy_value','confusion accuracy');
#64 = PRODUCT_RELATED_PRODUCT_CATEGORY('part',$,(#7));
#65 = SHAPE_DEFINITION_REPRESENTATION(#66,#72);
#66 = PRODUCT_DEFINITION_SHAPE('','',#67);
#67 = PRODUCT_DEFINITION('design','',#68,#71);
#68 = PRODUCT_DEFINITION_FORMATION('','',#69);
#69 = PRODUCT('Open CASCADE STEP translator 7.9 45.1',
  'Open CASCADE STEP translator 7.9 45.1','',(#70));
#70 = PRODUCT_CONTEXT('',#2,'mechanical');
#71 = PRODUCT_DEFINITION_CONTEXT('part definition',#2,'design');
#72 = ADVANCED_BREP_SHAPE_REPRESENTATION('',(#11,#73),#3535);
#73 = MANIFOLD_SOLID_BREP('',#74);
#74 = CLOSED_SHELL('',(#75,#309,#385,#434,#510,#559,#722,#749,#966,#1454
    ,#1936,#2540,#2567,#2682,#2758,#2829,#2876,#2937,#2993,#3049,#3105,
    #3178,#3227,#3276,#3303,#3310,#3329,#3378,#3405,#3412,#3425,#3472,
    #3499,#3528));
#75 = ADVANCED_FACE('',(#76,#195),#90,.F.);
#76 = FACE_BOUND('',#77,.T.);
#77 = EDGE_LOOP('',(#78,#113,#141,#169));
#78 = ORIENTED_EDGE('',*,*,#79,.F.);
#79 = EDGE_CURVE('',#80,#82,#84,.T.);
#80 = VERTEX_POINT('',#81);
#81 = CARTESIAN_POINT('',(12.7,23.227097304927,308.));
#82 = VERTEX_POINT('',#83);
#83 = CARTESIAN_POINT('',(12.7,-2.172902695073,308.));
#84 = SURFACE_CURVE('',#85,(#89,#101),.PCURVE_S1.);
#85 = LINE('',#86,#87);
#86 = CARTESIAN_POINT('',(12.7,4.177097304927,308.));
#87 = VECTOR('',#88,1.);
#88 = DIRECTION('',(0.,-1.,0.));
#89 = PCURVE('',#90,#95);
#90 = PLANE('',#91);
#91 = AXIS2_PLACEMENT_3D('',#92,#93,#94);
#92 = CARTESIAN_POINT('',(0.,10.527097304927,308.));
#93 = DIRECTION('',(0.,0.,-1.));
#94 = DIRECTION('',(-1.,0.,0.));
#95 = DEFINITIONAL_REPRESENTATION('',(#96),#100);
#96 = LINE('',#97,#98);
#97 = CARTESIAN_POINT('',(-12.7,-6.35));
#98 = VECTOR('',#99,1.);
#99 = DIRECTION('',(0.,-1.));
#100 = ( GEOMETRIC_REPRESENTATION_CONTEXT(2) 
PARAMETRIC_REPRESENTATION_CONTEXT() REPRESENTATION_CONTEXT('2D SPACE',''
  ) );
#101 = PCURVE('',#102,#107);
#102 = PLANE('',#103);
#103 = AXIS2_PLACEMENT_3D('',#104,#105,#106);
#104 = CARTESIAN_POINT('',(12.7,-2.172902695073,48.));
#105 = DIRECTION('',(1.,0.,0.));
#106 = DIRECTION('',(-0.,1.,0.));
#107 = DEFINITIONAL_REPRESENTATION('',(#108),#112);
#108 = LINE('',#109,#110);
#109 = CARTESIAN_POINT('',(6.35,260.));
#110 = VECTOR('',#111,1.);
#111 = DIRECTION('',(-1.,0.));
#112 = ( GEOMETRIC_REPRESENTATION_CONTEXT(2) 
PARAMETRIC_REPRESENTATION_CONTEXT() REPRESENTATION_CONTEXT('2D SPACE',''
  ) );
#113 = ORIENTED_EDGE('',*,*,#114,.F.);
#114 = EDGE_CURVE('',#115,#80,#117,.T.);
#115 = VERTEX_POINT('',#116);
#116 = CARTESIAN_POINT('',(-12.7,23.227097304927,308.));
#117 = SURFACE_CURVE('',#118,(#122,#129),.PCURVE_S1.);
#118 = LINE('',#119,#120);
#119 = CARTESIAN_POINT('',(6.35,23.227097304927,308.));
#120 = VECTOR('',#121,1.);
#121 = DIRECTION('',(1.,0.,0.));
#122 = PCURVE('',#90,#123);
#123 = DEFINITIONAL_REPRESENTATION('',(#124),#128);
#124 = LINE('',#125,#126);
#125 = CARTESIAN_POINT('',(-6.35,12.7));
#126 = VECTOR('',#127,1.);
#127 = DIRECTION('',(-1.,0.));
#128 = ( GEOMETRIC_REPRESENTATION_CONTEXT(2) 
PARAMETRIC_REPRESENTATION_CONTEXT() REPRESENTATION_CONTEXT('2D SPACE',''
  ) );
#129 = PCURVE('',#130,#135);
#130 = PLANE('',#131);
#131 = AXIS2_PLACEMENT_3D('',#132,#133,#134);
#132 = CARTESIAN_POINT('',(12.7,23.227097304927,48.));
#133 = DIRECTION('',(0.,1.,0.));
#134 = DIRECTION('',(-1.,0.,0.));
#135 = DEFINITIONAL_REPRESENTATION('',(#136),#140);
#136 = LINE('',#137,#138);
#137 = CARTESIAN_POINT('',(6.35,260.));
#138 = VECTOR('',#139,1.);
#139 = DIRECTION('',(-1.,0.));
#140 = ( GEOMETRIC_REPRESENTATION_CONTEXT(2) 
PARAMETRIC_REPRESENTATION_CONTEXT() REPRESENTATION_CONTEXT('2D SPACE',''
  ) );
#141 = ORIENTED_EDGE('',*,*,#142,.F.);
#142 = EDGE_CURVE('',#143,#115,#145,.T.);
#143 = VERTEX_POINT('',#144);
#144 = CARTESIAN_POINT('',(-12.7,-2.172902695073,308.));
#145 = SURFACE_CURVE('',#146,(#150,#157),.PCURVE_S1.);
#146 = LINE('',#147,#148);
#147 = CARTESIAN_POINT('',(-12.7,16.877097304927,308.));
#148 = VECTOR('',#149,1.);
#149 = DIRECTION('',(0.,1.,0.));
#150 = PCURVE('',#90,#151);
#151 = DEFINITIONAL_REPRESENTATION('',(#152),#156);
#152 = LINE('',#153,#154);
#153 = CARTESIAN_POINT('',(12.7,6.35));
#154 = VECTOR('',#155,1.);
#155 = DIRECTION('',(0.,1.));
#156 = ( GEOMETRIC_REPRESENTATION_CONTEXT(2) 
PARAMETRIC_REPRESENTATION_CONTEXT() REPRESENTATION_CONTEXT('2D SPACE',''
  ) );
#157 = PCURVE('',#158,#163);
#158 = PLANE('',#159);
#159 = AXIS2_PLACEMENT_3D('',#160,#161,#162);
#160 = CARTESIAN_POINT('',(-12.7,23.227097304927,48.));
#161 = DIRECTION('',(-1.,0.,0.));
#162 = DIRECTION('',(0.,-1.,0.));
#163 = DEFINITIONAL_REPRESENTATION('',(#164),#168);
#164 = LINE('',#165,#166);
#165 = CARTESIAN_POINT('',(6.35,260.));
#166 = VECTOR('',#167,1.);
#167 = DIRECTION('',(-1.,0.));
#168 = ( GEOMETRIC_REPRESENTATION_CONTEXT(2) 
PARAMETRIC_REPRESENTATION_CONTEXT() REPRESENTATION_CONTEXT('2D SPACE',''
  ) );
#169 = ORIENTED_EDGE('',*,*,#170,.F.);
#170 = EDGE_CURVE('',#82,#143,#171,.T.);
#171 = SURFACE_CURVE('',#172,(#176,#183),.PCURVE_S1.);
#172 = LINE('',#173,#174);
#173 = CARTESIAN_POINT('',(-6.35,-2.172902695073,308.));
#174 = VECTOR('',#175,1.);
#175 = DIRECTION('',(-1.,-4.370956789863E-17,0.));
#176 = PCURVE('',#90,#177);
#177 = DEFINITIONAL_REPRESENTATION('',(#178),#182);
#178 = LINE('',#179,#180);
#179 = CARTESIAN_POINT('',(6.35,-12.7));
#180 = VECTOR('',#181,1.);
#181 = DIRECTION('',(1.,-4.370956789863E-17));
#182 = ( GEOMETRIC_REPRESENTATION_CONTEXT(2) 
PARAMETRIC_REPRESENTATION_CONTEXT() REPRESENTATION_CONTEXT('2D SPACE',''
  ) );
#183 = PCURVE('',#184,#189);
#184 = PLANE('',#185);
#185 = AXIS2_PLACEMENT_3D('',#186,#187,#188);
#186 = CARTESIAN_POINT('',(-12.7,-2.172902695073,48.));
#187 = DIRECTION('',(4.370956789863E-17,-1.,0.));
#188 = DIRECTION('',(1.,4.370956789863E-17,0.));
#189 = DEFINITIONAL_REPRESENTATION('',(#190),#194);
#190 = LINE('',#191,#192);
#191 = CARTESIAN_POINT('',(6.35,260.));
#192 = VECTOR('',#193,1.);
#193 = DIRECTION('',(-1.,0.));
#194 = ( GEOMETRIC_REPRESENTATION_CONTEXT(2) 
PARAMETRIC_REPRESENTATION_CONTEXT() REPRESENTATION_CONTEXT('2D SPACE',''
  ) );
#195 = FACE_BOUND('',#196,.T.);
#196 = EDGE_LOOP('',(#197,#227,#255,#283));
#197 = ORIENTED_EDGE('',*,*,#198,.F.);
#198 = EDGE_CURVE('',#199,#201,#203,.T.);
#199 = VERTEX_POINT('',#200);
#200 = CARTESIAN_POINT('',(-11.1125,-0.585402695073,308.));
#201 = VERTEX_POINT('',#202);
#202 = CARTESIAN_POINT('',(11.1125,-0.585402695073,308.));
#203 = SURFACE_CURVE('',#204,(#208,#215),.PCURVE_S1.);
#204 = LINE('',#205,#206);
#205 = CARTESIAN_POINT('',(5.55625,-0.585402695073,308.));
#206 = VECTOR('',#207,1.);
#207 = DIRECTION('',(1.,-4.995379188415E-17,0.));
#208 = PCURVE('',#90,#209);
#209 = DEFINITIONAL_REPRESENTATION('',(#210),#214);
#210 = LINE('',#211,#212);
#211 = CARTESIAN_POINT('',(-5.55625,-11.1125));
#212 = VECTOR('',#213,1.);
#213 = DIRECTION('',(-1.,-4.995379188415E-17));
#214 = ( GEOMETRIC_REPRESENTATION_CONTEXT(2) 
PARAMETRIC_REPRESENTATION_CONTEXT() REPRESENTATION_CONTEXT('2D SPACE',''
  ) );
#215 = PCURVE('',#216,#221);
#216 = PLANE('',#217);
#217 = AXIS2_PLACEMENT_3D('',#218,#219,#220);
#218 = CARTESIAN_POINT('',(11.1125,-0.585402695073,48.));
#219 = DIRECTION('',(4.995379188415E-17,1.,0.));
#220 = DIRECTION('',(-1.,4.995379188415E-17,0.));
#221 = DEFINITIONAL_REPRESENTATION('',(#222),#226);
#222 = LINE('',#223,#224);
#223 = CARTESIAN_POINT('',(5.55625,260.));
#224 = VECTOR('',#225,1.);
#225 = DIRECTION('',(-1.,0.));
#226 = ( GEOMETRIC_REPRESENTATION_CONTEXT(2) 
PARAMETRIC_REPRESENTATION_CONTEXT() REPRESENTATION_CONTEXT('2D SPACE',''
  ) );
#227 = ORIENTED_EDGE('',*,*,#228,.F.);
#228 = EDGE_CURVE('',#229,#199,#231,.T.);
#229 = VERTEX_POINT('',#230);
#230 = CARTESIAN_POINT('',(-11.1125,21.639597304927,308.));
#231 = SURFACE_CURVE('',#232,(#236,#243),.PCURVE_S1.);
#232 = LINE('',#233,#234);
#233 = CARTESIAN_POINT('',(-11.1125,4.970847304927,308.));
#234 = VECTOR('',#235,1.);
#235 = DIRECTION('',(0.,-1.,0.));
#236 = PCURVE('',#90,#237);
#237 = DEFINITIONAL_REPRESENTATION('',(#238),#242);
#238 = LINE('',#239,#240);
#239 = CARTESIAN_POINT('',(11.1125,-5.55625));
#240 = VECTOR('',#241,1.);
#241 = DIRECTION('',(0.,-1.));
#242 = ( GEOMETRIC_REPRESENTATION_CONTEXT(2) 
PARAMETRIC_REPRESENTATION_CONTEXT() REPRESENTATION_CONTEXT('2D SPACE',''
  ) );
#243 = PCURVE('',#244,#249);
#244 = PLANE('',#245);
#245 = AXIS2_PLACEMENT_3D('',#246,#247,#248);
#246 = CARTESIAN_POINT('',(-11.1125,-0.585402695073,48.));
#247 = DIRECTION('',(1.,0.,0.));
#248 = DIRECTION('',(-0.,1.,0.));
#249 = DEFINITIONAL_REPRESENTATION('',(#250),#254);
#250 = LINE('',#251,#252);
#251 = CARTESIAN_POINT('',(5.55625,260.));
#252 = VECTOR('',#253,1.);
#253 = DIRECTION('',(-1.,0.));
#254 = ( GEOMETRIC_REPRESENTATION_CONTEXT(2) 
PARAMETRIC_REPRESENTATION_CONTEXT() REPRESENTATION_CONTEXT('2D SPACE',''
  ) );
#255 = ORIENTED_EDGE('',*,*,#256,.F.);
#256 = EDGE_CURVE('',#257,#229,#259,.T.);
#257 = VERTEX_POINT('',#258);
#258 = CARTESIAN_POINT('',(11.1125,21.639597304927,308.));
#259 = SURFACE_CURVE('',#260,(#264,#271),.PCURVE_S1.);
#260 = LINE('',#261,#262);
#261 = CARTESIAN_POINT('',(-5.55625,21.639597304927,308.));
#262 = VECTOR('',#263,1.);
#263 = DIRECTION('',(-1.,0.,0.));
#264 = PCURVE('',#90,#265);
#265 = DEFINITIONAL_REPRESENTATION('',(#266),#270);
#266 = LINE('',#267,#268);
#267 = CARTESIAN_POINT('',(5.55625,11.1125));
#268 = VECTOR('',#269,1.);
#269 = DIRECTION('',(1.,0.));
#270 = ( GEOMETRIC_REPRESENTATION_CONTEXT(2) 
PARAMETRIC_REPRESENTATION_CONTEXT() REPRESENTATION_CONTEXT('2D SPACE',''
  ) );
#271 = PCURVE('',#272,#277);
#272 = PLANE('',#273);
#273 = AXIS2_PLACEMENT_3D('',#274,#275,#276);
#274 = CARTESIAN_POINT('',(-11.1125,21.639597304927,48.));
#275 = DIRECTION('',(0.,-1.,0.));
#276 = DIRECTION('',(1.,0.,0.));
#277 = DEFINITIONAL_REPRESENTATION('',(#278),#282);
#278 = LINE('',#279,#280);
#279 = CARTESIAN_POINT('',(5.55625,260.));
#280 = VECTOR('',#281,1.);
#281 = DIRECTION('',(-1.,0.));
#282 = ( GEOMETRIC_REPRESENTATION_CONTEXT(2) 
PARAMETRIC_REPRESENTATION_CONTEXT() REPRESENTATION_CONTEXT('2D SPACE',''
  ) );
#283 = ORIENTED_EDGE('',*,*,#284,.F.);
#284 = EDGE_CURVE('',#201,#257,#285,.T.);
#285 = SURFACE_CURVE('',#286,(#290,#297),.PCURVE_S1.);
#286 = LINE('',#287,#288);
#287 = CARTESIAN_POINT('',(11.1125,16.083347304927,308.));
#288 = VECTOR('',#289,1.);
#289 = DIRECTION('',(0.,1.,0.));
#290 = PCURVE('',#90,#291);
#291 = DEFINITIONAL_REPRESENTATION('',(#292),#296);
#292 = LINE('',#293,#294);
#293 = CARTESIAN_POINT('',(-11.1125,5.55625));
#294 = VECTOR('',#295,1.);
#295 = DIRECTION('',(0.,1.));
#296 = ( GEOMETRIC_REPRESENTATION_CONTEXT(2) 
PARAMETRIC_REPRESENTATION_CONTEXT() REPRESENTATION_CONTEXT('2D SPACE',''
  ) );
#297 = PCURVE('',#298,#303);
#298 = PLANE('',#299);
#299 = AXIS2_PLACEMENT_3D('',#300,#301,#302);
#300 = CARTESIAN_POINT('',(11.1125,21.639597304927,48.));
#301 = DIRECTION('',(-1.,0.,0.));
#302 = DIRECTION('',(0.,-1.,0.));
#303 = DEFINITIONAL_REPRESENTATION('',(#304),#308);
#304 = LINE('',#305,#306);
#305 = CARTESIAN_POINT('',(5.55625,260.));
#306 = VECTOR('',#307,1.);
#307 = DIRECTION('',(-1.,0.));
#308 = ( GEOMETRIC_REPRESENTATION_CONTEXT(2) 
PARAMETRIC_REPRESENTATION_CONTEXT() REPRESENTATION_CONTEXT('2D SPACE',''
  ) );
#309 = ADVANCED_FACE('',(#310),#298,.T.);
#310 = FACE_BOUND('',#311,.T.);
#311 = EDGE_LOOP('',(#312,#313,#336,#364));
#312 = ORIENTED_EDGE('',*,*,#284,.T.);
#313 = ORIENTED_EDGE('',*,*,#314,.F.);
#314 = EDGE_CURVE('',#315,#257,#317,.T.);
#315 = VERTEX_POINT('',#316);
#316 = CARTESIAN_POINT('',(11.1125,21.639597304927,48.));
#317 = SURFACE_CURVE('',#318,(#322,#329),.PCURVE_S1.);
#318 = LINE('',#319,#320);
#319 = CARTESIAN_POINT('',(11.1125,21.639597304927,228.));
#320 = VECTOR('',#321,1.);
#321 = DIRECTION('',(0.,0.,1.));
#322 = PCURVE('',#298,#323);
#323 = DEFINITIONAL_REPRESENTATION('',(#324),#328);
#324 = LINE('',#325,#326);
#325 = CARTESIAN_POINT('',(0.,180.));
#326 = VECTOR('',#327,1.);
#327 = DIRECTION('',(0.,1.));
#328 = ( GEOMETRIC_REPRESENTATION_CONTEXT(2) 
PARAMETRIC_REPRESENTATION_CONTEXT() REPRESENTATION_CONTEXT('2D SPACE',''
  ) );
#329 = PCURVE('',#272,#330);
#330 = DEFINITIONAL_REPRESENTATION('',(#331),#335);
#331 = LINE('',#332,#333);
#332 = CARTESIAN_POINT('',(22.225,180.));
#333 = VECTOR('',#334,1.);
#334 = DIRECTION('',(0.,1.));
#335 = ( GEOMETRIC_REPRESENTATION_CONTEXT(2) 
PARAMETRIC_REPRESENTATION_CONTEXT() REPRESENTATION_CONTEXT('2D SPACE',''
  ) );
#336 = ORIENTED_EDGE('',*,*,#337,.T.);
#337 = EDGE_CURVE('',#315,#338,#340,.T.);
#338 = VERTEX_POINT('',#339);
#339 = CARTESIAN_POINT('',(11.1125,-0.585402695073,48.));
#340 = SURFACE_CURVE('',#341,(#345,#352),.PCURVE_S1.);
#341 = LINE('',#342,#343);
#342 = CARTESIAN_POINT('',(11.1125,21.639597304927,48.));
#343 = VECTOR('',#344,1.);
#344 = DIRECTION('',(0.,-1.,0.));
#345 = PCURVE('',#298,#346);
#346 = DEFINITIONAL_REPRESENTATION('',(#347),#351);
#347 = LINE('',#348,#349);
#348 = CARTESIAN_POINT('',(0.,0.));
#349 = VECTOR('',#350,1.);
#350 = DIRECTION('',(1.,0.));
#351 = ( GEOMETRIC_REPRESENTATION_CONTEXT(2) 
PARAMETRIC_REPRESENTATION_CONTEXT() REPRESENTATION_CONTEXT('2D SPACE',''
  ) );
#352 = PCURVE('',#353,#358);
#353 = PLANE('',#354);
#354 = AXIS2_PLACEMENT_3D('',#355,#356,#357);
#355 = CARTESIAN_POINT('',(-0.361893461843,5.528185889621,48.));
#356 = DIRECTION('',(0.,-1.665334536938E-15,1.));
#357 = DIRECTION('',(1.,0.,0.));
#358 = DEFINITIONAL_REPRESENTATION('',(#359),#363);
#359 = LINE('',#360,#361);
#360 = CARTESIAN_POINT('',(11.474393461843,16.111411415306));
#361 = VECTOR('',#362,1.);
#362 = DIRECTION('',(0.,-1.));
#363 = ( GEOMETRIC_REPRESENTATION_CONTEXT(2) 
PARAMETRIC_REPRESENTATION_CONTEXT() REPRESENTATION_CONTEXT('2D SPACE',''
  ) );
#364 = ORIENTED_EDGE('',*,*,#365,.T.);
#365 = EDGE_CURVE('',#338,#201,#366,.T.);
#366 = SURFACE_CURVE('',#367,(#371,#378),.PCURVE_S1.);
#367 = LINE('',#368,#369);
#368 = CARTESIAN_POINT('',(11.1125,-0.585402695073,48.));
#369 = VECTOR('',#370,1.);
#370 = DIRECTION('',(0.,0.,1.));
#371 = PCURVE('',#298,#372);
#372 = DEFINITIONAL_REPRESENTATION('',(#373),#377);
#373 = LINE('',#374,#375);
#374 = CARTESIAN_POINT('',(22.225,0.));
#375 = VECTOR('',#376,1.);
#376 = DIRECTION('',(0.,1.));
#377 = ( GEOMETRIC_REPRESENTATION_CONTEXT(2) 
PARAMETRIC_REPRESENTATION_CONTEXT() REPRESENTATION_CONTEXT('2D SPACE',''
  ) );
#378 = PCURVE('',#216,#379);
#379 = DEFINITIONAL_REPRESENTATION('',(#380),#384);
#380 = LINE('',#381,#382);
#381 = CARTESIAN_POINT('',(0.,0.));
#382 = VECTOR('',#383,1.);
#383 = DIRECTION('',(0.,1.));
#384 = ( GEOMETRIC_REPRESENTATION_CONTEXT(2) 
PARAMETRIC_REPRESENTATION_CONTEXT() REPRESENTATION_CONTEXT('2D SPACE',''
  ) );
#385 = ADVANCED_FACE('',(#386),#272,.T.);
#386 = FACE_BOUND('',#387,.T.);
#387 = EDGE_LOOP('',(#388,#389,#412,#433));
#388 = ORIENTED_EDGE('',*,*,#256,.T.);
#389 = ORIENTED_EDGE('',*,*,#390,.F.);
#390 = EDGE_CURVE('',#391,#229,#393,.T.);
#391 = VERTEX_POINT('',#392);
#392 = CARTESIAN_POINT('',(-11.1125,21.639597304927,48.));
#393 = SURFACE_CURVE('',#394,(#398,#405),.PCURVE_S1.);
#394 = LINE('',#395,#396);
#395 = CARTESIAN_POINT('',(-11.1125,21.639597304927,48.));
#396 = VECTOR('',#397,1.);
#397 = DIRECTION('',(0.,0.,1.));
#398 = PCURVE('',#272,#399);
#399 = DEFINITIONAL_REPRESENTATION('',(#400),#404);
#400 = LINE('',#401,#402);
#401 = CARTESIAN_POINT('',(0.,0.));
#402 = VECTOR('',#403,1.);
#403 = DIRECTION('',(0.,1.));
#404 = ( GEOMETRIC_REPRESENTATION_CONTEXT(2) 
PARAMETRIC_REPRESENTATION_CONTEXT() REPRESENTATION_CONTEXT('2D SPACE',''
  ) );
#405 = PCURVE('',#244,#406);
#406 = DEFINITIONAL_REPRESENTATION('',(#407),#411);
#407 = LINE('',#408,#409);
#408 = CARTESIAN_POINT('',(22.225,0.));
#409 = VECTOR('',#410,1.);
#410 = DIRECTION('',(0.,1.));
#411 = ( GEOMETRIC_REPRESENTATION_CONTEXT(2) 
PARAMETRIC_REPRESENTATION_CONTEXT() REPRESENTATION_CONTEXT('2D SPACE',''
  ) );
#412 = ORIENTED_EDGE('',*,*,#413,.T.);
#413 = EDGE_CURVE('',#391,#315,#414,.T.);
#414 = SURFACE_CURVE('',#415,(#419,#426),.PCURVE_S1.);
#415 = LINE('',#416,#417);
#416 = CARTESIAN_POINT('',(-11.1125,21.639597304927,48.));
#417 = VECTOR('',#418,1.);
#418 = DIRECTION('',(1.,0.,0.));
#419 = PCURVE('',#272,#420);
#420 = DEFINITIONAL_REPRESENTATION('',(#421),#425);
#421 = LINE('',#422,#423);
#422 = CARTESIAN_POINT('',(0.,0.));
#423 = VECTOR('',#424,1.);
#424 = DIRECTION('',(1.,0.));
#425 = ( GEOMETRIC_REPRESENTATION_CONTEXT(2) 
PARAMETRIC_REPRESENTATION_CONTEXT() REPRESENTATION_CONTEXT('2D SPACE',''
  ) );
#426 = PCURVE('',#353,#427);
#427 = DEFINITIONAL_REPRESENTATION('',(#428),#432);
#428 = LINE('',#429,#430);
#429 = CARTESIAN_POINT('',(-10.75060653815,16.111411415306));
#430 = VECTOR('',#431,1.);
#431 = DIRECTION('',(1.,0.));
#432 = ( GEOMETRIC_REPRESENTATION_CONTEXT(2) 
PARAMETRIC_REPRESENTATION_CONTEXT() REPRESENTATION_CONTEXT('2D SPACE',''
  ) );
#433 = ORIENTED_EDGE('',*,*,#314,.T.);
#434 = ADVANCED_FACE('',(#435),#184,.T.);
#435 = FACE_BOUND('',#436,.T.);
#436 = EDGE_LOOP('',(#437,#438,#461,#489));
#437 = ORIENTED_EDGE('',*,*,#170,.T.);
#438 = ORIENTED_EDGE('',*,*,#439,.F.);
#439 = EDGE_CURVE('',#440,#143,#442,.T.);
#440 = VERTEX_POINT('',#441);
#441 = CARTESIAN_POINT('',(-12.7,-2.172902695073,75.));
#442 = SURFACE_CURVE('',#443,(#447,#454),.PCURVE_S1.);
#443 = LINE('',#444,#445);
#444 = CARTESIAN_POINT('',(-12.7,-2.172902695073,228.));
#445 = VECTOR('',#446,1.);
#446 = DIRECTION('',(0.,0.,1.));
#447 = PCURVE('',#184,#448);
#448 = DEFINITIONAL_REPRESENTATION('',(#449),#453);
#449 = LINE('',#450,#451);
#450 = CARTESIAN_POINT('',(0.,180.));
#451 = VECTOR('',#452,1.);
#452 = DIRECTION('',(0.,1.));
#453 = ( GEOMETRIC_REPRESENTATION_CONTEXT(2) 
PARAMETRIC_REPRESENTATION_CONTEXT() REPRESENTATION_CONTEXT('2D SPACE',''
  ) );
#454 = PCURVE('',#158,#455);
#455 = DEFINITIONAL_REPRESENTATION('',(#456),#460);
#456 = LINE('',#457,#458);
#457 = CARTESIAN_POINT('',(25.4,180.));
#458 = VECTOR('',#459,1.);
#459 = DIRECTION('',(0.,1.));
#460 = ( GEOMETRIC_REPRESENTATION_CONTEXT(2) 
PARAMETRIC_REPRESENTATION_CONTEXT() REPRESENTATION_CONTEXT('2D SPACE',''
  ) );
#461 = ORIENTED_EDGE('',*,*,#462,.T.);
#462 = EDGE_CURVE('',#440,#463,#465,.T.);
#463 = VERTEX_POINT('',#464);
#464 = CARTESIAN_POINT('',(12.7,-2.172902695073,75.));
#465 = SURFACE_CURVE('',#466,(#470,#477),.PCURVE_S1.);
#466 = LINE('',#467,#468);
#467 = CARTESIAN_POINT('',(-6.35,-2.172902695073,75.));
#468 = VECTOR('',#469,1.);
#469 = DIRECTION('',(1.,4.370956789863E-17,0.));
#470 = PCURVE('',#184,#471);
#471 = DEFINITIONAL_REPRESENTATION('',(#472),#476);
#472 = LINE('',#473,#474);
#473 = CARTESIAN_POINT('',(6.35,27.));
#474 = VECTOR('',#475,1.);
#475 = DIRECTION('',(1.,0.));
#476 = ( GEOMETRIC_REPRESENTATION_CONTEXT(2) 
PARAMETRIC_REPRESENTATION_CONTEXT() REPRESENTATION_CONTEXT('2D SPACE',''
  ) );
#477 = PCURVE('',#478,#483);
#478 = PLANE('',#479);
#479 = AXIS2_PLACEMENT_3D('',#480,#481,#482);
#480 = CARTESIAN_POINT('',(0.,10.527097304927,75.));
#481 = DIRECTION('',(0.,0.,1.));
#482 = DIRECTION('',(1.,0.,-0.));
#483 = DEFINITIONAL_REPRESENTATION('',(#484),#488);
#484 = LINE('',#485,#486);
#485 = CARTESIAN_POINT('',(-6.35,-12.7));
#486 = VECTOR('',#487,1.);
#487 = DIRECTION('',(1.,4.370956789863E-17));
#488 = ( GEOMETRIC_REPRESENTATION_CONTEXT(2) 
PARAMETRIC_REPRESENTATION_CONTEXT() REPRESENTATION_CONTEXT('2D SPACE',''
  ) );
#489 = ORIENTED_EDGE('',*,*,#490,.T.);
#490 = EDGE_CURVE('',#463,#82,#491,.T.);
#491 = SURFACE_CURVE('',#492,(#496,#503),.PCURVE_S1.);
#492 = LINE('',#493,#494);
#493 = CARTESIAN_POINT('',(12.7,-2.172902695073,48.));
#494 = VECTOR('',#495,1.);
#495 = DIRECTION('',(0.,0.,1.));
#496 = PCURVE('',#184,#497);
#497 = DEFINITIONAL_REPRESENTATION('',(#498),#502);
#498 = LINE('',#499,#500);
#499 = CARTESIAN_POINT('',(25.4,0.));
#500 = VECTOR('',#501,1.);
#501 = DIRECTION('',(0.,1.));
#502 = ( GEOMETRIC_REPRESENTATION_CONTEXT(2) 
PARAMETRIC_REPRESENTATION_CONTEXT() REPRESENTATION_CONTEXT('2D SPACE',''
  ) );
#503 = PCURVE('',#102,#504);
#504 = DEFINITIONAL_REPRESENTATION('',(#505),#509);
#505 = LINE('',#506,#507);
#506 = CARTESIAN_POINT('',(0.,0.));
#507 = VECTOR('',#508,1.);
#508 = DIRECTION('',(0.,1.));
#509 = ( GEOMETRIC_REPRESENTATION_CONTEXT(2) 
PARAMETRIC_REPRESENTATION_CONTEXT() REPRESENTATION_CONTEXT('2D SPACE',''
  ) );
#510 = ADVANCED_FACE('',(#511),#158,.T.);
#511 = FACE_BOUND('',#512,.T.);
#512 = EDGE_LOOP('',(#513,#514,#537,#558));
#513 = ORIENTED_EDGE('',*,*,#142,.T.);
#514 = ORIENTED_EDGE('',*,*,#515,.F.);
#515 = EDGE_CURVE('',#516,#115,#518,.T.);
#516 = VERTEX_POINT('',#517);
#517 = CARTESIAN_POINT('',(-12.7,23.227097304927,75.));
#518 = SURFACE_CURVE('',#519,(#523,#530),.PCURVE_S1.);
#519 = LINE('',#520,#521);
#520 = CARTESIAN_POINT('',(-12.7,23.227097304927,48.));
#521 = VECTOR('',#522,1.);
#522 = DIRECTION('',(0.,0.,1.));
#523 = PCURVE('',#158,#524);
#524 = DEFINITIONAL_REPRESENTATION('',(#525),#529);
#525 = LINE('',#526,#527);
#526 = CARTESIAN_POINT('',(0.,0.));
#527 = VECTOR('',#528,1.);
#528 = DIRECTION('',(0.,1.));
#529 = ( GEOMETRIC_REPRESENTATION_CONTEXT(2) 
PARAMETRIC_REPRESENTATION_CONTEXT() REPRESENTATION_CONTEXT('2D SPACE',''
  ) );
#530 = PCURVE('',#130,#531);
#531 = DEFINITIONAL_REPRESENTATION('',(#532),#536);
#532 = LINE('',#533,#534);
#533 = CARTESIAN_POINT('',(25.4,0.));
#534 = VECTOR('',#535,1.);
#535 = DIRECTION('',(0.,1.));
#536 = ( GEOMETRIC_REPRESENTATION_CONTEXT(2) 
PARAMETRIC_REPRESENTATION_CONTEXT() REPRESENTATION_CONTEXT('2D SPACE',''
  ) );
#537 = ORIENTED_EDGE('',*,*,#538,.T.);
#538 = EDGE_CURVE('',#516,#440,#539,.T.);
#539 = SURFACE_CURVE('',#540,(#544,#551),.PCURVE_S1.);
#540 = LINE('',#541,#542);
#541 = CARTESIAN_POINT('',(-12.7,16.877097304927,75.));
#542 = VECTOR('',#543,1.);
#543 = DIRECTION('',(0.,-1.,0.));
#544 = PCURVE('',#158,#545);
#545 = DEFINITIONAL_REPRESENTATION('',(#546),#550);
#546 = LINE('',#547,#548);
#547 = CARTESIAN_POINT('',(6.35,27.));
#548 = VECTOR('',#549,1.);
#549 = DIRECTION('',(1.,0.));
#550 = ( GEOMETRIC_REPRESENTATION_CONTEXT(2) 
PARAMETRIC_REPRESENTATION_CONTEXT() REPRESENTATION_CONTEXT('2D SPACE',''
  ) );
#551 = PCURVE('',#478,#552);
#552 = DEFINITIONAL_REPRESENTATION('',(#553),#557);
#553 = LINE('',#554,#555);
#554 = CARTESIAN_POINT('',(-12.7,6.35));
#555 = VECTOR('',#556,1.);
#556 = DIRECTION('',(0.,-1.));
#557 = ( GEOMETRIC_REPRESENTATION_CONTEXT(2) 
PARAMETRIC_REPRESENTATION_CONTEXT() REPRESENTATION_CONTEXT('2D SPACE',''
  ) );
#558 = ORIENTED_EDGE('',*,*,#439,.T.);
#559 = ADVANCED_FACE('',(#560,#674),#478,.T.);
#560 = FACE_BOUND('',#561,.T.);
#561 = EDGE_LOOP('',(#562,#592,#620,#648));
#562 = ORIENTED_EDGE('',*,*,#563,.T.);
#563 = EDGE_CURVE('',#564,#566,#568,.T.);
#564 = VERTEX_POINT('',#565);
#565 = CARTESIAN_POINT('',(17.5,-7.972902695073,75.));
#566 = VERTEX_POINT('',#567);
#567 = CARTESIAN_POINT('',(17.5,29.027097304927,75.));
#568 = SURFACE_CURVE('',#569,(#573,#580),.PCURVE_S1.);
#569 = LINE('',#570,#571);
#570 = CARTESIAN_POINT('',(17.5,-7.972902695073,75.));
#571 = VECTOR('',#572,1.);
#572 = DIRECTION('',(0.,1.,0.));
#573 = PCURVE('',#478,#574);
#574 = DEFINITIONAL_REPRESENTATION('',(#575),#579);
#575 = LINE('',#576,#577);
#576 = CARTESIAN_POINT('',(17.5,-18.5));
#577 = VECTOR('',#578,1.);
#578 = DIRECTION('',(0.,1.));
#579 = ( GEOMETRIC_REPRESENTATION_CONTEXT(2) 
PARAMETRIC_REPRESENTATION_CONTEXT() REPRESENTATION_CONTEXT('2D SPACE',''
  ) );
#580 = PCURVE('',#581,#586);
#581 = PLANE('',#582);
#582 = AXIS2_PLACEMENT_3D('',#583,#584,#585);
#583 = CARTESIAN_POINT('',(17.5,-7.972902695073,48.));
#584 = DIRECTION('',(1.,0.,0.));
#585 = DIRECTION('',(-0.,1.,0.));
#586 = DEFINITIONAL_REPRESENTATION('',(#587),#591);
#587 = LINE('',#588,#589);
#588 = CARTESIAN_POINT('',(0.,27.));
#589 = VECTOR('',#590,1.);
#590 = DIRECTION('',(1.,0.));
#591 = ( GEOMETRIC_REPRESENTATION_CONTEXT(2) 
PARAMETRIC_REPRESENTATION_CONTEXT() REPRESENTATION_CONTEXT('2D SPACE',''
  ) );
#592 = ORIENTED_EDGE('',*,*,#593,.T.);
#593 = EDGE_CURVE('',#566,#594,#596,.T.);
#594 = VERTEX_POINT('',#595);
#595 = CARTESIAN_POINT('',(-17.5,29.027097304927,75.));
#596 = SURFACE_CURVE('',#597,(#601,#608),.PCURVE_S1.);
#597 = LINE('',#598,#599);
#598 = CARTESIAN_POINT('',(17.5,29.027097304927,75.));
#599 = VECTOR('',#600,1.);
#600 = DIRECTION('',(-1.,0.,0.));
#601 = PCURVE('',#478,#602);
#602 = DEFINITIONAL_REPRESENTATION('',(#603),#607);
#603 = LINE('',#604,#605);
#604 = CARTESIAN_POINT('',(17.5,18.5));
#605 = VECTOR('',#606,1.);
#606 = DIRECTION('',(-1.,0.));
#607 = ( GEOMETRIC_REPRESENTATION_CONTEXT(2) 
PARAMETRIC_REPRESENTATION_CONTEXT() REPRESENTATION_CONTEXT('2D SPACE',''
  ) );
#608 = PCURVE('',#609,#614);
#609 = PLANE('',#610);
#610 = AXIS2_PLACEMENT_3D('',#611,#612,#613);
#611 = CARTESIAN_POINT('',(17.5,29.027097304927,48.));
#612 = DIRECTION('',(0.,1.,0.));
#613 = DIRECTION('',(-1.,0.,0.));
#614 = DEFINITIONAL_REPRESENTATION('',(#615),#619);
#615 = LINE('',#616,#617);
#616 = CARTESIAN_POINT('',(0.,27.));
#617 = VECTOR('',#618,1.);
#618 = DIRECTION('',(1.,0.));
#619 = ( GEOMETRIC_REPRESENTATION_CONTEXT(2) 
PARAMETRIC_REPRESENTATION_CONTEXT() REPRESENTATION_CONTEXT('2D SPACE',''
  ) );
#620 = ORIENTED_EDGE('',*,*,#621,.T.);
#621 = EDGE_CURVE('',#594,#622,#624,.T.);
#622 = VERTEX_POINT('',#623);
#623 = CARTESIAN_POINT('',(-17.5,-7.972902695073,75.));
#624 = SURFACE_CURVE('',#625,(#629,#636),.PCURVE_S1.);
#625 = LINE('',#626,#627);
#626 = CARTESIAN_POINT('',(-17.5,29.027097304927,75.));
#627 = VECTOR('',#628,1.);
#628 = DIRECTION('',(0.,-1.,0.));
#629 = PCURVE('',#478,#630);
#630 = DEFINITIONAL_REPRESENTATION('',(#631),#635);
#631 = LINE('',#632,#633);
#632 = CARTESIAN_POINT('',(-17.5,18.5));
#633 = VECTOR('',#634,1.);
#634 = DIRECTION('',(0.,-1.));
#635 = ( GEOMETRIC_REPRESENTATION_CONTEXT(2) 
PARAMETRIC_REPRESENTATION_CONTEXT() REPRESENTATION_CONTEXT('2D SPACE',''
  ) );
#636 = PCURVE('',#637,#642);
#637 = PLANE('',#638);
#638 = AXIS2_PLACEMENT_3D('',#639,#640,#641);
#639 = CARTESIAN_POINT('',(-17.5,29.027097304927,48.));
#640 = DIRECTION('',(-1.,0.,0.));
#641 = DIRECTION('',(0.,-1.,0.));
#642 = DEFINITIONAL_REPRESENTATION('',(#643),#647);
#643 = LINE('',#644,#645);
#644 = CARTESIAN_POINT('',(0.,27.));
#645 = VECTOR('',#646,1.);
#646 = DIRECTION('',(1.,0.));
#647 = ( GEOMETRIC_REPRESENTATION_CONTEXT(2) 
PARAMETRIC_REPRESENTATION_CONTEXT() REPRESENTATION_CONTEXT('2D SPACE',''
  ) );
#648 = ORIENTED_EDGE('',*,*,#649,.T.);
#649 = EDGE_CURVE('',#622,#564,#650,.T.);
#650 = SURFACE_CURVE('',#651,(#655,#662),.PCURVE_S1.);
#651 = LINE('',#652,#653);
#652 = CARTESIAN_POINT('',(-17.5,-7.972902695073,75.));
#653 = VECTOR('',#654,1.);
#654 = DIRECTION('',(1.,0.,0.));
#655 = PCURVE('',#478,#656);
#656 = DEFINITIONAL_REPRESENTATION('',(#657),#661);
#657 = LINE('',#658,#659);
#658 = CARTESIAN_POINT('',(-17.5,-18.5));
#659 = VECTOR('',#660,1.);
#660 = DIRECTION('',(1.,0.));
#661 = ( GEOMETRIC_REPRESENTATION_CONTEXT(2) 
PARAMETRIC_REPRESENTATION_CONTEXT() REPRESENTATION_CONTEXT('2D SPACE',''
  ) );
#662 = PCURVE('',#663,#668);
#663 = PLANE('',#664);
#664 = AXIS2_PLACEMENT_3D('',#665,#666,#667);
#665 = CARTESIAN_POINT('',(-17.5,-7.972902695073,48.));
#666 = DIRECTION('',(0.,-1.,0.));
#667 = DIRECTION('',(1.,0.,0.));
#668 = DEFINITIONAL_REPRESENTATION('',(#669),#673);
#669 = LINE('',#670,#671);
#670 = CARTESIAN_POINT('',(0.,27.));
#671 = VECTOR('',#672,1.);
#672 = DIRECTION('',(1.,0.));
#673 = ( GEOMETRIC_REPRESENTATION_CONTEXT(2) 
PARAMETRIC_REPRESENTATION_CONTEXT() REPRESENTATION_CONTEXT('2D SPACE',''
  ) );
#674 = FACE_BOUND('',#675,.T.);
#675 = EDGE_LOOP('',(#676,#699,#720,#721));
#676 = ORIENTED_EDGE('',*,*,#677,.F.);
#677 = EDGE_CURVE('',#678,#516,#680,.T.);
#678 = VERTEX_POINT('',#679);
#679 = CARTESIAN_POINT('',(12.7,23.227097304927,75.));
#680 = SURFACE_CURVE('',#681,(#685,#692),.PCURVE_S1.);
#681 = LINE('',#682,#683);
#682 = CARTESIAN_POINT('',(6.35,23.227097304927,75.));
#683 = VECTOR('',#684,1.);
#684 = DIRECTION('',(-1.,0.,0.));
#685 = PCURVE('',#478,#686);
#686 = DEFINITIONAL_REPRESENTATION('',(#687),#691);
#687 = LINE('',#688,#689);
#688 = CARTESIAN_POINT('',(6.35,12.7));
#689 = VECTOR('',#690,1.);
#690 = DIRECTION('',(-1.,0.));
#691 = ( GEOMETRIC_REPRESENTATION_CONTEXT(2) 
PARAMETRIC_REPRESENTATION_CONTEXT() REPRESENTATION_CONTEXT('2D SPACE',''
  ) );
#692 = PCURVE('',#130,#693);
#693 = DEFINITIONAL_REPRESENTATION('',(#694),#698);
#694 = LINE('',#695,#696);
#695 = CARTESIAN_POINT('',(6.35,27.));
#696 = VECTOR('',#697,1.);
#697 = DIRECTION('',(1.,0.));
#698 = ( GEOMETRIC_REPRESENTATION_CONTEXT(2) 
PARAMETRIC_REPRESENTATION_CONTEXT() REPRESENTATION_CONTEXT('2D SPACE',''
  ) );
#699 = ORIENTED_EDGE('',*,*,#700,.F.);
#700 = EDGE_CURVE('',#463,#678,#701,.T.);
#701 = SURFACE_CURVE('',#702,(#706,#713),.PCURVE_S1.);
#702 = LINE('',#703,#704);
#703 = CARTESIAN_POINT('',(12.7,4.177097304927,75.));
#704 = VECTOR('',#705,1.);
#705 = DIRECTION('',(0.,1.,0.));
#706 = PCURVE('',#478,#707);
#707 = DEFINITIONAL_REPRESENTATION('',(#708),#712);
#708 = LINE('',#709,#710);
#709 = CARTESIAN_POINT('',(12.7,-6.35));
#710 = VECTOR('',#711,1.);
#711 = DIRECTION('',(0.,1.));
#712 = ( GEOMETRIC_REPRESENTATION_CONTEXT(2) 
PARAMETRIC_REPRESENTATION_CONTEXT() REPRESENTATION_CONTEXT('2D SPACE',''
  ) );
#713 = PCURVE('',#102,#714);
#714 = DEFINITIONAL_REPRESENTATION('',(#715),#719);
#715 = LINE('',#716,#717);
#716 = CARTESIAN_POINT('',(6.35,27.));
#717 = VECTOR('',#718,1.);
#718 = DIRECTION('',(1.,0.));
#719 = ( GEOMETRIC_REPRESENTATION_CONTEXT(2) 
PARAMETRIC_REPRESENTATION_CONTEXT() REPRESENTATION_CONTEXT('2D SPACE',''
  ) );
#720 = ORIENTED_EDGE('',*,*,#462,.F.);
#721 = ORIENTED_EDGE('',*,*,#538,.F.);
#722 = ADVANCED_FACE('',(#723),#102,.T.);
#723 = FACE_BOUND('',#724,.T.);
#724 = EDGE_LOOP('',(#725,#726,#727,#728));
#725 = ORIENTED_EDGE('',*,*,#79,.T.);
#726 = ORIENTED_EDGE('',*,*,#490,.F.);
#727 = ORIENTED_EDGE('',*,*,#700,.T.);
#728 = ORIENTED_EDGE('',*,*,#729,.T.);
#729 = EDGE_CURVE('',#678,#80,#730,.T.);
#730 = SURFACE_CURVE('',#731,(#735,#742),.PCURVE_S1.);
#731 = LINE('',#732,#733);
#732 = CARTESIAN_POINT('',(12.7,23.227097304927,48.));
#733 = VECTOR('',#734,1.);
#734 = DIRECTION('',(0.,0.,1.));
#735 = PCURVE('',#102,#736);
#736 = DEFINITIONAL_REPRESENTATION('',(#737),#741);
#737 = LINE('',#738,#739);
#738 = CARTESIAN_POINT('',(25.4,0.));
#739 = VECTOR('',#740,1.);
#740 = DIRECTION('',(0.,1.));
#741 = ( GEOMETRIC_REPRESENTATION_CONTEXT(2) 
PARAMETRIC_REPRESENTATION_CONTEXT() REPRESENTATION_CONTEXT('2D SPACE',''
  ) );
#742 = PCURVE('',#130,#743);
#743 = DEFINITIONAL_REPRESENTATION('',(#744),#748);
#744 = LINE('',#745,#746);
#745 = CARTESIAN_POINT('',(0.,0.));
#746 = VECTOR('',#747,1.);
#747 = DIRECTION('',(0.,1.));
#748 = ( GEOMETRIC_REPRESENTATION_CONTEXT(2) 
PARAMETRIC_REPRESENTATION_CONTEXT() REPRESENTATION_CONTEXT('2D SPACE',''
  ) );
#749 = ADVANCED_FACE('',(#750),#764,.F.);
#750 = FACE_BOUND('',#751,.F.);
#751 = EDGE_LOOP('',(#752,#787,#866,#889));
#752 = ORIENTED_EDGE('',*,*,#753,.F.);
#753 = EDGE_CURVE('',#754,#756,#758,.T.);
#754 = VERTEX_POINT('',#755);
#755 = CARTESIAN_POINT('',(35.5,29.999999997014,42.));
#756 = VERTEX_POINT('',#757);
#757 = CARTESIAN_POINT('',(-35.5,29.999999997014,42.));
#758 = SURFACE_CURVE('',#759,(#763,#775),.PCURVE_S1.);
#759 = LINE('',#760,#761);
#760 = CARTESIAN_POINT('',(40.000001049042,29.999999997014,42.));
#761 = VECTOR('',#762,1.);
#762 = DIRECTION('',(-1.,-1.356130630704E-21,-6.257889757672E-18));
#763 = PCURVE('',#764,#769);
#764 = CYLINDRICAL_SURFACE('',#765,18.);
#765 = AXIS2_PLACEMENT_3D('',#766,#767,#768);
#766 = CARTESIAN_POINT('',(40.000001049042,47.027097304927,
    47.837632847898));
#767 = DIRECTION('',(-1.,0.,-6.257889757672E-18));
#768 = DIRECTION('',(2.029514600437E-18,-0.94594985044,-0.324312935994)
  );
#769 = DEFINITIONAL_REPRESENTATION('',(#770),#774);
#770 = LINE('',#771,#772);
#771 = CARTESIAN_POINT('',(0.,0.));
#772 = VECTOR('',#773,1.);
#773 = DIRECTION('',(0.,1.));
#774 = ( GEOMETRIC_REPRESENTATION_CONTEXT(2) 
PARAMETRIC_REPRESENTATION_CONTEXT() REPRESENTATION_CONTEXT('2D SPACE',''
  ) );
#775 = PCURVE('',#776,#781);
#776 = PLANE('',#777);
#777 = AXIS2_PLACEMENT_3D('',#778,#779,#780);
#778 = CARTESIAN_POINT('',(40.000001049042,29.999999997014,41.9));
#779 = DIRECTION('',(-1.356130630704E-21,1.,0.));
#780 = DIRECTION('',(-1.,-1.356130630704E-21,-6.257889757672E-18));
#781 = DEFINITIONAL_REPRESENTATION('',(#782),#786);
#782 = LINE('',#783,#784);
#783 = CARTESIAN_POINT('',(-6.257889757672E-19,0.1));
#784 = VECTOR('',#785,1.);
#785 = DIRECTION('',(1.,0.));
#786 = ( GEOMETRIC_REPRESENTATION_CONTEXT(2) 
PARAMETRIC_REPRESENTATION_CONTEXT() REPRESENTATION_CONTEXT('2D SPACE',''
  ) );
#787 = ORIENTED_EDGE('',*,*,#788,.F.);
#788 = EDGE_CURVE('',#789,#754,#791,.T.);
#789 = VERTEX_POINT('',#790);
#790 = CARTESIAN_POINT('',(22.230605693647,29.027097304927,
    47.837632847898));
#791 = SURFACE_CURVE('',#792,(#803,#832),.PCURVE_S1.);
#792 = B_SPLINE_CURVE_WITH_KNOTS('',3,(#793,#794,#795,#796,#797,#798,
    #799,#800,#801,#802),.UNSPECIFIED.,.F.,.F.,(4,2,2,2,4),(
    -1.469721127811,-1.371058190138,-0.914038793425,-0.457019396713,0.),
  .UNSPECIFIED.);
#793 = CARTESIAN_POINT('',(22.230605693647,29.027097304927,
    47.837632847898));
#794 = CARTESIAN_POINT('',(22.454817870836,29.027097304927,
    47.593012721718));
#795 = CARTESIAN_POINT('',(22.686187387209,29.032086017983,
    47.354170485302));
#796 = CARTESIAN_POINT('',(24.027490488861,29.084228379229,
    46.044396442766));
#797 = CARTESIAN_POINT('',(25.277574589151,29.218905373035,
    45.103327798036));
#798 = CARTESIAN_POINT('',(27.978373266283,29.522116170389,
    43.573380333254));
#799 = CARTESIAN_POINT('',(29.432315410742,29.689295410829,
    42.982759112708));
#800 = CARTESIAN_POINT('',(32.431309523876,29.929147600671,
    42.195887515192));
#801 = CARTESIAN_POINT('',(33.976602010958,29.999999997014,42.));
#802 = CARTESIAN_POINT('',(35.5,29.999999997014,42.));
#803 = PCURVE('',#764,#804);
#804 = DEFINITIONAL_REPRESENTATION('',(#805),#831);
#805 = B_SPLINE_CURVE_WITH_KNOTS('',3,(#806,#807,#808,#809,#810,#811,
    #812,#813,#814,#815,#816,#817,#818,#819,#820,#821,#822,#823,#824,
    #825,#826,#827,#828,#829,#830),.UNSPECIFIED.,.F.,.F.,(4,1,1,1,1,1,1,
    1,1,1,1,1,1,1,1,1,1,1,1,1,1,1,4),(-1.469721127811,-1.402915622002,
    -1.336110116192,-1.269304610383,-1.202499104573,-1.135693598763,
    -1.068888092954,-1.002082587144,-0.935277081335,-0.868471575525,
    -0.801666069715,-0.734860563906,-0.668055058096,-0.601249552286,
    -0.534444046477,-0.467638540667,-0.400833034858,-0.334027529048,
    -0.267222023238,-0.200416517429,-0.133611011619,-6.680550580961E-02,
    0.),.UNSPECIFIED.);
#806 = CARTESIAN_POINT('',(0.330285315762,17.769395355394));
#807 = CARTESIAN_POINT('',(0.321083660101,17.617577926677));
#808 = CARTESIAN_POINT('',(0.302973652233,17.30738534458));
#809 = CARTESIAN_POINT('',(0.276726072306,16.823101043934));
#810 = CARTESIAN_POINT('',(0.251437073707,16.320404755073));
#811 = CARTESIAN_POINT('',(0.227135108082,15.800209992465));
#812 = CARTESIAN_POINT('',(0.203854928845,15.263379462392));
#813 = CARTESIAN_POINT('',(0.181634069443,14.710790710775));
#814 = CARTESIAN_POINT('',(0.160513625803,14.143312733174));
#815 = CARTESIAN_POINT('',(0.140537260231,13.561833886951));
#816 = CARTESIAN_POINT('',(0.121753090527,12.967173632622));
#817 = CARTESIAN_POINT('',(0.104185384012,12.359897733005));
#818 = CARTESIAN_POINT('',(8.786700460616E-02,11.741197087943));
#819 = CARTESIAN_POINT('',(7.2831521254E-02,11.112130402201));
#820 = CARTESIAN_POINT('',(5.911445981593E-02,10.473792333877));
#821 = CARTESIAN_POINT('',(4.675340253019E-02,9.827265922818));
#822 = CARTESIAN_POINT('',(3.578592775727E-02,9.173644728542));
#823 = CARTESIAN_POINT('',(2.62571639792E-02,8.513991850137));
#824 = CARTESIAN_POINT('',(1.818219586996E-02,7.849524442263));
#825 = CARTESIAN_POINT('',(1.156304321968E-02,7.18152400647));
#826 = CARTESIAN_POINT('',(6.405283447942E-03,6.511255624554));
#827 = CARTESIAN_POINT('',(2.713915251743E-03,5.839988778082));
#828 = CARTESIAN_POINT('',(4.944897166528E-04,5.168991769299));
#829 = CARTESIAN_POINT('',(7.452626977855E-09,4.722686068407));
#830 = CARTESIAN_POINT('',(0.,4.500001049042));
#831 = ( GEOMETRIC_REPRESENTATION_CONTEXT(2) 
PARAMETRIC_REPRESENTATION_CONTEXT() REPRESENTATION_CONTEXT('2D SPACE',''
  ) );
#832 = PCURVE('',#833,#838);
#833 = CYLINDRICAL_SURFACE('',#834,18.);
#834 = AXIS2_PLACEMENT_3D('',#835,#836,#837);
#835 = CARTESIAN_POINT('',(35.5,-3.98645134903,60.));
#836 = DIRECTION('',(0.,-1.,-6.123234059182E-17));
#837 = DIRECTION('',(-0.707106781187,4.32978032604E-17,-0.707106781187)
  );
#838 = DEFINITIONAL_REPRESENTATION('',(#839),#865);
#839 = B_SPLINE_CURVE_WITH_KNOTS('',3,(#840,#841,#842,#843,#844,#845,
    #846,#847,#848,#849,#850,#851,#852,#853,#854,#855,#856,#857,#858,
    #859,#860,#861,#862,#863,#864),.UNSPECIFIED.,.F.,.F.,(4,1,1,1,1,1,1,
    1,1,1,1,1,1,1,1,1,1,1,1,1,1,1,4),(-1.469721127811,-1.402915622001,
    -1.336110116192,-1.269304610382,-1.202499104573,-1.135693598763,
    -1.068888092953,-1.002082587144,-0.935277081334,-0.868471575525,
    -0.801666069715,-0.734860563906,-0.668055058096,-0.601249552286,
    -0.534444046477,-0.467638540667,-0.400833034858,-0.334027529048,
    -0.267222023238,-0.200416517429,-0.133611011619,-6.680550580959E-02,
    0.),.UNSPECIFIED.);
#840 = CARTESIAN_POINT('',(-4.350185303028E-02,-33.01354865395));
#841 = CARTESIAN_POINT('',(-3.101920857344E-02,-33.01354673772));
#842 = CARTESIAN_POINT('',(-6.025235178143E-03,-33.01812336524));
#843 = CARTESIAN_POINT('',(3.154181574108E-02,-33.03736973164));
#844 = CARTESIAN_POINT('',(6.917498719677E-02,-33.06765920926));
#845 = CARTESIAN_POINT('',(0.106864335748,-33.10757774089));
#846 = CARTESIAN_POINT('',(0.144598996046,-33.15572510817));
#847 = CARTESIAN_POINT('',(0.182368054074,-33.21069822392));
#848 = CARTESIAN_POINT('',(0.220161129832,-33.27109163742));
#849 = CARTESIAN_POINT('',(0.257967890642,-33.33551222088));
#850 = CARTESIAN_POINT('',(0.295782121434,-33.4025199184));
#851 = CARTESIAN_POINT('',(0.333624405837,-33.47067926427));
#852 = CARTESIAN_POINT('',(0.37147878965,-33.53886610381));
#853 = CARTESIAN_POINT('',(0.40933576512,-33.60588811514));
#854 = CARTESIAN_POINT('',(0.447183450931,-33.67057423756));
#855 = CARTESIAN_POINT('',(0.485010626171,-33.73173653285));
#856 = CARTESIAN_POINT('',(0.522806216406,-33.78823331171));
#857 = CARTESIAN_POINT('',(0.560561111677,-33.83875476664));
#858 = CARTESIAN_POINT('',(0.598264017882,-33.88257966574));
#859 = CARTESIAN_POINT('',(0.635899613413,-33.91937818506));
#860 = CARTESIAN_POINT('',(0.67345139399,-33.94872119155));
#861 = CARTESIAN_POINT('',(0.71090162046,-33.97020616261));
#862 = CARTESIAN_POINT('',(0.748231972245,-33.98342344294));
#863 = CARTESIAN_POINT('',(0.773026805795,-33.98645134604));
#864 = CARTESIAN_POINT('',(0.785398163397,-33.98645134604));
#865 = ( GEOMETRIC_REPRESENTATION_CONTEXT(2) 
PARAMETRIC_REPRESENTATION_CONTEXT() REPRESENTATION_CONTEXT('2D SPACE',''
  ) );
#866 = ORIENTED_EDGE('',*,*,#867,.F.);
#867 = EDGE_CURVE('',#868,#789,#870,.T.);
#868 = VERTEX_POINT('',#869);
#869 = CARTESIAN_POINT('',(-22.23060569364,29.027097304927,
    47.837632847898));
#870 = SURFACE_CURVE('',#871,(#875,#882),.PCURVE_S1.);
#871 = LINE('',#872,#873);
#872 = CARTESIAN_POINT('',(40.000001049042,29.027097304927,
    47.837632847898));
#873 = VECTOR('',#874,1.);
#874 = DIRECTION('',(1.,0.,6.257889757672E-18));
#875 = PCURVE('',#764,#876);
#876 = DEFINITIONAL_REPRESENTATION('',(#877),#881);
#877 = LINE('',#878,#879);
#878 = CARTESIAN_POINT('',(0.330285315762,0.));
#879 = VECTOR('',#880,1.);
#880 = DIRECTION('',(0.,-1.));
#881 = ( GEOMETRIC_REPRESENTATION_CONTEXT(2) 
PARAMETRIC_REPRESENTATION_CONTEXT() REPRESENTATION_CONTEXT('2D SPACE',''
  ) );
#882 = PCURVE('',#609,#883);
#883 = DEFINITIONAL_REPRESENTATION('',(#884),#888);
#884 = LINE('',#885,#886);
#885 = CARTESIAN_POINT('',(-22.50000104904,-0.162367152102));
#886 = VECTOR('',#887,1.);
#887 = DIRECTION('',(-1.,6.257889757672E-18));
#888 = ( GEOMETRIC_REPRESENTATION_CONTEXT(2) 
PARAMETRIC_REPRESENTATION_CONTEXT() REPRESENTATION_CONTEXT('2D SPACE',''
  ) );
#889 = ORIENTED_EDGE('',*,*,#890,.F.);
#890 = EDGE_CURVE('',#756,#868,#891,.T.);
#891 = SURFACE_CURVE('',#892,(#903,#932),.PCURVE_S1.);
#892 = B_SPLINE_CURVE_WITH_KNOTS('',3,(#893,#894,#895,#896,#897,#898,
    #899,#900,#901,#902),.UNSPECIFIED.,.F.,.F.,(4,2,2,2,4),(0.,
    0.457019396713,0.914038793425,1.371058190138,1.469721127811),
  .UNSPECIFIED.);
#893 = CARTESIAN_POINT('',(-35.5,29.999999997014,42.));
#894 = CARTESIAN_POINT('',(-33.97660201095,29.999999997014,42.));
#895 = CARTESIAN_POINT('',(-32.43130952387,29.929147600671,
    42.195887515192));
#896 = CARTESIAN_POINT('',(-29.43231541074,29.689295410829,
    42.982759112708));
#897 = CARTESIAN_POINT('',(-27.97837326628,29.522116170389,
    43.573380333254));
#898 = CARTESIAN_POINT('',(-25.27757458915,29.218905373035,
    45.103327798036));
#899 = CARTESIAN_POINT('',(-24.02749048886,29.084228379229,
    46.044396442766));
#900 = CARTESIAN_POINT('',(-22.6861873872,29.032086017983,
    47.354170485302));
#901 = CARTESIAN_POINT('',(-22.45481787083,29.027097304927,
    47.593012721718));
#902 = CARTESIAN_POINT('',(-22.23060569364,29.027097304927,
    47.837632847898));
#903 = PCURVE('',#764,#904);
#904 = DEFINITIONAL_REPRESENTATION('',(#905),#931);
#905 = B_SPLINE_CURVE_WITH_KNOTS('',3,(#906,#907,#908,#909,#910,#911,
    #912,#913,#914,#915,#916,#917,#918,#919,#920,#921,#922,#923,#924,
    #925,#926,#927,#928,#929,#930),.UNSPECIFIED.,.F.,.F.,(4,1,1,1,1,1,1,
    1,1,1,1,1,1,1,1,1,1,1,1,1,1,1,4),(0.,6.680550580959E-02,
    0.133611011619,0.200416517429,0.267222023238,0.334027529048,
    0.400833034858,0.467638540667,0.534444046477,0.601249552286,
    0.668055058096,0.734860563906,0.801666069715,0.868471575525,
    0.935277081334,1.002082587144,1.068888092953,1.135693598763,
    1.202499104573,1.269304610382,1.336110116192,1.402915622001,
    1.469721127811),.UNSPECIFIED.);
#906 = CARTESIAN_POINT('',(0.,75.500001049042));
#907 = CARTESIAN_POINT('',(7.452357312348E-09,75.277316029676));
#908 = CARTESIAN_POINT('',(4.944897161312E-04,74.831010328782));
#909 = CARTESIAN_POINT('',(2.713915251319E-03,74.160013319999));
#910 = CARTESIAN_POINT('',(6.40528344749E-03,73.488746473526));
#911 = CARTESIAN_POINT('',(1.156304321923E-02,72.818478091611));
#912 = CARTESIAN_POINT('',(1.81821958695E-02,72.150477655818));
#913 = CARTESIAN_POINT('',(2.625716397872E-02,71.486010247945));
#914 = CARTESIAN_POINT('',(3.578592775678E-02,70.826357369542));
#915 = CARTESIAN_POINT('',(4.675340252967E-02,70.172736175267));
#916 = CARTESIAN_POINT('',(5.911445981541E-02,69.526209764208));
#917 = CARTESIAN_POINT('',(7.283152125349E-02,68.887871695884));
#918 = CARTESIAN_POINT('',(8.786700460564E-02,68.258805010142));
#919 = CARTESIAN_POINT('',(0.104185384012,67.640104365079));
#920 = CARTESIAN_POINT('',(0.121753090527,67.032828465463));
#921 = CARTESIAN_POINT('',(0.140537260231,66.438168211135));
#922 = CARTESIAN_POINT('',(0.160513625802,65.856689364911));
#923 = CARTESIAN_POINT('',(0.181634069442,65.289211387311));
#924 = CARTESIAN_POINT('',(0.203854928844,64.736622635694));
#925 = CARTESIAN_POINT('',(0.227135108081,64.19979210562));
#926 = CARTESIAN_POINT('',(0.251437073706,63.67959734301));
#927 = CARTESIAN_POINT('',(0.276726072305,63.176901054148));
#928 = CARTESIAN_POINT('',(0.302973652232,62.692616753499));
#929 = CARTESIAN_POINT('',(0.3210836601,62.382424171401));
#930 = CARTESIAN_POINT('',(0.330285315762,62.230606742682));
#931 = ( GEOMETRIC_REPRESENTATION_CONTEXT(2) 
PARAMETRIC_REPRESENTATION_CONTEXT() REPRESENTATION_CONTEXT('2D SPACE',''
  ) );
#932 = PCURVE('',#933,#938);
#933 = CYLINDRICAL_SURFACE('',#934,18.);
#934 = AXIS2_PLACEMENT_3D('',#935,#936,#937);
#935 = CARTESIAN_POINT('',(-35.5,14.51354865097,60.));
#936 = DIRECTION('',(0.,1.,6.123234059182E-17));
#937 = DIRECTION('',(0.707106781187,4.32978032604E-17,-0.707106781187));
#938 = DEFINITIONAL_REPRESENTATION('',(#939),#965);
#939 = B_SPLINE_CURVE_WITH_KNOTS('',3,(#940,#941,#942,#943,#944,#945,
    #946,#947,#948,#949,#950,#951,#952,#953,#954,#955,#956,#957,#958,
    #959,#960,#961,#962,#963,#964),.UNSPECIFIED.,.F.,.F.,(4,1,1,1,1,1,1,
    1,1,1,1,1,1,1,1,1,1,1,1,1,1,1,4),(0.,6.680550580959E-02,
    0.133611011619,0.200416517429,0.267222023238,0.334027529048,
    0.400833034858,0.467638540667,0.534444046477,0.601249552286,
    0.668055058096,0.734860563906,0.801666069715,0.868471575525,
    0.935277081334,1.002082587144,1.068888092953,1.135693598763,
    1.202499104573,1.269304610382,1.336110116192,1.402915622001,
    1.469721127811),.QUASI_UNIFORM_KNOTS.);
#940 = CARTESIAN_POINT('',(0.785398163397,15.486451346044));
#941 = CARTESIAN_POINT('',(0.773026805795,15.486451346044));
#942 = CARTESIAN_POINT('',(0.748231972245,15.483423442943));
#943 = CARTESIAN_POINT('',(0.71090162046,15.470206162611));
#944 = CARTESIAN_POINT('',(0.67345139399,15.448721191554));
#945 = CARTESIAN_POINT('',(0.635899613413,15.419378185067));
#946 = CARTESIAN_POINT('',(0.598264017882,15.382579665749));
#947 = CARTESIAN_POINT('',(0.560561111677,15.338754766648));
#948 = CARTESIAN_POINT('',(0.522806216406,15.28823331171));
#949 = CARTESIAN_POINT('',(0.485010626171,15.23173653285));
#950 = CARTESIAN_POINT('',(0.447183450931,15.170574237564));
#951 = CARTESIAN_POINT('',(0.40933576512,15.105888115145));
#952 = CARTESIAN_POINT('',(0.371478789649,15.038866103817));
#953 = CARTESIAN_POINT('',(0.333624405837,14.970679264279));
#954 = CARTESIAN_POINT('',(0.295782121434,14.902519918401));
#955 = CARTESIAN_POINT('',(0.257967890642,14.835512220886));
#956 = CARTESIAN_POINT('',(0.220161129832,14.771091637429));
#957 = CARTESIAN_POINT('',(0.182368054074,14.710698223924));
#958 = CARTESIAN_POINT('',(0.144598996045,14.655725108177));
#959 = CARTESIAN_POINT('',(0.106864335748,14.607577740894));
#960 = CARTESIAN_POINT('',(6.917498719661E-02,14.567659209265));
#961 = CARTESIAN_POINT('',(3.154181574083E-02,14.537369731649));
#962 = CARTESIAN_POINT('',(-6.025235178466E-03,14.518123365245));
#963 = CARTESIAN_POINT('',(-3.101920857374E-02,14.513546737723));
#964 = CARTESIAN_POINT('',(-4.350185303054E-02,14.513548653957));
#965 = ( GEOMETRIC_REPRESENTATION_CONTEXT(2) 
PARAMETRIC_REPRESENTATION_CONTEXT() REPRESENTATION_CONTEXT('2D SPACE',''
  ) );
#966 = ADVANCED_FACE('',(#967),#979,.T.);
#967 = FACE_BOUND('',#968,.T.);
#968 = EDGE_LOOP('',(#969,#997,#1020,#1048,#1076,#1104,#1125,#1148,#1181
    ,#1209,#1232,#1265,#1293,#1316,#1344,#1367,#1400,#1423));
#969 = ORIENTED_EDGE('',*,*,#970,.F.);
#970 = EDGE_CURVE('',#756,#971,#973,.T.);
#971 = VERTEX_POINT('',#972);
#972 = CARTESIAN_POINT('',(-35.5,23.520937271228,42.));
#973 = SURFACE_CURVE('',#974,(#978,#990),.PCURVE_S1.);
#974 = LINE('',#975,#976);
#975 = CARTESIAN_POINT('',(-35.5,14.51354865097,42.));
#976 = VECTOR('',#977,1.);
#977 = DIRECTION('',(0.,-1.,-6.123234059182E-17));
#978 = PCURVE('',#979,#984);
#979 = PLANE('',#980);
#980 = AXIS2_PLACEMENT_3D('',#981,#982,#983);
#981 = CARTESIAN_POINT('',(1.049041769008E-06,-2.986387109827E-09,42.));
#982 = DIRECTION('',(-6.257889757672E-18,-6.123234059182E-17,1.));
#983 = DIRECTION('',(-1.,-1.356130630704E-21,-6.257889757672E-18));
#984 = DEFINITIONAL_REPRESENTATION('',(#985),#989);
#985 = LINE('',#986,#987);
#986 = CARTESIAN_POINT('',(35.500001049042,-14.51354865395));
#987 = VECTOR('',#988,1.);
#988 = DIRECTION('',(1.356130630704E-21,1.));
#989 = ( GEOMETRIC_REPRESENTATION_CONTEXT(2) 
PARAMETRIC_REPRESENTATION_CONTEXT() REPRESENTATION_CONTEXT('2D SPACE',''
  ) );
#990 = PCURVE('',#933,#991);
#991 = DEFINITIONAL_REPRESENTATION('',(#992),#996);
#992 = LINE('',#993,#994);
#993 = CARTESIAN_POINT('',(0.785398163397,0.));
#994 = VECTOR('',#995,1.);
#995 = DIRECTION('',(0.,-1.));
#996 = ( GEOMETRIC_REPRESENTATION_CONTEXT(2) 
PARAMETRIC_REPRESENTATION_CONTEXT() REPRESENTATION_CONTEXT('2D SPACE',''
  ) );
#997 = ORIENTED_EDGE('',*,*,#998,.T.);
#998 = EDGE_CURVE('',#756,#999,#1001,.T.);
#999 = VERTEX_POINT('',#1000);
#1000 = CARTESIAN_POINT('',(-39.99999895095,29.999999997014,42.));
#1001 = SURFACE_CURVE('',#1002,(#1006,#1013),.PCURVE_S1.);
#1002 = LINE('',#1003,#1004);
#1003 = CARTESIAN_POINT('',(40.000001049042,29.999999997014,42.));
#1004 = VECTOR('',#1005,1.);
#1005 = DIRECTION('',(-1.,-1.356130630704E-21,-6.257889757672E-18));
#1006 = PCURVE('',#979,#1007);
#1007 = DEFINITIONAL_REPRESENTATION('',(#1008),#1012);
#1008 = LINE('',#1009,#1010);
#1009 = CARTESIAN_POINT('',(-40.,-30.));
#1010 = VECTOR('',#1011,1.);
#1011 = DIRECTION('',(1.,6.811820783391E-38));
#1012 = ( GEOMETRIC_REPRESENTATION_CONTEXT(2) 
PARAMETRIC_REPRESENTATION_CONTEXT() REPRESENTATION_CONTEXT('2D SPACE',''
  ) );
#1013 = PCURVE('',#776,#1014);
#1014 = DEFINITIONAL_REPRESENTATION('',(#1015),#1019);
#1015 = LINE('',#1016,#1017);
#1016 = CARTESIAN_POINT('',(-6.257889757672E-19,0.1));
#1017 = VECTOR('',#1018,1.);
#1018 = DIRECTION('',(1.,0.));
#1019 = ( GEOMETRIC_REPRESENTATION_CONTEXT(2) 
PARAMETRIC_REPRESENTATION_CONTEXT() REPRESENTATION_CONTEXT('2D SPACE',''
  ) );
#1020 = ORIENTED_EDGE('',*,*,#1021,.T.);
#1021 = EDGE_CURVE('',#999,#1022,#1024,.T.);
#1022 = VERTEX_POINT('',#1023);
#1023 = CARTESIAN_POINT('',(-39.99999895095,-30.00000000298,42.));
#1024 = SURFACE_CURVE('',#1025,(#1029,#1036),.PCURVE_S1.);
#1025 = LINE('',#1026,#1027);
#1026 = CARTESIAN_POINT('',(-39.99999895095,29.999999997014,42.));
#1027 = VECTOR('',#1028,1.);
#1028 = DIRECTION('',(1.356130630704E-21,-1.,-6.123234059182E-17));
#1029 = PCURVE('',#979,#1030);
#1030 = DEFINITIONAL_REPRESENTATION('',(#1031),#1035);
#1031 = LINE('',#1032,#1033);
#1032 = CARTESIAN_POINT('',(39.999999999992,-30.));
#1033 = VECTOR('',#1034,1.);
#1034 = DIRECTION('',(3.831852370278E-34,1.));
#1035 = ( GEOMETRIC_REPRESENTATION_CONTEXT(2) 
PARAMETRIC_REPRESENTATION_CONTEXT() REPRESENTATION_CONTEXT('2D SPACE',''
  ) );
#1036 = PCURVE('',#1037,#1042);
#1037 = PLANE('',#1038);
#1038 = AXIS2_PLACEMENT_3D('',#1039,#1040,#1041);
#1039 = CARTESIAN_POINT('',(-39.99999895095,29.999999997014,41.9));
#1040 = DIRECTION('',(-1.,-1.356130630704E-21,0.));
#1041 = DIRECTION('',(1.356130630704E-21,-1.,-6.123234059182E-17));
#1042 = DEFINITIONAL_REPRESENTATION('',(#1043),#1047);
#1043 = LINE('',#1044,#1045);
#1044 = CARTESIAN_POINT('',(-6.123234059182E-18,0.1));
#1045 = VECTOR('',#1046,1.);
#1046 = DIRECTION('',(1.,0.));
#1047 = ( GEOMETRIC_REPRESENTATION_CONTEXT(2) 
PARAMETRIC_REPRESENTATION_CONTEXT() REPRESENTATION_CONTEXT('2D SPACE',''
  ) );
#1048 = ORIENTED_EDGE('',*,*,#1049,.T.);
#1049 = EDGE_CURVE('',#1022,#1050,#1052,.T.);
#1050 = VERTEX_POINT('',#1051);
#1051 = CARTESIAN_POINT('',(40.000001049042,-30.00000000298,42.));
#1052 = SURFACE_CURVE('',#1053,(#1057,#1064),.PCURVE_S1.);
#1053 = LINE('',#1054,#1055);
#1054 = CARTESIAN_POINT('',(-39.99999895095,-30.00000000298,42.));
#1055 = VECTOR('',#1056,1.);
#1056 = DIRECTION('',(1.,1.356130630704E-21,6.257889757672E-18));
#1057 = PCURVE('',#979,#1058);
#1058 = DEFINITIONAL_REPRESENTATION('',(#1059),#1063);
#1059 = LINE('',#1060,#1061);
#1060 = CARTESIAN_POINT('',(39.999999999992,29.999999999994));
#1061 = VECTOR('',#1062,1.);
#1062 = DIRECTION('',(-1.,-6.811820783391E-38));
#1063 = ( GEOMETRIC_REPRESENTATION_CONTEXT(2) 
PARAMETRIC_REPRESENTATION_CONTEXT() REPRESENTATION_CONTEXT('2D SPACE',''
  ) );
#1064 = PCURVE('',#1065,#1070);
#1065 = PLANE('',#1066);
#1066 = AXIS2_PLACEMENT_3D('',#1067,#1068,#1069);
#1067 = CARTESIAN_POINT('',(-39.99999895095,-30.00000000298,41.9));
#1068 = DIRECTION('',(1.356130630704E-21,-1.,0.));
#1069 = DIRECTION('',(1.,1.356130630704E-21,6.257889757672E-18));
#1070 = DEFINITIONAL_REPRESENTATION('',(#1071),#1075);
#1071 = LINE('',#1072,#1073);
#1072 = CARTESIAN_POINT('',(6.257889757672E-19,0.1));
#1073 = VECTOR('',#1074,1.);
#1074 = DIRECTION('',(1.,0.));
#1075 = ( GEOMETRIC_REPRESENTATION_CONTEXT(2) 
PARAMETRIC_REPRESENTATION_CONTEXT() REPRESENTATION_CONTEXT('2D SPACE',''
  ) );
#1076 = ORIENTED_EDGE('',*,*,#1077,.T.);
#1077 = EDGE_CURVE('',#1050,#1078,#1080,.T.);
#1078 = VERTEX_POINT('',#1079);
#1079 = CARTESIAN_POINT('',(40.000001049042,29.999999997014,42.));
#1080 = SURFACE_CURVE('',#1081,(#1085,#1092),.PCURVE_S1.);
#1081 = LINE('',#1082,#1083);
#1082 = CARTESIAN_POINT('',(40.000001049042,-30.00000000298,42.));
#1083 = VECTOR('',#1084,1.);
#1084 = DIRECTION('',(-7.401622443897E-17,1.,6.123234059182E-17));
#1085 = PCURVE('',#979,#1086);
#1086 = DEFINITIONAL_REPRESENTATION('',(#1087),#1091);
#1087 = LINE('',#1088,#1089);
#1088 = CARTESIAN_POINT('',(-40.,29.999999999994));
#1089 = VECTOR('',#1090,1.);
#1090 = DIRECTION('',(7.401486830834E-17,-1.));
#1091 = ( GEOMETRIC_REPRESENTATION_CONTEXT(2) 
PARAMETRIC_REPRESENTATION_CONTEXT() REPRESENTATION_CONTEXT('2D SPACE',''
  ) );
#1092 = PCURVE('',#1093,#1098);
#1093 = PLANE('',#1094);
#1094 = AXIS2_PLACEMENT_3D('',#1095,#1096,#1097);
#1095 = CARTESIAN_POINT('',(40.000001049042,-30.00000000298,41.9));
#1096 = DIRECTION('',(1.,7.401622443897E-17,0.));
#1097 = DIRECTION('',(-7.401622443897E-17,1.,6.123234059182E-17));
#1098 = DEFINITIONAL_REPRESENTATION('',(#1099),#1103);
#1099 = LINE('',#1100,#1101);
#1100 = CARTESIAN_POINT('',(6.123234059182E-18,0.1));
#1101 = VECTOR('',#1102,1.);
#1102 = DIRECTION('',(1.,0.));
#1103 = ( GEOMETRIC_REPRESENTATION_CONTEXT(2) 
PARAMETRIC_REPRESENTATION_CONTEXT() REPRESENTATION_CONTEXT('2D SPACE',''
  ) );
#1104 = ORIENTED_EDGE('',*,*,#1105,.T.);
#1105 = EDGE_CURVE('',#1078,#754,#1106,.T.);
#1106 = SURFACE_CURVE('',#1107,(#1111,#1118),.PCURVE_S1.);
#1107 = LINE('',#1108,#1109);
#1108 = CARTESIAN_POINT('',(40.000001049042,29.999999997014,42.));
#1109 = VECTOR('',#1110,1.);
#1110 = DIRECTION('',(-1.,-1.356130630704E-21,-6.257889757672E-18));
#1111 = PCURVE('',#979,#1112);
#1112 = DEFINITIONAL_REPRESENTATION('',(#1113),#1117);
#1113 = LINE('',#1114,#1115);
#1114 = CARTESIAN_POINT('',(-40.,-30.));
#1115 = VECTOR('',#1116,1.);
#1116 = DIRECTION('',(1.,6.811820783391E-38));
#1117 = ( GEOMETRIC_REPRESENTATION_CONTEXT(2) 
PARAMETRIC_REPRESENTATION_CONTEXT() REPRESENTATION_CONTEXT('2D SPACE',''
  ) );
#1118 = PCURVE('',#776,#1119);
#1119 = DEFINITIONAL_REPRESENTATION('',(#1120),#1124);
#1120 = LINE('',#1121,#1122);
#1121 = CARTESIAN_POINT('',(-6.257889757672E-19,0.1));
#1122 = VECTOR('',#1123,1.);
#1123 = DIRECTION('',(1.,0.));
#1124 = ( GEOMETRIC_REPRESENTATION_CONTEXT(2) 
PARAMETRIC_REPRESENTATION_CONTEXT() REPRESENTATION_CONTEXT('2D SPACE',''
  ) );
#1125 = ORIENTED_EDGE('',*,*,#1126,.F.);
#1126 = EDGE_CURVE('',#1127,#754,#1129,.T.);
#1127 = VERTEX_POINT('',#1128);
#1128 = CARTESIAN_POINT('',(35.5,23.224807680918,42.));
#1129 = SURFACE_CURVE('',#1130,(#1134,#1141),.PCURVE_S1.);
#1130 = LINE('',#1131,#1132);
#1131 = CARTESIAN_POINT('',(35.5,-3.98645134903,42.));
#1132 = VECTOR('',#1133,1.);
#1133 = DIRECTION('',(0.,1.,6.123234059182E-17));
#1134 = PCURVE('',#979,#1135);
#1135 = DEFINITIONAL_REPRESENTATION('',(#1136),#1140);
#1136 = LINE('',#1137,#1138);
#1137 = CARTESIAN_POINT('',(-35.49999895095,3.986451346044));
#1138 = VECTOR('',#1139,1.);
#1139 = DIRECTION('',(-1.356130630704E-21,-1.));
#1140 = ( GEOMETRIC_REPRESENTATION_CONTEXT(2) 
PARAMETRIC_REPRESENTATION_CONTEXT() REPRESENTATION_CONTEXT('2D SPACE',''
  ) );
#1141 = PCURVE('',#833,#1142);
#1142 = DEFINITIONAL_REPRESENTATION('',(#1143),#1147);
#1143 = LINE('',#1144,#1145);
#1144 = CARTESIAN_POINT('',(0.785398163397,0.));
#1145 = VECTOR('',#1146,1.);
#1146 = DIRECTION('',(0.,-1.));
#1147 = ( GEOMETRIC_REPRESENTATION_CONTEXT(2) 
PARAMETRIC_REPRESENTATION_CONTEXT() REPRESENTATION_CONTEXT('2D SPACE',''
  ) );
#1148 = ORIENTED_EDGE('',*,*,#1149,.T.);
#1149 = EDGE_CURVE('',#1127,#1150,#1152,.T.);
#1150 = VERTEX_POINT('',#1151);
#1151 = CARTESIAN_POINT('',(36.099999999997,21.599999999994,42.));
#1152 = SURFACE_CURVE('',#1153,(#1158,#1169),.PCURVE_S1.);
#1153 = CIRCLE('',#1154,2.5);
#1154 = AXIS2_PLACEMENT_3D('',#1155,#1156,#1157);
#1155 = CARTESIAN_POINT('',(33.599999999997,21.599999999994,42.));
#1156 = DIRECTION('',(6.257889757672E-18,6.123234059182E-17,-1.));
#1157 = DIRECTION('',(-1.,-1.356130630704E-21,-6.257889757672E-18));
#1158 = PCURVE('',#979,#1159);
#1159 = DEFINITIONAL_REPRESENTATION('',(#1160),#1168);
#1160 = ( BOUNDED_CURVE() B_SPLINE_CURVE(2,(#1161,#1162,#1163,#1164,
#1165,#1166,#1167),.UNSPECIFIED.,.T.,.F.) B_SPLINE_CURVE_WITH_KNOTS((1,2
    ,2,2,2,1),(-2.094395102393,0.,2.094395102393,4.188790204786,
6.28318530718,8.377580409573),.UNSPECIFIED.) CURVE() 
GEOMETRIC_REPRESENTATION_ITEM() RATIONAL_B_SPLINE_CURVE((1.,0.5,1.,0.5,
1.,0.5,1.)) REPRESENTATION_ITEM('') );
#1161 = CARTESIAN_POINT('',(-31.09999895095,-21.60000000298));
#1162 = CARTESIAN_POINT('',(-31.09999895095,-25.9301270219));
#1163 = CARTESIAN_POINT('',(-34.84999895095,-23.76506351244));
#1164 = CARTESIAN_POINT('',(-38.59999895095,-21.60000000298));
#1165 = CARTESIAN_POINT('',(-34.84999895095,-19.43493649351));
#1166 = CARTESIAN_POINT('',(-31.09999895095,-17.26987298405));
#1167 = CARTESIAN_POINT('',(-31.09999895095,-21.60000000298));
#1168 = ( GEOMETRIC_REPRESENTATION_CONTEXT(2) 
PARAMETRIC_REPRESENTATION_CONTEXT() REPRESENTATION_CONTEXT('2D SPACE',''
  ) );
#1169 = PCURVE('',#1170,#1175);
#1170 = CYLINDRICAL_SURFACE('',#1171,2.5);
#1171 = AXIS2_PLACEMENT_3D('',#1172,#1173,#1174);
#1172 = CARTESIAN_POINT('',(33.599999999997,21.599999999994,41.9));
#1173 = DIRECTION('',(0.,0.,1.));
#1174 = DIRECTION('',(-1.,-1.356130630704E-21,0.));
#1175 = DEFINITIONAL_REPRESENTATION('',(#1176),#1180);
#1176 = LINE('',#1177,#1178);
#1177 = CARTESIAN_POINT('',(-4.440892098501E-16,0.1));
#1178 = VECTOR('',#1179,1.);
#1179 = DIRECTION('',(-1.,0.));
#1180 = ( GEOMETRIC_REPRESENTATION_CONTEXT(2) 
PARAMETRIC_REPRESENTATION_CONTEXT() REPRESENTATION_CONTEXT('2D SPACE',''
  ) );
#1181 = ORIENTED_EDGE('',*,*,#1182,.T.);
#1182 = EDGE_CURVE('',#1150,#1183,#1185,.T.);
#1183 = VERTEX_POINT('',#1184);
#1184 = CARTESIAN_POINT('',(35.5,19.97519231907,42.));
#1185 = SURFACE_CURVE('',#1186,(#1191,#1202),.PCURVE_S1.);
#1186 = CIRCLE('',#1187,2.5);
#1187 = AXIS2_PLACEMENT_3D('',#1188,#1189,#1190);
#1188 = CARTESIAN_POINT('',(33.599999999997,21.599999999994,42.));
#1189 = DIRECTION('',(6.257889757672E-18,6.123234059182E-17,-1.));
#1190 = DIRECTION('',(-1.,-1.356130630704E-21,-6.257889757672E-18));
#1191 = PCURVE('',#979,#1192);
#1192 = DEFINITIONAL_REPRESENTATION('',(#1193),#1201);
#1193 = ( BOUNDED_CURVE() B_SPLINE_CURVE(2,(#1194,#1195,#1196,#1197,
#1198,#1199,#1200),.UNSPECIFIED.,.T.,.F.) B_SPLINE_CURVE_WITH_KNOTS((1,2
    ,2,2,2,1),(-2.094395102393,0.,2.094395102393,4.188790204786,
6.28318530718,8.377580409573),.UNSPECIFIED.) CURVE() 
GEOMETRIC_REPRESENTATION_ITEM() RATIONAL_B_SPLINE_CURVE((1.,0.5,1.,0.5,
1.,0.5,1.)) REPRESENTATION_ITEM('') );
#1194 = CARTESIAN_POINT('',(-31.09999895095,-21.60000000298));
#1195 = CARTESIAN_POINT('',(-31.09999895095,-25.9301270219));
#1196 = CARTESIAN_POINT('',(-34.84999895095,-23.76506351244));
#1197 = CARTESIAN_POINT('',(-38.59999895095,-21.60000000298));
#1198 = CARTESIAN_POINT('',(-34.84999895095,-19.43493649351));
#1199 = CARTESIAN_POINT('',(-31.09999895095,-17.26987298405));
#1200 = CARTESIAN_POINT('',(-31.09999895095,-21.60000000298));
#1201 = ( GEOMETRIC_REPRESENTATION_CONTEXT(2) 
PARAMETRIC_REPRESENTATION_CONTEXT() REPRESENTATION_CONTEXT('2D SPACE',''
  ) );
#1202 = PCURVE('',#1170,#1203);
#1203 = DEFINITIONAL_REPRESENTATION('',(#1204),#1208);
#1204 = LINE('',#1205,#1206);
#1205 = CARTESIAN_POINT('',(6.28318530718,0.1));
#1206 = VECTOR('',#1207,1.);
#1207 = DIRECTION('',(-1.,0.));
#1208 = ( GEOMETRIC_REPRESENTATION_CONTEXT(2) 
PARAMETRIC_REPRESENTATION_CONTEXT() REPRESENTATION_CONTEXT('2D SPACE',''
  ) );
#1209 = ORIENTED_EDGE('',*,*,#1210,.F.);
#1210 = EDGE_CURVE('',#1211,#1183,#1213,.T.);
#1211 = VERTEX_POINT('',#1212);
#1212 = CARTESIAN_POINT('',(35.5,-18.57519231907,42.));
#1213 = SURFACE_CURVE('',#1214,(#1218,#1225),.PCURVE_S1.);
#1214 = LINE('',#1215,#1216);
#1215 = CARTESIAN_POINT('',(35.5,-3.98645134903,42.));
#1216 = VECTOR('',#1217,1.);
#1217 = DIRECTION('',(0.,1.,6.123234059182E-17));
#1218 = PCURVE('',#979,#1219);
#1219 = DEFINITIONAL_REPRESENTATION('',(#1220),#1224);
#1220 = LINE('',#1221,#1222);
#1221 = CARTESIAN_POINT('',(-35.49999895095,3.986451346044));
#1222 = VECTOR('',#1223,1.);
#1223 = DIRECTION('',(-1.356130630704E-21,-1.));
#1224 = ( GEOMETRIC_REPRESENTATION_CONTEXT(2) 
PARAMETRIC_REPRESENTATION_CONTEXT() REPRESENTATION_CONTEXT('2D SPACE',''
  ) );
#1225 = PCURVE('',#833,#1226);
#1226 = DEFINITIONAL_REPRESENTATION('',(#1227),#1231);
#1227 = LINE('',#1228,#1229);
#1228 = CARTESIAN_POINT('',(0.785398163397,0.));
#1229 = VECTOR('',#1230,1.);
#1230 = DIRECTION('',(0.,-1.));
#1231 = ( GEOMETRIC_REPRESENTATION_CONTEXT(2) 
PARAMETRIC_REPRESENTATION_CONTEXT() REPRESENTATION_CONTEXT('2D SPACE',''
  ) );
#1232 = ORIENTED_EDGE('',*,*,#1233,.T.);
#1233 = EDGE_CURVE('',#1211,#1234,#1236,.T.);
#1234 = VERTEX_POINT('',#1235);
#1235 = CARTESIAN_POINT('',(36.100000000003,-20.2,42.));
#1236 = SURFACE_CURVE('',#1237,(#1242,#1253),.PCURVE_S1.);
#1237 = CIRCLE('',#1238,2.5);
#1238 = AXIS2_PLACEMENT_3D('',#1239,#1240,#1241);
#1239 = CARTESIAN_POINT('',(33.600000000003,-20.2,42.));
#1240 = DIRECTION('',(6.257889757672E-18,6.123234059182E-17,-1.));
#1241 = DIRECTION('',(-1.,-1.356130630704E-21,-6.257889757672E-18));
#1242 = PCURVE('',#979,#1243);
#1243 = DEFINITIONAL_REPRESENTATION('',(#1244),#1252);
#1244 = ( BOUNDED_CURVE() B_SPLINE_CURVE(2,(#1245,#1246,#1247,#1248,
#1249,#1250,#1251),.UNSPECIFIED.,.T.,.F.) B_SPLINE_CURVE_WITH_KNOTS((1,2
    ,2,2,2,1),(-2.094395102393,0.,2.094395102393,4.188790204786,
6.28318530718,8.377580409573),.UNSPECIFIED.) CURVE() 
GEOMETRIC_REPRESENTATION_ITEM() RATIONAL_B_SPLINE_CURVE((1.,0.5,1.,0.5,
1.,0.5,1.)) REPRESENTATION_ITEM('') );
#1245 = CARTESIAN_POINT('',(-31.09999895096,20.199999997014));
#1246 = CARTESIAN_POINT('',(-31.09999895096,15.869872978091));
#1247 = CARTESIAN_POINT('',(-34.84999895096,18.034936487553));
#1248 = CARTESIAN_POINT('',(-38.59999895096,20.199999997014));
#1249 = CARTESIAN_POINT('',(-34.84999895096,22.365063506475));
#1250 = CARTESIAN_POINT('',(-31.09999895096,24.530127015936));
#1251 = CARTESIAN_POINT('',(-31.09999895096,20.199999997014));
#1252 = ( GEOMETRIC_REPRESENTATION_CONTEXT(2) 
PARAMETRIC_REPRESENTATION_CONTEXT() REPRESENTATION_CONTEXT('2D SPACE',''
  ) );
#1253 = PCURVE('',#1254,#1259);
#1254 = CYLINDRICAL_SURFACE('',#1255,2.5);
#1255 = AXIS2_PLACEMENT_3D('',#1256,#1257,#1258);
#1256 = CARTESIAN_POINT('',(33.600000000003,-20.2,41.9));
#1257 = DIRECTION('',(0.,0.,1.));
#1258 = DIRECTION('',(-1.,-1.356130630704E-21,0.));
#1259 = DEFINITIONAL_REPRESENTATION('',(#1260),#1264);
#1260 = LINE('',#1261,#1262);
#1261 = CARTESIAN_POINT('',(-4.440892098501E-16,0.1));
#1262 = VECTOR('',#1263,1.);
#1263 = DIRECTION('',(-1.,0.));
#1264 = ( GEOMETRIC_REPRESENTATION_CONTEXT(2) 
PARAMETRIC_REPRESENTATION_CONTEXT() REPRESENTATION_CONTEXT('2D SPACE',''
  ) );
#1265 = ORIENTED_EDGE('',*,*,#1266,.T.);
#1266 = EDGE_CURVE('',#1234,#1267,#1269,.T.);
#1267 = VERTEX_POINT('',#1268);
#1268 = CARTESIAN_POINT('',(35.5,-21.82480768093,42.));
#1269 = SURFACE_CURVE('',#1270,(#1275,#1286),.PCURVE_S1.);
#1270 = CIRCLE('',#1271,2.5);
#1271 = AXIS2_PLACEMENT_3D('',#1272,#1273,#1274);
#1272 = CARTESIAN_POINT('',(33.600000000003,-20.2,42.));
#1273 = DIRECTION('',(6.257889757672E-18,6.123234059182E-17,-1.));
#1274 = DIRECTION('',(-1.,-1.356130630704E-21,-6.257889757672E-18));
#1275 = PCURVE('',#979,#1276);
#1276 = DEFINITIONAL_REPRESENTATION('',(#1277),#1285);
#1277 = ( BOUNDED_CURVE() B_SPLINE_CURVE(2,(#1278,#1279,#1280,#1281,
#1282,#1283,#1284),.UNSPECIFIED.,.T.,.F.) B_SPLINE_CURVE_WITH_KNOTS((1,2
    ,2,2,2,1),(-2.094395102393,0.,2.094395102393,4.188790204786,
6.28318530718,8.377580409573),.UNSPECIFIED.) CURVE() 
GEOMETRIC_REPRESENTATION_ITEM() RATIONAL_B_SPLINE_CURVE((1.,0.5,1.,0.5,
1.,0.5,1.)) REPRESENTATION_ITEM('') );
#1278 = CARTESIAN_POINT('',(-31.09999895096,20.199999997014));
#1279 = CARTESIAN_POINT('',(-31.09999895096,15.869872978091));
#1280 = CARTESIAN_POINT('',(-34.84999895096,18.034936487553));
#1281 = CARTESIAN_POINT('',(-38.59999895096,20.199999997014));
#1282 = CARTESIAN_POINT('',(-34.84999895096,22.365063506475));
#1283 = CARTESIAN_POINT('',(-31.09999895096,24.530127015936));
#1284 = CARTESIAN_POINT('',(-31.09999895096,20.199999997014));
#1285 = ( GEOMETRIC_REPRESENTATION_CONTEXT(2) 
PARAMETRIC_REPRESENTATION_CONTEXT() REPRESENTATION_CONTEXT('2D SPACE',''
  ) );
#1286 = PCURVE('',#1254,#1287);
#1287 = DEFINITIONAL_REPRESENTATION('',(#1288),#1292);
#1288 = LINE('',#1289,#1290);
#1289 = CARTESIAN_POINT('',(6.28318530718,0.1));
#1290 = VECTOR('',#1291,1.);
#1291 = DIRECTION('',(-1.,0.));
#1292 = ( GEOMETRIC_REPRESENTATION_CONTEXT(2) 
PARAMETRIC_REPRESENTATION_CONTEXT() REPRESENTATION_CONTEXT('2D SPACE',''
  ) );
#1293 = ORIENTED_EDGE('',*,*,#1294,.F.);
#1294 = EDGE_CURVE('',#1295,#1267,#1297,.T.);
#1295 = VERTEX_POINT('',#1296);
#1296 = CARTESIAN_POINT('',(35.5,-25.97290269507,42.));
#1297 = SURFACE_CURVE('',#1298,(#1302,#1309),.PCURVE_S1.);
#1298 = LINE('',#1299,#1300);
#1299 = CARTESIAN_POINT('',(35.5,-3.98645134903,42.));
#1300 = VECTOR('',#1301,1.);
#1301 = DIRECTION('',(0.,1.,6.123234059182E-17));
#1302 = PCURVE('',#979,#1303);
#1303 = DEFINITIONAL_REPRESENTATION('',(#1304),#1308);
#1304 = LINE('',#1305,#1306);
#1305 = CARTESIAN_POINT('',(-35.49999895095,3.986451346044));
#1306 = VECTOR('',#1307,1.);
#1307 = DIRECTION('',(-1.356130630704E-21,-1.));
#1308 = ( GEOMETRIC_REPRESENTATION_CONTEXT(2) 
PARAMETRIC_REPRESENTATION_CONTEXT() REPRESENTATION_CONTEXT('2D SPACE',''
  ) );
#1309 = PCURVE('',#833,#1310);
#1310 = DEFINITIONAL_REPRESENTATION('',(#1311),#1315);
#1311 = LINE('',#1312,#1313);
#1312 = CARTESIAN_POINT('',(0.785398163397,0.));
#1313 = VECTOR('',#1314,1.);
#1314 = DIRECTION('',(0.,-1.));
#1315 = ( GEOMETRIC_REPRESENTATION_CONTEXT(2) 
PARAMETRIC_REPRESENTATION_CONTEXT() REPRESENTATION_CONTEXT('2D SPACE',''
  ) );
#1316 = ORIENTED_EDGE('',*,*,#1317,.F.);
#1317 = EDGE_CURVE('',#1318,#1295,#1320,.T.);
#1318 = VERTEX_POINT('',#1319);
#1319 = CARTESIAN_POINT('',(-35.5,-25.97290269507,42.));
#1320 = SURFACE_CURVE('',#1321,(#1325,#1332),.PCURVE_S1.);
#1321 = LINE('',#1322,#1323);
#1322 = CARTESIAN_POINT('',(-8.749999475479,-25.97290269507,42.));
#1323 = VECTOR('',#1324,1.);
#1324 = DIRECTION('',(1.,0.,6.257889757672E-18));
#1325 = PCURVE('',#979,#1326);
#1326 = DEFINITIONAL_REPRESENTATION('',(#1327),#1331);
#1327 = LINE('',#1328,#1329);
#1328 = CARTESIAN_POINT('',(8.750000524521,25.972902692084));
#1329 = VECTOR('',#1330,1.);
#1330 = DIRECTION('',(-1.,1.356130630704E-21));
#1331 = ( GEOMETRIC_REPRESENTATION_CONTEXT(2) 
PARAMETRIC_REPRESENTATION_CONTEXT() REPRESENTATION_CONTEXT('2D SPACE',''
  ) );
#1332 = PCURVE('',#1333,#1338);
#1333 = CYLINDRICAL_SURFACE('',#1334,18.);
#1334 = AXIS2_PLACEMENT_3D('',#1335,#1336,#1337);
#1335 = CARTESIAN_POINT('',(-8.749999475479,-25.97290269507,60.));
#1336 = DIRECTION('',(-1.,0.,-6.257889757672E-18));
#1337 = DIRECTION('',(4.424996283568E-18,0.707106781187,-0.707106781187)
  );
#1338 = DEFINITIONAL_REPRESENTATION('',(#1339),#1343);
#1339 = LINE('',#1340,#1341);
#1340 = CARTESIAN_POINT('',(0.785398163397,0.));
#1341 = VECTOR('',#1342,1.);
#1342 = DIRECTION('',(0.,-1.));
#1343 = ( GEOMETRIC_REPRESENTATION_CONTEXT(2) 
PARAMETRIC_REPRESENTATION_CONTEXT() REPRESENTATION_CONTEXT('2D SPACE',''
  ) );
#1344 = ORIENTED_EDGE('',*,*,#1345,.F.);
#1345 = EDGE_CURVE('',#1346,#1318,#1348,.T.);
#1346 = VERTEX_POINT('',#1347);
#1347 = CARTESIAN_POINT('',(-35.5,-22.12093727123,42.));
#1348 = SURFACE_CURVE('',#1349,(#1353,#1360),.PCURVE_S1.);
#1349 = LINE('',#1350,#1351);
#1350 = CARTESIAN_POINT('',(-35.5,14.51354865097,42.));
#1351 = VECTOR('',#1352,1.);
#1352 = DIRECTION('',(0.,-1.,-6.123234059182E-17));
#1353 = PCURVE('',#979,#1354);
#1354 = DEFINITIONAL_REPRESENTATION('',(#1355),#1359);
#1355 = LINE('',#1356,#1357);
#1356 = CARTESIAN_POINT('',(35.500001049042,-14.51354865395));
#1357 = VECTOR('',#1358,1.);
#1358 = DIRECTION('',(1.356130630704E-21,1.));
#1359 = ( GEOMETRIC_REPRESENTATION_CONTEXT(2) 
PARAMETRIC_REPRESENTATION_CONTEXT() REPRESENTATION_CONTEXT('2D SPACE',''
  ) );
#1360 = PCURVE('',#933,#1361);
#1361 = DEFINITIONAL_REPRESENTATION('',(#1362),#1366);
#1362 = LINE('',#1363,#1364);
#1363 = CARTESIAN_POINT('',(0.785398163397,0.));
#1364 = VECTOR('',#1365,1.);
#1365 = DIRECTION('',(0.,-1.));
#1366 = ( GEOMETRIC_REPRESENTATION_CONTEXT(2) 
PARAMETRIC_REPRESENTATION_CONTEXT() REPRESENTATION_CONTEXT('2D SPACE',''
  ) );
#1367 = ORIENTED_EDGE('',*,*,#1368,.T.);
#1368 = EDGE_CURVE('',#1346,#1369,#1371,.T.);
#1369 = VERTEX_POINT('',#1370);
#1370 = CARTESIAN_POINT('',(-35.5,-18.27906272877,42.));
#1371 = SURFACE_CURVE('',#1372,(#1377,#1388),.PCURVE_S1.);
#1372 = CIRCLE('',#1373,2.5);
#1373 = AXIS2_PLACEMENT_3D('',#1374,#1375,#1376);
#1374 = CARTESIAN_POINT('',(-33.89999999999,-20.2,42.));
#1375 = DIRECTION('',(6.257889757672E-18,6.123234059182E-17,-1.));
#1376 = DIRECTION('',(-1.,-1.356130630704E-21,-6.257889757672E-18));
#1377 = PCURVE('',#979,#1378);
#1378 = DEFINITIONAL_REPRESENTATION('',(#1379),#1387);
#1379 = ( BOUNDED_CURVE() B_SPLINE_CURVE(2,(#1380,#1381,#1382,#1383,
#1384,#1385,#1386),.UNSPECIFIED.,.T.,.F.) B_SPLINE_CURVE_WITH_KNOTS((1,2
    ,2,2,2,1),(-2.094395102393,0.,2.094395102393,4.188790204786,
6.28318530718,8.377580409573),.UNSPECIFIED.) CURVE() 
GEOMETRIC_REPRESENTATION_ITEM() RATIONAL_B_SPLINE_CURVE((1.,0.5,1.,0.5,
1.,0.5,1.)) REPRESENTATION_ITEM('') );
#1380 = CARTESIAN_POINT('',(36.400001049032,20.199999997014));
#1381 = CARTESIAN_POINT('',(36.400001049032,15.869872978091));
#1382 = CARTESIAN_POINT('',(32.650001049032,18.034936487553));
#1383 = CARTESIAN_POINT('',(28.900001049032,20.199999997014));
#1384 = CARTESIAN_POINT('',(32.650001049032,22.365063506475));
#1385 = CARTESIAN_POINT('',(36.400001049032,24.530127015936));
#1386 = CARTESIAN_POINT('',(36.400001049032,20.199999997014));
#1387 = ( GEOMETRIC_REPRESENTATION_CONTEXT(2) 
PARAMETRIC_REPRESENTATION_CONTEXT() REPRESENTATION_CONTEXT('2D SPACE',''
  ) );
#1388 = PCURVE('',#1389,#1394);
#1389 = CYLINDRICAL_SURFACE('',#1390,2.5);
#1390 = AXIS2_PLACEMENT_3D('',#1391,#1392,#1393);
#1391 = CARTESIAN_POINT('',(-33.89999999999,-20.2,41.9));
#1392 = DIRECTION('',(0.,0.,1.));
#1393 = DIRECTION('',(-1.,-1.356130630704E-21,0.));
#1394 = DEFINITIONAL_REPRESENTATION('',(#1395),#1399);
#1395 = LINE('',#1396,#1397);
#1396 = CARTESIAN_POINT('',(6.28318530718,0.1));
#1397 = VECTOR('',#1398,1.);
#1398 = DIRECTION('',(-1.,0.));
#1399 = ( GEOMETRIC_REPRESENTATION_CONTEXT(2) 
PARAMETRIC_REPRESENTATION_CONTEXT() REPRESENTATION_CONTEXT('2D SPACE',''
  ) );
#1400 = ORIENTED_EDGE('',*,*,#1401,.F.);
#1401 = EDGE_CURVE('',#1402,#1369,#1404,.T.);
#1402 = VERTEX_POINT('',#1403);
#1403 = CARTESIAN_POINT('',(-35.5,19.679062728764,42.));
#1404 = SURFACE_CURVE('',#1405,(#1409,#1416),.PCURVE_S1.);
#1405 = LINE('',#1406,#1407);
#1406 = CARTESIAN_POINT('',(-35.5,14.51354865097,42.));
#1407 = VECTOR('',#1408,1.);
#1408 = DIRECTION('',(0.,-1.,-6.123234059182E-17));
#1409 = PCURVE('',#979,#1410);
#1410 = DEFINITIONAL_REPRESENTATION('',(#1411),#1415);
#1411 = LINE('',#1412,#1413);
#1412 = CARTESIAN_POINT('',(35.500001049042,-14.51354865395));
#1413 = VECTOR('',#1414,1.);
#1414 = DIRECTION('',(1.356130630704E-21,1.));
#1415 = ( GEOMETRIC_REPRESENTATION_CONTEXT(2) 
PARAMETRIC_REPRESENTATION_CONTEXT() REPRESENTATION_CONTEXT('2D SPACE',''
  ) );
#1416 = PCURVE('',#933,#1417);
#1417 = DEFINITIONAL_REPRESENTATION('',(#1418),#1422);
#1418 = LINE('',#1419,#1420);
#1419 = CARTESIAN_POINT('',(0.785398163397,0.));
#1420 = VECTOR('',#1421,1.);
#1421 = DIRECTION('',(0.,-1.));
#1422 = ( GEOMETRIC_REPRESENTATION_CONTEXT(2) 
PARAMETRIC_REPRESENTATION_CONTEXT() REPRESENTATION_CONTEXT('2D SPACE',''
  ) );
#1423 = ORIENTED_EDGE('',*,*,#1424,.T.);
#1424 = EDGE_CURVE('',#1402,#971,#1425,.T.);
#1425 = SURFACE_CURVE('',#1426,(#1431,#1442),.PCURVE_S1.);
#1426 = CIRCLE('',#1427,2.5);
#1427 = AXIS2_PLACEMENT_3D('',#1428,#1429,#1430);
#1428 = CARTESIAN_POINT('',(-33.9,21.599999999996,42.));
#1429 = DIRECTION('',(6.257889757672E-18,6.123234059182E-17,-1.));
#1430 = DIRECTION('',(-1.,-1.356130630704E-21,-6.257889757672E-18));
#1431 = PCURVE('',#979,#1432);
#1432 = DEFINITIONAL_REPRESENTATION('',(#1433),#1441);
#1433 = ( BOUNDED_CURVE() B_SPLINE_CURVE(2,(#1434,#1435,#1436,#1437,
#1438,#1439,#1440),.UNSPECIFIED.,.T.,.F.) B_SPLINE_CURVE_WITH_KNOTS((1,2
    ,2,2,2,1),(-2.094395102393,0.,2.094395102393,4.188790204786,
6.28318530718,8.377580409573),.UNSPECIFIED.) CURVE() 
GEOMETRIC_REPRESENTATION_ITEM() RATIONAL_B_SPLINE_CURVE((1.,0.5,1.,0.5,
1.,0.5,1.)) REPRESENTATION_ITEM('') );
#1434 = CARTESIAN_POINT('',(36.400001049042,-21.60000000298));
#1435 = CARTESIAN_POINT('',(36.400001049042,-25.9301270219));
#1436 = CARTESIAN_POINT('',(32.650001049042,-23.76506351244));
#1437 = CARTESIAN_POINT('',(28.900001049042,-21.60000000298));
#1438 = CARTESIAN_POINT('',(32.650001049042,-19.43493649352));
#1439 = CARTESIAN_POINT('',(36.400001049042,-17.26987298406));
#1440 = CARTESIAN_POINT('',(36.400001049042,-21.60000000298));
#1441 = ( GEOMETRIC_REPRESENTATION_CONTEXT(2) 
PARAMETRIC_REPRESENTATION_CONTEXT() REPRESENTATION_CONTEXT('2D SPACE',''
  ) );
#1442 = PCURVE('',#1443,#1448);
#1443 = CYLINDRICAL_SURFACE('',#1444,2.5);
#1444 = AXIS2_PLACEMENT_3D('',#1445,#1446,#1447);
#1445 = CARTESIAN_POINT('',(-33.9,21.599999999996,41.9));
#1446 = DIRECTION('',(0.,0.,1.));
#1447 = DIRECTION('',(-1.,-1.356130630704E-21,0.));
#1448 = DEFINITIONAL_REPRESENTATION('',(#1449),#1453);
#1449 = LINE('',#1450,#1451);
#1450 = CARTESIAN_POINT('',(6.28318530718,0.1));
#1451 = VECTOR('',#1452,1.);
#1452 = DIRECTION('',(-1.,0.));
#1453 = ( GEOMETRIC_REPRESENTATION_CONTEXT(2) 
PARAMETRIC_REPRESENTATION_CONTEXT() REPRESENTATION_CONTEXT('2D SPACE',''
  ) );
#1454 = ADVANCED_FACE('',(#1455),#833,.F.);
#1455 = FACE_BOUND('',#1456,.F.);
#1456 = EDGE_LOOP('',(#1457,#1458,#1639,#1640,#1708,#1731,#1753,#1754,
    #1755));
#1457 = ORIENTED_EDGE('',*,*,#1210,.F.);
#1458 = ORIENTED_EDGE('',*,*,#1459,.F.);
#1459 = EDGE_CURVE('',#1267,#1211,#1460,.T.);
#1460 = SURFACE_CURVE('',#1461,(#1493,#1566),.PCURVE_S1.);
#1461 = B_SPLINE_CURVE_WITH_KNOTS('',3,(#1462,#1463,#1464,#1465,#1466,
    #1467,#1468,#1469,#1470,#1471,#1472,#1473,#1474,#1475,#1476,#1477,
    #1478,#1479,#1480,#1481,#1482,#1483,#1484,#1485,#1486,#1487,#1488,
    #1489,#1490,#1491,#1492),.UNSPECIFIED.,.F.,.F.,(4,2,2,2,2,2,2,3,2,2,
    2,2,2,2,4),(0.925720159629,0.945041029249,1.039359630268,
    1.133678231287,1.229096947772,1.324515664256,1.418857181809,
    1.513198699362,1.607540216914,1.701881734467,1.797300450951,
    1.892719167436,1.987037768455,2.081356369474,2.100677239094),
  .UNSPECIFIED.);
#1462 = CARTESIAN_POINT('',(35.5,-21.82480768093,42.));
#1463 = CARTESIAN_POINT('',(35.457130845784,-21.87493754797,42.));
#1464 = CARTESIAN_POINT('',(35.412709931036,-21.92285528303,
    42.000154006147));
#1465 = CARTESIAN_POINT('',(35.144770101003,-22.19060972291,
    42.002131529365));
#1466 = CARTESIAN_POINT('',(34.863131330784,-22.38302649341,
    42.00862568011));
#1467 = CARTESIAN_POINT('',(34.247048832894,-22.63771064934,
    42.041011581995));
#1468 = CARTESIAN_POINT('',(33.912638938052,-22.7,42.067372493503));
#1469 = CARTESIAN_POINT('',(33.283714496726,-22.7,42.134131920032));
#1470 = CARTESIAN_POINT('',(32.947614361213,-22.63640338666,
    42.179142391386));
#1471 = CARTESIAN_POINT('',(32.33061553788,-22.37952552086,
    42.27846957809));
#1472 = CARTESIAN_POINT('',(32.049624376013,-22.18629298655,
    42.332337323863));
#1473 = CARTESIAN_POINT('',(31.608251053044,-21.74263973371,
    42.424319853202));
#1474 = CARTESIAN_POINT('',(31.417130361118,-21.46312779296,
    42.468677776317));
#1475 = CARTESIAN_POINT('',(31.162972797596,-20.84908379989,
    42.529817439144));
#1476 = CARTESIAN_POINT('',(31.100000000003,-20.51447172518,
    42.546060616582));
#1477 = CARTESIAN_POINT('',(31.100000000003,-20.2,42.546060616582));
#1478 = CARTESIAN_POINT('',(31.100000000003,-19.88552827483,
    42.546060616582));
#1479 = CARTESIAN_POINT('',(31.162972797596,-19.55091620011,
    42.529817439144));
#1480 = CARTESIAN_POINT('',(31.417130361118,-18.93687220704,
    42.468677776317));
#1481 = CARTESIAN_POINT('',(31.608251053044,-18.65736026629,
    42.424319853202));
#1482 = CARTESIAN_POINT('',(32.049624376013,-18.21370701345,
    42.332337323863));
#1483 = CARTESIAN_POINT('',(32.33061553788,-18.02047447915,
    42.27846957809));
#1484 = CARTESIAN_POINT('',(32.947614361213,-17.76359661334,
    42.179142391386));
#1485 = CARTESIAN_POINT('',(33.283714496726,-17.7,42.134131920032));
#1486 = CARTESIAN_POINT('',(33.912638938052,-17.7,42.067372493503));
#1487 = CARTESIAN_POINT('',(34.247048832894,-17.76228935067,
    42.041011581995));
#1488 = CARTESIAN_POINT('',(34.863131330784,-18.01697350659,
    42.00862568011));
#1489 = CARTESIAN_POINT('',(35.144770101003,-18.2093902771,
    42.002131529365));
#1490 = CARTESIAN_POINT('',(35.412709931036,-18.47714471697,
    42.000154006147));
#1491 = CARTESIAN_POINT('',(35.457130845784,-18.52506245203,42.));
#1492 = CARTESIAN_POINT('',(35.5,-18.57519231907,42.));
#1493 = PCURVE('',#833,#1494);
#1494 = DEFINITIONAL_REPRESENTATION('',(#1495),#1565);
#1495 = B_SPLINE_CURVE_WITH_KNOTS('',3,(#1496,#1497,#1498,#1499,#1500,
    #1501,#1502,#1503,#1504,#1505,#1506,#1507,#1508,#1509,#1510,#1511,
    #1512,#1513,#1514,#1515,#1516,#1517,#1518,#1519,#1520,#1521,#1522,
    #1523,#1524,#1525,#1526,#1527,#1528,#1529,#1530,#1531,#1532,#1533,
    #1534,#1535,#1536,#1537,#1538,#1539,#1540,#1541,#1542,#1543,#1544,
    #1545,#1546,#1547,#1548,#1549,#1550,#1551,#1552,#1553,#1554,#1555,
    #1556,#1557,#1558,#1559,#1560,#1561,#1562,#1563,#1564),
  .UNSPECIFIED.,.F.,.F.,(4,1,1,1,1,1,1,1,1,1,1,1,1,1,1,1,1,1,1,1,1,1,1,1
    ,1,1,1,1,1,1,1,1,1,1,1,1,1,1,1,1,1,1,1,1,1,1,1,1,1,1,1,1,1,1,1,1,1,1
    ,1,1,1,1,1,1,1,1,4),(0.925720159629,0.943522539621,0.961324919613,
    0.979127299605,0.996929679597,1.014732059588,1.03253443958,
    1.050336819572,1.068139199564,1.085941579556,1.103743959548,
    1.12154633954,1.139348719532,1.157151099524,1.174953479515,
    1.192755859507,1.210558239499,1.228360619491,1.246162999483,
    1.263965379475,1.281767759467,1.299570139459,1.317372519451,
    1.335174899443,1.352977279434,1.370779659426,1.388582039418,
    1.40638441941,1.424186799402,1.441989179394,1.459791559386,
    1.477593939378,1.49539631937,1.513198699362,1.531001079353,
    1.548803459345,1.566605839337,1.584408219329,1.602210599321,
    1.620012979313,1.637815359305,1.655617739297,1.673420119289,
    1.69122249928,1.709024879272,1.726827259264,1.744629639256,
    1.762432019248,1.78023439924,1.798036779232,1.815839159224,
    1.833641539216,1.851443919208,1.869246299199,1.887048679191,
    1.904851059183,1.922653439175,1.940455819167,1.958258199159,
    1.976060579151,1.993862959143,2.011665339135,2.029467719126,
    2.047270099118,2.06507247911,2.082874859102,2.100677239094),
  .UNSPECIFIED.);
#1496 = CARTESIAN_POINT('',(0.785398163397,17.838356331907));
#1497 = CARTESIAN_POINT('',(0.783203472827,17.884476752869));
#1498 = CARTESIAN_POINT('',(0.778692980275,17.97282393544));
#1499 = CARTESIAN_POINT('',(0.771449615942,18.095298190584));
#1500 = CARTESIAN_POINT('',(0.763508927339,18.211080363291));
#1501 = CARTESIAN_POINT('',(0.755020141917,18.317504970583));
#1502 = CARTESIAN_POINT('',(0.74603531884,18.413471429448));
#1503 = CARTESIAN_POINT('',(0.736633521214,18.497512005713));
#1504 = CARTESIAN_POINT('',(0.726881588711,18.568062669875));
#1505 = CARTESIAN_POINT('',(0.716874845785,18.624676736544));
#1506 = CARTESIAN_POINT('',(0.706721157371,18.667592575894));
#1507 = CARTESIAN_POINT('',(0.696534683659,18.696887950518));
#1508 = CARTESIAN_POINT('',(0.686394345989,18.71268237612));
#1509 = CARTESIAN_POINT('',(0.676513627428,18.71508896354));
#1510 = CARTESIAN_POINT('',(0.666452588505,18.70420932549));
#1511 = CARTESIAN_POINT('',(0.656276120799,18.679980148901));
#1512 = CARTESIAN_POINT('',(0.646097039743,18.642357370622));
#1513 = CARTESIAN_POINT('',(0.636015474469,18.591289315916));
#1514 = CARTESIAN_POINT('',(0.626134723742,18.526735506484));
#1515 = CARTESIAN_POINT('',(0.616557793049,18.448618289854));
#1516 = CARTESIAN_POINT('',(0.607356079846,18.358267761748));
#1517 = CARTESIAN_POINT('',(0.598600180382,18.257050997602));
#1518 = CARTESIAN_POINT('',(0.590361826386,18.146338429958));
#1519 = CARTESIAN_POINT('',(0.582710521785,18.027450130773));
#1520 = CARTESIAN_POINT('',(0.575724723126,17.901904257241));
#1521 = CARTESIAN_POINT('',(0.569069412179,17.763618080079));
#1522 = CARTESIAN_POINT('',(0.562894142003,17.61500779625));
#1523 = CARTESIAN_POINT('',(0.557265581937,17.457030155387));
#1524 = CARTESIAN_POINT('',(0.552271157225,17.291045828763));
#1525 = CARTESIAN_POINT('',(0.547998792199,17.118259248422));
#1526 = CARTESIAN_POINT('',(0.544512460909,16.940108913022));
#1527 = CARTESIAN_POINT('',(0.541801915918,16.758555895034));
#1528 = CARTESIAN_POINT('',(0.539868034146,16.575612064788));
#1529 = CARTESIAN_POINT('',(0.538708743766,16.392814653167));
#1530 = CARTESIAN_POINT('',(0.538322801373,16.213548650976));
#1531 = CARTESIAN_POINT('',(0.538708743766,16.034282648785));
#1532 = CARTESIAN_POINT('',(0.539868034146,15.851485237165));
#1533 = CARTESIAN_POINT('',(0.541801915918,15.668541406919));
#1534 = CARTESIAN_POINT('',(0.544512460909,15.486988388931));
#1535 = CARTESIAN_POINT('',(0.547998792199,15.308838053531));
#1536 = CARTESIAN_POINT('',(0.552271157225,15.13605147319));
#1537 = CARTESIAN_POINT('',(0.557265581937,14.970067146566));
#1538 = CARTESIAN_POINT('',(0.562894142003,14.812089505703));
#1539 = CARTESIAN_POINT('',(0.569069412179,14.663479221874));
#1540 = CARTESIAN_POINT('',(0.575724723126,14.525193044711));
#1541 = CARTESIAN_POINT('',(0.582710521785,14.39964717118));
#1542 = CARTESIAN_POINT('',(0.590361826386,14.280758871994));
#1543 = CARTESIAN_POINT('',(0.598600180382,14.170046304351));
#1544 = CARTESIAN_POINT('',(0.607356079847,14.068829540205));
#1545 = CARTESIAN_POINT('',(0.616557793049,13.978479012099));
#1546 = CARTESIAN_POINT('',(0.626134723742,13.900361795469));
#1547 = CARTESIAN_POINT('',(0.636015474469,13.835807986036));
#1548 = CARTESIAN_POINT('',(0.646097039743,13.78473993133));
#1549 = CARTESIAN_POINT('',(0.656276120799,13.747117153052));
#1550 = CARTESIAN_POINT('',(0.666452588505,13.722887976462));
#1551 = CARTESIAN_POINT('',(0.676513627428,13.712008338412));
#1552 = CARTESIAN_POINT('',(0.686394345989,13.714414925833));
#1553 = CARTESIAN_POINT('',(0.696534683659,13.730209351435));
#1554 = CARTESIAN_POINT('',(0.706721157371,13.759504726059));
#1555 = CARTESIAN_POINT('',(0.716874845785,13.802420565409));
#1556 = CARTESIAN_POINT('',(0.726881588711,13.859034632077));
#1557 = CARTESIAN_POINT('',(0.736633521214,13.92958529624));
#1558 = CARTESIAN_POINT('',(0.74603531884,14.013625872505));
#1559 = CARTESIAN_POINT('',(0.755020141917,14.109592331369));
#1560 = CARTESIAN_POINT('',(0.763508927339,14.216016938662));
#1561 = CARTESIAN_POINT('',(0.771449615942,14.331799111368));
#1562 = CARTESIAN_POINT('',(0.778692980275,14.454273366513));
#1563 = CARTESIAN_POINT('',(0.783203472827,14.542620549084));
#1564 = CARTESIAN_POINT('',(0.785398163397,14.588740970046));
#1565 = ( GEOMETRIC_REPRESENTATION_CONTEXT(2) 
PARAMETRIC_REPRESENTATION_CONTEXT() REPRESENTATION_CONTEXT('2D SPACE',''
  ) );
#1566 = PCURVE('',#1254,#1567);
#1567 = DEFINITIONAL_REPRESENTATION('',(#1568),#1638);
#1568 = B_SPLINE_CURVE_WITH_KNOTS('',3,(#1569,#1570,#1571,#1572,#1573,
    #1574,#1575,#1576,#1577,#1578,#1579,#1580,#1581,#1582,#1583,#1584,
    #1585,#1586,#1587,#1588,#1589,#1590,#1591,#1592,#1593,#1594,#1595,
    #1596,#1597,#1598,#1599,#1600,#1601,#1602,#1603,#1604,#1605,#1606,
    #1607,#1608,#1609,#1610,#1611,#1612,#1613,#1614,#1615,#1616,#1617,
    #1618,#1619,#1620,#1621,#1622,#1623,#1624,#1625,#1626,#1627,#1628,
    #1629,#1630,#1631,#1632,#1633,#1634,#1635,#1636,#1637),
  .UNSPECIFIED.,.F.,.F.,(4,1,1,1,1,1,1,1,1,1,1,1,1,1,1,1,1,1,1,1,1,1,1,1
    ,1,1,1,1,1,1,1,1,1,1,1,1,1,1,1,1,1,1,1,1,1,1,1,1,1,1,1,1,1,1,1,1,1,1
    ,1,1,1,1,1,1,1,1,4),(0.925720159629,0.943522539621,0.961324919613,
    0.979127299605,0.996929679597,1.014732059588,1.03253443958,
    1.050336819572,1.068139199564,1.085941579556,1.103743959548,
    1.12154633954,1.139348719532,1.157151099524,1.174953479516,
    1.192755859507,1.210558239499,1.228360619491,1.246162999483,
    1.263965379475,1.281767759467,1.299570139459,1.317372519451,
    1.335174899443,1.352977279434,1.370779659426,1.388582039418,
    1.40638441941,1.424186799402,1.441989179394,1.459791559386,
    1.477593939378,1.49539631937,1.513198699361,1.531001079353,
    1.548803459345,1.566605839337,1.584408219329,1.602210599321,
    1.620012979313,1.637815359305,1.655617739297,1.673420119289,
    1.69122249928,1.709024879272,1.726827259264,1.744629639256,
    1.762432019248,1.78023439924,1.798036779232,1.815839159224,
    1.833641539216,1.851443919207,1.869246299199,1.887048679191,
    1.904851059183,1.922653439175,1.940455819167,1.958258199159,
    1.976060579151,1.993862959143,2.011665339135,2.029467719126,
    2.047270099118,2.06507247911,2.082874859102,2.100677239094),
  .UNSPECIFIED.);
#1569 = CARTESIAN_POINT('',(2.434109441809,0.1));
#1570 = CARTESIAN_POINT('',(2.409816279737,0.100003580097));
#1571 = CARTESIAN_POINT('',(2.361856011627,0.100253233796));
#1572 = CARTESIAN_POINT('',(2.290352619504,0.101594186174));
#1573 = CARTESIAN_POINT('',(2.216817802635,0.104165303998));
#1574 = CARTESIAN_POINT('',(2.142378594796,0.108143822825));
#1575 = CARTESIAN_POINT('',(2.067220544635,0.113732520388));
#1576 = CARTESIAN_POINT('',(1.991747992898,0.121116120738));
#1577 = CARTESIAN_POINT('',(1.916228338025,0.130526020482));
#1578 = CARTESIAN_POINT('',(1.840890648815,0.142061913699));
#1579 = CARTESIAN_POINT('',(1.766018523328,0.155546354259));
#1580 = CARTESIAN_POINT('',(1.692026068274,0.170843097212));
#1581 = CARTESIAN_POINT('',(1.619096867383,0.187865394819));
#1582 = CARTESIAN_POINT('',(1.548382064734,0.206287309311));
#1583 = CARTESIAN_POINT('',(1.476328027433,0.226968978982));
#1584 = CARTESIAN_POINT('',(1.403010681299,0.249702606516));
#1585 = CARTESIAN_POINT('',(1.328864073192,0.274209517981));
#1586 = CARTESIAN_POINT('',(1.254214654625,0.300226115583));
#1587 = CARTESIAN_POINT('',(1.17937682357,0.327499373599));
#1588 = CARTESIAN_POINT('',(1.104575027552,0.355718901878));
#1589 = CARTESIAN_POINT('',(1.030018678528,0.38436182156));
#1590 = CARTESIAN_POINT('',(0.956002316596,0.412984603458));
#1591 = CARTESIAN_POINT('',(0.882868100233,0.441120417335));
#1592 = CARTESIAN_POINT('',(0.810951314019,0.468316754844));
#1593 = CARTESIAN_POINT('',(0.740677668934,0.494087121129));
#1594 = CARTESIAN_POINT('',(0.668239252749,0.51945334392));
#1595 = CARTESIAN_POINT('',(0.594670065486,0.543675569888));
#1596 = CARTESIAN_POINT('',(0.520177261526,0.566317232246));
#1597 = CARTESIAN_POINT('',(0.445162397399,0.586861116782));
#1598 = CARTESIAN_POINT('',(0.369912192376,0.604809312453));
#1599 = CARTESIAN_POINT('',(0.294645692061,0.619647762498));
#1600 = CARTESIAN_POINT('',(0.219625561313,0.631331828623));
#1601 = CARTESIAN_POINT('',(0.145239189793,0.639775500871));
#1602 = CARTESIAN_POINT('',(7.170733156295E-02,0.644903858597));
#1603 = CARTESIAN_POINT('',(1.682427384683E-12,0.646638995574));
#1604 = CARTESIAN_POINT('',(-7.170733155768E-02,0.644903858597));
#1605 = CARTESIAN_POINT('',(-0.145239189789,0.639775500871));
#1606 = CARTESIAN_POINT('',(-0.21962556131,0.631331828623));
#1607 = CARTESIAN_POINT('',(-0.29464569206,0.619647762499));
#1608 = CARTESIAN_POINT('',(-0.369912192375,0.604809312453));
#1609 = CARTESIAN_POINT('',(-0.445162397398,0.586861116782));
#1610 = CARTESIAN_POINT('',(-0.520177261525,0.566317232246));
#1611 = CARTESIAN_POINT('',(-0.594670065486,0.543675569888));
#1612 = CARTESIAN_POINT('',(-0.668239252749,0.51945334392));
#1613 = CARTESIAN_POINT('',(-0.740677668934,0.494087121129));
#1614 = CARTESIAN_POINT('',(-0.810951314019,0.468316754844));
#1615 = CARTESIAN_POINT('',(-0.882868100232,0.441120417335));
#1616 = CARTESIAN_POINT('',(-0.956002316595,0.412984603458));
#1617 = CARTESIAN_POINT('',(-1.030018678527,0.38436182156));
#1618 = CARTESIAN_POINT('',(-1.10457502755,0.355718901878));
#1619 = CARTESIAN_POINT('',(-1.179376823569,0.327499373599));
#1620 = CARTESIAN_POINT('',(-1.254214654625,0.300226115583));
#1621 = CARTESIAN_POINT('',(-1.328864073191,0.274209517981));
#1622 = CARTESIAN_POINT('',(-1.403010681299,0.249702606516));
#1623 = CARTESIAN_POINT('',(-1.476328027433,0.226968978982));
#1624 = CARTESIAN_POINT('',(-1.548382064734,0.206287309311));
#1625 = CARTESIAN_POINT('',(-1.619096867383,0.187865394819));
#1626 = CARTESIAN_POINT('',(-1.692026068274,0.170843097212));
#1627 = CARTESIAN_POINT('',(-1.766018523328,0.155546354259));
#1628 = CARTESIAN_POINT('',(-1.840890648816,0.142061913699));
#1629 = CARTESIAN_POINT('',(-1.916228338026,0.130526020482));
#1630 = CARTESIAN_POINT('',(-1.991747992898,0.121116120738));
#1631 = CARTESIAN_POINT('',(-2.067220544635,0.113732520388));
#1632 = CARTESIAN_POINT('',(-2.142378594797,0.108143822825));
#1633 = CARTESIAN_POINT('',(-2.216817802636,0.104165303998));
#1634 = CARTESIAN_POINT('',(-2.290352619505,0.101594186174));
#1635 = CARTESIAN_POINT('',(-2.361856011627,0.100253233796));
#1636 = CARTESIAN_POINT('',(-2.409816279737,0.100003580097));
#1637 = CARTESIAN_POINT('',(-2.434109441809,0.1));
#1638 = ( GEOMETRIC_REPRESENTATION_CONTEXT(2) 
PARAMETRIC_REPRESENTATION_CONTEXT() REPRESENTATION_CONTEXT('2D SPACE',''
  ) );
#1639 = ORIENTED_EDGE('',*,*,#1294,.F.);
#1640 = ORIENTED_EDGE('',*,*,#1641,.F.);
#1641 = EDGE_CURVE('',#1642,#1295,#1644,.T.);
#1642 = VERTEX_POINT('',#1643);
#1643 = CARTESIAN_POINT('',(17.5,-7.972902695073,60.));
#1644 = SURFACE_CURVE('',#1645,(#1650,#1679),.PCURVE_S1.);
#1645 = ELLIPSE('',#1646,25.455844122716,18.);
#1646 = AXIS2_PLACEMENT_3D('',#1647,#1648,#1649);
#1647 = CARTESIAN_POINT('',(35.5,-25.97290269507,60.));
#1648 = DIRECTION('',(-0.707106781187,-0.707106781187,
    -1.744547176313E-16));
#1649 = DIRECTION('',(-0.707106781187,0.707106781187,-8.785911111061E-17
    ));
#1650 = PCURVE('',#833,#1651);
#1651 = DEFINITIONAL_REPRESENTATION('',(#1652),#1678);
#1652 = B_SPLINE_CURVE_WITH_KNOTS('',3,(#1653,#1654,#1655,#1656,#1657,
    #1658,#1659,#1660,#1661,#1662,#1663,#1664,#1665,#1666,#1667,#1668,
    #1669,#1670,#1671,#1672,#1673,#1674,#1675,#1676,#1677),
  .UNSPECIFIED.,.F.,.F.,(4,1,1,1,1,1,1,1,1,1,1,1,1,1,1,1,1,1,1,1,1,1,4),
  (0.,7.139983303613E-02,0.142799666072,0.214199499108,0.285599332145,
    0.356999165181,0.428398998217,0.499798831253,0.571198664289,
    0.642598497325,0.713998330361,0.785398163397,0.856797996434,
    0.92819782947,0.999597662506,1.070997495542,1.142397328578,
    1.213797161614,1.28519699465,1.356596827687,1.427996660723,
    1.499396493759,1.570796326795),.UNSPECIFIED.);
#1653 = CARTESIAN_POINT('',(-0.785398163397,3.986451346043));
#1654 = CARTESIAN_POINT('',(-0.761598219052,3.986412528045));
#1655 = CARTESIAN_POINT('',(-0.713998330361,4.017069975168));
#1656 = CARTESIAN_POINT('',(-0.642598497325,4.154515993197));
#1657 = CARTESIAN_POINT('',(-0.571198664289,4.382858405165));
#1658 = CARTESIAN_POINT('',(-0.499798831253,4.70089693752));
#1659 = CARTESIAN_POINT('',(-0.428398998217,5.107020770651));
#1660 = CARTESIAN_POINT('',(-0.356999165181,5.599157756162));
#1661 = CARTESIAN_POINT('',(-0.285599332145,6.174800782675));
#1662 = CARTESIAN_POINT('',(-0.214199499108,6.831016316134));
#1663 = CARTESIAN_POINT('',(-0.142799666072,7.56446048328));
#1664 = CARTESIAN_POINT('',(-7.139983303613E-02,8.371395807175));
#1665 = CARTESIAN_POINT('',(1.7763568394E-15,9.24771033402));
#1666 = CARTESIAN_POINT('',(7.139983303613E-02,10.188938564858));
#1667 = CARTESIAN_POINT('',(0.142799666072,11.190284216719));
#1668 = CARTESIAN_POINT('',(0.214199499108,12.246644661302));
#1669 = CARTESIAN_POINT('',(0.285599332145,13.352636929128));
#1670 = CARTESIAN_POINT('',(0.356999165181,14.502625132678));
#1671 = CARTESIAN_POINT('',(0.428398998217,15.690749212215));
#1672 = CARTESIAN_POINT('',(0.499798831253,16.910954698019));
#1673 = CARTESIAN_POINT('',(0.571198664289,18.157023933097));
#1674 = CARTESIAN_POINT('',(0.642598497325,19.422606374134));
#1675 = CARTESIAN_POINT('',(0.713998330361,20.701256113112));
#1676 = CARTESIAN_POINT('',(0.761598219052,21.558049013811));
#1677 = CARTESIAN_POINT('',(0.785398163397,21.986451346043));
#1678 = ( GEOMETRIC_REPRESENTATION_CONTEXT(2) 
PARAMETRIC_REPRESENTATION_CONTEXT() REPRESENTATION_CONTEXT('2D SPACE',''
  ) );
#1679 = PCURVE('',#1333,#1680);
#1680 = DEFINITIONAL_REPRESENTATION('',(#1681),#1707);
#1681 = B_SPLINE_CURVE_WITH_KNOTS('',3,(#1682,#1683,#1684,#1685,#1686,
    #1687,#1688,#1689,#1690,#1691,#1692,#1693,#1694,#1695,#1696,#1697,
    #1698,#1699,#1700,#1701,#1702,#1703,#1704,#1705,#1706),
  .UNSPECIFIED.,.F.,.F.,(4,1,1,1,1,1,1,1,1,1,1,1,1,1,1,1,1,1,1,1,1,1,4),
  (0.,7.139983303613E-02,0.142799666072,0.214199499108,0.285599332145,
    0.356999165181,0.428398998217,0.499798831253,0.571198664289,
    0.642598497325,0.713998330361,0.785398163397,0.856797996434,
    0.92819782947,0.999597662506,1.070997495542,1.142397328578,
    1.213797161614,1.28519699465,1.356596827687,1.427996660723,
    1.499396493759,1.570796326795),.UNSPECIFIED.);
#1682 = CARTESIAN_POINT('',(-0.785398163397,-26.24999947547));
#1683 = CARTESIAN_POINT('',(-0.761598219052,-26.24996065748));
#1684 = CARTESIAN_POINT('',(-0.713998330361,-26.2806181046));
#1685 = CARTESIAN_POINT('',(-0.642598497325,-26.41806412263));
#1686 = CARTESIAN_POINT('',(-0.571198664289,-26.6464065346));
#1687 = CARTESIAN_POINT('',(-0.499798831253,-26.96444506695));
#1688 = CARTESIAN_POINT('',(-0.428398998217,-27.37056890008));
#1689 = CARTESIAN_POINT('',(-0.356999165181,-27.86270588559));
#1690 = CARTESIAN_POINT('',(-0.285599332145,-28.43834891211));
#1691 = CARTESIAN_POINT('',(-0.214199499108,-29.09456444557));
#1692 = CARTESIAN_POINT('',(-0.142799666072,-29.82800861271));
#1693 = CARTESIAN_POINT('',(-7.139983303613E-02,-30.63494393661));
#1694 = CARTESIAN_POINT('',(9.231280603961E-16,-31.51125846345));
#1695 = CARTESIAN_POINT('',(7.139983303613E-02,-32.45248669429));
#1696 = CARTESIAN_POINT('',(0.142799666072,-33.45383234615));
#1697 = CARTESIAN_POINT('',(0.214199499108,-34.51019279073));
#1698 = CARTESIAN_POINT('',(0.285599332145,-35.61618505856));
#1699 = CARTESIAN_POINT('',(0.356999165181,-36.76617326211));
#1700 = CARTESIAN_POINT('',(0.428398998217,-37.95429734165));
#1701 = CARTESIAN_POINT('',(0.499798831253,-39.17450282745));
#1702 = CARTESIAN_POINT('',(0.571198664289,-40.42057206253));
#1703 = CARTESIAN_POINT('',(0.642598497325,-41.68615450357));
#1704 = CARTESIAN_POINT('',(0.713998330361,-42.96480424254));
#1705 = CARTESIAN_POINT('',(0.761598219052,-43.82159714324));
#1706 = CARTESIAN_POINT('',(0.785398163397,-44.24999947547));
#1707 = ( GEOMETRIC_REPRESENTATION_CONTEXT(2) 
PARAMETRIC_REPRESENTATION_CONTEXT() REPRESENTATION_CONTEXT('2D SPACE',''
  ) );
#1708 = ORIENTED_EDGE('',*,*,#1709,.F.);
#1709 = EDGE_CURVE('',#1710,#1642,#1712,.T.);
#1710 = VERTEX_POINT('',#1711);
#1711 = CARTESIAN_POINT('',(17.5,29.027097304927,60.));
#1712 = SURFACE_CURVE('',#1713,(#1717,#1724),.PCURVE_S1.);
#1713 = LINE('',#1714,#1715);
#1714 = CARTESIAN_POINT('',(17.5,-3.98645134903,60.));
#1715 = VECTOR('',#1716,1.);
#1716 = DIRECTION('',(0.,-1.,-6.123234059182E-17));
#1717 = PCURVE('',#833,#1718);
#1718 = DEFINITIONAL_REPRESENTATION('',(#1719),#1723);
#1719 = LINE('',#1720,#1721);
#1720 = CARTESIAN_POINT('',(-0.785398163397,0.));
#1721 = VECTOR('',#1722,1.);
#1722 = DIRECTION('',(0.,1.));
#1723 = ( GEOMETRIC_REPRESENTATION_CONTEXT(2) 
PARAMETRIC_REPRESENTATION_CONTEXT() REPRESENTATION_CONTEXT('2D SPACE',''
  ) );
#1724 = PCURVE('',#581,#1725);
#1725 = DEFINITIONAL_REPRESENTATION('',(#1726),#1730);
#1726 = LINE('',#1727,#1728);
#1727 = CARTESIAN_POINT('',(3.986451346043,12.));
#1728 = VECTOR('',#1729,1.);
#1729 = DIRECTION('',(-1.,-6.123234059182E-17));
#1730 = ( GEOMETRIC_REPRESENTATION_CONTEXT(2) 
PARAMETRIC_REPRESENTATION_CONTEXT() REPRESENTATION_CONTEXT('2D SPACE',''
  ) );
#1731 = ORIENTED_EDGE('',*,*,#1732,.F.);
#1732 = EDGE_CURVE('',#789,#1710,#1733,.T.);
#1733 = SURFACE_CURVE('',#1734,(#1739,#1746),.PCURVE_S1.);
#1734 = CIRCLE('',#1735,18.);
#1735 = AXIS2_PLACEMENT_3D('',#1736,#1737,#1738);
#1736 = CARTESIAN_POINT('',(35.5,29.027097304927,60.));
#1737 = DIRECTION('',(0.,1.,0.));
#1738 = DIRECTION('',(-0.707106781187,0.,-0.707106781187));
#1739 = PCURVE('',#833,#1740);
#1740 = DEFINITIONAL_REPRESENTATION('',(#1741),#1745);
#1741 = LINE('',#1742,#1743);
#1742 = CARTESIAN_POINT('',(8.881784197001E-16,-33.01354865395));
#1743 = VECTOR('',#1744,1.);
#1744 = DIRECTION('',(-1.,0.));
#1745 = ( GEOMETRIC_REPRESENTATION_CONTEXT(2) 
PARAMETRIC_REPRESENTATION_CONTEXT() REPRESENTATION_CONTEXT('2D SPACE',''
  ) );
#1746 = PCURVE('',#609,#1747);
#1747 = DEFINITIONAL_REPRESENTATION('',(#1748),#1752);
#1748 = CIRCLE('',#1749,18.);
#1749 = AXIS2_PLACEMENT_2D('',#1750,#1751);
#1750 = CARTESIAN_POINT('',(-18.,12.));
#1751 = DIRECTION('',(0.707106781187,-0.707106781187));
#1752 = ( GEOMETRIC_REPRESENTATION_CONTEXT(2) 
PARAMETRIC_REPRESENTATION_CONTEXT() REPRESENTATION_CONTEXT('2D SPACE',''
  ) );
#1753 = ORIENTED_EDGE('',*,*,#788,.T.);
#1754 = ORIENTED_EDGE('',*,*,#1126,.F.);
#1755 = ORIENTED_EDGE('',*,*,#1756,.F.);
#1756 = EDGE_CURVE('',#1183,#1127,#1757,.T.);
#1757 = SURFACE_CURVE('',#1758,(#1790,#1863),.PCURVE_S1.);
#1758 = B_SPLINE_CURVE_WITH_KNOTS('',3,(#1759,#1760,#1761,#1762,#1763,
    #1764,#1765,#1766,#1767,#1768,#1769,#1770,#1771,#1772,#1773,#1774,
    #1775,#1776,#1777,#1778,#1779,#1780,#1781,#1782,#1783,#1784,#1785,
    #1786,#1787,#1788,#1789),.UNSPECIFIED.,.F.,.F.,(4,2,2,2,2,2,2,3,2,2,
    2,2,2,2,4),(0.925720159628,0.945041029249,1.039359630268,
    1.133678231287,1.229096947772,1.324515664256,1.418857181809,
    1.513198699362,1.607540216914,1.701881734467,1.797300450951,
    1.892719167436,1.987037768455,2.081356369474,2.100677239095),
  .UNSPECIFIED.);
#1759 = CARTESIAN_POINT('',(35.5,19.97519231907,42.));
#1760 = CARTESIAN_POINT('',(35.457130845782,19.925062452028,42.));
#1761 = CARTESIAN_POINT('',(35.412709931032,19.877144716967,
    42.000154006147));
#1762 = CARTESIAN_POINT('',(35.144770100997,19.609390277088,
    42.002131529365));
#1763 = CARTESIAN_POINT('',(34.863131330778,19.416973506587,
    42.00862568011));
#1764 = CARTESIAN_POINT('',(34.247048832888,19.162289350659,
    42.041011581995));
#1765 = CARTESIAN_POINT('',(33.912638938047,19.099999999994,
    42.067372493504));
#1766 = CARTESIAN_POINT('',(33.28371449672,19.099999999994,
    42.134131920033));
#1767 = CARTESIAN_POINT('',(32.947614361207,19.163596613332,
    42.179142391387));
#1768 = CARTESIAN_POINT('',(32.330615537875,19.42047447914,
    42.278469578091));
#1769 = CARTESIAN_POINT('',(32.049624376008,19.613707013446,
    42.332337323864));
#1770 = CARTESIAN_POINT('',(31.608251053039,20.057360266284,
    42.424319853203));
#1771 = CARTESIAN_POINT('',(31.417130361113,20.336872207034,
    42.468677776319));
#1772 = CARTESIAN_POINT('',(31.16297279759,20.950916200105,
    42.529817439146));
#1773 = CARTESIAN_POINT('',(31.099999999997,21.285528274819,
    42.546060616584));
#1774 = CARTESIAN_POINT('',(31.099999999997,21.599999999994,
    42.546060616584));
#1775 = CARTESIAN_POINT('',(31.099999999997,21.914471725169,
    42.546060616584));
#1776 = CARTESIAN_POINT('',(31.16297279759,22.249083799882,
    42.529817439146));
#1777 = CARTESIAN_POINT('',(31.417130361113,22.863127792954,
    42.468677776319));
#1778 = CARTESIAN_POINT('',(31.608251053039,23.142639733703,
    42.424319853203));
#1779 = CARTESIAN_POINT('',(32.049624376008,23.586292986542,
    42.332337323864));
#1780 = CARTESIAN_POINT('',(32.330615537875,23.779525520848,
    42.278469578091));
#1781 = CARTESIAN_POINT('',(32.947614361207,24.036403386655,
    42.179142391387));
#1782 = CARTESIAN_POINT('',(33.28371449672,24.099999999994,
    42.134131920033));
#1783 = CARTESIAN_POINT('',(33.912638938047,24.099999999994,
    42.067372493504));
#1784 = CARTESIAN_POINT('',(34.247048832888,24.037710649329,
    42.041011581995));
#1785 = CARTESIAN_POINT('',(34.863131330778,23.783026493401,
    42.00862568011));
#1786 = CARTESIAN_POINT('',(35.144770100997,23.5906097229,
    42.002131529365));
#1787 = CARTESIAN_POINT('',(35.412709931032,23.32285528302,
    42.000154006147));
#1788 = CARTESIAN_POINT('',(35.457130845782,23.27493754796,42.));
#1789 = CARTESIAN_POINT('',(35.5,23.224807680918,42.));
#1790 = PCURVE('',#833,#1791);
#1791 = DEFINITIONAL_REPRESENTATION('',(#1792),#1862);
#1792 = B_SPLINE_CURVE_WITH_KNOTS('',3,(#1793,#1794,#1795,#1796,#1797,
    #1798,#1799,#1800,#1801,#1802,#1803,#1804,#1805,#1806,#1807,#1808,
    #1809,#1810,#1811,#1812,#1813,#1814,#1815,#1816,#1817,#1818,#1819,
    #1820,#1821,#1822,#1823,#1824,#1825,#1826,#1827,#1828,#1829,#1830,
    #1831,#1832,#1833,#1834,#1835,#1836,#1837,#1838,#1839,#1840,#1841,
    #1842,#1843,#1844,#1845,#1846,#1847,#1848,#1849,#1850,#1851,#1852,
    #1853,#1854,#1855,#1856,#1857,#1858,#1859,#1860,#1861),
  .UNSPECIFIED.,.F.,.F.,(4,1,1,1,1,1,1,1,1,1,1,1,1,1,1,1,1,1,1,1,1,1,1,1
    ,1,1,1,1,1,1,1,1,1,1,1,1,1,1,1,1,1,1,1,1,1,1,1,1,1,1,1,1,1,1,1,1,1,1
    ,1,1,1,1,1,1,1,1,4),(0.925720159628,0.94352253962,0.961324919612,
    0.979127299604,0.996929679596,1.014732059588,1.03253443958,
    1.050336819572,1.068139199563,1.085941579555,1.103743959547,
    1.121546339539,1.139348719531,1.157151099523,1.174953479515,
    1.192755859507,1.210558239499,1.228360619491,1.246162999483,
    1.263965379475,1.281767759467,1.299570139458,1.31737251945,
    1.335174899442,1.352977279434,1.370779659426,1.388582039418,
    1.40638441941,1.424186799402,1.441989179394,1.459791559386,
    1.477593939378,1.49539631937,1.513198699362,1.531001079353,
    1.548803459345,1.566605839337,1.584408219329,1.602210599321,
    1.620012979313,1.637815359305,1.655617739297,1.673420119289,
    1.691222499281,1.709024879273,1.726827259265,1.744629639257,
    1.762432019248,1.78023439924,1.798036779232,1.815839159224,
    1.833641539216,1.851443919208,1.8692462992,1.887048679192,
    1.904851059184,1.922653439176,1.940455819168,1.95825819916,
    1.976060579152,1.993862959143,2.011665339135,2.029467719127,
    2.047270099119,2.065072479111,2.082874859103,2.100677239095),
  .UNSPECIFIED.);
#1793 = CARTESIAN_POINT('',(0.785398163397,-23.9616436681));
#1794 = CARTESIAN_POINT('',(0.783203472827,-23.91552324713));
#1795 = CARTESIAN_POINT('',(0.778692980275,-23.82717606456));
#1796 = CARTESIAN_POINT('',(0.771449615942,-23.70470180942));
#1797 = CARTESIAN_POINT('',(0.763508927339,-23.58891963671));
#1798 = CARTESIAN_POINT('',(0.755020141917,-23.48249502942));
#1799 = CARTESIAN_POINT('',(0.74603531884,-23.38652857055));
#1800 = CARTESIAN_POINT('',(0.736633521214,-23.30248799429));
#1801 = CARTESIAN_POINT('',(0.726881588711,-23.23193733012));
#1802 = CARTESIAN_POINT('',(0.716874845785,-23.17532326345));
#1803 = CARTESIAN_POINT('',(0.706721157371,-23.1324074241));
#1804 = CARTESIAN_POINT('',(0.696534683659,-23.10311204948));
#1805 = CARTESIAN_POINT('',(0.686394345989,-23.08731762388));
#1806 = CARTESIAN_POINT('',(0.676513627428,-23.08491103646));
#1807 = CARTESIAN_POINT('',(0.666452588505,-23.0957906745));
#1808 = CARTESIAN_POINT('',(0.656276120799,-23.12001985109));
#1809 = CARTESIAN_POINT('',(0.646097039743,-23.15764262937));
#1810 = CARTESIAN_POINT('',(0.636015474469,-23.20871068408));
#1811 = CARTESIAN_POINT('',(0.626134723742,-23.27326449351));
#1812 = CARTESIAN_POINT('',(0.616557793049,-23.35138171014));
#1813 = CARTESIAN_POINT('',(0.607356079846,-23.44173223825));
#1814 = CARTESIAN_POINT('',(0.598600180382,-23.54294900239));
#1815 = CARTESIAN_POINT('',(0.590361826386,-23.65366157004));
#1816 = CARTESIAN_POINT('',(0.582710521785,-23.77254986922));
#1817 = CARTESIAN_POINT('',(0.575724723126,-23.89809574275));
#1818 = CARTESIAN_POINT('',(0.569069412179,-24.03638191991));
#1819 = CARTESIAN_POINT('',(0.562894142003,-24.18499220374));
#1820 = CARTESIAN_POINT('',(0.557265581937,-24.34296984461));
#1821 = CARTESIAN_POINT('',(0.552271157225,-24.50895417123));
#1822 = CARTESIAN_POINT('',(0.547998792198,-24.68174075157));
#1823 = CARTESIAN_POINT('',(0.544512460909,-24.85989108697));
#1824 = CARTESIAN_POINT('',(0.541801915918,-25.04144410496));
#1825 = CARTESIAN_POINT('',(0.539868034145,-25.22438793521));
#1826 = CARTESIAN_POINT('',(0.538708743765,-25.40718534683));
#1827 = CARTESIAN_POINT('',(0.538322801373,-25.58645134902));
#1828 = CARTESIAN_POINT('',(0.538708743765,-25.76571735121));
#1829 = CARTESIAN_POINT('',(0.539868034145,-25.94851476283));
#1830 = CARTESIAN_POINT('',(0.541801915918,-26.13145859308));
#1831 = CARTESIAN_POINT('',(0.544512460909,-26.31301161107));
#1832 = CARTESIAN_POINT('',(0.547998792198,-26.49116194647));
#1833 = CARTESIAN_POINT('',(0.552271157225,-26.66394852681));
#1834 = CARTESIAN_POINT('',(0.557265581937,-26.82993285343));
#1835 = CARTESIAN_POINT('',(0.562894142003,-26.98791049429));
#1836 = CARTESIAN_POINT('',(0.569069412179,-27.13652077812));
#1837 = CARTESIAN_POINT('',(0.575724723126,-27.27480695529));
#1838 = CARTESIAN_POINT('',(0.582710521785,-27.40035282882));
#1839 = CARTESIAN_POINT('',(0.590361826386,-27.519241128));
#1840 = CARTESIAN_POINT('',(0.598600180382,-27.62995369565));
#1841 = CARTESIAN_POINT('',(0.607356079846,-27.73117045979));
#1842 = CARTESIAN_POINT('',(0.616557793049,-27.8215209879));
#1843 = CARTESIAN_POINT('',(0.626134723742,-27.89963820453));
#1844 = CARTESIAN_POINT('',(0.636015474469,-27.96419201396));
#1845 = CARTESIAN_POINT('',(0.646097039743,-28.01526006867));
#1846 = CARTESIAN_POINT('',(0.656276120799,-28.05288284694));
#1847 = CARTESIAN_POINT('',(0.666452588505,-28.07711202353));
#1848 = CARTESIAN_POINT('',(0.676513627428,-28.08799166158));
#1849 = CARTESIAN_POINT('',(0.686394345989,-28.08558507416));
#1850 = CARTESIAN_POINT('',(0.696534683659,-28.06979064856));
#1851 = CARTESIAN_POINT('',(0.706721157371,-28.04049527394));
#1852 = CARTESIAN_POINT('',(0.716874845785,-27.99757943458));
#1853 = CARTESIAN_POINT('',(0.726881588711,-27.94096536792));
#1854 = CARTESIAN_POINT('',(0.736633521214,-27.87041470375));
#1855 = CARTESIAN_POINT('',(0.74603531884,-27.78637412749));
#1856 = CARTESIAN_POINT('',(0.755020141917,-27.69040766862));
#1857 = CARTESIAN_POINT('',(0.763508927339,-27.58398306133));
#1858 = CARTESIAN_POINT('',(0.771449615942,-27.46820088862));
#1859 = CARTESIAN_POINT('',(0.778692980275,-27.34572663348));
#1860 = CARTESIAN_POINT('',(0.783203472827,-27.25737945091));
#1861 = CARTESIAN_POINT('',(0.785398163397,-27.21125902994));
#1862 = ( GEOMETRIC_REPRESENTATION_CONTEXT(2) 
PARAMETRIC_REPRESENTATION_CONTEXT() REPRESENTATION_CONTEXT('2D SPACE',''
  ) );
#1863 = PCURVE('',#1170,#1864);
#1864 = DEFINITIONAL_REPRESENTATION('',(#1865),#1935);
#1865 = B_SPLINE_CURVE_WITH_KNOTS('',3,(#1866,#1867,#1868,#1869,#1870,
    #1871,#1872,#1873,#1874,#1875,#1876,#1877,#1878,#1879,#1880,#1881,
    #1882,#1883,#1884,#1885,#1886,#1887,#1888,#1889,#1890,#1891,#1892,
    #1893,#1894,#1895,#1896,#1897,#1898,#1899,#1900,#1901,#1902,#1903,
    #1904,#1905,#1906,#1907,#1908,#1909,#1910,#1911,#1912,#1913,#1914,
    #1915,#1916,#1917,#1918,#1919,#1920,#1921,#1922,#1923,#1924,#1925,
    #1926,#1927,#1928,#1929,#1930,#1931,#1932,#1933,#1934),
  .UNSPECIFIED.,.F.,.F.,(4,1,1,1,1,1,1,1,1,1,1,1,1,1,1,1,1,1,1,1,1,1,1,1
    ,1,1,1,1,1,1,1,1,1,1,1,1,1,1,1,1,1,1,1,1,1,1,1,1,1,1,1,1,1,1,1,1,1,1
    ,1,1,1,1,1,1,1,1,4),(0.925720159628,0.94352253962,0.961324919612,
    0.979127299604,0.996929679596,1.014732059588,1.03253443958,
    1.050336819571,1.068139199563,1.085941579555,1.103743959547,
    1.121546339539,1.139348719531,1.157151099523,1.174953479515,
    1.192755859507,1.210558239499,1.228360619491,1.246162999483,
    1.263965379475,1.281767759466,1.299570139458,1.31737251945,
    1.335174899442,1.352977279434,1.370779659426,1.388582039418,
    1.40638441941,1.424186799402,1.441989179394,1.459791559386,
    1.477593939378,1.49539631937,1.513198699361,1.531001079353,
    1.548803459345,1.566605839337,1.584408219329,1.602210599321,
    1.620012979313,1.637815359305,1.655617739297,1.673420119289,
    1.691222499281,1.709024879273,1.726827259265,1.744629639257,
    1.762432019248,1.78023439924,1.798036779232,1.815839159224,
    1.833641539216,1.851443919208,1.8692462992,1.887048679192,
    1.904851059184,1.922653439176,1.940455819168,1.95825819916,
    1.976060579152,1.993862959143,2.011665339135,2.029467719127,
    2.047270099119,2.065072479111,2.082874859103,2.100677239095),
  .UNSPECIFIED.);
#1866 = CARTESIAN_POINT('',(2.434109441812,0.1));
#1867 = CARTESIAN_POINT('',(2.409816279741,0.100003580097));
#1868 = CARTESIAN_POINT('',(2.361856011631,0.100253233796));
#1869 = CARTESIAN_POINT('',(2.290352619508,0.101594186174));
#1870 = CARTESIAN_POINT('',(2.216817802639,0.104165303998));
#1871 = CARTESIAN_POINT('',(2.1423785948,0.108143822825));
#1872 = CARTESIAN_POINT('',(2.067220544639,0.113732520388));
#1873 = CARTESIAN_POINT('',(1.991747992902,0.121116120737));
#1874 = CARTESIAN_POINT('',(1.916228338029,0.130526020482));
#1875 = CARTESIAN_POINT('',(1.840890648819,0.142061913698));
#1876 = CARTESIAN_POINT('',(1.766018523331,0.155546354259));
#1877 = CARTESIAN_POINT('',(1.692026068277,0.170843097212));
#1878 = CARTESIAN_POINT('',(1.619096867386,0.187865394819));
#1879 = CARTESIAN_POINT('',(1.548382064736,0.206287309311));
#1880 = CARTESIAN_POINT('',(1.476328027436,0.226968978982));
#1881 = CARTESIAN_POINT('',(1.403010681302,0.249702606516));
#1882 = CARTESIAN_POINT('',(1.328864073194,0.274209517981));
#1883 = CARTESIAN_POINT('',(1.254214654627,0.300226115583));
#1884 = CARTESIAN_POINT('',(1.179376823572,0.327499373599));
#1885 = CARTESIAN_POINT('',(1.104575027553,0.355718901878));
#1886 = CARTESIAN_POINT('',(1.030018678529,0.38436182156));
#1887 = CARTESIAN_POINT('',(0.956002316597,0.412984603458));
#1888 = CARTESIAN_POINT('',(0.882868100234,0.441120417335));
#1889 = CARTESIAN_POINT('',(0.81095131402,0.468316754844));
#1890 = CARTESIAN_POINT('',(0.740677668935,0.494087121129));
#1891 = CARTESIAN_POINT('',(0.66823925275,0.519453343921));
#1892 = CARTESIAN_POINT('',(0.594670065488,0.543675569889));
#1893 = CARTESIAN_POINT('',(0.520177261527,0.566317232248));
#1894 = CARTESIAN_POINT('',(0.4451623974,0.586861116784));
#1895 = CARTESIAN_POINT('',(0.369912192377,0.604809312455));
#1896 = CARTESIAN_POINT('',(0.294645692062,0.6196477625));
#1897 = CARTESIAN_POINT('',(0.219625561312,0.631331828625));
#1898 = CARTESIAN_POINT('',(0.145239189793,0.639775500873));
#1899 = CARTESIAN_POINT('',(7.170733156203E-02,0.644903858599));
#1900 = CARTESIAN_POINT('',(2.185621422608E-12,0.646638995576));
#1901 = CARTESIAN_POINT('',(-7.170733155878E-02,0.644903858599));
#1902 = CARTESIAN_POINT('',(-0.14523918979,0.639775500873));
#1903 = CARTESIAN_POINT('',(-0.21962556131,0.631331828625));
#1904 = CARTESIAN_POINT('',(-0.29464569206,0.619647762501));
#1905 = CARTESIAN_POINT('',(-0.369912192375,0.604809312455));
#1906 = CARTESIAN_POINT('',(-0.445162397399,0.586861116784));
#1907 = CARTESIAN_POINT('',(-0.520177261526,0.566317232248));
#1908 = CARTESIAN_POINT('',(-0.594670065487,0.543675569889));
#1909 = CARTESIAN_POINT('',(-0.66823925275,0.519453343921));
#1910 = CARTESIAN_POINT('',(-0.740677668935,0.494087121129));
#1911 = CARTESIAN_POINT('',(-0.81095131402,0.468316754844));
#1912 = CARTESIAN_POINT('',(-0.882868100234,0.441120417335));
#1913 = CARTESIAN_POINT('',(-0.956002316597,0.412984603458));
#1914 = CARTESIAN_POINT('',(-1.030018678529,0.38436182156));
#1915 = CARTESIAN_POINT('',(-1.104575027553,0.355718901878));
#1916 = CARTESIAN_POINT('',(-1.179376823572,0.327499373599));
#1917 = CARTESIAN_POINT('',(-1.254214654627,0.300226115583));
#1918 = CARTESIAN_POINT('',(-1.328864073194,0.274209517981));
#1919 = CARTESIAN_POINT('',(-1.403010681302,0.249702606516));
#1920 = CARTESIAN_POINT('',(-1.476328027436,0.226968978982));
#1921 = CARTESIAN_POINT('',(-1.548382064736,0.206287309311));
#1922 = CARTESIAN_POINT('',(-1.619096867386,0.187865394819));
#1923 = CARTESIAN_POINT('',(-1.692026068277,0.170843097212));
#1924 = CARTESIAN_POINT('',(-1.766018523331,0.155546354259));
#1925 = CARTESIAN_POINT('',(-1.840890648819,0.142061913698));
#1926 = CARTESIAN_POINT('',(-1.916228338029,0.130526020482));
#1927 = CARTESIAN_POINT('',(-1.991747992902,0.121116120737));
#1928 = CARTESIAN_POINT('',(-2.067220544639,0.113732520388));
#1929 = CARTESIAN_POINT('',(-2.1423785948,0.108143822825));
#1930 = CARTESIAN_POINT('',(-2.216817802639,0.104165303998));
#1931 = CARTESIAN_POINT('',(-2.290352619508,0.101594186174));
#1932 = CARTESIAN_POINT('',(-2.361856011632,0.100253233796));
#1933 = CARTESIAN_POINT('',(-2.409816279741,0.100003580097));
#1934 = CARTESIAN_POINT('',(-2.434109441812,0.1));
#1935 = ( GEOMETRIC_REPRESENTATION_CONTEXT(2) 
PARAMETRIC_REPRESENTATION_CONTEXT() REPRESENTATION_CONTEXT('2D SPACE',''
  ) );
#1936 = ADVANCED_FACE('',(#1937),#933,.F.);
#1937 = FACE_BOUND('',#1938,.F.);
#1938 = EDGE_LOOP('',(#1939,#2061,#2062,#2184,#2304,#2305,#2306,#2330,
    #2353,#2419,#2420));
#1939 = ORIENTED_EDGE('',*,*,#1940,.F.);
#1940 = EDGE_CURVE('',#1369,#1941,#1943,.T.);
#1941 = VERTEX_POINT('',#1942);
#1942 = CARTESIAN_POINT('',(-31.39999999999,-20.2,42.473163434323));
#1943 = SURFACE_CURVE('',#1944,(#1959,#2010),.PCURVE_S1.);
#1944 = B_SPLINE_CURVE_WITH_KNOTS('',3,(#1945,#1946,#1947,#1948,#1949,
    #1950,#1951,#1952,#1953,#1954,#1955,#1956,#1957,#1958),
  .UNSPECIFIED.,.F.,.F.,(4,2,2,2,2,2,4),(0.966730755028,1.038678198493,
    1.132920253072,1.228083823474,1.323247393876,1.41758532208,
    1.511923250283),.UNSPECIFIED.);
#1945 = CARTESIAN_POINT('',(-35.5,-18.27906272877,42.));
#1946 = CARTESIAN_POINT('',(-35.31069134041,-18.12138248597,42.));
#1947 = CARTESIAN_POINT('',(-35.09046549562,-17.98696470596,
    42.003121582891));
#1948 = CARTESIAN_POINT('',(-34.54737361503,-17.76238338318,
    42.022584363834));
#1949 = CARTESIAN_POINT('',(-34.2128966731,-17.7,42.043328563461));
#1950 = CARTESIAN_POINT('',(-33.58404376672,-17.7,42.099448748641));
#1951 = CARTESIAN_POINT('',(-33.24814974476,-17.76347975763,
    42.138694923981));
#1952 = CARTESIAN_POINT('',(-32.63143179988,-18.02002883045,
    42.227314072455));
#1953 = CARTESIAN_POINT('',(-32.35052429513,-18.21305281597,
    42.276236011442));
#1954 = CARTESIAN_POINT('',(-31.90874729152,-18.65661437498,
    42.360469680801));
#1955 = CARTESIAN_POINT('',(-31.71736585483,-18.93640649818,
    42.40145858201));
#1956 = CARTESIAN_POINT('',(-31.46296429223,-19.55083359793,
    42.458069545929));
#1957 = CARTESIAN_POINT('',(-31.39999999999,-19.88554023932,
    42.473163434323));
#1958 = CARTESIAN_POINT('',(-31.39999999999,-20.2,42.473163434323));
#1959 = PCURVE('',#933,#1960);
#1960 = DEFINITIONAL_REPRESENTATION('',(#1961),#2009);
#1961 = B_SPLINE_CURVE_WITH_KNOTS('',3,(#1962,#1963,#1964,#1965,#1966,
    #1967,#1968,#1969,#1970,#1971,#1972,#1973,#1974,#1975,#1976,#1977,
    #1978,#1979,#1980,#1981,#1982,#1983,#1984,#1985,#1986,#1987,#1988,
    #1989,#1990,#1991,#1992,#1993,#1994,#1995,#1996,#1997,#1998,#1999,
    #2000,#2001,#2002,#2003,#2004,#2005,#2006,#2007,#2008),
  .UNSPECIFIED.,.F.,.F.,(4,1,1,1,1,1,1,1,1,1,1,1,1,1,1,1,1,1,1,1,1,1,1,1
    ,1,1,1,1,1,1,1,1,1,1,1,1,1,1,1,1,1,1,1,1,4),(0.966730755028,
    0.979121493557,0.991512232085,1.003902970614,1.016293709142,
    1.028684447671,1.041075186199,1.053465924728,1.065856663256,
    1.078247401785,1.090638140313,1.103028878842,1.11541961737,
    1.127810355899,1.140201094428,1.152591832956,1.164982571485,
    1.177373310013,1.189764048542,1.20215478707,1.214545525599,
    1.226936264127,1.239327002656,1.251717741184,1.264108479713,
    1.276499218241,1.28888995677,1.301280695298,1.313671433827,
    1.326062172355,1.338452910884,1.350843649412,1.363234387941,
    1.375625126469,1.388015864998,1.400406603527,1.412797342055,
    1.425188080584,1.437578819112,1.449969557641,1.462360296169,
    1.474751034698,1.487141773226,1.499532511755,1.511923250283),
  .UNSPECIFIED.);
#1962 = CARTESIAN_POINT('',(0.785398163397,-32.79261137974));
#1963 = CARTESIAN_POINT('',(0.783586904572,-32.76545579831));
#1964 = CARTESIAN_POINT('',(0.779862509842,-32.71252454757));
#1965 = CARTESIAN_POINT('',(0.773997341856,-32.63769422783));
#1966 = CARTESIAN_POINT('',(0.767880644852,-32.56785752344));
#1967 = CARTESIAN_POINT('',(0.761539495363,-32.50344065704));
#1968 = CARTESIAN_POINT('',(0.755000607968,-32.44487295764));
#1969 = CARTESIAN_POINT('',(0.748291805817,-32.39257216513));
#1970 = CARTESIAN_POINT('',(0.741435898712,-32.34700943028));
#1971 = CARTESIAN_POINT('',(0.734468308681,-32.3081416465));
#1972 = CARTESIAN_POINT('',(0.72742535009,-32.27593562473));
#1973 = CARTESIAN_POINT('',(0.720343185025,-32.25035548703));
#1974 = CARTESIAN_POINT('',(0.713257838723,-32.23136619347));
#1975 = CARTESIAN_POINT('',(0.706206076199,-32.21893204089));
#1976 = CARTESIAN_POINT('',(0.699221767731,-32.21301914111));
#1977 = CARTESIAN_POINT('',(0.692349439163,-32.21358700924));
#1978 = CARTESIAN_POINT('',(0.685346869679,-32.22061677233));
#1979 = CARTESIAN_POINT('',(0.678290593776,-32.23413278576));
#1980 = CARTESIAN_POINT('',(0.671204301494,-32.25415057876));
#1981 = CARTESIAN_POINT('',(0.664125884447,-32.28068817861));
#1982 = CARTESIAN_POINT('',(0.657089434233,-32.31376244658));
#1983 = CARTESIAN_POINT('',(0.650130094947,-32.35339240989));
#1984 = CARTESIAN_POINT('',(0.643282546501,-32.39958959802));
#1985 = CARTESIAN_POINT('',(0.636582117402,-32.45239336541));
#1986 = CARTESIAN_POINT('',(0.630053343609,-32.51136828488));
#1987 = CARTESIAN_POINT('',(0.623719959104,-32.57604381331));
#1988 = CARTESIAN_POINT('',(0.617606243123,-32.64595440475));
#1989 = CARTESIAN_POINT('',(0.611735503757,-32.72064937667));
#1990 = CARTESIAN_POINT('',(0.606134736865,-32.7996135958));
#1991 = CARTESIAN_POINT('',(0.600817450229,-32.88257486838));
#1992 = CARTESIAN_POINT('',(0.595847661624,-32.96835369336));
#1993 = CARTESIAN_POINT('',(0.591074372585,-33.05963429094));
#1994 = CARTESIAN_POINT('',(0.586490212067,-33.1566284937));
#1995 = CARTESIAN_POINT('',(0.582132688611,-33.25873554672));
#1996 = CARTESIAN_POINT('',(0.578027347778,-33.36557257079));
#1997 = CARTESIAN_POINT('',(0.574202906286,-33.47669777126));
#1998 = CARTESIAN_POINT('',(0.570687522585,-33.59168713962));
#1999 = CARTESIAN_POINT('',(0.567508552535,-33.71010443818));
#2000 = CARTESIAN_POINT('',(0.564697235996,-33.83154455985));
#2001 = CARTESIAN_POINT('',(0.562264626684,-33.95544765648));
#2002 = CARTESIAN_POINT('',(0.560207517736,-34.08114509149));
#2003 = CARTESIAN_POINT('',(0.558525963976,-34.20799308615));
#2004 = CARTESIAN_POINT('',(0.557219152788,-34.33534120107));
#2005 = CARTESIAN_POINT('',(0.556286512409,-34.46254078163));
#2006 = CARTESIAN_POINT('',(0.555727414562,-34.58894269481));
#2007 = CARTESIAN_POINT('',(0.555603306625,-34.67224618921));
#2008 = CARTESIAN_POINT('',(0.555603306517,-34.71354865097));
#2009 = ( GEOMETRIC_REPRESENTATION_CONTEXT(2) 
PARAMETRIC_REPRESENTATION_CONTEXT() REPRESENTATION_CONTEXT('2D SPACE',''
  ) );
#2010 = PCURVE('',#1389,#2011);
#2011 = DEFINITIONAL_REPRESENTATION('',(#2012),#2060);
#2012 = B_SPLINE_CURVE_WITH_KNOTS('',3,(#2013,#2014,#2015,#2016,#2017,
    #2018,#2019,#2020,#2021,#2022,#2023,#2024,#2025,#2026,#2027,#2028,
    #2029,#2030,#2031,#2032,#2033,#2034,#2035,#2036,#2037,#2038,#2039,
    #2040,#2041,#2042,#2043,#2044,#2045,#2046,#2047,#2048,#2049,#2050,
    #2051,#2052,#2053,#2054,#2055,#2056,#2057,#2058,#2059),
  .UNSPECIFIED.,.F.,.F.,(4,1,1,1,1,1,1,1,1,1,1,1,1,1,1,1,1,1,1,1,1,1,1,1
    ,1,1,1,1,1,1,1,1,1,1,1,1,1,1,1,1,1,1,1,1,4),(0.966730755028,
    0.979121493557,0.991512232085,1.003902970614,1.016293709142,
    1.028684447671,1.041075186199,1.053465924728,1.065856663256,
    1.078247401785,1.090638140313,1.103028878842,1.11541961737,
    1.127810355899,1.140201094428,1.152591832956,1.164982571485,
    1.177373310013,1.189764048542,1.20215478707,1.214545525599,
    1.226936264127,1.239327002656,1.251717741184,1.264108479713,
    1.276499218241,1.28888995677,1.301280695298,1.313671433827,
    1.326062172355,1.338452910884,1.350843649412,1.363234387941,
    1.375625126469,1.388015864998,1.400406603527,1.412797342055,
    1.425188080584,1.437578819112,1.449969557641,1.462360296169,
    1.474751034698,1.487141773226,1.499532511755,1.511923250283),
  .UNSPECIFIED.);
#2013 = CARTESIAN_POINT('',(-0.876298061167,0.1));
#2014 = CARTESIAN_POINT('',(-0.893270024387,0.1));
#2015 = CARTESIAN_POINT('',(-0.927425532461,0.100185176697));
#2016 = CARTESIAN_POINT('',(-0.979171373762,0.101085299308));
#2017 = CARTESIAN_POINT('',(-1.031308023127,0.102674880392));
#2018 = CARTESIAN_POINT('',(-1.083712328393,0.105020063848));
#2019 = CARTESIAN_POINT('',(-1.136268355724,0.108190548177));
#2020 = CARTESIAN_POINT('',(-1.188863050035,0.112242770472));
#2021 = CARTESIAN_POINT('',(-1.241425547668,0.117288985336));
#2022 = CARTESIAN_POINT('',(-1.293879879515,0.123302538));
#2023 = CARTESIAN_POINT('',(-1.34612110531,0.130246871528));
#2024 = CARTESIAN_POINT('',(-1.398032432973,0.138088031055));
#2025 = CARTESIAN_POINT('',(-1.449488297117,0.146791555604));
#2026 = CARTESIAN_POINT('',(-1.500353148491,0.156322406575));
#2027 = CARTESIAN_POINT('',(-1.550511826008,0.166648361966));
#2028 = CARTESIAN_POINT('',(-1.599777087637,0.177726511018));
#2029 = CARTESIAN_POINT('',(-1.6500240535,0.1899377048));
#2030 = CARTESIAN_POINT('',(-1.700835320556,0.203132061842));
#2031 = CARTESIAN_POINT('',(-1.752168479421,0.217249237742));
#2032 = CARTESIAN_POINT('',(-1.803879631666,0.232204794562));
#2033 = CARTESIAN_POINT('',(-1.855856533616,0.24792113143));
#2034 = CARTESIAN_POINT('',(-1.907988978933,0.264317392753));
#2035 = CARTESIAN_POINT('',(-1.960181113944,0.281318904752));
#2036 = CARTESIAN_POINT('',(-2.012358246719,0.298829521113));
#2037 = CARTESIAN_POINT('',(-2.064453288656,0.316667554747));
#2038 = CARTESIAN_POINT('',(-2.116376164102,0.334692903518));
#2039 = CARTESIAN_POINT('',(-2.168020923713,0.352753817969));
#2040 = CARTESIAN_POINT('',(-2.21928079738,0.370704678328));
#2041 = CARTESIAN_POINT('',(-2.270006713533,0.388386993404));
#2042 = CARTESIAN_POINT('',(-2.320184633408,0.405687627996));
#2043 = CARTESIAN_POINT('',(-2.369293837653,0.422324894362));
#2044 = CARTESIAN_POINT('',(-2.418989689701,0.438734973647));
#2045 = CARTESIAN_POINT('',(-2.469507311349,0.454876411739));
#2046 = CARTESIAN_POINT('',(-2.520621968809,0.470557978209));
#2047 = CARTESIAN_POINT('',(-2.572230371842,0.485628489681));
#2048 = CARTESIAN_POINT('',(-2.624200474262,0.499926350885));
#2049 = CARTESIAN_POINT('',(-2.676417749764,0.513291567072));
#2050 = CARTESIAN_POINT('',(-2.72877806226,0.52556815331));
#2051 = CARTESIAN_POINT('',(-2.781197525982,0.536582484869));
#2052 = CARTESIAN_POINT('',(-2.833606184674,0.546196694322));
#2053 = CARTESIAN_POINT('',(-2.885910143776,0.554406642529));
#2054 = CARTESIAN_POINT('',(-2.938000237947,0.561180991658));
#2055 = CARTESIAN_POINT('',(-2.989755580075,0.566495691757));
#2056 = CARTESIAN_POINT('',(-3.041048759506,0.570324740045));
#2057 = CARTESIAN_POINT('',(-3.091749782601,0.57264265718));
#2058 = CARTESIAN_POINT('',(-3.125072153765,0.573163434322));
#2059 = CARTESIAN_POINT('',(-3.14159265359,0.573163434322));
#2060 = ( GEOMETRIC_REPRESENTATION_CONTEXT(2) 
PARAMETRIC_REPRESENTATION_CONTEXT() REPRESENTATION_CONTEXT('2D SPACE',''
  ) );
#2061 = ORIENTED_EDGE('',*,*,#1401,.F.);
#2062 = ORIENTED_EDGE('',*,*,#2063,.F.);
#2063 = EDGE_CURVE('',#2064,#1402,#2066,.T.);
#2064 = VERTEX_POINT('',#2065);
#2065 = CARTESIAN_POINT('',(-31.4,21.599999999996,42.473163434321));
#2066 = SURFACE_CURVE('',#2067,(#2082,#2133),.PCURVE_S1.);
#2067 = B_SPLINE_CURVE_WITH_KNOTS('',3,(#2068,#2069,#2070,#2071,#2072,
    #2073,#2074,#2075,#2076,#2077,#2078,#2079,#2080,#2081),
  .UNSPECIFIED.,.F.,.F.,(4,2,2,2,2,2,4),(1.511923250283,1.606261178487,
    1.70059910669,1.795762677092,1.890926247494,1.985168302073,
    2.057115745538),.UNSPECIFIED.);
#2068 = CARTESIAN_POINT('',(-31.4,21.599999999996,42.473163434321));
#2069 = CARTESIAN_POINT('',(-31.4,21.285540239317,42.473163434321));
#2070 = CARTESIAN_POINT('',(-31.46296429224,20.950833597923,
    42.458069545928));
#2071 = CARTESIAN_POINT('',(-31.71736585483,20.336406498176,
    42.401458582009));
#2072 = CARTESIAN_POINT('',(-31.90874729153,20.056614374981,
    42.3604696808));
#2073 = CARTESIAN_POINT('',(-32.35052429513,19.613052815971,
    42.276236011441));
#2074 = CARTESIAN_POINT('',(-32.63143179989,19.420028830443,
    42.227314072454));
#2075 = CARTESIAN_POINT('',(-33.24814974476,19.163479757625,
    42.138694923981));
#2076 = CARTESIAN_POINT('',(-33.58404376673,19.099999999996,
    42.09944874864));
#2077 = CARTESIAN_POINT('',(-34.21289667311,19.099999999996,
    42.043328563461));
#2078 = CARTESIAN_POINT('',(-34.54737361503,19.162383383177,
    42.022584363834));
#2079 = CARTESIAN_POINT('',(-35.09046549563,19.386964705956,
    42.003121582891));
#2080 = CARTESIAN_POINT('',(-35.31069134042,19.521382485967,42.));
#2081 = CARTESIAN_POINT('',(-35.5,19.679062728764,42.));
#2082 = PCURVE('',#933,#2083);
#2083 = DEFINITIONAL_REPRESENTATION('',(#2084),#2132);
#2084 = B_SPLINE_CURVE_WITH_KNOTS('',3,(#2085,#2086,#2087,#2088,#2089,
    #2090,#2091,#2092,#2093,#2094,#2095,#2096,#2097,#2098,#2099,#2100,
    #2101,#2102,#2103,#2104,#2105,#2106,#2107,#2108,#2109,#2110,#2111,
    #2112,#2113,#2114,#2115,#2116,#2117,#2118,#2119,#2120,#2121,#2122,
    #2123,#2124,#2125,#2126,#2127,#2128,#2129,#2130,#2131),
  .UNSPECIFIED.,.F.,.F.,(4,1,1,1,1,1,1,1,1,1,1,1,1,1,1,1,1,1,1,1,1,1,1,1
    ,1,1,1,1,1,1,1,1,1,1,1,1,1,1,1,1,1,1,1,1,4),(1.511923250283,
    1.524313988812,1.53670472734,1.549095465869,1.561486204397,
    1.573876942926,1.586267681454,1.598658419983,1.611049158511,
    1.62343989704,1.635830635568,1.648221374097,1.660612112625,
    1.673002851154,1.685393589682,1.697784328211,1.710175066739,
    1.722565805268,1.734956543796,1.747347282325,1.759738020853,
    1.772128759382,1.78451949791,1.796910236439,1.809300974967,
    1.821691713496,1.834082452024,1.846473190553,1.858863929081,
    1.87125466761,1.883645406138,1.896036144667,1.908426883195,
    1.920817621724,1.933208360252,1.945599098781,1.957989837309,
    1.970380575838,1.982771314366,1.995162052895,2.007552791423,
    2.019943529952,2.03233426848,2.044725007009,2.057115745538),
  .UNSPECIFIED.);
#2085 = CARTESIAN_POINT('',(0.555603306517,7.086451349026));
#2086 = CARTESIAN_POINT('',(0.555603306626,7.045148887264));
#2087 = CARTESIAN_POINT('',(0.555727414562,6.961845392871));
#2088 = CARTESIAN_POINT('',(0.55628651241,6.835443479687));
#2089 = CARTESIAN_POINT('',(0.557219152789,6.708243899127));
#2090 = CARTESIAN_POINT('',(0.558525963976,6.580895784206));
#2091 = CARTESIAN_POINT('',(0.560207517737,6.454047789547));
#2092 = CARTESIAN_POINT('',(0.562264626684,6.328350354537));
#2093 = CARTESIAN_POINT('',(0.564697235997,6.204447257912));
#2094 = CARTESIAN_POINT('',(0.567508552535,6.083007136235));
#2095 = CARTESIAN_POINT('',(0.570687522585,5.964589837679));
#2096 = CARTESIAN_POINT('',(0.574202906287,5.849600469319));
#2097 = CARTESIAN_POINT('',(0.578027347778,5.738475268853));
#2098 = CARTESIAN_POINT('',(0.582132688611,5.631638244778));
#2099 = CARTESIAN_POINT('',(0.586490212068,5.529531191763));
#2100 = CARTESIAN_POINT('',(0.591074372585,5.432536988996));
#2101 = CARTESIAN_POINT('',(0.595847661625,5.341256391414));
#2102 = CARTESIAN_POINT('',(0.600817450229,5.255477566442));
#2103 = CARTESIAN_POINT('',(0.606134736865,5.172516293862));
#2104 = CARTESIAN_POINT('',(0.611735503757,5.09355207473));
#2105 = CARTESIAN_POINT('',(0.617606243123,5.018857102809));
#2106 = CARTESIAN_POINT('',(0.623719959104,4.948946511364));
#2107 = CARTESIAN_POINT('',(0.630053343609,4.884270982942));
#2108 = CARTESIAN_POINT('',(0.636582117402,4.825296063465));
#2109 = CARTESIAN_POINT('',(0.643282546501,4.772492296078));
#2110 = CARTESIAN_POINT('',(0.650130094947,4.726295107947));
#2111 = CARTESIAN_POINT('',(0.657089434234,4.686665144641));
#2112 = CARTESIAN_POINT('',(0.664125884447,4.653590876667));
#2113 = CARTESIAN_POINT('',(0.671204301494,4.62705327682));
#2114 = CARTESIAN_POINT('',(0.678290593776,4.607035483818));
#2115 = CARTESIAN_POINT('',(0.685346869679,4.59351947039));
#2116 = CARTESIAN_POINT('',(0.692349439163,4.586489707299));
#2117 = CARTESIAN_POINT('',(0.699221767731,4.585921839164));
#2118 = CARTESIAN_POINT('',(0.706206076199,4.591834738948));
#2119 = CARTESIAN_POINT('',(0.713257838723,4.604268891526));
#2120 = CARTESIAN_POINT('',(0.720343185025,4.623258185081));
#2121 = CARTESIAN_POINT('',(0.72742535009,4.648838322785));
#2122 = CARTESIAN_POINT('',(0.734468308681,4.681044344552));
#2123 = CARTESIAN_POINT('',(0.741435898712,4.719912128332));
#2124 = CARTESIAN_POINT('',(0.748291805817,4.765474863188));
#2125 = CARTESIAN_POINT('',(0.755000607968,4.817775655697));
#2126 = CARTESIAN_POINT('',(0.761539495363,4.87634335509));
#2127 = CARTESIAN_POINT('',(0.767880644852,4.940760221489));
#2128 = CARTESIAN_POINT('',(0.773997341856,5.010596925882));
#2129 = CARTESIAN_POINT('',(0.779862509842,5.085427245622));
#2130 = CARTESIAN_POINT('',(0.783586904572,5.138358496365));
#2131 = CARTESIAN_POINT('',(0.785398163397,5.165514077794));
#2132 = ( GEOMETRIC_REPRESENTATION_CONTEXT(2) 
PARAMETRIC_REPRESENTATION_CONTEXT() REPRESENTATION_CONTEXT('2D SPACE',''
  ) );
#2133 = PCURVE('',#1443,#2134);
#2134 = DEFINITIONAL_REPRESENTATION('',(#2135),#2183);
#2135 = B_SPLINE_CURVE_WITH_KNOTS('',3,(#2136,#2137,#2138,#2139,#2140,
    #2141,#2142,#2143,#2144,#2145,#2146,#2147,#2148,#2149,#2150,#2151,
    #2152,#2153,#2154,#2155,#2156,#2157,#2158,#2159,#2160,#2161,#2162,
    #2163,#2164,#2165,#2166,#2167,#2168,#2169,#2170,#2171,#2172,#2173,
    #2174,#2175,#2176,#2177,#2178,#2179,#2180,#2181,#2182),
  .UNSPECIFIED.,.F.,.F.,(4,1,1,1,1,1,1,1,1,1,1,1,1,1,1,1,1,1,1,1,1,1,1,1
    ,1,1,1,1,1,1,1,1,1,1,1,1,1,1,1,1,1,1,1,1,4),(1.511923250283,
    1.524313988812,1.53670472734,1.549095465869,1.561486204397,
    1.573876942926,1.586267681454,1.598658419983,1.611049158511,
    1.62343989704,1.635830635568,1.648221374097,1.660612112625,
    1.673002851154,1.685393589682,1.697784328211,1.710175066739,
    1.722565805268,1.734956543796,1.747347282325,1.759738020853,
    1.772128759382,1.78451949791,1.796910236439,1.809300974968,
    1.821691713496,1.834082452025,1.846473190553,1.858863929082,
    1.87125466761,1.883645406139,1.896036144667,1.908426883196,
    1.920817621724,1.933208360253,1.945599098781,1.95798983731,
    1.970380575838,1.982771314367,1.995162052895,2.007552791424,
    2.019943529952,2.032334268481,2.044725007009,2.057115745538),
  .UNSPECIFIED.);
#2136 = CARTESIAN_POINT('',(3.14159265359,0.573163434321));
#2137 = CARTESIAN_POINT('',(3.125072153765,0.573163434321));
#2138 = CARTESIAN_POINT('',(3.091749782601,0.572642657179));
#2139 = CARTESIAN_POINT('',(3.041048759507,0.570324740044));
#2140 = CARTESIAN_POINT('',(2.989755580076,0.566495691756));
#2141 = CARTESIAN_POINT('',(2.938000237948,0.561180991657));
#2142 = CARTESIAN_POINT('',(2.885910143777,0.554406642528));
#2143 = CARTESIAN_POINT('',(2.833606184675,0.546196694321));
#2144 = CARTESIAN_POINT('',(2.781197525983,0.536582484868));
#2145 = CARTESIAN_POINT('',(2.728778062261,0.52556815331));
#2146 = CARTESIAN_POINT('',(2.676417749765,0.513291567071));
#2147 = CARTESIAN_POINT('',(2.624200474263,0.499926350885));
#2148 = CARTESIAN_POINT('',(2.572230371843,0.48562848968));
#2149 = CARTESIAN_POINT('',(2.52062196881,0.470557978208));
#2150 = CARTESIAN_POINT('',(2.469507311349,0.454876411738));
#2151 = CARTESIAN_POINT('',(2.418989689701,0.438734973646));
#2152 = CARTESIAN_POINT('',(2.369293837653,0.422324894361));
#2153 = CARTESIAN_POINT('',(2.320184633408,0.405687627995));
#2154 = CARTESIAN_POINT('',(2.270006713533,0.388386993403));
#2155 = CARTESIAN_POINT('',(2.21928079738,0.370704678327));
#2156 = CARTESIAN_POINT('',(2.168020923713,0.352753817968));
#2157 = CARTESIAN_POINT('',(2.116376164101,0.334692903517));
#2158 = CARTESIAN_POINT('',(2.064453288656,0.316667554746));
#2159 = CARTESIAN_POINT('',(2.012358246718,0.298829521112));
#2160 = CARTESIAN_POINT('',(1.960181113944,0.281318904752));
#2161 = CARTESIAN_POINT('',(1.907988978933,0.264317392752));
#2162 = CARTESIAN_POINT('',(1.855856533616,0.24792113143));
#2163 = CARTESIAN_POINT('',(1.803879631666,0.232204794562));
#2164 = CARTESIAN_POINT('',(1.752168479421,0.217249237741));
#2165 = CARTESIAN_POINT('',(1.700835320556,0.203132061842));
#2166 = CARTESIAN_POINT('',(1.6500240535,0.189937704799));
#2167 = CARTESIAN_POINT('',(1.599777087636,0.177726511018));
#2168 = CARTESIAN_POINT('',(1.550511826008,0.166648361965));
#2169 = CARTESIAN_POINT('',(1.500353148491,0.156322406575));
#2170 = CARTESIAN_POINT('',(1.449488297117,0.146791555603));
#2171 = CARTESIAN_POINT('',(1.398032432973,0.138088031055));
#2172 = CARTESIAN_POINT('',(1.34612110531,0.130246871528));
#2173 = CARTESIAN_POINT('',(1.293879879515,0.123302538));
#2174 = CARTESIAN_POINT('',(1.241425547668,0.117288985337));
#2175 = CARTESIAN_POINT('',(1.188863050035,0.112242770473));
#2176 = CARTESIAN_POINT('',(1.136268355725,0.108190548177));
#2177 = CARTESIAN_POINT('',(1.083712328393,0.105020063848));
#2178 = CARTESIAN_POINT('',(1.031308023128,0.102674880393));
#2179 = CARTESIAN_POINT('',(0.979171373763,0.101085299308));
#2180 = CARTESIAN_POINT('',(0.927425532462,0.100185176697));
#2181 = CARTESIAN_POINT('',(0.893270024389,0.1));
#2182 = CARTESIAN_POINT('',(0.876298061169,0.1));
#2183 = ( GEOMETRIC_REPRESENTATION_CONTEXT(2) 
PARAMETRIC_REPRESENTATION_CONTEXT() REPRESENTATION_CONTEXT('2D SPACE',''
  ) );
#2184 = ORIENTED_EDGE('',*,*,#2185,.F.);
#2185 = EDGE_CURVE('',#971,#2064,#2186,.T.);
#2186 = SURFACE_CURVE('',#2187,(#2202,#2253),.PCURVE_S1.);
#2187 = B_SPLINE_CURVE_WITH_KNOTS('',3,(#2188,#2189,#2190,#2191,#2192,
    #2193,#2194,#2195,#2196,#2197,#2198,#2199,#2200,#2201),
  .UNSPECIFIED.,.F.,.F.,(4,2,2,2,2,2,4),(0.966730755029,1.038678198493,
    1.132920253072,1.228083823474,1.323247393876,1.41758532208,
    1.511923250283),.UNSPECIFIED.);
#2188 = CARTESIAN_POINT('',(-35.5,23.520937271228,42.));
#2189 = CARTESIAN_POINT('',(-35.31069134042,23.678617514026,42.));
#2190 = CARTESIAN_POINT('',(-35.09046549563,23.813035294036,
    42.003121582891));
#2191 = CARTESIAN_POINT('',(-34.54737361503,24.037616616815,
    42.022584363834));
#2192 = CARTESIAN_POINT('',(-34.21289667311,24.099999999996,
    42.043328563461));
#2193 = CARTESIAN_POINT('',(-33.58404376673,24.099999999996,
    42.09944874864));
#2194 = CARTESIAN_POINT('',(-33.24814974476,24.036520242367,
    42.138694923981));
#2195 = CARTESIAN_POINT('',(-32.63143179989,23.779971169549,
    42.227314072454));
#2196 = CARTESIAN_POINT('',(-32.35052429513,23.586947184021,
    42.276236011441));
#2197 = CARTESIAN_POINT('',(-31.90874729153,23.143385625011,
    42.3604696808));
#2198 = CARTESIAN_POINT('',(-31.71736585483,22.863593501816,
    42.401458582009));
#2199 = CARTESIAN_POINT('',(-31.46296429224,22.249166402069,
    42.458069545928));
#2200 = CARTESIAN_POINT('',(-31.4,21.914459760675,42.473163434321));
#2201 = CARTESIAN_POINT('',(-31.4,21.599999999996,42.473163434321));
#2202 = PCURVE('',#933,#2203);
#2203 = DEFINITIONAL_REPRESENTATION('',(#2204),#2252);
#2204 = B_SPLINE_CURVE_WITH_KNOTS('',3,(#2205,#2206,#2207,#2208,#2209,
    #2210,#2211,#2212,#2213,#2214,#2215,#2216,#2217,#2218,#2219,#2220,
    #2221,#2222,#2223,#2224,#2225,#2226,#2227,#2228,#2229,#2230,#2231,
    #2232,#2233,#2234,#2235,#2236,#2237,#2238,#2239,#2240,#2241,#2242,
    #2243,#2244,#2245,#2246,#2247,#2248,#2249,#2250,#2251),
  .UNSPECIFIED.,.F.,.F.,(4,1,1,1,1,1,1,1,1,1,1,1,1,1,1,1,1,1,1,1,1,1,1,1
    ,1,1,1,1,1,1,1,1,1,1,1,1,1,1,1,1,1,1,1,1,4),(0.966730755029,
    0.979121493557,0.991512232086,1.003902970614,1.016293709143,
    1.028684447671,1.0410751862,1.053465924728,1.065856663257,
    1.078247401785,1.090638140314,1.103028878842,1.115419617371,
    1.127810355899,1.140201094428,1.152591832956,1.164982571485,
    1.177373310014,1.189764048542,1.202154787071,1.214545525599,
    1.226936264128,1.239327002656,1.251717741185,1.264108479713,
    1.276499218242,1.28888995677,1.301280695299,1.313671433827,
    1.326062172356,1.338452910884,1.350843649413,1.363234387941,
    1.37562512647,1.388015864998,1.400406603527,1.412797342055,
    1.425188080584,1.437578819112,1.449969557641,1.462360296169,
    1.474751034698,1.487141773226,1.499532511755,1.511923250283),
  .UNSPECIFIED.);
#2205 = CARTESIAN_POINT('',(0.785398163397,9.007388620258));
#2206 = CARTESIAN_POINT('',(0.783586904572,9.034544201687));
#2207 = CARTESIAN_POINT('',(0.779862509842,9.087475452429));
#2208 = CARTESIAN_POINT('',(0.773997341856,9.16230577217));
#2209 = CARTESIAN_POINT('',(0.767880644852,9.232142476563));
#2210 = CARTESIAN_POINT('',(0.761539495363,9.296559342962));
#2211 = CARTESIAN_POINT('',(0.755000607968,9.355127042354));
#2212 = CARTESIAN_POINT('',(0.748291805817,9.407427834864));
#2213 = CARTESIAN_POINT('',(0.741435898712,9.45299056972));
#2214 = CARTESIAN_POINT('',(0.734468308681,9.4918583535));
#2215 = CARTESIAN_POINT('',(0.72742535009,9.524064375266));
#2216 = CARTESIAN_POINT('',(0.720343185025,9.54964451297));
#2217 = CARTESIAN_POINT('',(0.713257838723,9.568633806526));
#2218 = CARTESIAN_POINT('',(0.706206076199,9.581067959104));
#2219 = CARTESIAN_POINT('',(0.699221767731,9.586980858887));
#2220 = CARTESIAN_POINT('',(0.692349439163,9.586412990752));
#2221 = CARTESIAN_POINT('',(0.685346869679,9.579383227662));
#2222 = CARTESIAN_POINT('',(0.678290593776,9.565867214234));
#2223 = CARTESIAN_POINT('',(0.671204301494,9.545849421232));
#2224 = CARTESIAN_POINT('',(0.664125884447,9.519311821384));
#2225 = CARTESIAN_POINT('',(0.657089434234,9.486237553411));
#2226 = CARTESIAN_POINT('',(0.650130094947,9.446607590104));
#2227 = CARTESIAN_POINT('',(0.643282546501,9.400410401974));
#2228 = CARTESIAN_POINT('',(0.636582117402,9.347606634586));
#2229 = CARTESIAN_POINT('',(0.630053343609,9.288631715109));
#2230 = CARTESIAN_POINT('',(0.623719959104,9.223956186688));
#2231 = CARTESIAN_POINT('',(0.617606243123,9.154045595243));
#2232 = CARTESIAN_POINT('',(0.611735503757,9.079350623322));
#2233 = CARTESIAN_POINT('',(0.606134736865,9.000386404189));
#2234 = CARTESIAN_POINT('',(0.600817450229,8.91742513161));
#2235 = CARTESIAN_POINT('',(0.595847661625,8.831646306638));
#2236 = CARTESIAN_POINT('',(0.591074372585,8.740365709056));
#2237 = CARTESIAN_POINT('',(0.586490212068,8.643371506289));
#2238 = CARTESIAN_POINT('',(0.582132688611,8.541264453274));
#2239 = CARTESIAN_POINT('',(0.578027347778,8.434427429199));
#2240 = CARTESIAN_POINT('',(0.574202906287,8.323302228733));
#2241 = CARTESIAN_POINT('',(0.570687522585,8.208312860373));
#2242 = CARTESIAN_POINT('',(0.567508552535,8.089895561817));
#2243 = CARTESIAN_POINT('',(0.564697235997,7.96845544014));
#2244 = CARTESIAN_POINT('',(0.562264626684,7.844552343515));
#2245 = CARTESIAN_POINT('',(0.560207517737,7.718854908504));
#2246 = CARTESIAN_POINT('',(0.558525963976,7.592006913846));
#2247 = CARTESIAN_POINT('',(0.557219152789,7.464658798924));
#2248 = CARTESIAN_POINT('',(0.55628651241,7.337459218364));
#2249 = CARTESIAN_POINT('',(0.555727414562,7.211057305181));
#2250 = CARTESIAN_POINT('',(0.555603306626,7.127753810787));
#2251 = CARTESIAN_POINT('',(0.555603306517,7.086451349026));
#2252 = ( GEOMETRIC_REPRESENTATION_CONTEXT(2) 
PARAMETRIC_REPRESENTATION_CONTEXT() REPRESENTATION_CONTEXT('2D SPACE',''
  ) );
#2253 = PCURVE('',#1443,#2254);
#2254 = DEFINITIONAL_REPRESENTATION('',(#2255),#2303);
#2255 = B_SPLINE_CURVE_WITH_KNOTS('',3,(#2256,#2257,#2258,#2259,#2260,
    #2261,#2262,#2263,#2264,#2265,#2266,#2267,#2268,#2269,#2270,#2271,
    #2272,#2273,#2274,#2275,#2276,#2277,#2278,#2279,#2280,#2281,#2282,
    #2283,#2284,#2285,#2286,#2287,#2288,#2289,#2290,#2291,#2292,#2293,
    #2294,#2295,#2296,#2297,#2298,#2299,#2300,#2301,#2302),
  .UNSPECIFIED.,.F.,.F.,(4,1,1,1,1,1,1,1,1,1,1,1,1,1,1,1,1,1,1,1,1,1,1,1
    ,1,1,1,1,1,1,1,1,1,1,1,1,1,1,1,1,1,1,1,1,4),(0.966730755029,
    0.979121493558,0.991512232086,1.003902970614,1.016293709143,
    1.028684447672,1.0410751862,1.053465924728,1.065856663257,
    1.078247401785,1.090638140314,1.103028878843,1.115419617371,
    1.1278103559,1.140201094428,1.152591832956,1.164982571485,
    1.177373310013,1.189764048542,1.202154787071,1.214545525599,
    1.226936264128,1.239327002656,1.251717741184,1.264108479713,
    1.276499218242,1.28888995677,1.301280695298,1.313671433827,
    1.326062172355,1.338452910884,1.350843649413,1.363234387941,
    1.37562512647,1.388015864998,1.400406603526,1.412797342055,
    1.425188080583,1.437578819112,1.449969557641,1.462360296169,
    1.474751034697,1.487141773226,1.499532511754,1.511923250283),
  .UNSPECIFIED.);
#2256 = CARTESIAN_POINT('',(-0.876298061169,0.1));
#2257 = CARTESIAN_POINT('',(-0.893270024389,0.1));
#2258 = CARTESIAN_POINT('',(-0.927425532463,0.100185176697));
#2259 = CARTESIAN_POINT('',(-0.979171373764,0.101085299308));
#2260 = CARTESIAN_POINT('',(-1.03130802313,0.102674880393));
#2261 = CARTESIAN_POINT('',(-1.083712328396,0.105020063848));
#2262 = CARTESIAN_POINT('',(-1.136268355727,0.108190548177));
#2263 = CARTESIAN_POINT('',(-1.188863050038,0.112242770473));
#2264 = CARTESIAN_POINT('',(-1.241425547672,0.117288985337));
#2265 = CARTESIAN_POINT('',(-1.293879879518,0.123302538));
#2266 = CARTESIAN_POINT('',(-1.346121105314,0.130246871528));
#2267 = CARTESIAN_POINT('',(-1.398032432976,0.138088031055));
#2268 = CARTESIAN_POINT('',(-1.44948829712,0.146791555604));
#2269 = CARTESIAN_POINT('',(-1.500353148494,0.156322406576));
#2270 = CARTESIAN_POINT('',(-1.550511826011,0.166648361966));
#2271 = CARTESIAN_POINT('',(-1.599777087639,0.177726511018));
#2272 = CARTESIAN_POINT('',(-1.650024053503,0.189937704799));
#2273 = CARTESIAN_POINT('',(-1.700835320559,0.203132061842));
#2274 = CARTESIAN_POINT('',(-1.752168479423,0.217249237742));
#2275 = CARTESIAN_POINT('',(-1.803879631668,0.232204794562));
#2276 = CARTESIAN_POINT('',(-1.855856533619,0.24792113143));
#2277 = CARTESIAN_POINT('',(-1.907988978936,0.264317392753));
#2278 = CARTESIAN_POINT('',(-1.960181113946,0.281318904752));
#2279 = CARTESIAN_POINT('',(-2.012358246721,0.298829521113));
#2280 = CARTESIAN_POINT('',(-2.064453288658,0.316667554747));
#2281 = CARTESIAN_POINT('',(-2.116376164103,0.334692903518));
#2282 = CARTESIAN_POINT('',(-2.168020923715,0.352753817969));
#2283 = CARTESIAN_POINT('',(-2.219280797381,0.370704678328));
#2284 = CARTESIAN_POINT('',(-2.270006713534,0.388386993404));
#2285 = CARTESIAN_POINT('',(-2.320184633409,0.405687627996));
#2286 = CARTESIAN_POINT('',(-2.369293837654,0.422324894361));
#2287 = CARTESIAN_POINT('',(-2.418989689701,0.438734973646));
#2288 = CARTESIAN_POINT('',(-2.469507311349,0.454876411738));
#2289 = CARTESIAN_POINT('',(-2.520621968809,0.470557978208));
#2290 = CARTESIAN_POINT('',(-2.572230371842,0.48562848968));
#2291 = CARTESIAN_POINT('',(-2.624200474262,0.499926350884));
#2292 = CARTESIAN_POINT('',(-2.676417749763,0.513291567071));
#2293 = CARTESIAN_POINT('',(-2.728778062259,0.525568153309));
#2294 = CARTESIAN_POINT('',(-2.78119752598,0.536582484867));
#2295 = CARTESIAN_POINT('',(-2.833606184673,0.54619669432));
#2296 = CARTESIAN_POINT('',(-2.885910143775,0.554406642527));
#2297 = CARTESIAN_POINT('',(-2.938000237946,0.561180991656));
#2298 = CARTESIAN_POINT('',(-2.989755580074,0.566495691756));
#2299 = CARTESIAN_POINT('',(-3.041048759506,0.570324740044));
#2300 = CARTESIAN_POINT('',(-3.091749782601,0.572642657179));
#2301 = CARTESIAN_POINT('',(-3.125072153765,0.573163434321));
#2302 = CARTESIAN_POINT('',(-3.14159265359,0.573163434321));
#2303 = ( GEOMETRIC_REPRESENTATION_CONTEXT(2) 
PARAMETRIC_REPRESENTATION_CONTEXT() REPRESENTATION_CONTEXT('2D SPACE',''
  ) );
#2304 = ORIENTED_EDGE('',*,*,#970,.F.);
#2305 = ORIENTED_EDGE('',*,*,#890,.T.);
#2306 = ORIENTED_EDGE('',*,*,#2307,.F.);
#2307 = EDGE_CURVE('',#2308,#868,#2310,.T.);
#2308 = VERTEX_POINT('',#2309);
#2309 = CARTESIAN_POINT('',(-17.5,29.027097304927,60.));
#2310 = SURFACE_CURVE('',#2311,(#2316,#2323),.PCURVE_S1.);
#2311 = CIRCLE('',#2312,18.);
#2312 = AXIS2_PLACEMENT_3D('',#2313,#2314,#2315);
#2313 = CARTESIAN_POINT('',(-35.5,29.027097304927,60.));
#2314 = DIRECTION('',(0.,1.,0.));
#2315 = DIRECTION('',(0.707106781187,0.,-0.707106781187));
#2316 = PCURVE('',#933,#2317);
#2317 = DEFINITIONAL_REPRESENTATION('',(#2318),#2322);
#2318 = LINE('',#2319,#2320);
#2319 = CARTESIAN_POINT('',(-6.28318530718,14.513548653957));
#2320 = VECTOR('',#2321,1.);
#2321 = DIRECTION('',(1.,0.));
#2322 = ( GEOMETRIC_REPRESENTATION_CONTEXT(2) 
PARAMETRIC_REPRESENTATION_CONTEXT() REPRESENTATION_CONTEXT('2D SPACE',''
  ) );
#2323 = PCURVE('',#609,#2324);
#2324 = DEFINITIONAL_REPRESENTATION('',(#2325),#2329);
#2325 = CIRCLE('',#2326,18.);
#2326 = AXIS2_PLACEMENT_2D('',#2327,#2328);
#2327 = CARTESIAN_POINT('',(53.,12.));
#2328 = DIRECTION('',(-0.707106781187,-0.707106781187));
#2329 = ( GEOMETRIC_REPRESENTATION_CONTEXT(2) 
PARAMETRIC_REPRESENTATION_CONTEXT() REPRESENTATION_CONTEXT('2D SPACE',''
  ) );
#2330 = ORIENTED_EDGE('',*,*,#2331,.F.);
#2331 = EDGE_CURVE('',#2332,#2308,#2334,.T.);
#2332 = VERTEX_POINT('',#2333);
#2333 = CARTESIAN_POINT('',(-17.5,-7.972902695073,60.));
#2334 = SURFACE_CURVE('',#2335,(#2339,#2346),.PCURVE_S1.);
#2335 = LINE('',#2336,#2337);
#2336 = CARTESIAN_POINT('',(-17.5,14.51354865097,60.));
#2337 = VECTOR('',#2338,1.);
#2338 = DIRECTION('',(0.,1.,6.123234059182E-17));
#2339 = PCURVE('',#933,#2340);
#2340 = DEFINITIONAL_REPRESENTATION('',(#2341),#2345);
#2341 = LINE('',#2342,#2343);
#2342 = CARTESIAN_POINT('',(-0.785398163397,0.));
#2343 = VECTOR('',#2344,1.);
#2344 = DIRECTION('',(0.,1.));
#2345 = ( GEOMETRIC_REPRESENTATION_CONTEXT(2) 
PARAMETRIC_REPRESENTATION_CONTEXT() REPRESENTATION_CONTEXT('2D SPACE',''
  ) );
#2346 = PCURVE('',#637,#2347);
#2347 = DEFINITIONAL_REPRESENTATION('',(#2348),#2352);
#2348 = LINE('',#2349,#2350);
#2349 = CARTESIAN_POINT('',(14.513548653957,12.));
#2350 = VECTOR('',#2351,1.);
#2351 = DIRECTION('',(-1.,6.123234059182E-17));
#2352 = ( GEOMETRIC_REPRESENTATION_CONTEXT(2) 
PARAMETRIC_REPRESENTATION_CONTEXT() REPRESENTATION_CONTEXT('2D SPACE',''
  ) );
#2353 = ORIENTED_EDGE('',*,*,#2354,.F.);
#2354 = EDGE_CURVE('',#1318,#2332,#2355,.T.);
#2355 = SURFACE_CURVE('',#2356,(#2361,#2390),.PCURVE_S1.);
#2356 = ELLIPSE('',#2357,25.455844122716,18.);
#2357 = AXIS2_PLACEMENT_3D('',#2358,#2359,#2360);
#2358 = CARTESIAN_POINT('',(-35.5,-25.97290269507,60.));
#2359 = DIRECTION('',(0.707106781187,-0.707106781187,0.));
#2360 = DIRECTION('',(-0.707106781187,-0.707106781187,
    -8.659560652068E-17));
#2361 = PCURVE('',#933,#2362);
#2362 = DEFINITIONAL_REPRESENTATION('',(#2363),#2389);
#2363 = B_SPLINE_CURVE_WITH_KNOTS('',3,(#2364,#2365,#2366,#2367,#2368,
    #2369,#2370,#2371,#2372,#2373,#2374,#2375,#2376,#2377,#2378,#2379,
    #2380,#2381,#2382,#2383,#2384,#2385,#2386,#2387,#2388),
  .UNSPECIFIED.,.F.,.F.,(4,1,1,1,1,1,1,1,1,1,1,1,1,1,1,1,1,1,1,1,1,1,4),
  (1.570796326795,1.642196159831,1.713595992867,1.784995825903,
    1.856395658939,1.927795491976,1.999195325012,2.070595158048,
    2.141994991084,2.21339482412,2.284794657156,2.356194490192,
    2.427594323228,2.498994156265,2.570393989301,2.641793822337,
    2.713193655373,2.784593488409,2.855993321445,2.927393154481,
    2.998792987518,3.070192820554,3.14159265359),.UNSPECIFIED.);
#2364 = CARTESIAN_POINT('',(0.785398163397,-40.48645134604));
#2365 = CARTESIAN_POINT('',(0.761598219052,-40.05804901381));
#2366 = CARTESIAN_POINT('',(0.713998330361,-39.20125611311));
#2367 = CARTESIAN_POINT('',(0.642598497325,-37.92260637413));
#2368 = CARTESIAN_POINT('',(0.571198664289,-36.65702393309));
#2369 = CARTESIAN_POINT('',(0.499798831253,-35.41095469801));
#2370 = CARTESIAN_POINT('',(0.428398998217,-34.19074921221));
#2371 = CARTESIAN_POINT('',(0.356999165181,-33.00262513267));
#2372 = CARTESIAN_POINT('',(0.285599332145,-31.85263692912));
#2373 = CARTESIAN_POINT('',(0.214199499108,-30.7466446613));
#2374 = CARTESIAN_POINT('',(0.142799666072,-29.69028421671));
#2375 = CARTESIAN_POINT('',(7.139983303613E-02,-28.68893856485));
#2376 = CARTESIAN_POINT('',(6.470263142353E-16,-27.74771033402));
#2377 = CARTESIAN_POINT('',(-7.139983303613E-02,-26.87139580717));
#2378 = CARTESIAN_POINT('',(-0.142799666072,-26.06446048328));
#2379 = CARTESIAN_POINT('',(-0.214199499108,-25.33101631613));
#2380 = CARTESIAN_POINT('',(-0.285599332145,-24.67480078267));
#2381 = CARTESIAN_POINT('',(-0.356999165181,-24.09915775616));
#2382 = CARTESIAN_POINT('',(-0.428398998217,-23.60702077065));
#2383 = CARTESIAN_POINT('',(-0.499798831253,-23.20089693752));
#2384 = CARTESIAN_POINT('',(-0.571198664289,-22.88285840516));
#2385 = CARTESIAN_POINT('',(-0.642598497325,-22.65451599319));
#2386 = CARTESIAN_POINT('',(-0.713998330361,-22.51706997516));
#2387 = CARTESIAN_POINT('',(-0.761598219052,-22.48641252804));
#2388 = CARTESIAN_POINT('',(-0.785398163397,-22.48645134604));
#2389 = ( GEOMETRIC_REPRESENTATION_CONTEXT(2) 
PARAMETRIC_REPRESENTATION_CONTEXT() REPRESENTATION_CONTEXT('2D SPACE',''
  ) );
#2390 = PCURVE('',#1333,#2391);
#2391 = DEFINITIONAL_REPRESENTATION('',(#2392),#2418);
#2392 = B_SPLINE_CURVE_WITH_KNOTS('',3,(#2393,#2394,#2395,#2396,#2397,
    #2398,#2399,#2400,#2401,#2402,#2403,#2404,#2405,#2406,#2407,#2408,
    #2409,#2410,#2411,#2412,#2413,#2414,#2415,#2416,#2417),
  .UNSPECIFIED.,.F.,.F.,(4,1,1,1,1,1,1,1,1,1,1,1,1,1,1,1,1,1,1,1,1,1,4),
  (1.570796326795,1.642196159831,1.713595992867,1.784995825903,
    1.856395658939,1.927795491976,1.999195325012,2.070595158048,
    2.141994991084,2.21339482412,2.284794657156,2.356194490192,
    2.427594323228,2.498994156265,2.570393989301,2.641793822337,
    2.713193655373,2.784593488409,2.855993321445,2.927393154481,
    2.998792987518,3.070192820554,3.14159265359),.UNSPECIFIED.);
#2393 = CARTESIAN_POINT('',(0.785398163397,26.750000524521));
#2394 = CARTESIAN_POINT('',(0.761598219052,26.321598192288));
#2395 = CARTESIAN_POINT('',(0.713998330361,25.46480529159));
#2396 = CARTESIAN_POINT('',(0.642598497325,24.186155552612));
#2397 = CARTESIAN_POINT('',(0.571198664289,22.920573111574));
#2398 = CARTESIAN_POINT('',(0.499798831253,21.674503876496));
#2399 = CARTESIAN_POINT('',(0.428398998217,20.454298390693));
#2400 = CARTESIAN_POINT('',(0.356999165181,19.266174311156));
#2401 = CARTESIAN_POINT('',(0.285599332145,18.116186107606));
#2402 = CARTESIAN_POINT('',(0.214199499108,17.01019383978));
#2403 = CARTESIAN_POINT('',(0.142799666072,15.953833395196));
#2404 = CARTESIAN_POINT('',(7.139983303613E-02,14.952487743335));
#2405 = CARTESIAN_POINT('',(9.175502473424E-16,14.011259512498));
#2406 = CARTESIAN_POINT('',(-7.139983303613E-02,13.134944985653));
#2407 = CARTESIAN_POINT('',(-0.142799666072,12.328009661757));
#2408 = CARTESIAN_POINT('',(-0.214199499108,11.594565494612));
#2409 = CARTESIAN_POINT('',(-0.285599332145,10.938349961153));
#2410 = CARTESIAN_POINT('',(-0.356999165181,10.362706934639));
#2411 = CARTESIAN_POINT('',(-0.428398998217,9.870569949129));
#2412 = CARTESIAN_POINT('',(-0.499798831253,9.464446115997));
#2413 = CARTESIAN_POINT('',(-0.571198664289,9.146407583642));
#2414 = CARTESIAN_POINT('',(-0.642598497325,8.918065171674));
#2415 = CARTESIAN_POINT('',(-0.713998330361,8.780619153646));
#2416 = CARTESIAN_POINT('',(-0.761598219052,8.749961706522));
#2417 = CARTESIAN_POINT('',(-0.785398163397,8.750000524521));
#2418 = ( GEOMETRIC_REPRESENTATION_CONTEXT(2) 
PARAMETRIC_REPRESENTATION_CONTEXT() REPRESENTATION_CONTEXT('2D SPACE',''
  ) );
#2419 = ORIENTED_EDGE('',*,*,#1345,.F.);
#2420 = ORIENTED_EDGE('',*,*,#2421,.F.);
#2421 = EDGE_CURVE('',#1941,#1346,#2422,.T.);
#2422 = SURFACE_CURVE('',#2423,(#2438,#2489),.PCURVE_S1.);
#2423 = B_SPLINE_CURVE_WITH_KNOTS('',3,(#2424,#2425,#2426,#2427,#2428,
    #2429,#2430,#2431,#2432,#2433,#2434,#2435,#2436,#2437),
  .UNSPECIFIED.,.F.,.F.,(4,2,2,2,2,2,4),(1.511923250283,1.606261178487,
    1.70059910669,1.795762677092,1.890926247494,1.985168302073,
    2.057115745538),.UNSPECIFIED.);
#2424 = CARTESIAN_POINT('',(-31.39999999999,-20.2,42.473163434323));
#2425 = CARTESIAN_POINT('',(-31.39999999999,-20.51445976068,
    42.473163434323));
#2426 = CARTESIAN_POINT('',(-31.46296429223,-20.84916640207,
    42.458069545929));
#2427 = CARTESIAN_POINT('',(-31.71736585483,-21.46359350182,
    42.40145858201));
#2428 = CARTESIAN_POINT('',(-31.90874729152,-21.74338562501,
    42.360469680801));
#2429 = CARTESIAN_POINT('',(-32.35052429513,-22.18694718402,
    42.276236011442));
#2430 = CARTESIAN_POINT('',(-32.63143179988,-22.37997116955,
    42.227314072455));
#2431 = CARTESIAN_POINT('',(-33.24814974476,-22.63652024237,
    42.138694923981));
#2432 = CARTESIAN_POINT('',(-33.58404376672,-22.7,42.099448748641));
#2433 = CARTESIAN_POINT('',(-34.2128966731,-22.7,42.043328563461));
#2434 = CARTESIAN_POINT('',(-34.54737361503,-22.63761661682,
    42.022584363834));
#2435 = CARTESIAN_POINT('',(-35.09046549562,-22.41303529404,
    42.003121582891));
#2436 = CARTESIAN_POINT('',(-35.31069134041,-22.27861751403,42.));
#2437 = CARTESIAN_POINT('',(-35.5,-22.12093727123,42.));
#2438 = PCURVE('',#933,#2439);
#2439 = DEFINITIONAL_REPRESENTATION('',(#2440),#2488);
#2440 = B_SPLINE_CURVE_WITH_KNOTS('',3,(#2441,#2442,#2443,#2444,#2445,
    #2446,#2447,#2448,#2449,#2450,#2451,#2452,#2453,#2454,#2455,#2456,
    #2457,#2458,#2459,#2460,#2461,#2462,#2463,#2464,#2465,#2466,#2467,
    #2468,#2469,#2470,#2471,#2472,#2473,#2474,#2475,#2476,#2477,#2478,
    #2479,#2480,#2481,#2482,#2483,#2484,#2485,#2486,#2487),
  .UNSPECIFIED.,.F.,.F.,(4,1,1,1,1,1,1,1,1,1,1,1,1,1,1,1,1,1,1,1,1,1,1,1
    ,1,1,1,1,1,1,1,1,1,1,1,1,1,1,1,1,1,1,1,1,4),(1.511923250283,
    1.524313988812,1.53670472734,1.549095465869,1.561486204397,
    1.573876942926,1.586267681454,1.598658419983,1.611049158511,
    1.62343989704,1.635830635568,1.648221374097,1.660612112626,
    1.673002851154,1.685393589683,1.697784328211,1.71017506674,
    1.722565805268,1.734956543797,1.747347282325,1.759738020854,
    1.772128759382,1.784519497911,1.796910236439,1.809300974968,
    1.821691713496,1.834082452025,1.846473190553,1.858863929082,
    1.87125466761,1.883645406139,1.896036144667,1.908426883196,
    1.920817621724,1.933208360253,1.945599098782,1.95798983731,
    1.970380575839,1.982771314367,1.995162052896,2.007552791424,
    2.019943529953,2.032334268481,2.04472500701,2.057115745538),
  .UNSPECIFIED.);
#2441 = CARTESIAN_POINT('',(0.555603306517,-34.71354865097));
#2442 = CARTESIAN_POINT('',(0.555603306625,-34.75485111273));
#2443 = CARTESIAN_POINT('',(0.555727414562,-34.83815460712));
#2444 = CARTESIAN_POINT('',(0.556286512409,-34.96455652031));
#2445 = CARTESIAN_POINT('',(0.557219152788,-35.09175610087));
#2446 = CARTESIAN_POINT('',(0.558525963976,-35.21910421579));
#2447 = CARTESIAN_POINT('',(0.560207517736,-35.34595221045));
#2448 = CARTESIAN_POINT('',(0.562264626684,-35.47164964546));
#2449 = CARTESIAN_POINT('',(0.564697235996,-35.59555274208));
#2450 = CARTESIAN_POINT('',(0.567508552535,-35.71699286376));
#2451 = CARTESIAN_POINT('',(0.570687522585,-35.83541016232));
#2452 = CARTESIAN_POINT('',(0.574202906286,-35.95039953068));
#2453 = CARTESIAN_POINT('',(0.578027347778,-36.06152473114));
#2454 = CARTESIAN_POINT('',(0.582132688611,-36.16836175522));
#2455 = CARTESIAN_POINT('',(0.586490212067,-36.27046880823));
#2456 = CARTESIAN_POINT('',(0.591074372585,-36.367463011));
#2457 = CARTESIAN_POINT('',(0.595847661624,-36.45874360858));
#2458 = CARTESIAN_POINT('',(0.600817450229,-36.54452243356));
#2459 = CARTESIAN_POINT('',(0.606134736865,-36.62748370613));
#2460 = CARTESIAN_POINT('',(0.611735503757,-36.70644792527));
#2461 = CARTESIAN_POINT('',(0.617606243123,-36.78114289719));
#2462 = CARTESIAN_POINT('',(0.623719959104,-36.85105348863));
#2463 = CARTESIAN_POINT('',(0.630053343609,-36.91572901705));
#2464 = CARTESIAN_POINT('',(0.636582117402,-36.97470393653));
#2465 = CARTESIAN_POINT('',(0.643282546501,-37.02750770392));
#2466 = CARTESIAN_POINT('',(0.650130094947,-37.07370489205));
#2467 = CARTESIAN_POINT('',(0.657089434233,-37.11333485536));
#2468 = CARTESIAN_POINT('',(0.664125884447,-37.14640912333));
#2469 = CARTESIAN_POINT('',(0.671204301494,-37.17294672318));
#2470 = CARTESIAN_POINT('',(0.678290593776,-37.19296451618));
#2471 = CARTESIAN_POINT('',(0.685346869679,-37.20648052961));
#2472 = CARTESIAN_POINT('',(0.692349439163,-37.2135102927));
#2473 = CARTESIAN_POINT('',(0.699221767731,-37.21407816083));
#2474 = CARTESIAN_POINT('',(0.706206076199,-37.20816526105));
#2475 = CARTESIAN_POINT('',(0.713257838723,-37.19573110847));
#2476 = CARTESIAN_POINT('',(0.720343185025,-37.17674181491));
#2477 = CARTESIAN_POINT('',(0.72742535009,-37.15116167721));
#2478 = CARTESIAN_POINT('',(0.734468308681,-37.11895565544));
#2479 = CARTESIAN_POINT('',(0.741435898712,-37.08008787166));
#2480 = CARTESIAN_POINT('',(0.748291805817,-37.03452513681));
#2481 = CARTESIAN_POINT('',(0.755000607968,-36.9822243443));
#2482 = CARTESIAN_POINT('',(0.761539495363,-36.9236566449));
#2483 = CARTESIAN_POINT('',(0.767880644852,-36.8592397785));
#2484 = CARTESIAN_POINT('',(0.773997341856,-36.78940307411));
#2485 = CARTESIAN_POINT('',(0.779862509842,-36.71457275437));
#2486 = CARTESIAN_POINT('',(0.783586904572,-36.66164150363));
#2487 = CARTESIAN_POINT('',(0.785398163397,-36.6344859222));
#2488 = ( GEOMETRIC_REPRESENTATION_CONTEXT(2) 
PARAMETRIC_REPRESENTATION_CONTEXT() REPRESENTATION_CONTEXT('2D SPACE',''
  ) );
#2489 = PCURVE('',#1389,#2490);
#2490 = DEFINITIONAL_REPRESENTATION('',(#2491),#2539);
#2491 = B_SPLINE_CURVE_WITH_KNOTS('',3,(#2492,#2493,#2494,#2495,#2496,
    #2497,#2498,#2499,#2500,#2501,#2502,#2503,#2504,#2505,#2506,#2507,
    #2508,#2509,#2510,#2511,#2512,#2513,#2514,#2515,#2516,#2517,#2518,
    #2519,#2520,#2521,#2522,#2523,#2524,#2525,#2526,#2527,#2528,#2529,
    #2530,#2531,#2532,#2533,#2534,#2535,#2536,#2537,#2538),
  .UNSPECIFIED.,.F.,.F.,(4,1,1,1,1,1,1,1,1,1,1,1,1,1,1,1,1,1,1,1,1,1,1,1
    ,1,1,1,1,1,1,1,1,1,1,1,1,1,1,1,1,1,1,1,1,4),(1.511923250283,
    1.524313988812,1.53670472734,1.549095465869,1.561486204397,
    1.573876942926,1.586267681454,1.598658419983,1.611049158511,
    1.62343989704,1.635830635568,1.648221374097,1.660612112626,
    1.673002851154,1.685393589683,1.697784328211,1.71017506674,
    1.722565805268,1.734956543797,1.747347282325,1.759738020854,
    1.772128759382,1.784519497911,1.796910236439,1.809300974968,
    1.821691713496,1.834082452025,1.846473190553,1.858863929082,
    1.87125466761,1.883645406139,1.896036144667,1.908426883196,
    1.920817621724,1.933208360253,1.945599098782,1.95798983731,
    1.970380575839,1.982771314367,1.995162052896,2.007552791424,
    2.019943529953,2.032334268481,2.04472500701,2.057115745538),
  .UNSPECIFIED.);
#2492 = CARTESIAN_POINT('',(3.14159265359,0.573163434322));
#2493 = CARTESIAN_POINT('',(3.125072153765,0.573163434322));
#2494 = CARTESIAN_POINT('',(3.091749782601,0.57264265718));
#2495 = CARTESIAN_POINT('',(3.041048759506,0.570324740046));
#2496 = CARTESIAN_POINT('',(2.989755580075,0.566495691757));
#2497 = CARTESIAN_POINT('',(2.938000237947,0.561180991658));
#2498 = CARTESIAN_POINT('',(2.885910143776,0.554406642529));
#2499 = CARTESIAN_POINT('',(2.833606184674,0.546196694322));
#2500 = CARTESIAN_POINT('',(2.781197525982,0.536582484869));
#2501 = CARTESIAN_POINT('',(2.72877806226,0.52556815331));
#2502 = CARTESIAN_POINT('',(2.676417749764,0.513291567072));
#2503 = CARTESIAN_POINT('',(2.624200474262,0.499926350885));
#2504 = CARTESIAN_POINT('',(2.572230371842,0.485628489681));
#2505 = CARTESIAN_POINT('',(2.520621968809,0.470557978209));
#2506 = CARTESIAN_POINT('',(2.469507311349,0.454876411739));
#2507 = CARTESIAN_POINT('',(2.418989689701,0.438734973647));
#2508 = CARTESIAN_POINT('',(2.369293837653,0.422324894362));
#2509 = CARTESIAN_POINT('',(2.320184633408,0.405687627996));
#2510 = CARTESIAN_POINT('',(2.270006713533,0.388386993404));
#2511 = CARTESIAN_POINT('',(2.21928079738,0.370704678328));
#2512 = CARTESIAN_POINT('',(2.168020923713,0.352753817969));
#2513 = CARTESIAN_POINT('',(2.116376164102,0.334692903518));
#2514 = CARTESIAN_POINT('',(2.064453288656,0.316667554747));
#2515 = CARTESIAN_POINT('',(2.012358246719,0.298829521113));
#2516 = CARTESIAN_POINT('',(1.960181113944,0.281318904752));
#2517 = CARTESIAN_POINT('',(1.907988978933,0.264317392753));
#2518 = CARTESIAN_POINT('',(1.855856533616,0.24792113143));
#2519 = CARTESIAN_POINT('',(1.803879631666,0.232204794562));
#2520 = CARTESIAN_POINT('',(1.752168479421,0.217249237742));
#2521 = CARTESIAN_POINT('',(1.700835320556,0.203132061842));
#2522 = CARTESIAN_POINT('',(1.6500240535,0.189937704799));
#2523 = CARTESIAN_POINT('',(1.599777087637,0.177726511018));
#2524 = CARTESIAN_POINT('',(1.550511826008,0.166648361966));
#2525 = CARTESIAN_POINT('',(1.500353148491,0.156322406575));
#2526 = CARTESIAN_POINT('',(1.449488297117,0.146791555604));
#2527 = CARTESIAN_POINT('',(1.398032432973,0.138088031055));
#2528 = CARTESIAN_POINT('',(1.34612110531,0.130246871528));
#2529 = CARTESIAN_POINT('',(1.293879879515,0.123302538));
#2530 = CARTESIAN_POINT('',(1.241425547668,0.117288985336));
#2531 = CARTESIAN_POINT('',(1.188863050035,0.112242770472));
#2532 = CARTESIAN_POINT('',(1.136268355724,0.108190548177));
#2533 = CARTESIAN_POINT('',(1.083712328393,0.105020063848));
#2534 = CARTESIAN_POINT('',(1.031308023127,0.102674880392));
#2535 = CARTESIAN_POINT('',(0.979171373762,0.101085299308));
#2536 = CARTESIAN_POINT('',(0.927425532461,0.100185176697));
#2537 = CARTESIAN_POINT('',(0.893270024387,0.1));
#2538 = CARTESIAN_POINT('',(0.876298061167,0.1));
#2539 = ( GEOMETRIC_REPRESENTATION_CONTEXT(2) 
PARAMETRIC_REPRESENTATION_CONTEXT() REPRESENTATION_CONTEXT('2D SPACE',''
  ) );
#2540 = ADVANCED_FACE('',(#2541),#1333,.F.);
#2541 = FACE_BOUND('',#2542,.F.);
#2542 = EDGE_LOOP('',(#2543,#2544,#2545,#2546));
#2543 = ORIENTED_EDGE('',*,*,#1641,.T.);
#2544 = ORIENTED_EDGE('',*,*,#1317,.F.);
#2545 = ORIENTED_EDGE('',*,*,#2354,.T.);
#2546 = ORIENTED_EDGE('',*,*,#2547,.F.);
#2547 = EDGE_CURVE('',#1642,#2332,#2548,.T.);
#2548 = SURFACE_CURVE('',#2549,(#2553,#2560),.PCURVE_S1.);
#2549 = LINE('',#2550,#2551);
#2550 = CARTESIAN_POINT('',(-8.749999475479,-7.972902695073,60.));
#2551 = VECTOR('',#2552,1.);
#2552 = DIRECTION('',(-1.,0.,-6.257889757672E-18));
#2553 = PCURVE('',#1333,#2554);
#2554 = DEFINITIONAL_REPRESENTATION('',(#2555),#2559);
#2555 = LINE('',#2556,#2557);
#2556 = CARTESIAN_POINT('',(-0.785398163397,0.));
#2557 = VECTOR('',#2558,1.);
#2558 = DIRECTION('',(0.,1.));
#2559 = ( GEOMETRIC_REPRESENTATION_CONTEXT(2) 
PARAMETRIC_REPRESENTATION_CONTEXT() REPRESENTATION_CONTEXT('2D SPACE',''
  ) );
#2560 = PCURVE('',#663,#2561);
#2561 = DEFINITIONAL_REPRESENTATION('',(#2562),#2566);
#2562 = LINE('',#2563,#2564);
#2563 = CARTESIAN_POINT('',(8.750000524521,12.));
#2564 = VECTOR('',#2565,1.);
#2565 = DIRECTION('',(-1.,-6.257889757672E-18));
#2566 = ( GEOMETRIC_REPRESENTATION_CONTEXT(2) 
PARAMETRIC_REPRESENTATION_CONTEXT() REPRESENTATION_CONTEXT('2D SPACE',''
  ) );
#2567 = ADVANCED_FACE('',(#2568),#2582,.T.);
#2568 = FACE_BOUND('',#2569,.T.);
#2569 = EDGE_LOOP('',(#2570,#2600,#2628,#2656));
#2570 = ORIENTED_EDGE('',*,*,#2571,.F.);
#2571 = EDGE_CURVE('',#2572,#2574,#2576,.T.);
#2572 = VERTEX_POINT('',#2573);
#2573 = CARTESIAN_POINT('',(-12.7,23.227097304927,48.));
#2574 = VERTEX_POINT('',#2575);
#2575 = CARTESIAN_POINT('',(12.7,23.227097304927,48.));
#2576 = SURFACE_CURVE('',#2577,(#2581,#2593),.PCURVE_S1.);
#2577 = LINE('',#2578,#2579);
#2578 = CARTESIAN_POINT('',(6.169053269079,23.227097304927,48.));
#2579 = VECTOR('',#2580,1.);
#2580 = DIRECTION('',(1.,-3.081299012449E-31,-5.131393664064E-46));
#2581 = PCURVE('',#2582,#2587);
#2582 = PLANE('',#2583);
#2583 = AXIS2_PLACEMENT_3D('',#2584,#2585,#2586);
#2584 = CARTESIAN_POINT('',(12.7,23.227097304927,48.));
#2585 = DIRECTION('',(-3.081299012449E-31,-1.,-1.480297366167E-15));
#2586 = DIRECTION('',(-1.,-1.20818201971E-43,2.081540562643E-16));
#2587 = DEFINITIONAL_REPRESENTATION('',(#2588),#2592);
#2588 = LINE('',#2589,#2590);
#2589 = CARTESIAN_POINT('',(6.530946730921,1.359443053287E-15));
#2590 = VECTOR('',#2591,1.);
#2591 = DIRECTION('',(-1.,-2.081540562643E-16));
#2592 = ( GEOMETRIC_REPRESENTATION_CONTEXT(2) 
PARAMETRIC_REPRESENTATION_CONTEXT() REPRESENTATION_CONTEXT('2D SPACE',''
  ) );
#2593 = PCURVE('',#353,#2594);
#2594 = DEFINITIONAL_REPRESENTATION('',(#2595),#2599);
#2595 = LINE('',#2596,#2597);
#2596 = CARTESIAN_POINT('',(6.530946730922,17.698911415306));
#2597 = VECTOR('',#2598,1.);
#2598 = DIRECTION('',(1.,-3.081299012449E-31));
#2599 = ( GEOMETRIC_REPRESENTATION_CONTEXT(2) 
PARAMETRIC_REPRESENTATION_CONTEXT() REPRESENTATION_CONTEXT('2D SPACE',''
  ) );
#2600 = ORIENTED_EDGE('',*,*,#2601,.T.);
#2601 = EDGE_CURVE('',#2572,#2602,#2604,.T.);
#2602 = VERTEX_POINT('',#2603);
#2603 = CARTESIAN_POINT('',(-12.7,23.227097304927,42.));
#2604 = SURFACE_CURVE('',#2605,(#2609,#2616),.PCURVE_S1.);
#2605 = LINE('',#2606,#2607);
#2606 = CARTESIAN_POINT('',(-12.7,23.227097304927,48.));
#2607 = VECTOR('',#2608,1.);
#2608 = DIRECTION('',(0.,1.480297366167E-15,-1.));
#2609 = PCURVE('',#2582,#2610);
#2610 = DEFINITIONAL_REPRESENTATION('',(#2611),#2615);
#2611 = LINE('',#2612,#2613);
#2612 = CARTESIAN_POINT('',(25.4,5.287113029113E-15));
#2613 = VECTOR('',#2614,1.);
#2614 = DIRECTION('',(-2.081540562643E-16,1.));
#2615 = ( GEOMETRIC_REPRESENTATION_CONTEXT(2) 
PARAMETRIC_REPRESENTATION_CONTEXT() REPRESENTATION_CONTEXT('2D SPACE',''
  ) );
#2616 = PCURVE('',#2617,#2622);
#2617 = PLANE('',#2618);
#2618 = AXIS2_PLACEMENT_3D('',#2619,#2620,#2621);
#2619 = CARTESIAN_POINT('',(-12.7,23.227097304927,48.));
#2620 = DIRECTION('',(1.,0.,0.));
#2621 = DIRECTION('',(0.,-1.,-1.626303119041E-15));
#2622 = DEFINITIONAL_REPRESENTATION('',(#2623),#2627);
#2623 = LINE('',#2624,#2625);
#2624 = CARTESIAN_POINT('',(0.,0.));
#2625 = VECTOR('',#2626,1.);
#2626 = DIRECTION('',(1.46005752874E-16,1.));
#2627 = ( GEOMETRIC_REPRESENTATION_CONTEXT(2) 
PARAMETRIC_REPRESENTATION_CONTEXT() REPRESENTATION_CONTEXT('2D SPACE',''
  ) );
#2628 = ORIENTED_EDGE('',*,*,#2629,.F.);
#2629 = EDGE_CURVE('',#2630,#2602,#2632,.T.);
#2630 = VERTEX_POINT('',#2631);
#2631 = CARTESIAN_POINT('',(12.7,23.227097304927,42.));
#2632 = SURFACE_CURVE('',#2633,(#2637,#2644),.PCURVE_S1.);
#2633 = LINE('',#2634,#2635);
#2634 = CARTESIAN_POINT('',(6.350000524521,23.227097304927,42.));
#2635 = VECTOR('',#2636,1.);
#2636 = DIRECTION('',(-1.,3.17393438971E-31,-6.257889757672E-18));
#2637 = PCURVE('',#2582,#2638);
#2638 = DEFINITIONAL_REPRESENTATION('',(#2639),#2643);
#2639 = LINE('',#2640,#2641);
#2640 = CARTESIAN_POINT('',(6.349999475479,6.));
#2641 = VECTOR('',#2642,1.);
#2642 = DIRECTION('',(1.,2.14411946022E-16));
#2643 = ( GEOMETRIC_REPRESENTATION_CONTEXT(2) 
PARAMETRIC_REPRESENTATION_CONTEXT() REPRESENTATION_CONTEXT('2D SPACE',''
  ) );
#2644 = PCURVE('',#2645,#2650);
#2645 = PLANE('',#2646);
#2646 = AXIS2_PLACEMENT_3D('',#2647,#2648,#2649);
#2647 = CARTESIAN_POINT('',(1.049041769008E-06,-2.986387109827E-09,42.)
  );
#2648 = DIRECTION('',(-6.257889757672E-18,-6.123234059182E-17,1.));
#2649 = DIRECTION('',(-1.,-1.356130630704E-21,-6.257889757672E-18));
#2650 = DEFINITIONAL_REPRESENTATION('',(#2651),#2655);
#2651 = LINE('',#2652,#2653);
#2652 = CARTESIAN_POINT('',(-6.349999475479,-23.22709730791));
#2653 = VECTOR('',#2654,1.);
#2654 = DIRECTION('',(1.,-1.356130631021E-21));
#2655 = ( GEOMETRIC_REPRESENTATION_CONTEXT(2) 
PARAMETRIC_REPRESENTATION_CONTEXT() REPRESENTATION_CONTEXT('2D SPACE',''
  ) );
#2656 = ORIENTED_EDGE('',*,*,#2657,.F.);
#2657 = EDGE_CURVE('',#2574,#2630,#2658,.T.);
#2658 = SURFACE_CURVE('',#2659,(#2663,#2670),.PCURVE_S1.);
#2659 = LINE('',#2660,#2661);
#2660 = CARTESIAN_POINT('',(12.7,23.227097304927,48.));
#2661 = VECTOR('',#2662,1.);
#2662 = DIRECTION('',(0.,1.480297366167E-15,-1.));
#2663 = PCURVE('',#2582,#2664);
#2664 = DEFINITIONAL_REPRESENTATION('',(#2665),#2669);
#2665 = LINE('',#2666,#2667);
#2666 = CARTESIAN_POINT('',(0.,0.));
#2667 = VECTOR('',#2668,1.);
#2668 = DIRECTION('',(-2.081540562643E-16,1.));
#2669 = ( GEOMETRIC_REPRESENTATION_CONTEXT(2) 
PARAMETRIC_REPRESENTATION_CONTEXT() REPRESENTATION_CONTEXT('2D SPACE',''
  ) );
#2670 = PCURVE('',#2671,#2676);
#2671 = PLANE('',#2672);
#2672 = AXIS2_PLACEMENT_3D('',#2673,#2674,#2675);
#2673 = CARTESIAN_POINT('',(12.7,-2.172902695073,48.));
#2674 = DIRECTION('',(-1.,0.,0.));
#2675 = DIRECTION('',(0.,1.,1.626303119041E-15));
#2676 = DEFINITIONAL_REPRESENTATION('',(#2677),#2681);
#2677 = LINE('',#2678,#2679);
#2678 = CARTESIAN_POINT('',(25.4,4.130809922364E-14));
#2679 = VECTOR('',#2680,1.);
#2680 = DIRECTION('',(-1.46005752874E-16,1.));
#2681 = ( GEOMETRIC_REPRESENTATION_CONTEXT(2) 
PARAMETRIC_REPRESENTATION_CONTEXT() REPRESENTATION_CONTEXT('2D SPACE',''
  ) );
#2682 = ADVANCED_FACE('',(#2683),#2671,.T.);
#2683 = FACE_BOUND('',#2684,.T.);
#2684 = EDGE_LOOP('',(#2685,#2708,#2709,#2732));
#2685 = ORIENTED_EDGE('',*,*,#2686,.F.);
#2686 = EDGE_CURVE('',#2574,#2687,#2689,.T.);
#2687 = VERTEX_POINT('',#2688);
#2688 = CARTESIAN_POINT('',(12.7,-2.172902695073,48.));
#2689 = SURFACE_CURVE('',#2690,(#2694,#2701),.PCURVE_S1.);
#2690 = LINE('',#2691,#2692);
#2691 = CARTESIAN_POINT('',(12.7,1.677641597274,48.));
#2692 = VECTOR('',#2693,1.);
#2693 = DIRECTION('',(0.,-1.,-1.665334536938E-15));
#2694 = PCURVE('',#2671,#2695);
#2695 = DEFINITIONAL_REPRESENTATION('',(#2696),#2700);
#2696 = LINE('',#2697,#2698);
#2697 = CARTESIAN_POINT('',(3.850544292347,6.262152192649E-15));
#2698 = VECTOR('',#2699,1.);
#2699 = DIRECTION('',(-1.,3.9031417897E-17));
#2700 = ( GEOMETRIC_REPRESENTATION_CONTEXT(2) 
PARAMETRIC_REPRESENTATION_CONTEXT() REPRESENTATION_CONTEXT('2D SPACE',''
  ) );
#2701 = PCURVE('',#353,#2702);
#2702 = DEFINITIONAL_REPRESENTATION('',(#2703),#2707);
#2703 = LINE('',#2704,#2705);
#2704 = CARTESIAN_POINT('',(13.061893461843,-3.850544292347));
#2705 = VECTOR('',#2706,1.);
#2706 = DIRECTION('',(0.,-1.));
#2707 = ( GEOMETRIC_REPRESENTATION_CONTEXT(2) 
PARAMETRIC_REPRESENTATION_CONTEXT() REPRESENTATION_CONTEXT('2D SPACE',''
  ) );
#2708 = ORIENTED_EDGE('',*,*,#2657,.T.);
#2709 = ORIENTED_EDGE('',*,*,#2710,.F.);
#2710 = EDGE_CURVE('',#2711,#2630,#2713,.T.);
#2711 = VERTEX_POINT('',#2712);
#2712 = CARTESIAN_POINT('',(12.7,-2.172902695073,42.));
#2713 = SURFACE_CURVE('',#2714,(#2718,#2725),.PCURVE_S1.);
#2714 = LINE('',#2715,#2716);
#2715 = CARTESIAN_POINT('',(12.7,-1.08645134903,42.));
#2716 = VECTOR('',#2717,1.);
#2717 = DIRECTION('',(0.,1.,6.123234059182E-17));
#2718 = PCURVE('',#2671,#2719);
#2719 = DEFINITIONAL_REPRESENTATION('',(#2720),#2724);
#2720 = LINE('',#2721,#2722);
#2721 = CARTESIAN_POINT('',(1.086451346043,6.));
#2722 = VECTOR('',#2723,1.);
#2723 = DIRECTION('',(1.,1.565070778449E-15));
#2724 = ( GEOMETRIC_REPRESENTATION_CONTEXT(2) 
PARAMETRIC_REPRESENTATION_CONTEXT() REPRESENTATION_CONTEXT('2D SPACE',''
  ) );
#2725 = PCURVE('',#2645,#2726);
#2726 = DEFINITIONAL_REPRESENTATION('',(#2727),#2731);
#2727 = LINE('',#2728,#2729);
#2728 = CARTESIAN_POINT('',(-12.69999895095,1.086451346044));
#2729 = VECTOR('',#2730,1.);
#2730 = DIRECTION('',(-1.356130630704E-21,-1.));
#2731 = ( GEOMETRIC_REPRESENTATION_CONTEXT(2) 
PARAMETRIC_REPRESENTATION_CONTEXT() REPRESENTATION_CONTEXT('2D SPACE',''
  ) );
#2732 = ORIENTED_EDGE('',*,*,#2733,.F.);
#2733 = EDGE_CURVE('',#2687,#2711,#2734,.T.);
#2734 = SURFACE_CURVE('',#2735,(#2739,#2746),.PCURVE_S1.);
#2735 = LINE('',#2736,#2737);
#2736 = CARTESIAN_POINT('',(12.7,-2.172902695073,48.));
#2737 = VECTOR('',#2738,1.);
#2738 = DIRECTION('',(0.,1.480297366167E-15,-1.));
#2739 = PCURVE('',#2671,#2740);
#2740 = DEFINITIONAL_REPRESENTATION('',(#2741),#2745);
#2741 = LINE('',#2742,#2743);
#2742 = CARTESIAN_POINT('',(0.,0.));
#2743 = VECTOR('',#2744,1.);
#2744 = DIRECTION('',(-1.46005752874E-16,1.));
#2745 = ( GEOMETRIC_REPRESENTATION_CONTEXT(2) 
PARAMETRIC_REPRESENTATION_CONTEXT() REPRESENTATION_CONTEXT('2D SPACE',''
  ) );
#2746 = PCURVE('',#2747,#2752);
#2747 = PLANE('',#2748);
#2748 = AXIS2_PLACEMENT_3D('',#2749,#2750,#2751);
#2749 = CARTESIAN_POINT('',(-12.7,-2.172902695073,48.));
#2750 = DIRECTION('',(3.081299012449E-31,1.,1.480297366167E-15));
#2751 = DIRECTION('',(1.,1.20818201971E-43,-2.081540562643E-16));
#2752 = DEFINITIONAL_REPRESENTATION('',(#2753),#2757);
#2753 = LINE('',#2754,#2755);
#2754 = CARTESIAN_POINT('',(25.4,-5.287113029113E-15));
#2755 = VECTOR('',#2756,1.);
#2756 = DIRECTION('',(2.081540562643E-16,1.));
#2757 = ( GEOMETRIC_REPRESENTATION_CONTEXT(2) 
PARAMETRIC_REPRESENTATION_CONTEXT() REPRESENTATION_CONTEXT('2D SPACE',''
  ) );
#2758 = ADVANCED_FACE('',(#2759),#2747,.T.);
#2759 = FACE_BOUND('',#2760,.T.);
#2760 = EDGE_LOOP('',(#2761,#2784,#2785,#2808));
#2761 = ORIENTED_EDGE('',*,*,#2762,.F.);
#2762 = EDGE_CURVE('',#2687,#2763,#2765,.T.);
#2763 = VERTEX_POINT('',#2764);
#2764 = CARTESIAN_POINT('',(-12.7,-2.172902695073,48.));
#2765 = SURFACE_CURVE('',#2766,(#2770,#2777),.PCURVE_S1.);
#2766 = LINE('',#2767,#2768);
#2767 = CARTESIAN_POINT('',(-6.530946730921,-2.172902695073,48.));
#2768 = VECTOR('',#2769,1.);
#2769 = DIRECTION('',(-1.,3.081299012449E-31,5.131393664064E-46));
#2770 = PCURVE('',#2747,#2771);
#2771 = DEFINITIONAL_REPRESENTATION('',(#2772),#2776);
#2772 = LINE('',#2773,#2774);
#2773 = CARTESIAN_POINT('',(6.169053269079,-1.284113461269E-15));
#2774 = VECTOR('',#2775,1.);
#2775 = DIRECTION('',(-1.,2.081540562643E-16));
#2776 = ( GEOMETRIC_REPRESENTATION_CONTEXT(2) 
PARAMETRIC_REPRESENTATION_CONTEXT() REPRESENTATION_CONTEXT('2D SPACE',''
  ) );
#2777 = PCURVE('',#353,#2778);
#2778 = DEFINITIONAL_REPRESENTATION('',(#2779),#2783);
#2779 = LINE('',#2780,#2781);
#2780 = CARTESIAN_POINT('',(-6.169053269078,-7.701088584694));
#2781 = VECTOR('',#2782,1.);
#2782 = DIRECTION('',(-1.,3.081299012449E-31));
#2783 = ( GEOMETRIC_REPRESENTATION_CONTEXT(2) 
PARAMETRIC_REPRESENTATION_CONTEXT() REPRESENTATION_CONTEXT('2D SPACE',''
  ) );
#2784 = ORIENTED_EDGE('',*,*,#2733,.T.);
#2785 = ORIENTED_EDGE('',*,*,#2786,.F.);
#2786 = EDGE_CURVE('',#2787,#2711,#2789,.T.);
#2787 = VERTEX_POINT('',#2788);
#2788 = CARTESIAN_POINT('',(-12.7,-2.172902695073,42.));
#2789 = SURFACE_CURVE('',#2790,(#2794,#2801),.PCURVE_S1.);
#2790 = LINE('',#2791,#2792);
#2791 = CARTESIAN_POINT('',(-6.349999475479,-2.172902695073,42.));
#2792 = VECTOR('',#2793,1.);
#2793 = DIRECTION('',(1.,-3.17393438971E-31,6.257889757672E-18));
#2794 = PCURVE('',#2747,#2795);
#2795 = DEFINITIONAL_REPRESENTATION('',(#2796),#2800);
#2796 = LINE('',#2797,#2798);
#2797 = CARTESIAN_POINT('',(6.350000524521,6.));
#2798 = VECTOR('',#2799,1.);
#2799 = DIRECTION('',(1.,-2.14411946022E-16));
#2800 = ( GEOMETRIC_REPRESENTATION_CONTEXT(2) 
PARAMETRIC_REPRESENTATION_CONTEXT() REPRESENTATION_CONTEXT('2D SPACE',''
  ) );
#2801 = PCURVE('',#2645,#2802);
#2802 = DEFINITIONAL_REPRESENTATION('',(#2803),#2807);
#2803 = LINE('',#2804,#2805);
#2804 = CARTESIAN_POINT('',(6.350000524521,2.172902692087));
#2805 = VECTOR('',#2806,1.);
#2806 = DIRECTION('',(-1.,1.356130631021E-21));
#2807 = ( GEOMETRIC_REPRESENTATION_CONTEXT(2) 
PARAMETRIC_REPRESENTATION_CONTEXT() REPRESENTATION_CONTEXT('2D SPACE',''
  ) );
#2808 = ORIENTED_EDGE('',*,*,#2809,.F.);
#2809 = EDGE_CURVE('',#2763,#2787,#2810,.T.);
#2810 = SURFACE_CURVE('',#2811,(#2815,#2822),.PCURVE_S1.);
#2811 = LINE('',#2812,#2813);
#2812 = CARTESIAN_POINT('',(-12.7,-2.172902695073,48.));
#2813 = VECTOR('',#2814,1.);
#2814 = DIRECTION('',(0.,1.480297366167E-15,-1.));
#2815 = PCURVE('',#2747,#2816);
#2816 = DEFINITIONAL_REPRESENTATION('',(#2817),#2821);
#2817 = LINE('',#2818,#2819);
#2818 = CARTESIAN_POINT('',(0.,0.));
#2819 = VECTOR('',#2820,1.);
#2820 = DIRECTION('',(2.081540562643E-16,1.));
#2821 = ( GEOMETRIC_REPRESENTATION_CONTEXT(2) 
PARAMETRIC_REPRESENTATION_CONTEXT() REPRESENTATION_CONTEXT('2D SPACE',''
  ) );
#2822 = PCURVE('',#2617,#2823);
#2823 = DEFINITIONAL_REPRESENTATION('',(#2824),#2828);
#2824 = LINE('',#2825,#2826);
#2825 = CARTESIAN_POINT('',(25.4,-4.130809922364E-14));
#2826 = VECTOR('',#2827,1.);
#2827 = DIRECTION('',(1.46005752874E-16,1.));
#2828 = ( GEOMETRIC_REPRESENTATION_CONTEXT(2) 
PARAMETRIC_REPRESENTATION_CONTEXT() REPRESENTATION_CONTEXT('2D SPACE',''
  ) );
#2829 = ADVANCED_FACE('',(#2830),#2617,.T.);
#2830 = FACE_BOUND('',#2831,.T.);
#2831 = EDGE_LOOP('',(#2832,#2853,#2854,#2875));
#2832 = ORIENTED_EDGE('',*,*,#2833,.F.);
#2833 = EDGE_CURVE('',#2763,#2572,#2834,.T.);
#2834 = SURFACE_CURVE('',#2835,(#2839,#2846),.PCURVE_S1.);
#2835 = LINE('',#2836,#2837);
#2836 = CARTESIAN_POINT('',(-12.7,14.377641597274,48.));
#2837 = VECTOR('',#2838,1.);
#2838 = DIRECTION('',(0.,1.,1.665334536938E-15));
#2839 = PCURVE('',#2617,#2840);
#2840 = DEFINITIONAL_REPRESENTATION('',(#2841),#2845);
#2841 = LINE('',#2842,#2843);
#2842 = CARTESIAN_POINT('',(8.849455707653,-1.439189741917E-14));
#2843 = VECTOR('',#2844,1.);
#2844 = DIRECTION('',(-1.,-3.9031417897E-17));
#2845 = ( GEOMETRIC_REPRESENTATION_CONTEXT(2) 
PARAMETRIC_REPRESENTATION_CONTEXT() REPRESENTATION_CONTEXT('2D SPACE',''
  ) );
#2846 = PCURVE('',#353,#2847);
#2847 = DEFINITIONAL_REPRESENTATION('',(#2848),#2852);
#2848 = LINE('',#2849,#2850);
#2849 = CARTESIAN_POINT('',(-12.33810653815,8.849455707653));
#2850 = VECTOR('',#2851,1.);
#2851 = DIRECTION('',(0.,1.));
#2852 = ( GEOMETRIC_REPRESENTATION_CONTEXT(2) 
PARAMETRIC_REPRESENTATION_CONTEXT() REPRESENTATION_CONTEXT('2D SPACE',''
  ) );
#2853 = ORIENTED_EDGE('',*,*,#2809,.T.);
#2854 = ORIENTED_EDGE('',*,*,#2855,.F.);
#2855 = EDGE_CURVE('',#2602,#2787,#2856,.T.);
#2856 = SURFACE_CURVE('',#2857,(#2861,#2868),.PCURVE_S1.);
#2857 = LINE('',#2858,#2859);
#2858 = CARTESIAN_POINT('',(-12.7,11.61354865097,42.));
#2859 = VECTOR('',#2860,1.);
#2860 = DIRECTION('',(0.,-1.,-6.123234059182E-17));
#2861 = PCURVE('',#2617,#2862);
#2862 = DEFINITIONAL_REPRESENTATION('',(#2863),#2867);
#2863 = LINE('',#2864,#2865);
#2864 = CARTESIAN_POINT('',(11.613548653957,6.));
#2865 = VECTOR('',#2866,1.);
#2866 = DIRECTION('',(1.,-1.565070778449E-15));
#2867 = ( GEOMETRIC_REPRESENTATION_CONTEXT(2) 
PARAMETRIC_REPRESENTATION_CONTEXT() REPRESENTATION_CONTEXT('2D SPACE',''
  ) );
#2868 = PCURVE('',#2645,#2869);
#2869 = DEFINITIONAL_REPRESENTATION('',(#2870),#2874);
#2870 = LINE('',#2871,#2872);
#2871 = CARTESIAN_POINT('',(12.700001049042,-11.61354865395));
#2872 = VECTOR('',#2873,1.);
#2873 = DIRECTION('',(1.356130630704E-21,1.));
#2874 = ( GEOMETRIC_REPRESENTATION_CONTEXT(2) 
PARAMETRIC_REPRESENTATION_CONTEXT() REPRESENTATION_CONTEXT('2D SPACE',''
  ) );
#2875 = ORIENTED_EDGE('',*,*,#2601,.F.);
#2876 = ADVANCED_FACE('',(#2877),#1443,.F.);
#2877 = FACE_BOUND('',#2878,.F.);
#2878 = EDGE_LOOP('',(#2879,#2880,#2881,#2904,#2935,#2936));
#2879 = ORIENTED_EDGE('',*,*,#1424,.T.);
#2880 = ORIENTED_EDGE('',*,*,#2185,.T.);
#2881 = ORIENTED_EDGE('',*,*,#2882,.T.);
#2882 = EDGE_CURVE('',#2064,#2883,#2885,.T.);
#2883 = VERTEX_POINT('',#2884);
#2884 = CARTESIAN_POINT('',(-31.4,21.599999999996,41.9));
#2885 = SEAM_CURVE('',#2886,(#2890,#2897),.PCURVE_S1.);
#2886 = LINE('',#2887,#2888);
#2887 = CARTESIAN_POINT('',(-31.4,21.599999999996,41.9));
#2888 = VECTOR('',#2889,1.);
#2889 = DIRECTION('',(0.,0.,-1.));
#2890 = PCURVE('',#1443,#2891);
#2891 = DEFINITIONAL_REPRESENTATION('',(#2892),#2896);
#2892 = LINE('',#2893,#2894);
#2893 = CARTESIAN_POINT('',(-3.14159265359,0.));
#2894 = VECTOR('',#2895,1.);
#2895 = DIRECTION('',(0.,-1.));
#2896 = ( GEOMETRIC_REPRESENTATION_CONTEXT(2) 
PARAMETRIC_REPRESENTATION_CONTEXT() REPRESENTATION_CONTEXT('2D SPACE',''
  ) );
#2897 = PCURVE('',#1443,#2898);
#2898 = DEFINITIONAL_REPRESENTATION('',(#2899),#2903);
#2899 = LINE('',#2900,#2901);
#2900 = CARTESIAN_POINT('',(3.14159265359,0.));
#2901 = VECTOR('',#2902,1.);
#2902 = DIRECTION('',(0.,-1.));
#2903 = ( GEOMETRIC_REPRESENTATION_CONTEXT(2) 
PARAMETRIC_REPRESENTATION_CONTEXT() REPRESENTATION_CONTEXT('2D SPACE',''
  ) );
#2904 = ORIENTED_EDGE('',*,*,#2905,.F.);
#2905 = EDGE_CURVE('',#2883,#2883,#2906,.T.);
#2906 = SURFACE_CURVE('',#2907,(#2912,#2919),.PCURVE_S1.);
#2907 = CIRCLE('',#2908,2.5);
#2908 = AXIS2_PLACEMENT_3D('',#2909,#2910,#2911);
#2909 = CARTESIAN_POINT('',(-33.9,21.599999999996,41.9));
#2910 = DIRECTION('',(6.257889757672E-18,6.123234059182E-17,-1.));
#2911 = DIRECTION('',(-1.,-1.356130630704E-21,-6.257889757672E-18));
#2912 = PCURVE('',#1443,#2913);
#2913 = DEFINITIONAL_REPRESENTATION('',(#2914),#2918);
#2914 = LINE('',#2915,#2916);
#2915 = CARTESIAN_POINT('',(6.28318530718,0.));
#2916 = VECTOR('',#2917,1.);
#2917 = DIRECTION('',(-1.,0.));
#2918 = ( GEOMETRIC_REPRESENTATION_CONTEXT(2) 
PARAMETRIC_REPRESENTATION_CONTEXT() REPRESENTATION_CONTEXT('2D SPACE',''
  ) );
#2919 = PCURVE('',#2920,#2925);
#2920 = PLANE('',#2921);
#2921 = AXIS2_PLACEMENT_3D('',#2922,#2923,#2924);
#2922 = CARTESIAN_POINT('',(1.049041769008E-06,-2.986387109827E-09,41.9)
  );
#2923 = DIRECTION('',(-6.257889757672E-18,-6.123234059182E-17,1.));
#2924 = DIRECTION('',(-1.,-1.356130630704E-21,-6.257889757672E-18));
#2925 = DEFINITIONAL_REPRESENTATION('',(#2926),#2934);
#2926 = ( BOUNDED_CURVE() B_SPLINE_CURVE(2,(#2927,#2928,#2929,#2930,
#2931,#2932,#2933),.UNSPECIFIED.,.T.,.F.) B_SPLINE_CURVE_WITH_KNOTS((1,2
    ,2,2,2,1),(-2.094395102393,0.,2.094395102393,4.188790204786,
6.28318530718,8.377580409573),.UNSPECIFIED.) CURVE() 
GEOMETRIC_REPRESENTATION_ITEM() RATIONAL_B_SPLINE_CURVE((1.,0.5,1.,0.5,
1.,0.5,1.)) REPRESENTATION_ITEM('') );
#2927 = CARTESIAN_POINT('',(36.400001049042,-21.60000000298));
#2928 = CARTESIAN_POINT('',(36.400001049042,-25.9301270219));
#2929 = CARTESIAN_POINT('',(32.650001049042,-23.76506351244));
#2930 = CARTESIAN_POINT('',(28.900001049042,-21.60000000298));
#2931 = CARTESIAN_POINT('',(32.650001049042,-19.43493649352));
#2932 = CARTESIAN_POINT('',(36.400001049042,-17.26987298406));
#2933 = CARTESIAN_POINT('',(36.400001049042,-21.60000000298));
#2934 = ( GEOMETRIC_REPRESENTATION_CONTEXT(2) 
PARAMETRIC_REPRESENTATION_CONTEXT() REPRESENTATION_CONTEXT('2D SPACE',''
  ) );
#2935 = ORIENTED_EDGE('',*,*,#2882,.F.);
#2936 = ORIENTED_EDGE('',*,*,#2063,.T.);
#2937 = ADVANCED_FACE('',(#2938),#1170,.F.);
#2938 = FACE_BOUND('',#2939,.F.);
#2939 = EDGE_LOOP('',(#2940,#2963,#2989,#2990,#2991,#2992));
#2940 = ORIENTED_EDGE('',*,*,#2941,.T.);
#2941 = EDGE_CURVE('',#1150,#2942,#2944,.T.);
#2942 = VERTEX_POINT('',#2943);
#2943 = CARTESIAN_POINT('',(36.099999999997,21.599999999994,41.9));
#2944 = SEAM_CURVE('',#2945,(#2949,#2956),.PCURVE_S1.);
#2945 = LINE('',#2946,#2947);
#2946 = CARTESIAN_POINT('',(36.099999999997,21.599999999994,41.9));
#2947 = VECTOR('',#2948,1.);
#2948 = DIRECTION('',(0.,0.,-1.));
#2949 = PCURVE('',#1170,#2950);
#2950 = DEFINITIONAL_REPRESENTATION('',(#2951),#2955);
#2951 = LINE('',#2952,#2953);
#2952 = CARTESIAN_POINT('',(-3.14159265359,0.));
#2953 = VECTOR('',#2954,1.);
#2954 = DIRECTION('',(0.,-1.));
#2955 = ( GEOMETRIC_REPRESENTATION_CONTEXT(2) 
PARAMETRIC_REPRESENTATION_CONTEXT() REPRESENTATION_CONTEXT('2D SPACE',''
  ) );
#2956 = PCURVE('',#1170,#2957);
#2957 = DEFINITIONAL_REPRESENTATION('',(#2958),#2962);
#2958 = LINE('',#2959,#2960);
#2959 = CARTESIAN_POINT('',(3.14159265359,0.));
#2960 = VECTOR('',#2961,1.);
#2961 = DIRECTION('',(0.,-1.));
#2962 = ( GEOMETRIC_REPRESENTATION_CONTEXT(2) 
PARAMETRIC_REPRESENTATION_CONTEXT() REPRESENTATION_CONTEXT('2D SPACE',''
  ) );
#2963 = ORIENTED_EDGE('',*,*,#2964,.F.);
#2964 = EDGE_CURVE('',#2942,#2942,#2965,.T.);
#2965 = SURFACE_CURVE('',#2966,(#2971,#2978),.PCURVE_S1.);
#2966 = CIRCLE('',#2967,2.5);
#2967 = AXIS2_PLACEMENT_3D('',#2968,#2969,#2970);
#2968 = CARTESIAN_POINT('',(33.599999999997,21.599999999994,41.9));
#2969 = DIRECTION('',(6.257889757672E-18,6.123234059182E-17,-1.));
#2970 = DIRECTION('',(-1.,-1.356130630704E-21,-6.257889757672E-18));
#2971 = PCURVE('',#1170,#2972);
#2972 = DEFINITIONAL_REPRESENTATION('',(#2973),#2977);
#2973 = LINE('',#2974,#2975);
#2974 = CARTESIAN_POINT('',(6.28318530718,0.));
#2975 = VECTOR('',#2976,1.);
#2976 = DIRECTION('',(-1.,0.));
#2977 = ( GEOMETRIC_REPRESENTATION_CONTEXT(2) 
PARAMETRIC_REPRESENTATION_CONTEXT() REPRESENTATION_CONTEXT('2D SPACE',''
  ) );
#2978 = PCURVE('',#2920,#2979);
#2979 = DEFINITIONAL_REPRESENTATION('',(#2980),#2988);
#2980 = ( BOUNDED_CURVE() B_SPLINE_CURVE(2,(#2981,#2982,#2983,#2984,
#2985,#2986,#2987),.UNSPECIFIED.,.T.,.F.) B_SPLINE_CURVE_WITH_KNOTS((1,2
    ,2,2,2,1),(-2.094395102393,0.,2.094395102393,4.188790204786,
6.28318530718,8.377580409573),.UNSPECIFIED.) CURVE() 
GEOMETRIC_REPRESENTATION_ITEM() RATIONAL_B_SPLINE_CURVE((1.,0.5,1.,0.5,
1.,0.5,1.)) REPRESENTATION_ITEM('') );
#2981 = CARTESIAN_POINT('',(-31.09999895095,-21.60000000298));
#2982 = CARTESIAN_POINT('',(-31.09999895095,-25.9301270219));
#2983 = CARTESIAN_POINT('',(-34.84999895095,-23.76506351244));
#2984 = CARTESIAN_POINT('',(-38.59999895095,-21.60000000298));
#2985 = CARTESIAN_POINT('',(-34.84999895095,-19.43493649351));
#2986 = CARTESIAN_POINT('',(-31.09999895095,-17.26987298405));
#2987 = CARTESIAN_POINT('',(-31.09999895095,-21.60000000298));
#2988 = ( GEOMETRIC_REPRESENTATION_CONTEXT(2) 
PARAMETRIC_REPRESENTATION_CONTEXT() REPRESENTATION_CONTEXT('2D SPACE',''
  ) );
#2989 = ORIENTED_EDGE('',*,*,#2941,.F.);
#2990 = ORIENTED_EDGE('',*,*,#1182,.T.);
#2991 = ORIENTED_EDGE('',*,*,#1756,.T.);
#2992 = ORIENTED_EDGE('',*,*,#1149,.T.);
#2993 = ADVANCED_FACE('',(#2994),#1254,.F.);
#2994 = FACE_BOUND('',#2995,.F.);
#2995 = EDGE_LOOP('',(#2996,#3019,#3045,#3046,#3047,#3048));
#2996 = ORIENTED_EDGE('',*,*,#2997,.T.);
#2997 = EDGE_CURVE('',#1234,#2998,#3000,.T.);
#2998 = VERTEX_POINT('',#2999);
#2999 = CARTESIAN_POINT('',(36.100000000003,-20.2,41.9));
#3000 = SEAM_CURVE('',#3001,(#3005,#3012),.PCURVE_S1.);
#3001 = LINE('',#3002,#3003);
#3002 = CARTESIAN_POINT('',(36.100000000003,-20.2,41.9));
#3003 = VECTOR('',#3004,1.);
#3004 = DIRECTION('',(0.,0.,-1.));
#3005 = PCURVE('',#1254,#3006);
#3006 = DEFINITIONAL_REPRESENTATION('',(#3007),#3011);
#3007 = LINE('',#3008,#3009);
#3008 = CARTESIAN_POINT('',(-3.14159265359,0.));
#3009 = VECTOR('',#3010,1.);
#3010 = DIRECTION('',(0.,-1.));
#3011 = ( GEOMETRIC_REPRESENTATION_CONTEXT(2) 
PARAMETRIC_REPRESENTATION_CONTEXT() REPRESENTATION_CONTEXT('2D SPACE',''
  ) );
#3012 = PCURVE('',#1254,#3013);
#3013 = DEFINITIONAL_REPRESENTATION('',(#3014),#3018);
#3014 = LINE('',#3015,#3016);
#3015 = CARTESIAN_POINT('',(3.14159265359,0.));
#3016 = VECTOR('',#3017,1.);
#3017 = DIRECTION('',(0.,-1.));
#3018 = ( GEOMETRIC_REPRESENTATION_CONTEXT(2) 
PARAMETRIC_REPRESENTATION_CONTEXT() REPRESENTATION_CONTEXT('2D SPACE',''
  ) );
#3019 = ORIENTED_EDGE('',*,*,#3020,.F.);
#3020 = EDGE_CURVE('',#2998,#2998,#3021,.T.);
#3021 = SURFACE_CURVE('',#3022,(#3027,#3034),.PCURVE_S1.);
#3022 = CIRCLE('',#3023,2.5);
#3023 = AXIS2_PLACEMENT_3D('',#3024,#3025,#3026);
#3024 = CARTESIAN_POINT('',(33.600000000003,-20.2,41.9));
#3025 = DIRECTION('',(6.257889757672E-18,6.123234059182E-17,-1.));
#3026 = DIRECTION('',(-1.,-1.356130630704E-21,-6.257889757672E-18));
#3027 = PCURVE('',#1254,#3028);
#3028 = DEFINITIONAL_REPRESENTATION('',(#3029),#3033);
#3029 = LINE('',#3030,#3031);
#3030 = CARTESIAN_POINT('',(6.28318530718,0.));
#3031 = VECTOR('',#3032,1.);
#3032 = DIRECTION('',(-1.,0.));
#3033 = ( GEOMETRIC_REPRESENTATION_CONTEXT(2) 
PARAMETRIC_REPRESENTATION_CONTEXT() REPRESENTATION_CONTEXT('2D SPACE',''
  ) );
#3034 = PCURVE('',#2920,#3035);
#3035 = DEFINITIONAL_REPRESENTATION('',(#3036),#3044);
#3036 = ( BOUNDED_CURVE() B_SPLINE_CURVE(2,(#3037,#3038,#3039,#3040,
#3041,#3042,#3043),.UNSPECIFIED.,.T.,.F.) B_SPLINE_CURVE_WITH_KNOTS((1,2
    ,2,2,2,1),(-2.094395102393,0.,2.094395102393,4.188790204786,
6.28318530718,8.377580409573),.UNSPECIFIED.) CURVE() 
GEOMETRIC_REPRESENTATION_ITEM() RATIONAL_B_SPLINE_CURVE((1.,0.5,1.,0.5,
1.,0.5,1.)) REPRESENTATION_ITEM('') );
#3037 = CARTESIAN_POINT('',(-31.09999895096,20.199999997014));
#3038 = CARTESIAN_POINT('',(-31.09999895096,15.869872978091));
#3039 = CARTESIAN_POINT('',(-34.84999895096,18.034936487553));
#3040 = CARTESIAN_POINT('',(-38.59999895096,20.199999997014));
#3041 = CARTESIAN_POINT('',(-34.84999895096,22.365063506475));
#3042 = CARTESIAN_POINT('',(-31.09999895096,24.530127015936));
#3043 = CARTESIAN_POINT('',(-31.09999895096,20.199999997014));
#3044 = ( GEOMETRIC_REPRESENTATION_CONTEXT(2) 
PARAMETRIC_REPRESENTATION_CONTEXT() REPRESENTATION_CONTEXT('2D SPACE',''
  ) );
#3045 = ORIENTED_EDGE('',*,*,#2997,.F.);
#3046 = ORIENTED_EDGE('',*,*,#1266,.T.);
#3047 = ORIENTED_EDGE('',*,*,#1459,.T.);
#3048 = ORIENTED_EDGE('',*,*,#1233,.T.);
#3049 = ADVANCED_FACE('',(#3050),#1389,.F.);
#3050 = FACE_BOUND('',#3051,.F.);
#3051 = EDGE_LOOP('',(#3052,#3053,#3054,#3077,#3103,#3104));
#3052 = ORIENTED_EDGE('',*,*,#1368,.T.);
#3053 = ORIENTED_EDGE('',*,*,#1940,.T.);
#3054 = ORIENTED_EDGE('',*,*,#3055,.T.);
#3055 = EDGE_CURVE('',#1941,#3056,#3058,.T.);
#3056 = VERTEX_POINT('',#3057);
#3057 = CARTESIAN_POINT('',(-31.39999999999,-20.2,41.9));
#3058 = SEAM_CURVE('',#3059,(#3063,#3070),.PCURVE_S1.);
#3059 = LINE('',#3060,#3061);
#3060 = CARTESIAN_POINT('',(-31.39999999999,-20.2,41.9));
#3061 = VECTOR('',#3062,1.);
#3062 = DIRECTION('',(0.,0.,-1.));
#3063 = PCURVE('',#1389,#3064);
#3064 = DEFINITIONAL_REPRESENTATION('',(#3065),#3069);
#3065 = LINE('',#3066,#3067);
#3066 = CARTESIAN_POINT('',(-3.14159265359,0.));
#3067 = VECTOR('',#3068,1.);
#3068 = DIRECTION('',(0.,-1.));
#3069 = ( GEOMETRIC_REPRESENTATION_CONTEXT(2) 
PARAMETRIC_REPRESENTATION_CONTEXT() REPRESENTATION_CONTEXT('2D SPACE',''
  ) );
#3070 = PCURVE('',#1389,#3071);
#3071 = DEFINITIONAL_REPRESENTATION('',(#3072),#3076);
#3072 = LINE('',#3073,#3074);
#3073 = CARTESIAN_POINT('',(3.14159265359,0.));
#3074 = VECTOR('',#3075,1.);
#3075 = DIRECTION('',(0.,-1.));
#3076 = ( GEOMETRIC_REPRESENTATION_CONTEXT(2) 
PARAMETRIC_REPRESENTATION_CONTEXT() REPRESENTATION_CONTEXT('2D SPACE',''
  ) );
#3077 = ORIENTED_EDGE('',*,*,#3078,.F.);
#3078 = EDGE_CURVE('',#3056,#3056,#3079,.T.);
#3079 = SURFACE_CURVE('',#3080,(#3085,#3092),.PCURVE_S1.);
#3080 = CIRCLE('',#3081,2.5);
#3081 = AXIS2_PLACEMENT_3D('',#3082,#3083,#3084);
#3082 = CARTESIAN_POINT('',(-33.89999999999,-20.2,41.9));
#3083 = DIRECTION('',(6.257889757672E-18,6.123234059182E-17,-1.));
#3084 = DIRECTION('',(-1.,-1.356130630704E-21,-6.257889757672E-18));
#3085 = PCURVE('',#1389,#3086);
#3086 = DEFINITIONAL_REPRESENTATION('',(#3087),#3091);
#3087 = LINE('',#3088,#3089);
#3088 = CARTESIAN_POINT('',(6.28318530718,0.));
#3089 = VECTOR('',#3090,1.);
#3090 = DIRECTION('',(-1.,0.));
#3091 = ( GEOMETRIC_REPRESENTATION_CONTEXT(2) 
PARAMETRIC_REPRESENTATION_CONTEXT() REPRESENTATION_CONTEXT('2D SPACE',''
  ) );
#3092 = PCURVE('',#2920,#3093);
#3093 = DEFINITIONAL_REPRESENTATION('',(#3094),#3102);
#3094 = ( BOUNDED_CURVE() B_SPLINE_CURVE(2,(#3095,#3096,#3097,#3098,
#3099,#3100,#3101),.UNSPECIFIED.,.T.,.F.) B_SPLINE_CURVE_WITH_KNOTS((1,2
    ,2,2,2,1),(-2.094395102393,0.,2.094395102393,4.188790204786,
6.28318530718,8.377580409573),.UNSPECIFIED.) CURVE() 
GEOMETRIC_REPRESENTATION_ITEM() RATIONAL_B_SPLINE_CURVE((1.,0.5,1.,0.5,
1.,0.5,1.)) REPRESENTATION_ITEM('') );
#3095 = CARTESIAN_POINT('',(36.400001049032,20.199999997014));
#3096 = CARTESIAN_POINT('',(36.400001049032,15.869872978091));
#3097 = CARTESIAN_POINT('',(32.650001049032,18.034936487553));
#3098 = CARTESIAN_POINT('',(28.900001049032,20.199999997014));
#3099 = CARTESIAN_POINT('',(32.650001049032,22.365063506475));
#3100 = CARTESIAN_POINT('',(36.400001049032,24.530127015936));
#3101 = CARTESIAN_POINT('',(36.400001049032,20.199999997014));
#3102 = ( GEOMETRIC_REPRESENTATION_CONTEXT(2) 
PARAMETRIC_REPRESENTATION_CONTEXT() REPRESENTATION_CONTEXT('2D SPACE',''
  ) );
#3103 = ORIENTED_EDGE('',*,*,#3055,.F.);
#3104 = ORIENTED_EDGE('',*,*,#2421,.T.);
#3105 = ADVANCED_FACE('',(#3106),#776,.T.);
#3106 = FACE_BOUND('',#3107,.T.);
#3107 = EDGE_LOOP('',(#3108,#3133,#3154,#3155,#3156,#3157));
#3108 = ORIENTED_EDGE('',*,*,#3109,.T.);
#3109 = EDGE_CURVE('',#3110,#3112,#3114,.T.);
#3110 = VERTEX_POINT('',#3111);
#3111 = CARTESIAN_POINT('',(40.000001049042,29.999999997014,41.9));
#3112 = VERTEX_POINT('',#3113);
#3113 = CARTESIAN_POINT('',(-39.99999895095,29.999999997014,41.9));
#3114 = SURFACE_CURVE('',#3115,(#3119,#3126),.PCURVE_S1.);
#3115 = LINE('',#3116,#3117);
#3116 = CARTESIAN_POINT('',(40.000001049042,29.999999997014,41.9));
#3117 = VECTOR('',#3118,1.);
#3118 = DIRECTION('',(-1.,-1.356130630704E-21,-6.257889757672E-18));
#3119 = PCURVE('',#776,#3120);
#3120 = DEFINITIONAL_REPRESENTATION('',(#3121),#3125);
#3121 = LINE('',#3122,#3123);
#3122 = CARTESIAN_POINT('',(-0.,0.));
#3123 = VECTOR('',#3124,1.);
#3124 = DIRECTION('',(1.,0.));
#3125 = ( GEOMETRIC_REPRESENTATION_CONTEXT(2) 
PARAMETRIC_REPRESENTATION_CONTEXT() REPRESENTATION_CONTEXT('2D SPACE',''
  ) );
#3126 = PCURVE('',#2920,#3127);
#3127 = DEFINITIONAL_REPRESENTATION('',(#3128),#3132);
#3128 = LINE('',#3129,#3130);
#3129 = CARTESIAN_POINT('',(-40.,-30.));
#3130 = VECTOR('',#3131,1.);
#3131 = DIRECTION('',(1.,6.811820783391E-38));
#3132 = ( GEOMETRIC_REPRESENTATION_CONTEXT(2) 
PARAMETRIC_REPRESENTATION_CONTEXT() REPRESENTATION_CONTEXT('2D SPACE',''
  ) );
#3133 = ORIENTED_EDGE('',*,*,#3134,.T.);
#3134 = EDGE_CURVE('',#3112,#999,#3135,.T.);
#3135 = SURFACE_CURVE('',#3136,(#3140,#3147),.PCURVE_S1.);
#3136 = LINE('',#3137,#3138);
#3137 = CARTESIAN_POINT('',(-39.99999895095,29.999999997014,41.9));
#3138 = VECTOR('',#3139,1.);
#3139 = DIRECTION('',(0.,0.,1.));
#3140 = PCURVE('',#776,#3141);
#3141 = DEFINITIONAL_REPRESENTATION('',(#3142),#3146);
#3142 = LINE('',#3143,#3144);
#3143 = CARTESIAN_POINT('',(79.999999999992,5.006311806137E-16));
#3144 = VECTOR('',#3145,1.);
#3145 = DIRECTION('',(-6.257889757672E-18,1.));
#3146 = ( GEOMETRIC_REPRESENTATION_CONTEXT(2) 
PARAMETRIC_REPRESENTATION_CONTEXT() REPRESENTATION_CONTEXT('2D SPACE',''
  ) );
#3147 = PCURVE('',#1037,#3148);
#3148 = DEFINITIONAL_REPRESENTATION('',(#3149),#3153);
#3149 = LINE('',#3150,#3151);
#3150 = CARTESIAN_POINT('',(0.,0.));
#3151 = VECTOR('',#3152,1.);
#3152 = DIRECTION('',(-6.123234059182E-17,1.));
#3153 = ( GEOMETRIC_REPRESENTATION_CONTEXT(2) 
PARAMETRIC_REPRESENTATION_CONTEXT() REPRESENTATION_CONTEXT('2D SPACE',''
  ) );
#3154 = ORIENTED_EDGE('',*,*,#998,.F.);
#3155 = ORIENTED_EDGE('',*,*,#753,.F.);
#3156 = ORIENTED_EDGE('',*,*,#1105,.F.);
#3157 = ORIENTED_EDGE('',*,*,#3158,.F.);
#3158 = EDGE_CURVE('',#3110,#1078,#3159,.T.);
#3159 = SURFACE_CURVE('',#3160,(#3164,#3171),.PCURVE_S1.);
#3160 = LINE('',#3161,#3162);
#3161 = CARTESIAN_POINT('',(40.000001049042,29.999999997014,41.9));
#3162 = VECTOR('',#3163,1.);
#3163 = DIRECTION('',(0.,0.,1.));
#3164 = PCURVE('',#776,#3165);
#3165 = DEFINITIONAL_REPRESENTATION('',(#3166),#3170);
#3166 = LINE('',#3167,#3168);
#3167 = CARTESIAN_POINT('',(-0.,0.));
#3168 = VECTOR('',#3169,1.);
#3169 = DIRECTION('',(-6.257889757672E-18,1.));
#3170 = ( GEOMETRIC_REPRESENTATION_CONTEXT(2) 
PARAMETRIC_REPRESENTATION_CONTEXT() REPRESENTATION_CONTEXT('2D SPACE',''
  ) );
#3171 = PCURVE('',#1093,#3172);
#3172 = DEFINITIONAL_REPRESENTATION('',(#3173),#3177);
#3173 = LINE('',#3174,#3175);
#3174 = CARTESIAN_POINT('',(59.999999999994,-3.673940435509E-15));
#3175 = VECTOR('',#3176,1.);
#3176 = DIRECTION('',(6.123234059182E-17,1.));
#3177 = ( GEOMETRIC_REPRESENTATION_CONTEXT(2) 
PARAMETRIC_REPRESENTATION_CONTEXT() REPRESENTATION_CONTEXT('2D SPACE',''
  ) );
#3178 = ADVANCED_FACE('',(#3179),#1093,.T.);
#3179 = FACE_BOUND('',#3180,.T.);
#3180 = EDGE_LOOP('',(#3181,#3204,#3205,#3206));
#3181 = ORIENTED_EDGE('',*,*,#3182,.T.);
#3182 = EDGE_CURVE('',#3183,#3110,#3185,.T.);
#3183 = VERTEX_POINT('',#3184);
#3184 = CARTESIAN_POINT('',(40.000001049042,-30.00000000298,41.9));
#3185 = SURFACE_CURVE('',#3186,(#3190,#3197),.PCURVE_S1.);
#3186 = LINE('',#3187,#3188);
#3187 = CARTESIAN_POINT('',(40.000001049042,-30.00000000298,41.9));
#3188 = VECTOR('',#3189,1.);
#3189 = DIRECTION('',(-7.401622443897E-17,1.,6.123234059182E-17));
#3190 = PCURVE('',#1093,#3191);
#3191 = DEFINITIONAL_REPRESENTATION('',(#3192),#3196);
#3192 = LINE('',#3193,#3194);
#3193 = CARTESIAN_POINT('',(0.,0.));
#3194 = VECTOR('',#3195,1.);
#3195 = DIRECTION('',(1.,0.));
#3196 = ( GEOMETRIC_REPRESENTATION_CONTEXT(2) 
PARAMETRIC_REPRESENTATION_CONTEXT() REPRESENTATION_CONTEXT('2D SPACE',''
  ) );
#3197 = PCURVE('',#2920,#3198);
#3198 = DEFINITIONAL_REPRESENTATION('',(#3199),#3203);
#3199 = LINE('',#3200,#3201);
#3200 = CARTESIAN_POINT('',(-40.,29.999999999994));
#3201 = VECTOR('',#3202,1.);
#3202 = DIRECTION('',(7.401486830834E-17,-1.));
#3203 = ( GEOMETRIC_REPRESENTATION_CONTEXT(2) 
PARAMETRIC_REPRESENTATION_CONTEXT() REPRESENTATION_CONTEXT('2D SPACE',''
  ) );
#3204 = ORIENTED_EDGE('',*,*,#3158,.T.);
#3205 = ORIENTED_EDGE('',*,*,#1077,.F.);
#3206 = ORIENTED_EDGE('',*,*,#3207,.F.);
#3207 = EDGE_CURVE('',#3183,#1050,#3208,.T.);
#3208 = SURFACE_CURVE('',#3209,(#3213,#3220),.PCURVE_S1.);
#3209 = LINE('',#3210,#3211);
#3210 = CARTESIAN_POINT('',(40.000001049042,-30.00000000298,41.9));
#3211 = VECTOR('',#3212,1.);
#3212 = DIRECTION('',(0.,0.,1.));
#3213 = PCURVE('',#1093,#3214);
#3214 = DEFINITIONAL_REPRESENTATION('',(#3215),#3219);
#3215 = LINE('',#3216,#3217);
#3216 = CARTESIAN_POINT('',(0.,0.));
#3217 = VECTOR('',#3218,1.);
#3218 = DIRECTION('',(6.123234059182E-17,1.));
#3219 = ( GEOMETRIC_REPRESENTATION_CONTEXT(2) 
PARAMETRIC_REPRESENTATION_CONTEXT() REPRESENTATION_CONTEXT('2D SPACE',''
  ) );
#3220 = PCURVE('',#1065,#3221);
#3221 = DEFINITIONAL_REPRESENTATION('',(#3222),#3226);
#3222 = LINE('',#3223,#3224);
#3223 = CARTESIAN_POINT('',(79.999999999992,-5.006311806137E-16));
#3224 = VECTOR('',#3225,1.);
#3225 = DIRECTION('',(6.257889757672E-18,1.));
#3226 = ( GEOMETRIC_REPRESENTATION_CONTEXT(2) 
PARAMETRIC_REPRESENTATION_CONTEXT() REPRESENTATION_CONTEXT('2D SPACE',''
  ) );
#3227 = ADVANCED_FACE('',(#3228),#1065,.T.);
#3228 = FACE_BOUND('',#3229,.T.);
#3229 = EDGE_LOOP('',(#3230,#3253,#3254,#3255));
#3230 = ORIENTED_EDGE('',*,*,#3231,.T.);
#3231 = EDGE_CURVE('',#3232,#3183,#3234,.T.);
#3232 = VERTEX_POINT('',#3233);
#3233 = CARTESIAN_POINT('',(-39.99999895095,-30.00000000298,41.9));
#3234 = SURFACE_CURVE('',#3235,(#3239,#3246),.PCURVE_S1.);
#3235 = LINE('',#3236,#3237);
#3236 = CARTESIAN_POINT('',(-39.99999895095,-30.00000000298,41.9));
#3237 = VECTOR('',#3238,1.);
#3238 = DIRECTION('',(1.,1.356130630704E-21,6.257889757672E-18));
#3239 = PCURVE('',#1065,#3240);
#3240 = DEFINITIONAL_REPRESENTATION('',(#3241),#3245);
#3241 = LINE('',#3242,#3243);
#3242 = CARTESIAN_POINT('',(0.,0.));
#3243 = VECTOR('',#3244,1.);
#3244 = DIRECTION('',(1.,0.));
#3245 = ( GEOMETRIC_REPRESENTATION_CONTEXT(2) 
PARAMETRIC_REPRESENTATION_CONTEXT() REPRESENTATION_CONTEXT('2D SPACE',''
  ) );
#3246 = PCURVE('',#2920,#3247);
#3247 = DEFINITIONAL_REPRESENTATION('',(#3248),#3252);
#3248 = LINE('',#3249,#3250);
#3249 = CARTESIAN_POINT('',(39.999999999992,29.999999999994));
#3250 = VECTOR('',#3251,1.);
#3251 = DIRECTION('',(-1.,-6.811820783391E-38));
#3252 = ( GEOMETRIC_REPRESENTATION_CONTEXT(2) 
PARAMETRIC_REPRESENTATION_CONTEXT() REPRESENTATION_CONTEXT('2D SPACE',''
  ) );
#3253 = ORIENTED_EDGE('',*,*,#3207,.T.);
#3254 = ORIENTED_EDGE('',*,*,#1049,.F.);
#3255 = ORIENTED_EDGE('',*,*,#3256,.F.);
#3256 = EDGE_CURVE('',#3232,#1022,#3257,.T.);
#3257 = SURFACE_CURVE('',#3258,(#3262,#3269),.PCURVE_S1.);
#3258 = LINE('',#3259,#3260);
#3259 = CARTESIAN_POINT('',(-39.99999895095,-30.00000000298,41.9));
#3260 = VECTOR('',#3261,1.);
#3261 = DIRECTION('',(0.,0.,1.));
#3262 = PCURVE('',#1065,#3263);
#3263 = DEFINITIONAL_REPRESENTATION('',(#3264),#3268);
#3264 = LINE('',#3265,#3266);
#3265 = CARTESIAN_POINT('',(0.,0.));
#3266 = VECTOR('',#3267,1.);
#3267 = DIRECTION('',(6.257889757672E-18,1.));
#3268 = ( GEOMETRIC_REPRESENTATION_CONTEXT(2) 
PARAMETRIC_REPRESENTATION_CONTEXT() REPRESENTATION_CONTEXT('2D SPACE',''
  ) );
#3269 = PCURVE('',#1037,#3270);
#3270 = DEFINITIONAL_REPRESENTATION('',(#3271),#3275);
#3271 = LINE('',#3272,#3273);
#3272 = CARTESIAN_POINT('',(59.999999999994,3.673940435509E-15));
#3273 = VECTOR('',#3274,1.);
#3274 = DIRECTION('',(-6.123234059182E-17,1.));
#3275 = ( GEOMETRIC_REPRESENTATION_CONTEXT(2) 
PARAMETRIC_REPRESENTATION_CONTEXT() REPRESENTATION_CONTEXT('2D SPACE',''
  ) );
#3276 = ADVANCED_FACE('',(#3277),#1037,.T.);
#3277 = FACE_BOUND('',#3278,.T.);
#3278 = EDGE_LOOP('',(#3279,#3300,#3301,#3302));
#3279 = ORIENTED_EDGE('',*,*,#3280,.T.);
#3280 = EDGE_CURVE('',#3112,#3232,#3281,.T.);
#3281 = SURFACE_CURVE('',#3282,(#3286,#3293),.PCURVE_S1.);
#3282 = LINE('',#3283,#3284);
#3283 = CARTESIAN_POINT('',(-39.99999895095,29.999999997014,41.9));
#3284 = VECTOR('',#3285,1.);
#3285 = DIRECTION('',(1.356130630704E-21,-1.,-6.123234059182E-17));
#3286 = PCURVE('',#1037,#3287);
#3287 = DEFINITIONAL_REPRESENTATION('',(#3288),#3292);
#3288 = LINE('',#3289,#3290);
#3289 = CARTESIAN_POINT('',(0.,0.));
#3290 = VECTOR('',#3291,1.);
#3291 = DIRECTION('',(1.,0.));
#3292 = ( GEOMETRIC_REPRESENTATION_CONTEXT(2) 
PARAMETRIC_REPRESENTATION_CONTEXT() REPRESENTATION_CONTEXT('2D SPACE',''
  ) );
#3293 = PCURVE('',#2920,#3294);
#3294 = DEFINITIONAL_REPRESENTATION('',(#3295),#3299);
#3295 = LINE('',#3296,#3297);
#3296 = CARTESIAN_POINT('',(39.999999999992,-30.));
#3297 = VECTOR('',#3298,1.);
#3298 = DIRECTION('',(3.831852370278E-34,1.));
#3299 = ( GEOMETRIC_REPRESENTATION_CONTEXT(2) 
PARAMETRIC_REPRESENTATION_CONTEXT() REPRESENTATION_CONTEXT('2D SPACE',''
  ) );
#3300 = ORIENTED_EDGE('',*,*,#3256,.T.);
#3301 = ORIENTED_EDGE('',*,*,#1021,.F.);
#3302 = ORIENTED_EDGE('',*,*,#3134,.F.);
#3303 = ADVANCED_FACE('',(#3304),#2645,.T.);
#3304 = FACE_BOUND('',#3305,.T.);
#3305 = EDGE_LOOP('',(#3306,#3307,#3308,#3309));
#3306 = ORIENTED_EDGE('',*,*,#2629,.T.);
#3307 = ORIENTED_EDGE('',*,*,#2855,.T.);
#3308 = ORIENTED_EDGE('',*,*,#2786,.T.);
#3309 = ORIENTED_EDGE('',*,*,#2710,.T.);
#3310 = ADVANCED_FACE('',(#3311,#3317,#3320,#3323,#3326),#2920,.F.);
#3311 = FACE_BOUND('',#3312,.T.);
#3312 = EDGE_LOOP('',(#3313,#3314,#3315,#3316));
#3313 = ORIENTED_EDGE('',*,*,#3280,.F.);
#3314 = ORIENTED_EDGE('',*,*,#3109,.F.);
#3315 = ORIENTED_EDGE('',*,*,#3182,.F.);
#3316 = ORIENTED_EDGE('',*,*,#3231,.F.);
#3317 = FACE_BOUND('',#3318,.T.);
#3318 = EDGE_LOOP('',(#3319));
#3319 = ORIENTED_EDGE('',*,*,#3078,.F.);
#3320 = FACE_BOUND('',#3321,.T.);
#3321 = EDGE_LOOP('',(#3322));
#3322 = ORIENTED_EDGE('',*,*,#3020,.F.);
#3323 = FACE_BOUND('',#3324,.T.);
#3324 = EDGE_LOOP('',(#3325));
#3325 = ORIENTED_EDGE('',*,*,#2964,.F.);
#3326 = FACE_BOUND('',#3327,.T.);
#3327 = EDGE_LOOP('',(#3328));
#3328 = ORIENTED_EDGE('',*,*,#2905,.F.);
#3329 = ADVANCED_FACE('',(#3330),#244,.T.);
#3330 = FACE_BOUND('',#3331,.T.);
#3331 = EDGE_LOOP('',(#3332,#3333,#3356,#3377));
#3332 = ORIENTED_EDGE('',*,*,#228,.T.);
#3333 = ORIENTED_EDGE('',*,*,#3334,.F.);
#3334 = EDGE_CURVE('',#3335,#199,#3337,.T.);
#3335 = VERTEX_POINT('',#3336);
#3336 = CARTESIAN_POINT('',(-11.1125,-0.585402695073,48.));
#3337 = SURFACE_CURVE('',#3338,(#3342,#3349),.PCURVE_S1.);
#3338 = LINE('',#3339,#3340);
#3339 = CARTESIAN_POINT('',(-11.1125,-0.585402695073,48.));
#3340 = VECTOR('',#3341,1.);
#3341 = DIRECTION('',(0.,0.,1.));
#3342 = PCURVE('',#244,#3343);
#3343 = DEFINITIONAL_REPRESENTATION('',(#3344),#3348);
#3344 = LINE('',#3345,#3346);
#3345 = CARTESIAN_POINT('',(0.,0.));
#3346 = VECTOR('',#3347,1.);
#3347 = DIRECTION('',(0.,1.));
#3348 = ( GEOMETRIC_REPRESENTATION_CONTEXT(2) 
PARAMETRIC_REPRESENTATION_CONTEXT() REPRESENTATION_CONTEXT('2D SPACE',''
  ) );
#3349 = PCURVE('',#216,#3350);
#3350 = DEFINITIONAL_REPRESENTATION('',(#3351),#3355);
#3351 = LINE('',#3352,#3353);
#3352 = CARTESIAN_POINT('',(22.225,0.));
#3353 = VECTOR('',#3354,1.);
#3354 = DIRECTION('',(0.,1.));
#3355 = ( GEOMETRIC_REPRESENTATION_CONTEXT(2) 
PARAMETRIC_REPRESENTATION_CONTEXT() REPRESENTATION_CONTEXT('2D SPACE',''
  ) );
#3356 = ORIENTED_EDGE('',*,*,#3357,.T.);
#3357 = EDGE_CURVE('',#3335,#391,#3358,.T.);
#3358 = SURFACE_CURVE('',#3359,(#3363,#3370),.PCURVE_S1.);
#3359 = LINE('',#3360,#3361);
#3360 = CARTESIAN_POINT('',(-11.1125,-0.585402695073,48.));
#3361 = VECTOR('',#3362,1.);
#3362 = DIRECTION('',(0.,1.,0.));
#3363 = PCURVE('',#244,#3364);
#3364 = DEFINITIONAL_REPRESENTATION('',(#3365),#3369);
#3365 = LINE('',#3366,#3367);
#3366 = CARTESIAN_POINT('',(0.,0.));
#3367 = VECTOR('',#3368,1.);
#3368 = DIRECTION('',(1.,0.));
#3369 = ( GEOMETRIC_REPRESENTATION_CONTEXT(2) 
PARAMETRIC_REPRESENTATION_CONTEXT() REPRESENTATION_CONTEXT('2D SPACE',''
  ) );
#3370 = PCURVE('',#353,#3371);
#3371 = DEFINITIONAL_REPRESENTATION('',(#3372),#3376);
#3372 = LINE('',#3373,#3374);
#3373 = CARTESIAN_POINT('',(-10.75060653815,-6.113588584694));
#3374 = VECTOR('',#3375,1.);
#3375 = DIRECTION('',(0.,1.));
#3376 = ( GEOMETRIC_REPRESENTATION_CONTEXT(2) 
PARAMETRIC_REPRESENTATION_CONTEXT() REPRESENTATION_CONTEXT('2D SPACE',''
  ) );
#3377 = ORIENTED_EDGE('',*,*,#390,.T.);
#3378 = ADVANCED_FACE('',(#3379),#216,.T.);
#3379 = FACE_BOUND('',#3380,.T.);
#3380 = EDGE_LOOP('',(#3381,#3382,#3383,#3404));
#3381 = ORIENTED_EDGE('',*,*,#198,.T.);
#3382 = ORIENTED_EDGE('',*,*,#365,.F.);
#3383 = ORIENTED_EDGE('',*,*,#3384,.T.);
#3384 = EDGE_CURVE('',#338,#3335,#3385,.T.);
#3385 = SURFACE_CURVE('',#3386,(#3390,#3397),.PCURVE_S1.);
#3386 = LINE('',#3387,#3388);
#3387 = CARTESIAN_POINT('',(11.1125,-0.585402695073,48.));
#3388 = VECTOR('',#3389,1.);
#3389 = DIRECTION('',(-1.,4.995379188415E-17,0.));
#3390 = PCURVE('',#216,#3391);
#3391 = DEFINITIONAL_REPRESENTATION('',(#3392),#3396);
#3392 = LINE('',#3393,#3394);
#3393 = CARTESIAN_POINT('',(0.,0.));
#3394 = VECTOR('',#3395,1.);
#3395 = DIRECTION('',(1.,0.));
#3396 = ( GEOMETRIC_REPRESENTATION_CONTEXT(2) 
PARAMETRIC_REPRESENTATION_CONTEXT() REPRESENTATION_CONTEXT('2D SPACE',''
  ) );
#3397 = PCURVE('',#353,#3398);
#3398 = DEFINITIONAL_REPRESENTATION('',(#3399),#3403);
#3399 = LINE('',#3400,#3401);
#3400 = CARTESIAN_POINT('',(11.474393461843,-6.113588584694));
#3401 = VECTOR('',#3402,1.);
#3402 = DIRECTION('',(-1.,4.995379188415E-17));
#3403 = ( GEOMETRIC_REPRESENTATION_CONTEXT(2) 
PARAMETRIC_REPRESENTATION_CONTEXT() REPRESENTATION_CONTEXT('2D SPACE',''
  ) );
#3404 = ORIENTED_EDGE('',*,*,#3334,.T.);
#3405 = ADVANCED_FACE('',(#3406),#130,.T.);
#3406 = FACE_BOUND('',#3407,.T.);
#3407 = EDGE_LOOP('',(#3408,#3409,#3410,#3411));
#3408 = ORIENTED_EDGE('',*,*,#114,.T.);
#3409 = ORIENTED_EDGE('',*,*,#729,.F.);
#3410 = ORIENTED_EDGE('',*,*,#677,.T.);
#3411 = ORIENTED_EDGE('',*,*,#515,.T.);
#3412 = ADVANCED_FACE('',(#3413,#3419),#353,.F.);
#3413 = FACE_BOUND('',#3414,.T.);
#3414 = EDGE_LOOP('',(#3415,#3416,#3417,#3418));
#3415 = ORIENTED_EDGE('',*,*,#2571,.T.);
#3416 = ORIENTED_EDGE('',*,*,#2686,.T.);
#3417 = ORIENTED_EDGE('',*,*,#2762,.T.);
#3418 = ORIENTED_EDGE('',*,*,#2833,.T.);
#3419 = FACE_BOUND('',#3420,.T.);
#3420 = EDGE_LOOP('',(#3421,#3422,#3423,#3424));
#3421 = ORIENTED_EDGE('',*,*,#3384,.F.);
#3422 = ORIENTED_EDGE('',*,*,#337,.F.);
#3423 = ORIENTED_EDGE('',*,*,#413,.F.);
#3424 = ORIENTED_EDGE('',*,*,#3357,.F.);
#3425 = ADVANCED_FACE('',(#3426),#663,.T.);
#3426 = FACE_BOUND('',#3427,.T.);
#3427 = EDGE_LOOP('',(#3428,#3429,#3450,#3451));
#3428 = ORIENTED_EDGE('',*,*,#2547,.F.);
#3429 = ORIENTED_EDGE('',*,*,#3430,.T.);
#3430 = EDGE_CURVE('',#1642,#564,#3431,.T.);
#3431 = SURFACE_CURVE('',#3432,(#3436,#3443),.PCURVE_S1.);
#3432 = LINE('',#3433,#3434);
#3433 = CARTESIAN_POINT('',(17.5,-7.972902695073,48.));
#3434 = VECTOR('',#3435,1.);
#3435 = DIRECTION('',(0.,0.,1.));
#3436 = PCURVE('',#663,#3437);
#3437 = DEFINITIONAL_REPRESENTATION('',(#3438),#3442);
#3438 = LINE('',#3439,#3440);
#3439 = CARTESIAN_POINT('',(35.,0.));
#3440 = VECTOR('',#3441,1.);
#3441 = DIRECTION('',(0.,1.));
#3442 = ( GEOMETRIC_REPRESENTATION_CONTEXT(2) 
PARAMETRIC_REPRESENTATION_CONTEXT() REPRESENTATION_CONTEXT('2D SPACE',''
  ) );
#3443 = PCURVE('',#581,#3444);
#3444 = DEFINITIONAL_REPRESENTATION('',(#3445),#3449);
#3445 = LINE('',#3446,#3447);
#3446 = CARTESIAN_POINT('',(0.,0.));
#3447 = VECTOR('',#3448,1.);
#3448 = DIRECTION('',(0.,1.));
#3449 = ( GEOMETRIC_REPRESENTATION_CONTEXT(2) 
PARAMETRIC_REPRESENTATION_CONTEXT() REPRESENTATION_CONTEXT('2D SPACE',''
  ) );
#3450 = ORIENTED_EDGE('',*,*,#649,.F.);
#3451 = ORIENTED_EDGE('',*,*,#3452,.T.);
#3452 = EDGE_CURVE('',#622,#2332,#3453,.T.);
#3453 = SURFACE_CURVE('',#3454,(#3458,#3465),.PCURVE_S1.);
#3454 = LINE('',#3455,#3456);
#3455 = CARTESIAN_POINT('',(-17.5,-7.972902695073,48.));
#3456 = VECTOR('',#3457,1.);
#3457 = DIRECTION('',(0.,1.480297366167E-15,-1.));
#3458 = PCURVE('',#663,#3459);
#3459 = DEFINITIONAL_REPRESENTATION('',(#3460),#3464);
#3460 = LINE('',#3461,#3462);
#3461 = CARTESIAN_POINT('',(0.,0.));
#3462 = VECTOR('',#3463,1.);
#3463 = DIRECTION('',(0.,-1.));
#3464 = ( GEOMETRIC_REPRESENTATION_CONTEXT(2) 
PARAMETRIC_REPRESENTATION_CONTEXT() REPRESENTATION_CONTEXT('2D SPACE',''
  ) );
#3465 = PCURVE('',#637,#3466);
#3466 = DEFINITIONAL_REPRESENTATION('',(#3467),#3471);
#3467 = LINE('',#3468,#3469);
#3468 = CARTESIAN_POINT('',(37.,0.));
#3469 = VECTOR('',#3470,1.);
#3470 = DIRECTION('',(-1.480297366167E-15,-1.));
#3471 = ( GEOMETRIC_REPRESENTATION_CONTEXT(2) 
PARAMETRIC_REPRESENTATION_CONTEXT() REPRESENTATION_CONTEXT('2D SPACE',''
  ) );
#3472 = ADVANCED_FACE('',(#3473),#637,.T.);
#3473 = FACE_BOUND('',#3474,.T.);
#3474 = EDGE_LOOP('',(#3475,#3476,#3477,#3478));
#3475 = ORIENTED_EDGE('',*,*,#2331,.F.);
#3476 = ORIENTED_EDGE('',*,*,#3452,.F.);
#3477 = ORIENTED_EDGE('',*,*,#621,.F.);
#3478 = ORIENTED_EDGE('',*,*,#3479,.T.);
#3479 = EDGE_CURVE('',#594,#2308,#3480,.T.);
#3480 = SURFACE_CURVE('',#3481,(#3485,#3492),.PCURVE_S1.);
#3481 = LINE('',#3482,#3483);
#3482 = CARTESIAN_POINT('',(-17.5,29.027097304927,48.));
#3483 = VECTOR('',#3484,1.);
#3484 = DIRECTION('',(0.,1.480297366167E-15,-1.));
#3485 = PCURVE('',#637,#3486);
#3486 = DEFINITIONAL_REPRESENTATION('',(#3487),#3491);
#3487 = LINE('',#3488,#3489);
#3488 = CARTESIAN_POINT('',(0.,0.));
#3489 = VECTOR('',#3490,1.);
#3490 = DIRECTION('',(-1.480297366167E-15,-1.));
#3491 = ( GEOMETRIC_REPRESENTATION_CONTEXT(2) 
PARAMETRIC_REPRESENTATION_CONTEXT() REPRESENTATION_CONTEXT('2D SPACE',''
  ) );
#3492 = PCURVE('',#609,#3493);
#3493 = DEFINITIONAL_REPRESENTATION('',(#3494),#3498);
#3494 = LINE('',#3495,#3496);
#3495 = CARTESIAN_POINT('',(35.,0.));
#3496 = VECTOR('',#3497,1.);
#3497 = DIRECTION('',(0.,-1.));
#3498 = ( GEOMETRIC_REPRESENTATION_CONTEXT(2) 
PARAMETRIC_REPRESENTATION_CONTEXT() REPRESENTATION_CONTEXT('2D SPACE',''
  ) );
#3499 = ADVANCED_FACE('',(#3500),#609,.T.);
#3500 = FACE_BOUND('',#3501,.T.);
#3501 = EDGE_LOOP('',(#3502,#3503,#3504,#3505,#3506,#3527));
#3502 = ORIENTED_EDGE('',*,*,#867,.F.);
#3503 = ORIENTED_EDGE('',*,*,#2307,.F.);
#3504 = ORIENTED_EDGE('',*,*,#3479,.F.);
#3505 = ORIENTED_EDGE('',*,*,#593,.F.);
#3506 = ORIENTED_EDGE('',*,*,#3507,.T.);
#3507 = EDGE_CURVE('',#566,#1710,#3508,.T.);
#3508 = SURFACE_CURVE('',#3509,(#3513,#3520),.PCURVE_S1.);
#3509 = LINE('',#3510,#3511);
#3510 = CARTESIAN_POINT('',(17.5,29.027097304927,48.));
#3511 = VECTOR('',#3512,1.);
#3512 = DIRECTION('',(0.,1.480297366167E-15,-1.));
#3513 = PCURVE('',#609,#3514);
#3514 = DEFINITIONAL_REPRESENTATION('',(#3515),#3519);
#3515 = LINE('',#3516,#3517);
#3516 = CARTESIAN_POINT('',(0.,0.));
#3517 = VECTOR('',#3518,1.);
#3518 = DIRECTION('',(0.,-1.));
#3519 = ( GEOMETRIC_REPRESENTATION_CONTEXT(2) 
PARAMETRIC_REPRESENTATION_CONTEXT() REPRESENTATION_CONTEXT('2D SPACE',''
  ) );
#3520 = PCURVE('',#581,#3521);
#3521 = DEFINITIONAL_REPRESENTATION('',(#3522),#3526);
#3522 = LINE('',#3523,#3524);
#3523 = CARTESIAN_POINT('',(37.,0.));
#3524 = VECTOR('',#3525,1.);
#3525 = DIRECTION('',(1.480297366167E-15,-1.));
#3526 = ( GEOMETRIC_REPRESENTATION_CONTEXT(2) 
PARAMETRIC_REPRESENTATION_CONTEXT() REPRESENTATION_CONTEXT('2D SPACE',''
  ) );
#3527 = ORIENTED_EDGE('',*,*,#1732,.F.);
#3528 = ADVANCED_FACE('',(#3529),#581,.T.);
#3529 = FACE_BOUND('',#3530,.T.);
#3530 = EDGE_LOOP('',(#3531,#3532,#3533,#3534));
#3531 = ORIENTED_EDGE('',*,*,#1709,.F.);
#3532 = ORIENTED_EDGE('',*,*,#3507,.F.);
#3533 = ORIENTED_EDGE('',*,*,#563,.F.);
#3534 = ORIENTED_EDGE('',*,*,#3430,.F.);
#3535 = ( GEOMETRIC_REPRESENTATION_CONTEXT(3) 
GLOBAL_UNCERTAINTY_ASSIGNED_CONTEXT((#3539)) 
GLOBAL_UNIT_ASSIGNED_CONTEXT((#3536,#3537,#3538)) REPRESENTATION_CONTEXT
('Context #1','3D Context with UNIT and UNCERTAINTY') );
#3536 = ( LENGTH_UNIT() NAMED_UNIT(*) SI_UNIT(.MILLI.,.METRE.) );
#3537 = ( NAMED_UNIT(*) PLANE_ANGLE_UNIT() SI_UNIT($,.RADIAN.) );
#3538 = ( NAMED_UNIT(*) SI_UNIT($,.STERADIAN.) SOLID_ANGLE_UNIT() );
#3539 = UNCERTAINTY_MEASURE_WITH_UNIT(LENGTH_MEASURE(1.E-04),#3536,
  'distance_accuracy_value','confusion accuracy');
#3540 = CONTEXT_DEPENDENT_SHAPE_REPRESENTATION(#3541,#3543);
#3541 = ( REPRESENTATION_RELATIONSHIP('','',#72,#10) 
REPRESENTATION_RELATIONSHIP_WITH_TRANSFORMATION(#3542) 
SHAPE_REPRESENTATION_RELATIONSHIP() );
#3542 = ITEM_DEFINED_TRANSFORMATION('','',#11,#15);
#3543 = PRODUCT_DEFINITION_SHAPE('Placement','Placement of an item',
  #3544);
#3544 = NEXT_ASSEMBLY_USAGE_OCCURRENCE('145','','',#5,#67,$);
#3545 = PRODUCT_RELATED_PRODUCT_CATEGORY('part',$,(#69));
#3546 = SHAPE_DEFINITION_REPRESENTATION(#3547,#3553);
#3547 = PRODUCT_DEFINITION_SHAPE('','',#3548);
#3548 = PRODUCT_DEFINITION('design','',#3549,#3552);
#3549 = PRODUCT_DEFINITION_FORMATION('','',#3550);
#3550 = PRODUCT('Open CASCADE STEP translator 7.9 45.2',
  'Open CASCADE STEP translator 7.9 45.2','',(#3551));
#3551 = PRODUCT_CONTEXT('',#2,'mechanical');
#3552 = PRODUCT_DEFINITION_CONTEXT('part definition',#2,'design');
#3553 = ADVANCED_BREP_SHAPE_REPRESENTATION('',(#11,#3554),#4252);
#3554 = MANIFOLD_SOLID_BREP('',#3555);
#3555 = CLOSED_SHELL('',(#3556,#3652,#3738,#3824,#3910,#4020,#4096,#4167
    ,#4214,#4233));
#3556 = ADVANCED_FACE('',(#3557),#3571,.F.);
#3557 = FACE_BOUND('',#3558,.F.);
#3558 = EDGE_LOOP('',(#3559,#3589,#3620,#3621));
#3559 = ORIENTED_EDGE('',*,*,#3560,.T.);
#3560 = EDGE_CURVE('',#3561,#3563,#3565,.T.);
#3561 = VERTEX_POINT('',#3562);
#3562 = CARTESIAN_POINT('',(-16.57647220547,-15.49999999999,
    375.31607093602));
#3563 = VERTEX_POINT('',#3564);
#3564 = CARTESIAN_POINT('',(-16.57647220547,-13.49999999999,
    375.31607093602));
#3565 = SEAM_CURVE('',#3566,(#3570,#3582),.PCURVE_S1.);
#3566 = LINE('',#3567,#3568);
#3567 = CARTESIAN_POINT('',(-16.57647220547,-13.49999999999,
    375.31607093602));
#3568 = VECTOR('',#3569,1.);
#3569 = DIRECTION('',(0.,1.,0.));
#3570 = PCURVE('',#3571,#3576);
#3571 = CYLINDRICAL_SURFACE('',#3572,0.7835);
#3572 = AXIS2_PLACEMENT_3D('',#3573,#3574,#3575);
#3573 = CARTESIAN_POINT('',(-15.79297220547,-13.49999999999,
    375.31607093602));
#3574 = DIRECTION('',(0.,-1.,0.));
#3575 = DIRECTION('',(1.,0.,2.563797941968E-30));
#3576 = DEFINITIONAL_REPRESENTATION('',(#3577),#3581);
#3577 = LINE('',#3578,#3579);
#3578 = CARTESIAN_POINT('',(-3.14159265359,0.));
#3579 = VECTOR('',#3580,1.);
#3580 = DIRECTION('',(0.,-1.));
#3581 = ( GEOMETRIC_REPRESENTATION_CONTEXT(2) 
PARAMETRIC_REPRESENTATION_CONTEXT() REPRESENTATION_CONTEXT('2D SPACE',''
  ) );
#3582 = PCURVE('',#3571,#3583);
#3583 = DEFINITIONAL_REPRESENTATION('',(#3584),#3588);
#3584 = LINE('',#3585,#3586);
#3585 = CARTESIAN_POINT('',(3.14159265359,0.));
#3586 = VECTOR('',#3587,1.);
#3587 = DIRECTION('',(0.,-1.));
#3588 = ( GEOMETRIC_REPRESENTATION_CONTEXT(2) 
PARAMETRIC_REPRESENTATION_CONTEXT() REPRESENTATION_CONTEXT('2D SPACE',''
  ) );
#3589 = ORIENTED_EDGE('',*,*,#3590,.F.);
#3590 = EDGE_CURVE('',#3563,#3563,#3591,.T.);
#3591 = SURFACE_CURVE('',#3592,(#3597,#3604),.PCURVE_S1.);
#3592 = CIRCLE('',#3593,0.7835);
#3593 = AXIS2_PLACEMENT_3D('',#3594,#3595,#3596);
#3594 = CARTESIAN_POINT('',(-15.79297220547,-13.49999999999,
    375.31607093602));
#3595 = DIRECTION('',(-3.469446951954E-16,1.,-2.027041266456E-31));
#3596 = DIRECTION('',(1.,3.469446951954E-16,2.563797941968E-30));
#3597 = PCURVE('',#3571,#3598);
#3598 = DEFINITIONAL_REPRESENTATION('',(#3599),#3603);
#3599 = LINE('',#3600,#3601);
#3600 = CARTESIAN_POINT('',(6.28318530718,0.));
#3601 = VECTOR('',#3602,1.);
#3602 = DIRECTION('',(-1.,0.));
#3603 = ( GEOMETRIC_REPRESENTATION_CONTEXT(2) 
PARAMETRIC_REPRESENTATION_CONTEXT() REPRESENTATION_CONTEXT('2D SPACE',''
  ) );
#3604 = PCURVE('',#3605,#3610);
#3605 = PLANE('',#3606);
#3606 = AXIS2_PLACEMENT_3D('',#3607,#3608,#3609);
#3607 = CARTESIAN_POINT('',(-1.239897073901E-11,-13.49999999999,
    359.99999999998));
#3608 = DIRECTION('',(3.469446951954E-16,-1.,-1.269862632821E-16));
#3609 = DIRECTION('',(1.,3.469446951954E-16,2.563797941968E-30));
#3610 = DEFINITIONAL_REPRESENTATION('',(#3611),#3619);
#3611 = ( BOUNDED_CURVE() B_SPLINE_CURVE(2,(#3612,#3613,#3614,#3615,
#3616,#3617,#3618),.UNSPECIFIED.,.T.,.F.) B_SPLINE_CURVE_WITH_KNOTS((1,2
    ,2,2,2,1),(-2.094395102393,0.,2.094395102393,4.188790204786,
6.28318530718,8.377580409573),.UNSPECIFIED.) CURVE() 
GEOMETRIC_REPRESENTATION_ITEM() RATIONAL_B_SPLINE_CURVE((1.,0.5,1.,0.5,
1.,0.5,1.)) REPRESENTATION_ITEM('') );
#3612 = CARTESIAN_POINT('',(-15.00947220545,15.31607093604));
#3613 = CARTESIAN_POINT('',(-15.00947220545,13.95900912831));
#3614 = CARTESIAN_POINT('',(-16.18472220545,14.637540032175));
#3615 = CARTESIAN_POINT('',(-17.35997220545,15.31607093604));
#3616 = CARTESIAN_POINT('',(-16.18472220545,15.994601839905));
#3617 = CARTESIAN_POINT('',(-15.00947220545,16.67313274377));
#3618 = CARTESIAN_POINT('',(-15.00947220545,15.31607093604));
#3619 = ( GEOMETRIC_REPRESENTATION_CONTEXT(2) 
PARAMETRIC_REPRESENTATION_CONTEXT() REPRESENTATION_CONTEXT('2D SPACE',''
  ) );
#3620 = ORIENTED_EDGE('',*,*,#3560,.F.);
#3621 = ORIENTED_EDGE('',*,*,#3622,.T.);
#3622 = EDGE_CURVE('',#3561,#3561,#3623,.T.);
#3623 = SURFACE_CURVE('',#3624,(#3629,#3636),.PCURVE_S1.);
#3624 = CIRCLE('',#3625,0.7835);
#3625 = AXIS2_PLACEMENT_3D('',#3626,#3627,#3628);
#3626 = CARTESIAN_POINT('',(-15.79297220547,-15.49999999999,
    375.31607093602));
#3627 = DIRECTION('',(-3.469446951954E-16,1.,-2.027041266456E-31));
#3628 = DIRECTION('',(1.,3.469446951954E-16,2.563797941968E-30));
#3629 = PCURVE('',#3571,#3630);
#3630 = DEFINITIONAL_REPRESENTATION('',(#3631),#3635);
#3631 = LINE('',#3632,#3633);
#3632 = CARTESIAN_POINT('',(6.28318530718,2.));
#3633 = VECTOR('',#3634,1.);
#3634 = DIRECTION('',(-1.,0.));
#3635 = ( GEOMETRIC_REPRESENTATION_CONTEXT(2) 
PARAMETRIC_REPRESENTATION_CONTEXT() REPRESENTATION_CONTEXT('2D SPACE',''
  ) );
#3636 = PCURVE('',#3637,#3642);
#3637 = PLANE('',#3638);
#3638 = AXIS2_PLACEMENT_3D('',#3639,#3640,#3641);
#3639 = CARTESIAN_POINT('',(-1.239897073901E-11,-15.49999999999,
    359.99999999998));
#3640 = DIRECTION('',(3.469446951954E-16,-1.,-1.269862632821E-16));
#3641 = DIRECTION('',(1.,3.469446951954E-16,2.563797941968E-30));
#3642 = DEFINITIONAL_REPRESENTATION('',(#3643),#3651);
#3643 = ( BOUNDED_CURVE() B_SPLINE_CURVE(2,(#3644,#3645,#3646,#3647,
#3648,#3649,#3650),.UNSPECIFIED.,.T.,.F.) B_SPLINE_CURVE_WITH_KNOTS((1,2
    ,2,2,2,1),(-2.094395102393,0.,2.094395102393,4.188790204786,
6.28318530718,8.377580409573),.UNSPECIFIED.) CURVE() 
GEOMETRIC_REPRESENTATION_ITEM() RATIONAL_B_SPLINE_CURVE((1.,0.5,1.,0.5,
1.,0.5,1.)) REPRESENTATION_ITEM('') );
#3644 = CARTESIAN_POINT('',(-15.00947220545,15.31607093604));
#3645 = CARTESIAN_POINT('',(-15.00947220545,13.95900912831));
#3646 = CARTESIAN_POINT('',(-16.18472220545,14.637540032175));
#3647 = CARTESIAN_POINT('',(-17.35997220545,15.31607093604));
#3648 = CARTESIAN_POINT('',(-16.18472220545,15.994601839905));
#3649 = CARTESIAN_POINT('',(-15.00947220545,16.67313274377));
#3650 = CARTESIAN_POINT('',(-15.00947220545,15.31607093604));
#3651 = ( GEOMETRIC_REPRESENTATION_CONTEXT(2) 
PARAMETRIC_REPRESENTATION_CONTEXT() REPRESENTATION_CONTEXT('2D SPACE',''
  ) );
#3652 = ADVANCED_FACE('',(#3653),#3667,.F.);
#3653 = FACE_BOUND('',#3654,.F.);
#3654 = EDGE_LOOP('',(#3655,#3685,#3711,#3712));
#3655 = ORIENTED_EDGE('',*,*,#3656,.T.);
#3656 = EDGE_CURVE('',#3657,#3659,#3661,.T.);
#3657 = VERTEX_POINT('',#3658);
#3658 = CARTESIAN_POINT('',(-16.09957093604,-15.49999999999,
    344.20702779452));
#3659 = VERTEX_POINT('',#3660);
#3660 = CARTESIAN_POINT('',(-16.09957093604,-13.49999999999,
    344.20702779452));
#3661 = SEAM_CURVE('',#3662,(#3666,#3678),.PCURVE_S1.);
#3662 = LINE('',#3663,#3664);
#3663 = CARTESIAN_POINT('',(-16.09957093604,-13.49999999999,
    344.20702779452));
#3664 = VECTOR('',#3665,1.);
#3665 = DIRECTION('',(0.,1.,0.));
#3666 = PCURVE('',#3667,#3672);
#3667 = CYLINDRICAL_SURFACE('',#3668,0.7835);
#3668 = AXIS2_PLACEMENT_3D('',#3669,#3670,#3671);
#3669 = CARTESIAN_POINT('',(-15.31607093604,-13.49999999999,
    344.20702779452));
#3670 = DIRECTION('',(0.,-1.,0.));
#3671 = DIRECTION('',(1.,0.,2.563797941968E-30));
#3672 = DEFINITIONAL_REPRESENTATION('',(#3673),#3677);
#3673 = LINE('',#3674,#3675);
#3674 = CARTESIAN_POINT('',(-3.14159265359,0.));
#3675 = VECTOR('',#3676,1.);
#3676 = DIRECTION('',(0.,-1.));
#3677 = ( GEOMETRIC_REPRESENTATION_CONTEXT(2) 
PARAMETRIC_REPRESENTATION_CONTEXT() REPRESENTATION_CONTEXT('2D SPACE',''
  ) );
#3678 = PCURVE('',#3667,#3679);
#3679 = DEFINITIONAL_REPRESENTATION('',(#3680),#3684);
#3680 = LINE('',#3681,#3682);
#3681 = CARTESIAN_POINT('',(3.14159265359,0.));
#3682 = VECTOR('',#3683,1.);
#3683 = DIRECTION('',(0.,-1.));
#3684 = ( GEOMETRIC_REPRESENTATION_CONTEXT(2) 
PARAMETRIC_REPRESENTATION_CONTEXT() REPRESENTATION_CONTEXT('2D SPACE',''
  ) );
#3685 = ORIENTED_EDGE('',*,*,#3686,.F.);
#3686 = EDGE_CURVE('',#3659,#3659,#3687,.T.);
#3687 = SURFACE_CURVE('',#3688,(#3693,#3700),.PCURVE_S1.);
#3688 = CIRCLE('',#3689,0.7835);
#3689 = AXIS2_PLACEMENT_3D('',#3690,#3691,#3692);
#3690 = CARTESIAN_POINT('',(-15.31607093604,-13.49999999999,
    344.20702779452));
#3691 = DIRECTION('',(-3.469446951954E-16,1.,-2.027041266456E-31));
#3692 = DIRECTION('',(1.,3.469446951954E-16,2.563797941968E-30));
#3693 = PCURVE('',#3667,#3694);
#3694 = DEFINITIONAL_REPRESENTATION('',(#3695),#3699);
#3695 = LINE('',#3696,#3697);
#3696 = CARTESIAN_POINT('',(6.28318530718,0.));
#3697 = VECTOR('',#3698,1.);
#3698 = DIRECTION('',(-1.,0.));
#3699 = ( GEOMETRIC_REPRESENTATION_CONTEXT(2) 
PARAMETRIC_REPRESENTATION_CONTEXT() REPRESENTATION_CONTEXT('2D SPACE',''
  ) );
#3700 = PCURVE('',#3605,#3701);
#3701 = DEFINITIONAL_REPRESENTATION('',(#3702),#3710);
#3702 = ( BOUNDED_CURVE() B_SPLINE_CURVE(2,(#3703,#3704,#3705,#3706,
#3707,#3708,#3709),.UNSPECIFIED.,.T.,.F.) B_SPLINE_CURVE_WITH_KNOTS((1,2
    ,2,2,2,1),(-2.094395102393,0.,2.094395102393,4.188790204786,
6.28318530718,8.377580409573),.UNSPECIFIED.) CURVE() 
GEOMETRIC_REPRESENTATION_ITEM() RATIONAL_B_SPLINE_CURVE((1.,0.5,1.,0.5,
1.,0.5,1.)) REPRESENTATION_ITEM('') );
#3703 = CARTESIAN_POINT('',(-14.53257093602,-15.79297220546));
#3704 = CARTESIAN_POINT('',(-14.53257093602,-17.15003401319));
#3705 = CARTESIAN_POINT('',(-15.70782093602,-16.47150310932));
#3706 = CARTESIAN_POINT('',(-16.88307093602,-15.79297220546));
#3707 = CARTESIAN_POINT('',(-15.70782093602,-15.11444130159));
#3708 = CARTESIAN_POINT('',(-14.53257093602,-14.43591039773));
#3709 = CARTESIAN_POINT('',(-14.53257093602,-15.79297220546));
#3710 = ( GEOMETRIC_REPRESENTATION_CONTEXT(2) 
PARAMETRIC_REPRESENTATION_CONTEXT() REPRESENTATION_CONTEXT('2D SPACE',''
  ) );
#3711 = ORIENTED_EDGE('',*,*,#3656,.F.);
#3712 = ORIENTED_EDGE('',*,*,#3713,.T.);
#3713 = EDGE_CURVE('',#3657,#3657,#3714,.T.);
#3714 = SURFACE_CURVE('',#3715,(#3720,#3727),.PCURVE_S1.);
#3715 = CIRCLE('',#3716,0.7835);
#3716 = AXIS2_PLACEMENT_3D('',#3717,#3718,#3719);
#3717 = CARTESIAN_POINT('',(-15.31607093604,-15.49999999999,
    344.20702779452));
#3718 = DIRECTION('',(-3.469446951954E-16,1.,-2.027041266456E-31));
#3719 = DIRECTION('',(1.,3.469446951954E-16,2.563797941968E-30));
#3720 = PCURVE('',#3667,#3721);
#3721 = DEFINITIONAL_REPRESENTATION('',(#3722),#3726);
#3722 = LINE('',#3723,#3724);
#3723 = CARTESIAN_POINT('',(6.28318530718,2.));
#3724 = VECTOR('',#3725,1.);
#3725 = DIRECTION('',(-1.,0.));
#3726 = ( GEOMETRIC_REPRESENTATION_CONTEXT(2) 
PARAMETRIC_REPRESENTATION_CONTEXT() REPRESENTATION_CONTEXT('2D SPACE',''
  ) );
#3727 = PCURVE('',#3637,#3728);
#3728 = DEFINITIONAL_REPRESENTATION('',(#3729),#3737);
#3729 = ( BOUNDED_CURVE() B_SPLINE_CURVE(2,(#3730,#3731,#3732,#3733,
#3734,#3735,#3736),.UNSPECIFIED.,.T.,.F.) B_SPLINE_CURVE_WITH_KNOTS((1,2
    ,2,2,2,1),(-2.094395102393,0.,2.094395102393,4.188790204786,
6.28318530718,8.377580409573),.UNSPECIFIED.) CURVE() 
GEOMETRIC_REPRESENTATION_ITEM() RATIONAL_B_SPLINE_CURVE((1.,0.5,1.,0.5,
1.,0.5,1.)) REPRESENTATION_ITEM('') );
#3730 = CARTESIAN_POINT('',(-14.53257093602,-15.79297220546));
#3731 = CARTESIAN_POINT('',(-14.53257093602,-17.15003401319));
#3732 = CARTESIAN_POINT('',(-15.70782093602,-16.47150310932));
#3733 = CARTESIAN_POINT('',(-16.88307093602,-15.79297220546));
#3734 = CARTESIAN_POINT('',(-15.70782093602,-15.11444130159));
#3735 = CARTESIAN_POINT('',(-14.53257093602,-14.43591039773));
#3736 = CARTESIAN_POINT('',(-14.53257093602,-15.79297220546));
#3737 = ( GEOMETRIC_REPRESENTATION_CONTEXT(2) 
PARAMETRIC_REPRESENTATION_CONTEXT() REPRESENTATION_CONTEXT('2D SPACE',''
  ) );
#3738 = ADVANCED_FACE('',(#3739),#3753,.F.);
#3739 = FACE_BOUND('',#3740,.F.);
#3740 = EDGE_LOOP('',(#3741,#3771,#3797,#3798));
#3741 = ORIENTED_EDGE('',*,*,#3742,.T.);
#3742 = EDGE_CURVE('',#3743,#3745,#3747,.T.);
#3743 = VERTEX_POINT('',#3744);
#3744 = CARTESIAN_POINT('',(14.53257093602,-15.49999999999,
    375.79297220544));
#3745 = VERTEX_POINT('',#3746);
#3746 = CARTESIAN_POINT('',(14.53257093602,-13.49999999999,
    375.79297220544));
#3747 = SEAM_CURVE('',#3748,(#3752,#3764),.PCURVE_S1.);
#3748 = LINE('',#3749,#3750);
#3749 = CARTESIAN_POINT('',(14.53257093602,-13.49999999999,
    375.79297220544));
#3750 = VECTOR('',#3751,1.);
#3751 = DIRECTION('',(0.,1.,0.));
#3752 = PCURVE('',#3753,#3758);
#3753 = CYLINDRICAL_SURFACE('',#3754,0.7835);
#3754 = AXIS2_PLACEMENT_3D('',#3755,#3756,#3757);
#3755 = CARTESIAN_POINT('',(15.316070936021,-13.49999999999,
    375.79297220544));
#3756 = DIRECTION('',(0.,-1.,0.));
#3757 = DIRECTION('',(1.,0.,2.563797941968E-30));
#3758 = DEFINITIONAL_REPRESENTATION('',(#3759),#3763);
#3759 = LINE('',#3760,#3761);
#3760 = CARTESIAN_POINT('',(-3.14159265359,0.));
#3761 = VECTOR('',#3762,1.);
#3762 = DIRECTION('',(0.,-1.));
#3763 = ( GEOMETRIC_REPRESENTATION_CONTEXT(2) 
PARAMETRIC_REPRESENTATION_CONTEXT() REPRESENTATION_CONTEXT('2D SPACE',''
  ) );
#3764 = PCURVE('',#3753,#3765);
#3765 = DEFINITIONAL_REPRESENTATION('',(#3766),#3770);
#3766 = LINE('',#3767,#3768);
#3767 = CARTESIAN_POINT('',(3.14159265359,0.));
#3768 = VECTOR('',#3769,1.);
#3769 = DIRECTION('',(0.,-1.));
#3770 = ( GEOMETRIC_REPRESENTATION_CONTEXT(2) 
PARAMETRIC_REPRESENTATION_CONTEXT() REPRESENTATION_CONTEXT('2D SPACE',''
  ) );
#3771 = ORIENTED_EDGE('',*,*,#3772,.F.);
#3772 = EDGE_CURVE('',#3745,#3745,#3773,.T.);
#3773 = SURFACE_CURVE('',#3774,(#3779,#3786),.PCURVE_S1.);
#3774 = CIRCLE('',#3775,0.7835);
#3775 = AXIS2_PLACEMENT_3D('',#3776,#3777,#3778);
#3776 = CARTESIAN_POINT('',(15.316070936021,-13.49999999999,
    375.79297220544));
#3777 = DIRECTION('',(-3.469446951954E-16,1.,-2.023189406567E-31));
#3778 = DIRECTION('',(1.,3.469446951954E-16,2.563797941968E-30));
#3779 = PCURVE('',#3753,#3780);
#3780 = DEFINITIONAL_REPRESENTATION('',(#3781),#3785);
#3781 = LINE('',#3782,#3783);
#3782 = CARTESIAN_POINT('',(6.28318530718,0.));
#3783 = VECTOR('',#3784,1.);
#3784 = DIRECTION('',(-1.,0.));
#3785 = ( GEOMETRIC_REPRESENTATION_CONTEXT(2) 
PARAMETRIC_REPRESENTATION_CONTEXT() REPRESENTATION_CONTEXT('2D SPACE',''
  ) );
#3786 = PCURVE('',#3605,#3787);
#3787 = DEFINITIONAL_REPRESENTATION('',(#3788),#3796);
#3788 = ( BOUNDED_CURVE() B_SPLINE_CURVE(2,(#3789,#3790,#3791,#3792,
#3793,#3794,#3795),.UNSPECIFIED.,.T.,.F.) B_SPLINE_CURVE_WITH_KNOTS((1,2
    ,2,2,2,1),(-2.094395102393,0.,2.094395102393,4.188790204786,
6.28318530718,8.377580409573),.UNSPECIFIED.) CURVE() 
GEOMETRIC_REPRESENTATION_ITEM() RATIONAL_B_SPLINE_CURVE((1.,0.5,1.,0.5,
1.,0.5,1.)) REPRESENTATION_ITEM('') );
#3789 = CARTESIAN_POINT('',(16.099570936033,15.79297220546));
#3790 = CARTESIAN_POINT('',(16.099570936033,14.43591039773));
#3791 = CARTESIAN_POINT('',(14.924320936033,15.114441301595));
#3792 = CARTESIAN_POINT('',(13.749070936033,15.79297220546));
#3793 = CARTESIAN_POINT('',(14.924320936033,16.471503109325));
#3794 = CARTESIAN_POINT('',(16.099570936033,17.15003401319));
#3795 = CARTESIAN_POINT('',(16.099570936033,15.79297220546));
#3796 = ( GEOMETRIC_REPRESENTATION_CONTEXT(2) 
PARAMETRIC_REPRESENTATION_CONTEXT() REPRESENTATION_CONTEXT('2D SPACE',''
  ) );
#3797 = ORIENTED_EDGE('',*,*,#3742,.F.);
#3798 = ORIENTED_EDGE('',*,*,#3799,.T.);
#3799 = EDGE_CURVE('',#3743,#3743,#3800,.T.);
#3800 = SURFACE_CURVE('',#3801,(#3806,#3813),.PCURVE_S1.);
#3801 = CIRCLE('',#3802,0.7835);
#3802 = AXIS2_PLACEMENT_3D('',#3803,#3804,#3805);
#3803 = CARTESIAN_POINT('',(15.316070936021,-15.49999999999,
    375.79297220544));
#3804 = DIRECTION('',(-3.469446951954E-16,1.,-2.023189406567E-31));
#3805 = DIRECTION('',(1.,3.469446951954E-16,2.563797941968E-30));
#3806 = PCURVE('',#3753,#3807);
#3807 = DEFINITIONAL_REPRESENTATION('',(#3808),#3812);
#3808 = LINE('',#3809,#3810);
#3809 = CARTESIAN_POINT('',(6.28318530718,2.));
#3810 = VECTOR('',#3811,1.);
#3811 = DIRECTION('',(-1.,0.));
#3812 = ( GEOMETRIC_REPRESENTATION_CONTEXT(2) 
PARAMETRIC_REPRESENTATION_CONTEXT() REPRESENTATION_CONTEXT('2D SPACE',''
  ) );
#3813 = PCURVE('',#3637,#3814);
#3814 = DEFINITIONAL_REPRESENTATION('',(#3815),#3823);
#3815 = ( BOUNDED_CURVE() B_SPLINE_CURVE(2,(#3816,#3817,#3818,#3819,
#3820,#3821,#3822),.UNSPECIFIED.,.T.,.F.) B_SPLINE_CURVE_WITH_KNOTS((1,2
    ,2,2,2,1),(-2.094395102393,0.,2.094395102393,4.188790204786,
6.28318530718,8.377580409573),.UNSPECIFIED.) CURVE() 
GEOMETRIC_REPRESENTATION_ITEM() RATIONAL_B_SPLINE_CURVE((1.,0.5,1.,0.5,
1.,0.5,1.)) REPRESENTATION_ITEM('') );
#3816 = CARTESIAN_POINT('',(16.099570936033,15.79297220546));
#3817 = CARTESIAN_POINT('',(16.099570936033,14.43591039773));
#3818 = CARTESIAN_POINT('',(14.924320936033,15.114441301595));
#3819 = CARTESIAN_POINT('',(13.749070936033,15.79297220546));
#3820 = CARTESIAN_POINT('',(14.924320936033,16.471503109325));
#3821 = CARTESIAN_POINT('',(16.099570936033,17.15003401319));
#3822 = CARTESIAN_POINT('',(16.099570936033,15.79297220546));
#3823 = ( GEOMETRIC_REPRESENTATION_CONTEXT(2) 
PARAMETRIC_REPRESENTATION_CONTEXT() REPRESENTATION_CONTEXT('2D SPACE',''
  ) );
#3824 = ADVANCED_FACE('',(#3825),#3839,.F.);
#3825 = FACE_BOUND('',#3826,.F.);
#3826 = EDGE_LOOP('',(#3827,#3857,#3883,#3884));
#3827 = ORIENTED_EDGE('',*,*,#3828,.T.);
#3828 = EDGE_CURVE('',#3829,#3831,#3833,.T.);
#3829 = VERTEX_POINT('',#3830);
#3830 = CARTESIAN_POINT('',(15.009472205447,-15.49999999999,
    344.68392906395));
#3831 = VERTEX_POINT('',#3832);
#3832 = CARTESIAN_POINT('',(15.009472205447,-13.49999999999,
    344.68392906395));
#3833 = SEAM_CURVE('',#3834,(#3838,#3850),.PCURVE_S1.);
#3834 = LINE('',#3835,#3836);
#3835 = CARTESIAN_POINT('',(15.009472205447,-13.49999999999,
    344.68392906395));
#3836 = VECTOR('',#3837,1.);
#3837 = DIRECTION('',(0.,1.,0.));
#3838 = PCURVE('',#3839,#3844);
#3839 = CYLINDRICAL_SURFACE('',#3840,0.7835);
#3840 = AXIS2_PLACEMENT_3D('',#3841,#3842,#3843);
#3841 = CARTESIAN_POINT('',(15.792972205447,-13.49999999999,
    344.68392906395));
#3842 = DIRECTION('',(0.,-1.,0.));
#3843 = DIRECTION('',(1.,0.,2.563797941968E-30));
#3844 = DEFINITIONAL_REPRESENTATION('',(#3845),#3849);
#3845 = LINE('',#3846,#3847);
#3846 = CARTESIAN_POINT('',(-3.14159265359,0.));
#3847 = VECTOR('',#3848,1.);
#3848 = DIRECTION('',(0.,-1.));
#3849 = ( GEOMETRIC_REPRESENTATION_CONTEXT(2) 
PARAMETRIC_REPRESENTATION_CONTEXT() REPRESENTATION_CONTEXT('2D SPACE',''
  ) );
#3850 = PCURVE('',#3839,#3851);
#3851 = DEFINITIONAL_REPRESENTATION('',(#3852),#3856);
#3852 = LINE('',#3853,#3854);
#3853 = CARTESIAN_POINT('',(3.14159265359,0.));
#3854 = VECTOR('',#3855,1.);
#3855 = DIRECTION('',(0.,-1.));
#3856 = ( GEOMETRIC_REPRESENTATION_CONTEXT(2) 
PARAMETRIC_REPRESENTATION_CONTEXT() REPRESENTATION_CONTEXT('2D SPACE',''
  ) );
#3857 = ORIENTED_EDGE('',*,*,#3858,.F.);
#3858 = EDGE_CURVE('',#3831,#3831,#3859,.T.);
#3859 = SURFACE_CURVE('',#3860,(#3865,#3872),.PCURVE_S1.);
#3860 = CIRCLE('',#3861,0.7835);
#3861 = AXIS2_PLACEMENT_3D('',#3862,#3863,#3864);
#3862 = CARTESIAN_POINT('',(15.792972205447,-13.49999999999,
    344.68392906395));
#3863 = DIRECTION('',(-3.469446951954E-16,1.,-2.027041266456E-31));
#3864 = DIRECTION('',(1.,3.469446951954E-16,2.563797941968E-30));
#3865 = PCURVE('',#3839,#3866);
#3866 = DEFINITIONAL_REPRESENTATION('',(#3867),#3871);
#3867 = LINE('',#3868,#3869);
#3868 = CARTESIAN_POINT('',(6.28318530718,0.));
#3869 = VECTOR('',#3870,1.);
#3870 = DIRECTION('',(-1.,0.));
#3871 = ( GEOMETRIC_REPRESENTATION_CONTEXT(2) 
PARAMETRIC_REPRESENTATION_CONTEXT() REPRESENTATION_CONTEXT('2D SPACE',''
  ) );
#3872 = PCURVE('',#3605,#3873);
#3873 = DEFINITIONAL_REPRESENTATION('',(#3874),#3882);
#3874 = ( BOUNDED_CURVE() B_SPLINE_CURVE(2,(#3875,#3876,#3877,#3878,
#3879,#3880,#3881),.UNSPECIFIED.,.T.,.F.) B_SPLINE_CURVE_WITH_KNOTS((1,2
    ,2,2,2,1),(-2.094395102393,0.,2.094395102393,4.188790204786,
6.28318530718,8.377580409573),.UNSPECIFIED.) CURVE() 
GEOMETRIC_REPRESENTATION_ITEM() RATIONAL_B_SPLINE_CURVE((1.,0.5,1.,0.5,
1.,0.5,1.)) REPRESENTATION_ITEM('') );
#3875 = CARTESIAN_POINT('',(16.576472205459,-15.31607093603));
#3876 = CARTESIAN_POINT('',(16.576472205459,-16.67313274376));
#3877 = CARTESIAN_POINT('',(15.401222205459,-15.99460183989));
#3878 = CARTESIAN_POINT('',(14.225972205459,-15.31607093603));
#3879 = CARTESIAN_POINT('',(15.401222205459,-14.63754003216));
#3880 = CARTESIAN_POINT('',(16.576472205459,-13.9590091283));
#3881 = CARTESIAN_POINT('',(16.576472205459,-15.31607093603));
#3882 = ( GEOMETRIC_REPRESENTATION_CONTEXT(2) 
PARAMETRIC_REPRESENTATION_CONTEXT() REPRESENTATION_CONTEXT('2D SPACE',''
  ) );
#3883 = ORIENTED_EDGE('',*,*,#3828,.F.);
#3884 = ORIENTED_EDGE('',*,*,#3885,.T.);
#3885 = EDGE_CURVE('',#3829,#3829,#3886,.T.);
#3886 = SURFACE_CURVE('',#3887,(#3892,#3899),.PCURVE_S1.);
#3887 = CIRCLE('',#3888,0.7835);
#3888 = AXIS2_PLACEMENT_3D('',#3889,#3890,#3891);
#3889 = CARTESIAN_POINT('',(15.792972205447,-15.49999999999,
    344.68392906395));
#3890 = DIRECTION('',(-3.469446951954E-16,1.,-2.027041266456E-31));
#3891 = DIRECTION('',(1.,3.469446951954E-16,2.563797941968E-30));
#3892 = PCURVE('',#3839,#3893);
#3893 = DEFINITIONAL_REPRESENTATION('',(#3894),#3898);
#3894 = LINE('',#3895,#3896);
#3895 = CARTESIAN_POINT('',(6.28318530718,2.));
#3896 = VECTOR('',#3897,1.);
#3897 = DIRECTION('',(-1.,0.));
#3898 = ( GEOMETRIC_REPRESENTATION_CONTEXT(2) 
PARAMETRIC_REPRESENTATION_CONTEXT() REPRESENTATION_CONTEXT('2D SPACE',''
  ) );
#3899 = PCURVE('',#3637,#3900);
#3900 = DEFINITIONAL_REPRESENTATION('',(#3901),#3909);
#3901 = ( BOUNDED_CURVE() B_SPLINE_CURVE(2,(#3902,#3903,#3904,#3905,
#3906,#3907,#3908),.UNSPECIFIED.,.T.,.F.) B_SPLINE_CURVE_WITH_KNOTS((1,2
    ,2,2,2,1),(-2.094395102393,0.,2.094395102393,4.188790204786,
6.28318530718,8.377580409573),.UNSPECIFIED.) CURVE() 
GEOMETRIC_REPRESENTATION_ITEM() RATIONAL_B_SPLINE_CURVE((1.,0.5,1.,0.5,
1.,0.5,1.)) REPRESENTATION_ITEM('') );
#3902 = CARTESIAN_POINT('',(16.576472205459,-15.31607093603));
#3903 = CARTESIAN_POINT('',(16.576472205459,-16.67313274376));
#3904 = CARTESIAN_POINT('',(15.401222205459,-15.99460183989));
#3905 = CARTESIAN_POINT('',(14.225972205459,-15.31607093603));
#3906 = CARTESIAN_POINT('',(15.401222205459,-14.63754003216));
#3907 = CARTESIAN_POINT('',(16.576472205459,-13.9590091283));
#3908 = CARTESIAN_POINT('',(16.576472205459,-15.31607093603));
#3909 = ( GEOMETRIC_REPRESENTATION_CONTEXT(2) 
PARAMETRIC_REPRESENTATION_CONTEXT() REPRESENTATION_CONTEXT('2D SPACE',''
  ) );
#3910 = ADVANCED_FACE('',(#3911),#3925,.T.);
#3911 = FACE_BOUND('',#3912,.T.);
#3912 = EDGE_LOOP('',(#3913,#3943,#3971,#3994));
#3913 = ORIENTED_EDGE('',*,*,#3914,.F.);
#3914 = EDGE_CURVE('',#3915,#3917,#3919,.T.);
#3915 = VERTEX_POINT('',#3916);
#3916 = CARTESIAN_POINT('',(-18.00000000001,-13.49999999999,
    341.99999542532));
#3917 = VERTEX_POINT('',#3918);
#3918 = CARTESIAN_POINT('',(-18.00000000001,-13.49999999999,
    378.00000457465));
#3919 = SURFACE_CURVE('',#3920,(#3924,#3936),.PCURVE_S1.);
#3920 = LINE('',#3921,#3922);
#3921 = CARTESIAN_POINT('',(-18.00000000001,-13.49999999999,
    341.99999542532));
#3922 = VECTOR('',#3923,1.);
#3923 = DIRECTION('',(-2.563797941968E-30,2.042448706011E-31,1.));
#3924 = PCURVE('',#3925,#3930);
#3925 = PLANE('',#3926);
#3926 = AXIS2_PLACEMENT_3D('',#3927,#3928,#3929);
#3927 = CARTESIAN_POINT('',(-18.00000000001,-13.49999999999,
    378.00000457465));
#3928 = DIRECTION('',(-1.,0.,-2.563797941968E-30));
#3929 = DIRECTION('',(2.563797941968E-30,-2.042448706011E-31,-1.));
#3930 = DEFINITIONAL_REPRESENTATION('',(#3931),#3935);
#3931 = LINE('',#3932,#3933);
#3932 = CARTESIAN_POINT('',(36.00000914933,-7.352817210343E-30));
#3933 = VECTOR('',#3934,1.);
#3934 = DIRECTION('',(-1.,0.));
#3935 = ( GEOMETRIC_REPRESENTATION_CONTEXT(2) 
PARAMETRIC_REPRESENTATION_CONTEXT() REPRESENTATION_CONTEXT('2D SPACE',''
  ) );
#3936 = PCURVE('',#3605,#3937);
#3937 = DEFINITIONAL_REPRESENTATION('',(#3938),#3942);
#3938 = LINE('',#3939,#3940);
#3939 = CARTESIAN_POINT('',(-17.99999999999,-18.00000457466));
#3940 = VECTOR('',#3941,1.);
#3941 = DIRECTION('',(0.,1.));
#3942 = ( GEOMETRIC_REPRESENTATION_CONTEXT(2) 
PARAMETRIC_REPRESENTATION_CONTEXT() REPRESENTATION_CONTEXT('2D SPACE',''
  ) );
#3943 = ORIENTED_EDGE('',*,*,#3944,.T.);
#3944 = EDGE_CURVE('',#3915,#3945,#3947,.T.);
#3945 = VERTEX_POINT('',#3946);
#3946 = CARTESIAN_POINT('',(-18.00000000001,-15.49999999999,
    341.99999542532));
#3947 = SURFACE_CURVE('',#3948,(#3952,#3959),.PCURVE_S1.);
#3948 = LINE('',#3949,#3950);
#3949 = CARTESIAN_POINT('',(-18.00000000001,-13.49999999999,
    341.99999542532));
#3950 = VECTOR('',#3951,1.);
#3951 = DIRECTION('',(0.,-1.,0.));
#3952 = PCURVE('',#3925,#3953);
#3953 = DEFINITIONAL_REPRESENTATION('',(#3954),#3958);
#3954 = LINE('',#3955,#3956);
#3955 = CARTESIAN_POINT('',(36.00000914933,-7.352817210343E-30));
#3956 = VECTOR('',#3957,1.);
#3957 = DIRECTION('',(2.042448706011E-31,1.));
#3958 = ( GEOMETRIC_REPRESENTATION_CONTEXT(2) 
PARAMETRIC_REPRESENTATION_CONTEXT() REPRESENTATION_CONTEXT('2D SPACE',''
  ) );
#3959 = PCURVE('',#3960,#3965);
#3960 = PLANE('',#3961);
#3961 = AXIS2_PLACEMENT_3D('',#3962,#3963,#3964);
#3962 = CARTESIAN_POINT('',(-18.00000000001,-13.49999999999,
    341.99999542532));
#3963 = DIRECTION('',(2.563797941968E-30,0.,-1.));
#3964 = DIRECTION('',(1.,4.739309907507E-16,2.563797941968E-30));
#3965 = DEFINITIONAL_REPRESENTATION('',(#3966),#3970);
#3966 = LINE('',#3967,#3968);
#3967 = CARTESIAN_POINT('',(0.,0.));
#3968 = VECTOR('',#3969,1.);
#3969 = DIRECTION('',(-4.739309907507E-16,1.));
#3970 = ( GEOMETRIC_REPRESENTATION_CONTEXT(2) 
PARAMETRIC_REPRESENTATION_CONTEXT() REPRESENTATION_CONTEXT('2D SPACE',''
  ) );
#3971 = ORIENTED_EDGE('',*,*,#3972,.F.);
#3972 = EDGE_CURVE('',#3973,#3945,#3975,.T.);
#3973 = VERTEX_POINT('',#3974);
#3974 = CARTESIAN_POINT('',(-18.00000000001,-15.49999999999,
    378.00000457465));
#3975 = SURFACE_CURVE('',#3976,(#3980,#3987),.PCURVE_S1.);
#3976 = LINE('',#3977,#3978);
#3977 = CARTESIAN_POINT('',(-18.00000000001,-15.49999999999,
    341.99999542532));
#3978 = VECTOR('',#3979,1.);
#3979 = DIRECTION('',(2.563797941968E-30,-2.042448706011E-31,-1.));
#3980 = PCURVE('',#3925,#3981);
#3981 = DEFINITIONAL_REPRESENTATION('',(#3982),#3986);
#3982 = LINE('',#3983,#3984);
#3983 = CARTESIAN_POINT('',(36.00000914933,2.));
#3984 = VECTOR('',#3985,1.);
#3985 = DIRECTION('',(1.,0.));
#3986 = ( GEOMETRIC_REPRESENTATION_CONTEXT(2) 
PARAMETRIC_REPRESENTATION_CONTEXT() REPRESENTATION_CONTEXT('2D SPACE',''
  ) );
#3987 = PCURVE('',#3637,#3988);
#3988 = DEFINITIONAL_REPRESENTATION('',(#3989),#3993);
#3989 = LINE('',#3990,#3991);
#3990 = CARTESIAN_POINT('',(-17.99999999999,-18.00000457466));
#3991 = VECTOR('',#3992,1.);
#3992 = DIRECTION('',(0.,-1.));
#3993 = ( GEOMETRIC_REPRESENTATION_CONTEXT(2) 
PARAMETRIC_REPRESENTATION_CONTEXT() REPRESENTATION_CONTEXT('2D SPACE',''
  ) );
#3994 = ORIENTED_EDGE('',*,*,#3995,.F.);
#3995 = EDGE_CURVE('',#3917,#3973,#3996,.T.);
#3996 = SURFACE_CURVE('',#3997,(#4001,#4008),.PCURVE_S1.);
#3997 = LINE('',#3998,#3999);
#3998 = CARTESIAN_POINT('',(-18.00000000001,-13.49999999999,
    378.00000457465));
#3999 = VECTOR('',#4000,1.);
#4000 = DIRECTION('',(0.,-1.,0.));
#4001 = PCURVE('',#3925,#4002);
#4002 = DEFINITIONAL_REPRESENTATION('',(#4003),#4007);
#4003 = LINE('',#4004,#4005);
#4004 = CARTESIAN_POINT('',(0.,0.));
#4005 = VECTOR('',#4006,1.);
#4006 = DIRECTION('',(2.042448706011E-31,1.));
#4007 = ( GEOMETRIC_REPRESENTATION_CONTEXT(2) 
PARAMETRIC_REPRESENTATION_CONTEXT() REPRESENTATION_CONTEXT('2D SPACE',''
  ) );
#4008 = PCURVE('',#4009,#4014);
#4009 = PLANE('',#4010);
#4010 = AXIS2_PLACEMENT_3D('',#4011,#4012,#4013);
#4011 = CARTESIAN_POINT('',(17.999999999988,-13.49999999999,
    378.00000457465));
#4012 = DIRECTION('',(-2.563797941968E-30,0.,1.));
#4013 = DIRECTION('',(-1.,-3.469446951954E-16,-2.563797941968E-30));
#4014 = DEFINITIONAL_REPRESENTATION('',(#4015),#4019);
#4015 = LINE('',#4016,#4017);
#4016 = CARTESIAN_POINT('',(35.999999999998,-1.249000902703E-14));
#4017 = VECTOR('',#4018,1.);
#4018 = DIRECTION('',(3.469446951954E-16,1.));
#4019 = ( GEOMETRIC_REPRESENTATION_CONTEXT(2) 
PARAMETRIC_REPRESENTATION_CONTEXT() REPRESENTATION_CONTEXT('2D SPACE',''
  ) );
#4020 = ADVANCED_FACE('',(#4021),#4009,.T.);
#4021 = FACE_BOUND('',#4022,.T.);
#4022 = EDGE_LOOP('',(#4023,#4046,#4047,#4070));
#4023 = ORIENTED_EDGE('',*,*,#4024,.F.);
#4024 = EDGE_CURVE('',#3917,#4025,#4027,.T.);
#4025 = VERTEX_POINT('',#4026);
#4026 = CARTESIAN_POINT('',(17.999999999988,-13.49999999999,
    378.00000457465));
#4027 = SURFACE_CURVE('',#4028,(#4032,#4039),.PCURVE_S1.);
#4028 = LINE('',#4029,#4030);
#4029 = CARTESIAN_POINT('',(-18.00000000001,-13.49999999999,
    378.00000457465));
#4030 = VECTOR('',#4031,1.);
#4031 = DIRECTION('',(1.,3.469446951954E-16,2.563797941968E-30));
#4032 = PCURVE('',#4009,#4033);
#4033 = DEFINITIONAL_REPRESENTATION('',(#4034),#4038);
#4034 = LINE('',#4035,#4036);
#4035 = CARTESIAN_POINT('',(35.999999999998,-1.249000902703E-14));
#4036 = VECTOR('',#4037,1.);
#4037 = DIRECTION('',(-1.,2.280488259079E-75));
#4038 = ( GEOMETRIC_REPRESENTATION_CONTEXT(2) 
PARAMETRIC_REPRESENTATION_CONTEXT() REPRESENTATION_CONTEXT('2D SPACE',''
  ) );
#4039 = PCURVE('',#3605,#4040);
#4040 = DEFINITIONAL_REPRESENTATION('',(#4041),#4045);
#4041 = LINE('',#4042,#4043);
#4042 = CARTESIAN_POINT('',(-17.99999999999,18.00000457467));
#4043 = VECTOR('',#4044,1.);
#4044 = DIRECTION('',(1.,0.));
#4045 = ( GEOMETRIC_REPRESENTATION_CONTEXT(2) 
PARAMETRIC_REPRESENTATION_CONTEXT() REPRESENTATION_CONTEXT('2D SPACE',''
  ) );
#4046 = ORIENTED_EDGE('',*,*,#3995,.T.);
#4047 = ORIENTED_EDGE('',*,*,#4048,.F.);
#4048 = EDGE_CURVE('',#4049,#3973,#4051,.T.);
#4049 = VERTEX_POINT('',#4050);
#4050 = CARTESIAN_POINT('',(17.999999999988,-15.49999999999,
    378.00000457465));
#4051 = SURFACE_CURVE('',#4052,(#4056,#4063),.PCURVE_S1.);
#4052 = LINE('',#4053,#4054);
#4053 = CARTESIAN_POINT('',(-18.00000000001,-15.49999999999,
    378.00000457465));
#4054 = VECTOR('',#4055,1.);
#4055 = DIRECTION('',(-1.,-3.469446951954E-16,-2.563797941968E-30));
#4056 = PCURVE('',#4009,#4057);
#4057 = DEFINITIONAL_REPRESENTATION('',(#4058),#4062);
#4058 = LINE('',#4059,#4060);
#4059 = CARTESIAN_POINT('',(35.999999999998,2.));
#4060 = VECTOR('',#4061,1.);
#4061 = DIRECTION('',(1.,-2.280488259079E-75));
#4062 = ( GEOMETRIC_REPRESENTATION_CONTEXT(2) 
PARAMETRIC_REPRESENTATION_CONTEXT() REPRESENTATION_CONTEXT('2D SPACE',''
  ) );
#4063 = PCURVE('',#3637,#4064);
#4064 = DEFINITIONAL_REPRESENTATION('',(#4065),#4069);
#4065 = LINE('',#4066,#4067);
#4066 = CARTESIAN_POINT('',(-17.99999999999,18.00000457467));
#4067 = VECTOR('',#4068,1.);
#4068 = DIRECTION('',(-1.,0.));
#4069 = ( GEOMETRIC_REPRESENTATION_CONTEXT(2) 
PARAMETRIC_REPRESENTATION_CONTEXT() REPRESENTATION_CONTEXT('2D SPACE',''
  ) );
#4070 = ORIENTED_EDGE('',*,*,#4071,.F.);
#4071 = EDGE_CURVE('',#4025,#4049,#4072,.T.);
#4072 = SURFACE_CURVE('',#4073,(#4077,#4084),.PCURVE_S1.);
#4073 = LINE('',#4074,#4075);
#4074 = CARTESIAN_POINT('',(17.999999999988,-13.49999999999,
    378.00000457465));
#4075 = VECTOR('',#4076,1.);
#4076 = DIRECTION('',(0.,-1.,0.));
#4077 = PCURVE('',#4009,#4078);
#4078 = DEFINITIONAL_REPRESENTATION('',(#4079),#4083);
#4079 = LINE('',#4080,#4081);
#4080 = CARTESIAN_POINT('',(-0.,0.));
#4081 = VECTOR('',#4082,1.);
#4082 = DIRECTION('',(3.469446951954E-16,1.));
#4083 = ( GEOMETRIC_REPRESENTATION_CONTEXT(2) 
PARAMETRIC_REPRESENTATION_CONTEXT() REPRESENTATION_CONTEXT('2D SPACE',''
  ) );
#4084 = PCURVE('',#4085,#4090);
#4085 = PLANE('',#4086);
#4086 = AXIS2_PLACEMENT_3D('',#4087,#4088,#4089);
#4087 = CARTESIAN_POINT('',(17.999999999988,-13.49999999999,
    341.99999542532));
#4088 = DIRECTION('',(1.,0.,2.51974073156E-30));
#4089 = DIRECTION('',(-2.51974073156E-30,-1.269862632821E-16,1.));
#4090 = DEFINITIONAL_REPRESENTATION('',(#4091),#4095);
#4091 = LINE('',#4092,#4093);
#4092 = CARTESIAN_POINT('',(36.00000914933,-4.571506639995E-15));
#4093 = VECTOR('',#4094,1.);
#4094 = DIRECTION('',(1.269862632821E-16,1.));
#4095 = ( GEOMETRIC_REPRESENTATION_CONTEXT(2) 
PARAMETRIC_REPRESENTATION_CONTEXT() REPRESENTATION_CONTEXT('2D SPACE',''
  ) );
#4096 = ADVANCED_FACE('',(#4097),#4085,.T.);
#4097 = FACE_BOUND('',#4098,.T.);
#4098 = EDGE_LOOP('',(#4099,#4122,#4123,#4146));
#4099 = ORIENTED_EDGE('',*,*,#4100,.F.);
#4100 = EDGE_CURVE('',#4025,#4101,#4103,.T.);
#4101 = VERTEX_POINT('',#4102);
#4102 = CARTESIAN_POINT('',(17.999999999988,-13.49999999999,
    341.99999542532));
#4103 = SURFACE_CURVE('',#4104,(#4108,#4115),.PCURVE_S1.);
#4104 = LINE('',#4105,#4106);
#4105 = CARTESIAN_POINT('',(17.999999999988,-13.49999999999,
    378.00000457465));
#4106 = VECTOR('',#4107,1.);
#4107 = DIRECTION('',(2.51974073156E-30,1.269862632821E-16,-1.));
#4108 = PCURVE('',#4085,#4109);
#4109 = DEFINITIONAL_REPRESENTATION('',(#4110),#4114);
#4110 = LINE('',#4111,#4112);
#4111 = CARTESIAN_POINT('',(36.00000914933,-4.571506639995E-15));
#4112 = VECTOR('',#4113,1.);
#4113 = DIRECTION('',(-1.,0.));
#4114 = ( GEOMETRIC_REPRESENTATION_CONTEXT(2) 
PARAMETRIC_REPRESENTATION_CONTEXT() REPRESENTATION_CONTEXT('2D SPACE',''
  ) );
#4115 = PCURVE('',#3605,#4116);
#4116 = DEFINITIONAL_REPRESENTATION('',(#4117),#4121);
#4117 = LINE('',#4118,#4119);
#4118 = CARTESIAN_POINT('',(18.,18.00000457467));
#4119 = VECTOR('',#4120,1.);
#4120 = DIRECTION('',(4.109307746633E-43,-1.));
#4121 = ( GEOMETRIC_REPRESENTATION_CONTEXT(2) 
PARAMETRIC_REPRESENTATION_CONTEXT() REPRESENTATION_CONTEXT('2D SPACE',''
  ) );
#4122 = ORIENTED_EDGE('',*,*,#4071,.T.);
#4123 = ORIENTED_EDGE('',*,*,#4124,.F.);
#4124 = EDGE_CURVE('',#4125,#4049,#4127,.T.);
#4125 = VERTEX_POINT('',#4126);
#4126 = CARTESIAN_POINT('',(17.999999999988,-15.49999999999,
    341.99999542532));
#4127 = SURFACE_CURVE('',#4128,(#4132,#4139),.PCURVE_S1.);
#4128 = LINE('',#4129,#4130);
#4129 = CARTESIAN_POINT('',(17.999999999988,-15.49999999999,
    378.00000457465));
#4130 = VECTOR('',#4131,1.);
#4131 = DIRECTION('',(-2.51974073156E-30,-1.269862632821E-16,1.));
#4132 = PCURVE('',#4085,#4133);
#4133 = DEFINITIONAL_REPRESENTATION('',(#4134),#4138);
#4134 = LINE('',#4135,#4136);
#4135 = CARTESIAN_POINT('',(36.00000914933,2.));
#4136 = VECTOR('',#4137,1.);
#4137 = DIRECTION('',(1.,0.));
#4138 = ( GEOMETRIC_REPRESENTATION_CONTEXT(2) 
PARAMETRIC_REPRESENTATION_CONTEXT() REPRESENTATION_CONTEXT('2D SPACE',''
  ) );
#4139 = PCURVE('',#3637,#4140);
#4140 = DEFINITIONAL_REPRESENTATION('',(#4141),#4145);
#4141 = LINE('',#4142,#4143);
#4142 = CARTESIAN_POINT('',(18.,18.00000457467));
#4143 = VECTOR('',#4144,1.);
#4144 = DIRECTION('',(-4.109307746633E-43,1.));
#4145 = ( GEOMETRIC_REPRESENTATION_CONTEXT(2) 
PARAMETRIC_REPRESENTATION_CONTEXT() REPRESENTATION_CONTEXT('2D SPACE',''
  ) );
#4146 = ORIENTED_EDGE('',*,*,#4147,.F.);
#4147 = EDGE_CURVE('',#4101,#4125,#4148,.T.);
#4148 = SURFACE_CURVE('',#4149,(#4153,#4160),.PCURVE_S1.);
#4149 = LINE('',#4150,#4151);
#4150 = CARTESIAN_POINT('',(17.999999999988,-13.49999999999,
    341.99999542532));
#4151 = VECTOR('',#4152,1.);
#4152 = DIRECTION('',(0.,-1.,0.));
#4153 = PCURVE('',#4085,#4154);
#4154 = DEFINITIONAL_REPRESENTATION('',(#4155),#4159);
#4155 = LINE('',#4156,#4157);
#4156 = CARTESIAN_POINT('',(0.,0.));
#4157 = VECTOR('',#4158,1.);
#4158 = DIRECTION('',(1.269862632821E-16,1.));
#4159 = ( GEOMETRIC_REPRESENTATION_CONTEXT(2) 
PARAMETRIC_REPRESENTATION_CONTEXT() REPRESENTATION_CONTEXT('2D SPACE',''
  ) );
#4160 = PCURVE('',#3960,#4161);
#4161 = DEFINITIONAL_REPRESENTATION('',(#4162),#4166);
#4162 = LINE('',#4163,#4164);
#4163 = CARTESIAN_POINT('',(35.999999999998,1.706151566702E-14));
#4164 = VECTOR('',#4165,1.);
#4165 = DIRECTION('',(-4.739309907507E-16,1.));
#4166 = ( GEOMETRIC_REPRESENTATION_CONTEXT(2) 
PARAMETRIC_REPRESENTATION_CONTEXT() REPRESENTATION_CONTEXT('2D SPACE',''
  ) );
#4167 = ADVANCED_FACE('',(#4168),#3960,.T.);
#4168 = FACE_BOUND('',#4169,.T.);
#4169 = EDGE_LOOP('',(#4170,#4191,#4192,#4213));
#4170 = ORIENTED_EDGE('',*,*,#4171,.F.);
#4171 = EDGE_CURVE('',#4101,#3915,#4172,.T.);
#4172 = SURFACE_CURVE('',#4173,(#4177,#4184),.PCURVE_S1.);
#4173 = LINE('',#4174,#4175);
#4174 = CARTESIAN_POINT('',(17.999999999988,-13.49999999999,
    341.99999542532));
#4175 = VECTOR('',#4176,1.);
#4176 = DIRECTION('',(-1.,-4.739309907507E-16,-2.563797941968E-30));
#4177 = PCURVE('',#3960,#4178);
#4178 = DEFINITIONAL_REPRESENTATION('',(#4179),#4183);
#4179 = LINE('',#4180,#4181);
#4180 = CARTESIAN_POINT('',(35.999999999998,1.706151566702E-14));
#4181 = VECTOR('',#4182,1.);
#4182 = DIRECTION('',(-1.,-3.115176784623E-75));
#4183 = ( GEOMETRIC_REPRESENTATION_CONTEXT(2) 
PARAMETRIC_REPRESENTATION_CONTEXT() REPRESENTATION_CONTEXT('2D SPACE',''
  ) );
#4184 = PCURVE('',#3605,#4185);
#4185 = DEFINITIONAL_REPRESENTATION('',(#4186),#4190);
#4186 = LINE('',#4187,#4188);
#4187 = CARTESIAN_POINT('',(18.,-18.00000457466));
#4188 = VECTOR('',#4189,1.);
#4189 = DIRECTION('',(-1.,1.61255151606E-32));
#4190 = ( GEOMETRIC_REPRESENTATION_CONTEXT(2) 
PARAMETRIC_REPRESENTATION_CONTEXT() REPRESENTATION_CONTEXT('2D SPACE',''
  ) );
#4191 = ORIENTED_EDGE('',*,*,#4147,.T.);
#4192 = ORIENTED_EDGE('',*,*,#4193,.F.);
#4193 = EDGE_CURVE('',#3945,#4125,#4194,.T.);
#4194 = SURFACE_CURVE('',#4195,(#4199,#4206),.PCURVE_S1.);
#4195 = LINE('',#4196,#4197);
#4196 = CARTESIAN_POINT('',(17.999999999988,-15.49999999999,
    341.99999542532));
#4197 = VECTOR('',#4198,1.);
#4198 = DIRECTION('',(1.,4.739309907507E-16,2.563797941968E-30));
#4199 = PCURVE('',#3960,#4200);
#4200 = DEFINITIONAL_REPRESENTATION('',(#4201),#4205);
#4201 = LINE('',#4202,#4203);
#4202 = CARTESIAN_POINT('',(35.999999999998,2.));
#4203 = VECTOR('',#4204,1.);
#4204 = DIRECTION('',(1.,3.115176784623E-75));
#4205 = ( GEOMETRIC_REPRESENTATION_CONTEXT(2) 
PARAMETRIC_REPRESENTATION_CONTEXT() REPRESENTATION_CONTEXT('2D SPACE',''
  ) );
#4206 = PCURVE('',#3637,#4207);
#4207 = DEFINITIONAL_REPRESENTATION('',(#4208),#4212);
#4208 = LINE('',#4209,#4210);
#4209 = CARTESIAN_POINT('',(18.,-18.00000457466));
#4210 = VECTOR('',#4211,1.);
#4211 = DIRECTION('',(1.,-1.61255151606E-32));
#4212 = ( GEOMETRIC_REPRESENTATION_CONTEXT(2) 
PARAMETRIC_REPRESENTATION_CONTEXT() REPRESENTATION_CONTEXT('2D SPACE',''
  ) );
#4213 = ORIENTED_EDGE('',*,*,#3944,.F.);
#4214 = ADVANCED_FACE('',(#4215,#4221,#4224,#4227,#4230),#3637,.T.);
#4215 = FACE_BOUND('',#4216,.T.);
#4216 = EDGE_LOOP('',(#4217,#4218,#4219,#4220));
#4217 = ORIENTED_EDGE('',*,*,#4193,.T.);
#4218 = ORIENTED_EDGE('',*,*,#4124,.T.);
#4219 = ORIENTED_EDGE('',*,*,#4048,.T.);
#4220 = ORIENTED_EDGE('',*,*,#3972,.T.);
#4221 = FACE_BOUND('',#4222,.T.);
#4222 = EDGE_LOOP('',(#4223));
#4223 = ORIENTED_EDGE('',*,*,#3885,.T.);
#4224 = FACE_BOUND('',#4225,.T.);
#4225 = EDGE_LOOP('',(#4226));
#4226 = ORIENTED_EDGE('',*,*,#3799,.T.);
#4227 = FACE_BOUND('',#4228,.T.);
#4228 = EDGE_LOOP('',(#4229));
#4229 = ORIENTED_EDGE('',*,*,#3713,.T.);
#4230 = FACE_BOUND('',#4231,.T.);
#4231 = EDGE_LOOP('',(#4232));
#4232 = ORIENTED_EDGE('',*,*,#3622,.T.);
#4233 = ADVANCED_FACE('',(#4234,#4240,#4243,#4246,#4249),#3605,.F.);
#4234 = FACE_BOUND('',#4235,.T.);
#4235 = EDGE_LOOP('',(#4236,#4237,#4238,#4239));
#4236 = ORIENTED_EDGE('',*,*,#4171,.T.);
#4237 = ORIENTED_EDGE('',*,*,#3914,.T.);
#4238 = ORIENTED_EDGE('',*,*,#4024,.T.);
#4239 = ORIENTED_EDGE('',*,*,#4100,.T.);
#4240 = FACE_BOUND('',#4241,.T.);
#4241 = EDGE_LOOP('',(#4242));
#4242 = ORIENTED_EDGE('',*,*,#3858,.F.);
#4243 = FACE_BOUND('',#4244,.T.);
#4244 = EDGE_LOOP('',(#4245));
#4245 = ORIENTED_EDGE('',*,*,#3772,.F.);
#4246 = FACE_BOUND('',#4247,.T.);
#4247 = EDGE_LOOP('',(#4248));
#4248 = ORIENTED_EDGE('',*,*,#3686,.F.);
#4249 = FACE_BOUND('',#4250,.T.);
#4250 = EDGE_LOOP('',(#4251));
#4251 = ORIENTED_EDGE('',*,*,#3590,.F.);
#4252 = ( GEOMETRIC_REPRESENTATION_CONTEXT(3) 
GLOBAL_UNCERTAINTY_ASSIGNED_CONTEXT((#4256)) 
GLOBAL_UNIT_ASSIGNED_CONTEXT((#4253,#4254,#4255)) REPRESENTATION_CONTEXT
('Context #1','3D Context with UNIT and UNCERTAINTY') );
#4253 = ( LENGTH_UNIT() NAMED_UNIT(*) SI_UNIT(.MILLI.,.METRE.) );
#4254 = ( NAMED_UNIT(*) PLANE_ANGLE_UNIT() SI_UNIT($,.RADIAN.) );
#4255 = ( NAMED_UNIT(*) SI_UNIT($,.STERADIAN.) SOLID_ANGLE_UNIT() );
#4256 = UNCERTAINTY_MEASURE_WITH_UNIT(LENGTH_MEASURE(1.E-07),#4253,
  'distance_accuracy_value','confusion accuracy');
#4257 = CONTEXT_DEPENDENT_SHAPE_REPRESENTATION(#4258,#4260);
#4258 = ( REPRESENTATION_RELATIONSHIP('','',#3553,#10) 
REPRESENTATION_RELATIONSHIP_WITH_TRANSFORMATION(#4259) 
SHAPE_REPRESENTATION_RELATIONSHIP() );
#4259 = ITEM_DEFINED_TRANSFORMATION('','',#11,#19);
#4260 = PRODUCT_DEFINITION_SHAPE('Placement','Placement of an item',
  #4261);
#4261 = NEXT_ASSEMBLY_USAGE_OCCURRENCE('146','','',#5,#3548,$);
#4262 = PRODUCT_RELATED_PRODUCT_CATEGORY('part',$,(#3550));
#4263 = SHAPE_DEFINITION_REPRESENTATION(#4264,#4270);
#4264 = PRODUCT_DEFINITION_SHAPE('','',#4265);
#4265 = PRODUCT_DEFINITION('design','',#4266,#4269);
#4266 = PRODUCT_DEFINITION_FORMATION('','',#4267);
#4267 = PRODUCT('Open CASCADE STEP translator 7.9 45.3',
  'Open CASCADE STEP translator 7.9 45.3','',(#4268));
#4268 = PRODUCT_CONTEXT('',#2,'mechanical');
#4269 = PRODUCT_DEFINITION_CONTEXT('part definition',#2,'design');
#4270 = ADVANCED_BREP_SHAPE_REPRESENTATION('',(#11,#4271),#5197);
#4271 = MANIFOLD_SOLID_BREP('',#4272);
#4272 = CLOSED_SHELL('',(#4273,#4369,#4455,#4541,#4627,#4713,#4799,#4885
    ,#4971,#5057,#5135,#5166));
#4273 = ADVANCED_FACE('',(#4274),#4288,.F.);
#4274 = FACE_BOUND('',#4275,.F.);
#4275 = EDGE_LOOP('',(#4276,#4306,#4337,#4338));
#4276 = ORIENTED_EDGE('',*,*,#4277,.T.);
#4277 = EDGE_CURVE('',#4278,#4280,#4282,.T.);
#4278 = VERTEX_POINT('',#4279);
#4279 = CARTESIAN_POINT('',(32.532990494717,-19.99999999999,
    374.68159526061));
#4280 = VERTEX_POINT('',#4281);
#4281 = CARTESIAN_POINT('',(32.532990494717,-9.999999999999,
    374.68159526061));
#4282 = SEAM_CURVE('',#4283,(#4287,#4299),.PCURVE_S1.);
#4283 = LINE('',#4284,#4285);
#4284 = CARTESIAN_POINT('',(32.532990494717,-9.999999999999,
    374.68159526061));
#4285 = VECTOR('',#4286,1.);
#4286 = DIRECTION('',(-4.440892098501E-16,1.,0.));
#4287 = PCURVE('',#4288,#4293);
#4288 = CYLINDRICAL_SURFACE('',#4289,1.429499999984);
#4289 = AXIS2_PLACEMENT_3D('',#4290,#4291,#4292);
#4290 = CARTESIAN_POINT('',(33.962490494701,-9.999999999999,
    374.68159526061));
#4291 = DIRECTION('',(4.440892098501E-16,-1.,0.));
#4292 = DIRECTION('',(1.,4.440892098501E-16,5.916456789158E-31));
#4293 = DEFINITIONAL_REPRESENTATION('',(#4294),#4298);
#4294 = LINE('',#4295,#4296);
#4295 = CARTESIAN_POINT('',(-3.14159265359,0.));
#4296 = VECTOR('',#4297,1.);
#4297 = DIRECTION('',(0.,-1.));
#4298 = ( GEOMETRIC_REPRESENTATION_CONTEXT(2) 
PARAMETRIC_REPRESENTATION_CONTEXT() REPRESENTATION_CONTEXT('2D SPACE',''
  ) );
#4299 = PCURVE('',#4288,#4300);
#4300 = DEFINITIONAL_REPRESENTATION('',(#4301),#4305);
#4301 = LINE('',#4302,#4303);
#4302 = CARTESIAN_POINT('',(3.14159265359,0.));
#4303 = VECTOR('',#4304,1.);
#4304 = DIRECTION('',(0.,-1.));
#4305 = ( GEOMETRIC_REPRESENTATION_CONTEXT(2) 
PARAMETRIC_REPRESENTATION_CONTEXT() REPRESENTATION_CONTEXT('2D SPACE',''
  ) );
#4306 = ORIENTED_EDGE('',*,*,#4307,.F.);
#4307 = EDGE_CURVE('',#4280,#4280,#4308,.T.);
#4308 = SURFACE_CURVE('',#4309,(#4314,#4321),.PCURVE_S1.);
#4309 = CIRCLE('',#4310,1.429499999984);
#4310 = AXIS2_PLACEMENT_3D('',#4311,#4312,#4313);
#4311 = CARTESIAN_POINT('',(33.962490494701,-9.999999999999,
    374.68159526061));
#4312 = DIRECTION('',(-3.469446951954E-16,1.,3.641235465254E-30));
#4313 = DIRECTION('',(1.,3.469446951954E-16,5.916456789158E-31));
#4314 = PCURVE('',#4288,#4315);
#4315 = DEFINITIONAL_REPRESENTATION('',(#4316),#4320);
#4316 = LINE('',#4317,#4318);
#4317 = CARTESIAN_POINT('',(6.28318530718,0.));
#4318 = VECTOR('',#4319,1.);
#4319 = DIRECTION('',(-1.,0.));
#4320 = ( GEOMETRIC_REPRESENTATION_CONTEXT(2) 
PARAMETRIC_REPRESENTATION_CONTEXT() REPRESENTATION_CONTEXT('2D SPACE',''
  ) );
#4321 = PCURVE('',#4322,#4327);
#4322 = PLANE('',#4323);
#4323 = AXIS2_PLACEMENT_3D('',#4324,#4325,#4326);
#4324 = CARTESIAN_POINT('',(-1.47090672975E-12,-9.999999999999,
    359.99999999999));
#4325 = DIRECTION('',(3.469446951954E-16,-1.,-3.635457675421E-30));
#4326 = DIRECTION('',(1.,3.469446951954E-16,5.916456789158E-31));
#4327 = DEFINITIONAL_REPRESENTATION('',(#4328),#4336);
#4328 = ( BOUNDED_CURVE() B_SPLINE_CURVE(2,(#4329,#4330,#4331,#4332,
#4333,#4334,#4335),.UNSPECIFIED.,.T.,.F.) B_SPLINE_CURVE_WITH_KNOTS((1,2
    ,2,2,2,1),(-2.094395102393,0.,2.094395102393,4.188790204786,
6.28318530718,8.377580409573),.UNSPECIFIED.) CURVE() 
GEOMETRIC_REPRESENTATION_ITEM() RATIONAL_B_SPLINE_CURVE((1.,0.5,1.,0.5,
1.,0.5,1.)) REPRESENTATION_ITEM('') );
#4329 = CARTESIAN_POINT('',(35.391990494686,14.68159526062));
#4330 = CARTESIAN_POINT('',(35.391990494686,12.205628631228));
#4331 = CARTESIAN_POINT('',(33.24774049471,13.443611945924));
#4332 = CARTESIAN_POINT('',(31.103490494734,14.68159526062));
#4333 = CARTESIAN_POINT('',(33.24774049471,15.919578575316));
#4334 = CARTESIAN_POINT('',(35.391990494686,17.157561890012));
#4335 = CARTESIAN_POINT('',(35.391990494686,14.68159526062));
#4336 = ( GEOMETRIC_REPRESENTATION_CONTEXT(2) 
PARAMETRIC_REPRESENTATION_CONTEXT() REPRESENTATION_CONTEXT('2D SPACE',''
  ) );
#4337 = ORIENTED_EDGE('',*,*,#4277,.F.);
#4338 = ORIENTED_EDGE('',*,*,#4339,.T.);
#4339 = EDGE_CURVE('',#4278,#4278,#4340,.T.);
#4340 = SURFACE_CURVE('',#4341,(#4346,#4353),.PCURVE_S1.);
#4341 = CIRCLE('',#4342,1.429499999984);
#4342 = AXIS2_PLACEMENT_3D('',#4343,#4344,#4345);
#4343 = CARTESIAN_POINT('',(33.962490494701,-19.99999999999,
    374.68159526061));
#4344 = DIRECTION('',(-3.469446951954E-16,1.,3.641235465254E-30));
#4345 = DIRECTION('',(1.,3.469446951954E-16,5.916456789158E-31));
#4346 = PCURVE('',#4288,#4347);
#4347 = DEFINITIONAL_REPRESENTATION('',(#4348),#4352);
#4348 = LINE('',#4349,#4350);
#4349 = CARTESIAN_POINT('',(6.28318530718,10.));
#4350 = VECTOR('',#4351,1.);
#4351 = DIRECTION('',(-1.,0.));
#4352 = ( GEOMETRIC_REPRESENTATION_CONTEXT(2) 
PARAMETRIC_REPRESENTATION_CONTEXT() REPRESENTATION_CONTEXT('2D SPACE',''
  ) );
#4353 = PCURVE('',#4354,#4359);
#4354 = PLANE('',#4355);
#4355 = AXIS2_PLACEMENT_3D('',#4356,#4357,#4358);
#4356 = CARTESIAN_POINT('',(-1.466465837652E-12,-19.99999999999,
    359.99999999999));
#4357 = DIRECTION('',(3.469446951954E-16,-1.,-3.635457675421E-30));
#4358 = DIRECTION('',(1.,3.469446951954E-16,5.916456789158E-31));
#4359 = DEFINITIONAL_REPRESENTATION('',(#4360),#4368);
#4360 = ( BOUNDED_CURVE() B_SPLINE_CURVE(2,(#4361,#4362,#4363,#4364,
#4365,#4366,#4367),.UNSPECIFIED.,.T.,.F.) B_SPLINE_CURVE_WITH_KNOTS((1,2
    ,2,2,2,1),(-2.094395102393,0.,2.094395102393,4.188790204786,
6.28318530718,8.377580409573),.UNSPECIFIED.) CURVE() 
GEOMETRIC_REPRESENTATION_ITEM() RATIONAL_B_SPLINE_CURVE((1.,0.5,1.,0.5,
1.,0.5,1.)) REPRESENTATION_ITEM('') );
#4361 = CARTESIAN_POINT('',(35.391990494686,14.68159526062));
#4362 = CARTESIAN_POINT('',(35.391990494686,12.205628631228));
#4363 = CARTESIAN_POINT('',(33.24774049471,13.443611945924));
#4364 = CARTESIAN_POINT('',(31.103490494734,14.68159526062));
#4365 = CARTESIAN_POINT('',(33.24774049471,15.919578575316));
#4366 = CARTESIAN_POINT('',(35.391990494686,17.157561890012));
#4367 = CARTESIAN_POINT('',(35.391990494686,14.68159526062));
#4368 = ( GEOMETRIC_REPRESENTATION_CONTEXT(2) 
PARAMETRIC_REPRESENTATION_CONTEXT() REPRESENTATION_CONTEXT('2D SPACE',''
  ) );
#4369 = ADVANCED_FACE('',(#4370),#4384,.F.);
#4370 = FACE_BOUND('',#4371,.F.);
#4371 = EDGE_LOOP('',(#4372,#4402,#4428,#4429));
#4372 = ORIENTED_EDGE('',*,*,#4373,.T.);
#4373 = EDGE_CURVE('',#4374,#4376,#4378,.T.);
#4374 = VERTEX_POINT('',#4375);
#4375 = CARTESIAN_POINT('',(-35.39199049464,-19.99999999999,
    345.31840473935));
#4376 = VERTEX_POINT('',#4377);
#4377 = CARTESIAN_POINT('',(-35.39199049464,-9.999999999999,
    345.31840473935));
#4378 = SEAM_CURVE('',#4379,(#4383,#4395),.PCURVE_S1.);
#4379 = LINE('',#4380,#4381);
#4380 = CARTESIAN_POINT('',(-35.39199049464,-9.999999999999,
    345.31840473935));
#4381 = VECTOR('',#4382,1.);
#4382 = DIRECTION('',(-4.440892098501E-16,1.,0.));
#4383 = PCURVE('',#4384,#4389);
#4384 = CYLINDRICAL_SURFACE('',#4385,1.429499999927);
#4385 = AXIS2_PLACEMENT_3D('',#4386,#4387,#4388);
#4386 = CARTESIAN_POINT('',(-33.96249049471,-9.999999999999,
    345.31840473935));
#4387 = DIRECTION('',(4.440892098501E-16,-1.,0.));
#4388 = DIRECTION('',(1.,4.440892098501E-16,5.916456789158E-31));
#4389 = DEFINITIONAL_REPRESENTATION('',(#4390),#4394);
#4390 = LINE('',#4391,#4392);
#4391 = CARTESIAN_POINT('',(-3.14159265359,0.));
#4392 = VECTOR('',#4393,1.);
#4393 = DIRECTION('',(0.,-1.));
#4394 = ( GEOMETRIC_REPRESENTATION_CONTEXT(2) 
PARAMETRIC_REPRESENTATION_CONTEXT() REPRESENTATION_CONTEXT('2D SPACE',''
  ) );
#4395 = PCURVE('',#4384,#4396);
#4396 = DEFINITIONAL_REPRESENTATION('',(#4397),#4401);
#4397 = LINE('',#4398,#4399);
#4398 = CARTESIAN_POINT('',(3.14159265359,0.));
#4399 = VECTOR('',#4400,1.);
#4400 = DIRECTION('',(0.,-1.));
#4401 = ( GEOMETRIC_REPRESENTATION_CONTEXT(2) 
PARAMETRIC_REPRESENTATION_CONTEXT() REPRESENTATION_CONTEXT('2D SPACE',''
  ) );
#4402 = ORIENTED_EDGE('',*,*,#4403,.F.);
#4403 = EDGE_CURVE('',#4376,#4376,#4404,.T.);
#4404 = SURFACE_CURVE('',#4405,(#4410,#4417),.PCURVE_S1.);
#4405 = CIRCLE('',#4406,1.429499999927);
#4406 = AXIS2_PLACEMENT_3D('',#4407,#4408,#4409);
#4407 = CARTESIAN_POINT('',(-33.96249049471,-9.999999999999,
    345.31840473935));
#4408 = DIRECTION('',(-3.469446951954E-16,1.,3.634687303443E-30));
#4409 = DIRECTION('',(1.,3.469446951954E-16,5.916456789158E-31));
#4410 = PCURVE('',#4384,#4411);
#4411 = DEFINITIONAL_REPRESENTATION('',(#4412),#4416);
#4412 = LINE('',#4413,#4414);
#4413 = CARTESIAN_POINT('',(6.28318530718,-1.7763568394E-15));
#4414 = VECTOR('',#4415,1.);
#4415 = DIRECTION('',(-1.,0.));
#4416 = ( GEOMETRIC_REPRESENTATION_CONTEXT(2) 
PARAMETRIC_REPRESENTATION_CONTEXT() REPRESENTATION_CONTEXT('2D SPACE',''
  ) );
#4417 = PCURVE('',#4322,#4418);
#4418 = DEFINITIONAL_REPRESENTATION('',(#4419),#4427);
#4419 = ( BOUNDED_CURVE() B_SPLINE_CURVE(2,(#4420,#4421,#4422,#4423,
#4424,#4425,#4426),.UNSPECIFIED.,.T.,.F.) B_SPLINE_CURVE_WITH_KNOTS((1,2
    ,2,2,2,1),(-2.094395102393,0.,2.094395102393,4.188790204786,
6.28318530718,8.377580409573),.UNSPECIFIED.) CURVE() 
GEOMETRIC_REPRESENTATION_ITEM() RATIONAL_B_SPLINE_CURVE((1.,0.5,1.,0.5,
1.,0.5,1.)) REPRESENTATION_ITEM('') );
#4420 = CARTESIAN_POINT('',(-32.53299049478,-14.68159526064));
#4421 = CARTESIAN_POINT('',(-32.53299049478,-17.15756188993));
#4422 = CARTESIAN_POINT('',(-34.67724049467,-15.91957857528));
#4423 = CARTESIAN_POINT('',(-36.82149049456,-14.68159526064));
#4424 = CARTESIAN_POINT('',(-34.67724049467,-13.44361194599));
#4425 = CARTESIAN_POINT('',(-32.53299049478,-12.20562863134));
#4426 = CARTESIAN_POINT('',(-32.53299049478,-14.68159526064));
#4427 = ( GEOMETRIC_REPRESENTATION_CONTEXT(2) 
PARAMETRIC_REPRESENTATION_CONTEXT() REPRESENTATION_CONTEXT('2D SPACE',''
  ) );
#4428 = ORIENTED_EDGE('',*,*,#4373,.F.);
#4429 = ORIENTED_EDGE('',*,*,#4430,.T.);
#4430 = EDGE_CURVE('',#4374,#4374,#4431,.T.);
#4431 = SURFACE_CURVE('',#4432,(#4437,#4444),.PCURVE_S1.);
#4432 = CIRCLE('',#4433,1.429499999927);
#4433 = AXIS2_PLACEMENT_3D('',#4434,#4435,#4436);
#4434 = CARTESIAN_POINT('',(-33.96249049471,-19.99999999999,
    345.31840473935));
#4435 = DIRECTION('',(-3.469446951954E-16,1.,3.634687303443E-30));
#4436 = DIRECTION('',(1.,3.469446951954E-16,5.916456789158E-31));
#4437 = PCURVE('',#4384,#4438);
#4438 = DEFINITIONAL_REPRESENTATION('',(#4439),#4443);
#4439 = LINE('',#4440,#4441);
#4440 = CARTESIAN_POINT('',(6.28318530718,10.));
#4441 = VECTOR('',#4442,1.);
#4442 = DIRECTION('',(-1.,0.));
#4443 = ( GEOMETRIC_REPRESENTATION_CONTEXT(2) 
PARAMETRIC_REPRESENTATION_CONTEXT() REPRESENTATION_CONTEXT('2D SPACE',''
  ) );
#4444 = PCURVE('',#4354,#4445);
#4445 = DEFINITIONAL_REPRESENTATION('',(#4446),#4454);
#4446 = ( BOUNDED_CURVE() B_SPLINE_CURVE(2,(#4447,#4448,#4449,#4450,
#4451,#4452,#4453),.UNSPECIFIED.,.T.,.F.) B_SPLINE_CURVE_WITH_KNOTS((1,2
    ,2,2,2,1),(-2.094395102393,0.,2.094395102393,4.188790204786,
6.28318530718,8.377580409573),.UNSPECIFIED.) CURVE() 
GEOMETRIC_REPRESENTATION_ITEM() RATIONAL_B_SPLINE_CURVE((1.,0.5,1.,0.5,
1.,0.5,1.)) REPRESENTATION_ITEM('') );
#4447 = CARTESIAN_POINT('',(-32.53299049478,-14.68159526064));
#4448 = CARTESIAN_POINT('',(-32.53299049478,-17.15756188993));
#4449 = CARTESIAN_POINT('',(-34.67724049467,-15.91957857528));
#4450 = CARTESIAN_POINT('',(-36.82149049456,-14.68159526064));
#4451 = CARTESIAN_POINT('',(-34.67724049467,-13.44361194599));
#4452 = CARTESIAN_POINT('',(-32.53299049478,-12.20562863134));
#4453 = CARTESIAN_POINT('',(-32.53299049478,-14.68159526064));
#4454 = ( GEOMETRIC_REPRESENTATION_CONTEXT(2) 
PARAMETRIC_REPRESENTATION_CONTEXT() REPRESENTATION_CONTEXT('2D SPACE',''
  ) );
#4455 = ADVANCED_FACE('',(#4456),#4470,.F.);
#4456 = FACE_BOUND('',#4457,.F.);
#4457 = EDGE_LOOP('',(#4458,#4488,#4514,#4515));
#4458 = ORIENTED_EDGE('',*,*,#4459,.T.);
#4459 = EDGE_CURVE('',#4460,#4462,#4464,.T.);
#4460 = VERTEX_POINT('',#4461);
#4461 = CARTESIAN_POINT('',(-16.11109526067,-19.99999999999,
    393.96249049469));
#4462 = VERTEX_POINT('',#4463);
#4463 = CARTESIAN_POINT('',(-16.11109526067,-9.999999999999,
    393.96249049469));
#4464 = SEAM_CURVE('',#4465,(#4469,#4481),.PCURVE_S1.);
#4465 = LINE('',#4466,#4467);
#4466 = CARTESIAN_POINT('',(-16.11109526067,-9.999999999999,
    393.96249049469));
#4467 = VECTOR('',#4468,1.);
#4468 = DIRECTION('',(-4.440892098501E-16,1.,0.));
#4469 = PCURVE('',#4470,#4475);
#4470 = CYLINDRICAL_SURFACE('',#4471,1.429500000041);
#4471 = AXIS2_PLACEMENT_3D('',#4472,#4473,#4474);
#4472 = CARTESIAN_POINT('',(-14.68159526063,-9.999999999999,
    393.96249049469));
#4473 = DIRECTION('',(4.440892098501E-16,-1.,0.));
#4474 = DIRECTION('',(1.,4.440892098501E-16,5.916456789158E-31));
#4475 = DEFINITIONAL_REPRESENTATION('',(#4476),#4480);
#4476 = LINE('',#4477,#4478);
#4477 = CARTESIAN_POINT('',(-3.14159265359,0.));
#4478 = VECTOR('',#4479,1.);
#4479 = DIRECTION('',(0.,-1.));
#4480 = ( GEOMETRIC_REPRESENTATION_CONTEXT(2) 
PARAMETRIC_REPRESENTATION_CONTEXT() REPRESENTATION_CONTEXT('2D SPACE',''
  ) );
#4481 = PCURVE('',#4470,#4482);
#4482 = DEFINITIONAL_REPRESENTATION('',(#4483),#4487);
#4483 = LINE('',#4484,#4485);
#4484 = CARTESIAN_POINT('',(3.14159265359,0.));
#4485 = VECTOR('',#4486,1.);
#4486 = DIRECTION('',(0.,-1.));
#4487 = ( GEOMETRIC_REPRESENTATION_CONTEXT(2) 
PARAMETRIC_REPRESENTATION_CONTEXT() REPRESENTATION_CONTEXT('2D SPACE',''
  ) );
#4488 = ORIENTED_EDGE('',*,*,#4489,.F.);
#4489 = EDGE_CURVE('',#4462,#4462,#4490,.T.);
#4490 = SURFACE_CURVE('',#4491,(#4496,#4503),.PCURVE_S1.);
#4491 = CIRCLE('',#4492,1.429500000041);
#4492 = AXIS2_PLACEMENT_3D('',#4493,#4494,#4495);
#4493 = CARTESIAN_POINT('',(-14.68159526063,-9.999999999999,
    393.96249049469));
#4494 = DIRECTION('',(-3.469446951954E-16,1.,3.643931767176E-30));
#4495 = DIRECTION('',(1.,3.469446951954E-16,5.916456789158E-31));
#4496 = PCURVE('',#4470,#4497);
#4497 = DEFINITIONAL_REPRESENTATION('',(#4498),#4502);
#4498 = LINE('',#4499,#4500);
#4499 = CARTESIAN_POINT('',(6.28318530718,0.));
#4500 = VECTOR('',#4501,1.);
#4501 = DIRECTION('',(-1.,0.));
#4502 = ( GEOMETRIC_REPRESENTATION_CONTEXT(2) 
PARAMETRIC_REPRESENTATION_CONTEXT() REPRESENTATION_CONTEXT('2D SPACE',''
  ) );
#4503 = PCURVE('',#4322,#4504);
#4504 = DEFINITIONAL_REPRESENTATION('',(#4505),#4513);
#4505 = ( BOUNDED_CURVE() B_SPLINE_CURVE(2,(#4506,#4507,#4508,#4509,
#4510,#4511,#4512),.UNSPECIFIED.,.T.,.F.) B_SPLINE_CURVE_WITH_KNOTS((1,2
    ,2,2,2,1),(-2.094395102393,0.,2.094395102393,4.188790204786,
6.28318530718,8.377580409573),.UNSPECIFIED.) CURVE() 
GEOMETRIC_REPRESENTATION_ITEM() RATIONAL_B_SPLINE_CURVE((1.,0.5,1.,0.5,
1.,0.5,1.)) REPRESENTATION_ITEM('') );
#4506 = CARTESIAN_POINT('',(-13.25209526058,33.9624904947));
#4507 = CARTESIAN_POINT('',(-13.25209526058,31.486523865209));
#4508 = CARTESIAN_POINT('',(-15.39634526064,32.724507179955));
#4509 = CARTESIAN_POINT('',(-17.54059526071,33.9624904947));
#4510 = CARTESIAN_POINT('',(-15.39634526064,35.200473809445));
#4511 = CARTESIAN_POINT('',(-13.25209526058,36.438457124191));
#4512 = CARTESIAN_POINT('',(-13.25209526058,33.9624904947));
#4513 = ( GEOMETRIC_REPRESENTATION_CONTEXT(2) 
PARAMETRIC_REPRESENTATION_CONTEXT() REPRESENTATION_CONTEXT('2D SPACE',''
  ) );
#4514 = ORIENTED_EDGE('',*,*,#4459,.F.);
#4515 = ORIENTED_EDGE('',*,*,#4516,.T.);
#4516 = EDGE_CURVE('',#4460,#4460,#4517,.T.);
#4517 = SURFACE_CURVE('',#4518,(#4523,#4530),.PCURVE_S1.);
#4518 = CIRCLE('',#4519,1.429500000041);
#4519 = AXIS2_PLACEMENT_3D('',#4520,#4521,#4522);
#4520 = CARTESIAN_POINT('',(-14.68159526063,-19.99999999999,
    393.96249049469));
#4521 = DIRECTION('',(-3.469446951954E-16,1.,3.643931767176E-30));
#4522 = DIRECTION('',(1.,3.469446951954E-16,5.916456789158E-31));
#4523 = PCURVE('',#4470,#4524);
#4524 = DEFINITIONAL_REPRESENTATION('',(#4525),#4529);
#4525 = LINE('',#4526,#4527);
#4526 = CARTESIAN_POINT('',(6.28318530718,10.));
#4527 = VECTOR('',#4528,1.);
#4528 = DIRECTION('',(-1.,0.));
#4529 = ( GEOMETRIC_REPRESENTATION_CONTEXT(2) 
PARAMETRIC_REPRESENTATION_CONTEXT() REPRESENTATION_CONTEXT('2D SPACE',''
  ) );
#4530 = PCURVE('',#4354,#4531);
#4531 = DEFINITIONAL_REPRESENTATION('',(#4532),#4540);
#4532 = ( BOUNDED_CURVE() B_SPLINE_CURVE(2,(#4533,#4534,#4535,#4536,
#4537,#4538,#4539),.UNSPECIFIED.,.T.,.F.) B_SPLINE_CURVE_WITH_KNOTS((1,2
    ,2,2,2,1),(-2.094395102393,0.,2.094395102393,4.188790204786,
6.28318530718,8.377580409573),.UNSPECIFIED.) CURVE() 
GEOMETRIC_REPRESENTATION_ITEM() RATIONAL_B_SPLINE_CURVE((1.,0.5,1.,0.5,
1.,0.5,1.)) REPRESENTATION_ITEM('') );
#4533 = CARTESIAN_POINT('',(-13.25209526058,33.9624904947));
#4534 = CARTESIAN_POINT('',(-13.25209526058,31.486523865209));
#4535 = CARTESIAN_POINT('',(-15.39634526064,32.724507179955));
#4536 = CARTESIAN_POINT('',(-17.54059526071,33.9624904947));
#4537 = CARTESIAN_POINT('',(-15.39634526064,35.200473809445));
#4538 = CARTESIAN_POINT('',(-13.25209526058,36.438457124191));
#4539 = CARTESIAN_POINT('',(-13.25209526058,33.9624904947));
#4540 = ( GEOMETRIC_REPRESENTATION_CONTEXT(2) 
PARAMETRIC_REPRESENTATION_CONTEXT() REPRESENTATION_CONTEXT('2D SPACE',''
  ) );
#4541 = ADVANCED_FACE('',(#4542),#4556,.F.);
#4542 = FACE_BOUND('',#4543,.F.);
#4543 = EDGE_LOOP('',(#4544,#4574,#4600,#4601));
#4544 = ORIENTED_EDGE('',*,*,#4545,.T.);
#4545 = EDGE_CURVE('',#4546,#4548,#4550,.T.);
#4546 = VERTEX_POINT('',#4547);
#4547 = CARTESIAN_POINT('',(-27.3,-19.99999999999,359.99999999999));
#4548 = VERTEX_POINT('',#4549);
#4549 = CARTESIAN_POINT('',(-27.3,-9.999999999999,359.99999999999));
#4550 = SEAM_CURVE('',#4551,(#4555,#4567),.PCURVE_S1.);
#4551 = LINE('',#4552,#4553);
#4552 = CARTESIAN_POINT('',(-27.3,-9.999999999999,359.99999999999));
#4553 = VECTOR('',#4554,1.);
#4554 = DIRECTION('',(-4.440892098501E-16,1.,0.));
#4555 = PCURVE('',#4556,#4561);
#4556 = CYLINDRICAL_SURFACE('',#4557,27.3);
#4557 = AXIS2_PLACEMENT_3D('',#4558,#4559,#4560);
#4558 = CARTESIAN_POINT('',(-1.47090672975E-12,-9.999999999999,
    359.99999999999));
#4559 = DIRECTION('',(4.440892098501E-16,-1.,0.));
#4560 = DIRECTION('',(1.,4.440892098501E-16,5.916456789158E-31));
#4561 = DEFINITIONAL_REPRESENTATION('',(#4562),#4566);
#4562 = LINE('',#4563,#4564);
#4563 = CARTESIAN_POINT('',(-3.14159265359,0.));
#4564 = VECTOR('',#4565,1.);
#4565 = DIRECTION('',(0.,-1.));
#4566 = ( GEOMETRIC_REPRESENTATION_CONTEXT(2) 
PARAMETRIC_REPRESENTATION_CONTEXT() REPRESENTATION_CONTEXT('2D SPACE',''
  ) );
#4567 = PCURVE('',#4556,#4568);
#4568 = DEFINITIONAL_REPRESENTATION('',(#4569),#4573);
#4569 = LINE('',#4570,#4571);
#4570 = CARTESIAN_POINT('',(3.14159265359,0.));
#4571 = VECTOR('',#4572,1.);
#4572 = DIRECTION('',(0.,-1.));
#4573 = ( GEOMETRIC_REPRESENTATION_CONTEXT(2) 
PARAMETRIC_REPRESENTATION_CONTEXT() REPRESENTATION_CONTEXT('2D SPACE',''
  ) );
#4574 = ORIENTED_EDGE('',*,*,#4575,.F.);
#4575 = EDGE_CURVE('',#4548,#4548,#4576,.T.);
#4576 = SURFACE_CURVE('',#4577,(#4582,#4589),.PCURVE_S1.);
#4577 = CIRCLE('',#4578,27.3);
#4578 = AXIS2_PLACEMENT_3D('',#4579,#4580,#4581);
#4579 = CARTESIAN_POINT('',(-1.47090672975E-12,-9.999999999999,
    359.99999999999));
#4580 = DIRECTION('',(-3.469446951954E-16,1.,3.636998419376E-30));
#4581 = DIRECTION('',(1.,3.469446951954E-16,5.916456789158E-31));
#4582 = PCURVE('',#4556,#4583);
#4583 = DEFINITIONAL_REPRESENTATION('',(#4584),#4588);
#4584 = LINE('',#4585,#4586);
#4585 = CARTESIAN_POINT('',(6.28318530718,-3.552713678801E-15));
#4586 = VECTOR('',#4587,1.);
#4587 = DIRECTION('',(-1.,0.));
#4588 = ( GEOMETRIC_REPRESENTATION_CONTEXT(2) 
PARAMETRIC_REPRESENTATION_CONTEXT() REPRESENTATION_CONTEXT('2D SPACE',''
  ) );
#4589 = PCURVE('',#4322,#4590);
#4590 = DEFINITIONAL_REPRESENTATION('',(#4591),#4599);
#4591 = ( BOUNDED_CURVE() B_SPLINE_CURVE(2,(#4592,#4593,#4594,#4595,
#4596,#4597,#4598),.UNSPECIFIED.,.T.,.F.) B_SPLINE_CURVE_WITH_KNOTS((1,2
    ,2,2,2,1),(-2.094395102393,0.,2.094395102393,4.188790204786,
6.28318530718,8.377580409573),.UNSPECIFIED.) CURVE() 
GEOMETRIC_REPRESENTATION_ITEM() RATIONAL_B_SPLINE_CURVE((1.,0.5,1.,0.5,
1.,0.5,1.)) REPRESENTATION_ITEM('') );
#4592 = CARTESIAN_POINT('',(27.3,0.));
#4593 = CARTESIAN_POINT('',(27.3,-47.28498704663));
#4594 = CARTESIAN_POINT('',(-13.65,-23.64249352331));
#4595 = CARTESIAN_POINT('',(-54.6,-6.686571523345E-15));
#4596 = CARTESIAN_POINT('',(-13.65,23.642493523315));
#4597 = CARTESIAN_POINT('',(27.3,47.28498704663));
#4598 = CARTESIAN_POINT('',(27.3,0.));
#4599 = ( GEOMETRIC_REPRESENTATION_CONTEXT(2) 
PARAMETRIC_REPRESENTATION_CONTEXT() REPRESENTATION_CONTEXT('2D SPACE',''
  ) );
#4600 = ORIENTED_EDGE('',*,*,#4545,.F.);
#4601 = ORIENTED_EDGE('',*,*,#4602,.T.);
#4602 = EDGE_CURVE('',#4546,#4546,#4603,.T.);
#4603 = SURFACE_CURVE('',#4604,(#4609,#4616),.PCURVE_S1.);
#4604 = CIRCLE('',#4605,27.3);
#4605 = AXIS2_PLACEMENT_3D('',#4606,#4607,#4608);
#4606 = CARTESIAN_POINT('',(-1.466465837652E-12,-19.99999999999,
    359.99999999999));
#4607 = DIRECTION('',(-3.469446951954E-16,1.,3.636998419376E-30));
#4608 = DIRECTION('',(1.,3.469446951954E-16,5.916456789158E-31));
#4609 = PCURVE('',#4556,#4610);
#4610 = DEFINITIONAL_REPRESENTATION('',(#4611),#4615);
#4611 = LINE('',#4612,#4613);
#4612 = CARTESIAN_POINT('',(6.28318530718,10.));
#4613 = VECTOR('',#4614,1.);
#4614 = DIRECTION('',(-1.,0.));
#4615 = ( GEOMETRIC_REPRESENTATION_CONTEXT(2) 
PARAMETRIC_REPRESENTATION_CONTEXT() REPRESENTATION_CONTEXT('2D SPACE',''
  ) );
#4616 = PCURVE('',#4354,#4617);
#4617 = DEFINITIONAL_REPRESENTATION('',(#4618),#4626);
#4618 = ( BOUNDED_CURVE() B_SPLINE_CURVE(2,(#4619,#4620,#4621,#4622,
#4623,#4624,#4625),.UNSPECIFIED.,.T.,.F.) B_SPLINE_CURVE_WITH_KNOTS((1,2
    ,2,2,2,1),(-2.094395102393,0.,2.094395102393,4.188790204786,
6.28318530718,8.377580409573),.UNSPECIFIED.) CURVE() 
GEOMETRIC_REPRESENTATION_ITEM() RATIONAL_B_SPLINE_CURVE((1.,0.5,1.,0.5,
1.,0.5,1.)) REPRESENTATION_ITEM('') );
#4619 = CARTESIAN_POINT('',(27.3,0.));
#4620 = CARTESIAN_POINT('',(27.3,-47.28498704663));
#4621 = CARTESIAN_POINT('',(-13.65,-23.64249352331));
#4622 = CARTESIAN_POINT('',(-54.6,-6.686571523345E-15));
#4623 = CARTESIAN_POINT('',(-13.65,23.642493523315));
#4624 = CARTESIAN_POINT('',(27.3,47.28498704663));
#4625 = CARTESIAN_POINT('',(27.3,0.));
#4626 = ( GEOMETRIC_REPRESENTATION_CONTEXT(2) 
PARAMETRIC_REPRESENTATION_CONTEXT() REPRESENTATION_CONTEXT('2D SPACE',''
  ) );
#4627 = ADVANCED_FACE('',(#4628),#4642,.F.);
#4628 = FACE_BOUND('',#4629,.F.);
#4629 = EDGE_LOOP('',(#4630,#4660,#4686,#4687));
#4630 = ORIENTED_EDGE('',*,*,#4631,.T.);
#4631 = EDGE_CURVE('',#4632,#4634,#4636,.T.);
#4632 = VERTEX_POINT('',#4633);
#4633 = CARTESIAN_POINT('',(13.252095260582,-19.99999999999,
    326.03750950527));
#4634 = VERTEX_POINT('',#4635);
#4635 = CARTESIAN_POINT('',(13.252095260582,-9.999999999999,
    326.03750950527));
#4636 = SEAM_CURVE('',#4637,(#4641,#4653),.PCURVE_S1.);
#4637 = LINE('',#4638,#4639);
#4638 = CARTESIAN_POINT('',(13.252095260582,-9.999999999999,
    326.03750950527));
#4639 = VECTOR('',#4640,1.);
#4640 = DIRECTION('',(-4.440892098501E-16,1.,0.));
#4641 = PCURVE('',#4642,#4647);
#4642 = CYLINDRICAL_SURFACE('',#4643,1.429500000041);
#4643 = AXIS2_PLACEMENT_3D('',#4644,#4645,#4646);
#4644 = CARTESIAN_POINT('',(14.681595260622,-9.999999999999,
    326.03750950527));
#4645 = DIRECTION('',(4.440892098501E-16,-1.,0.));
#4646 = DIRECTION('',(1.,4.440892098501E-16,5.916456789158E-31));
#4647 = DEFINITIONAL_REPRESENTATION('',(#4648),#4652);
#4648 = LINE('',#4649,#4650);
#4649 = CARTESIAN_POINT('',(-3.14159265359,0.));
#4650 = VECTOR('',#4651,1.);
#4651 = DIRECTION('',(0.,-1.));
#4652 = ( GEOMETRIC_REPRESENTATION_CONTEXT(2) 
PARAMETRIC_REPRESENTATION_CONTEXT() REPRESENTATION_CONTEXT('2D SPACE',''
  ) );
#4653 = PCURVE('',#4642,#4654);
#4654 = DEFINITIONAL_REPRESENTATION('',(#4655),#4659);
#4655 = LINE('',#4656,#4657);
#4656 = CARTESIAN_POINT('',(3.14159265359,0.));
#4657 = VECTOR('',#4658,1.);
#4658 = DIRECTION('',(0.,-1.));
#4659 = ( GEOMETRIC_REPRESENTATION_CONTEXT(2) 
PARAMETRIC_REPRESENTATION_CONTEXT() REPRESENTATION_CONTEXT('2D SPACE',''
  ) );
#4660 = ORIENTED_EDGE('',*,*,#4661,.F.);
#4661 = EDGE_CURVE('',#4634,#4634,#4662,.T.);
#4662 = SURFACE_CURVE('',#4663,(#4668,#4675),.PCURVE_S1.);
#4663 = CIRCLE('',#4664,1.429500000041);
#4664 = AXIS2_PLACEMENT_3D('',#4665,#4666,#4667);
#4665 = CARTESIAN_POINT('',(14.681595260622,-9.999999999999,
    326.03750950527));
#4666 = DIRECTION('',(-3.469446951954E-16,1.,3.643546581187E-30));
#4667 = DIRECTION('',(1.,3.469446951954E-16,5.916456789158E-31));
#4668 = PCURVE('',#4642,#4669);
#4669 = DEFINITIONAL_REPRESENTATION('',(#4670),#4674);
#4670 = LINE('',#4671,#4672);
#4671 = CARTESIAN_POINT('',(6.28318530718,-1.7763568394E-15));
#4672 = VECTOR('',#4673,1.);
#4673 = DIRECTION('',(-1.,0.));
#4674 = ( GEOMETRIC_REPRESENTATION_CONTEXT(2) 
PARAMETRIC_REPRESENTATION_CONTEXT() REPRESENTATION_CONTEXT('2D SPACE',''
  ) );
#4675 = PCURVE('',#4322,#4676);
#4676 = DEFINITIONAL_REPRESENTATION('',(#4677),#4685);
#4677 = ( BOUNDED_CURVE() B_SPLINE_CURVE(2,(#4678,#4679,#4680,#4681,
#4682,#4683,#4684),.UNSPECIFIED.,.T.,.F.) B_SPLINE_CURVE_WITH_KNOTS((1,2
    ,2,2,2,1),(-2.094395102393,0.,2.094395102393,4.188790204786,
6.28318530718,8.377580409573),.UNSPECIFIED.) CURVE() 
GEOMETRIC_REPRESENTATION_ITEM() RATIONAL_B_SPLINE_CURVE((1.,0.5,1.,0.5,
1.,0.5,1.)) REPRESENTATION_ITEM('') );
#4678 = CARTESIAN_POINT('',(16.111095260664,-33.96249049472));
#4679 = CARTESIAN_POINT('',(16.111095260664,-36.43845712421));
#4680 = CARTESIAN_POINT('',(13.966845260603,-35.20047380946));
#4681 = CARTESIAN_POINT('',(11.822595260541,-33.96249049472));
#4682 = CARTESIAN_POINT('',(13.966845260603,-32.72450717997));
#4683 = CARTESIAN_POINT('',(16.111095260664,-31.48652386522));
#4684 = CARTESIAN_POINT('',(16.111095260664,-33.96249049472));
#4685 = ( GEOMETRIC_REPRESENTATION_CONTEXT(2) 
PARAMETRIC_REPRESENTATION_CONTEXT() REPRESENTATION_CONTEXT('2D SPACE',''
  ) );
#4686 = ORIENTED_EDGE('',*,*,#4631,.F.);
#4687 = ORIENTED_EDGE('',*,*,#4688,.T.);
#4688 = EDGE_CURVE('',#4632,#4632,#4689,.T.);
#4689 = SURFACE_CURVE('',#4690,(#4695,#4702),.PCURVE_S1.);
#4690 = CIRCLE('',#4691,1.429500000041);
#4691 = AXIS2_PLACEMENT_3D('',#4692,#4693,#4694);
#4692 = CARTESIAN_POINT('',(14.681595260622,-19.99999999999,
    326.03750950527));
#4693 = DIRECTION('',(-3.469446951954E-16,1.,3.643546581187E-30));
#4694 = DIRECTION('',(1.,3.469446951954E-16,5.916456789158E-31));
#4695 = PCURVE('',#4642,#4696);
#4696 = DEFINITIONAL_REPRESENTATION('',(#4697),#4701);
#4697 = LINE('',#4698,#4699);
#4698 = CARTESIAN_POINT('',(6.28318530718,10.));
#4699 = VECTOR('',#4700,1.);
#4700 = DIRECTION('',(-1.,0.));
#4701 = ( GEOMETRIC_REPRESENTATION_CONTEXT(2) 
PARAMETRIC_REPRESENTATION_CONTEXT() REPRESENTATION_CONTEXT('2D SPACE',''
  ) );
#4702 = PCURVE('',#4354,#4703);
#4703 = DEFINITIONAL_REPRESENTATION('',(#4704),#4712);
#4704 = ( BOUNDED_CURVE() B_SPLINE_CURVE(2,(#4705,#4706,#4707,#4708,
#4709,#4710,#4711),.UNSPECIFIED.,.T.,.F.) B_SPLINE_CURVE_WITH_KNOTS((1,2
    ,2,2,2,1),(-2.094395102393,0.,2.094395102393,4.188790204786,
6.28318530718,8.377580409573),.UNSPECIFIED.) CURVE() 
GEOMETRIC_REPRESENTATION_ITEM() RATIONAL_B_SPLINE_CURVE((1.,0.5,1.,0.5,
1.,0.5,1.)) REPRESENTATION_ITEM('') );
#4705 = CARTESIAN_POINT('',(16.111095260664,-33.96249049472));
#4706 = CARTESIAN_POINT('',(16.111095260664,-36.43845712421));
#4707 = CARTESIAN_POINT('',(13.966845260603,-35.20047380946));
#4708 = CARTESIAN_POINT('',(11.822595260541,-33.96249049472));
#4709 = CARTESIAN_POINT('',(13.966845260603,-32.72450717997));
#4710 = CARTESIAN_POINT('',(16.111095260664,-31.48652386522));
#4711 = CARTESIAN_POINT('',(16.111095260664,-33.96249049472));
#4712 = ( GEOMETRIC_REPRESENTATION_CONTEXT(2) 
PARAMETRIC_REPRESENTATION_CONTEXT() REPRESENTATION_CONTEXT('2D SPACE',''
  ) );
#4713 = ADVANCED_FACE('',(#4714),#4728,.F.);
#4714 = FACE_BOUND('',#4715,.F.);
#4715 = EDGE_LOOP('',(#4716,#4746,#4772,#4773));
#4716 = ORIENTED_EDGE('',*,*,#4717,.T.);
#4717 = EDGE_CURVE('',#4718,#4720,#4722,.T.);
#4718 = VERTEX_POINT('',#4719);
#4719 = CARTESIAN_POINT('',(12.204151767318,-19.99999999999,
    394.3965629022));
#4720 = VERTEX_POINT('',#4721);
#4721 = CARTESIAN_POINT('',(12.204151767318,-9.999999999999,
    394.3965629022));
#4722 = SEAM_CURVE('',#4723,(#4727,#4739),.PCURVE_S1.);
#4723 = LINE('',#4724,#4725);
#4724 = CARTESIAN_POINT('',(12.204151767318,-9.999999999999,
    394.3965629022));
#4725 = VECTOR('',#4726,1.);
#4726 = DIRECTION('',(-4.440892098501E-16,1.,0.));
#4727 = PCURVE('',#4728,#4733);
#4728 = CYLINDRICAL_SURFACE('',#4729,1.429500000041);
#4729 = AXIS2_PLACEMENT_3D('',#4730,#4731,#4732);
#4730 = CARTESIAN_POINT('',(13.633651767359,-9.999999999999,
    394.3965629022));
#4731 = DIRECTION('',(4.440892098501E-16,-1.,0.));
#4732 = DIRECTION('',(1.,4.440892098501E-16,5.916456789158E-31));
#4733 = DEFINITIONAL_REPRESENTATION('',(#4734),#4738);
#4734 = LINE('',#4735,#4736);
#4735 = CARTESIAN_POINT('',(-3.14159265359,1.7763568394E-15));
#4736 = VECTOR('',#4737,1.);
#4737 = DIRECTION('',(0.,-1.));
#4738 = ( GEOMETRIC_REPRESENTATION_CONTEXT(2) 
PARAMETRIC_REPRESENTATION_CONTEXT() REPRESENTATION_CONTEXT('2D SPACE',''
  ) );
#4739 = PCURVE('',#4728,#4740);
#4740 = DEFINITIONAL_REPRESENTATION('',(#4741),#4745);
#4741 = LINE('',#4742,#4743);
#4742 = CARTESIAN_POINT('',(3.14159265359,1.7763568394E-15));
#4743 = VECTOR('',#4744,1.);
#4744 = DIRECTION('',(0.,-1.));
#4745 = ( GEOMETRIC_REPRESENTATION_CONTEXT(2) 
PARAMETRIC_REPRESENTATION_CONTEXT() REPRESENTATION_CONTEXT('2D SPACE',''
  ) );
#4746 = ORIENTED_EDGE('',*,*,#4747,.F.);
#4747 = EDGE_CURVE('',#4720,#4720,#4748,.T.);
#4748 = SURFACE_CURVE('',#4749,(#4754,#4761),.PCURVE_S1.);
#4749 = CIRCLE('',#4750,1.429500000041);
#4750 = AXIS2_PLACEMENT_3D('',#4751,#4752,#4753);
#4751 = CARTESIAN_POINT('',(13.633651767359,-9.999999999999,
    394.3965629022));
#4752 = DIRECTION('',(-3.469446951954E-16,1.,3.638539163332E-30));
#4753 = DIRECTION('',(1.,3.469446951954E-16,5.916456789158E-31));
#4754 = PCURVE('',#4728,#4755);
#4755 = DEFINITIONAL_REPRESENTATION('',(#4756),#4760);
#4756 = LINE('',#4757,#4758);
#4757 = CARTESIAN_POINT('',(6.28318530718,0.));
#4758 = VECTOR('',#4759,1.);
#4759 = DIRECTION('',(-1.,0.));
#4760 = ( GEOMETRIC_REPRESENTATION_CONTEXT(2) 
PARAMETRIC_REPRESENTATION_CONTEXT() REPRESENTATION_CONTEXT('2D SPACE',''
  ) );
#4761 = PCURVE('',#4322,#4762);
#4762 = DEFINITIONAL_REPRESENTATION('',(#4763),#4771);
#4763 = ( BOUNDED_CURVE() B_SPLINE_CURVE(2,(#4764,#4765,#4766,#4767,
#4768,#4769,#4770),.UNSPECIFIED.,.T.,.F.) B_SPLINE_CURVE_WITH_KNOTS((1,2
    ,2,2,2,1),(-2.094395102393,0.,2.094395102393,4.188790204786,
6.28318530718,8.377580409573),.UNSPECIFIED.) CURVE() 
GEOMETRIC_REPRESENTATION_ITEM() RATIONAL_B_SPLINE_CURVE((1.,0.5,1.,0.5,
1.,0.5,1.)) REPRESENTATION_ITEM('') );
#4764 = CARTESIAN_POINT('',(15.063151767401,34.39656290221));
#4765 = CARTESIAN_POINT('',(15.063151767401,31.920596272719));
#4766 = CARTESIAN_POINT('',(12.91890176734,33.158579587465));
#4767 = CARTESIAN_POINT('',(10.774651767278,34.39656290221));
#4768 = CARTESIAN_POINT('',(12.91890176734,35.634546216955));
#4769 = CARTESIAN_POINT('',(15.063151767401,36.872529531701));
#4770 = CARTESIAN_POINT('',(15.063151767401,34.39656290221));
#4771 = ( GEOMETRIC_REPRESENTATION_CONTEXT(2) 
PARAMETRIC_REPRESENTATION_CONTEXT() REPRESENTATION_CONTEXT('2D SPACE',''
  ) );
#4772 = ORIENTED_EDGE('',*,*,#4717,.F.);
#4773 = ORIENTED_EDGE('',*,*,#4774,.T.);
#4774 = EDGE_CURVE('',#4718,#4718,#4775,.T.);
#4775 = SURFACE_CURVE('',#4776,(#4781,#4788),.PCURVE_S1.);
#4776 = CIRCLE('',#4777,1.429500000041);
#4777 = AXIS2_PLACEMENT_3D('',#4778,#4779,#4780);
#4778 = CARTESIAN_POINT('',(13.633651767359,-19.99999999999,
    394.3965629022));
#4779 = DIRECTION('',(-3.469446951954E-16,1.,3.638539163332E-30));
#4780 = DIRECTION('',(1.,3.469446951954E-16,5.916456789158E-31));
#4781 = PCURVE('',#4728,#4782);
#4782 = DEFINITIONAL_REPRESENTATION('',(#4783),#4787);
#4783 = LINE('',#4784,#4785);
#4784 = CARTESIAN_POINT('',(6.28318530718,10.));
#4785 = VECTOR('',#4786,1.);
#4786 = DIRECTION('',(-1.,0.));
#4787 = ( GEOMETRIC_REPRESENTATION_CONTEXT(2) 
PARAMETRIC_REPRESENTATION_CONTEXT() REPRESENTATION_CONTEXT('2D SPACE',''
  ) );
#4788 = PCURVE('',#4354,#4789);
#4789 = DEFINITIONAL_REPRESENTATION('',(#4790),#4798);
#4790 = ( BOUNDED_CURVE() B_SPLINE_CURVE(2,(#4791,#4792,#4793,#4794,
#4795,#4796,#4797),.UNSPECIFIED.,.T.,.F.) B_SPLINE_CURVE_WITH_KNOTS((1,2
    ,2,2,2,1),(-2.094395102393,0.,2.094395102393,4.188790204786,
6.28318530718,8.377580409573),.UNSPECIFIED.) CURVE() 
GEOMETRIC_REPRESENTATION_ITEM() RATIONAL_B_SPLINE_CURVE((1.,0.5,1.,0.5,
1.,0.5,1.)) REPRESENTATION_ITEM('') );
#4791 = CARTESIAN_POINT('',(15.063151767401,34.39656290221));
#4792 = CARTESIAN_POINT('',(15.063151767401,31.920596272719));
#4793 = CARTESIAN_POINT('',(12.91890176734,33.158579587465));
#4794 = CARTESIAN_POINT('',(10.774651767278,34.39656290221));
#4795 = CARTESIAN_POINT('',(12.91890176734,35.634546216955));
#4796 = CARTESIAN_POINT('',(15.063151767401,36.872529531701));
#4797 = CARTESIAN_POINT('',(15.063151767401,34.39656290221));
#4798 = ( GEOMETRIC_REPRESENTATION_CONTEXT(2) 
PARAMETRIC_REPRESENTATION_CONTEXT() REPRESENTATION_CONTEXT('2D SPACE',''
  ) );
#4799 = ADVANCED_FACE('',(#4800),#4814,.F.);
#4800 = FACE_BOUND('',#4801,.F.);
#4801 = EDGE_LOOP('',(#4802,#4832,#4858,#4859));
#4802 = ORIENTED_EDGE('',*,*,#4803,.T.);
#4803 = EDGE_CURVE('',#4804,#4806,#4808,.T.);
#4804 = VERTEX_POINT('',#4805);
#4805 = CARTESIAN_POINT('',(-15.06315176741,-19.99999999999,
    325.60343709776));
#4806 = VERTEX_POINT('',#4807);
#4807 = CARTESIAN_POINT('',(-15.06315176741,-9.999999999999,
    325.60343709776));
#4808 = SEAM_CURVE('',#4809,(#4813,#4825),.PCURVE_S1.);
#4809 = LINE('',#4810,#4811);
#4810 = CARTESIAN_POINT('',(-15.06315176741,-9.999999999999,
    325.60343709776));
#4811 = VECTOR('',#4812,1.);
#4812 = DIRECTION('',(-4.440892098501E-16,1.,0.));
#4813 = PCURVE('',#4814,#4819);
#4814 = CYLINDRICAL_SURFACE('',#4815,1.429500000041);
#4815 = AXIS2_PLACEMENT_3D('',#4816,#4817,#4818);
#4816 = CARTESIAN_POINT('',(-13.63365176737,-9.999999999999,
    325.60343709776));
#4817 = DIRECTION('',(4.440892098501E-16,-1.,0.));
#4818 = DIRECTION('',(1.,4.440892098501E-16,5.916456789158E-31));
#4819 = DEFINITIONAL_REPRESENTATION('',(#4820),#4824);
#4820 = LINE('',#4821,#4822);
#4821 = CARTESIAN_POINT('',(-3.14159265359,-1.7763568394E-15));
#4822 = VECTOR('',#4823,1.);
#4823 = DIRECTION('',(0.,-1.));
#4824 = ( GEOMETRIC_REPRESENTATION_CONTEXT(2) 
PARAMETRIC_REPRESENTATION_CONTEXT() REPRESENTATION_CONTEXT('2D SPACE',''
  ) );
#4825 = PCURVE('',#4814,#4826);
#4826 = DEFINITIONAL_REPRESENTATION('',(#4827),#4831);
#4827 = LINE('',#4828,#4829);
#4828 = CARTESIAN_POINT('',(3.14159265359,-1.7763568394E-15));
#4829 = VECTOR('',#4830,1.);
#4830 = DIRECTION('',(0.,-1.));
#4831 = ( GEOMETRIC_REPRESENTATION_CONTEXT(2) 
PARAMETRIC_REPRESENTATION_CONTEXT() REPRESENTATION_CONTEXT('2D SPACE',''
  ) );
#4832 = ORIENTED_EDGE('',*,*,#4833,.F.);
#4833 = EDGE_CURVE('',#4806,#4806,#4834,.T.);
#4834 = SURFACE_CURVE('',#4835,(#4840,#4847),.PCURVE_S1.);
#4835 = CIRCLE('',#4836,1.429500000041);
#4836 = AXIS2_PLACEMENT_3D('',#4837,#4838,#4839);
#4837 = CARTESIAN_POINT('',(-13.63365176737,-9.999999999999,
    325.60343709776));
#4838 = DIRECTION('',(-3.469446951954E-16,1.,3.638153977343E-30));
#4839 = DIRECTION('',(1.,3.469446951954E-16,5.916456789158E-31));
#4840 = PCURVE('',#4814,#4841);
#4841 = DEFINITIONAL_REPRESENTATION('',(#4842),#4846);
#4842 = LINE('',#4843,#4844);
#4843 = CARTESIAN_POINT('',(6.28318530718,-1.7763568394E-15));
#4844 = VECTOR('',#4845,1.);
#4845 = DIRECTION('',(-1.,0.));
#4846 = ( GEOMETRIC_REPRESENTATION_CONTEXT(2) 
PARAMETRIC_REPRESENTATION_CONTEXT() REPRESENTATION_CONTEXT('2D SPACE',''
  ) );
#4847 = PCURVE('',#4322,#4848);
#4848 = DEFINITIONAL_REPRESENTATION('',(#4849),#4857);
#4849 = ( BOUNDED_CURVE() B_SPLINE_CURVE(2,(#4850,#4851,#4852,#4853,
#4854,#4855,#4856),.UNSPECIFIED.,.T.,.F.) B_SPLINE_CURVE_WITH_KNOTS((1,2
    ,2,2,2,1),(-2.094395102393,0.,2.094395102393,4.188790204786,
6.28318530718,8.377580409573),.UNSPECIFIED.) CURVE() 
GEOMETRIC_REPRESENTATION_ITEM() RATIONAL_B_SPLINE_CURVE((1.,0.5,1.,0.5,
1.,0.5,1.)) REPRESENTATION_ITEM('') );
#4850 = CARTESIAN_POINT('',(-12.20415176732,-34.39656290223));
#4851 = CARTESIAN_POINT('',(-12.20415176732,-36.87252953172));
#4852 = CARTESIAN_POINT('',(-14.34840176738,-35.63454621697));
#4853 = CARTESIAN_POINT('',(-16.49265176745,-34.39656290223));
#4854 = CARTESIAN_POINT('',(-14.34840176738,-33.15857958748));
#4855 = CARTESIAN_POINT('',(-12.20415176732,-31.92059627273));
#4856 = CARTESIAN_POINT('',(-12.20415176732,-34.39656290223));
#4857 = ( GEOMETRIC_REPRESENTATION_CONTEXT(2) 
PARAMETRIC_REPRESENTATION_CONTEXT() REPRESENTATION_CONTEXT('2D SPACE',''
  ) );
#4858 = ORIENTED_EDGE('',*,*,#4803,.F.);
#4859 = ORIENTED_EDGE('',*,*,#4860,.T.);
#4860 = EDGE_CURVE('',#4804,#4804,#4861,.T.);
#4861 = SURFACE_CURVE('',#4862,(#4867,#4874),.PCURVE_S1.);
#4862 = CIRCLE('',#4863,1.429500000041);
#4863 = AXIS2_PLACEMENT_3D('',#4864,#4865,#4866);
#4864 = CARTESIAN_POINT('',(-13.63365176737,-19.99999999999,
    325.60343709776));
#4865 = DIRECTION('',(-3.469446951954E-16,1.,3.638153977343E-30));
#4866 = DIRECTION('',(1.,3.469446951954E-16,5.916456789158E-31));
#4867 = PCURVE('',#4814,#4868);
#4868 = DEFINITIONAL_REPRESENTATION('',(#4869),#4873);
#4869 = LINE('',#4870,#4871);
#4870 = CARTESIAN_POINT('',(6.28318530718,10.));
#4871 = VECTOR('',#4872,1.);
#4872 = DIRECTION('',(-1.,0.));
#4873 = ( GEOMETRIC_REPRESENTATION_CONTEXT(2) 
PARAMETRIC_REPRESENTATION_CONTEXT() REPRESENTATION_CONTEXT('2D SPACE',''
  ) );
#4874 = PCURVE('',#4354,#4875);
#4875 = DEFINITIONAL_REPRESENTATION('',(#4876),#4884);
#4876 = ( BOUNDED_CURVE() B_SPLINE_CURVE(2,(#4877,#4878,#4879,#4880,
#4881,#4882,#4883),.UNSPECIFIED.,.T.,.F.) B_SPLINE_CURVE_WITH_KNOTS((1,2
    ,2,2,2,1),(-2.094395102393,0.,2.094395102393,4.188790204786,
6.28318530718,8.377580409573),.UNSPECIFIED.) CURVE() 
GEOMETRIC_REPRESENTATION_ITEM() RATIONAL_B_SPLINE_CURVE((1.,0.5,1.,0.5,
1.,0.5,1.)) REPRESENTATION_ITEM('') );
#4877 = CARTESIAN_POINT('',(-12.20415176732,-34.39656290223));
#4878 = CARTESIAN_POINT('',(-12.20415176732,-36.87252953172));
#4879 = CARTESIAN_POINT('',(-14.34840176738,-35.63454621697));
#4880 = CARTESIAN_POINT('',(-16.49265176745,-34.39656290223));
#4881 = CARTESIAN_POINT('',(-14.34840176738,-33.15857958748));
#4882 = CARTESIAN_POINT('',(-12.20415176732,-31.92059627273));
#4883 = CARTESIAN_POINT('',(-12.20415176732,-34.39656290223));
#4884 = ( GEOMETRIC_REPRESENTATION_CONTEXT(2) 
PARAMETRIC_REPRESENTATION_CONTEXT() REPRESENTATION_CONTEXT('2D SPACE',''
  ) );
#4885 = ADVANCED_FACE('',(#4886),#4900,.F.);
#4886 = FACE_BOUND('',#4887,.F.);
#4887 = EDGE_LOOP('',(#4888,#4918,#4944,#4945));
#4888 = ORIENTED_EDGE('',*,*,#4889,.T.);
#4889 = EDGE_CURVE('',#4890,#4892,#4894,.T.);
#4890 = VERTEX_POINT('',#4891);
#4891 = CARTESIAN_POINT('',(-35.82606290215,-19.99999999999,
    373.63365176734));
#4892 = VERTEX_POINT('',#4893);
#4893 = CARTESIAN_POINT('',(-35.82606290215,-9.999999999999,
    373.63365176734));
#4894 = SEAM_CURVE('',#4895,(#4899,#4911),.PCURVE_S1.);
#4895 = LINE('',#4896,#4897);
#4896 = CARTESIAN_POINT('',(-35.82606290215,-9.999999999999,
    373.63365176734));
#4897 = VECTOR('',#4898,1.);
#4898 = DIRECTION('',(-4.440892098501E-16,1.,0.));
#4899 = PCURVE('',#4900,#4905);
#4900 = CYLINDRICAL_SURFACE('',#4901,1.429499999927);
#4901 = AXIS2_PLACEMENT_3D('',#4902,#4903,#4904);
#4902 = CARTESIAN_POINT('',(-34.39656290222,-9.999999999999,
    373.63365176734));
#4903 = DIRECTION('',(4.440892098501E-16,-1.,0.));
#4904 = DIRECTION('',(1.,4.440892098501E-16,5.916456789158E-31));
#4905 = DEFINITIONAL_REPRESENTATION('',(#4906),#4910);
#4906 = LINE('',#4907,#4908);
#4907 = CARTESIAN_POINT('',(-3.14159265359,1.7763568394E-15));
#4908 = VECTOR('',#4909,1.);
#4909 = DIRECTION('',(0.,-1.));
#4910 = ( GEOMETRIC_REPRESENTATION_CONTEXT(2) 
PARAMETRIC_REPRESENTATION_CONTEXT() REPRESENTATION_CONTEXT('2D SPACE',''
  ) );
#4911 = PCURVE('',#4900,#4912);
#4912 = DEFINITIONAL_REPRESENTATION('',(#4913),#4917);
#4913 = LINE('',#4914,#4915);
#4914 = CARTESIAN_POINT('',(3.14159265359,1.7763568394E-15));
#4915 = VECTOR('',#4916,1.);
#4916 = DIRECTION('',(0.,-1.));
#4917 = ( GEOMETRIC_REPRESENTATION_CONTEXT(2) 
PARAMETRIC_REPRESENTATION_CONTEXT() REPRESENTATION_CONTEXT('2D SPACE',''
  ) );
#4918 = ORIENTED_EDGE('',*,*,#4919,.F.);
#4919 = EDGE_CURVE('',#4892,#4892,#4920,.T.);
#4920 = SURFACE_CURVE('',#4921,(#4926,#4933),.PCURVE_S1.);
#4921 = CIRCLE('',#4922,1.429499999927);
#4922 = AXIS2_PLACEMENT_3D('',#4923,#4924,#4925);
#4923 = CARTESIAN_POINT('',(-34.39656290222,-9.999999999999,
    373.63365176734));
#4924 = DIRECTION('',(-3.469446951954E-16,1.,3.634687303443E-30));
#4925 = DIRECTION('',(1.,3.469446951954E-16,5.916456789158E-31));
#4926 = PCURVE('',#4900,#4927);
#4927 = DEFINITIONAL_REPRESENTATION('',(#4928),#4932);
#4928 = LINE('',#4929,#4930);
#4929 = CARTESIAN_POINT('',(6.28318530718,0.));
#4930 = VECTOR('',#4931,1.);
#4931 = DIRECTION('',(-1.,0.));
#4932 = ( GEOMETRIC_REPRESENTATION_CONTEXT(2) 
PARAMETRIC_REPRESENTATION_CONTEXT() REPRESENTATION_CONTEXT('2D SPACE',''
  ) );
#4933 = PCURVE('',#4322,#4934);
#4934 = DEFINITIONAL_REPRESENTATION('',(#4935),#4943);
#4935 = ( BOUNDED_CURVE() B_SPLINE_CURVE(2,(#4936,#4937,#4938,#4939,
#4940,#4941,#4942),.UNSPECIFIED.,.T.,.F.) B_SPLINE_CURVE_WITH_KNOTS((1,2
    ,2,2,2,1),(-2.094395102393,0.,2.094395102393,4.188790204786,
6.28318530718,8.377580409573),.UNSPECIFIED.) CURVE() 
GEOMETRIC_REPRESENTATION_ITEM() RATIONAL_B_SPLINE_CURVE((1.,0.5,1.,0.5,
1.,0.5,1.)) REPRESENTATION_ITEM('') );
#4936 = CARTESIAN_POINT('',(-32.96706290229,13.63365176735));
#4937 = CARTESIAN_POINT('',(-32.96706290229,11.157685138057));
#4938 = CARTESIAN_POINT('',(-35.11131290218,12.395668452703));
#4939 = CARTESIAN_POINT('',(-37.25556290207,13.63365176735));
#4940 = CARTESIAN_POINT('',(-35.11131290218,14.871635081997));
#4941 = CARTESIAN_POINT('',(-32.96706290229,16.109618396643));
#4942 = CARTESIAN_POINT('',(-32.96706290229,13.63365176735));
#4943 = ( GEOMETRIC_REPRESENTATION_CONTEXT(2) 
PARAMETRIC_REPRESENTATION_CONTEXT() REPRESENTATION_CONTEXT('2D SPACE',''
  ) );
#4944 = ORIENTED_EDGE('',*,*,#4889,.F.);
#4945 = ORIENTED_EDGE('',*,*,#4946,.T.);
#4946 = EDGE_CURVE('',#4890,#4890,#4947,.T.);
#4947 = SURFACE_CURVE('',#4948,(#4953,#4960),.PCURVE_S1.);
#4948 = CIRCLE('',#4949,1.429499999927);
#4949 = AXIS2_PLACEMENT_3D('',#4950,#4951,#4952);
#4950 = CARTESIAN_POINT('',(-34.39656290222,-19.99999999999,
    373.63365176734));
#4951 = DIRECTION('',(-3.469446951954E-16,1.,3.634687303443E-30));
#4952 = DIRECTION('',(1.,3.469446951954E-16,5.916456789158E-31));
#4953 = PCURVE('',#4900,#4954);
#4954 = DEFINITIONAL_REPRESENTATION('',(#4955),#4959);
#4955 = LINE('',#4956,#4957);
#4956 = CARTESIAN_POINT('',(6.28318530718,10.));
#4957 = VECTOR('',#4958,1.);
#4958 = DIRECTION('',(-1.,0.));
#4959 = ( GEOMETRIC_REPRESENTATION_CONTEXT(2) 
PARAMETRIC_REPRESENTATION_CONTEXT() REPRESENTATION_CONTEXT('2D SPACE',''
  ) );
#4960 = PCURVE('',#4354,#4961);
#4961 = DEFINITIONAL_REPRESENTATION('',(#4962),#4970);
#4962 = ( BOUNDED_CURVE() B_SPLINE_CURVE(2,(#4963,#4964,#4965,#4966,
#4967,#4968,#4969),.UNSPECIFIED.,.T.,.F.) B_SPLINE_CURVE_WITH_KNOTS((1,2
    ,2,2,2,1),(-2.094395102393,0.,2.094395102393,4.188790204786,
6.28318530718,8.377580409573),.UNSPECIFIED.) CURVE() 
GEOMETRIC_REPRESENTATION_ITEM() RATIONAL_B_SPLINE_CURVE((1.,0.5,1.,0.5,
1.,0.5,1.)) REPRESENTATION_ITEM('') );
#4963 = CARTESIAN_POINT('',(-32.96706290229,13.63365176735));
#4964 = CARTESIAN_POINT('',(-32.96706290229,11.157685138057));
#4965 = CARTESIAN_POINT('',(-35.11131290218,12.395668452703));
#4966 = CARTESIAN_POINT('',(-37.25556290207,13.63365176735));
#4967 = CARTESIAN_POINT('',(-35.11131290218,14.871635081997));
#4968 = CARTESIAN_POINT('',(-32.96706290229,16.109618396643));
#4969 = CARTESIAN_POINT('',(-32.96706290229,13.63365176735));
#4970 = ( GEOMETRIC_REPRESENTATION_CONTEXT(2) 
PARAMETRIC_REPRESENTATION_CONTEXT() REPRESENTATION_CONTEXT('2D SPACE',''
  ) );
#4971 = ADVANCED_FACE('',(#4972),#4986,.F.);
#4972 = FACE_BOUND('',#4973,.F.);
#4973 = EDGE_LOOP('',(#4974,#5004,#5030,#5031));
#4974 = ORIENTED_EDGE('',*,*,#4975,.T.);
#4975 = EDGE_CURVE('',#4976,#4978,#4980,.T.);
#4976 = VERTEX_POINT('',#4977);
#4977 = CARTESIAN_POINT('',(32.967062902228,-19.99999999999,
    346.36634823262));
#4978 = VERTEX_POINT('',#4979);
#4979 = CARTESIAN_POINT('',(32.967062902228,-9.999999999999,
    346.36634823262));
#4980 = SEAM_CURVE('',#4981,(#4985,#4997),.PCURVE_S1.);
#4981 = LINE('',#4982,#4983);
#4982 = CARTESIAN_POINT('',(32.967062902228,-9.999999999999,
    346.36634823262));
#4983 = VECTOR('',#4984,1.);
#4984 = DIRECTION('',(-4.440892098501E-16,1.,0.));
#4985 = PCURVE('',#4986,#4991);
#4986 = CYLINDRICAL_SURFACE('',#4987,1.429499999984);
#4987 = AXIS2_PLACEMENT_3D('',#4988,#4989,#4990);
#4988 = CARTESIAN_POINT('',(34.396562902212,-9.999999999999,
    346.36634823262));
#4989 = DIRECTION('',(4.440892098501E-16,-1.,0.));
#4990 = DIRECTION('',(1.,4.440892098501E-16,5.916456789158E-31));
#4991 = DEFINITIONAL_REPRESENTATION('',(#4992),#4996);
#4992 = LINE('',#4993,#4994);
#4993 = CARTESIAN_POINT('',(-3.14159265359,-1.7763568394E-15));
#4994 = VECTOR('',#4995,1.);
#4995 = DIRECTION('',(0.,-1.));
#4996 = ( GEOMETRIC_REPRESENTATION_CONTEXT(2) 
PARAMETRIC_REPRESENTATION_CONTEXT() REPRESENTATION_CONTEXT('2D SPACE',''
  ) );
#4997 = PCURVE('',#4986,#4998);
#4998 = DEFINITIONAL_REPRESENTATION('',(#4999),#5003);
#4999 = LINE('',#5000,#5001);
#5000 = CARTESIAN_POINT('',(3.14159265359,-1.7763568394E-15));
#5001 = VECTOR('',#5002,1.);
#5002 = DIRECTION('',(0.,-1.));
#5003 = ( GEOMETRIC_REPRESENTATION_CONTEXT(2) 
PARAMETRIC_REPRESENTATION_CONTEXT() REPRESENTATION_CONTEXT('2D SPACE',''
  ) );
#5004 = ORIENTED_EDGE('',*,*,#5005,.F.);
#5005 = EDGE_CURVE('',#4978,#4978,#5006,.T.);
#5006 = SURFACE_CURVE('',#5007,(#5012,#5019),.PCURVE_S1.);
#5007 = CIRCLE('',#5008,1.429499999984);
#5008 = AXIS2_PLACEMENT_3D('',#5009,#5010,#5011);
#5009 = CARTESIAN_POINT('',(34.396562902212,-9.999999999999,
    346.36634823262));
#5010 = DIRECTION('',(-3.469446951954E-16,1.,3.63930953531E-30));
#5011 = DIRECTION('',(1.,3.469446951954E-16,5.916456789158E-31));
#5012 = PCURVE('',#4986,#5013);
#5013 = DEFINITIONAL_REPRESENTATION('',(#5014),#5018);
#5014 = LINE('',#5015,#5016);
#5015 = CARTESIAN_POINT('',(6.28318530718,-1.7763568394E-15));
#5016 = VECTOR('',#5017,1.);
#5017 = DIRECTION('',(-1.,0.));
#5018 = ( GEOMETRIC_REPRESENTATION_CONTEXT(2) 
PARAMETRIC_REPRESENTATION_CONTEXT() REPRESENTATION_CONTEXT('2D SPACE',''
  ) );
#5019 = PCURVE('',#4322,#5020);
#5020 = DEFINITIONAL_REPRESENTATION('',(#5021),#5029);
#5021 = ( BOUNDED_CURVE() B_SPLINE_CURVE(2,(#5022,#5023,#5024,#5025,
#5026,#5027,#5028),.UNSPECIFIED.,.T.,.F.) B_SPLINE_CURVE_WITH_KNOTS((1,2
    ,2,2,2,1),(-2.094395102393,0.,2.094395102393,4.188790204786,
6.28318530718,8.377580409573),.UNSPECIFIED.) CURVE() 
GEOMETRIC_REPRESENTATION_ITEM() RATIONAL_B_SPLINE_CURVE((1.,0.5,1.,0.5,
1.,0.5,1.)) REPRESENTATION_ITEM('') );
#5022 = CARTESIAN_POINT('',(35.826062902197,-13.63365176737));
#5023 = CARTESIAN_POINT('',(35.826062902197,-16.10961839676));
#5024 = CARTESIAN_POINT('',(33.681812902221,-14.87163508206));
#5025 = CARTESIAN_POINT('',(31.537562902245,-13.63365176737));
#5026 = CARTESIAN_POINT('',(33.681812902221,-12.39566845267));
#5027 = CARTESIAN_POINT('',(35.826062902197,-11.15768513797));
#5028 = CARTESIAN_POINT('',(35.826062902197,-13.63365176737));
#5029 = ( GEOMETRIC_REPRESENTATION_CONTEXT(2) 
PARAMETRIC_REPRESENTATION_CONTEXT() REPRESENTATION_CONTEXT('2D SPACE',''
  ) );
#5030 = ORIENTED_EDGE('',*,*,#4975,.F.);
#5031 = ORIENTED_EDGE('',*,*,#5032,.T.);
#5032 = EDGE_CURVE('',#4976,#4976,#5033,.T.);
#5033 = SURFACE_CURVE('',#5034,(#5039,#5046),.PCURVE_S1.);
#5034 = CIRCLE('',#5035,1.429499999984);
#5035 = AXIS2_PLACEMENT_3D('',#5036,#5037,#5038);
#5036 = CARTESIAN_POINT('',(34.396562902212,-19.99999999999,
    346.36634823262));
#5037 = DIRECTION('',(-3.469446951954E-16,1.,3.63930953531E-30));
#5038 = DIRECTION('',(1.,3.469446951954E-16,5.916456789158E-31));
#5039 = PCURVE('',#4986,#5040);
#5040 = DEFINITIONAL_REPRESENTATION('',(#5041),#5045);
#5041 = LINE('',#5042,#5043);
#5042 = CARTESIAN_POINT('',(6.28318530718,10.));
#5043 = VECTOR('',#5044,1.);
#5044 = DIRECTION('',(-1.,0.));
#5045 = ( GEOMETRIC_REPRESENTATION_CONTEXT(2) 
PARAMETRIC_REPRESENTATION_CONTEXT() REPRESENTATION_CONTEXT('2D SPACE',''
  ) );
#5046 = PCURVE('',#4354,#5047);
#5047 = DEFINITIONAL_REPRESENTATION('',(#5048),#5056);
#5048 = ( BOUNDED_CURVE() B_SPLINE_CURVE(2,(#5049,#5050,#5051,#5052,
#5053,#5054,#5055),.UNSPECIFIED.,.T.,.F.) B_SPLINE_CURVE_WITH_KNOTS((1,2
    ,2,2,2,1),(-2.094395102393,0.,2.094395102393,4.188790204786,
6.28318530718,8.377580409573),.UNSPECIFIED.) CURVE() 
GEOMETRIC_REPRESENTATION_ITEM() RATIONAL_B_SPLINE_CURVE((1.,0.5,1.,0.5,
1.,0.5,1.)) REPRESENTATION_ITEM('') );
#5049 = CARTESIAN_POINT('',(35.826062902197,-13.63365176737));
#5050 = CARTESIAN_POINT('',(35.826062902197,-16.10961839676));
#5051 = CARTESIAN_POINT('',(33.681812902221,-14.87163508206));
#5052 = CARTESIAN_POINT('',(31.537562902245,-13.63365176737));
#5053 = CARTESIAN_POINT('',(33.681812902221,-12.39566845267));
#5054 = CARTESIAN_POINT('',(35.826062902197,-11.15768513797));
#5055 = CARTESIAN_POINT('',(35.826062902197,-13.63365176737));
#5056 = ( GEOMETRIC_REPRESENTATION_CONTEXT(2) 
PARAMETRIC_REPRESENTATION_CONTEXT() REPRESENTATION_CONTEXT('2D SPACE',''
  ) );
#5057 = ADVANCED_FACE('',(#5058),#5071,.T.);
#5058 = FACE_BOUND('',#5059,.T.);
#5059 = EDGE_LOOP('',(#5060,#5089,#5112,#5134));
#5060 = ORIENTED_EDGE('',*,*,#5061,.F.);
#5061 = EDGE_CURVE('',#5062,#5062,#5064,.T.);
#5062 = VERTEX_POINT('',#5063);
#5063 = CARTESIAN_POINT('',(-40.,-19.99999999999,359.99999999999));
#5064 = SURFACE_CURVE('',#5065,(#5070,#5082),.PCURVE_S1.);
#5065 = CIRCLE('',#5066,40.);
#5066 = AXIS2_PLACEMENT_3D('',#5067,#5068,#5069);
#5067 = CARTESIAN_POINT('',(-1.466465837652E-12,-19.99999999999,
    359.99999999999));
#5068 = DIRECTION('',(3.469446951954E-16,-1.,-3.635457675421E-30));
#5069 = DIRECTION('',(1.,3.469446951954E-16,5.916456789158E-31));
#5070 = PCURVE('',#5071,#5076);
#5071 = CYLINDRICAL_SURFACE('',#5072,40.);
#5072 = AXIS2_PLACEMENT_3D('',#5073,#5074,#5075);
#5073 = CARTESIAN_POINT('',(-1.47090672975E-12,-9.999999999999,
    359.99999999999));
#5074 = DIRECTION('',(4.440892098501E-16,-1.,0.));
#5075 = DIRECTION('',(1.,4.440892098501E-16,5.916456789158E-31));
#5076 = DEFINITIONAL_REPRESENTATION('',(#5077),#5081);
#5077 = LINE('',#5078,#5079);
#5078 = CARTESIAN_POINT('',(-4.138911435803E-13,10.));
#5079 = VECTOR('',#5080,1.);
#5080 = DIRECTION('',(1.,0.));
#5081 = ( GEOMETRIC_REPRESENTATION_CONTEXT(2) 
PARAMETRIC_REPRESENTATION_CONTEXT() REPRESENTATION_CONTEXT('2D SPACE',''
  ) );
#5082 = PCURVE('',#4354,#5083);
#5083 = DEFINITIONAL_REPRESENTATION('',(#5084),#5088);
#5084 = CIRCLE('',#5085,40.);
#5085 = AXIS2_PLACEMENT_2D('',#5086,#5087);
#5086 = CARTESIAN_POINT('',(0.,0.));
#5087 = DIRECTION('',(1.,0.));
#5088 = ( GEOMETRIC_REPRESENTATION_CONTEXT(2) 
PARAMETRIC_REPRESENTATION_CONTEXT() REPRESENTATION_CONTEXT('2D SPACE',''
  ) );
#5089 = ORIENTED_EDGE('',*,*,#5090,.T.);
#5090 = EDGE_CURVE('',#5062,#5091,#5093,.T.);
#5091 = VERTEX_POINT('',#5092);
#5092 = CARTESIAN_POINT('',(-40.,-9.999999999999,359.99999999999));
#5093 = SEAM_CURVE('',#5094,(#5098,#5105),.PCURVE_S1.);
#5094 = LINE('',#5095,#5096);
#5095 = CARTESIAN_POINT('',(-40.,-10.,359.99999999999));
#5096 = VECTOR('',#5097,1.);
#5097 = DIRECTION('',(-4.440892098501E-16,1.,0.));
#5098 = PCURVE('',#5071,#5099);
#5099 = DEFINITIONAL_REPRESENTATION('',(#5100),#5104);
#5100 = LINE('',#5101,#5102);
#5101 = CARTESIAN_POINT('',(3.141592653589,3.552713678801E-15));
#5102 = VECTOR('',#5103,1.);
#5103 = DIRECTION('',(0.,-1.));
#5104 = ( GEOMETRIC_REPRESENTATION_CONTEXT(2) 
PARAMETRIC_REPRESENTATION_CONTEXT() REPRESENTATION_CONTEXT('2D SPACE',''
  ) );
#5105 = PCURVE('',#5071,#5106);
#5106 = DEFINITIONAL_REPRESENTATION('',(#5107),#5111);
#5107 = LINE('',#5108,#5109);
#5108 = CARTESIAN_POINT('',(9.42477796077,3.552713678801E-15));
#5109 = VECTOR('',#5110,1.);
#5110 = DIRECTION('',(0.,-1.));
#5111 = ( GEOMETRIC_REPRESENTATION_CONTEXT(2) 
PARAMETRIC_REPRESENTATION_CONTEXT() REPRESENTATION_CONTEXT('2D SPACE',''
  ) );
#5112 = ORIENTED_EDGE('',*,*,#5113,.T.);
#5113 = EDGE_CURVE('',#5091,#5091,#5114,.T.);
#5114 = SURFACE_CURVE('',#5115,(#5120,#5127),.PCURVE_S1.);
#5115 = CIRCLE('',#5116,40.);
#5116 = AXIS2_PLACEMENT_3D('',#5117,#5118,#5119);
#5117 = CARTESIAN_POINT('',(-1.47090672975E-12,-9.999999999999,
    359.99999999999));
#5118 = DIRECTION('',(3.469446951954E-16,-1.,-3.635457675421E-30));
#5119 = DIRECTION('',(1.,3.469446951954E-16,5.916456789158E-31));
#5120 = PCURVE('',#5071,#5121);
#5121 = DEFINITIONAL_REPRESENTATION('',(#5122),#5126);
#5122 = LINE('',#5123,#5124);
#5123 = CARTESIAN_POINT('',(-4.138911435803E-13,-3.552713678801E-15));
#5124 = VECTOR('',#5125,1.);
#5125 = DIRECTION('',(1.,0.));
#5126 = ( GEOMETRIC_REPRESENTATION_CONTEXT(2) 
PARAMETRIC_REPRESENTATION_CONTEXT() REPRESENTATION_CONTEXT('2D SPACE',''
  ) );
#5127 = PCURVE('',#4322,#5128);
#5128 = DEFINITIONAL_REPRESENTATION('',(#5129),#5133);
#5129 = CIRCLE('',#5130,40.);
#5130 = AXIS2_PLACEMENT_2D('',#5131,#5132);
#5131 = CARTESIAN_POINT('',(0.,0.));
#5132 = DIRECTION('',(1.,0.));
#5133 = ( GEOMETRIC_REPRESENTATION_CONTEXT(2) 
PARAMETRIC_REPRESENTATION_CONTEXT() REPRESENTATION_CONTEXT('2D SPACE',''
  ) );
#5134 = ORIENTED_EDGE('',*,*,#5090,.F.);
#5135 = ADVANCED_FACE('',(#5136,#5139,#5142,#5145,#5148,#5151,#5154,
    #5157,#5160,#5163),#4354,.T.);
#5136 = FACE_BOUND('',#5137,.T.);
#5137 = EDGE_LOOP('',(#5138));
#5138 = ORIENTED_EDGE('',*,*,#5061,.T.);
#5139 = FACE_BOUND('',#5140,.T.);
#5140 = EDGE_LOOP('',(#5141));
#5141 = ORIENTED_EDGE('',*,*,#5032,.T.);
#5142 = FACE_BOUND('',#5143,.T.);
#5143 = EDGE_LOOP('',(#5144));
#5144 = ORIENTED_EDGE('',*,*,#4946,.T.);
#5145 = FACE_BOUND('',#5146,.T.);
#5146 = EDGE_LOOP('',(#5147));
#5147 = ORIENTED_EDGE('',*,*,#4860,.T.);
#5148 = FACE_BOUND('',#5149,.T.);
#5149 = EDGE_LOOP('',(#5150));
#5150 = ORIENTED_EDGE('',*,*,#4774,.T.);
#5151 = FACE_BOUND('',#5152,.T.);
#5152 = EDGE_LOOP('',(#5153));
#5153 = ORIENTED_EDGE('',*,*,#4688,.T.);
#5154 = FACE_BOUND('',#5155,.T.);
#5155 = EDGE_LOOP('',(#5156));
#5156 = ORIENTED_EDGE('',*,*,#4602,.T.);
#5157 = FACE_BOUND('',#5158,.T.);
#5158 = EDGE_LOOP('',(#5159));
#5159 = ORIENTED_EDGE('',*,*,#4516,.T.);
#5160 = FACE_BOUND('',#5161,.T.);
#5161 = EDGE_LOOP('',(#5162));
#5162 = ORIENTED_EDGE('',*,*,#4430,.T.);
#5163 = FACE_BOUND('',#5164,.T.);
#5164 = EDGE_LOOP('',(#5165));
#5165 = ORIENTED_EDGE('',*,*,#4339,.T.);
#5166 = ADVANCED_FACE('',(#5167,#5170,#5173,#5176,#5179,#5182,#5185,
    #5188,#5191,#5194),#4322,.F.);
#5167 = FACE_BOUND('',#5168,.T.);
#5168 = EDGE_LOOP('',(#5169));
#5169 = ORIENTED_EDGE('',*,*,#5113,.F.);
#5170 = FACE_BOUND('',#5171,.T.);
#5171 = EDGE_LOOP('',(#5172));
#5172 = ORIENTED_EDGE('',*,*,#5005,.F.);
#5173 = FACE_BOUND('',#5174,.T.);
#5174 = EDGE_LOOP('',(#5175));
#5175 = ORIENTED_EDGE('',*,*,#4919,.F.);
#5176 = FACE_BOUND('',#5177,.T.);
#5177 = EDGE_LOOP('',(#5178));
#5178 = ORIENTED_EDGE('',*,*,#4833,.F.);
#5179 = FACE_BOUND('',#5180,.T.);
#5180 = EDGE_LOOP('',(#5181));
#5181 = ORIENTED_EDGE('',*,*,#4747,.F.);
#5182 = FACE_BOUND('',#5183,.T.);
#5183 = EDGE_LOOP('',(#5184));
#5184 = ORIENTED_EDGE('',*,*,#4661,.F.);
#5185 = FACE_BOUND('',#5186,.T.);
#5186 = EDGE_LOOP('',(#5187));
#5187 = ORIENTED_EDGE('',*,*,#4575,.F.);
#5188 = FACE_BOUND('',#5189,.T.);
#5189 = EDGE_LOOP('',(#5190));
#5190 = ORIENTED_EDGE('',*,*,#4489,.F.);
#5191 = FACE_BOUND('',#5192,.T.);
#5192 = EDGE_LOOP('',(#5193));
#5193 = ORIENTED_EDGE('',*,*,#4403,.F.);
#5194 = FACE_BOUND('',#5195,.T.);
#5195 = EDGE_LOOP('',(#5196));
#5196 = ORIENTED_EDGE('',*,*,#4307,.F.);
#5197 = ( GEOMETRIC_REPRESENTATION_CONTEXT(3) 
GLOBAL_UNCERTAINTY_ASSIGNED_CONTEXT((#5201)) 
GLOBAL_UNIT_ASSIGNED_CONTEXT((#5198,#5199,#5200)) REPRESENTATION_CONTEXT
('Context #1','3D Context with UNIT and UNCERTAINTY') );
#5198 = ( LENGTH_UNIT() NAMED_UNIT(*) SI_UNIT(.MILLI.,.METRE.) );
#5199 = ( NAMED_UNIT(*) PLANE_ANGLE_UNIT() SI_UNIT($,.RADIAN.) );
#5200 = ( NAMED_UNIT(*) SI_UNIT($,.STERADIAN.) SOLID_ANGLE_UNIT() );
#5201 = UNCERTAINTY_MEASURE_WITH_UNIT(LENGTH_MEASURE(1.E-07),#5198,
  'distance_accuracy_value','confusion accuracy');
#5202 = CONTEXT_DEPENDENT_SHAPE_REPRESENTATION(#5203,#5205);
#5203 = ( REPRESENTATION_RELATIONSHIP('','',#4270,#10) 
REPRESENTATION_RELATIONSHIP_WITH_TRANSFORMATION(#5204) 
SHAPE_REPRESENTATION_RELATIONSHIP() );
#5204 = ITEM_DEFINED_TRANSFORMATION('','',#11,#23);
#5205 = PRODUCT_DEFINITION_SHAPE('Placement','Placement of an item',
  #5206);
#5206 = NEXT_ASSEMBLY_USAGE_OCCURRENCE('147','','',#5,#4265,$);
#5207 = PRODUCT_RELATED_PRODUCT_CATEGORY('part',$,(#4267));
#5208 = SHAPE_DEFINITION_REPRESENTATION(#5209,#5215);
#5209 = PRODUCT_DEFINITION_SHAPE('','',#5210);
#5210 = PRODUCT_DEFINITION('design','',#5211,#5214);
#5211 = PRODUCT_DEFINITION_FORMATION('','',#5212);
#5212 = PRODUCT('Open CASCADE STEP translator 7.9 45.4',
  'Open CASCADE STEP translator 7.9 45.4','',(#5213));
#5213 = PRODUCT_CONTEXT('',#2,'mechanical');
#5214 = PRODUCT_DEFINITION_CONTEXT('part definition',#2,'design');
#5215 = ADVANCED_BREP_SHAPE_REPRESENTATION('',(#11,#5216),#6308);
#5216 = MANIFOLD_SOLID_BREP('',#5217);
#5217 = CLOSED_SHELL('',(#5218,#5634,#5766,#5893,#6041,#6142,#6204,#6211
    ,#6273,#6301));
#5218 = ADVANCED_FACE('',(#5219),#5233,.T.);
#5219 = FACE_BOUND('',#5220,.T.);
#5220 = EDGE_LOOP('',(#5221,#5256,#5361,#5432,#5460,#5531));
#5221 = ORIENTED_EDGE('',*,*,#5222,.T.);
#5222 = EDGE_CURVE('',#5223,#5225,#5227,.T.);
#5223 = VERTEX_POINT('',#5224);
#5224 = CARTESIAN_POINT('',(2.129165025151,10.55,260.15246549285));
#5225 = VERTEX_POINT('',#5226);
#5226 = CARTESIAN_POINT('',(-2.129165025151,10.55,260.15246549285));
#5227 = SURFACE_CURVE('',#5228,(#5232,#5244),.PCURVE_S1.);
#5228 = LINE('',#5229,#5230);
#5229 = CARTESIAN_POINT('',(-12.90504227611,10.55,260.15246549285));
#5230 = VECTOR('',#5231,1.);
#5231 = DIRECTION('',(-1.,3.503246160812E-46,0.));
#5232 = PCURVE('',#5233,#5238);
#5233 = CYLINDRICAL_SURFACE('',#5234,25.);
#5234 = AXIS2_PLACEMENT_3D('',#5235,#5236,#5237);
#5235 = CARTESIAN_POINT('',(-12.90504227611,10.55,285.15246549285));
#5236 = DIRECTION('',(1.,-3.503246160812E-46,0.));
#5237 = DIRECTION('',(2.477169116476E-46,0.707106781187,-0.707106781187)
  );
#5238 = DEFINITIONAL_REPRESENTATION('',(#5239),#5243);
#5239 = LINE('',#5240,#5241);
#5240 = CARTESIAN_POINT('',(5.497787143782,0.));
#5241 = VECTOR('',#5242,1.);
#5242 = DIRECTION('',(0.,-1.));
#5243 = ( GEOMETRIC_REPRESENTATION_CONTEXT(2) 
PARAMETRIC_REPRESENTATION_CONTEXT() REPRESENTATION_CONTEXT('2D SPACE',''
  ) );
#5244 = PCURVE('',#5245,#5250);
#5245 = PLANE('',#5246);
#5246 = AXIS2_PLACEMENT_3D('',#5247,#5248,#5249);
#5247 = CARTESIAN_POINT('',(-25.81008455223,35.55,260.15246549285));
#5248 = DIRECTION('',(0.,0.,-1.));
#5249 = DIRECTION('',(1.,0.,0.));
#5250 = DEFINITIONAL_REPRESENTATION('',(#5251),#5255);
#5251 = LINE('',#5252,#5253);
#5252 = CARTESIAN_POINT('',(12.90504227612,25.));
#5253 = VECTOR('',#5254,1.);
#5254 = DIRECTION('',(-1.,-3.503246160812E-46));
#5255 = ( GEOMETRIC_REPRESENTATION_CONTEXT(2) 
PARAMETRIC_REPRESENTATION_CONTEXT() REPRESENTATION_CONTEXT('2D SPACE',''
  ) );
#5256 = ORIENTED_EDGE('',*,*,#5257,.T.);
#5257 = EDGE_CURVE('',#5225,#5258,#5260,.T.);
#5258 = VERTEX_POINT('',#5259);
#5259 = CARTESIAN_POINT('',(-27.01688170843,35.437716683283,
    282.78570435311));
#5260 = SURFACE_CURVE('',#5261,(#5274,#5303),.PCURVE_S1.);
#5261 = B_SPLINE_CURVE_WITH_KNOTS('',3,(#5262,#5263,#5264,#5265,#5266,
    #5267,#5268,#5269,#5270,#5271,#5272,#5273),.UNSPECIFIED.,.F.,.F.,(4,
    2,2,2,2,4),(-4.503675593496,-4.500626962913,-2.784284566518,
    -1.587923947982,-0.717752848789,0.),.UNSPECIFIED.);
#5262 = CARTESIAN_POINT('',(-2.129165025151,10.55,260.15246549285));
#5263 = CARTESIAN_POINT('',(-2.136439957584,10.557274932433,
    260.15246549285));
#5264 = CARTESIAN_POINT('',(-2.143714890493,10.56454986524,
    260.15246866833));
#5265 = CARTESIAN_POINT('',(-6.246688604028,14.667523593163,
    260.15605053233));
#5266 = CARTESIAN_POINT('',(-10.40509915911,18.825934133958,
    261.16616685738));
#5267 = CARTESIAN_POINT('',(-16.85370217277,25.274537147624,
    264.72359835911));
#5268 = CARTESIAN_POINT('',(-19.38041208473,27.801247059585,
    266.74452022122));
#5269 = CARTESIAN_POINT('',(-23.07170232468,31.492537299529,
    271.27904448516));
#5270 = CARTESIAN_POINT('',(-24.42331794523,32.844152919655,
    273.51552425276));
#5271 = CARTESIAN_POINT('',(-26.23504483571,34.655879810167,
    278.15434672342));
#5272 = CARTESIAN_POINT('',(-26.79138999831,35.212224973165,
    280.41454247217));
#5273 = CARTESIAN_POINT('',(-27.01688170843,35.437716683283,
    282.78570435311));
#5274 = PCURVE('',#5233,#5275);
#5275 = DEFINITIONAL_REPRESENTATION('',(#5276),#5302);
#5276 = B_SPLINE_CURVE_WITH_KNOTS('',3,(#5277,#5278,#5279,#5280,#5281,
    #5282,#5283,#5284,#5285,#5286,#5287,#5288,#5289,#5290,#5291,#5292,
    #5293,#5294,#5295,#5296,#5297,#5298,#5299,#5300,#5301),
  .UNSPECIFIED.,.F.,.F.,(4,1,1,1,1,1,1,1,1,1,1,1,1,1,1,1,1,1,1,1,1,1,4),
  (-4.503675593496,-4.298963066519,-4.094250539542,-3.889538012564,
    -3.684825485587,-3.48011295861,-3.275400431633,-3.070687904656,
    -2.865975377679,-2.661262850702,-2.456550323725,-2.251837796748,
    -2.047125269771,-1.842412742794,-1.637700215817,-1.43298768884,
    -1.228275161862,-1.023562634885,-0.818850107908,-0.614137580931,
    -0.409425053954,-0.204712526977,0.),.UNSPECIFIED.);
#5277 = CARTESIAN_POINT('',(5.497787143782,10.775877250967));
#5278 = CARTESIAN_POINT('',(5.517326693302,10.287399194691));
#5279 = CARTESIAN_POINT('',(5.556476420797,9.308637915574));
#5280 = CARTESIAN_POINT('',(5.61545019647,7.839368182289));
#5281 = CARTESIAN_POINT('',(5.674708094708,6.373257913172));
#5282 = CARTESIAN_POINT('',(5.734293316879,4.914595809085));
#5283 = CARTESIAN_POINT('',(5.79425638255,3.467668884086));
#5284 = CARTESIAN_POINT('',(5.854656886118,2.036769477365));
#5285 = CARTESIAN_POINT('',(5.9155647253,0.626170314384));
#5286 = CARTESIAN_POINT('',(5.977059335338,-0.759782749609));
#5287 = CARTESIAN_POINT('',(6.039235724871,-2.117016764787));
#5288 = CARTESIAN_POINT('',(6.10262385587,-3.449559489483));
#5289 = CARTESIAN_POINT('',(6.167147059704,-4.747366820488));
#5290 = CARTESIAN_POINT('',(6.232869977182,-6.002913434602));
#5291 = CARTESIAN_POINT('',(6.299863045568,-7.208050821433));
#5292 = CARTESIAN_POINT('',(6.368226200851,-8.35460443935));
#5293 = CARTESIAN_POINT('',(6.438140183372,-9.435127058869));
#5294 = CARTESIAN_POINT('',(6.509739905755,-10.43947760676));
#5295 = CARTESIAN_POINT('',(6.583037057109,-11.35503080865));
#5296 = CARTESIAN_POINT('',(6.658101745098,-12.1695265252));
#5297 = CARTESIAN_POINT('',(6.735205548502,-12.87146363749));
#5298 = CARTESIAN_POINT('',(6.813365696179,-13.43936651333));
#5299 = CARTESIAN_POINT('',(6.89276314871,-13.86508599988));
#5300 = CARTESIAN_POINT('',(6.946601733545,-14.04752623889));
#5301 = CARTESIAN_POINT('',(6.973771037715,-14.11183943231));
#5302 = ( GEOMETRIC_REPRESENTATION_CONTEXT(2) 
PARAMETRIC_REPRESENTATION_CONTEXT() REPRESENTATION_CONTEXT('2D SPACE',''
  ) );
#5303 = PCURVE('',#5304,#5333);
#5304 = B_SPLINE_SURFACE_WITH_KNOTS('',3,3,(
    (#5305,#5306,#5307,#5308)
    ,(#5309,#5310,#5311,#5312)
    ,(#5313,#5314,#5315,#5316)
    ,(#5317,#5318,#5319,#5320)
    ,(#5321,#5322,#5323,#5324)
    ,(#5325,#5326,#5327,#5328)
    ,(#5329,#5330,#5331,#5332
    )),.UNSPECIFIED.,.F.,.F.,.F.,(4,1,1,1,4),(4,4),(0.,0.285714285714,
    0.571428571429,0.857142857143,1.),(1.122833167163E-02,5.538771668328
    ),.UNSPECIFIED.);
#5305 = CARTESIAN_POINT('',(-2.129165025151,35.437716683283,
    260.15246549285));
#5306 = CARTESIAN_POINT('',(-2.129165025151,17.012572227761,
    260.15246549285));
#5307 = CARTESIAN_POINT('',(-2.129165025151,-1.412572227762,
    260.15246549285));
#5308 = CARTESIAN_POINT('',(-2.129165025151,-19.83771668328,
    260.15246549285));
#5309 = CARTESIAN_POINT('',(-5.643412391657,35.437716683283,
    260.15246549285));
#5310 = CARTESIAN_POINT('',(-5.643412391657,17.012572227761,
    260.15246549285));
#5311 = CARTESIAN_POINT('',(-5.643412391657,-1.412572227762,
    260.15246549285));
#5312 = CARTESIAN_POINT('',(-5.643412391657,-19.83771668328,
    260.15246549285));
#5313 = CARTESIAN_POINT('',(-12.66980169694,35.437716683283,
    261.65748226582));
#5314 = CARTESIAN_POINT('',(-12.66980169694,17.012572227761,
    261.65748226582));
#5315 = CARTESIAN_POINT('',(-12.66980169694,-1.412572227762,
    261.65748226582));
#5316 = CARTESIAN_POINT('',(-12.66980169694,-19.83771668328,
    261.65748226582));
#5317 = CARTESIAN_POINT('',(-21.36571869429,35.437716683283,
    268.02924280754));
#5318 = CARTESIAN_POINT('',(-21.36571869429,17.012572227761,
    268.02924280754));
#5319 = CARTESIAN_POINT('',(-21.36571869429,-1.412572227762,
    268.02924280754));
#5320 = CARTESIAN_POINT('',(-21.36571869429,-19.83771668328,
    268.02924280754));
#5321 = CARTESIAN_POINT('',(-25.80044996975,35.437716683283,
    275.84041335559));
#5322 = CARTESIAN_POINT('',(-25.80044996975,17.012572227761,
    275.84041335559));
#5323 = CARTESIAN_POINT('',(-25.80044996975,-1.412572227762,
    275.84041335559));
#5324 = CARTESIAN_POINT('',(-25.80044996975,-19.83771668328,
    275.84041335559));
#5325 = CARTESIAN_POINT('',(-26.85053402638,35.437716683283,
    281.03647249686));
#5326 = CARTESIAN_POINT('',(-26.85053402638,17.012572227761,
    281.03647249686));
#5327 = CARTESIAN_POINT('',(-26.85053402638,-1.412572227762,
    281.03647249686));
#5328 = CARTESIAN_POINT('',(-26.85053402638,-19.83771668328,
    281.03647249686));
#5329 = CARTESIAN_POINT('',(-27.01688170843,35.437716683283,
    282.78570435311));
#5330 = CARTESIAN_POINT('',(-27.01688170843,17.012572227761,
    282.78570435311));
#5331 = CARTESIAN_POINT('',(-27.01688170843,-1.412572227762,
    282.78570435311));
#5332 = CARTESIAN_POINT('',(-27.01688170843,-19.83771668328,
    282.78570435311));
#5333 = DEFINITIONAL_REPRESENTATION('',(#5334),#5360);
#5334 = B_SPLINE_CURVE_WITH_KNOTS('',3,(#5335,#5336,#5337,#5338,#5339,
    #5340,#5341,#5342,#5343,#5344,#5345,#5346,#5347,#5348,#5349,#5350,
    #5351,#5352,#5353,#5354,#5355,#5356,#5357,#5358,#5359),
  .UNSPECIFIED.,.F.,.F.,(4,1,1,1,1,1,1,1,1,1,1,1,1,1,1,1,1,1,1,1,1,1,4),
  (-4.503675593496,-4.298963066519,-4.094250539542,-3.889538012564,
    -3.684825485587,-3.48011295861,-3.275400431633,-3.070687904656,
    -2.865975377679,-2.661262850702,-2.456550323725,-2.251837796748,
    -2.047125269771,-1.842412742794,-1.637700215817,-1.43298768884,
    -1.228275161862,-1.023562634885,-0.818850107908,-0.614137580931,
    -0.409425053954,-0.204712526977,0.),.UNSPECIFIED.);
#5335 = CARTESIAN_POINT('',(0.,2.5));
#5336 = CARTESIAN_POINT('',(1.323871150835E-02,2.451152194209));
#5337 = CARTESIAN_POINT('',(3.976355983264E-02,2.353276066043));
#5338 = CARTESIAN_POINT('',(7.971758196916E-02,2.206349092517));
#5339 = CARTESIAN_POINT('',(0.119859814274,2.059738065571));
#5340 = CARTESIAN_POINT('',(0.160222263497,1.91387185524));
#5341 = CARTESIAN_POINT('',(0.200842799642,1.769179162889));
#5342 = CARTESIAN_POINT('',(0.241764853143,1.626089222392));
#5343 = CARTESIAN_POINT('',(0.28303628169,1.485029306252));
#5344 = CARTESIAN_POINT('',(0.324704924471,1.346433999952));
#5345 = CARTESIAN_POINT('',(0.366828909557,1.210710598422));
#5346 = CARTESIAN_POINT('',(0.409767952803,1.077456325956));
#5347 = CARTESIAN_POINT('',(0.453474441538,0.947675592854));
#5348 = CARTESIAN_POINT('',(0.4979982621,0.822120931443));
#5349 = CARTESIAN_POINT('',(0.543391761461,0.70160719276));
#5350 = CARTESIAN_POINT('',(0.58972195128,0.586951830968));
#5351 = CARTESIAN_POINT('',(0.637099373813,0.478899569018));
#5352 = CARTESIAN_POINT('',(0.685609620565,0.378464514242));
#5353 = CARTESIAN_POINT('',(0.735263960959,0.286909194069));
#5354 = CARTESIAN_POINT('',(0.786117263739,0.205459622425));
#5355 = CARTESIAN_POINT('',(0.838360550247,0.135265911194));
#5356 = CARTESIAN_POINT('',(0.891324205832,7.847562359418E-02));
#5357 = CARTESIAN_POINT('',(0.945117708449,3.590367492098E-02));
#5358 = CARTESIAN_POINT('',(0.981593122718,1.765965101345E-02));
#5359 = CARTESIAN_POINT('',(1.,1.122833167163E-02));
#5360 = ( GEOMETRIC_REPRESENTATION_CONTEXT(2) 
PARAMETRIC_REPRESENTATION_CONTEXT() REPRESENTATION_CONTEXT('2D SPACE',''
  ) );
#5361 = ORIENTED_EDGE('',*,*,#5362,.T.);
#5362 = EDGE_CURVE('',#5258,#5363,#5365,.T.);
#5363 = VERTEX_POINT('',#5364);
#5364 = CARTESIAN_POINT('',(-27.25056887408,35.55,285.15246549285));
#5365 = SURFACE_CURVE('',#5366,(#5374,#5380),.PCURVE_S1.);
#5366 = B_SPLINE_CURVE_WITH_KNOTS('',3,(#5367,#5368,#5369,#5370,#5371,
    #5372,#5373),.UNSPECIFIED.,.F.,.F.,(4,3,4),(-0.238500464957,
    -4.99228831857E-02,0.),.UNSPECIFIED.);
#5367 = CARTESIAN_POINT('',(-27.01688170843,35.437716683283,
    282.78570435314));
#5368 = CARTESIAN_POINT('',(-27.07598947199,35.496824374895,
    283.40725303771));
#5369 = CARTESIAN_POINT('',(-27.13713233768,35.532658242873,
    284.03113861807));
#5370 = CARTESIAN_POINT('',(-27.20014004115,35.545069931271,
    284.65601022997));
#5371 = CARTESIAN_POINT('',(-27.21682031773,35.548355726243,
    284.82143494374));
#5372 = CARTESIAN_POINT('',(-27.2336311099,35.55,284.98692854265));
#5373 = CARTESIAN_POINT('',(-27.25056887408,35.55,285.15246549287));
#5374 = PCURVE('',#5233,#5375);
#5375 = DEFINITIONAL_REPRESENTATION('',(#5376),#5379);
#5376 = B_SPLINE_CURVE_WITH_KNOTS('',1,(#5377,#5378),.UNSPECIFIED.,.F.,
  .F.,(2,2),(-0.238500464957,0.),.PIECEWISE_BEZIER_KNOTS.);
#5377 = CARTESIAN_POINT('',(6.973771037716,-14.11183943232));
#5378 = CARTESIAN_POINT('',(7.068583470578,-14.34552659796));
#5379 = ( GEOMETRIC_REPRESENTATION_CONTEXT(2) 
PARAMETRIC_REPRESENTATION_CONTEXT() REPRESENTATION_CONTEXT('2D SPACE',''
  ) );
#5380 = PCURVE('',#5381,#5404);
#5381 = B_SPLINE_SURFACE_WITH_KNOTS('',5,1,(
    (#5382,#5383)
    ,(#5384,#5385)
    ,(#5386,#5387)
    ,(#5388,#5389)
    ,(#5390,#5391)
    ,(#5392,#5393)
    ,(#5394,#5395)
    ,(#5396,#5397)
    ,(#5398,#5399)
    ,(#5400,#5401)
    ,(#5402,#5403
    )),.UNSPECIFIED.,.F.,.F.,.F.,(6,1,1,1,1,1,6),(2,2),(0.,0.1,0.2,0.3,
    0.4,0.5,0.515065167601),(0.,5.55),.UNSPECIFIED.);
#5382 = CARTESIAN_POINT('',(-37.60483399093,35.55,346.36634823262));
#5383 = CARTESIAN_POINT('',(-37.60483399093,-19.95,346.36634823262));
#5384 = CARTESIAN_POINT('',(-36.76500247899,35.55,342.55156685495));
#5385 = CARTESIAN_POINT('',(-36.76500247899,-19.95,342.55156685495));
#5386 = CARTESIAN_POINT('',(-35.1523536999,35.55,335.00398034611));
#5387 = CARTESIAN_POINT('',(-35.1523536999,-19.95,335.00398034611));
#5388 = CARTESIAN_POINT('',(-32.93441697481,35.55,323.92852162694));
#5389 = CARTESIAN_POINT('',(-32.93441697481,-19.95,323.92852162694));
#5390 = CARTESIAN_POINT('',(-30.3859092155,35.55,309.66124255241));
#5391 = CARTESIAN_POINT('',(-30.3859092155,-19.95,309.66124255241));
#5392 = CARTESIAN_POINT('',(-27.93351166502,35.55,292.72408777542));
#5393 = CARTESIAN_POINT('',(-27.93351166502,-19.95,292.72408777542));
#5394 = CARTESIAN_POINT('',(-26.57496062384,35.55,279.49250916465));
#5395 = CARTESIAN_POINT('',(-26.57496062384,-19.95,279.49250916465));
#5396 = CARTESIAN_POINT('',(-25.99857183022,35.55,270.00516708153));
#5397 = CARTESIAN_POINT('',(-25.99857183022,-19.95,270.00516708153));
#5398 = CARTESIAN_POINT('',(-25.83309830333,35.55,263.80792772089));
#5399 = CARTESIAN_POINT('',(-25.83309830333,-19.95,263.80792772089));
#5400 = CARTESIAN_POINT('',(-25.81172724904,35.55,260.57440806631));
#5401 = CARTESIAN_POINT('',(-25.81172724904,-19.95,260.57440806631));
#5402 = CARTESIAN_POINT('',(-25.81008455223,35.55,260.15246549287));
#5403 = CARTESIAN_POINT('',(-25.81008455223,-19.95,260.15246549287));
#5404 = DEFINITIONAL_REPRESENTATION('',(#5405),#5431);
#5405 = B_SPLINE_CURVE_WITH_KNOTS('',3,(#5406,#5407,#5408,#5409,#5410,
    #5411,#5412,#5413,#5414,#5415,#5416,#5417,#5418,#5419,#5420,#5421,
    #5422,#5423,#5424,#5425,#5426,#5427,#5428,#5429,#5430),
  .UNSPECIFIED.,.F.,.F.,(4,1,1,1,1,1,1,1,1,1,1,1,1,1,1,1,1,1,1,1,1,1,4),
  (-0.238500464957,-0.227659534732,-0.216818604506,-0.205977674281,
    -0.195136744056,-0.18429581383,-0.173454883605,-0.16261395338,
    -0.151773023154,-0.140932092929,-0.130091162704,-0.119250232478,
    -0.108409302253,-9.756837202783E-02,-8.672744180252E-02,
    -7.58865115772E-02,-6.504558135189E-02,-5.420465112657E-02,
    -4.336372090126E-02,-3.252279067594E-02,-2.168186045063E-02,
    -1.084093022531E-02,0.),.UNSPECIFIED.);
#5406 = CARTESIAN_POINT('',(0.363262982189,1.122833167162E-02));
#5407 = CARTESIAN_POINT('',(0.363036431295,1.088853393186E-02));
#5408 = CARTESIAN_POINT('',(0.362583336597,1.022432179482E-02));
#5409 = CARTESIAN_POINT('',(0.361903725292,9.274170528304E-03));
#5410 = CARTESIAN_POINT('',(0.361224154212,8.370203112469E-03));
#5411 = CARTESIAN_POINT('',(0.360544632813,7.512436458952E-03));
#5412 = CARTESIAN_POINT('',(0.359865170533,6.700887479399E-03));
#5413 = CARTESIAN_POINT('',(0.359185776795,5.935573085437E-03));
#5414 = CARTESIAN_POINT('',(0.358506460999,5.216510188711E-03));
#5415 = CARTESIAN_POINT('',(0.357827232532,4.543715700857E-03));
#5416 = CARTESIAN_POINT('',(0.357148100758,3.917206533511E-03));
#5417 = CARTESIAN_POINT('',(0.356469075028,3.336999598311E-03));
#5418 = CARTESIAN_POINT('',(0.35579016467,2.803111806895E-03));
#5419 = CARTESIAN_POINT('',(0.355111378997,2.3155600709E-03));
#5420 = CARTESIAN_POINT('',(0.354432727305,1.874361301966E-03));
#5421 = CARTESIAN_POINT('',(0.353754218869,1.479532411727E-03));
#5422 = CARTESIAN_POINT('',(0.35307586295,1.131090311825E-03));
#5423 = CARTESIAN_POINT('',(0.352397668787,8.290519138951E-04));
#5424 = CARTESIAN_POINT('',(0.351719645612,5.734341295722E-04));
#5425 = CARTESIAN_POINT('',(0.351041802604,3.642538704976E-04));
#5426 = CARTESIAN_POINT('',(0.350364149559,2.015280483096E-04));
#5427 = CARTESIAN_POINT('',(0.349686695782,8.527357464281E-05));
#5428 = CARTESIAN_POINT('',(0.349009450638,1.550736113759E-05));
#5429 = CARTESIAN_POINT('',(0.34855809918,-2.092147357813E-15));
#5430 = CARTESIAN_POINT('',(0.348332461333,0.));
#5431 = ( GEOMETRIC_REPRESENTATION_CONTEXT(2) 
PARAMETRIC_REPRESENTATION_CONTEXT() REPRESENTATION_CONTEXT('2D SPACE',''
  ) );
#5432 = ORIENTED_EDGE('',*,*,#5433,.T.);
#5433 = EDGE_CURVE('',#5363,#5434,#5436,.T.);
#5434 = VERTEX_POINT('',#5435);
#5435 = CARTESIAN_POINT('',(27.250568874085,35.55,285.15246549285));
#5436 = SURFACE_CURVE('',#5437,(#5441,#5448),.PCURVE_S1.);
#5437 = LINE('',#5438,#5439);
#5438 = CARTESIAN_POINT('',(-12.90504227611,35.55,285.15246549285));
#5439 = VECTOR('',#5440,1.);
#5440 = DIRECTION('',(1.,-3.503246160812E-46,0.));
#5441 = PCURVE('',#5233,#5442);
#5442 = DEFINITIONAL_REPRESENTATION('',(#5443),#5447);
#5443 = LINE('',#5444,#5445);
#5444 = CARTESIAN_POINT('',(7.068583470577,0.));
#5445 = VECTOR('',#5446,1.);
#5446 = DIRECTION('',(0.,1.));
#5447 = ( GEOMETRIC_REPRESENTATION_CONTEXT(2) 
PARAMETRIC_REPRESENTATION_CONTEXT() REPRESENTATION_CONTEXT('2D SPACE',''
  ) );
#5448 = PCURVE('',#5449,#5454);
#5449 = PLANE('',#5450);
#5450 = AXIS2_PLACEMENT_3D('',#5451,#5452,#5453);
#5451 = CARTESIAN_POINT('',(-4.689582056017E-12,35.55,303.25940686274));
#5452 = DIRECTION('',(3.503246160812E-46,1.,1.751623080406E-46));
#5453 = DIRECTION('',(-1.,3.503246160812E-46,0.));
#5454 = DEFINITIONAL_REPRESENTATION('',(#5455),#5459);
#5455 = LINE('',#5456,#5457);
#5456 = CARTESIAN_POINT('',(12.905042276105,-18.10694136989));
#5457 = VECTOR('',#5458,1.);
#5458 = DIRECTION('',(-1.,0.));
#5459 = ( GEOMETRIC_REPRESENTATION_CONTEXT(2) 
PARAMETRIC_REPRESENTATION_CONTEXT() REPRESENTATION_CONTEXT('2D SPACE',''
  ) );
#5460 = ORIENTED_EDGE('',*,*,#5461,.T.);
#5461 = EDGE_CURVE('',#5434,#5462,#5464,.T.);
#5462 = VERTEX_POINT('',#5463);
#5463 = CARTESIAN_POINT('',(27.016881708435,35.437716683283,
    282.78570435311));
#5464 = SURFACE_CURVE('',#5465,(#5473,#5479),.PCURVE_S1.);
#5465 = B_SPLINE_CURVE_WITH_KNOTS('',3,(#5466,#5467,#5468,#5469,#5470,
    #5471,#5472),.UNSPECIFIED.,.F.,.F.,(4,3,4),(-15.79557622255,
    -15.6064196196,-15.55714380278),.UNSPECIFIED.);
#5466 = CARTESIAN_POINT('',(27.250568874083,35.55,285.15246549282));
#5467 = CARTESIAN_POINT('',(27.18639067498,35.549999999999,
    284.52523611139));
#5468 = CARTESIAN_POINT('',(27.12402503033,35.526394262044,
    283.89850604346));
#5469 = CARTESIAN_POINT('',(27.063653883364,35.479300538885,
    283.27363990655));
#5470 = CARTESIAN_POINT('',(27.047927033057,35.467032494103,
    283.11086055431));
#5471 = CARTESIAN_POINT('',(27.032335359301,35.453170515018,
    282.94820747943));
#5472 = CARTESIAN_POINT('',(27.016881708436,35.437716683283,
    282.78570435312));
#5473 = PCURVE('',#5233,#5474);
#5474 = DEFINITIONAL_REPRESENTATION('',(#5475),#5478);
#5475 = B_SPLINE_CURVE_WITH_KNOTS('',1,(#5476,#5477),.UNSPECIFIED.,.F.,
  .F.,(2,2),(-15.79557622255,-15.55714380278),.PIECEWISE_BEZIER_KNOTS.);
#5476 = CARTESIAN_POINT('',(7.068583470576,40.155611150201));
#5477 = CARTESIAN_POINT('',(6.973771037715,39.921923984554));
#5478 = ( GEOMETRIC_REPRESENTATION_CONTEXT(2) 
PARAMETRIC_REPRESENTATION_CONTEXT() REPRESENTATION_CONTEXT('2D SPACE',''
  ) );
#5479 = PCURVE('',#5480,#5503);
#5480 = B_SPLINE_SURFACE_WITH_KNOTS('',5,1,(
    (#5481,#5482)
    ,(#5483,#5484)
    ,(#5485,#5486)
    ,(#5487,#5488)
    ,(#5489,#5490)
    ,(#5491,#5492)
    ,(#5493,#5494)
    ,(#5495,#5496)
    ,(#5497,#5498)
    ,(#5499,#5500)
    ,(#5501,#5502
    )),.UNSPECIFIED.,.F.,.F.,.F.,(6,1,1,1,1,1,6),(2,2),(-0.515065167601,
    -0.5,-0.4,-0.3,-0.2,-0.1,0.),(0.,5.55),.UNSPECIFIED.);
#5481 = CARTESIAN_POINT('',(25.810084552232,35.55,260.15246549287));
#5482 = CARTESIAN_POINT('',(25.810084552232,-19.95,260.15246549287));
#5483 = CARTESIAN_POINT('',(25.811727249048,35.55,260.57440806631));
#5484 = CARTESIAN_POINT('',(25.811727249048,-19.95,260.57440806631));
#5485 = CARTESIAN_POINT('',(25.83309830333,35.55,263.80792772089));
#5486 = CARTESIAN_POINT('',(25.83309830333,-19.95,263.80792772089));
#5487 = CARTESIAN_POINT('',(25.998571830224,35.55,270.00516708153));
#5488 = CARTESIAN_POINT('',(25.998571830224,-19.95,270.00516708153));
#5489 = CARTESIAN_POINT('',(26.574960623845,35.55,279.49250916465));
#5490 = CARTESIAN_POINT('',(26.574960623845,-19.95,279.49250916465));
#5491 = CARTESIAN_POINT('',(27.933511665029,35.55,292.72408777542));
#5492 = CARTESIAN_POINT('',(27.933511665029,-19.95,292.72408777542));
#5493 = CARTESIAN_POINT('',(30.385909215504,35.55,309.66124255241));
#5494 = CARTESIAN_POINT('',(30.385909215504,-19.95,309.66124255241));
#5495 = CARTESIAN_POINT('',(32.934416974815,35.55,323.92852162694));
#5496 = CARTESIAN_POINT('',(32.934416974815,-19.95,323.92852162694));
#5497 = CARTESIAN_POINT('',(35.152353699902,35.55,335.00398034611));
#5498 = CARTESIAN_POINT('',(35.152353699902,-19.95,335.00398034611));
#5499 = CARTESIAN_POINT('',(36.765002478991,35.55,342.55156685495));
#5500 = CARTESIAN_POINT('',(36.765002478991,-19.95,342.55156685495));
#5501 = CARTESIAN_POINT('',(37.604833990935,35.55,346.36634823262));
#5502 = CARTESIAN_POINT('',(37.604833990935,-19.95,346.36634823262));
#5503 = DEFINITIONAL_REPRESENTATION('',(#5504),#5530);
#5504 = B_SPLINE_CURVE_WITH_KNOTS('',3,(#5505,#5506,#5507,#5508,#5509,
    #5510,#5511,#5512,#5513,#5514,#5515,#5516,#5517,#5518,#5519,#5520,
    #5521,#5522,#5523,#5524,#5525,#5526,#5527,#5528,#5529),
  .UNSPECIFIED.,.F.,.F.,(4,1,1,1,1,1,1,1,1,1,1,1,1,1,1,1,1,1,1,1,1,1,4),
  (-15.79557622255,-15.78473838529,-15.77390054803,-15.76306271076,
    -15.7522248735,-15.74138703624,-15.73054919898,-15.71971136172,
    -15.70887352445,-15.69803568719,-15.68719784993,-15.67636001267,
    -15.66552217541,-15.65468433814,-15.64384650088,-15.63300866362,
    -15.62217082636,-15.61133298909,-15.60049515183,-15.58965731457,
    -15.57881947731,-15.56798164005,-15.55714380278),.UNSPECIFIED.);
#5505 = CARTESIAN_POINT('',(-0.348332461333,0.));
#5506 = CARTESIAN_POINT('',(-0.34855803979,3.868504929888E-15));
#5507 = CARTESIAN_POINT('',(-0.34900927749,1.54985053229E-05));
#5508 = CARTESIAN_POINT('',(-0.349686367276,8.522849043942E-05));
#5509 = CARTESIAN_POINT('',(-0.35036368118,2.014274138997E-04));
#5510 = CARTESIAN_POINT('',(-0.351041210061,3.640819869036E-04));
#5511 = CARTESIAN_POINT('',(-0.351718944763,5.731789206558E-04));
#5512 = CARTESIAN_POINT('',(-0.352396876113,8.287049263609E-04));
#5513 = CARTESIAN_POINT('',(-0.35307499492,1.130646715218E-03));
#5514 = CARTESIAN_POINT('',(-0.353753291975,1.478990998432E-03));
#5515 = CARTESIAN_POINT('',(-0.354431758054,1.873724487208E-03));
#5516 = CARTESIAN_POINT('',(-0.355110383912,2.314833892744E-03));
#5517 = CARTESIAN_POINT('',(-0.355789160291,2.802305926248E-03));
#5518 = CARTESIAN_POINT('',(-0.35646807791,3.33612729892E-03));
#5519 = CARTESIAN_POINT('',(-0.357147127476,3.916284721963E-03));
#5520 = CARTESIAN_POINT('',(-0.357826299673,4.542764906583E-03));
#5521 = CARTESIAN_POINT('',(-0.358505585172,5.215554563979E-03));
#5522 = CARTESIAN_POINT('',(-0.35918497462,5.934640405354E-03));
#5523 = CARTESIAN_POINT('',(-0.359864458663,6.700009141917E-03));
#5524 = CARTESIAN_POINT('',(-0.360544027864,7.511647484861E-03));
#5525 = CARTESIAN_POINT('',(-0.36122367342,8.36954214539E-03));
#5526 = CARTESIAN_POINT('',(-0.361903386061,9.273679834717E-03));
#5527 = CARTESIAN_POINT('',(-0.362583156555,1.022404726404E-02));
#5528 = CARTESIAN_POINT('',(-0.363036369275,1.088843651771E-02));
#5529 = CARTESIAN_POINT('',(-0.363262982189,1.122833167162E-02));
#5530 = ( GEOMETRIC_REPRESENTATION_CONTEXT(2) 
PARAMETRIC_REPRESENTATION_CONTEXT() REPRESENTATION_CONTEXT('2D SPACE',''
  ) );
#5531 = ORIENTED_EDGE('',*,*,#5532,.F.);
#5532 = EDGE_CURVE('',#5223,#5462,#5533,.T.);
#5533 = SURFACE_CURVE('',#5534,(#5547,#5576),.PCURVE_S1.);
#5534 = B_SPLINE_CURVE_WITH_KNOTS('',3,(#5535,#5536,#5537,#5538,#5539,
    #5540,#5541,#5542,#5543,#5544,#5545,#5546),.UNSPECIFIED.,.F.,.F.,(4,
    2,2,2,2,4),(-3.086492441616E-03,0.,1.737658163748,2.94887674108,
    3.82985475429,4.556521589453),.UNSPECIFIED.);
#5535 = CARTESIAN_POINT('',(2.129165025151,10.55,260.15246549285));
#5536 = CARTESIAN_POINT('',(2.136439957603,10.557274932452,
    260.15246549285));
#5537 = CARTESIAN_POINT('',(2.143714890418,10.564549865273,
    260.15246866833));
#5538 = CARTESIAN_POINT('',(6.246688611493,14.667523585436,
    260.15605053233));
#5539 = CARTESIAN_POINT('',(10.405099159091,18.82593413394,
    261.16616685736));
#5540 = CARTESIAN_POINT('',(16.853702172776,25.274537147624,
    264.72359835911));
#5541 = CARTESIAN_POINT('',(19.380412084737,27.801247059585,
    266.74452022122));
#5542 = CARTESIAN_POINT('',(23.07170232468,31.492537299528,
    271.27904448516));
#5543 = CARTESIAN_POINT('',(24.423317945234,32.844152919655,
    273.51552425276));
#5544 = CARTESIAN_POINT('',(26.235044835715,34.655879810167,
    278.15434672342));
#5545 = CARTESIAN_POINT('',(26.791389998317,35.212224973165,
    280.41454247217));
#5546 = CARTESIAN_POINT('',(27.016881708435,35.437716683283,
    282.78570435311));
#5547 = PCURVE('',#5233,#5548);
#5548 = DEFINITIONAL_REPRESENTATION('',(#5549),#5575);
#5549 = B_SPLINE_CURVE_WITH_KNOTS('',3,(#5550,#5551,#5552,#5553,#5554,
    #5555,#5556,#5557,#5558,#5559,#5560,#5561,#5562,#5563,#5564,#5565,
    #5566,#5567,#5568,#5569,#5570,#5571,#5572,#5573,#5574),
  .UNSPECIFIED.,.F.,.F.,(4,1,1,1,1,1,1,1,1,1,1,1,1,1,1,1,1,1,1,1,1,1,4),
  (-3.086492441616E-03,0.204168420372,0.411423333185,0.618678245999,
    0.825933158812,1.033188071625,1.240442984439,1.447697897252,
    1.654952810066,1.862207722879,2.069462635692,2.276717548506,
    2.483972461319,2.691227374133,2.898482286946,3.105737199759,
    3.312992112573,3.520247025386,3.7275019382,3.934756851013,
    4.142011763826,4.34926667664,4.556521589453),.UNSPECIFIED.);
#5550 = CARTESIAN_POINT('',(5.497787143782,15.03420730127));
#5551 = CARTESIAN_POINT('',(5.517326693265,15.522685358361));
#5552 = CARTESIAN_POINT('',(5.556476420704,16.501446638773));
#5553 = CARTESIAN_POINT('',(5.615450196335,17.970716373098));
#5554 = CARTESIAN_POINT('',(5.674708094567,19.43682664239));
#5555 = CARTESIAN_POINT('',(5.734293316756,20.895488746066));
#5556 = CARTESIAN_POINT('',(5.794256382459,22.342415670285));
#5557 = CARTESIAN_POINT('',(5.854656886065,23.773315076089));
#5558 = CARTESIAN_POINT('',(5.915564725279,25.183914238246));
#5559 = CARTESIAN_POINT('',(5.977059335337,26.569867301727));
#5560 = CARTESIAN_POINT('',(6.039235724868,27.927101316972));
#5561 = CARTESIAN_POINT('',(6.102623855867,29.259644041658));
#5562 = CARTESIAN_POINT('',(6.167147059702,30.557451372673));
#5563 = CARTESIAN_POINT('',(6.23286997718,31.812997986793));
#5564 = CARTESIAN_POINT('',(6.299863045566,33.018135373631));
#5565 = CARTESIAN_POINT('',(6.368226200849,34.164688991554));
#5566 = CARTESIAN_POINT('',(6.43814018337,35.245211611079));
#5567 = CARTESIAN_POINT('',(6.509739905754,36.249562158984));
#5568 = CARTESIAN_POINT('',(6.583037057108,37.165115360875));
#5569 = CARTESIAN_POINT('',(6.658101745097,37.979611077433));
#5570 = CARTESIAN_POINT('',(6.735205548501,38.681548189728));
#5571 = CARTESIAN_POINT('',(6.813365696179,39.24945106557));
#5572 = CARTESIAN_POINT('',(6.892763148709,39.675170552124));
#5573 = CARTESIAN_POINT('',(6.946601733545,39.857610791135));
#5574 = CARTESIAN_POINT('',(6.973771037715,39.921923984554));
#5575 = ( GEOMETRIC_REPRESENTATION_CONTEXT(2) 
PARAMETRIC_REPRESENTATION_CONTEXT() REPRESENTATION_CONTEXT('2D SPACE',''
  ) );
#5576 = PCURVE('',#5577,#5606);
#5577 = B_SPLINE_SURFACE_WITH_KNOTS('',3,3,(
    (#5578,#5579,#5580,#5581)
    ,(#5582,#5583,#5584,#5585)
    ,(#5586,#5587,#5588,#5589)
    ,(#5590,#5591,#5592,#5593)
    ,(#5594,#5595,#5596,#5597)
    ,(#5598,#5599,#5600,#5601)
    ,(#5602,#5603,#5604,#5605
    )),.UNSPECIFIED.,.F.,.F.,.F.,(4,1,1,1,4),(4,4),(0.,0.285714285714,
    0.571428571429,0.857142857143,1.),(1.122833167163E-02,5.538771668328
    ),.UNSPECIFIED.);
#5578 = CARTESIAN_POINT('',(27.016881708435,35.437716683283,
    282.78570435311));
#5579 = CARTESIAN_POINT('',(27.016881708435,17.012572227761,
    282.78570435311));
#5580 = CARTESIAN_POINT('',(27.016881708435,-1.412572227762,
    282.78570435311));
#5581 = CARTESIAN_POINT('',(27.016881708435,-19.83771668328,
    282.78570435311));
#5582 = CARTESIAN_POINT('',(26.684186344336,35.437716683283,
    279.2872406406));
#5583 = CARTESIAN_POINT('',(26.684186344336,17.012572227761,
    279.2872406406));
#5584 = CARTESIAN_POINT('',(26.684186344336,-1.412572227762,
    279.2872406406));
#5585 = CARTESIAN_POINT('',(26.684186344336,-19.83771668328,
    279.2872406406));
#5586 = CARTESIAN_POINT('',(24.520737695946,35.437716683283,
    272.43488979567));
#5587 = CARTESIAN_POINT('',(24.520737695946,17.012572227761,
    272.43488979567));
#5588 = CARTESIAN_POINT('',(24.520737695946,-1.412572227762,
    272.43488979567));
#5589 = CARTESIAN_POINT('',(24.520737695946,-19.83771668328,
    272.43488979567));
#5590 = CARTESIAN_POINT('',(17.354348513551,35.437716683283,
    264.38124646408));
#5591 = CARTESIAN_POINT('',(17.354348513551,17.012572227761,
    264.38124646408));
#5592 = CARTESIAN_POINT('',(17.354348513551,-1.412572227762,
    264.38124646408));
#5593 = CARTESIAN_POINT('',(17.354348513551,-19.83771668328,
    264.38124646408));
#5594 = CARTESIAN_POINT('',(9.158422545047,35.437716683283,
    260.70592003844));
#5595 = CARTESIAN_POINT('',(9.158422545047,17.012572227761,
    260.70592003844));
#5596 = CARTESIAN_POINT('',(9.158422545047,-1.412572227762,
    260.70592003844));
#5597 = CARTESIAN_POINT('',(9.158422545047,-19.83771668328,
    260.70592003844));
#5598 = CARTESIAN_POINT('',(3.886288708404,35.437716683283,
    260.15246549285));
#5599 = CARTESIAN_POINT('',(3.886288708404,17.012572227761,
    260.15246549285));
#5600 = CARTESIAN_POINT('',(3.886288708404,-1.412572227762,
    260.15246549285));
#5601 = CARTESIAN_POINT('',(3.886288708404,-19.83771668328,
    260.15246549285));
#5602 = CARTESIAN_POINT('',(2.129165025151,35.437716683283,
    260.15246549285));
#5603 = CARTESIAN_POINT('',(2.129165025151,17.012572227761,
    260.15246549285));
#5604 = CARTESIAN_POINT('',(2.129165025151,-1.412572227762,
    260.15246549285));
#5605 = CARTESIAN_POINT('',(2.129165025151,-19.83771668328,
    260.15246549285));
#5606 = DEFINITIONAL_REPRESENTATION('',(#5607),#5633);
#5607 = B_SPLINE_CURVE_WITH_KNOTS('',3,(#5608,#5609,#5610,#5611,#5612,
    #5613,#5614,#5615,#5616,#5617,#5618,#5619,#5620,#5621,#5622,#5623,
    #5624,#5625,#5626,#5627,#5628,#5629,#5630,#5631,#5632),
  .UNSPECIFIED.,.F.,.F.,(4,1,1,1,1,1,1,1,1,1,1,1,1,1,1,1,1,1,1,1,1,1,4),
  (-3.086492441616E-03,0.204168420372,0.411423333185,0.618678245999,
    0.825933158812,1.033188071625,1.240442984439,1.447697897252,
    1.654952810066,1.862207722879,2.069462635692,2.276717548506,
    2.483972461319,2.691227374133,2.898482286946,3.105737199759,
    3.312992112573,3.520247025386,3.7275019382,3.934756851013,
    4.142011763826,4.34926667664,4.556521589453),.UNSPECIFIED.);
#5608 = CARTESIAN_POINT('',(1.,2.5));
#5609 = CARTESIAN_POINT('',(0.986761799081,2.451152194301));
#5610 = CARTESIAN_POINT('',(0.960238207106,2.353276066276));
#5611 = CARTESIAN_POINT('',(0.920283589402,2.206349092856));
#5612 = CARTESIAN_POINT('',(0.880132672596,2.059738065929));
#5613 = CARTESIAN_POINT('',(0.839756322425,1.913871855557));
#5614 = CARTESIAN_POINT('',(0.799126343311,1.769179163125));
#5615 = CARTESIAN_POINT('',(0.758205253469,1.626089222534));
#5616 = CARTESIAN_POINT('',(0.716943735623,1.485029306308));
#5617 = CARTESIAN_POINT('',(0.675283861306,1.346433999954));
#5618 = CARTESIAN_POINT('',(0.63315697841,1.21071059843));
#5619 = CARTESIAN_POINT('',(0.590201776682,1.077456325961));
#5620 = CARTESIAN_POINT('',(0.546473964899,0.94767559286));
#5621 = CARTESIAN_POINT('',(0.501940202309,0.822120931448));
#5622 = CARTESIAN_POINT('',(0.45655522583,0.701607192764));
#5623 = CARTESIAN_POINT('',(0.410247639021,0.586951830971));
#5624 = CARTESIAN_POINT('',(0.362888034795,0.478899569021));
#5625 = CARTESIAN_POINT('',(0.314378546747,0.378464514244));
#5626 = CARTESIAN_POINT('',(0.264710653617,0.28690919407));
#5627 = CARTESIAN_POINT('',(0.213849765329,0.205459622426));
#5628 = CARTESIAN_POINT('',(0.16161692301,0.135265911195));
#5629 = CARTESIAN_POINT('',(0.10867265624,7.847562359453E-02));
#5630 = CARTESIAN_POINT('',(5.488490339074E-02,3.590367492109E-02));
#5631 = CARTESIAN_POINT('',(1.84087023569E-02,1.765965101347E-02));
#5632 = CARTESIAN_POINT('',(0.,1.122833167163E-02));
#5633 = ( GEOMETRIC_REPRESENTATION_CONTEXT(2) 
PARAMETRIC_REPRESENTATION_CONTEXT() REPRESENTATION_CONTEXT('2D SPACE',''
  ) );
#5634 = ADVANCED_FACE('',(#5635),#5577,.F.);
#5635 = FACE_BOUND('',#5636,.F.);
#5636 = EDGE_LOOP('',(#5637,#5638,#5663,#5744));
#5637 = ORIENTED_EDGE('',*,*,#5532,.F.);
#5638 = ORIENTED_EDGE('',*,*,#5639,.F.);
#5639 = EDGE_CURVE('',#5640,#5223,#5642,.T.);
#5640 = VERTEX_POINT('',#5641);
#5641 = CARTESIAN_POINT('',(2.129165025151,5.05,260.15246549285));
#5642 = SURFACE_CURVE('',#5643,(#5648,#5655),.PCURVE_S1.);
#5643 = B_SPLINE_CURVE_WITH_KNOTS('',3,(#5644,#5645,#5646,#5647),
  .UNSPECIFIED.,.F.,.F.,(4,4),(-3.05,-2.5),.PIECEWISE_BEZIER_KNOTS.);
#5644 = CARTESIAN_POINT('',(2.129165025151,5.05,260.15246549285));
#5645 = CARTESIAN_POINT('',(2.129165025151,6.883333333333,
    260.15246549285));
#5646 = CARTESIAN_POINT('',(2.129165025151,8.716666666666,
    260.15246549285));
#5647 = CARTESIAN_POINT('',(2.129165025151,10.55,260.15246549285));
#5648 = PCURVE('',#5577,#5649);
#5649 = DEFINITIONAL_REPRESENTATION('',(#5650),#5654);
#5650 = LINE('',#5651,#5652);
#5651 = CARTESIAN_POINT('',(1.,-1.874056465567E-13));
#5652 = VECTOR('',#5653,1.);
#5653 = DIRECTION('',(0.,-1.));
#5654 = ( GEOMETRIC_REPRESENTATION_CONTEXT(2) 
PARAMETRIC_REPRESENTATION_CONTEXT() REPRESENTATION_CONTEXT('2D SPACE',''
  ) );
#5655 = PCURVE('',#5245,#5656);
#5656 = DEFINITIONAL_REPRESENTATION('',(#5657),#5662);
#5657 = B_SPLINE_CURVE_WITH_KNOTS('',3,(#5658,#5659,#5660,#5661),
  .UNSPECIFIED.,.F.,.F.,(4,4),(-3.05,-2.5),.PIECEWISE_BEZIER_KNOTS.);
#5658 = CARTESIAN_POINT('',(27.939249577381,30.5));
#5659 = CARTESIAN_POINT('',(27.939249577381,28.666666666667));
#5660 = CARTESIAN_POINT('',(27.939249577381,26.833333333334));
#5661 = CARTESIAN_POINT('',(27.939249577381,25.));
#5662 = ( GEOMETRIC_REPRESENTATION_CONTEXT(2) 
PARAMETRIC_REPRESENTATION_CONTEXT() REPRESENTATION_CONTEXT('2D SPACE',''
  ) );
#5663 = ORIENTED_EDGE('',*,*,#5664,.F.);
#5664 = EDGE_CURVE('',#5665,#5640,#5667,.T.);
#5665 = VERTEX_POINT('',#5666);
#5666 = CARTESIAN_POINT('',(27.016881708435,-19.83771668328,
    282.78570435311));
#5667 = SURFACE_CURVE('',#5668,(#5681,#5710),.PCURVE_S1.);
#5668 = B_SPLINE_CURVE_WITH_KNOTS('',3,(#5669,#5670,#5671,#5672,#5673,
    #5674,#5675,#5676,#5677,#5678,#5679,#5680),.UNSPECIFIED.,.F.,.F.,(4,
    2,2,2,2,4),(0.,0.717752848789,1.587923947982,2.784284566518,
    4.500626962928,4.503675593535),.UNSPECIFIED.);
#5669 = CARTESIAN_POINT('',(27.016881708435,-19.83771668328,
    282.78570435311));
#5670 = CARTESIAN_POINT('',(26.791389998317,-19.61222497316,
    280.41454247217));
#5671 = CARTESIAN_POINT('',(26.235044835715,-19.05587981016,
    278.15434672342));
#5672 = CARTESIAN_POINT('',(24.423317945234,-17.24415291965,
    273.51552425276));
#5673 = CARTESIAN_POINT('',(23.07170232468,-15.89253729952,
    271.27904448516));
#5674 = CARTESIAN_POINT('',(19.380412084737,-12.20124705958,
    266.74452022122));
#5675 = CARTESIAN_POINT('',(16.853702172776,-9.674537147625,
    264.72359835911));
#5676 = CARTESIAN_POINT('',(10.405099159078,-3.225934133927,
    261.16616685736));
#5677 = CARTESIAN_POINT('',(6.246688618995,0.932476422248,
    260.15605053233));
#5678 = CARTESIAN_POINT('',(2.143714890323,5.035450134713,
    260.15246866833));
#5679 = CARTESIAN_POINT('',(2.136439957642,5.042725067509,
    260.15246549285));
#5680 = CARTESIAN_POINT('',(2.129165025151,5.05,260.15246549285));
#5681 = PCURVE('',#5577,#5682);
#5682 = DEFINITIONAL_REPRESENTATION('',(#5683),#5709);
#5683 = B_SPLINE_CURVE_WITH_KNOTS('',3,(#5684,#5685,#5686,#5687,#5688,
    #5689,#5690,#5691,#5692,#5693,#5694,#5695,#5696,#5697,#5698,#5699,
    #5700,#5701,#5702,#5703,#5704,#5705,#5706,#5707,#5708),
  .UNSPECIFIED.,.F.,.F.,(4,1,1,1,1,1,1,1,1,1,1,1,1,1,1,1,1,1,1,1,1,1,4),
  (0.,0.204712526979,0.409425053958,0.614137580937,0.818850107915,
    1.023562634894,1.228275161873,1.432987688852,1.637700215831,
    1.84241274281,2.047125269789,2.251837796767,2.456550323746,
    2.661262850725,2.865975377704,3.070687904683,3.275400431662,
    3.480112958641,3.684825485619,3.889538012598,4.094250539577,
    4.298963066556,4.503675593535),.UNSPECIFIED.);
#5684 = CARTESIAN_POINT('',(0.,5.538771668328));
#5685 = CARTESIAN_POINT('',(1.840870235699E-02,5.532340348986));
#5686 = CARTESIAN_POINT('',(5.488490339101E-02,5.514096325079));
#5687 = CARTESIAN_POINT('',(0.108672656241,5.471524376405));
#5688 = CARTESIAN_POINT('',(0.16161692301,5.414734088804));
#5689 = CARTESIAN_POINT('',(0.21384976533,5.344540377573));
#5690 = CARTESIAN_POINT('',(0.264710653618,5.263090805928));
#5691 = CARTESIAN_POINT('',(0.314378546748,5.171535485753));
#5692 = CARTESIAN_POINT('',(0.362888034797,5.071100430976));
#5693 = CARTESIAN_POINT('',(0.410247639023,4.963048169024));
#5694 = CARTESIAN_POINT('',(0.456555225832,4.848392807231));
#5695 = CARTESIAN_POINT('',(0.501940202311,4.727879068546));
#5696 = CARTESIAN_POINT('',(0.546473964901,4.602324407133));
#5697 = CARTESIAN_POINT('',(0.590201776684,4.472543674031));
#5698 = CARTESIAN_POINT('',(0.633156978413,4.33928940156));
#5699 = CARTESIAN_POINT('',(0.67528386131,4.203566000042));
#5700 = CARTESIAN_POINT('',(0.716943735615,4.064970693634));
#5701 = CARTESIAN_POINT('',(0.758205253439,3.923910777322));
#5702 = CARTESIAN_POINT('',(0.799126343257,3.780820836636));
#5703 = CARTESIAN_POINT('',(0.839756322349,3.636128144125));
#5704 = CARTESIAN_POINT('',(0.880132672508,3.49026193371));
#5705 = CARTESIAN_POINT('',(0.920283589318,3.343650906802));
#5706 = CARTESIAN_POINT('',(0.960238207051,3.196723933485));
#5707 = CARTESIAN_POINT('',(0.98676179906,3.098847805604));
#5708 = CARTESIAN_POINT('',(1.,3.05));
#5709 = ( GEOMETRIC_REPRESENTATION_CONTEXT(2) 
PARAMETRIC_REPRESENTATION_CONTEXT() REPRESENTATION_CONTEXT('2D SPACE',''
  ) );
#5710 = PCURVE('',#5711,#5716);
#5711 = CYLINDRICAL_SURFACE('',#5712,25.);
#5712 = AXIS2_PLACEMENT_3D('',#5713,#5714,#5715);
#5713 = CARTESIAN_POINT('',(-12.90504227611,5.05,285.15246549285));
#5714 = DIRECTION('',(1.,-3.503246160812E-46,0.));
#5715 = DIRECTION('',(-2.477169116476E-46,-0.707106781187,
    -0.707106781187));
#5716 = DEFINITIONAL_REPRESENTATION('',(#5717),#5743);
#5717 = B_SPLINE_CURVE_WITH_KNOTS('',3,(#5718,#5719,#5720,#5721,#5722,
    #5723,#5724,#5725,#5726,#5727,#5728,#5729,#5730,#5731,#5732,#5733,
    #5734,#5735,#5736,#5737,#5738,#5739,#5740,#5741,#5742),
  .UNSPECIFIED.,.F.,.F.,(4,1,1,1,1,1,1,1,1,1,1,1,1,1,1,1,1,1,1,1,1,1,4),
  (0.,0.204712526979,0.409425053958,0.614137580937,0.818850107915,
    1.023562634894,1.228275161873,1.432987688852,1.637700215831,
    1.84241274281,2.047125269789,2.251837796767,2.456550323746,
    2.661262850725,2.865975377704,3.070687904683,3.275400431662,
    3.480112958641,3.684825485619,3.889538012598,4.094250539577,
    4.298963066556,4.503675593535),.UNSPECIFIED.);
#5718 = CARTESIAN_POINT('',(5.592599576645,39.921923984554));
#5719 = CARTESIAN_POINT('',(5.619768880814,39.857610791135));
#5720 = CARTESIAN_POINT('',(5.67360746565,39.675170552122));
#5721 = CARTESIAN_POINT('',(5.753004918181,39.249451065565));
#5722 = CARTESIAN_POINT('',(5.831165065859,38.681548189719));
#5723 = CARTESIAN_POINT('',(5.908268869264,37.979611077418));
#5724 = CARTESIAN_POINT('',(5.983333557253,37.165115360854));
#5725 = CARTESIAN_POINT('',(6.056630708607,36.249562158956));
#5726 = CARTESIAN_POINT('',(6.128230430992,35.245211611042));
#5727 = CARTESIAN_POINT('',(6.198144413513,34.16468899151));
#5728 = CARTESIAN_POINT('',(6.266507568796,33.018135373578));
#5729 = CARTESIAN_POINT('',(6.333500637183,31.812997986731));
#5730 = CARTESIAN_POINT('',(6.399223554661,30.557451372605));
#5731 = CARTESIAN_POINT('',(6.463746758496,29.259644041576));
#5732 = CARTESIAN_POINT('',(6.527134889496,27.927101316898));
#5733 = CARTESIAN_POINT('',(6.589311279025,26.569867301583));
#5734 = CARTESIAN_POINT('',(6.650805889102,25.183914238614));
#5735 = CARTESIAN_POINT('',(6.711713728348,23.773315077281));
#5736 = CARTESIAN_POINT('',(6.772114231991,22.342415672395));
#5737 = CARTESIAN_POINT('',(6.832077297727,20.895488748955));
#5738 = CARTESIAN_POINT('',(6.891662519935,19.436826645685));
#5739 = CARTESIAN_POINT('',(6.95092041816,17.970716376217));
#5740 = CARTESIAN_POINT('',(7.00989419375,16.501446640829));
#5741 = CARTESIAN_POINT('',(7.049043921132,15.522685359146));
#5742 = CARTESIAN_POINT('',(7.068583470577,15.03420730127));
#5743 = ( GEOMETRIC_REPRESENTATION_CONTEXT(2) 
PARAMETRIC_REPRESENTATION_CONTEXT() REPRESENTATION_CONTEXT('2D SPACE',''
  ) );
#5744 = ORIENTED_EDGE('',*,*,#5745,.F.);
#5745 = EDGE_CURVE('',#5462,#5665,#5746,.T.);
#5746 = SURFACE_CURVE('',#5747,(#5752,#5759),.PCURVE_S1.);
#5747 = B_SPLINE_CURVE_WITH_KNOTS('',3,(#5748,#5749,#5750,#5751),
  .UNSPECIFIED.,.F.,.F.,(4,4),(1.122833167163E-02,5.538771668328),
  .PIECEWISE_BEZIER_KNOTS.);
#5748 = CARTESIAN_POINT('',(27.016881708435,35.437716683283,
    282.78570435311));
#5749 = CARTESIAN_POINT('',(27.016881708435,17.012572227761,
    282.78570435311));
#5750 = CARTESIAN_POINT('',(27.016881708435,-1.412572227762,
    282.78570435311));
#5751 = CARTESIAN_POINT('',(27.016881708435,-19.83771668328,
    282.78570435311));
#5752 = PCURVE('',#5577,#5753);
#5753 = DEFINITIONAL_REPRESENTATION('',(#5754),#5758);
#5754 = LINE('',#5755,#5756);
#5755 = CARTESIAN_POINT('',(-5.958097302355E-16,2.376571162088E-16));
#5756 = VECTOR('',#5757,1.);
#5757 = DIRECTION('',(-1.693083491373E-16,1.));
#5758 = ( GEOMETRIC_REPRESENTATION_CONTEXT(2) 
PARAMETRIC_REPRESENTATION_CONTEXT() REPRESENTATION_CONTEXT('2D SPACE',''
  ) );
#5759 = PCURVE('',#5480,#5760);
#5760 = DEFINITIONAL_REPRESENTATION('',(#5761),#5765);
#5761 = LINE('',#5762,#5763);
#5762 = CARTESIAN_POINT('',(-0.363262982189,-6.55378529224E-15));
#5763 = VECTOR('',#5764,1.);
#5764 = DIRECTION('',(-2.008528847277E-17,1.));
#5765 = ( GEOMETRIC_REPRESENTATION_CONTEXT(2) 
PARAMETRIC_REPRESENTATION_CONTEXT() REPRESENTATION_CONTEXT('2D SPACE',''
  ) );
#5766 = ADVANCED_FACE('',(#5767),#5304,.F.);
#5767 = FACE_BOUND('',#5768,.F.);
#5768 = EDGE_LOOP('',(#5769,#5770,#5794,#5870));
#5769 = ORIENTED_EDGE('',*,*,#5257,.T.);
#5770 = ORIENTED_EDGE('',*,*,#5771,.F.);
#5771 = EDGE_CURVE('',#5772,#5258,#5774,.T.);
#5772 = VERTEX_POINT('',#5773);
#5773 = CARTESIAN_POINT('',(-27.01688170843,-19.83771668328,
    282.78570435311));
#5774 = SURFACE_CURVE('',#5775,(#5780,#5787),.PCURVE_S1.);
#5775 = B_SPLINE_CURVE_WITH_KNOTS('',3,(#5776,#5777,#5778,#5779),
  .UNSPECIFIED.,.F.,.F.,(4,4),(-5.538771668328,-1.122833167163E-02),
  .PIECEWISE_BEZIER_KNOTS.);
#5776 = CARTESIAN_POINT('',(-27.01688170843,-19.83771668328,
    282.78570435311));
#5777 = CARTESIAN_POINT('',(-27.01688170843,-1.412572227762,
    282.78570435311));
#5778 = CARTESIAN_POINT('',(-27.01688170843,17.012572227761,
    282.78570435311));
#5779 = CARTESIAN_POINT('',(-27.01688170843,35.437716683283,
    282.78570435311));
#5780 = PCURVE('',#5304,#5781);
#5781 = DEFINITIONAL_REPRESENTATION('',(#5782),#5786);
#5782 = LINE('',#5783,#5784);
#5783 = CARTESIAN_POINT('',(1.,0.));
#5784 = VECTOR('',#5785,1.);
#5785 = DIRECTION('',(-4.017057694555E-17,-1.));
#5786 = ( GEOMETRIC_REPRESENTATION_CONTEXT(2) 
PARAMETRIC_REPRESENTATION_CONTEXT() REPRESENTATION_CONTEXT('2D SPACE',''
  ) );
#5787 = PCURVE('',#5381,#5788);
#5788 = DEFINITIONAL_REPRESENTATION('',(#5789),#5793);
#5789 = LINE('',#5790,#5791);
#5790 = CARTESIAN_POINT('',(0.363262982189,-8.881784197001E-16));
#5791 = VECTOR('',#5792,1.);
#5792 = DIRECTION('',(-1.004264423639E-17,-1.));
#5793 = ( GEOMETRIC_REPRESENTATION_CONTEXT(2) 
PARAMETRIC_REPRESENTATION_CONTEXT() REPRESENTATION_CONTEXT('2D SPACE',''
  ) );
#5794 = ORIENTED_EDGE('',*,*,#5795,.F.);
#5795 = EDGE_CURVE('',#5796,#5772,#5798,.T.);
#5796 = VERTEX_POINT('',#5797);
#5797 = CARTESIAN_POINT('',(-2.129165025151,5.05,260.15246549285));
#5798 = SURFACE_CURVE('',#5799,(#5812,#5841),.PCURVE_S1.);
#5799 = B_SPLINE_CURVE_WITH_KNOTS('',3,(#5800,#5801,#5802,#5803,#5804,
    #5805,#5806,#5807,#5808,#5809,#5810,#5811),.UNSPECIFIED.,.F.,.F.,(4,
    2,2,2,2,4),(-3.086492435167E-03,0.,1.737658163879,2.948876741314,
    3.829854754599,4.556521589825),.UNSPECIFIED.);
#5800 = CARTESIAN_POINT('',(-2.129165025151,5.05,260.15246549285));
#5801 = CARTESIAN_POINT('',(-2.136439957588,5.042725067563,
    260.15246549285));
#5802 = CARTESIAN_POINT('',(-2.143714890442,5.035450134757,
    260.15246866833));
#5803 = CARTESIAN_POINT('',(-6.246688607983,0.932476410472,
    260.15605053232));
#5804 = CARTESIAN_POINT('',(-10.40509915912,-3.225934133978,
    261.16616685739));
#5805 = CARTESIAN_POINT('',(-16.85370217277,-9.674537147625,
    264.72359835911));
#5806 = CARTESIAN_POINT('',(-19.38041208473,-12.20124705958,
    266.74452022122));
#5807 = CARTESIAN_POINT('',(-23.07170232468,-15.89253729952,
    271.27904448516));
#5808 = CARTESIAN_POINT('',(-24.42331794523,-17.24415291965,
    273.51552425276));
#5809 = CARTESIAN_POINT('',(-26.23504483571,-19.05587981016,
    278.15434672342));
#5810 = CARTESIAN_POINT('',(-26.79138999831,-19.61222497316,
    280.41454247217));
#5811 = CARTESIAN_POINT('',(-27.01688170843,-19.83771668328,
    282.78570435311));
#5812 = PCURVE('',#5304,#5813);
#5813 = DEFINITIONAL_REPRESENTATION('',(#5814),#5840);
#5814 = B_SPLINE_CURVE_WITH_KNOTS('',3,(#5815,#5816,#5817,#5818,#5819,
    #5820,#5821,#5822,#5823,#5824,#5825,#5826,#5827,#5828,#5829,#5830,
    #5831,#5832,#5833,#5834,#5835,#5836,#5837,#5838,#5839),
  .UNSPECIFIED.,.F.,.F.,(4,1,1,1,1,1,1,1,1,1,1,1,1,1,1,1,1,1,1,1,1,1,4),
  (-3.086492435167E-03,0.204168420395,0.411423333225,0.618678246055,
    0.825933158885,1.033188071715,1.240442984545,1.447697897375,
    1.654952810205,1.862207723035,2.069462635865,2.276717548695,
    2.483972461525,2.691227374355,2.898482287185,3.105737200015,
    3.312992112845,3.520247025675,3.727501938505,3.934756851335,
    4.142011764165,4.349266676995,4.556521589825),.UNSPECIFIED.);
#5815 = CARTESIAN_POINT('',(0.,3.05));
#5816 = CARTESIAN_POINT('',(1.323871152022E-02,3.098847805748));
#5817 = CARTESIAN_POINT('',(3.976355986332E-02,3.196723933848));
#5818 = CARTESIAN_POINT('',(7.971758201486E-02,3.343650907326));
#5819 = CARTESIAN_POINT('',(0.119859814322,3.490261934264));
#5820 = CARTESIAN_POINT('',(0.160222263539,3.636128144616));
#5821 = CARTESIAN_POINT('',(0.200842799673,3.780820837005));
#5822 = CARTESIAN_POINT('',(0.241764853161,3.923910777547));
#5823 = CARTESIAN_POINT('',(0.283036281697,4.064970693728));
#5824 = CARTESIAN_POINT('',(0.324704924471,4.203566000054));
#5825 = CARTESIAN_POINT('',(0.366828909558,4.33928940158));
#5826 = CARTESIAN_POINT('',(0.409767952804,4.472543674047));
#5827 = CARTESIAN_POINT('',(0.453474441538,4.602324407148));
#5828 = CARTESIAN_POINT('',(0.497998262101,4.727879068559));
#5829 = CARTESIAN_POINT('',(0.543391761462,4.848392807241));
#5830 = CARTESIAN_POINT('',(0.58972195128,4.963048169033));
#5831 = CARTESIAN_POINT('',(0.637099373813,5.071100430983));
#5832 = CARTESIAN_POINT('',(0.685609620565,5.171535485759));
#5833 = CARTESIAN_POINT('',(0.735263960959,5.263090805932));
#5834 = CARTESIAN_POINT('',(0.786117263739,5.344540377576));
#5835 = CARTESIAN_POINT('',(0.838360550247,5.414734088806));
#5836 = CARTESIAN_POINT('',(0.891324205832,5.471524376406));
#5837 = CARTESIAN_POINT('',(0.945117708449,5.514096325079));
#5838 = CARTESIAN_POINT('',(0.981593122718,5.532340348987));
#5839 = CARTESIAN_POINT('',(1.,5.538771668328));
#5840 = ( GEOMETRIC_REPRESENTATION_CONTEXT(2) 
PARAMETRIC_REPRESENTATION_CONTEXT() REPRESENTATION_CONTEXT('2D SPACE',''
  ) );
#5841 = PCURVE('',#5711,#5842);
#5842 = DEFINITIONAL_REPRESENTATION('',(#5843),#5869);
#5843 = B_SPLINE_CURVE_WITH_KNOTS('',3,(#5844,#5845,#5846,#5847,#5848,
    #5849,#5850,#5851,#5852,#5853,#5854,#5855,#5856,#5857,#5858,#5859,
    #5860,#5861,#5862,#5863,#5864,#5865,#5866,#5867,#5868),
  .UNSPECIFIED.,.F.,.F.,(4,1,1,1,1,1,1,1,1,1,1,1,1,1,1,1,1,1,1,1,1,1,4),
  (-3.086492435167E-03,0.204168420395,0.411423333225,0.618678246055,
    0.825933158885,1.033188071715,1.240442984545,1.447697897375,
    1.654952810205,1.862207723035,2.069462635865,2.276717548695,
    2.483972461525,2.691227374355,2.898482287185,3.105737200015,
    3.312992112845,3.520247025675,3.727501938505,3.934756851335,
    4.142011764165,4.349266676995,4.556521589825),.UNSPECIFIED.);
#5844 = CARTESIAN_POINT('',(7.068583470577,10.775877250967));
#5845 = CARTESIAN_POINT('',(7.049043921075,10.287399194254));
#5846 = CARTESIAN_POINT('',(7.009894193605,9.308637914441));
#5847 = CARTESIAN_POINT('',(6.950920417952,7.839368180592));
#5848 = CARTESIAN_POINT('',(6.891662519716,6.37325791137));
#5849 = CARTESIAN_POINT('',(6.832077297536,4.91459580749));
#5850 = CARTESIAN_POINT('',(6.772114231849,3.467668882895));
#5851 = CARTESIAN_POINT('',(6.711713728263,2.036769476654));
#5852 = CARTESIAN_POINT('',(6.650805889067,0.626170314107));
#5853 = CARTESIAN_POINT('',(6.589311279019,-0.759782749613));
#5854 = CARTESIAN_POINT('',(6.527134889487,-2.11701676482));
#5855 = CARTESIAN_POINT('',(6.463746758488,-3.449559489505));
#5856 = CARTESIAN_POINT('',(6.399223554654,-4.74736682051));
#5857 = CARTESIAN_POINT('',(6.333500637176,-6.00291343462));
#5858 = CARTESIAN_POINT('',(6.26650756879,-7.208050821449));
#5859 = CARTESIAN_POINT('',(6.198144413507,-8.354604439364));
#5860 = CARTESIAN_POINT('',(6.128230430987,-9.43512705888));
#5861 = CARTESIAN_POINT('',(6.056630708603,-10.43947760677));
#5862 = CARTESIAN_POINT('',(5.98333355725,-11.35503080866));
#5863 = CARTESIAN_POINT('',(5.908268869261,-12.16952652521));
#5864 = CARTESIAN_POINT('',(5.831165065857,-12.8714636375));
#5865 = CARTESIAN_POINT('',(5.75300491818,-13.43936651333));
#5866 = CARTESIAN_POINT('',(5.673607465649,-13.86508599988));
#5867 = CARTESIAN_POINT('',(5.619768880814,-14.04752623889));
#5868 = CARTESIAN_POINT('',(5.592599576645,-14.11183943231));
#5869 = ( GEOMETRIC_REPRESENTATION_CONTEXT(2) 
PARAMETRIC_REPRESENTATION_CONTEXT() REPRESENTATION_CONTEXT('2D SPACE',''
  ) );
#5870 = ORIENTED_EDGE('',*,*,#5871,.F.);
#5871 = EDGE_CURVE('',#5225,#5796,#5872,.T.);
#5872 = SURFACE_CURVE('',#5873,(#5878,#5885),.PCURVE_S1.);
#5873 = B_SPLINE_CURVE_WITH_KNOTS('',3,(#5874,#5875,#5876,#5877),
  .UNSPECIFIED.,.F.,.F.,(4,4),(2.5,3.05),.PIECEWISE_BEZIER_KNOTS.);
#5874 = CARTESIAN_POINT('',(-2.129165025151,10.55,260.15246549285));
#5875 = CARTESIAN_POINT('',(-2.129165025151,8.716666666666,
    260.15246549285));
#5876 = CARTESIAN_POINT('',(-2.129165025151,6.883333333333,
    260.15246549285));
#5877 = CARTESIAN_POINT('',(-2.129165025151,5.05,260.15246549285));
#5878 = PCURVE('',#5304,#5879);
#5879 = DEFINITIONAL_REPRESENTATION('',(#5880),#5884);
#5880 = LINE('',#5881,#5882);
#5881 = CARTESIAN_POINT('',(4.67131535978E-18,-1.794120407794E-13));
#5882 = VECTOR('',#5883,1.);
#5883 = DIRECTION('',(0.,1.));
#5884 = ( GEOMETRIC_REPRESENTATION_CONTEXT(2) 
PARAMETRIC_REPRESENTATION_CONTEXT() REPRESENTATION_CONTEXT('2D SPACE',''
  ) );
#5885 = PCURVE('',#5245,#5886);
#5886 = DEFINITIONAL_REPRESENTATION('',(#5887),#5892);
#5887 = B_SPLINE_CURVE_WITH_KNOTS('',3,(#5888,#5889,#5890,#5891),
  .UNSPECIFIED.,.F.,.F.,(4,4),(2.5,3.05),.PIECEWISE_BEZIER_KNOTS.);
#5888 = CARTESIAN_POINT('',(23.680919527079,25.));
#5889 = CARTESIAN_POINT('',(23.680919527079,26.833333333334));
#5890 = CARTESIAN_POINT('',(23.680919527079,28.666666666667));
#5891 = CARTESIAN_POINT('',(23.680919527079,30.5));
#5892 = ( GEOMETRIC_REPRESENTATION_CONTEXT(2) 
PARAMETRIC_REPRESENTATION_CONTEXT() REPRESENTATION_CONTEXT('2D SPACE',''
  ) );
#5893 = ADVANCED_FACE('',(#5894),#5711,.T.);
#5894 = FACE_BOUND('',#5895,.T.);
#5895 = EDGE_LOOP('',(#5896,#5926,#5972,#5973,#5994,#5995));
#5896 = ORIENTED_EDGE('',*,*,#5897,.T.);
#5897 = EDGE_CURVE('',#5898,#5900,#5902,.T.);
#5898 = VERTEX_POINT('',#5899);
#5899 = CARTESIAN_POINT('',(27.250568874085,-19.95,285.15246549285));
#5900 = VERTEX_POINT('',#5901);
#5901 = CARTESIAN_POINT('',(-27.25056887408,-19.95,285.15246549285));
#5902 = SURFACE_CURVE('',#5903,(#5907,#5914),.PCURVE_S1.);
#5903 = LINE('',#5904,#5905);
#5904 = CARTESIAN_POINT('',(-12.90504227611,-19.95,285.15246549285));
#5905 = VECTOR('',#5906,1.);
#5906 = DIRECTION('',(-1.,3.503246160812E-46,0.));
#5907 = PCURVE('',#5711,#5908);
#5908 = DEFINITIONAL_REPRESENTATION('',(#5909),#5913);
#5909 = LINE('',#5910,#5911);
#5910 = CARTESIAN_POINT('',(5.497787143782,0.));
#5911 = VECTOR('',#5912,1.);
#5912 = DIRECTION('',(0.,-1.));
#5913 = ( GEOMETRIC_REPRESENTATION_CONTEXT(2) 
PARAMETRIC_REPRESENTATION_CONTEXT() REPRESENTATION_CONTEXT('2D SPACE',''
  ) );
#5914 = PCURVE('',#5915,#5920);
#5915 = PLANE('',#5916);
#5916 = AXIS2_PLACEMENT_3D('',#5917,#5918,#5919);
#5917 = CARTESIAN_POINT('',(-4.689582056017E-12,-19.95,303.25940686274)
  );
#5918 = DIRECTION('',(3.503246160812E-46,1.,1.751623080406E-46));
#5919 = DIRECTION('',(-1.,3.503246160812E-46,0.));
#5920 = DEFINITIONAL_REPRESENTATION('',(#5921),#5925);
#5921 = LINE('',#5922,#5923);
#5922 = CARTESIAN_POINT('',(12.905042276105,-18.10694136989));
#5923 = VECTOR('',#5924,1.);
#5924 = DIRECTION('',(1.,0.));
#5925 = ( GEOMETRIC_REPRESENTATION_CONTEXT(2) 
PARAMETRIC_REPRESENTATION_CONTEXT() REPRESENTATION_CONTEXT('2D SPACE',''
  ) );
#5926 = ORIENTED_EDGE('',*,*,#5927,.T.);
#5927 = EDGE_CURVE('',#5900,#5772,#5928,.T.);
#5928 = SURFACE_CURVE('',#5929,(#5937,#5943),.PCURVE_S1.);
#5929 = B_SPLINE_CURVE_WITH_KNOTS('',3,(#5930,#5931,#5932,#5933,#5934,
    #5935,#5936),.UNSPECIFIED.,.F.,.F.,(4,3,4),(-15.79557622255,
    -15.6064196196,-15.55714380278),.UNSPECIFIED.);
#5930 = CARTESIAN_POINT('',(-27.25056887408,-19.95,285.15246549287));
#5931 = CARTESIAN_POINT('',(-27.18639067498,-19.95,284.52523611144));
#5932 = CARTESIAN_POINT('',(-27.12402503033,-19.92639426204,
    283.89850604351));
#5933 = CARTESIAN_POINT('',(-27.06365388336,-19.87930053889,
    283.2736399066));
#5934 = CARTESIAN_POINT('',(-27.04792703306,-19.8670324941,
    283.11086055435));
#5935 = CARTESIAN_POINT('',(-27.0323353593,-19.85317051502,
    282.94820747944));
#5936 = CARTESIAN_POINT('',(-27.01688170843,-19.83771668328,
    282.78570435312));
#5937 = PCURVE('',#5711,#5938);
#5938 = DEFINITIONAL_REPRESENTATION('',(#5939),#5942);
#5939 = B_SPLINE_CURVE_WITH_KNOTS('',1,(#5940,#5941),.UNSPECIFIED.,.F.,
  .F.,(2,2),(-15.79557622255,-15.55714380278),.PIECEWISE_BEZIER_KNOTS.);
#5940 = CARTESIAN_POINT('',(5.497787143781,-14.34552659796));
#5941 = CARTESIAN_POINT('',(5.592599576644,-14.11183943231));
#5942 = ( GEOMETRIC_REPRESENTATION_CONTEXT(2) 
PARAMETRIC_REPRESENTATION_CONTEXT() REPRESENTATION_CONTEXT('2D SPACE',''
  ) );
#5943 = PCURVE('',#5381,#5944);
#5944 = DEFINITIONAL_REPRESENTATION('',(#5945),#5971);
#5945 = B_SPLINE_CURVE_WITH_KNOTS('',3,(#5946,#5947,#5948,#5949,#5950,
    #5951,#5952,#5953,#5954,#5955,#5956,#5957,#5958,#5959,#5960,#5961,
    #5962,#5963,#5964,#5965,#5966,#5967,#5968,#5969,#5970),
  .UNSPECIFIED.,.F.,.F.,(4,1,1,1,1,1,1,1,1,1,1,1,1,1,1,1,1,1,1,1,1,1,4),
  (-15.79557622255,-15.78473838529,-15.77390054802,-15.76306271076,
    -15.7522248735,-15.74138703624,-15.73054919897,-15.71971136171,
    -15.70887352445,-15.69803568719,-15.68719784993,-15.67636001266,
    -15.6655221754,-15.65468433814,-15.64384650088,-15.63300866361,
    -15.62217082635,-15.61133298909,-15.60049515183,-15.58965731456,
    -15.5788194773,-15.56798164004,-15.55714380278),.UNSPECIFIED.);
#5946 = CARTESIAN_POINT('',(0.348332461333,5.55));
#5947 = CARTESIAN_POINT('',(0.34855803979,5.55));
#5948 = CARTESIAN_POINT('',(0.34900927749,5.549984501495));
#5949 = CARTESIAN_POINT('',(0.349686367276,5.54991477151));
#5950 = CARTESIAN_POINT('',(0.350363681179,5.549798572586));
#5951 = CARTESIAN_POINT('',(0.35104121006,5.549635918013));
#5952 = CARTESIAN_POINT('',(0.351718944763,5.549426821079));
#5953 = CARTESIAN_POINT('',(0.352396876113,5.549171295074));
#5954 = CARTESIAN_POINT('',(0.35307499492,5.548869353285));
#5955 = CARTESIAN_POINT('',(0.353753291975,5.548521009002));
#5956 = CARTESIAN_POINT('',(0.354431758054,5.548126275513));
#5957 = CARTESIAN_POINT('',(0.355110383912,5.547685166107));
#5958 = CARTESIAN_POINT('',(0.35578916029,5.547197694074));
#5959 = CARTESIAN_POINT('',(0.35646807791,5.546663872701));
#5960 = CARTESIAN_POINT('',(0.357147127476,5.546083715278));
#5961 = CARTESIAN_POINT('',(0.357826299673,5.545457235094));
#5962 = CARTESIAN_POINT('',(0.358505585172,5.544784445436));
#5963 = CARTESIAN_POINT('',(0.35918497462,5.544065359595));
#5964 = CARTESIAN_POINT('',(0.359864458663,5.543299990858));
#5965 = CARTESIAN_POINT('',(0.360544027864,5.542488352515));
#5966 = CARTESIAN_POINT('',(0.36122367342,5.541630457855));
#5967 = CARTESIAN_POINT('',(0.361903386061,5.540726320165));
#5968 = CARTESIAN_POINT('',(0.362583156555,5.539775952736));
#5969 = CARTESIAN_POINT('',(0.363036369275,5.539111563482));
#5970 = CARTESIAN_POINT('',(0.363262982189,5.538771668328));
#5971 = ( GEOMETRIC_REPRESENTATION_CONTEXT(2) 
PARAMETRIC_REPRESENTATION_CONTEXT() REPRESENTATION_CONTEXT('2D SPACE',''
  ) );
#5972 = ORIENTED_EDGE('',*,*,#5795,.F.);
#5973 = ORIENTED_EDGE('',*,*,#5974,.T.);
#5974 = EDGE_CURVE('',#5796,#5640,#5975,.T.);
#5975 = SURFACE_CURVE('',#5976,(#5980,#5987),.PCURVE_S1.);
#5976 = LINE('',#5977,#5978);
#5977 = CARTESIAN_POINT('',(-12.90504227611,5.05,260.15246549285));
#5978 = VECTOR('',#5979,1.);
#5979 = DIRECTION('',(1.,-3.503246160812E-46,0.));
#5980 = PCURVE('',#5711,#5981);
#5981 = DEFINITIONAL_REPRESENTATION('',(#5982),#5986);
#5982 = LINE('',#5983,#5984);
#5983 = CARTESIAN_POINT('',(7.068583470577,0.));
#5984 = VECTOR('',#5985,1.);
#5985 = DIRECTION('',(0.,1.));
#5986 = ( GEOMETRIC_REPRESENTATION_CONTEXT(2) 
PARAMETRIC_REPRESENTATION_CONTEXT() REPRESENTATION_CONTEXT('2D SPACE',''
  ) );
#5987 = PCURVE('',#5245,#5988);
#5988 = DEFINITIONAL_REPRESENTATION('',(#5989),#5993);
#5989 = LINE('',#5990,#5991);
#5990 = CARTESIAN_POINT('',(12.90504227612,30.5));
#5991 = VECTOR('',#5992,1.);
#5992 = DIRECTION('',(1.,3.503246160812E-46));
#5993 = ( GEOMETRIC_REPRESENTATION_CONTEXT(2) 
PARAMETRIC_REPRESENTATION_CONTEXT() REPRESENTATION_CONTEXT('2D SPACE',''
  ) );
#5994 = ORIENTED_EDGE('',*,*,#5664,.F.);
#5995 = ORIENTED_EDGE('',*,*,#5996,.T.);
#5996 = EDGE_CURVE('',#5665,#5898,#5997,.T.);
#5997 = SURFACE_CURVE('',#5998,(#6006,#6012),.PCURVE_S1.);
#5998 = B_SPLINE_CURVE_WITH_KNOTS('',3,(#5999,#6000,#6001,#6002,#6003,
    #6004,#6005),.UNSPECIFIED.,.F.,.F.,(4,3,4),(-12.08957936883,
    -11.89832751225,-11.85097804682),.UNSPECIFIED.);
#5999 = CARTESIAN_POINT('',(27.016881708435,-19.83771668328,
    282.78570435311));
#6000 = CARTESIAN_POINT('',(27.076902385715,-19.89774155191,
    283.41685279737));
#6001 = CARTESIAN_POINT('',(27.138939432957,-19.93368149482,
    284.04954851837));
#6002 = CARTESIAN_POINT('',(27.202803165215,-19.94558142436,
    284.68241105307));
#6003 = CARTESIAN_POINT('',(27.218614324579,-19.94852756728,
    284.83909294494));
#6004 = CARTESIAN_POINT('',(27.234537290306,-19.95000019864,
    284.99578486738));
#6005 = CARTESIAN_POINT('',(27.250568874087,-19.95,285.15246549287));
#6006 = PCURVE('',#5711,#6007);
#6007 = DEFINITIONAL_REPRESENTATION('',(#6008),#6011);
#6008 = B_SPLINE_CURVE_WITH_KNOTS('',1,(#6009,#6010),.UNSPECIFIED.,.F.,
  .F.,(2,2),(-12.08957936883,-11.85097804682),.PIECEWISE_BEZIER_KNOTS.);
#6009 = CARTESIAN_POINT('',(5.592599576644,39.921923984554));
#6010 = CARTESIAN_POINT('',(5.497787143781,40.155611150206));
#6011 = ( GEOMETRIC_REPRESENTATION_CONTEXT(2) 
PARAMETRIC_REPRESENTATION_CONTEXT() REPRESENTATION_CONTEXT('2D SPACE',''
  ) );
#6012 = PCURVE('',#5480,#6013);
#6013 = DEFINITIONAL_REPRESENTATION('',(#6014),#6040);
#6014 = B_SPLINE_CURVE_WITH_KNOTS('',3,(#6015,#6016,#6017,#6018,#6019,
    #6020,#6021,#6022,#6023,#6024,#6025,#6026,#6027,#6028,#6029,#6030,
    #6031,#6032,#6033,#6034,#6035,#6036,#6037,#6038,#6039),
  .UNSPECIFIED.,.F.,.F.,(4,1,1,1,1,1,1,1,1,1,1,1,1,1,1,1,1,1,1,1,1,1,4),
  (-12.08957936883,-12.07873385419,-12.06788833956,-12.05704282492,
    -12.04619731028,-12.03535179564,-12.02450628101,-12.01366076637,
    -12.00281525173,-11.9919697371,-11.98112422246,-11.97027870782,
    -11.95943319319,-11.94858767855,-11.93774216391,-11.92689664927,
    -11.91605113464,-11.90520562,-11.89436010536,-11.88351459073,
    -11.87266907609,-11.86182356145,-11.85097804682),.UNSPECIFIED.);
#6015 = CARTESIAN_POINT('',(-0.363262982189,5.538771668328));
#6016 = CARTESIAN_POINT('',(-0.363036053104,5.53911205749));
#6017 = CARTESIAN_POINT('',(-0.362582237213,5.539777345353));
#6018 = CARTESIAN_POINT('',(-0.361901649354,5.540728810682));
#6019 = CARTESIAN_POINT('',(-0.36122120662,5.541633814459));
#6020 = CARTESIAN_POINT('',(-0.360540918135,5.542492361598));
#6021 = CARTESIAN_POINT('',(-0.359860793006,5.543304457014));
#6022 = CARTESIAN_POINT('',(-0.359180840322,5.54407010562));
#6023 = CARTESIAN_POINT('',(-0.358501069155,5.544789312331));
#6024 = CARTESIAN_POINT('',(-0.357821488561,5.545462082061));
#6025 = CARTESIAN_POINT('',(-0.357142107578,5.546088419724));
#6026 = CARTESIAN_POINT('',(-0.356462935225,5.546668330235));
#6027 = CARTESIAN_POINT('',(-0.355783980508,5.547201818507));
#6028 = CARTESIAN_POINT('',(-0.355105252412,5.547688889454));
#6029 = CARTESIAN_POINT('',(-0.354426759909,5.548129547992));
#6030 = CARTESIAN_POINT('',(-0.35374851195,5.548523799033));
#6031 = CARTESIAN_POINT('',(-0.353070517474,5.548871647493));
#6032 = CARTESIAN_POINT('',(-0.352392785394,5.549173098285));
#6033 = CARTESIAN_POINT('',(-0.351715324639,5.549428156324));
#6034 = CARTESIAN_POINT('',(-0.351038143998,5.549636826523));
#6035 = CARTESIAN_POINT('',(-0.350361252878,5.549799113797));
#6036 = CARTESIAN_POINT('',(-0.349684660341,5.549915023061));
#6037 = CARTESIAN_POINT('',(-0.349008375403,5.549984559227));
#6038 = CARTESIAN_POINT('',(-0.348557729844,5.55000000455));
#6039 = CARTESIAN_POINT('',(-0.348332461333,5.55));
#6040 = ( GEOMETRIC_REPRESENTATION_CONTEXT(2) 
PARAMETRIC_REPRESENTATION_CONTEXT() REPRESENTATION_CONTEXT('2D SPACE',''
  ) );
#6041 = ADVANCED_FACE('',(#6042),#5915,.F.);
#6042 = FACE_BOUND('',#6043,.T.);
#6043 = EDGE_LOOP('',(#6044,#6045,#6080,#6109));
#6044 = ORIENTED_EDGE('',*,*,#5897,.F.);
#6045 = ORIENTED_EDGE('',*,*,#6046,.T.);
#6046 = EDGE_CURVE('',#5898,#6047,#6049,.T.);
#6047 = VERTEX_POINT('',#6048);
#6048 = CARTESIAN_POINT('',(37.604833990935,-19.95,346.36634823262));
#6049 = SURFACE_CURVE('',#6050,(#6060,#6073),.PCURVE_S1.);
#6050 = B_SPLINE_CURVE_WITH_KNOTS('',5,(#6051,#6052,#6053,#6054,#6055,
    #6056,#6057,#6058,#6059),.UNSPECIFIED.,.F.,.F.,(6,1,1,1,6),(
    -0.348332461333,-0.3,-0.2,-0.1,0.),.UNSPECIFIED.);
#6051 = CARTESIAN_POINT('',(27.250568874085,-19.95,285.15246549285));
#6052 = CARTESIAN_POINT('',(27.408141194147,-19.95,286.69245867159));
#6053 = CARTESIAN_POINT('',(27.92273106887,-19.95,291.4566233348));
#6054 = CARTESIAN_POINT('',(28.940615565702,-19.95,299.62389524408));
#6055 = CARTESIAN_POINT('',(30.715097023496,-19.95,311.50413053554));
#6056 = CARTESIAN_POINT('',(32.934416974815,-19.95,323.92852162694));
#6057 = CARTESIAN_POINT('',(35.152353699902,-19.95,335.00398034611));
#6058 = CARTESIAN_POINT('',(36.765002478991,-19.95,342.55156685495));
#6059 = CARTESIAN_POINT('',(37.604833990935,-19.95,346.36634823262));
#6060 = PCURVE('',#5915,#6061);
#6061 = DEFINITIONAL_REPRESENTATION('',(#6062),#6072);
#6062 = B_SPLINE_CURVE_WITH_KNOTS('',5,(#6063,#6064,#6065,#6066,#6067,
    #6068,#6069,#6070,#6071),.UNSPECIFIED.,.F.,.F.,(6,1,1,1,6),(
    -0.348332461333,-0.3,-0.2,-0.1,0.),.UNSPECIFIED.);
#6063 = CARTESIAN_POINT('',(-27.25056887409,-18.10694136989));
#6064 = CARTESIAN_POINT('',(-27.40814119415,-16.56694819115));
#6065 = CARTESIAN_POINT('',(-27.92273106887,-11.80278352794));
#6066 = CARTESIAN_POINT('',(-28.9406155657,-3.63551161866));
#6067 = CARTESIAN_POINT('',(-30.7150970235,8.2447236728));
#6068 = CARTESIAN_POINT('',(-32.93441697482,20.6691147642));
#6069 = CARTESIAN_POINT('',(-35.1523536999,31.74457348337));
#6070 = CARTESIAN_POINT('',(-36.76500247899,39.29215999221));
#6071 = CARTESIAN_POINT('',(-37.60483399094,43.10694136988));
#6072 = ( GEOMETRIC_REPRESENTATION_CONTEXT(2) 
PARAMETRIC_REPRESENTATION_CONTEXT() REPRESENTATION_CONTEXT('2D SPACE',''
  ) );
#6073 = PCURVE('',#5480,#6074);
#6074 = DEFINITIONAL_REPRESENTATION('',(#6075),#6079);
#6075 = LINE('',#6076,#6077);
#6076 = CARTESIAN_POINT('',(-1.135203042679E-13,5.55));
#6077 = VECTOR('',#6078,1.);
#6078 = DIRECTION('',(1.,0.));
#6079 = ( GEOMETRIC_REPRESENTATION_CONTEXT(2) 
PARAMETRIC_REPRESENTATION_CONTEXT() REPRESENTATION_CONTEXT('2D SPACE',''
  ) );
#6080 = ORIENTED_EDGE('',*,*,#6081,.T.);
#6081 = EDGE_CURVE('',#6047,#6082,#6084,.T.);
#6082 = VERTEX_POINT('',#6083);
#6083 = CARTESIAN_POINT('',(-37.60483399093,-19.95,346.36634823262));
#6084 = SURFACE_CURVE('',#6085,(#6090,#6097),.PCURVE_S1.);
#6085 = CIRCLE('',#6086,39.999999999999);
#6086 = AXIS2_PLACEMENT_3D('',#6087,#6088,#6089);
#6087 = CARTESIAN_POINT('',(-5.305035779445E-12,-19.95,359.99999999999)
  );
#6088 = DIRECTION('',(3.503246160812E-46,1.,1.751623080406E-46));
#6089 = DIRECTION('',(-1.,3.503246160812E-46,0.));
#6090 = PCURVE('',#5915,#6091);
#6091 = DEFINITIONAL_REPRESENTATION('',(#6092),#6096);
#6092 = CIRCLE('',#6093,39.999999999999);
#6093 = AXIS2_PLACEMENT_2D('',#6094,#6095);
#6094 = CARTESIAN_POINT('',(6.15453723428E-13,56.74059313725));
#6095 = DIRECTION('',(1.,0.));
#6096 = ( GEOMETRIC_REPRESENTATION_CONTEXT(2) 
PARAMETRIC_REPRESENTATION_CONTEXT() REPRESENTATION_CONTEXT('2D SPACE',''
  ) );
#6097 = PCURVE('',#6098,#6103);
#6098 = CYLINDRICAL_SURFACE('',#6099,39.999999999999);
#6099 = AXIS2_PLACEMENT_3D('',#6100,#6101,#6102);
#6100 = CARTESIAN_POINT('',(-5.305035779445E-12,35.55,359.99999999999));
#6101 = DIRECTION('',(0.,-1.,0.));
#6102 = DIRECTION('',(-1.,0.,0.));
#6103 = DEFINITIONAL_REPRESENTATION('',(#6104),#6108);
#6104 = LINE('',#6105,#6106);
#6105 = CARTESIAN_POINT('',(6.28318530718,55.5));
#6106 = VECTOR('',#6107,1.);
#6107 = DIRECTION('',(-1.,0.));
#6108 = ( GEOMETRIC_REPRESENTATION_CONTEXT(2) 
PARAMETRIC_REPRESENTATION_CONTEXT() REPRESENTATION_CONTEXT('2D SPACE',''
  ) );
#6109 = ORIENTED_EDGE('',*,*,#6110,.T.);
#6110 = EDGE_CURVE('',#6082,#5900,#6111,.T.);
#6111 = SURFACE_CURVE('',#6112,(#6122,#6135),.PCURVE_S1.);
#6112 = B_SPLINE_CURVE_WITH_KNOTS('',5,(#6113,#6114,#6115,#6116,#6117,
    #6118,#6119,#6120,#6121),.UNSPECIFIED.,.F.,.F.,(6,1,1,1,6),(0.,0.1,
    0.2,0.3,0.348332461333),.UNSPECIFIED.);
#6113 = CARTESIAN_POINT('',(-37.60483399093,-19.95,346.36634823262));
#6114 = CARTESIAN_POINT('',(-36.76500247899,-19.95,342.55156685495));
#6115 = CARTESIAN_POINT('',(-35.1523536999,-19.95,335.00398034611));
#6116 = CARTESIAN_POINT('',(-32.93441697481,-19.95,323.92852162694));
#6117 = CARTESIAN_POINT('',(-30.71509702349,-19.95,311.50413053554));
#6118 = CARTESIAN_POINT('',(-28.9406155657,-19.95,299.62389524408));
#6119 = CARTESIAN_POINT('',(-27.92273106887,-19.95,291.4566233348));
#6120 = CARTESIAN_POINT('',(-27.40814119414,-19.95,286.69245867159));
#6121 = CARTESIAN_POINT('',(-27.25056887408,-19.95,285.15246549285));
#6122 = PCURVE('',#5915,#6123);
#6123 = DEFINITIONAL_REPRESENTATION('',(#6124),#6134);
#6124 = B_SPLINE_CURVE_WITH_KNOTS('',5,(#6125,#6126,#6127,#6128,#6129,
    #6130,#6131,#6132,#6133),.UNSPECIFIED.,.F.,.F.,(6,1,1,1,6),(0.,0.1,
    0.2,0.3,0.348332461333),.UNSPECIFIED.);
#6125 = CARTESIAN_POINT('',(37.604833990925,43.10694136988));
#6126 = CARTESIAN_POINT('',(36.765002478985,39.29215999221));
#6127 = CARTESIAN_POINT('',(35.152353699895,31.74457348337));
#6128 = CARTESIAN_POINT('',(32.934416974805,20.6691147642));
#6129 = CARTESIAN_POINT('',(30.715097023485,8.2447236728));
#6130 = CARTESIAN_POINT('',(28.940615565695,-3.63551161866));
#6131 = CARTESIAN_POINT('',(27.922731068865,-11.80278352794));
#6132 = CARTESIAN_POINT('',(27.408141194135,-16.56694819115));
#6133 = CARTESIAN_POINT('',(27.250568874075,-18.10694136989));
#6134 = ( GEOMETRIC_REPRESENTATION_CONTEXT(2) 
PARAMETRIC_REPRESENTATION_CONTEXT() REPRESENTATION_CONTEXT('2D SPACE',''
  ) );
#6135 = PCURVE('',#5381,#6136);
#6136 = DEFINITIONAL_REPRESENTATION('',(#6137),#6141);
#6137 = LINE('',#6138,#6139);
#6138 = CARTESIAN_POINT('',(1.764851024466E-16,5.55));
#6139 = VECTOR('',#6140,1.);
#6140 = DIRECTION('',(1.,0.));
#6141 = ( GEOMETRIC_REPRESENTATION_CONTEXT(2) 
PARAMETRIC_REPRESENTATION_CONTEXT() REPRESENTATION_CONTEXT('2D SPACE',''
  ) );
#6142 = ADVANCED_FACE('',(#6143),#5480,.T.);
#6143 = FACE_BOUND('',#6144,.T.);
#6144 = EDGE_LOOP('',(#6145,#6146,#6147,#6148,#6183,#6203));
#6145 = ORIENTED_EDGE('',*,*,#5996,.F.);
#6146 = ORIENTED_EDGE('',*,*,#5745,.F.);
#6147 = ORIENTED_EDGE('',*,*,#5461,.F.);
#6148 = ORIENTED_EDGE('',*,*,#6149,.F.);
#6149 = EDGE_CURVE('',#6150,#5434,#6152,.T.);
#6150 = VERTEX_POINT('',#6151);
#6151 = CARTESIAN_POINT('',(37.604833990935,35.55,346.36634823262));
#6152 = SURFACE_CURVE('',#6153,(#6163,#6170),.PCURVE_S1.);
#6153 = B_SPLINE_CURVE_WITH_KNOTS('',5,(#6154,#6155,#6156,#6157,#6158,
    #6159,#6160,#6161,#6162),.UNSPECIFIED.,.F.,.F.,(6,1,1,1,6),(0.,0.1,
    0.2,0.3,0.348332461333),.UNSPECIFIED.);
#6154 = CARTESIAN_POINT('',(37.604833990935,35.55,346.36634823262));
#6155 = CARTESIAN_POINT('',(36.765002478991,35.55,342.55156685495));
#6156 = CARTESIAN_POINT('',(35.152353699902,35.55,335.00398034611));
#6157 = CARTESIAN_POINT('',(32.934416974815,35.55,323.92852162694));
#6158 = CARTESIAN_POINT('',(30.715097023496,35.55,311.50413053554));
#6159 = CARTESIAN_POINT('',(28.940615565702,35.55,299.62389524408));
#6160 = CARTESIAN_POINT('',(27.92273106887,35.55,291.4566233348));
#6161 = CARTESIAN_POINT('',(27.408141194147,35.55,286.69245867159));
#6162 = CARTESIAN_POINT('',(27.250568874085,35.55,285.15246549285));
#6163 = PCURVE('',#5480,#6164);
#6164 = DEFINITIONAL_REPRESENTATION('',(#6165),#6169);
#6165 = LINE('',#6166,#6167);
#6166 = CARTESIAN_POINT('',(-1.314195615209E-16,4.38437806026E-16));
#6167 = VECTOR('',#6168,1.);
#6168 = DIRECTION('',(-1.,-1.258676278254E-15));
#6169 = ( GEOMETRIC_REPRESENTATION_CONTEXT(2) 
PARAMETRIC_REPRESENTATION_CONTEXT() REPRESENTATION_CONTEXT('2D SPACE',''
  ) );
#6170 = PCURVE('',#5449,#6171);
#6171 = DEFINITIONAL_REPRESENTATION('',(#6172),#6182);
#6172 = B_SPLINE_CURVE_WITH_KNOTS('',5,(#6173,#6174,#6175,#6176,#6177,
    #6178,#6179,#6180,#6181),.UNSPECIFIED.,.F.,.F.,(6,1,1,1,6),(0.,0.1,
    0.2,0.3,0.348332461333),.UNSPECIFIED.);
#6173 = CARTESIAN_POINT('',(-37.60483399094,43.10694136988));
#6174 = CARTESIAN_POINT('',(-36.76500247899,39.29215999221));
#6175 = CARTESIAN_POINT('',(-35.1523536999,31.74457348337));
#6176 = CARTESIAN_POINT('',(-32.93441697482,20.6691147642));
#6177 = CARTESIAN_POINT('',(-30.7150970235,8.2447236728));
#6178 = CARTESIAN_POINT('',(-28.9406155657,-3.63551161866));
#6179 = CARTESIAN_POINT('',(-27.92273106887,-11.80278352794));
#6180 = CARTESIAN_POINT('',(-27.40814119415,-16.56694819115));
#6181 = CARTESIAN_POINT('',(-27.25056887409,-18.10694136989));
#6182 = ( GEOMETRIC_REPRESENTATION_CONTEXT(2) 
PARAMETRIC_REPRESENTATION_CONTEXT() REPRESENTATION_CONTEXT('2D SPACE',''
  ) );
#6183 = ORIENTED_EDGE('',*,*,#6184,.T.);
#6184 = EDGE_CURVE('',#6150,#6047,#6185,.T.);
#6185 = SURFACE_CURVE('',#6186,(#6190,#6196),.PCURVE_S1.);
#6186 = LINE('',#6187,#6188);
#6187 = CARTESIAN_POINT('',(37.604833990935,35.55,346.36634823262));
#6188 = VECTOR('',#6189,1.);
#6189 = DIRECTION('',(0.,-1.,0.));
#6190 = PCURVE('',#5480,#6191);
#6191 = DEFINITIONAL_REPRESENTATION('',(#6192),#6195);
#6192 = B_SPLINE_CURVE_WITH_KNOTS('',1,(#6193,#6194),.UNSPECIFIED.,.F.,
  .F.,(2,2),(0.,55.5),.PIECEWISE_BEZIER_KNOTS.);
#6193 = CARTESIAN_POINT('',(-1.235975519421E-16,4.38437806026E-16));
#6194 = CARTESIAN_POINT('',(-1.314195615209E-16,5.55));
#6195 = ( GEOMETRIC_REPRESENTATION_CONTEXT(2) 
PARAMETRIC_REPRESENTATION_CONTEXT() REPRESENTATION_CONTEXT('2D SPACE',''
  ) );
#6196 = PCURVE('',#6098,#6197);
#6197 = DEFINITIONAL_REPRESENTATION('',(#6198),#6202);
#6198 = LINE('',#6199,#6200);
#6199 = CARTESIAN_POINT('',(2.793781022299,0.));
#6200 = VECTOR('',#6201,1.);
#6201 = DIRECTION('',(0.,1.));
#6202 = ( GEOMETRIC_REPRESENTATION_CONTEXT(2) 
PARAMETRIC_REPRESENTATION_CONTEXT() REPRESENTATION_CONTEXT('2D SPACE',''
  ) );
#6203 = ORIENTED_EDGE('',*,*,#6046,.F.);
#6204 = ADVANCED_FACE('',(#6205),#5245,.T.);
#6205 = FACE_BOUND('',#6206,.T.);
#6206 = EDGE_LOOP('',(#6207,#6208,#6209,#6210));
#6207 = ORIENTED_EDGE('',*,*,#5222,.F.);
#6208 = ORIENTED_EDGE('',*,*,#5639,.F.);
#6209 = ORIENTED_EDGE('',*,*,#5974,.F.);
#6210 = ORIENTED_EDGE('',*,*,#5871,.F.);
#6211 = ADVANCED_FACE('',(#6212),#5381,.T.);
#6212 = FACE_BOUND('',#6213,.T.);
#6213 = EDGE_LOOP('',(#6214,#6215,#6216,#6238,#6271,#6272));
#6214 = ORIENTED_EDGE('',*,*,#5927,.F.);
#6215 = ORIENTED_EDGE('',*,*,#6110,.F.);
#6216 = ORIENTED_EDGE('',*,*,#6217,.F.);
#6217 = EDGE_CURVE('',#6218,#6082,#6220,.T.);
#6218 = VERTEX_POINT('',#6219);
#6219 = CARTESIAN_POINT('',(-37.60483399093,35.55,346.36634823262));
#6220 = SURFACE_CURVE('',#6221,(#6225,#6231),.PCURVE_S1.);
#6221 = LINE('',#6222,#6223);
#6222 = CARTESIAN_POINT('',(-37.60483399093,35.55,346.36634823262));
#6223 = VECTOR('',#6224,1.);
#6224 = DIRECTION('',(0.,-1.,0.));
#6225 = PCURVE('',#5381,#6226);
#6226 = DEFINITIONAL_REPRESENTATION('',(#6227),#6230);
#6227 = B_SPLINE_CURVE_WITH_KNOTS('',1,(#6228,#6229),.UNSPECIFIED.,.F.,
  .F.,(2,2),(0.,55.5),.PIECEWISE_BEZIER_KNOTS.);
#6228 = CARTESIAN_POINT('',(1.764851024466E-16,4.38437806026E-16));
#6229 = CARTESIAN_POINT('',(1.686630928679E-16,5.55));
#6230 = ( GEOMETRIC_REPRESENTATION_CONTEXT(2) 
PARAMETRIC_REPRESENTATION_CONTEXT() REPRESENTATION_CONTEXT('2D SPACE',''
  ) );
#6231 = PCURVE('',#6098,#6232);
#6232 = DEFINITIONAL_REPRESENTATION('',(#6233),#6237);
#6233 = LINE('',#6234,#6235);
#6234 = CARTESIAN_POINT('',(0.347811631291,0.));
#6235 = VECTOR('',#6236,1.);
#6236 = DIRECTION('',(0.,1.));
#6237 = ( GEOMETRIC_REPRESENTATION_CONTEXT(2) 
PARAMETRIC_REPRESENTATION_CONTEXT() REPRESENTATION_CONTEXT('2D SPACE',''
  ) );
#6238 = ORIENTED_EDGE('',*,*,#6239,.T.);
#6239 = EDGE_CURVE('',#6218,#5363,#6240,.T.);
#6240 = SURFACE_CURVE('',#6241,(#6251,#6258),.PCURVE_S1.);
#6241 = B_SPLINE_CURVE_WITH_KNOTS('',5,(#6242,#6243,#6244,#6245,#6246,
    #6247,#6248,#6249,#6250),.UNSPECIFIED.,.F.,.F.,(6,1,1,1,6),(0.,0.1,
    0.2,0.3,0.348332461333),.UNSPECIFIED.);
#6242 = CARTESIAN_POINT('',(-37.60483399093,35.55,346.36634823262));
#6243 = CARTESIAN_POINT('',(-36.76500247899,35.55,342.55156685495));
#6244 = CARTESIAN_POINT('',(-35.1523536999,35.55,335.00398034611));
#6245 = CARTESIAN_POINT('',(-32.93441697481,35.55,323.92852162694));
#6246 = CARTESIAN_POINT('',(-30.71509702349,35.55,311.50413053554));
#6247 = CARTESIAN_POINT('',(-28.9406155657,35.55,299.62389524408));
#6248 = CARTESIAN_POINT('',(-27.92273106887,35.55,291.4566233348));
#6249 = CARTESIAN_POINT('',(-27.40814119414,35.55,286.69245867159));
#6250 = CARTESIAN_POINT('',(-27.25056887408,35.55,285.15246549285));
#6251 = PCURVE('',#5381,#6252);
#6252 = DEFINITIONAL_REPRESENTATION('',(#6253),#6257);
#6253 = LINE('',#6254,#6255);
#6254 = CARTESIAN_POINT('',(1.686630928679E-16,4.38437806026E-16));
#6255 = VECTOR('',#6256,1.);
#6256 = DIRECTION('',(1.,0.));
#6257 = ( GEOMETRIC_REPRESENTATION_CONTEXT(2) 
PARAMETRIC_REPRESENTATION_CONTEXT() REPRESENTATION_CONTEXT('2D SPACE',''
  ) );
#6258 = PCURVE('',#5449,#6259);
#6259 = DEFINITIONAL_REPRESENTATION('',(#6260),#6270);
#6260 = B_SPLINE_CURVE_WITH_KNOTS('',5,(#6261,#6262,#6263,#6264,#6265,
    #6266,#6267,#6268,#6269),.UNSPECIFIED.,.F.,.F.,(6,1,1,1,6),(0.,0.1,
    0.2,0.3,0.348332461333),.UNSPECIFIED.);
#6261 = CARTESIAN_POINT('',(37.604833990925,43.10694136988));
#6262 = CARTESIAN_POINT('',(36.765002478985,39.29215999221));
#6263 = CARTESIAN_POINT('',(35.152353699895,31.74457348337));
#6264 = CARTESIAN_POINT('',(32.934416974805,20.6691147642));
#6265 = CARTESIAN_POINT('',(30.715097023485,8.2447236728));
#6266 = CARTESIAN_POINT('',(28.940615565695,-3.63551161866));
#6267 = CARTESIAN_POINT('',(27.922731068865,-11.80278352794));
#6268 = CARTESIAN_POINT('',(27.408141194135,-16.56694819115));
#6269 = CARTESIAN_POINT('',(27.250568874075,-18.10694136989));
#6270 = ( GEOMETRIC_REPRESENTATION_CONTEXT(2) 
PARAMETRIC_REPRESENTATION_CONTEXT() REPRESENTATION_CONTEXT('2D SPACE',''
  ) );
#6271 = ORIENTED_EDGE('',*,*,#5362,.F.);
#6272 = ORIENTED_EDGE('',*,*,#5771,.F.);
#6273 = ADVANCED_FACE('',(#6274),#6098,.F.);
#6274 = FACE_BOUND('',#6275,.F.);
#6275 = EDGE_LOOP('',(#6276,#6277,#6278,#6279));
#6276 = ORIENTED_EDGE('',*,*,#6184,.T.);
#6277 = ORIENTED_EDGE('',*,*,#6081,.T.);
#6278 = ORIENTED_EDGE('',*,*,#6217,.F.);
#6279 = ORIENTED_EDGE('',*,*,#6280,.F.);
#6280 = EDGE_CURVE('',#6150,#6218,#6281,.T.);
#6281 = SURFACE_CURVE('',#6282,(#6287,#6294),.PCURVE_S1.);
#6282 = CIRCLE('',#6283,39.999999999999);
#6283 = AXIS2_PLACEMENT_3D('',#6284,#6285,#6286);
#6284 = CARTESIAN_POINT('',(-5.305035779445E-12,35.55,359.99999999999));
#6285 = DIRECTION('',(3.503246160812E-46,1.,1.751623080406E-46));
#6286 = DIRECTION('',(-1.,3.503246160812E-46,0.));
#6287 = PCURVE('',#6098,#6288);
#6288 = DEFINITIONAL_REPRESENTATION('',(#6289),#6293);
#6289 = LINE('',#6290,#6291);
#6290 = CARTESIAN_POINT('',(6.28318530718,0.));
#6291 = VECTOR('',#6292,1.);
#6292 = DIRECTION('',(-1.,0.));
#6293 = ( GEOMETRIC_REPRESENTATION_CONTEXT(2) 
PARAMETRIC_REPRESENTATION_CONTEXT() REPRESENTATION_CONTEXT('2D SPACE',''
  ) );
#6294 = PCURVE('',#5449,#6295);
#6295 = DEFINITIONAL_REPRESENTATION('',(#6296),#6300);
#6296 = CIRCLE('',#6297,39.999999999999);
#6297 = AXIS2_PLACEMENT_2D('',#6298,#6299);
#6298 = CARTESIAN_POINT('',(6.15453723428E-13,56.74059313725));
#6299 = DIRECTION('',(1.,0.));
#6300 = ( GEOMETRIC_REPRESENTATION_CONTEXT(2) 
PARAMETRIC_REPRESENTATION_CONTEXT() REPRESENTATION_CONTEXT('2D SPACE',''
  ) );
#6301 = ADVANCED_FACE('',(#6302),#5449,.T.);
#6302 = FACE_BOUND('',#6303,.T.);
#6303 = EDGE_LOOP('',(#6304,#6305,#6306,#6307));
#6304 = ORIENTED_EDGE('',*,*,#5433,.F.);
#6305 = ORIENTED_EDGE('',*,*,#6239,.F.);
#6306 = ORIENTED_EDGE('',*,*,#6280,.F.);
#6307 = ORIENTED_EDGE('',*,*,#6149,.T.);
#6308 = ( GEOMETRIC_REPRESENTATION_CONTEXT(3) 
GLOBAL_UNCERTAINTY_ASSIGNED_CONTEXT((#6312)) 
GLOBAL_UNIT_ASSIGNED_CONTEXT((#6309,#6310,#6311)) REPRESENTATION_CONTEXT
('Context #1','3D Context with UNIT and UNCERTAINTY') );
#6309 = ( LENGTH_UNIT() NAMED_UNIT(*) SI_UNIT(.MILLI.,.METRE.) );
#6310 = ( NAMED_UNIT(*) PLANE_ANGLE_UNIT() SI_UNIT($,.RADIAN.) );
#6311 = ( NAMED_UNIT(*) SI_UNIT($,.STERADIAN.) SOLID_ANGLE_UNIT() );
#6312 = UNCERTAINTY_MEASURE_WITH_UNIT(LENGTH_MEASURE(2.E-03),#6309,
  'distance_accuracy_value','confusion accuracy');
#6313 = CONTEXT_DEPENDENT_SHAPE_REPRESENTATION(#6314,#6316);
#6314 = ( REPRESENTATION_RELATIONSHIP('','',#5215,#10) 
REPRESENTATION_RELATIONSHIP_WITH_TRANSFORMATION(#6315) 
SHAPE_REPRESENTATION_RELATIONSHIP() );
#6315 = ITEM_DEFINED_TRANSFORMATION('','',#11,#27);
#6316 = PRODUCT_DEFINITION_SHAPE('Placement','Placement of an item',
  #6317);
#6317 = NEXT_ASSEMBLY_USAGE_OCCURRENCE('148','','',#5,#5210,$);
#6318 = PRODUCT_RELATED_PRODUCT_CATEGORY('part',$,(#5212));
#6319 = SHAPE_DEFINITION_REPRESENTATION(#6320,#6326);
#6320 = PRODUCT_DEFINITION_SHAPE('','',#6321);
#6321 = PRODUCT_DEFINITION('design','',#6322,#6325);
#6322 = PRODUCT_DEFINITION_FORMATION('','',#6323);
#6323 = PRODUCT('Open CASCADE STEP translator 7.9 45.5',
  'Open CASCADE STEP translator 7.9 45.5','',(#6324));
#6324 = PRODUCT_CONTEXT('',#2,'mechanical');
#6325 = PRODUCT_DEFINITION_CONTEXT('part definition',#2,'design');
#6326 = ADVANCED_BREP_SHAPE_REPRESENTATION('',(#11,#6327),#6930);
#6327 = MANIFOLD_SOLID_BREP('',#6328);
#6328 = CLOSED_SHELL('',(#6329,#6619,#6718,#6767,#6794,#6846,#6895,#6923
    ));
#6329 = ADVANCED_FACE('',(#6330),#6360,.T.);
#6330 = FACE_BOUND('',#6331,.T.);
#6331 = EDGE_LOOP('',(#6332,#6471,#6499,#6532,#6560,#6593));
#6332 = ORIENTED_EDGE('',*,*,#6333,.T.);
#6333 = EDGE_CURVE('',#6334,#6336,#6338,.T.);
#6334 = VERTEX_POINT('',#6335);
#6335 = CARTESIAN_POINT('',(-26.45751311063,-19.99999999999,390.));
#6336 = VERTEX_POINT('',#6337);
#6337 = CARTESIAN_POINT('',(26.457513110635,-19.99999999999,390.));
#6338 = SURFACE_CURVE('',#6339,(#6359,#6415),.PCURVE_S1.);
#6339 = B_SPLINE_CURVE_WITH_KNOTS('',3,(#6340,#6341,#6342,#6343,#6344,
    #6345,#6346,#6347,#6348,#6349,#6350,#6351,#6352,#6353,#6354,#6355,
    #6356,#6357,#6358),.UNSPECIFIED.,.F.,.F.,(4,2,2,2,3,2,2,2,4),(
    21.658189360668,22.277059006349,23.003936870795,23.730814735242,
    24.457692599688,25.184570464135,25.911448328581,26.638326193028,
    27.257195838708),.UNSPECIFIED.);
#6340 = CARTESIAN_POINT('',(-26.45751311063,-19.99999999999,390.));
#6341 = CARTESIAN_POINT('',(-24.90004720524,-19.99999999999,
    391.37355582037));
#6342 = CARTESIAN_POINT('',(-23.20532833714,-19.8576541428,
    392.65068678087));
#6343 = CARTESIAN_POINT('',(-19.28473831584,-19.37808704484,
    395.13377282778));
#6344 = CARTESIAN_POINT('',(-17.01733718877,-19.01184609515,
    396.28812287949));
#6345 = CARTESIAN_POINT('',(-12.30340649293,-18.29343701576,
    398.14502826946));
#6346 = CARTESIAN_POINT('',(-9.852937603792,-17.94357813461,
    398.84888373138));
#6347 = CARTESIAN_POINT('',(-4.912909290808,-17.45544201704,
    399.77661954511));
#6348 = CARTESIAN_POINT('',(-2.422926214823,-17.32050807569,
    399.99999999999));
#6349 = CARTESIAN_POINT('',(-1.474376176702E-12,-17.32050807569,
    399.99999999999));
#6350 = CARTESIAN_POINT('',(2.42292621482,-17.32050807569,
    399.99999999999));
#6351 = CARTESIAN_POINT('',(4.912909290805,-17.45544201704,
    399.77661954511));
#6352 = CARTESIAN_POINT('',(9.852937603789,-17.94357813461,
    398.84888373138));
#6353 = CARTESIAN_POINT('',(12.303406492936,-18.29343701576,
    398.14502826946));
#6354 = CARTESIAN_POINT('',(17.017337188772,-19.01184609515,
    396.28812287949));
#6355 = CARTESIAN_POINT('',(19.284738315843,-19.37808704484,
    395.13377282778));
#6356 = CARTESIAN_POINT('',(23.205328337146,-19.8576541428,
    392.65068678087));
#6357 = CARTESIAN_POINT('',(24.900047205245,-19.99999999999,
    391.37355582037));
#6358 = CARTESIAN_POINT('',(26.457513110635,-19.99999999999,390.));
#6359 = PCURVE('',#6360,#6365);
#6360 = CYLINDRICAL_SURFACE('',#6361,20.);
#6361 = AXIS2_PLACEMENT_3D('',#6362,#6363,#6364);
#6362 = CARTESIAN_POINT('',(-20.,5.329070518201E-13,390.));
#6363 = DIRECTION('',(-1.,-2.150902824544E-60,0.));
#6364 = DIRECTION('',(1.520917972908E-60,-0.707106781187,0.707106781187)
  );
#6365 = DEFINITIONAL_REPRESENTATION('',(#6366),#6414);
#6366 = B_SPLINE_CURVE_WITH_KNOTS('',3,(#6367,#6368,#6369,#6370,#6371,
    #6372,#6373,#6374,#6375,#6376,#6377,#6378,#6379,#6380,#6381,#6382,
    #6383,#6384,#6385,#6386,#6387,#6388,#6389,#6390,#6391,#6392,#6393,
    #6394,#6395,#6396,#6397,#6398,#6399,#6400,#6401,#6402,#6403,#6404,
    #6405,#6406,#6407,#6408,#6409,#6410,#6411,#6412,#6413),
  .UNSPECIFIED.,.F.,.F.,(4,1,1,1,1,1,1,1,1,1,1,1,1,1,1,1,1,1,1,1,1,1,1,1
    ,1,1,1,1,1,1,1,1,1,1,1,1,1,1,1,1,1,1,1,1,4),(21.658189360668,
    21.785439507896,21.912689655125,22.039939802353,22.167189949581,
    22.294440096809,22.421690244037,22.548940391266,22.676190538494,
    22.803440685722,22.93069083295,23.057940980178,23.185191127406,
    23.312441274635,23.439691421863,23.566941569091,23.694191716319,
    23.821441863547,23.948692010776,24.075942158004,24.203192305232,
    24.33044245246,24.457692599688,24.584942746916,24.712192894145,
    24.839443041373,24.966693188601,25.093943335829,25.221193483057,
    25.348443630286,25.475693777514,25.602943924742,25.73019407197,
    25.857444219198,25.984694366426,26.111944513655,26.239194660883,
    26.366444808111,26.493694955339,26.620945102567,26.748195249796,
    26.875445397024,27.002695544252,27.12994569148,27.257195838708),
  .UNSPECIFIED.);
#6367 = CARTESIAN_POINT('',(5.497787143782,6.457513110637));
#6368 = CARTESIAN_POINT('',(5.511907315998,6.137271574884));
#6369 = CARTESIAN_POINT('',(5.539744399389,5.485182859296));
#6370 = CARTESIAN_POINT('',(5.580243741641,4.473745708747));
#6371 = CARTESIAN_POINT('',(5.619445423867,3.430518008485));
#6372 = CARTESIAN_POINT('',(5.657290140079,2.357010932661));
#6373 = CARTESIAN_POINT('',(5.693708206585,1.254744396259));
#6374 = CARTESIAN_POINT('',(5.728619790341,0.125202156264));
#6375 = CARTESIAN_POINT('',(5.761968385807,-1.029678257028));
#6376 = CARTESIAN_POINT('',(5.79368461637,-2.207959841247));
#6377 = CARTESIAN_POINT('',(5.823688507894,-3.407698470712));
#6378 = CARTESIAN_POINT('',(5.851891894418,-4.626977985059));
#6379 = CARTESIAN_POINT('',(5.878192103232,-5.863777485963));
#6380 = CARTESIAN_POINT('',(5.902505228874,-7.116824637377));
#6381 = CARTESIAN_POINT('',(5.924767556458,-8.383657407164));
#6382 = CARTESIAN_POINT('',(5.944904238344,-9.661915685237));
#6383 = CARTESIAN_POINT('',(5.962835332189,-10.94921695814));
#6384 = CARTESIAN_POINT('',(5.978479516177,-12.24316640383));
#6385 = CARTESIAN_POINT('',(5.99173514092,-13.54144083803));
#6386 = CARTESIAN_POINT('',(6.002562834401,-14.84140941504));
#6387 = CARTESIAN_POINT('',(6.010978650361,-16.14030759703));
#6388 = CARTESIAN_POINT('',(6.016984875356,-17.43504480232));
#6389 = CARTESIAN_POINT('',(6.020586263429,-18.72393893018));
#6390 = CARTESIAN_POINT('',(6.021785747356,-19.99999999999));
#6391 = CARTESIAN_POINT('',(6.020586263429,-21.27606106981));
#6392 = CARTESIAN_POINT('',(6.016984875356,-22.56495519767));
#6393 = CARTESIAN_POINT('',(6.010978650361,-23.85969240296));
#6394 = CARTESIAN_POINT('',(6.002562834401,-25.15859058494));
#6395 = CARTESIAN_POINT('',(5.99173514092,-26.45855916196));
#6396 = CARTESIAN_POINT('',(5.978479516177,-27.75683359616));
#6397 = CARTESIAN_POINT('',(5.962835332189,-29.05078304185));
#6398 = CARTESIAN_POINT('',(5.944904238344,-30.33808431476));
#6399 = CARTESIAN_POINT('',(5.924767556458,-31.61634259283));
#6400 = CARTESIAN_POINT('',(5.902505228874,-32.88317536262));
#6401 = CARTESIAN_POINT('',(5.878192103232,-34.13622251403));
#6402 = CARTESIAN_POINT('',(5.851891894418,-35.37302201493));
#6403 = CARTESIAN_POINT('',(5.823688507894,-36.59230152928));
#6404 = CARTESIAN_POINT('',(5.79368461637,-37.79204015875));
#6405 = CARTESIAN_POINT('',(5.761968385807,-38.97032174297));
#6406 = CARTESIAN_POINT('',(5.728619790341,-40.12520215626));
#6407 = CARTESIAN_POINT('',(5.693708206585,-41.25474439625));
#6408 = CARTESIAN_POINT('',(5.657290140079,-42.35701093265));
#6409 = CARTESIAN_POINT('',(5.619445423867,-43.43051800848));
#6410 = CARTESIAN_POINT('',(5.580243741641,-44.47374570874));
#6411 = CARTESIAN_POINT('',(5.539744399389,-45.48518285929));
#6412 = CARTESIAN_POINT('',(5.511907315998,-46.13727157488));
#6413 = CARTESIAN_POINT('',(5.497787143782,-46.45751311063));
#6414 = ( GEOMETRIC_REPRESENTATION_CONTEXT(2) 
PARAMETRIC_REPRESENTATION_CONTEXT() REPRESENTATION_CONTEXT('2D SPACE',''
  ) );
#6415 = PCURVE('',#6416,#6421);
#6416 = CYLINDRICAL_SURFACE('',#6417,40.);
#6417 = AXIS2_PLACEMENT_3D('',#6418,#6419,#6420);
#6418 = CARTESIAN_POINT('',(-1.473404731556E-12,-19.99999999999,
    359.99999999999));
#6419 = DIRECTION('',(0.,1.,0.));
#6420 = DIRECTION('',(1.,0.,0.));
#6421 = DEFINITIONAL_REPRESENTATION('',(#6422),#6470);
#6422 = B_SPLINE_CURVE_WITH_KNOTS('',3,(#6423,#6424,#6425,#6426,#6427,
    #6428,#6429,#6430,#6431,#6432,#6433,#6434,#6435,#6436,#6437,#6438,
    #6439,#6440,#6441,#6442,#6443,#6444,#6445,#6446,#6447,#6448,#6449,
    #6450,#6451,#6452,#6453,#6454,#6455,#6456,#6457,#6458,#6459,#6460,
    #6461,#6462,#6463,#6464,#6465,#6466,#6467,#6468,#6469),
  .UNSPECIFIED.,.F.,.F.,(4,1,1,1,1,1,1,1,1,1,1,1,1,1,1,1,1,1,1,1,1,1,1,1
    ,1,1,1,1,1,1,1,1,1,1,1,1,1,1,1,1,1,1,1,1,4),(21.658189360668,
    21.785439507896,21.912689655125,22.039939802353,22.167189949581,
    22.294440096809,22.421690244037,22.548940391266,22.676190538494,
    22.803440685722,22.93069083295,23.057940980178,23.185191127406,
    23.312441274635,23.439691421863,23.566941569091,23.694191716319,
    23.821441863547,23.948692010776,24.075942158004,24.203192305232,
    24.33044245246,24.457692599688,24.584942746916,24.712192894145,
    24.839443041373,24.966693188601,25.093943335829,25.221193483057,
    25.348443630286,25.475693777514,25.602943924742,25.73019407197,
    25.857444219198,25.984694366426,26.111944513655,26.239194660883,
    26.366444808111,26.493694955339,26.620945102567,26.748195249796,
    26.875445397024,27.002695544252,27.12994569148,27.257195838708),
  .UNSPECIFIED.);
#6423 = CARTESIAN_POINT('',(3.989654732572,0.));
#6424 = CARTESIAN_POINT('',(4.000329503277,5.33081603535E-15));
#6425 = CARTESIAN_POINT('',(4.021761636747,1.203639928963E-02));
#6426 = CARTESIAN_POINT('',(4.0541302791,6.285316670586E-02));
#6427 = CARTESIAN_POINT('',(4.086691653302,0.143088600755));
#6428 = CARTESIAN_POINT('',(4.119419365988,0.249386853205));
#6429 = CARTESIAN_POINT('',(4.152287957018,0.378437933821));
#6430 = CARTESIAN_POINT('',(4.185275352378,0.526753178008));
#6431 = CARTESIAN_POINT('',(4.218360730974,0.690589145429));
#6432 = CARTESIAN_POINT('',(4.251522291598,0.866285195851));
#6433 = CARTESIAN_POINT('',(4.284738297085,1.050160211718));
#6434 = CARTESIAN_POINT('',(4.317988457346,1.238532184664));
#6435 = CARTESIAN_POINT('',(4.351249711356,1.427743146887));
#6436 = CARTESIAN_POINT('',(4.384524086506,1.613854225484));
#6437 = CARTESIAN_POINT('',(4.417787234003,1.793840369612));
#6438 = CARTESIAN_POINT('',(4.4510153645,1.964580965971));
#6439 = CARTESIAN_POINT('',(4.484183888997,2.122955206496));
#6440 = CARTESIAN_POINT('',(4.517267933782,2.265938624635));
#6441 = CARTESIAN_POINT('',(4.550244212337,2.390121582547));
#6442 = CARTESIAN_POINT('',(4.58308570896,2.493424825716));
#6443 = CARTESIAN_POINT('',(4.615761846336,2.575296952182));
#6444 = CARTESIAN_POINT('',(4.648231484023,2.634832625126));
#6445 = CARTESIAN_POINT('',(4.680487454179,2.671221376865));
#6446 = CARTESIAN_POINT('',(4.712388980385,2.683627198027));
#6447 = CARTESIAN_POINT('',(4.74429050659,2.671221376865));
#6448 = CARTESIAN_POINT('',(4.776546476746,2.634832625126));
#6449 = CARTESIAN_POINT('',(4.809016114433,2.575296952182));
#6450 = CARTESIAN_POINT('',(4.841692251809,2.493424825716));
#6451 = CARTESIAN_POINT('',(4.874533748433,2.390121582547));
#6452 = CARTESIAN_POINT('',(4.907510026988,2.265938624635));
#6453 = CARTESIAN_POINT('',(4.940594071772,2.122955206496));
#6454 = CARTESIAN_POINT('',(4.973762596269,1.964580965971));
#6455 = CARTESIAN_POINT('',(5.006990726766,1.793840369612));
#6456 = CARTESIAN_POINT('',(5.040253874264,1.613854225484));
#6457 = CARTESIAN_POINT('',(5.073528249414,1.427743146887));
#6458 = CARTESIAN_POINT('',(5.106789503424,1.238532184664));
#6459 = CARTESIAN_POINT('',(5.140039663684,1.050160211718));
#6460 = CARTESIAN_POINT('',(5.173255669171,0.866285195851));
#6461 = CARTESIAN_POINT('',(5.206417229795,0.690589145429));
#6462 = CARTESIAN_POINT('',(5.239502608391,0.526753178008));
#6463 = CARTESIAN_POINT('',(5.272490003752,0.378437933821));
#6464 = CARTESIAN_POINT('',(5.305358594782,0.249386853205));
#6465 = CARTESIAN_POINT('',(5.338086307467,0.143088600755));
#6466 = CARTESIAN_POINT('',(5.370647681669,6.285316670586E-02));
#6467 = CARTESIAN_POINT('',(5.403016324022,1.203639928963E-02));
#6468 = CARTESIAN_POINT('',(5.424448457493,1.382150624006E-15));
#6469 = CARTESIAN_POINT('',(5.435123228198,0.));
#6470 = ( GEOMETRIC_REPRESENTATION_CONTEXT(2) 
PARAMETRIC_REPRESENTATION_CONTEXT() REPRESENTATION_CONTEXT('2D SPACE',''
  ) );
#6471 = ORIENTED_EDGE('',*,*,#6472,.T.);
#6472 = EDGE_CURVE('',#6336,#6473,#6475,.T.);
#6473 = VERTEX_POINT('',#6474);
#6474 = CARTESIAN_POINT('',(40.,-19.99999999999,390.));
#6475 = SURFACE_CURVE('',#6476,(#6480,#6487),.PCURVE_S1.);
#6476 = LINE('',#6477,#6478);
#6477 = CARTESIAN_POINT('',(-20.,-19.99999999999,390.));
#6478 = VECTOR('',#6479,1.);
#6479 = DIRECTION('',(1.,2.150902824544E-60,0.));
#6480 = PCURVE('',#6360,#6481);
#6481 = DEFINITIONAL_REPRESENTATION('',(#6482),#6486);
#6482 = LINE('',#6483,#6484);
#6483 = CARTESIAN_POINT('',(5.497787143782,0.));
#6484 = VECTOR('',#6485,1.);
#6485 = DIRECTION('',(0.,-1.));
#6486 = ( GEOMETRIC_REPRESENTATION_CONTEXT(2) 
PARAMETRIC_REPRESENTATION_CONTEXT() REPRESENTATION_CONTEXT('2D SPACE',''
  ) );
#6487 = PCURVE('',#6488,#6493);
#6488 = PLANE('',#6489);
#6489 = AXIS2_PLACEMENT_3D('',#6490,#6491,#6492);
#6490 = CARTESIAN_POINT('',(-7.371880883511E-13,-19.99999999999,
    384.99999999999));
#6491 = DIRECTION('',(2.150902824544E-60,-1.,1.272572361909E-90));
#6492 = DIRECTION('',(1.,2.150902824544E-60,0.));
#6493 = DEFINITIONAL_REPRESENTATION('',(#6494),#6498);
#6494 = LINE('',#6495,#6496);
#6495 = CARTESIAN_POINT('',(-19.99999999999,5.00000000001));
#6496 = VECTOR('',#6497,1.);
#6497 = DIRECTION('',(1.,0.));
#6498 = ( GEOMETRIC_REPRESENTATION_CONTEXT(2) 
PARAMETRIC_REPRESENTATION_CONTEXT() REPRESENTATION_CONTEXT('2D SPACE',''
  ) );
#6499 = ORIENTED_EDGE('',*,*,#6500,.T.);
#6500 = EDGE_CURVE('',#6473,#6501,#6503,.T.);
#6501 = VERTEX_POINT('',#6502);
#6502 = CARTESIAN_POINT('',(40.,5.329070518201E-13,410.));
#6503 = SURFACE_CURVE('',#6504,(#6509,#6516),.PCURVE_S1.);
#6504 = CIRCLE('',#6505,20.);
#6505 = AXIS2_PLACEMENT_3D('',#6506,#6507,#6508);
#6506 = CARTESIAN_POINT('',(40.,5.329070518201E-13,390.));
#6507 = DIRECTION('',(-1.,0.,0.));
#6508 = DIRECTION('',(0.,-0.707106781187,0.707106781187));
#6509 = PCURVE('',#6360,#6510);
#6510 = DEFINITIONAL_REPRESENTATION('',(#6511),#6515);
#6511 = LINE('',#6512,#6513);
#6512 = CARTESIAN_POINT('',(0.,-60.));
#6513 = VECTOR('',#6514,1.);
#6514 = DIRECTION('',(1.,0.));
#6515 = ( GEOMETRIC_REPRESENTATION_CONTEXT(2) 
PARAMETRIC_REPRESENTATION_CONTEXT() REPRESENTATION_CONTEXT('2D SPACE',''
  ) );
#6516 = PCURVE('',#6517,#6522);
#6517 = PLANE('',#6518);
#6518 = AXIS2_PLACEMENT_3D('',#6519,#6520,#6521);
#6519 = CARTESIAN_POINT('',(40.,-19.99999999999,410.));
#6520 = DIRECTION('',(1.,0.,0.));
#6521 = DIRECTION('',(0.,0.,-1.));
#6522 = DEFINITIONAL_REPRESENTATION('',(#6523),#6531);
#6523 = ( BOUNDED_CURVE() B_SPLINE_CURVE(2,(#6524,#6525,#6526,#6527,
#6528,#6529,#6530),.UNSPECIFIED.,.T.,.F.) B_SPLINE_CURVE_WITH_KNOTS((1,2
    ,2,2,2,1),(-2.094395102393,0.,2.094395102393,4.188790204786,
6.28318530718,8.377580409573),.UNSPECIFIED.) CURVE() 
GEOMETRIC_REPRESENTATION_ITEM() RATIONAL_B_SPLINE_CURVE((1.,0.5,1.,0.5,
1.,0.5,1.)) REPRESENTATION_ITEM('') );
#6524 = CARTESIAN_POINT('',(5.857864376269,5.85786437626));
#6525 = CARTESIAN_POINT('',(-18.63703305156,30.352761804091));
#6526 = CARTESIAN_POINT('',(14.82361909795,39.318516525772));
#6527 = CARTESIAN_POINT('',(48.284271247462,48.284271247452));
#6528 = CARTESIAN_POINT('',(39.318516525781,14.82361909794));
#6529 = CARTESIAN_POINT('',(30.352761804101,-18.63703305157));
#6530 = CARTESIAN_POINT('',(5.857864376269,5.85786437626));
#6531 = ( GEOMETRIC_REPRESENTATION_CONTEXT(2) 
PARAMETRIC_REPRESENTATION_CONTEXT() REPRESENTATION_CONTEXT('2D SPACE',''
  ) );
#6532 = ORIENTED_EDGE('',*,*,#6533,.T.);
#6533 = EDGE_CURVE('',#6501,#6534,#6536,.T.);
#6534 = VERTEX_POINT('',#6535);
#6535 = CARTESIAN_POINT('',(-40.,5.329070518201E-13,410.));
#6536 = SURFACE_CURVE('',#6537,(#6541,#6548),.PCURVE_S1.);
#6537 = LINE('',#6538,#6539);
#6538 = CARTESIAN_POINT('',(-20.,5.329070518201E-13,410.));
#6539 = VECTOR('',#6540,1.);
#6540 = DIRECTION('',(-1.,-2.150902824544E-60,0.));
#6541 = PCURVE('',#6360,#6542);
#6542 = DEFINITIONAL_REPRESENTATION('',(#6543),#6547);
#6543 = LINE('',#6544,#6545);
#6544 = CARTESIAN_POINT('',(7.068583470577,0.));
#6545 = VECTOR('',#6546,1.);
#6546 = DIRECTION('',(0.,1.));
#6547 = ( GEOMETRIC_REPRESENTATION_CONTEXT(2) 
PARAMETRIC_REPRESENTATION_CONTEXT() REPRESENTATION_CONTEXT('2D SPACE',''
  ) );
#6548 = PCURVE('',#6549,#6554);
#6549 = PLANE('',#6550);
#6550 = AXIS2_PLACEMENT_3D('',#6551,#6552,#6553);
#6551 = CARTESIAN_POINT('',(-40.,-19.99999999999,410.));
#6552 = DIRECTION('',(0.,0.,1.));
#6553 = DIRECTION('',(1.,0.,-0.));
#6554 = DEFINITIONAL_REPRESENTATION('',(#6555),#6559);
#6555 = LINE('',#6556,#6557);
#6556 = CARTESIAN_POINT('',(20.,19.999999999991));
#6557 = VECTOR('',#6558,1.);
#6558 = DIRECTION('',(-1.,-2.150902824544E-60));
#6559 = ( GEOMETRIC_REPRESENTATION_CONTEXT(2) 
PARAMETRIC_REPRESENTATION_CONTEXT() REPRESENTATION_CONTEXT('2D SPACE',''
  ) );
#6560 = ORIENTED_EDGE('',*,*,#6561,.T.);
#6561 = EDGE_CURVE('',#6534,#6562,#6564,.T.);
#6562 = VERTEX_POINT('',#6563);
#6563 = CARTESIAN_POINT('',(-40.,-19.99999999999,390.));
#6564 = SURFACE_CURVE('',#6565,(#6570,#6577),.PCURVE_S1.);
#6565 = CIRCLE('',#6566,20.);
#6566 = AXIS2_PLACEMENT_3D('',#6567,#6568,#6569);
#6567 = CARTESIAN_POINT('',(-40.,5.329070518201E-13,390.));
#6568 = DIRECTION('',(1.,0.,0.));
#6569 = DIRECTION('',(0.,-0.707106781187,0.707106781187));
#6570 = PCURVE('',#6360,#6571);
#6571 = DEFINITIONAL_REPRESENTATION('',(#6572),#6576);
#6572 = LINE('',#6573,#6574);
#6573 = CARTESIAN_POINT('',(12.566370614359,20.));
#6574 = VECTOR('',#6575,1.);
#6575 = DIRECTION('',(-1.,0.));
#6576 = ( GEOMETRIC_REPRESENTATION_CONTEXT(2) 
PARAMETRIC_REPRESENTATION_CONTEXT() REPRESENTATION_CONTEXT('2D SPACE',''
  ) );
#6577 = PCURVE('',#6578,#6583);
#6578 = PLANE('',#6579);
#6579 = AXIS2_PLACEMENT_3D('',#6580,#6581,#6582);
#6580 = CARTESIAN_POINT('',(-40.,-19.99999999999,360.));
#6581 = DIRECTION('',(-1.,0.,0.));
#6582 = DIRECTION('',(0.,1.720676360831E-60,1.));
#6583 = DEFINITIONAL_REPRESENTATION('',(#6584),#6592);
#6584 = ( BOUNDED_CURVE() B_SPLINE_CURVE(2,(#6585,#6586,#6587,#6588,
#6589,#6590,#6591),.UNSPECIFIED.,.T.,.F.) B_SPLINE_CURVE_WITH_KNOTS((1,2
    ,2,2,2,1),(-2.094395102393,0.,2.094395102393,4.188790204786,
6.28318530718,8.377580409573),.UNSPECIFIED.) CURVE() 
GEOMETRIC_REPRESENTATION_ITEM() RATIONAL_B_SPLINE_CURVE((1.,0.5,1.,0.5,
1.,0.5,1.)) REPRESENTATION_ITEM('') );
#6585 = CARTESIAN_POINT('',(44.142135623731,5.85786437626));
#6586 = CARTESIAN_POINT('',(19.647238195899,-18.63703305157));
#6587 = CARTESIAN_POINT('',(10.681483474219,14.82361909794));
#6588 = CARTESIAN_POINT('',(1.715728752538,48.284271247452));
#6589 = CARTESIAN_POINT('',(35.17638090205,39.318516525772));
#6590 = CARTESIAN_POINT('',(68.637033051563,30.352761804091));
#6591 = CARTESIAN_POINT('',(44.142135623731,5.85786437626));
#6592 = ( GEOMETRIC_REPRESENTATION_CONTEXT(2) 
PARAMETRIC_REPRESENTATION_CONTEXT() REPRESENTATION_CONTEXT('2D SPACE',''
  ) );
#6593 = ORIENTED_EDGE('',*,*,#6594,.T.);
#6594 = EDGE_CURVE('',#6562,#6334,#6595,.T.);
#6595 = SURFACE_CURVE('',#6596,(#6600,#6607),.PCURVE_S1.);
#6596 = LINE('',#6597,#6598);
#6597 = CARTESIAN_POINT('',(-20.,-19.99999999999,390.));
#6598 = VECTOR('',#6599,1.);
#6599 = DIRECTION('',(1.,2.150902824544E-60,0.));
#6600 = PCURVE('',#6360,#6601);
#6601 = DEFINITIONAL_REPRESENTATION('',(#6602),#6606);
#6602 = LINE('',#6603,#6604);
#6603 = CARTESIAN_POINT('',(5.497787143782,0.));
#6604 = VECTOR('',#6605,1.);
#6605 = DIRECTION('',(0.,-1.));
#6606 = ( GEOMETRIC_REPRESENTATION_CONTEXT(2) 
PARAMETRIC_REPRESENTATION_CONTEXT() REPRESENTATION_CONTEXT('2D SPACE',''
  ) );
#6607 = PCURVE('',#6608,#6613);
#6608 = PLANE('',#6609);
#6609 = AXIS2_PLACEMENT_3D('',#6610,#6611,#6612);
#6610 = CARTESIAN_POINT('',(-7.371880883511E-13,-19.99999999999,
    384.99999999999));
#6611 = DIRECTION('',(2.150902824544E-60,-1.,1.272572361909E-90));
#6612 = DIRECTION('',(1.,2.150902824544E-60,0.));
#6613 = DEFINITIONAL_REPRESENTATION('',(#6614),#6618);
#6614 = LINE('',#6615,#6616);
#6615 = CARTESIAN_POINT('',(-19.99999999999,5.00000000001));
#6616 = VECTOR('',#6617,1.);
#6617 = DIRECTION('',(1.,0.));
#6618 = ( GEOMETRIC_REPRESENTATION_CONTEXT(2) 
PARAMETRIC_REPRESENTATION_CONTEXT() REPRESENTATION_CONTEXT('2D SPACE',''
  ) );
#6619 = ADVANCED_FACE('',(#6620),#6517,.T.);
#6620 = FACE_BOUND('',#6621,.T.);
#6621 = EDGE_LOOP('',(#6622,#6623,#6646,#6669,#6697));
#6622 = ORIENTED_EDGE('',*,*,#6500,.F.);
#6623 = ORIENTED_EDGE('',*,*,#6624,.F.);
#6624 = EDGE_CURVE('',#6625,#6473,#6627,.T.);
#6625 = VERTEX_POINT('',#6626);
#6626 = CARTESIAN_POINT('',(40.,-19.99999999999,360.));
#6627 = SURFACE_CURVE('',#6628,(#6632,#6639),.PCURVE_S1.);
#6628 = LINE('',#6629,#6630);
#6629 = CARTESIAN_POINT('',(40.,-19.99999999999,360.));
#6630 = VECTOR('',#6631,1.);
#6631 = DIRECTION('',(0.,0.,1.));
#6632 = PCURVE('',#6517,#6633);
#6633 = DEFINITIONAL_REPRESENTATION('',(#6634),#6638);
#6634 = LINE('',#6635,#6636);
#6635 = CARTESIAN_POINT('',(50.,0.));
#6636 = VECTOR('',#6637,1.);
#6637 = DIRECTION('',(-1.,0.));
#6638 = ( GEOMETRIC_REPRESENTATION_CONTEXT(2) 
PARAMETRIC_REPRESENTATION_CONTEXT() REPRESENTATION_CONTEXT('2D SPACE',''
  ) );
#6639 = PCURVE('',#6488,#6640);
#6640 = DEFINITIONAL_REPRESENTATION('',(#6641),#6645);
#6641 = LINE('',#6642,#6643);
#6642 = CARTESIAN_POINT('',(40.000000000001,-24.99999999999));
#6643 = VECTOR('',#6644,1.);
#6644 = DIRECTION('',(0.,1.));
#6645 = ( GEOMETRIC_REPRESENTATION_CONTEXT(2) 
PARAMETRIC_REPRESENTATION_CONTEXT() REPRESENTATION_CONTEXT('2D SPACE',''
  ) );
#6646 = ORIENTED_EDGE('',*,*,#6647,.T.);
#6647 = EDGE_CURVE('',#6625,#6648,#6650,.T.);
#6648 = VERTEX_POINT('',#6649);
#6649 = CARTESIAN_POINT('',(40.,35.5,360.));
#6650 = SURFACE_CURVE('',#6651,(#6655,#6662),.PCURVE_S1.);
#6651 = LINE('',#6652,#6653);
#6652 = CARTESIAN_POINT('',(40.,-19.99999999999,360.));
#6653 = VECTOR('',#6654,1.);
#6654 = DIRECTION('',(0.,1.,0.));
#6655 = PCURVE('',#6517,#6656);
#6656 = DEFINITIONAL_REPRESENTATION('',(#6657),#6661);
#6657 = LINE('',#6658,#6659);
#6658 = CARTESIAN_POINT('',(50.,0.));
#6659 = VECTOR('',#6660,1.);
#6660 = DIRECTION('',(0.,1.));
#6661 = ( GEOMETRIC_REPRESENTATION_CONTEXT(2) 
PARAMETRIC_REPRESENTATION_CONTEXT() REPRESENTATION_CONTEXT('2D SPACE',''
  ) );
#6662 = PCURVE('',#6416,#6663);
#6663 = DEFINITIONAL_REPRESENTATION('',(#6664),#6668);
#6664 = LINE('',#6665,#6666);
#6665 = CARTESIAN_POINT('',(6.28318530718,0.));
#6666 = VECTOR('',#6667,1.);
#6667 = DIRECTION('',(0.,1.));
#6668 = ( GEOMETRIC_REPRESENTATION_CONTEXT(2) 
PARAMETRIC_REPRESENTATION_CONTEXT() REPRESENTATION_CONTEXT('2D SPACE',''
  ) );
#6669 = ORIENTED_EDGE('',*,*,#6670,.F.);
#6670 = EDGE_CURVE('',#6671,#6648,#6673,.T.);
#6671 = VERTEX_POINT('',#6672);
#6672 = CARTESIAN_POINT('',(40.,35.5,410.));
#6673 = SURFACE_CURVE('',#6674,(#6678,#6685),.PCURVE_S1.);
#6674 = LINE('',#6675,#6676);
#6675 = CARTESIAN_POINT('',(40.,35.5,360.));
#6676 = VECTOR('',#6677,1.);
#6677 = DIRECTION('',(0.,0.,-1.));
#6678 = PCURVE('',#6517,#6679);
#6679 = DEFINITIONAL_REPRESENTATION('',(#6680),#6684);
#6680 = LINE('',#6681,#6682);
#6681 = CARTESIAN_POINT('',(50.,55.49999999999));
#6682 = VECTOR('',#6683,1.);
#6683 = DIRECTION('',(1.,0.));
#6684 = ( GEOMETRIC_REPRESENTATION_CONTEXT(2) 
PARAMETRIC_REPRESENTATION_CONTEXT() REPRESENTATION_CONTEXT('2D SPACE',''
  ) );
#6685 = PCURVE('',#6686,#6691);
#6686 = PLANE('',#6687);
#6687 = AXIS2_PLACEMENT_3D('',#6688,#6689,#6690);
#6688 = CARTESIAN_POINT('',(-7.371880883511E-13,35.5,384.99999999999));
#6689 = DIRECTION('',(2.150902824544E-60,-1.,1.272572361909E-90));
#6690 = DIRECTION('',(1.,2.150902824544E-60,0.));
#6691 = DEFINITIONAL_REPRESENTATION('',(#6692),#6696);
#6692 = LINE('',#6693,#6694);
#6693 = CARTESIAN_POINT('',(40.000000000001,-24.99999999999));
#6694 = VECTOR('',#6695,1.);
#6695 = DIRECTION('',(0.,-1.));
#6696 = ( GEOMETRIC_REPRESENTATION_CONTEXT(2) 
PARAMETRIC_REPRESENTATION_CONTEXT() REPRESENTATION_CONTEXT('2D SPACE',''
  ) );
#6697 = ORIENTED_EDGE('',*,*,#6698,.F.);
#6698 = EDGE_CURVE('',#6501,#6671,#6699,.T.);
#6699 = SURFACE_CURVE('',#6700,(#6704,#6711),.PCURVE_S1.);
#6700 = LINE('',#6701,#6702);
#6701 = CARTESIAN_POINT('',(40.,-19.99999999999,410.));
#6702 = VECTOR('',#6703,1.);
#6703 = DIRECTION('',(0.,1.,0.));
#6704 = PCURVE('',#6517,#6705);
#6705 = DEFINITIONAL_REPRESENTATION('',(#6706),#6710);
#6706 = LINE('',#6707,#6708);
#6707 = CARTESIAN_POINT('',(0.,0.));
#6708 = VECTOR('',#6709,1.);
#6709 = DIRECTION('',(0.,1.));
#6710 = ( GEOMETRIC_REPRESENTATION_CONTEXT(2) 
PARAMETRIC_REPRESENTATION_CONTEXT() REPRESENTATION_CONTEXT('2D SPACE',''
  ) );
#6711 = PCURVE('',#6549,#6712);
#6712 = DEFINITIONAL_REPRESENTATION('',(#6713),#6717);
#6713 = LINE('',#6714,#6715);
#6714 = CARTESIAN_POINT('',(80.,0.));
#6715 = VECTOR('',#6716,1.);
#6716 = DIRECTION('',(0.,1.));
#6717 = ( GEOMETRIC_REPRESENTATION_CONTEXT(2) 
PARAMETRIC_REPRESENTATION_CONTEXT() REPRESENTATION_CONTEXT('2D SPACE',''
  ) );
#6718 = ADVANCED_FACE('',(#6719),#6608,.T.);
#6719 = FACE_BOUND('',#6720,.T.);
#6720 = EDGE_LOOP('',(#6721,#6722,#6745));
#6721 = ORIENTED_EDGE('',*,*,#6594,.F.);
#6722 = ORIENTED_EDGE('',*,*,#6723,.T.);
#6723 = EDGE_CURVE('',#6562,#6724,#6726,.T.);
#6724 = VERTEX_POINT('',#6725);
#6725 = CARTESIAN_POINT('',(-40.,-19.99999999999,360.));
#6726 = SURFACE_CURVE('',#6727,(#6731,#6738),.PCURVE_S1.);
#6727 = LINE('',#6728,#6729);
#6728 = CARTESIAN_POINT('',(-40.,-19.99999999999,410.));
#6729 = VECTOR('',#6730,1.);
#6730 = DIRECTION('',(0.,-1.720676360831E-60,-1.));
#6731 = PCURVE('',#6608,#6732);
#6732 = DEFINITIONAL_REPRESENTATION('',(#6733),#6737);
#6733 = LINE('',#6734,#6735);
#6734 = CARTESIAN_POINT('',(-39.99999999999,25.00000000001));
#6735 = VECTOR('',#6736,1.);
#6736 = DIRECTION('',(-3.701007644637E-120,-1.));
#6737 = ( GEOMETRIC_REPRESENTATION_CONTEXT(2) 
PARAMETRIC_REPRESENTATION_CONTEXT() REPRESENTATION_CONTEXT('2D SPACE',''
  ) );
#6738 = PCURVE('',#6578,#6739);
#6739 = DEFINITIONAL_REPRESENTATION('',(#6740),#6744);
#6740 = LINE('',#6741,#6742);
#6741 = CARTESIAN_POINT('',(50.,-8.603381804155E-59));
#6742 = VECTOR('',#6743,1.);
#6743 = DIRECTION('',(-1.,0.));
#6744 = ( GEOMETRIC_REPRESENTATION_CONTEXT(2) 
PARAMETRIC_REPRESENTATION_CONTEXT() REPRESENTATION_CONTEXT('2D SPACE',''
  ) );
#6745 = ORIENTED_EDGE('',*,*,#6746,.F.);
#6746 = EDGE_CURVE('',#6334,#6724,#6747,.T.);
#6747 = SURFACE_CURVE('',#6748,(#6753,#6760),.PCURVE_S1.);
#6748 = CIRCLE('',#6749,40.);
#6749 = AXIS2_PLACEMENT_3D('',#6750,#6751,#6752);
#6750 = CARTESIAN_POINT('',(-1.473404731556E-12,-19.99999999999,
    359.99999999999));
#6751 = DIRECTION('',(2.150902824544E-60,-1.,1.272572361909E-90));
#6752 = DIRECTION('',(1.,2.150902824544E-60,0.));
#6753 = PCURVE('',#6608,#6754);
#6754 = DEFINITIONAL_REPRESENTATION('',(#6755),#6759);
#6755 = CIRCLE('',#6756,40.);
#6756 = AXIS2_PLACEMENT_2D('',#6757,#6758);
#6757 = CARTESIAN_POINT('',(-7.362166432049E-13,-25.));
#6758 = DIRECTION('',(1.,0.));
#6759 = ( GEOMETRIC_REPRESENTATION_CONTEXT(2) 
PARAMETRIC_REPRESENTATION_CONTEXT() REPRESENTATION_CONTEXT('2D SPACE',''
  ) );
#6760 = PCURVE('',#6416,#6761);
#6761 = DEFINITIONAL_REPRESENTATION('',(#6762),#6766);
#6762 = LINE('',#6763,#6764);
#6763 = CARTESIAN_POINT('',(6.28318530718,0.));
#6764 = VECTOR('',#6765,1.);
#6765 = DIRECTION('',(-1.,0.));
#6766 = ( GEOMETRIC_REPRESENTATION_CONTEXT(2) 
PARAMETRIC_REPRESENTATION_CONTEXT() REPRESENTATION_CONTEXT('2D SPACE',''
  ) );
#6767 = ADVANCED_FACE('',(#6768),#6488,.T.);
#6768 = FACE_BOUND('',#6769,.T.);
#6769 = EDGE_LOOP('',(#6770,#6771,#6793));
#6770 = ORIENTED_EDGE('',*,*,#6472,.F.);
#6771 = ORIENTED_EDGE('',*,*,#6772,.F.);
#6772 = EDGE_CURVE('',#6625,#6336,#6773,.T.);
#6773 = SURFACE_CURVE('',#6774,(#6779,#6786),.PCURVE_S1.);
#6774 = CIRCLE('',#6775,40.);
#6775 = AXIS2_PLACEMENT_3D('',#6776,#6777,#6778);
#6776 = CARTESIAN_POINT('',(-1.473404731556E-12,-19.99999999999,
    359.99999999999));
#6777 = DIRECTION('',(2.150902824544E-60,-1.,1.272572361909E-90));
#6778 = DIRECTION('',(1.,2.150902824544E-60,0.));
#6779 = PCURVE('',#6488,#6780);
#6780 = DEFINITIONAL_REPRESENTATION('',(#6781),#6785);
#6781 = CIRCLE('',#6782,40.);
#6782 = AXIS2_PLACEMENT_2D('',#6783,#6784);
#6783 = CARTESIAN_POINT('',(-7.362166432049E-13,-25.));
#6784 = DIRECTION('',(1.,0.));
#6785 = ( GEOMETRIC_REPRESENTATION_CONTEXT(2) 
PARAMETRIC_REPRESENTATION_CONTEXT() REPRESENTATION_CONTEXT('2D SPACE',''
  ) );
#6786 = PCURVE('',#6416,#6787);
#6787 = DEFINITIONAL_REPRESENTATION('',(#6788),#6792);
#6788 = LINE('',#6789,#6790);
#6789 = CARTESIAN_POINT('',(6.28318530718,0.));
#6790 = VECTOR('',#6791,1.);
#6791 = DIRECTION('',(-1.,0.));
#6792 = ( GEOMETRIC_REPRESENTATION_CONTEXT(2) 
PARAMETRIC_REPRESENTATION_CONTEXT() REPRESENTATION_CONTEXT('2D SPACE',''
  ) );
#6793 = ORIENTED_EDGE('',*,*,#6624,.T.);
#6794 = ADVANCED_FACE('',(#6795),#6416,.F.);
#6795 = FACE_BOUND('',#6796,.F.);
#6796 = EDGE_LOOP('',(#6797,#6798,#6799,#6823,#6844,#6845));
#6797 = ORIENTED_EDGE('',*,*,#6772,.F.);
#6798 = ORIENTED_EDGE('',*,*,#6647,.T.);
#6799 = ORIENTED_EDGE('',*,*,#6800,.T.);
#6800 = EDGE_CURVE('',#6648,#6801,#6803,.T.);
#6801 = VERTEX_POINT('',#6802);
#6802 = CARTESIAN_POINT('',(-40.,35.5,360.));
#6803 = SURFACE_CURVE('',#6804,(#6809,#6816),.PCURVE_S1.);
#6804 = CIRCLE('',#6805,40.);
#6805 = AXIS2_PLACEMENT_3D('',#6806,#6807,#6808);
#6806 = CARTESIAN_POINT('',(-1.473404731556E-12,35.5,359.99999999999));
#6807 = DIRECTION('',(2.150902824544E-60,-1.,1.272572361909E-90));
#6808 = DIRECTION('',(1.,2.150902824544E-60,0.));
#6809 = PCURVE('',#6416,#6810);
#6810 = DEFINITIONAL_REPRESENTATION('',(#6811),#6815);
#6811 = LINE('',#6812,#6813);
#6812 = CARTESIAN_POINT('',(6.28318530718,55.5));
#6813 = VECTOR('',#6814,1.);
#6814 = DIRECTION('',(-1.,0.));
#6815 = ( GEOMETRIC_REPRESENTATION_CONTEXT(2) 
PARAMETRIC_REPRESENTATION_CONTEXT() REPRESENTATION_CONTEXT('2D SPACE',''
  ) );
#6816 = PCURVE('',#6686,#6817);
#6817 = DEFINITIONAL_REPRESENTATION('',(#6818),#6822);
#6818 = CIRCLE('',#6819,40.);
#6819 = AXIS2_PLACEMENT_2D('',#6820,#6821);
#6820 = CARTESIAN_POINT('',(-7.362166432049E-13,-25.));
#6821 = DIRECTION('',(1.,0.));
#6822 = ( GEOMETRIC_REPRESENTATION_CONTEXT(2) 
PARAMETRIC_REPRESENTATION_CONTEXT() REPRESENTATION_CONTEXT('2D SPACE',''
  ) );
#6823 = ORIENTED_EDGE('',*,*,#6824,.F.);
#6824 = EDGE_CURVE('',#6724,#6801,#6825,.T.);
#6825 = SURFACE_CURVE('',#6826,(#6830,#6837),.PCURVE_S1.);
#6826 = LINE('',#6827,#6828);
#6827 = CARTESIAN_POINT('',(-40.,-19.99999999999,360.));
#6828 = VECTOR('',#6829,1.);
#6829 = DIRECTION('',(0.,1.,0.));
#6830 = PCURVE('',#6416,#6831);
#6831 = DEFINITIONAL_REPRESENTATION('',(#6832),#6836);
#6832 = LINE('',#6833,#6834);
#6833 = CARTESIAN_POINT('',(3.14159265359,0.));
#6834 = VECTOR('',#6835,1.);
#6835 = DIRECTION('',(0.,1.));
#6836 = ( GEOMETRIC_REPRESENTATION_CONTEXT(2) 
PARAMETRIC_REPRESENTATION_CONTEXT() REPRESENTATION_CONTEXT('2D SPACE',''
  ) );
#6837 = PCURVE('',#6578,#6838);
#6838 = DEFINITIONAL_REPRESENTATION('',(#6839),#6843);
#6839 = LINE('',#6840,#6841);
#6840 = CARTESIAN_POINT('',(0.,0.));
#6841 = VECTOR('',#6842,1.);
#6842 = DIRECTION('',(1.720676360831E-60,1.));
#6843 = ( GEOMETRIC_REPRESENTATION_CONTEXT(2) 
PARAMETRIC_REPRESENTATION_CONTEXT() REPRESENTATION_CONTEXT('2D SPACE',''
  ) );
#6844 = ORIENTED_EDGE('',*,*,#6746,.F.);
#6845 = ORIENTED_EDGE('',*,*,#6333,.T.);
#6846 = ADVANCED_FACE('',(#6847),#6549,.T.);
#6847 = FACE_BOUND('',#6848,.T.);
#6848 = EDGE_LOOP('',(#6849,#6850,#6851,#6874));
#6849 = ORIENTED_EDGE('',*,*,#6533,.F.);
#6850 = ORIENTED_EDGE('',*,*,#6698,.T.);
#6851 = ORIENTED_EDGE('',*,*,#6852,.F.);
#6852 = EDGE_CURVE('',#6853,#6671,#6855,.T.);
#6853 = VERTEX_POINT('',#6854);
#6854 = CARTESIAN_POINT('',(-40.,35.5,410.));
#6855 = SURFACE_CURVE('',#6856,(#6860,#6867),.PCURVE_S1.);
#6856 = LINE('',#6857,#6858);
#6857 = CARTESIAN_POINT('',(40.,35.5,410.));
#6858 = VECTOR('',#6859,1.);
#6859 = DIRECTION('',(1.,0.,0.));
#6860 = PCURVE('',#6549,#6861);
#6861 = DEFINITIONAL_REPRESENTATION('',(#6862),#6866);
#6862 = LINE('',#6863,#6864);
#6863 = CARTESIAN_POINT('',(80.,55.49999999999));
#6864 = VECTOR('',#6865,1.);
#6865 = DIRECTION('',(1.,0.));
#6866 = ( GEOMETRIC_REPRESENTATION_CONTEXT(2) 
PARAMETRIC_REPRESENTATION_CONTEXT() REPRESENTATION_CONTEXT('2D SPACE',''
  ) );
#6867 = PCURVE('',#6686,#6868);
#6868 = DEFINITIONAL_REPRESENTATION('',(#6869),#6873);
#6869 = LINE('',#6870,#6871);
#6870 = CARTESIAN_POINT('',(40.000000000001,25.00000000001));
#6871 = VECTOR('',#6872,1.);
#6872 = DIRECTION('',(1.,-2.737179487667E-150));
#6873 = ( GEOMETRIC_REPRESENTATION_CONTEXT(2) 
PARAMETRIC_REPRESENTATION_CONTEXT() REPRESENTATION_CONTEXT('2D SPACE',''
  ) );
#6874 = ORIENTED_EDGE('',*,*,#6875,.F.);
#6875 = EDGE_CURVE('',#6534,#6853,#6876,.T.);
#6876 = SURFACE_CURVE('',#6877,(#6881,#6888),.PCURVE_S1.);
#6877 = LINE('',#6878,#6879);
#6878 = CARTESIAN_POINT('',(-40.,-19.99999999999,410.));
#6879 = VECTOR('',#6880,1.);
#6880 = DIRECTION('',(0.,1.,0.));
#6881 = PCURVE('',#6549,#6882);
#6882 = DEFINITIONAL_REPRESENTATION('',(#6883),#6887);
#6883 = LINE('',#6884,#6885);
#6884 = CARTESIAN_POINT('',(0.,0.));
#6885 = VECTOR('',#6886,1.);
#6886 = DIRECTION('',(0.,1.));
#6887 = ( GEOMETRIC_REPRESENTATION_CONTEXT(2) 
PARAMETRIC_REPRESENTATION_CONTEXT() REPRESENTATION_CONTEXT('2D SPACE',''
  ) );
#6888 = PCURVE('',#6578,#6889);
#6889 = DEFINITIONAL_REPRESENTATION('',(#6890),#6894);
#6890 = LINE('',#6891,#6892);
#6891 = CARTESIAN_POINT('',(50.,-8.603381804155E-59));
#6892 = VECTOR('',#6893,1.);
#6893 = DIRECTION('',(1.720676360831E-60,1.));
#6894 = ( GEOMETRIC_REPRESENTATION_CONTEXT(2) 
PARAMETRIC_REPRESENTATION_CONTEXT() REPRESENTATION_CONTEXT('2D SPACE',''
  ) );
#6895 = ADVANCED_FACE('',(#6896),#6578,.T.);
#6896 = FACE_BOUND('',#6897,.T.);
#6897 = EDGE_LOOP('',(#6898,#6899,#6900,#6921,#6922));
#6898 = ORIENTED_EDGE('',*,*,#6561,.F.);
#6899 = ORIENTED_EDGE('',*,*,#6875,.T.);
#6900 = ORIENTED_EDGE('',*,*,#6901,.F.);
#6901 = EDGE_CURVE('',#6801,#6853,#6902,.T.);
#6902 = SURFACE_CURVE('',#6903,(#6907,#6914),.PCURVE_S1.);
#6903 = LINE('',#6904,#6905);
#6904 = CARTESIAN_POINT('',(-40.,35.5,410.));
#6905 = VECTOR('',#6906,1.);
#6906 = DIRECTION('',(0.,1.720676360831E-60,1.));
#6907 = PCURVE('',#6578,#6908);
#6908 = DEFINITIONAL_REPRESENTATION('',(#6909),#6913);
#6909 = LINE('',#6910,#6911);
#6910 = CARTESIAN_POINT('',(50.,55.49999999999));
#6911 = VECTOR('',#6912,1.);
#6912 = DIRECTION('',(1.,0.));
#6913 = ( GEOMETRIC_REPRESENTATION_CONTEXT(2) 
PARAMETRIC_REPRESENTATION_CONTEXT() REPRESENTATION_CONTEXT('2D SPACE',''
  ) );
#6914 = PCURVE('',#6686,#6915);
#6915 = DEFINITIONAL_REPRESENTATION('',(#6916),#6920);
#6916 = LINE('',#6917,#6918);
#6917 = CARTESIAN_POINT('',(-39.99999999999,25.00000000001));
#6918 = VECTOR('',#6919,1.);
#6919 = DIRECTION('',(3.701007644637E-120,1.));
#6920 = ( GEOMETRIC_REPRESENTATION_CONTEXT(2) 
PARAMETRIC_REPRESENTATION_CONTEXT() REPRESENTATION_CONTEXT('2D SPACE',''
  ) );
#6921 = ORIENTED_EDGE('',*,*,#6824,.F.);
#6922 = ORIENTED_EDGE('',*,*,#6723,.F.);
#6923 = ADVANCED_FACE('',(#6924),#6686,.F.);
#6924 = FACE_BOUND('',#6925,.T.);
#6925 = EDGE_LOOP('',(#6926,#6927,#6928,#6929));
#6926 = ORIENTED_EDGE('',*,*,#6670,.T.);
#6927 = ORIENTED_EDGE('',*,*,#6800,.T.);
#6928 = ORIENTED_EDGE('',*,*,#6901,.T.);
#6929 = ORIENTED_EDGE('',*,*,#6852,.T.);
#6930 = ( GEOMETRIC_REPRESENTATION_CONTEXT(3) 
GLOBAL_UNCERTAINTY_ASSIGNED_CONTEXT((#6934)) 
GLOBAL_UNIT_ASSIGNED_CONTEXT((#6931,#6932,#6933)) REPRESENTATION_CONTEXT
('Context #1','3D Context with UNIT and UNCERTAINTY') );
#6931 = ( LENGTH_UNIT() NAMED_UNIT(*) SI_UNIT(.MILLI.,.METRE.) );
#6932 = ( NAMED_UNIT(*) PLANE_ANGLE_UNIT() SI_UNIT($,.RADIAN.) );
#6933 = ( NAMED_UNIT(*) SI_UNIT($,.STERADIAN.) SOLID_ANGLE_UNIT() );
#6934 = UNCERTAINTY_MEASURE_WITH_UNIT(LENGTH_MEASURE(1.E-04),#6931,
  'distance_accuracy_value','confusion accuracy');
#6935 = CONTEXT_DEPENDENT_SHAPE_REPRESENTATION(#6936,#6938);
#6936 = ( REPRESENTATION_RELATIONSHIP('','',#6326,#10) 
REPRESENTATION_RELATIONSHIP_WITH_TRANSFORMATION(#6937) 
SHAPE_REPRESENTATION_RELATIONSHIP() );
#6937 = ITEM_DEFINED_TRANSFORMATION('','',#11,#31);
#6938 = PRODUCT_DEFINITION_SHAPE('Placement','Placement of an item',
  #6939);
#6939 = NEXT_ASSEMBLY_USAGE_OCCURRENCE('149','','',#5,#6321,$);
#6940 = PRODUCT_RELATED_PRODUCT_CATEGORY('part',$,(#6323));
#6941 = SHAPE_DEFINITION_REPRESENTATION(#6942,#6948);
#6942 = PRODUCT_DEFINITION_SHAPE('','',#6943);
#6943 = PRODUCT_DEFINITION('design','',#6944,#6947);
#6944 = PRODUCT_DEFINITION_FORMATION('','',#6945);
#6945 = PRODUCT('Open CASCADE STEP translator 7.9 45.6',
  'Open CASCADE STEP translator 7.9 45.6','',(#6946));
#6946 = PRODUCT_CONTEXT('',#2,'mechanical');
#6947 = PRODUCT_DEFINITION_CONTEXT('part definition',#2,'design');
#6948 = ADVANCED_BREP_SHAPE_REPRESENTATION('',(#11,#6949),#7381);
#6949 = MANIFOLD_SOLID_BREP('',#6950);
#6950 = CLOSED_SHELL('',(#6951,#7081,#7192,#7241,#7295,#7344,#7371));
#6951 = ADVANCED_FACE('',(#6952),#6967,.T.);
#6952 = FACE_BOUND('',#6953,.T.);
#6953 = EDGE_LOOP('',(#6954,#6994,#7022,#7055));
#6954 = ORIENTED_EDGE('',*,*,#6955,.T.);
#6955 = EDGE_CURVE('',#6956,#6958,#6960,.T.);
#6956 = VERTEX_POINT('',#6957);
#6957 = CARTESIAN_POINT('',(40.,35.5,360.));
#6958 = VERTEX_POINT('',#6959);
#6959 = CARTESIAN_POINT('',(45.,35.5,365.));
#6960 = SURFACE_CURVE('',#6961,(#6966,#6978),.PCURVE_S1.);
#6961 = CIRCLE('',#6962,5.);
#6962 = AXIS2_PLACEMENT_3D('',#6963,#6964,#6965);
#6963 = CARTESIAN_POINT('',(40.,35.5,365.));
#6964 = DIRECTION('',(0.,-1.,0.));
#6965 = DIRECTION('',(0.707106781187,0.,-0.707106781187));
#6966 = PCURVE('',#6967,#6972);
#6967 = CYLINDRICAL_SURFACE('',#6968,5.);
#6968 = AXIS2_PLACEMENT_3D('',#6969,#6970,#6971);
#6969 = CARTESIAN_POINT('',(40.,-6.124999999999,365.));
#6970 = DIRECTION('',(0.,1.,0.));
#6971 = DIRECTION('',(0.707106781187,0.,-0.707106781187));
#6972 = DEFINITIONAL_REPRESENTATION('',(#6973),#6977);
#6973 = LINE('',#6974,#6975);
#6974 = CARTESIAN_POINT('',(12.566370614359,41.625));
#6975 = VECTOR('',#6976,1.);
#6976 = DIRECTION('',(-1.,0.));
#6977 = ( GEOMETRIC_REPRESENTATION_CONTEXT(2) 
PARAMETRIC_REPRESENTATION_CONTEXT() REPRESENTATION_CONTEXT('2D SPACE',''
  ) );
#6978 = PCURVE('',#6979,#6984);
#6979 = PLANE('',#6980);
#6980 = AXIS2_PLACEMENT_3D('',#6981,#6982,#6983);
#6981 = CARTESIAN_POINT('',(40.,35.5,360.));
#6982 = DIRECTION('',(0.,1.,0.));
#6983 = DIRECTION('',(0.,-0.,1.));
#6984 = DEFINITIONAL_REPRESENTATION('',(#6985),#6993);
#6985 = ( BOUNDED_CURVE() B_SPLINE_CURVE(2,(#6986,#6987,#6988,#6989,
#6990,#6991,#6992),.UNSPECIFIED.,.T.,.F.) B_SPLINE_CURVE_WITH_KNOTS((1,2
    ,2,2,2,1),(-2.094395102393,0.,2.094395102393,4.188790204786,
6.28318530718,8.377580409573),.UNSPECIFIED.) CURVE() 
GEOMETRIC_REPRESENTATION_ITEM() RATIONAL_B_SPLINE_CURVE((1.,0.5,1.,0.5,
1.,0.5,1.)) REPRESENTATION_ITEM('') );
#6986 = CARTESIAN_POINT('',(1.464466094067,3.535533905933));
#6987 = CARTESIAN_POINT('',(7.588190451025,9.659258262891));
#6988 = CARTESIAN_POINT('',(9.829629131445,1.294095225513));
#6989 = CARTESIAN_POINT('',(12.071067811866,-7.071067811866));
#6990 = CARTESIAN_POINT('',(3.705904774487,-4.829629131445));
#6991 = CARTESIAN_POINT('',(-4.659258262891,-2.588190451025));
#6992 = CARTESIAN_POINT('',(1.464466094067,3.535533905933));
#6993 = ( GEOMETRIC_REPRESENTATION_CONTEXT(2) 
PARAMETRIC_REPRESENTATION_CONTEXT() REPRESENTATION_CONTEXT('2D SPACE',''
  ) );
#6994 = ORIENTED_EDGE('',*,*,#6995,.T.);
#6995 = EDGE_CURVE('',#6958,#6996,#6998,.T.);
#6996 = VERTEX_POINT('',#6997);
#6997 = CARTESIAN_POINT('',(45.,-19.99999999999,365.));
#6998 = SURFACE_CURVE('',#6999,(#7003,#7010),.PCURVE_S1.);
#6999 = LINE('',#7000,#7001);
#7000 = CARTESIAN_POINT('',(45.,-6.124999999999,365.));
#7001 = VECTOR('',#7002,1.);
#7002 = DIRECTION('',(0.,-1.,0.));
#7003 = PCURVE('',#6967,#7004);
#7004 = DEFINITIONAL_REPRESENTATION('',(#7005),#7009);
#7005 = LINE('',#7006,#7007);
#7006 = CARTESIAN_POINT('',(5.497787143782,0.));
#7007 = VECTOR('',#7008,1.);
#7008 = DIRECTION('',(0.,-1.));
#7009 = ( GEOMETRIC_REPRESENTATION_CONTEXT(2) 
PARAMETRIC_REPRESENTATION_CONTEXT() REPRESENTATION_CONTEXT('2D SPACE',''
  ) );
#7010 = PCURVE('',#7011,#7016);
#7011 = PLANE('',#7012);
#7012 = AXIS2_PLACEMENT_3D('',#7013,#7014,#7015);
#7013 = CARTESIAN_POINT('',(45.,7.750000000001,405.));
#7014 = DIRECTION('',(1.,0.,0.));
#7015 = DIRECTION('',(-0.,1.,0.));
#7016 = DEFINITIONAL_REPRESENTATION('',(#7017),#7021);
#7017 = LINE('',#7018,#7019);
#7018 = CARTESIAN_POINT('',(-13.875,-40.));
#7019 = VECTOR('',#7020,1.);
#7020 = DIRECTION('',(-1.,0.));
#7021 = ( GEOMETRIC_REPRESENTATION_CONTEXT(2) 
PARAMETRIC_REPRESENTATION_CONTEXT() REPRESENTATION_CONTEXT('2D SPACE',''
  ) );
#7022 = ORIENTED_EDGE('',*,*,#7023,.T.);
#7023 = EDGE_CURVE('',#6996,#7024,#7026,.T.);
#7024 = VERTEX_POINT('',#7025);
#7025 = CARTESIAN_POINT('',(40.,-19.99999999999,360.));
#7026 = SURFACE_CURVE('',#7027,(#7032,#7039),.PCURVE_S1.);
#7027 = CIRCLE('',#7028,5.);
#7028 = AXIS2_PLACEMENT_3D('',#7029,#7030,#7031);
#7029 = CARTESIAN_POINT('',(40.,-19.99999999999,365.));
#7030 = DIRECTION('',(0.,1.,0.));
#7031 = DIRECTION('',(0.707106781187,0.,-0.707106781187));
#7032 = PCURVE('',#6967,#7033);
#7033 = DEFINITIONAL_REPRESENTATION('',(#7034),#7038);
#7034 = LINE('',#7035,#7036);
#7035 = CARTESIAN_POINT('',(0.,-13.875));
#7036 = VECTOR('',#7037,1.);
#7037 = DIRECTION('',(1.,0.));
#7038 = ( GEOMETRIC_REPRESENTATION_CONTEXT(2) 
PARAMETRIC_REPRESENTATION_CONTEXT() REPRESENTATION_CONTEXT('2D SPACE',''
  ) );
#7039 = PCURVE('',#7040,#7045);
#7040 = PLANE('',#7041);
#7041 = AXIS2_PLACEMENT_3D('',#7042,#7043,#7044);
#7042 = CARTESIAN_POINT('',(40.,-19.99999999999,450.));
#7043 = DIRECTION('',(0.,-1.,0.));
#7044 = DIRECTION('',(0.,0.,-1.));
#7045 = DEFINITIONAL_REPRESENTATION('',(#7046),#7054);
#7046 = ( BOUNDED_CURVE() B_SPLINE_CURVE(2,(#7047,#7048,#7049,#7050,
#7051,#7052,#7053),.UNSPECIFIED.,.T.,.F.) B_SPLINE_CURVE_WITH_KNOTS((1,2
    ,2,2,2,1),(-2.094395102393,0.,2.094395102393,4.188790204786,
6.28318530718,8.377580409573),.UNSPECIFIED.) CURVE() 
GEOMETRIC_REPRESENTATION_ITEM() RATIONAL_B_SPLINE_CURVE((1.,0.5,1.,0.5,
1.,0.5,1.)) REPRESENTATION_ITEM('') );
#7047 = CARTESIAN_POINT('',(88.535533905933,3.535533905933));
#7048 = CARTESIAN_POINT('',(94.659258262891,-2.588190451025));
#7049 = CARTESIAN_POINT('',(86.294095225513,-4.829629131445));
#7050 = CARTESIAN_POINT('',(77.928932188134,-7.071067811866));
#7051 = CARTESIAN_POINT('',(80.170370868555,1.294095225513));
#7052 = CARTESIAN_POINT('',(82.411809548975,9.659258262891));
#7053 = CARTESIAN_POINT('',(88.535533905933,3.535533905933));
#7054 = ( GEOMETRIC_REPRESENTATION_CONTEXT(2) 
PARAMETRIC_REPRESENTATION_CONTEXT() REPRESENTATION_CONTEXT('2D SPACE',''
  ) );
#7055 = ORIENTED_EDGE('',*,*,#7056,.T.);
#7056 = EDGE_CURVE('',#7024,#6956,#7057,.T.);
#7057 = SURFACE_CURVE('',#7058,(#7062,#7069),.PCURVE_S1.);
#7058 = LINE('',#7059,#7060);
#7059 = CARTESIAN_POINT('',(40.,-19.99999999999,360.));
#7060 = VECTOR('',#7061,1.);
#7061 = DIRECTION('',(0.,1.,0.));
#7062 = PCURVE('',#6967,#7063);
#7063 = DEFINITIONAL_REPRESENTATION('',(#7064),#7068);
#7064 = LINE('',#7065,#7066);
#7065 = CARTESIAN_POINT('',(7.068583470577,-13.875));
#7066 = VECTOR('',#7067,1.);
#7067 = DIRECTION('',(0.,1.));
#7068 = ( GEOMETRIC_REPRESENTATION_CONTEXT(2) 
PARAMETRIC_REPRESENTATION_CONTEXT() REPRESENTATION_CONTEXT('2D SPACE',''
  ) );
#7069 = PCURVE('',#7070,#7075);
#7070 = PLANE('',#7071);
#7071 = AXIS2_PLACEMENT_3D('',#7072,#7073,#7074);
#7072 = CARTESIAN_POINT('',(40.,7.750000000001,405.));
#7073 = DIRECTION('',(1.,0.,0.));
#7074 = DIRECTION('',(-0.,1.,0.));
#7075 = DEFINITIONAL_REPRESENTATION('',(#7076),#7080);
#7076 = LINE('',#7077,#7078);
#7077 = CARTESIAN_POINT('',(-27.74999999999,-45.));
#7078 = VECTOR('',#7079,1.);
#7079 = DIRECTION('',(1.,0.));
#7080 = ( GEOMETRIC_REPRESENTATION_CONTEXT(2) 
PARAMETRIC_REPRESENTATION_CONTEXT() REPRESENTATION_CONTEXT('2D SPACE',''
  ) );
#7081 = ADVANCED_FACE('',(#7082,#7157),#7011,.T.);
#7082 = FACE_BOUND('',#7083,.T.);
#7083 = EDGE_LOOP('',(#7084,#7085,#7108,#7136));
#7084 = ORIENTED_EDGE('',*,*,#6995,.F.);
#7085 = ORIENTED_EDGE('',*,*,#7086,.T.);
#7086 = EDGE_CURVE('',#6958,#7087,#7089,.T.);
#7087 = VERTEX_POINT('',#7088);
#7088 = CARTESIAN_POINT('',(45.,35.5,450.));
#7089 = SURFACE_CURVE('',#7090,(#7094,#7101),.PCURVE_S1.);
#7090 = LINE('',#7091,#7092);
#7091 = CARTESIAN_POINT('',(45.,35.5,360.));
#7092 = VECTOR('',#7093,1.);
#7093 = DIRECTION('',(0.,0.,1.));
#7094 = PCURVE('',#7011,#7095);
#7095 = DEFINITIONAL_REPRESENTATION('',(#7096),#7100);
#7096 = LINE('',#7097,#7098);
#7097 = CARTESIAN_POINT('',(27.749999999999,-45.));
#7098 = VECTOR('',#7099,1.);
#7099 = DIRECTION('',(0.,1.));
#7100 = ( GEOMETRIC_REPRESENTATION_CONTEXT(2) 
PARAMETRIC_REPRESENTATION_CONTEXT() REPRESENTATION_CONTEXT('2D SPACE',''
  ) );
#7101 = PCURVE('',#6979,#7102);
#7102 = DEFINITIONAL_REPRESENTATION('',(#7103),#7107);
#7103 = LINE('',#7104,#7105);
#7104 = CARTESIAN_POINT('',(0.,5.));
#7105 = VECTOR('',#7106,1.);
#7106 = DIRECTION('',(1.,0.));
#7107 = ( GEOMETRIC_REPRESENTATION_CONTEXT(2) 
PARAMETRIC_REPRESENTATION_CONTEXT() REPRESENTATION_CONTEXT('2D SPACE',''
  ) );
#7108 = ORIENTED_EDGE('',*,*,#7109,.T.);
#7109 = EDGE_CURVE('',#7087,#7110,#7112,.T.);
#7110 = VERTEX_POINT('',#7111);
#7111 = CARTESIAN_POINT('',(45.,-19.99999999999,450.));
#7112 = SURFACE_CURVE('',#7113,(#7117,#7124),.PCURVE_S1.);
#7113 = LINE('',#7114,#7115);
#7114 = CARTESIAN_POINT('',(45.,35.5,450.));
#7115 = VECTOR('',#7116,1.);
#7116 = DIRECTION('',(0.,-1.,0.));
#7117 = PCURVE('',#7011,#7118);
#7118 = DEFINITIONAL_REPRESENTATION('',(#7119),#7123);
#7119 = LINE('',#7120,#7121);
#7120 = CARTESIAN_POINT('',(27.749999999999,45.));
#7121 = VECTOR('',#7122,1.);
#7122 = DIRECTION('',(-1.,0.));
#7123 = ( GEOMETRIC_REPRESENTATION_CONTEXT(2) 
PARAMETRIC_REPRESENTATION_CONTEXT() REPRESENTATION_CONTEXT('2D SPACE',''
  ) );
#7124 = PCURVE('',#7125,#7130);
#7125 = PLANE('',#7126);
#7126 = AXIS2_PLACEMENT_3D('',#7127,#7128,#7129);
#7127 = CARTESIAN_POINT('',(40.,35.5,450.));
#7128 = DIRECTION('',(0.,0.,1.));
#7129 = DIRECTION('',(0.,-1.,0.));
#7130 = DEFINITIONAL_REPRESENTATION('',(#7131),#7135);
#7131 = LINE('',#7132,#7133);
#7132 = CARTESIAN_POINT('',(0.,5.));
#7133 = VECTOR('',#7134,1.);
#7134 = DIRECTION('',(1.,0.));
#7135 = ( GEOMETRIC_REPRESENTATION_CONTEXT(2) 
PARAMETRIC_REPRESENTATION_CONTEXT() REPRESENTATION_CONTEXT('2D SPACE',''
  ) );
#7136 = ORIENTED_EDGE('',*,*,#7137,.T.);
#7137 = EDGE_CURVE('',#7110,#6996,#7138,.T.);
#7138 = SURFACE_CURVE('',#7139,(#7143,#7150),.PCURVE_S1.);
#7139 = LINE('',#7140,#7141);
#7140 = CARTESIAN_POINT('',(45.,-19.99999999999,450.));
#7141 = VECTOR('',#7142,1.);
#7142 = DIRECTION('',(0.,0.,-1.));
#7143 = PCURVE('',#7011,#7144);
#7144 = DEFINITIONAL_REPRESENTATION('',(#7145),#7149);
#7145 = LINE('',#7146,#7147);
#7146 = CARTESIAN_POINT('',(-27.74999999999,45.));
#7147 = VECTOR('',#7148,1.);
#7148 = DIRECTION('',(0.,-1.));
#7149 = ( GEOMETRIC_REPRESENTATION_CONTEXT(2) 
PARAMETRIC_REPRESENTATION_CONTEXT() REPRESENTATION_CONTEXT('2D SPACE',''
  ) );
#7150 = PCURVE('',#7040,#7151);
#7151 = DEFINITIONAL_REPRESENTATION('',(#7152),#7156);
#7152 = LINE('',#7153,#7154);
#7153 = CARTESIAN_POINT('',(0.,5.));
#7154 = VECTOR('',#7155,1.);
#7155 = DIRECTION('',(1.,0.));
#7156 = ( GEOMETRIC_REPRESENTATION_CONTEXT(2) 
PARAMETRIC_REPRESENTATION_CONTEXT() REPRESENTATION_CONTEXT('2D SPACE',''
  ) );
#7157 = FACE_BOUND('',#7158,.T.);
#7158 = EDGE_LOOP('',(#7159));
#7159 = ORIENTED_EDGE('',*,*,#7160,.T.);
#7160 = EDGE_CURVE('',#7161,#7161,#7163,.T.);
#7161 = VERTEX_POINT('',#7162);
#7162 = CARTESIAN_POINT('',(45.,-2.249999999999,429.6085749343));
#7163 = SURFACE_CURVE('',#7164,(#7169,#7180),.PCURVE_S1.);
#7164 = CIRCLE('',#7165,10.);
#7165 = AXIS2_PLACEMENT_3D('',#7166,#7167,#7168);
#7166 = CARTESIAN_POINT('',(45.,7.750000000001,429.6085749343));
#7167 = DIRECTION('',(-1.,0.,0.));
#7168 = DIRECTION('',(0.,1.,0.));
#7169 = PCURVE('',#7011,#7170);
#7170 = DEFINITIONAL_REPRESENTATION('',(#7171),#7179);
#7171 = ( BOUNDED_CURVE() B_SPLINE_CURVE(2,(#7172,#7173,#7174,#7175,
#7176,#7177,#7178),.UNSPECIFIED.,.T.,.F.) B_SPLINE_CURVE_WITH_KNOTS((1,2
    ,2,2,2,1),(-2.094395102393,0.,2.094395102393,4.188790204786,
6.28318530718,8.377580409573),.UNSPECIFIED.) CURVE() 
GEOMETRIC_REPRESENTATION_ITEM() RATIONAL_B_SPLINE_CURVE((1.,0.5,1.,0.5,
1.,0.5,1.)) REPRESENTATION_ITEM('') );
#7172 = CARTESIAN_POINT('',(10.,24.6085749343));
#7173 = CARTESIAN_POINT('',(10.,7.288066858611));
#7174 = CARTESIAN_POINT('',(-5.,15.948320896456));
#7175 = CARTESIAN_POINT('',(-20.,24.6085749343));
#7176 = CARTESIAN_POINT('',(-5.,33.268828972144));
#7177 = CARTESIAN_POINT('',(10.,41.929083009989));
#7178 = CARTESIAN_POINT('',(10.,24.6085749343));
#7179 = ( GEOMETRIC_REPRESENTATION_CONTEXT(2) 
PARAMETRIC_REPRESENTATION_CONTEXT() REPRESENTATION_CONTEXT('2D SPACE',''
  ) );
#7180 = PCURVE('',#7181,#7186);
#7181 = CYLINDRICAL_SURFACE('',#7182,10.);
#7182 = AXIS2_PLACEMENT_3D('',#7183,#7184,#7185);
#7183 = CARTESIAN_POINT('',(40.,7.750000000001,429.6085749343));
#7184 = DIRECTION('',(1.,0.,0.));
#7185 = DIRECTION('',(-0.,1.,0.));
#7186 = DEFINITIONAL_REPRESENTATION('',(#7187),#7191);
#7187 = LINE('',#7188,#7189);
#7188 = CARTESIAN_POINT('',(6.28318530718,5.));
#7189 = VECTOR('',#7190,1.);
#7190 = DIRECTION('',(-1.,0.));
#7191 = ( GEOMETRIC_REPRESENTATION_CONTEXT(2) 
PARAMETRIC_REPRESENTATION_CONTEXT() REPRESENTATION_CONTEXT('2D SPACE',''
  ) );
#7192 = ADVANCED_FACE('',(#7193),#6979,.T.);
#7193 = FACE_BOUND('',#7194,.T.);
#7194 = EDGE_LOOP('',(#7195,#7196,#7219,#7240));
#7195 = ORIENTED_EDGE('',*,*,#6955,.F.);
#7196 = ORIENTED_EDGE('',*,*,#7197,.T.);
#7197 = EDGE_CURVE('',#6956,#7198,#7200,.T.);
#7198 = VERTEX_POINT('',#7199);
#7199 = CARTESIAN_POINT('',(40.,35.5,450.));
#7200 = SURFACE_CURVE('',#7201,(#7205,#7212),.PCURVE_S1.);
#7201 = LINE('',#7202,#7203);
#7202 = CARTESIAN_POINT('',(40.,35.5,360.));
#7203 = VECTOR('',#7204,1.);
#7204 = DIRECTION('',(0.,0.,1.));
#7205 = PCURVE('',#6979,#7206);
#7206 = DEFINITIONAL_REPRESENTATION('',(#7207),#7211);
#7207 = LINE('',#7208,#7209);
#7208 = CARTESIAN_POINT('',(0.,0.));
#7209 = VECTOR('',#7210,1.);
#7210 = DIRECTION('',(1.,0.));
#7211 = ( GEOMETRIC_REPRESENTATION_CONTEXT(2) 
PARAMETRIC_REPRESENTATION_CONTEXT() REPRESENTATION_CONTEXT('2D SPACE',''
  ) );
#7212 = PCURVE('',#7070,#7213);
#7213 = DEFINITIONAL_REPRESENTATION('',(#7214),#7218);
#7214 = LINE('',#7215,#7216);
#7215 = CARTESIAN_POINT('',(27.749999999999,-45.));
#7216 = VECTOR('',#7217,1.);
#7217 = DIRECTION('',(0.,1.));
#7218 = ( GEOMETRIC_REPRESENTATION_CONTEXT(2) 
PARAMETRIC_REPRESENTATION_CONTEXT() REPRESENTATION_CONTEXT('2D SPACE',''
  ) );
#7219 = ORIENTED_EDGE('',*,*,#7220,.T.);
#7220 = EDGE_CURVE('',#7198,#7087,#7221,.T.);
#7221 = SURFACE_CURVE('',#7222,(#7226,#7233),.PCURVE_S1.);
#7222 = LINE('',#7223,#7224);
#7223 = CARTESIAN_POINT('',(40.,35.5,450.));
#7224 = VECTOR('',#7225,1.);
#7225 = DIRECTION('',(1.,0.,0.));
#7226 = PCURVE('',#6979,#7227);
#7227 = DEFINITIONAL_REPRESENTATION('',(#7228),#7232);
#7228 = LINE('',#7229,#7230);
#7229 = CARTESIAN_POINT('',(90.,0.));
#7230 = VECTOR('',#7231,1.);
#7231 = DIRECTION('',(0.,1.));
#7232 = ( GEOMETRIC_REPRESENTATION_CONTEXT(2) 
PARAMETRIC_REPRESENTATION_CONTEXT() REPRESENTATION_CONTEXT('2D SPACE',''
  ) );
#7233 = PCURVE('',#7125,#7234);
#7234 = DEFINITIONAL_REPRESENTATION('',(#7235),#7239);
#7235 = LINE('',#7236,#7237);
#7236 = CARTESIAN_POINT('',(0.,0.));
#7237 = VECTOR('',#7238,1.);
#7238 = DIRECTION('',(0.,1.));
#7239 = ( GEOMETRIC_REPRESENTATION_CONTEXT(2) 
PARAMETRIC_REPRESENTATION_CONTEXT() REPRESENTATION_CONTEXT('2D SPACE',''
  ) );
#7240 = ORIENTED_EDGE('',*,*,#7086,.F.);
#7241 = ADVANCED_FACE('',(#7242),#7181,.F.);
#7242 = FACE_BOUND('',#7243,.F.);
#7243 = EDGE_LOOP('',(#7244,#7267,#7293,#7294));
#7244 = ORIENTED_EDGE('',*,*,#7245,.T.);
#7245 = EDGE_CURVE('',#7161,#7246,#7248,.T.);
#7246 = VERTEX_POINT('',#7247);
#7247 = CARTESIAN_POINT('',(40.,-2.249999999999,429.6085749343));
#7248 = SEAM_CURVE('',#7249,(#7253,#7260),.PCURVE_S1.);
#7249 = LINE('',#7250,#7251);
#7250 = CARTESIAN_POINT('',(40.,-2.249999999999,429.6085749343));
#7251 = VECTOR('',#7252,1.);
#7252 = DIRECTION('',(-1.,0.,0.));
#7253 = PCURVE('',#7181,#7254);
#7254 = DEFINITIONAL_REPRESENTATION('',(#7255),#7259);
#7255 = LINE('',#7256,#7257);
#7256 = CARTESIAN_POINT('',(-3.14159265359,0.));
#7257 = VECTOR('',#7258,1.);
#7258 = DIRECTION('',(0.,-1.));
#7259 = ( GEOMETRIC_REPRESENTATION_CONTEXT(2) 
PARAMETRIC_REPRESENTATION_CONTEXT() REPRESENTATION_CONTEXT('2D SPACE',''
  ) );
#7260 = PCURVE('',#7181,#7261);
#7261 = DEFINITIONAL_REPRESENTATION('',(#7262),#7266);
#7262 = LINE('',#7263,#7264);
#7263 = CARTESIAN_POINT('',(3.14159265359,0.));
#7264 = VECTOR('',#7265,1.);
#7265 = DIRECTION('',(0.,-1.));
#7266 = ( GEOMETRIC_REPRESENTATION_CONTEXT(2) 
PARAMETRIC_REPRESENTATION_CONTEXT() REPRESENTATION_CONTEXT('2D SPACE',''
  ) );
#7267 = ORIENTED_EDGE('',*,*,#7268,.F.);
#7268 = EDGE_CURVE('',#7246,#7246,#7269,.T.);
#7269 = SURFACE_CURVE('',#7270,(#7275,#7282),.PCURVE_S1.);
#7270 = CIRCLE('',#7271,10.);
#7271 = AXIS2_PLACEMENT_3D('',#7272,#7273,#7274);
#7272 = CARTESIAN_POINT('',(40.,7.750000000001,429.6085749343));
#7273 = DIRECTION('',(-1.,0.,0.));
#7274 = DIRECTION('',(0.,1.,0.));
#7275 = PCURVE('',#7181,#7276);
#7276 = DEFINITIONAL_REPRESENTATION('',(#7277),#7281);
#7277 = LINE('',#7278,#7279);
#7278 = CARTESIAN_POINT('',(6.28318530718,0.));
#7279 = VECTOR('',#7280,1.);
#7280 = DIRECTION('',(-1.,0.));
#7281 = ( GEOMETRIC_REPRESENTATION_CONTEXT(2) 
PARAMETRIC_REPRESENTATION_CONTEXT() REPRESENTATION_CONTEXT('2D SPACE',''
  ) );
#7282 = PCURVE('',#7070,#7283);
#7283 = DEFINITIONAL_REPRESENTATION('',(#7284),#7292);
#7284 = ( BOUNDED_CURVE() B_SPLINE_CURVE(2,(#7285,#7286,#7287,#7288,
#7289,#7290,#7291),.UNSPECIFIED.,.T.,.F.) B_SPLINE_CURVE_WITH_KNOTS((1,2
    ,2,2,2,1),(-2.094395102393,0.,2.094395102393,4.188790204786,
6.28318530718,8.377580409573),.UNSPECIFIED.) CURVE() 
GEOMETRIC_REPRESENTATION_ITEM() RATIONAL_B_SPLINE_CURVE((1.,0.5,1.,0.5,
1.,0.5,1.)) REPRESENTATION_ITEM('') );
#7285 = CARTESIAN_POINT('',(10.,24.6085749343));
#7286 = CARTESIAN_POINT('',(10.,7.288066858611));
#7287 = CARTESIAN_POINT('',(-5.,15.948320896456));
#7288 = CARTESIAN_POINT('',(-20.,24.6085749343));
#7289 = CARTESIAN_POINT('',(-5.,33.268828972144));
#7290 = CARTESIAN_POINT('',(10.,41.929083009989));
#7291 = CARTESIAN_POINT('',(10.,24.6085749343));
#7292 = ( GEOMETRIC_REPRESENTATION_CONTEXT(2) 
PARAMETRIC_REPRESENTATION_CONTEXT() REPRESENTATION_CONTEXT('2D SPACE',''
  ) );
#7293 = ORIENTED_EDGE('',*,*,#7245,.F.);
#7294 = ORIENTED_EDGE('',*,*,#7160,.T.);
#7295 = ADVANCED_FACE('',(#7296),#7125,.T.);
#7296 = FACE_BOUND('',#7297,.T.);
#7297 = EDGE_LOOP('',(#7298,#7321,#7342,#7343));
#7298 = ORIENTED_EDGE('',*,*,#7299,.T.);
#7299 = EDGE_CURVE('',#7198,#7300,#7302,.T.);
#7300 = VERTEX_POINT('',#7301);
#7301 = CARTESIAN_POINT('',(40.,-19.99999999999,450.));
#7302 = SURFACE_CURVE('',#7303,(#7307,#7314),.PCURVE_S1.);
#7303 = LINE('',#7304,#7305);
#7304 = CARTESIAN_POINT('',(40.,35.5,450.));
#7305 = VECTOR('',#7306,1.);
#7306 = DIRECTION('',(0.,-1.,0.));
#7307 = PCURVE('',#7125,#7308);
#7308 = DEFINITIONAL_REPRESENTATION('',(#7309),#7313);
#7309 = LINE('',#7310,#7311);
#7310 = CARTESIAN_POINT('',(0.,0.));
#7311 = VECTOR('',#7312,1.);
#7312 = DIRECTION('',(1.,0.));
#7313 = ( GEOMETRIC_REPRESENTATION_CONTEXT(2) 
PARAMETRIC_REPRESENTATION_CONTEXT() REPRESENTATION_CONTEXT('2D SPACE',''
  ) );
#7314 = PCURVE('',#7070,#7315);
#7315 = DEFINITIONAL_REPRESENTATION('',(#7316),#7320);
#7316 = LINE('',#7317,#7318);
#7317 = CARTESIAN_POINT('',(27.749999999999,45.));
#7318 = VECTOR('',#7319,1.);
#7319 = DIRECTION('',(-1.,0.));
#7320 = ( GEOMETRIC_REPRESENTATION_CONTEXT(2) 
PARAMETRIC_REPRESENTATION_CONTEXT() REPRESENTATION_CONTEXT('2D SPACE',''
  ) );
#7321 = ORIENTED_EDGE('',*,*,#7322,.T.);
#7322 = EDGE_CURVE('',#7300,#7110,#7323,.T.);
#7323 = SURFACE_CURVE('',#7324,(#7328,#7335),.PCURVE_S1.);
#7324 = LINE('',#7325,#7326);
#7325 = CARTESIAN_POINT('',(40.,-19.99999999999,450.));
#7326 = VECTOR('',#7327,1.);
#7327 = DIRECTION('',(1.,0.,0.));
#7328 = PCURVE('',#7125,#7329);
#7329 = DEFINITIONAL_REPRESENTATION('',(#7330),#7334);
#7330 = LINE('',#7331,#7332);
#7331 = CARTESIAN_POINT('',(55.49999999999,0.));
#7332 = VECTOR('',#7333,1.);
#7333 = DIRECTION('',(0.,1.));
#7334 = ( GEOMETRIC_REPRESENTATION_CONTEXT(2) 
PARAMETRIC_REPRESENTATION_CONTEXT() REPRESENTATION_CONTEXT('2D SPACE',''
  ) );
#7335 = PCURVE('',#7040,#7336);
#7336 = DEFINITIONAL_REPRESENTATION('',(#7337),#7341);
#7337 = LINE('',#7338,#7339);
#7338 = CARTESIAN_POINT('',(0.,0.));
#7339 = VECTOR('',#7340,1.);
#7340 = DIRECTION('',(0.,1.));
#7341 = ( GEOMETRIC_REPRESENTATION_CONTEXT(2) 
PARAMETRIC_REPRESENTATION_CONTEXT() REPRESENTATION_CONTEXT('2D SPACE',''
  ) );
#7342 = ORIENTED_EDGE('',*,*,#7109,.F.);
#7343 = ORIENTED_EDGE('',*,*,#7220,.F.);
#7344 = ADVANCED_FACE('',(#7345),#7040,.T.);
#7345 = FACE_BOUND('',#7346,.T.);
#7346 = EDGE_LOOP('',(#7347,#7348,#7349,#7350));
#7347 = ORIENTED_EDGE('',*,*,#7023,.F.);
#7348 = ORIENTED_EDGE('',*,*,#7137,.F.);
#7349 = ORIENTED_EDGE('',*,*,#7322,.F.);
#7350 = ORIENTED_EDGE('',*,*,#7351,.T.);
#7351 = EDGE_CURVE('',#7300,#7024,#7352,.T.);
#7352 = SURFACE_CURVE('',#7353,(#7357,#7364),.PCURVE_S1.);
#7353 = LINE('',#7354,#7355);
#7354 = CARTESIAN_POINT('',(40.,-19.99999999999,450.));
#7355 = VECTOR('',#7356,1.);
#7356 = DIRECTION('',(0.,0.,-1.));
#7357 = PCURVE('',#7040,#7358);
#7358 = DEFINITIONAL_REPRESENTATION('',(#7359),#7363);
#7359 = LINE('',#7360,#7361);
#7360 = CARTESIAN_POINT('',(0.,0.));
#7361 = VECTOR('',#7362,1.);
#7362 = DIRECTION('',(1.,0.));
#7363 = ( GEOMETRIC_REPRESENTATION_CONTEXT(2) 
PARAMETRIC_REPRESENTATION_CONTEXT() REPRESENTATION_CONTEXT('2D SPACE',''
  ) );
#7364 = PCURVE('',#7070,#7365);
#7365 = DEFINITIONAL_REPRESENTATION('',(#7366),#7370);
#7366 = LINE('',#7367,#7368);
#7367 = CARTESIAN_POINT('',(-27.74999999999,45.));
#7368 = VECTOR('',#7369,1.);
#7369 = DIRECTION('',(0.,-1.));
#7370 = ( GEOMETRIC_REPRESENTATION_CONTEXT(2) 
PARAMETRIC_REPRESENTATION_CONTEXT() REPRESENTATION_CONTEXT('2D SPACE',''
  ) );
#7371 = ADVANCED_FACE('',(#7372,#7378),#7070,.F.);
#7372 = FACE_BOUND('',#7373,.T.);
#7373 = EDGE_LOOP('',(#7374,#7375,#7376,#7377));
#7374 = ORIENTED_EDGE('',*,*,#7351,.F.);
#7375 = ORIENTED_EDGE('',*,*,#7299,.F.);
#7376 = ORIENTED_EDGE('',*,*,#7197,.F.);
#7377 = ORIENTED_EDGE('',*,*,#7056,.F.);
#7378 = FACE_BOUND('',#7379,.T.);
#7379 = EDGE_LOOP('',(#7380));
#7380 = ORIENTED_EDGE('',*,*,#7268,.F.);
#7381 = ( GEOMETRIC_REPRESENTATION_CONTEXT(3) 
GLOBAL_UNCERTAINTY_ASSIGNED_CONTEXT((#7385)) 
GLOBAL_UNIT_ASSIGNED_CONTEXT((#7382,#7383,#7384)) REPRESENTATION_CONTEXT
('Context #1','3D Context with UNIT and UNCERTAINTY') );
#7382 = ( LENGTH_UNIT() NAMED_UNIT(*) SI_UNIT(.MILLI.,.METRE.) );
#7383 = ( NAMED_UNIT(*) PLANE_ANGLE_UNIT() SI_UNIT($,.RADIAN.) );
#7384 = ( NAMED_UNIT(*) SI_UNIT($,.STERADIAN.) SOLID_ANGLE_UNIT() );
#7385 = UNCERTAINTY_MEASURE_WITH_UNIT(LENGTH_MEASURE(1.E-07),#7382,
  'distance_accuracy_value','confusion accuracy');
#7386 = CONTEXT_DEPENDENT_SHAPE_REPRESENTATION(#7387,#7389);
#7387 = ( REPRESENTATION_RELATIONSHIP('','',#6948,#10) 
REPRESENTATION_RELATIONSHIP_WITH_TRANSFORMATION(#7388) 
SHAPE_REPRESENTATION_RELATIONSHIP() );
#7388 = ITEM_DEFINED_TRANSFORMATION('','',#11,#35);
#7389 = PRODUCT_DEFINITION_SHAPE('Placement','Placement of an item',
  #7390);
#7390 = NEXT_ASSEMBLY_USAGE_OCCURRENCE('150','','',#5,#6943,$);
#7391 = PRODUCT_RELATED_PRODUCT_CATEGORY('part',$,(#6945));
#7392 = SHAPE_DEFINITION_REPRESENTATION(#7393,#7399);
#7393 = PRODUCT_DEFINITION_SHAPE('','',#7394);
#7394 = PRODUCT_DEFINITION('design','',#7395,#7398);
#7395 = PRODUCT_DEFINITION_FORMATION('','',#7396);
#7396 = PRODUCT('Open CASCADE STEP translator 7.9 45.7',
  'Open CASCADE STEP translator 7.9 45.7','',(#7397));
#7397 = PRODUCT_CONTEXT('',#2,'mechanical');
#7398 = PRODUCT_DEFINITION_CONTEXT('part definition',#2,'design');
#7399 = ADVANCED_BREP_SHAPE_REPRESENTATION('',(#11,#7400),#7832);
#7400 = MANIFOLD_SOLID_BREP('',#7401);
#7401 = CLOSED_SHELL('',(#7402,#7532,#7608,#7694,#7765,#7812,#7822));
#7402 = ADVANCED_FACE('',(#7403),#7418,.T.);
#7403 = FACE_BOUND('',#7404,.T.);
#7404 = EDGE_LOOP('',(#7405,#7445,#7473,#7506));
#7405 = ORIENTED_EDGE('',*,*,#7406,.T.);
#7406 = EDGE_CURVE('',#7407,#7409,#7411,.T.);
#7407 = VERTEX_POINT('',#7408);
#7408 = CARTESIAN_POINT('',(-45.,35.5,365.));
#7409 = VERTEX_POINT('',#7410);
#7410 = CARTESIAN_POINT('',(-40.,35.5,360.));
#7411 = SURFACE_CURVE('',#7412,(#7417,#7429),.PCURVE_S1.);
#7412 = CIRCLE('',#7413,5.);
#7413 = AXIS2_PLACEMENT_3D('',#7414,#7415,#7416);
#7414 = CARTESIAN_POINT('',(-40.,35.5,365.));
#7415 = DIRECTION('',(0.,-1.,0.));
#7416 = DIRECTION('',(-0.707106781187,-0.,-0.707106781187));
#7417 = PCURVE('',#7418,#7423);
#7418 = CYLINDRICAL_SURFACE('',#7419,5.);
#7419 = AXIS2_PLACEMENT_3D('',#7420,#7421,#7422);
#7420 = CARTESIAN_POINT('',(-40.,-6.124999999999,365.));
#7421 = DIRECTION('',(0.,1.,0.));
#7422 = DIRECTION('',(-0.707106781187,0.,-0.707106781187));
#7423 = DEFINITIONAL_REPRESENTATION('',(#7424),#7428);
#7424 = LINE('',#7425,#7426);
#7425 = CARTESIAN_POINT('',(6.28318530718,41.625));
#7426 = VECTOR('',#7427,1.);
#7427 = DIRECTION('',(-1.,0.));
#7428 = ( GEOMETRIC_REPRESENTATION_CONTEXT(2) 
PARAMETRIC_REPRESENTATION_CONTEXT() REPRESENTATION_CONTEXT('2D SPACE',''
  ) );
#7429 = PCURVE('',#7430,#7435);
#7430 = PLANE('',#7431);
#7431 = AXIS2_PLACEMENT_3D('',#7432,#7433,#7434);
#7432 = CARTESIAN_POINT('',(-45.,35.5,360.));
#7433 = DIRECTION('',(0.,1.,0.));
#7434 = DIRECTION('',(0.,-0.,1.));
#7435 = DEFINITIONAL_REPRESENTATION('',(#7436),#7444);
#7436 = ( BOUNDED_CURVE() B_SPLINE_CURVE(2,(#7437,#7438,#7439,#7440,
#7441,#7442,#7443),.UNSPECIFIED.,.T.,.F.) B_SPLINE_CURVE_WITH_KNOTS((1,2
    ,2,2,2,1),(-2.094395102393,0.,2.094395102393,4.188790204786,
6.28318530718,8.377580409573),.UNSPECIFIED.) CURVE() 
GEOMETRIC_REPRESENTATION_ITEM() RATIONAL_B_SPLINE_CURVE((1.,0.5,1.,0.5,
1.,0.5,1.)) REPRESENTATION_ITEM('') );
#7437 = CARTESIAN_POINT('',(1.464466094067,1.464466094067));
#7438 = CARTESIAN_POINT('',(-4.659258262891,7.588190451025));
#7439 = CARTESIAN_POINT('',(3.705904774487,9.829629131445));
#7440 = CARTESIAN_POINT('',(12.071067811866,12.071067811866));
#7441 = CARTESIAN_POINT('',(9.829629131445,3.705904774487));
#7442 = CARTESIAN_POINT('',(7.588190451025,-4.659258262891));
#7443 = CARTESIAN_POINT('',(1.464466094067,1.464466094067));
#7444 = ( GEOMETRIC_REPRESENTATION_CONTEXT(2) 
PARAMETRIC_REPRESENTATION_CONTEXT() REPRESENTATION_CONTEXT('2D SPACE',''
  ) );
#7445 = ORIENTED_EDGE('',*,*,#7446,.F.);
#7446 = EDGE_CURVE('',#7447,#7409,#7449,.T.);
#7447 = VERTEX_POINT('',#7448);
#7448 = CARTESIAN_POINT('',(-40.,-19.99999999999,360.));
#7449 = SURFACE_CURVE('',#7450,(#7454,#7461),.PCURVE_S1.);
#7450 = LINE('',#7451,#7452);
#7451 = CARTESIAN_POINT('',(-40.,-19.99999999999,360.));
#7452 = VECTOR('',#7453,1.);
#7453 = DIRECTION('',(0.,1.,0.));
#7454 = PCURVE('',#7418,#7455);
#7455 = DEFINITIONAL_REPRESENTATION('',(#7456),#7460);
#7456 = LINE('',#7457,#7458);
#7457 = CARTESIAN_POINT('',(-0.785398163397,-13.875));
#7458 = VECTOR('',#7459,1.);
#7459 = DIRECTION('',(0.,1.));
#7460 = ( GEOMETRIC_REPRESENTATION_CONTEXT(2) 
PARAMETRIC_REPRESENTATION_CONTEXT() REPRESENTATION_CONTEXT('2D SPACE',''
  ) );
#7461 = PCURVE('',#7462,#7467);
#7462 = PLANE('',#7463);
#7463 = AXIS2_PLACEMENT_3D('',#7464,#7465,#7466);
#7464 = CARTESIAN_POINT('',(-40.,7.750000000001,405.));
#7465 = DIRECTION('',(1.,0.,0.));
#7466 = DIRECTION('',(-0.,1.,0.));
#7467 = DEFINITIONAL_REPRESENTATION('',(#7468),#7472);
#7468 = LINE('',#7469,#7470);
#7469 = CARTESIAN_POINT('',(-27.74999999999,-45.));
#7470 = VECTOR('',#7471,1.);
#7471 = DIRECTION('',(1.,0.));
#7472 = ( GEOMETRIC_REPRESENTATION_CONTEXT(2) 
PARAMETRIC_REPRESENTATION_CONTEXT() REPRESENTATION_CONTEXT('2D SPACE',''
  ) );
#7473 = ORIENTED_EDGE('',*,*,#7474,.T.);
#7474 = EDGE_CURVE('',#7447,#7475,#7477,.T.);
#7475 = VERTEX_POINT('',#7476);
#7476 = CARTESIAN_POINT('',(-45.,-19.99999999999,365.));
#7477 = SURFACE_CURVE('',#7478,(#7483,#7490),.PCURVE_S1.);
#7478 = CIRCLE('',#7479,5.);
#7479 = AXIS2_PLACEMENT_3D('',#7480,#7481,#7482);
#7480 = CARTESIAN_POINT('',(-40.,-19.99999999999,365.));
#7481 = DIRECTION('',(0.,1.,0.));
#7482 = DIRECTION('',(-0.707106781187,0.,-0.707106781187));
#7483 = PCURVE('',#7418,#7484);
#7484 = DEFINITIONAL_REPRESENTATION('',(#7485),#7489);
#7485 = LINE('',#7486,#7487);
#7486 = CARTESIAN_POINT('',(-6.28318530718,-13.875));
#7487 = VECTOR('',#7488,1.);
#7488 = DIRECTION('',(1.,0.));
#7489 = ( GEOMETRIC_REPRESENTATION_CONTEXT(2) 
PARAMETRIC_REPRESENTATION_CONTEXT() REPRESENTATION_CONTEXT('2D SPACE',''
  ) );
#7490 = PCURVE('',#7491,#7496);
#7491 = PLANE('',#7492);
#7492 = AXIS2_PLACEMENT_3D('',#7493,#7494,#7495);
#7493 = CARTESIAN_POINT('',(-45.,-19.99999999999,450.));
#7494 = DIRECTION('',(0.,-1.,0.));
#7495 = DIRECTION('',(0.,0.,-1.));
#7496 = DEFINITIONAL_REPRESENTATION('',(#7497),#7505);
#7497 = ( BOUNDED_CURVE() B_SPLINE_CURVE(2,(#7498,#7499,#7500,#7501,
#7502,#7503,#7504),.UNSPECIFIED.,.T.,.F.) B_SPLINE_CURVE_WITH_KNOTS((1,2
    ,2,2,2,1),(-2.094395102393,0.,2.094395102393,4.188790204786,
6.28318530718,8.377580409573),.UNSPECIFIED.) CURVE() 
GEOMETRIC_REPRESENTATION_ITEM() RATIONAL_B_SPLINE_CURVE((1.,0.5,1.,0.5,
1.,0.5,1.)) REPRESENTATION_ITEM('') );
#7498 = CARTESIAN_POINT('',(88.535533905933,1.464466094067));
#7499 = CARTESIAN_POINT('',(82.411809548975,-4.659258262891));
#7500 = CARTESIAN_POINT('',(80.170370868555,3.705904774487));
#7501 = CARTESIAN_POINT('',(77.928932188134,12.071067811866));
#7502 = CARTESIAN_POINT('',(86.294095225513,9.829629131445));
#7503 = CARTESIAN_POINT('',(94.659258262891,7.588190451025));
#7504 = CARTESIAN_POINT('',(88.535533905933,1.464466094067));
#7505 = ( GEOMETRIC_REPRESENTATION_CONTEXT(2) 
PARAMETRIC_REPRESENTATION_CONTEXT() REPRESENTATION_CONTEXT('2D SPACE',''
  ) );
#7506 = ORIENTED_EDGE('',*,*,#7507,.T.);
#7507 = EDGE_CURVE('',#7475,#7407,#7508,.T.);
#7508 = SURFACE_CURVE('',#7509,(#7513,#7520),.PCURVE_S1.);
#7509 = LINE('',#7510,#7511);
#7510 = CARTESIAN_POINT('',(-45.,-6.124999999999,365.));
#7511 = VECTOR('',#7512,1.);
#7512 = DIRECTION('',(0.,1.,0.));
#7513 = PCURVE('',#7418,#7514);
#7514 = DEFINITIONAL_REPRESENTATION('',(#7515),#7519);
#7515 = LINE('',#7516,#7517);
#7516 = CARTESIAN_POINT('',(0.785398163397,0.));
#7517 = VECTOR('',#7518,1.);
#7518 = DIRECTION('',(0.,1.));
#7519 = ( GEOMETRIC_REPRESENTATION_CONTEXT(2) 
PARAMETRIC_REPRESENTATION_CONTEXT() REPRESENTATION_CONTEXT('2D SPACE',''
  ) );
#7520 = PCURVE('',#7521,#7526);
#7521 = PLANE('',#7522);
#7522 = AXIS2_PLACEMENT_3D('',#7523,#7524,#7525);
#7523 = CARTESIAN_POINT('',(-45.,7.750000000001,405.));
#7524 = DIRECTION('',(1.,0.,0.));
#7525 = DIRECTION('',(-0.,1.,0.));
#7526 = DEFINITIONAL_REPRESENTATION('',(#7527),#7531);
#7527 = LINE('',#7528,#7529);
#7528 = CARTESIAN_POINT('',(-13.875,-40.));
#7529 = VECTOR('',#7530,1.);
#7530 = DIRECTION('',(1.,0.));
#7531 = ( GEOMETRIC_REPRESENTATION_CONTEXT(2) 
PARAMETRIC_REPRESENTATION_CONTEXT() REPRESENTATION_CONTEXT('2D SPACE',''
  ) );
#7532 = ADVANCED_FACE('',(#7533),#7430,.T.);
#7533 = FACE_BOUND('',#7534,.T.);
#7534 = EDGE_LOOP('',(#7535,#7536,#7559,#7587));
#7535 = ORIENTED_EDGE('',*,*,#7406,.F.);
#7536 = ORIENTED_EDGE('',*,*,#7537,.T.);
#7537 = EDGE_CURVE('',#7407,#7538,#7540,.T.);
#7538 = VERTEX_POINT('',#7539);
#7539 = CARTESIAN_POINT('',(-45.,35.5,450.));
#7540 = SURFACE_CURVE('',#7541,(#7545,#7552),.PCURVE_S1.);
#7541 = LINE('',#7542,#7543);
#7542 = CARTESIAN_POINT('',(-45.,35.5,360.));
#7543 = VECTOR('',#7544,1.);
#7544 = DIRECTION('',(0.,0.,1.));
#7545 = PCURVE('',#7430,#7546);
#7546 = DEFINITIONAL_REPRESENTATION('',(#7547),#7551);
#7547 = LINE('',#7548,#7549);
#7548 = CARTESIAN_POINT('',(0.,0.));
#7549 = VECTOR('',#7550,1.);
#7550 = DIRECTION('',(1.,0.));
#7551 = ( GEOMETRIC_REPRESENTATION_CONTEXT(2) 
PARAMETRIC_REPRESENTATION_CONTEXT() REPRESENTATION_CONTEXT('2D SPACE',''
  ) );
#7552 = PCURVE('',#7521,#7553);
#7553 = DEFINITIONAL_REPRESENTATION('',(#7554),#7558);
#7554 = LINE('',#7555,#7556);
#7555 = CARTESIAN_POINT('',(27.749999999999,-45.));
#7556 = VECTOR('',#7557,1.);
#7557 = DIRECTION('',(0.,1.));
#7558 = ( GEOMETRIC_REPRESENTATION_CONTEXT(2) 
PARAMETRIC_REPRESENTATION_CONTEXT() REPRESENTATION_CONTEXT('2D SPACE',''
  ) );
#7559 = ORIENTED_EDGE('',*,*,#7560,.T.);
#7560 = EDGE_CURVE('',#7538,#7561,#7563,.T.);
#7561 = VERTEX_POINT('',#7562);
#7562 = CARTESIAN_POINT('',(-40.,35.5,450.));
#7563 = SURFACE_CURVE('',#7564,(#7568,#7575),.PCURVE_S1.);
#7564 = LINE('',#7565,#7566);
#7565 = CARTESIAN_POINT('',(-45.,35.5,450.));
#7566 = VECTOR('',#7567,1.);
#7567 = DIRECTION('',(1.,0.,0.));
#7568 = PCURVE('',#7430,#7569);
#7569 = DEFINITIONAL_REPRESENTATION('',(#7570),#7574);
#7570 = LINE('',#7571,#7572);
#7571 = CARTESIAN_POINT('',(90.,0.));
#7572 = VECTOR('',#7573,1.);
#7573 = DIRECTION('',(0.,1.));
#7574 = ( GEOMETRIC_REPRESENTATION_CONTEXT(2) 
PARAMETRIC_REPRESENTATION_CONTEXT() REPRESENTATION_CONTEXT('2D SPACE',''
  ) );
#7575 = PCURVE('',#7576,#7581);
#7576 = PLANE('',#7577);
#7577 = AXIS2_PLACEMENT_3D('',#7578,#7579,#7580);
#7578 = CARTESIAN_POINT('',(-45.,35.5,450.));
#7579 = DIRECTION('',(0.,0.,1.));
#7580 = DIRECTION('',(0.,-1.,0.));
#7581 = DEFINITIONAL_REPRESENTATION('',(#7582),#7586);
#7582 = LINE('',#7583,#7584);
#7583 = CARTESIAN_POINT('',(0.,0.));
#7584 = VECTOR('',#7585,1.);
#7585 = DIRECTION('',(0.,1.));
#7586 = ( GEOMETRIC_REPRESENTATION_CONTEXT(2) 
PARAMETRIC_REPRESENTATION_CONTEXT() REPRESENTATION_CONTEXT('2D SPACE',''
  ) );
#7587 = ORIENTED_EDGE('',*,*,#7588,.F.);
#7588 = EDGE_CURVE('',#7409,#7561,#7589,.T.);
#7589 = SURFACE_CURVE('',#7590,(#7594,#7601),.PCURVE_S1.);
#7590 = LINE('',#7591,#7592);
#7591 = CARTESIAN_POINT('',(-40.,35.5,360.));
#7592 = VECTOR('',#7593,1.);
#7593 = DIRECTION('',(0.,0.,1.));
#7594 = PCURVE('',#7430,#7595);
#7595 = DEFINITIONAL_REPRESENTATION('',(#7596),#7600);
#7596 = LINE('',#7597,#7598);
#7597 = CARTESIAN_POINT('',(0.,5.));
#7598 = VECTOR('',#7599,1.);
#7599 = DIRECTION('',(1.,0.));
#7600 = ( GEOMETRIC_REPRESENTATION_CONTEXT(2) 
PARAMETRIC_REPRESENTATION_CONTEXT() REPRESENTATION_CONTEXT('2D SPACE',''
  ) );
#7601 = PCURVE('',#7462,#7602);
#7602 = DEFINITIONAL_REPRESENTATION('',(#7603),#7607);
#7603 = LINE('',#7604,#7605);
#7604 = CARTESIAN_POINT('',(27.749999999999,-45.));
#7605 = VECTOR('',#7606,1.);
#7606 = DIRECTION('',(0.,1.));
#7607 = ( GEOMETRIC_REPRESENTATION_CONTEXT(2) 
PARAMETRIC_REPRESENTATION_CONTEXT() REPRESENTATION_CONTEXT('2D SPACE',''
  ) );
#7608 = ADVANCED_FACE('',(#7609),#7623,.F.);
#7609 = FACE_BOUND('',#7610,.F.);
#7610 = EDGE_LOOP('',(#7611,#7641,#7667,#7668));
#7611 = ORIENTED_EDGE('',*,*,#7612,.T.);
#7612 = EDGE_CURVE('',#7613,#7615,#7617,.T.);
#7613 = VERTEX_POINT('',#7614);
#7614 = CARTESIAN_POINT('',(-40.,-2.249999999999,429.6085749343));
#7615 = VERTEX_POINT('',#7616);
#7616 = CARTESIAN_POINT('',(-45.,-2.249999999999,429.6085749343));
#7617 = SEAM_CURVE('',#7618,(#7622,#7634),.PCURVE_S1.);
#7618 = LINE('',#7619,#7620);
#7619 = CARTESIAN_POINT('',(-45.,-2.249999999999,429.6085749343));
#7620 = VECTOR('',#7621,1.);
#7621 = DIRECTION('',(-1.,0.,0.));
#7622 = PCURVE('',#7623,#7628);
#7623 = CYLINDRICAL_SURFACE('',#7624,10.);
#7624 = AXIS2_PLACEMENT_3D('',#7625,#7626,#7627);
#7625 = CARTESIAN_POINT('',(-45.,7.750000000001,429.6085749343));
#7626 = DIRECTION('',(1.,0.,0.));
#7627 = DIRECTION('',(-0.,1.,0.));
#7628 = DEFINITIONAL_REPRESENTATION('',(#7629),#7633);
#7629 = LINE('',#7630,#7631);
#7630 = CARTESIAN_POINT('',(-3.14159265359,0.));
#7631 = VECTOR('',#7632,1.);
#7632 = DIRECTION('',(0.,-1.));
#7633 = ( GEOMETRIC_REPRESENTATION_CONTEXT(2) 
PARAMETRIC_REPRESENTATION_CONTEXT() REPRESENTATION_CONTEXT('2D SPACE',''
  ) );
#7634 = PCURVE('',#7623,#7635);
#7635 = DEFINITIONAL_REPRESENTATION('',(#7636),#7640);
#7636 = LINE('',#7637,#7638);
#7637 = CARTESIAN_POINT('',(3.14159265359,0.));
#7638 = VECTOR('',#7639,1.);
#7639 = DIRECTION('',(0.,-1.));
#7640 = ( GEOMETRIC_REPRESENTATION_CONTEXT(2) 
PARAMETRIC_REPRESENTATION_CONTEXT() REPRESENTATION_CONTEXT('2D SPACE',''
  ) );
#7641 = ORIENTED_EDGE('',*,*,#7642,.F.);
#7642 = EDGE_CURVE('',#7615,#7615,#7643,.T.);
#7643 = SURFACE_CURVE('',#7644,(#7649,#7656),.PCURVE_S1.);
#7644 = CIRCLE('',#7645,10.);
#7645 = AXIS2_PLACEMENT_3D('',#7646,#7647,#7648);
#7646 = CARTESIAN_POINT('',(-45.,7.750000000001,429.6085749343));
#7647 = DIRECTION('',(-1.,0.,0.));
#7648 = DIRECTION('',(0.,1.,0.));
#7649 = PCURVE('',#7623,#7650);
#7650 = DEFINITIONAL_REPRESENTATION('',(#7651),#7655);
#7651 = LINE('',#7652,#7653);
#7652 = CARTESIAN_POINT('',(6.28318530718,0.));
#7653 = VECTOR('',#7654,1.);
#7654 = DIRECTION('',(-1.,0.));
#7655 = ( GEOMETRIC_REPRESENTATION_CONTEXT(2) 
PARAMETRIC_REPRESENTATION_CONTEXT() REPRESENTATION_CONTEXT('2D SPACE',''
  ) );
#7656 = PCURVE('',#7521,#7657);
#7657 = DEFINITIONAL_REPRESENTATION('',(#7658),#7666);
#7658 = ( BOUNDED_CURVE() B_SPLINE_CURVE(2,(#7659,#7660,#7661,#7662,
#7663,#7664,#7665),.UNSPECIFIED.,.T.,.F.) B_SPLINE_CURVE_WITH_KNOTS((1,2
    ,2,2,2,1),(-2.094395102393,0.,2.094395102393,4.188790204786,
6.28318530718,8.377580409573),.UNSPECIFIED.) CURVE() 
GEOMETRIC_REPRESENTATION_ITEM() RATIONAL_B_SPLINE_CURVE((1.,0.5,1.,0.5,
1.,0.5,1.)) REPRESENTATION_ITEM('') );
#7659 = CARTESIAN_POINT('',(10.,24.6085749343));
#7660 = CARTESIAN_POINT('',(10.,7.288066858611));
#7661 = CARTESIAN_POINT('',(-5.,15.948320896456));
#7662 = CARTESIAN_POINT('',(-20.,24.6085749343));
#7663 = CARTESIAN_POINT('',(-5.,33.268828972144));
#7664 = CARTESIAN_POINT('',(10.,41.929083009989));
#7665 = CARTESIAN_POINT('',(10.,24.6085749343));
#7666 = ( GEOMETRIC_REPRESENTATION_CONTEXT(2) 
PARAMETRIC_REPRESENTATION_CONTEXT() REPRESENTATION_CONTEXT('2D SPACE',''
  ) );
#7667 = ORIENTED_EDGE('',*,*,#7612,.F.);
#7668 = ORIENTED_EDGE('',*,*,#7669,.T.);
#7669 = EDGE_CURVE('',#7613,#7613,#7670,.T.);
#7670 = SURFACE_CURVE('',#7671,(#7676,#7683),.PCURVE_S1.);
#7671 = CIRCLE('',#7672,10.);
#7672 = AXIS2_PLACEMENT_3D('',#7673,#7674,#7675);
#7673 = CARTESIAN_POINT('',(-40.,7.750000000001,429.6085749343));
#7674 = DIRECTION('',(-1.,0.,0.));
#7675 = DIRECTION('',(0.,1.,0.));
#7676 = PCURVE('',#7623,#7677);
#7677 = DEFINITIONAL_REPRESENTATION('',(#7678),#7682);
#7678 = LINE('',#7679,#7680);
#7679 = CARTESIAN_POINT('',(6.28318530718,5.));
#7680 = VECTOR('',#7681,1.);
#7681 = DIRECTION('',(-1.,0.));
#7682 = ( GEOMETRIC_REPRESENTATION_CONTEXT(2) 
PARAMETRIC_REPRESENTATION_CONTEXT() REPRESENTATION_CONTEXT('2D SPACE',''
  ) );
#7683 = PCURVE('',#7462,#7684);
#7684 = DEFINITIONAL_REPRESENTATION('',(#7685),#7693);
#7685 = ( BOUNDED_CURVE() B_SPLINE_CURVE(2,(#7686,#7687,#7688,#7689,
#7690,#7691,#7692),.UNSPECIFIED.,.T.,.F.) B_SPLINE_CURVE_WITH_KNOTS((1,2
    ,2,2,2,1),(-2.094395102393,0.,2.094395102393,4.188790204786,
6.28318530718,8.377580409573),.UNSPECIFIED.) CURVE() 
GEOMETRIC_REPRESENTATION_ITEM() RATIONAL_B_SPLINE_CURVE((1.,0.5,1.,0.5,
1.,0.5,1.)) REPRESENTATION_ITEM('') );
#7686 = CARTESIAN_POINT('',(10.,24.6085749343));
#7687 = CARTESIAN_POINT('',(10.,7.288066858611));
#7688 = CARTESIAN_POINT('',(-5.,15.948320896456));
#7689 = CARTESIAN_POINT('',(-20.,24.6085749343));
#7690 = CARTESIAN_POINT('',(-5.,33.268828972144));
#7691 = CARTESIAN_POINT('',(10.,41.929083009989));
#7692 = CARTESIAN_POINT('',(10.,24.6085749343));
#7693 = ( GEOMETRIC_REPRESENTATION_CONTEXT(2) 
PARAMETRIC_REPRESENTATION_CONTEXT() REPRESENTATION_CONTEXT('2D SPACE',''
  ) );
#7694 = ADVANCED_FACE('',(#7695),#7576,.T.);
#7695 = FACE_BOUND('',#7696,.T.);
#7696 = EDGE_LOOP('',(#7697,#7720,#7743,#7764));
#7697 = ORIENTED_EDGE('',*,*,#7698,.T.);
#7698 = EDGE_CURVE('',#7538,#7699,#7701,.T.);
#7699 = VERTEX_POINT('',#7700);
#7700 = CARTESIAN_POINT('',(-45.,-19.99999999999,450.));
#7701 = SURFACE_CURVE('',#7702,(#7706,#7713),.PCURVE_S1.);
#7702 = LINE('',#7703,#7704);
#7703 = CARTESIAN_POINT('',(-45.,35.5,450.));
#7704 = VECTOR('',#7705,1.);
#7705 = DIRECTION('',(0.,-1.,0.));
#7706 = PCURVE('',#7576,#7707);
#7707 = DEFINITIONAL_REPRESENTATION('',(#7708),#7712);
#7708 = LINE('',#7709,#7710);
#7709 = CARTESIAN_POINT('',(0.,0.));
#7710 = VECTOR('',#7711,1.);
#7711 = DIRECTION('',(1.,0.));
#7712 = ( GEOMETRIC_REPRESENTATION_CONTEXT(2) 
PARAMETRIC_REPRESENTATION_CONTEXT() REPRESENTATION_CONTEXT('2D SPACE',''
  ) );
#7713 = PCURVE('',#7521,#7714);
#7714 = DEFINITIONAL_REPRESENTATION('',(#7715),#7719);
#7715 = LINE('',#7716,#7717);
#7716 = CARTESIAN_POINT('',(27.749999999999,45.));
#7717 = VECTOR('',#7718,1.);
#7718 = DIRECTION('',(-1.,0.));
#7719 = ( GEOMETRIC_REPRESENTATION_CONTEXT(2) 
PARAMETRIC_REPRESENTATION_CONTEXT() REPRESENTATION_CONTEXT('2D SPACE',''
  ) );
#7720 = ORIENTED_EDGE('',*,*,#7721,.T.);
#7721 = EDGE_CURVE('',#7699,#7722,#7724,.T.);
#7722 = VERTEX_POINT('',#7723);
#7723 = CARTESIAN_POINT('',(-40.,-19.99999999999,450.));
#7724 = SURFACE_CURVE('',#7725,(#7729,#7736),.PCURVE_S1.);
#7725 = LINE('',#7726,#7727);
#7726 = CARTESIAN_POINT('',(-45.,-19.99999999999,450.));
#7727 = VECTOR('',#7728,1.);
#7728 = DIRECTION('',(1.,0.,0.));
#7729 = PCURVE('',#7576,#7730);
#7730 = DEFINITIONAL_REPRESENTATION('',(#7731),#7735);
#7731 = LINE('',#7732,#7733);
#7732 = CARTESIAN_POINT('',(55.49999999999,0.));
#7733 = VECTOR('',#7734,1.);
#7734 = DIRECTION('',(0.,1.));
#7735 = ( GEOMETRIC_REPRESENTATION_CONTEXT(2) 
PARAMETRIC_REPRESENTATION_CONTEXT() REPRESENTATION_CONTEXT('2D SPACE',''
  ) );
#7736 = PCURVE('',#7491,#7737);
#7737 = DEFINITIONAL_REPRESENTATION('',(#7738),#7742);
#7738 = LINE('',#7739,#7740);
#7739 = CARTESIAN_POINT('',(0.,0.));
#7740 = VECTOR('',#7741,1.);
#7741 = DIRECTION('',(0.,1.));
#7742 = ( GEOMETRIC_REPRESENTATION_CONTEXT(2) 
PARAMETRIC_REPRESENTATION_CONTEXT() REPRESENTATION_CONTEXT('2D SPACE',''
  ) );
#7743 = ORIENTED_EDGE('',*,*,#7744,.F.);
#7744 = EDGE_CURVE('',#7561,#7722,#7745,.T.);
#7745 = SURFACE_CURVE('',#7746,(#7750,#7757),.PCURVE_S1.);
#7746 = LINE('',#7747,#7748);
#7747 = CARTESIAN_POINT('',(-40.,35.5,450.));
#7748 = VECTOR('',#7749,1.);
#7749 = DIRECTION('',(0.,-1.,0.));
#7750 = PCURVE('',#7576,#7751);
#7751 = DEFINITIONAL_REPRESENTATION('',(#7752),#7756);
#7752 = LINE('',#7753,#7754);
#7753 = CARTESIAN_POINT('',(0.,5.));
#7754 = VECTOR('',#7755,1.);
#7755 = DIRECTION('',(1.,0.));
#7756 = ( GEOMETRIC_REPRESENTATION_CONTEXT(2) 
PARAMETRIC_REPRESENTATION_CONTEXT() REPRESENTATION_CONTEXT('2D SPACE',''
  ) );
#7757 = PCURVE('',#7462,#7758);
#7758 = DEFINITIONAL_REPRESENTATION('',(#7759),#7763);
#7759 = LINE('',#7760,#7761);
#7760 = CARTESIAN_POINT('',(27.749999999999,45.));
#7761 = VECTOR('',#7762,1.);
#7762 = DIRECTION('',(-1.,0.));
#7763 = ( GEOMETRIC_REPRESENTATION_CONTEXT(2) 
PARAMETRIC_REPRESENTATION_CONTEXT() REPRESENTATION_CONTEXT('2D SPACE',''
  ) );
#7764 = ORIENTED_EDGE('',*,*,#7560,.F.);
#7765 = ADVANCED_FACE('',(#7766),#7491,.T.);
#7766 = FACE_BOUND('',#7767,.T.);
#7767 = EDGE_LOOP('',(#7768,#7769,#7790,#7791));
#7768 = ORIENTED_EDGE('',*,*,#7474,.F.);
#7769 = ORIENTED_EDGE('',*,*,#7770,.F.);
#7770 = EDGE_CURVE('',#7722,#7447,#7771,.T.);
#7771 = SURFACE_CURVE('',#7772,(#7776,#7783),.PCURVE_S1.);
#7772 = LINE('',#7773,#7774);
#7773 = CARTESIAN_POINT('',(-40.,-19.99999999999,450.));
#7774 = VECTOR('',#7775,1.);
#7775 = DIRECTION('',(0.,0.,-1.));
#7776 = PCURVE('',#7491,#7777);
#7777 = DEFINITIONAL_REPRESENTATION('',(#7778),#7782);
#7778 = LINE('',#7779,#7780);
#7779 = CARTESIAN_POINT('',(0.,5.));
#7780 = VECTOR('',#7781,1.);
#7781 = DIRECTION('',(1.,0.));
#7782 = ( GEOMETRIC_REPRESENTATION_CONTEXT(2) 
PARAMETRIC_REPRESENTATION_CONTEXT() REPRESENTATION_CONTEXT('2D SPACE',''
  ) );
#7783 = PCURVE('',#7462,#7784);
#7784 = DEFINITIONAL_REPRESENTATION('',(#7785),#7789);
#7785 = LINE('',#7786,#7787);
#7786 = CARTESIAN_POINT('',(-27.74999999999,45.));
#7787 = VECTOR('',#7788,1.);
#7788 = DIRECTION('',(0.,-1.));
#7789 = ( GEOMETRIC_REPRESENTATION_CONTEXT(2) 
PARAMETRIC_REPRESENTATION_CONTEXT() REPRESENTATION_CONTEXT('2D SPACE',''
  ) );
#7790 = ORIENTED_EDGE('',*,*,#7721,.F.);
#7791 = ORIENTED_EDGE('',*,*,#7792,.T.);
#7792 = EDGE_CURVE('',#7699,#7475,#7793,.T.);
#7793 = SURFACE_CURVE('',#7794,(#7798,#7805),.PCURVE_S1.);
#7794 = LINE('',#7795,#7796);
#7795 = CARTESIAN_POINT('',(-45.,-19.99999999999,450.));
#7796 = VECTOR('',#7797,1.);
#7797 = DIRECTION('',(0.,0.,-1.));
#7798 = PCURVE('',#7491,#7799);
#7799 = DEFINITIONAL_REPRESENTATION('',(#7800),#7804);
#7800 = LINE('',#7801,#7802);
#7801 = CARTESIAN_POINT('',(0.,0.));
#7802 = VECTOR('',#7803,1.);
#7803 = DIRECTION('',(1.,0.));
#7804 = ( GEOMETRIC_REPRESENTATION_CONTEXT(2) 
PARAMETRIC_REPRESENTATION_CONTEXT() REPRESENTATION_CONTEXT('2D SPACE',''
  ) );
#7805 = PCURVE('',#7521,#7806);
#7806 = DEFINITIONAL_REPRESENTATION('',(#7807),#7811);
#7807 = LINE('',#7808,#7809);
#7808 = CARTESIAN_POINT('',(-27.74999999999,45.));
#7809 = VECTOR('',#7810,1.);
#7810 = DIRECTION('',(0.,-1.));
#7811 = ( GEOMETRIC_REPRESENTATION_CONTEXT(2) 
PARAMETRIC_REPRESENTATION_CONTEXT() REPRESENTATION_CONTEXT('2D SPACE',''
  ) );
#7812 = ADVANCED_FACE('',(#7813,#7819),#7462,.T.);
#7813 = FACE_BOUND('',#7814,.T.);
#7814 = EDGE_LOOP('',(#7815,#7816,#7817,#7818));
#7815 = ORIENTED_EDGE('',*,*,#7770,.T.);
#7816 = ORIENTED_EDGE('',*,*,#7446,.T.);
#7817 = ORIENTED_EDGE('',*,*,#7588,.T.);
#7818 = ORIENTED_EDGE('',*,*,#7744,.T.);
#7819 = FACE_BOUND('',#7820,.T.);
#7820 = EDGE_LOOP('',(#7821));
#7821 = ORIENTED_EDGE('',*,*,#7669,.T.);
#7822 = ADVANCED_FACE('',(#7823,#7829),#7521,.F.);
#7823 = FACE_BOUND('',#7824,.T.);
#7824 = EDGE_LOOP('',(#7825,#7826,#7827,#7828));
#7825 = ORIENTED_EDGE('',*,*,#7507,.F.);
#7826 = ORIENTED_EDGE('',*,*,#7792,.F.);
#7827 = ORIENTED_EDGE('',*,*,#7698,.F.);
#7828 = ORIENTED_EDGE('',*,*,#7537,.F.);
#7829 = FACE_BOUND('',#7830,.T.);
#7830 = EDGE_LOOP('',(#7831));
#7831 = ORIENTED_EDGE('',*,*,#7642,.F.);
#7832 = ( GEOMETRIC_REPRESENTATION_CONTEXT(3) 
GLOBAL_UNCERTAINTY_ASSIGNED_CONTEXT((#7836)) 
GLOBAL_UNIT_ASSIGNED_CONTEXT((#7833,#7834,#7835)) REPRESENTATION_CONTEXT
('Context #1','3D Context with UNIT and UNCERTAINTY') );
#7833 = ( LENGTH_UNIT() NAMED_UNIT(*) SI_UNIT(.MILLI.,.METRE.) );
#7834 = ( NAMED_UNIT(*) PLANE_ANGLE_UNIT() SI_UNIT($,.RADIAN.) );
#7835 = ( NAMED_UNIT(*) SI_UNIT($,.STERADIAN.) SOLID_ANGLE_UNIT() );
#7836 = UNCERTAINTY_MEASURE_WITH_UNIT(LENGTH_MEASURE(1.E-07),#7833,
  'distance_accuracy_value','confusion accuracy');
#7837 = CONTEXT_DEPENDENT_SHAPE_REPRESENTATION(#7838,#7840);
#7838 = ( REPRESENTATION_RELATIONSHIP('','',#7399,#10) 
REPRESENTATION_RELATIONSHIP_WITH_TRANSFORMATION(#7839) 
SHAPE_REPRESENTATION_RELATIONSHIP() );
#7839 = ITEM_DEFINED_TRANSFORMATION('','',#11,#39);
#7840 = PRODUCT_DEFINITION_SHAPE('Placement','Placement of an item',
  #7841);
#7841 = NEXT_ASSEMBLY_USAGE_OCCURRENCE('151','','',#5,#7394,$);
#7842 = PRODUCT_RELATED_PRODUCT_CATEGORY('part',$,(#7396));
#7843 = SHAPE_DEFINITION_REPRESENTATION(#7844,#7850);
#7844 = PRODUCT_DEFINITION_SHAPE('','',#7845);
#7845 = PRODUCT_DEFINITION('design','',#7846,#7849);
#7846 = PRODUCT_DEFINITION_FORMATION('','',#7847);
#7847 = PRODUCT('Open CASCADE STEP translator 7.9 45.8',
  'Open CASCADE STEP translator 7.9 45.8','',(#7848));
#7848 = PRODUCT_CONTEXT('',#2,'mechanical');
#7849 = PRODUCT_DEFINITION_CONTEXT('part definition',#2,'design');
#7850 = ADVANCED_BREP_SHAPE_REPRESENTATION('',(#11,#7851),#7949);
#7851 = MANIFOLD_SOLID_BREP('',#7852);
#7852 = CLOSED_SHELL('',(#7853,#7941,#7945));
#7853 = ADVANCED_FACE('',(#7854),#7867,.T.);
#7854 = FACE_BOUND('',#7855,.T.);
#7855 = EDGE_LOOP('',(#7856,#7890,#7913,#7940));
#7856 = ORIENTED_EDGE('',*,*,#7857,.F.);
#7857 = EDGE_CURVE('',#7858,#7858,#7860,.T.);
#7858 = VERTEX_POINT('',#7859);
#7859 = CARTESIAN_POINT('',(5.493094244083,66.621998456765,
    338.74041597431));
#7860 = SURFACE_CURVE('',#7861,(#7866,#7878),.PCURVE_S1.);
#7861 = CIRCLE('',#7862,5.);
#7862 = AXIS2_PLACEMENT_3D('',#7863,#7864,#7865);
#7863 = CARTESIAN_POINT('',(0.493094244083,66.621998456765,
    338.74041597431));
#7864 = DIRECTION('',(0.,0.,1.));
#7865 = DIRECTION('',(-1.,0.,0.));
#7866 = PCURVE('',#7867,#7872);
#7867 = CYLINDRICAL_SURFACE('',#7868,5.);
#7868 = AXIS2_PLACEMENT_3D('',#7869,#7870,#7871);
#7869 = CARTESIAN_POINT('',(0.493094244083,66.621998456765,
    28.740415974316));
#7870 = DIRECTION('',(0.,0.,1.));
#7871 = DIRECTION('',(-1.,0.,0.));
#7872 = DEFINITIONAL_REPRESENTATION('',(#7873),#7877);
#7873 = LINE('',#7874,#7875);
#7874 = CARTESIAN_POINT('',(-4.138911435803E-13,310.));
#7875 = VECTOR('',#7876,1.);
#7876 = DIRECTION('',(1.,0.));
#7877 = ( GEOMETRIC_REPRESENTATION_CONTEXT(2) 
PARAMETRIC_REPRESENTATION_CONTEXT() REPRESENTATION_CONTEXT('2D SPACE',''
  ) );
#7878 = PCURVE('',#7879,#7884);
#7879 = PLANE('',#7880);
#7880 = AXIS2_PLACEMENT_3D('',#7881,#7882,#7883);
#7881 = CARTESIAN_POINT('',(0.493094244083,66.621998456765,
    338.74041597431));
#7882 = DIRECTION('',(0.,0.,1.));
#7883 = DIRECTION('',(-1.,0.,0.));
#7884 = DEFINITIONAL_REPRESENTATION('',(#7885),#7889);
#7885 = CIRCLE('',#7886,5.);
#7886 = AXIS2_PLACEMENT_2D('',#7887,#7888);
#7887 = CARTESIAN_POINT('',(0.,0.));
#7888 = DIRECTION('',(1.,0.));
#7889 = ( GEOMETRIC_REPRESENTATION_CONTEXT(2) 
PARAMETRIC_REPRESENTATION_CONTEXT() REPRESENTATION_CONTEXT('2D SPACE',''
  ) );
#7890 = ORIENTED_EDGE('',*,*,#7891,.T.);
#7891 = EDGE_CURVE('',#7858,#7892,#7894,.T.);
#7892 = VERTEX_POINT('',#7893);
#7893 = CARTESIAN_POINT('',(5.493094244083,66.621998456765,
    28.740415974316));
#7894 = SEAM_CURVE('',#7895,(#7899,#7906),.PCURVE_S1.);
#7895 = LINE('',#7896,#7897);
#7896 = CARTESIAN_POINT('',(5.493094244083,66.621998456765,
    28.740415974316));
#7897 = VECTOR('',#7898,1.);
#7898 = DIRECTION('',(0.,0.,-1.));
#7899 = PCURVE('',#7867,#7900);
#7900 = DEFINITIONAL_REPRESENTATION('',(#7901),#7905);
#7901 = LINE('',#7902,#7903);
#7902 = CARTESIAN_POINT('',(3.141592653589,0.));
#7903 = VECTOR('',#7904,1.);
#7904 = DIRECTION('',(0.,-1.));
#7905 = ( GEOMETRIC_REPRESENTATION_CONTEXT(2) 
PARAMETRIC_REPRESENTATION_CONTEXT() REPRESENTATION_CONTEXT('2D SPACE',''
  ) );
#7906 = PCURVE('',#7867,#7907);
#7907 = DEFINITIONAL_REPRESENTATION('',(#7908),#7912);
#7908 = LINE('',#7909,#7910);
#7909 = CARTESIAN_POINT('',(9.42477796077,0.));
#7910 = VECTOR('',#7911,1.);
#7911 = DIRECTION('',(0.,-1.));
#7912 = ( GEOMETRIC_REPRESENTATION_CONTEXT(2) 
PARAMETRIC_REPRESENTATION_CONTEXT() REPRESENTATION_CONTEXT('2D SPACE',''
  ) );
#7913 = ORIENTED_EDGE('',*,*,#7914,.T.);
#7914 = EDGE_CURVE('',#7892,#7892,#7915,.T.);
#7915 = SURFACE_CURVE('',#7916,(#7921,#7928),.PCURVE_S1.);
#7916 = CIRCLE('',#7917,5.);
#7917 = AXIS2_PLACEMENT_3D('',#7918,#7919,#7920);
#7918 = CARTESIAN_POINT('',(0.493094244083,66.621998456765,
    28.740415974316));
#7919 = DIRECTION('',(0.,0.,1.));
#7920 = DIRECTION('',(-1.,0.,0.));
#7921 = PCURVE('',#7867,#7922);
#7922 = DEFINITIONAL_REPRESENTATION('',(#7923),#7927);
#7923 = LINE('',#7924,#7925);
#7924 = CARTESIAN_POINT('',(-4.138911435803E-13,0.));
#7925 = VECTOR('',#7926,1.);
#7926 = DIRECTION('',(1.,0.));
#7927 = ( GEOMETRIC_REPRESENTATION_CONTEXT(2) 
PARAMETRIC_REPRESENTATION_CONTEXT() REPRESENTATION_CONTEXT('2D SPACE',''
  ) );
#7928 = PCURVE('',#7929,#7934);
#7929 = PLANE('',#7930);
#7930 = AXIS2_PLACEMENT_3D('',#7931,#7932,#7933);
#7931 = CARTESIAN_POINT('',(0.493094244083,66.621998456765,
    28.740415974316));
#7932 = DIRECTION('',(0.,0.,1.));
#7933 = DIRECTION('',(-1.,0.,0.));
#7934 = DEFINITIONAL_REPRESENTATION('',(#7935),#7939);
#7935 = CIRCLE('',#7936,5.);
#7936 = AXIS2_PLACEMENT_2D('',#7937,#7938);
#7937 = CARTESIAN_POINT('',(0.,0.));
#7938 = DIRECTION('',(1.,0.));
#7939 = ( GEOMETRIC_REPRESENTATION_CONTEXT(2) 
PARAMETRIC_REPRESENTATION_CONTEXT() REPRESENTATION_CONTEXT('2D SPACE',''
  ) );
#7940 = ORIENTED_EDGE('',*,*,#7891,.F.);
#7941 = ADVANCED_FACE('',(#7942),#7879,.T.);
#7942 = FACE_BOUND('',#7943,.T.);
#7943 = EDGE_LOOP('',(#7944));
#7944 = ORIENTED_EDGE('',*,*,#7857,.T.);
#7945 = ADVANCED_FACE('',(#7946),#7929,.F.);
#7946 = FACE_BOUND('',#7947,.T.);
#7947 = EDGE_LOOP('',(#7948));
#7948 = ORIENTED_EDGE('',*,*,#7914,.F.);
#7949 = ( GEOMETRIC_REPRESENTATION_CONTEXT(3) 
GLOBAL_UNCERTAINTY_ASSIGNED_CONTEXT((#7953)) 
GLOBAL_UNIT_ASSIGNED_CONTEXT((#7950,#7951,#7952)) REPRESENTATION_CONTEXT
('Context #1','3D Context with UNIT and UNCERTAINTY') );
#7950 = ( LENGTH_UNIT() NAMED_UNIT(*) SI_UNIT(.MILLI.,.METRE.) );
#7951 = ( NAMED_UNIT(*) PLANE_ANGLE_UNIT() SI_UNIT($,.RADIAN.) );
#7952 = ( NAMED_UNIT(*) SI_UNIT($,.STERADIAN.) SOLID_ANGLE_UNIT() );
#7953 = UNCERTAINTY_MEASURE_WITH_UNIT(LENGTH_MEASURE(1.E-07),#7950,
  'distance_accuracy_value','confusion accuracy');
#7954 = CONTEXT_DEPENDENT_SHAPE_REPRESENTATION(#7955,#7957);
#7955 = ( REPRESENTATION_RELATIONSHIP('','',#7850,#10) 
REPRESENTATION_RELATIONSHIP_WITH_TRANSFORMATION(#7956) 
SHAPE_REPRESENTATION_RELATIONSHIP() );
#7956 = ITEM_DEFINED_TRANSFORMATION('','',#11,#43);
#7957 = PRODUCT_DEFINITION_SHAPE('Placement','Placement of an item',
  #7958);
#7958 = NEXT_ASSEMBLY_USAGE_OCCURRENCE('152','','',#5,#7845,$);
#7959 = PRODUCT_RELATED_PRODUCT_CATEGORY('part',$,(#7847));
#7960 = SHAPE_DEFINITION_REPRESENTATION(#7961,#7967);
#7961 = PRODUCT_DEFINITION_SHAPE('','',#7962);
#7962 = PRODUCT_DEFINITION('design','',#7963,#7966);
#7963 = PRODUCT_DEFINITION_FORMATION('','',#7964);
#7964 = PRODUCT('Open CASCADE STEP translator 7.9 45.9',
  'Open CASCADE STEP translator 7.9 45.9','',(#7965));
#7965 = PRODUCT_CONTEXT('',#2,'mechanical');
#7966 = PRODUCT_DEFINITION_CONTEXT('part definition',#2,'design');
#7967 = ADVANCED_BREP_SHAPE_REPRESENTATION('',(#11,#7968),#8676);
#7968 = MANIFOLD_SOLID_BREP('',#7969);
#7969 = CLOSED_SHELL('',(#7970,#8100,#8176,#8322,#8376,#8430,#8511,#8538
    ,#8565,#8641,#8671));
#7970 = ADVANCED_FACE('',(#7971),#7986,.T.);
#7971 = FACE_BOUND('',#7972,.T.);
#7972 = EDGE_LOOP('',(#7973,#8013,#8041,#8074));
#7973 = ORIENTED_EDGE('',*,*,#7974,.T.);
#7974 = EDGE_CURVE('',#7975,#7977,#7979,.T.);
#7975 = VERTEX_POINT('',#7976);
#7976 = CARTESIAN_POINT('',(-20.5,60.500000000001,324.99999999998));
#7977 = VERTEX_POINT('',#7978);
#7978 = CARTESIAN_POINT('',(-10.5,60.500000000001,314.99999999998));
#7979 = SURFACE_CURVE('',#7980,(#7985,#7997),.PCURVE_S1.);
#7980 = CIRCLE('',#7981,10.);
#7981 = AXIS2_PLACEMENT_3D('',#7982,#7983,#7984);
#7982 = CARTESIAN_POINT('',(-10.5,60.500000000001,324.99999999998));
#7983 = DIRECTION('',(3.469446951954E-16,-1.,-3.623829783359E-30));
#7984 = DIRECTION('',(-0.707106781187,-2.453269466694E-16,
    -0.707106781187));
#7985 = PCURVE('',#7986,#7991);
#7986 = CYLINDRICAL_SURFACE('',#7987,10.);
#7987 = AXIS2_PLACEMENT_3D('',#7988,#7989,#7990);
#7988 = CARTESIAN_POINT('',(-10.5,54.875000000001,324.99999999998));
#7989 = DIRECTION('',(0.,1.,0.));
#7990 = DIRECTION('',(-0.707106781187,0.,-0.707106781187));
#7991 = DEFINITIONAL_REPRESENTATION('',(#7992),#7996);
#7992 = LINE('',#7993,#7994);
#7993 = CARTESIAN_POINT('',(6.28318530718,5.625));
#7994 = VECTOR('',#7995,1.);
#7995 = DIRECTION('',(-1.,0.));
#7996 = ( GEOMETRIC_REPRESENTATION_CONTEXT(2) 
PARAMETRIC_REPRESENTATION_CONTEXT() REPRESENTATION_CONTEXT('2D SPACE',''
  ) );
#7997 = PCURVE('',#7998,#8003);
#7998 = PLANE('',#7999);
#7999 = AXIS2_PLACEMENT_3D('',#8000,#8001,#8002);
#8000 = CARTESIAN_POINT('',(-6.198201674135E-12,60.500000000001,
    370.24999999998));
#8001 = DIRECTION('',(-3.469446951954E-16,1.,3.622504753719E-30));
#8002 = DIRECTION('',(-1.,-3.469446951954E-16,-1.972152263053E-30));
#8003 = DEFINITIONAL_REPRESENTATION('',(#8004),#8012);
#8004 = ( BOUNDED_CURVE() B_SPLINE_CURVE(2,(#8005,#8006,#8007,#8008,
#8009,#8010,#8011),.UNSPECIFIED.,.T.,.F.) B_SPLINE_CURVE_WITH_KNOTS((1,2
    ,2,2,2,1),(-2.094395102393,0.,2.094395102393,4.188790204786,
6.28318530718,8.377580409573),.UNSPECIFIED.) CURVE() 
GEOMETRIC_REPRESENTATION_ITEM() RATIONAL_B_SPLINE_CURVE((1.,0.5,1.,0.5,
1.,0.5,1.)) REPRESENTATION_ITEM('') );
#8005 = CARTESIAN_POINT('',(17.571067811859,-52.32106781186));
#8006 = CARTESIAN_POINT('',(5.323619097943,-64.56851652578));
#8007 = CARTESIAN_POINT('',(0.840741737103,-47.83819045102));
#8008 = CARTESIAN_POINT('',(-3.642135623737,-31.10786437626));
#8009 = CARTESIAN_POINT('',(13.088190451019,-35.5907417371));
#8010 = CARTESIAN_POINT('',(29.818516525775,-40.07361909795));
#8011 = CARTESIAN_POINT('',(17.571067811859,-52.32106781186));
#8012 = ( GEOMETRIC_REPRESENTATION_CONTEXT(2) 
PARAMETRIC_REPRESENTATION_CONTEXT() REPRESENTATION_CONTEXT('2D SPACE',''
  ) );
#8013 = ORIENTED_EDGE('',*,*,#8014,.T.);
#8014 = EDGE_CURVE('',#7977,#8015,#8017,.T.);
#8015 = VERTEX_POINT('',#8016);
#8016 = CARTESIAN_POINT('',(-10.5,53.000000000001,314.99999999998));
#8017 = SURFACE_CURVE('',#8018,(#8022,#8029),.PCURVE_S1.);
#8018 = LINE('',#8019,#8020);
#8019 = CARTESIAN_POINT('',(-10.5,54.875000000001,314.99999999998));
#8020 = VECTOR('',#8021,1.);
#8021 = DIRECTION('',(0.,-1.,0.));
#8022 = PCURVE('',#7986,#8023);
#8023 = DEFINITIONAL_REPRESENTATION('',(#8024),#8028);
#8024 = LINE('',#8025,#8026);
#8025 = CARTESIAN_POINT('',(-0.785398163397,0.));
#8026 = VECTOR('',#8027,1.);
#8027 = DIRECTION('',(0.,-1.));
#8028 = ( GEOMETRIC_REPRESENTATION_CONTEXT(2) 
PARAMETRIC_REPRESENTATION_CONTEXT() REPRESENTATION_CONTEXT('2D SPACE',''
  ) );
#8029 = PCURVE('',#8030,#8035);
#8030 = PLANE('',#8031);
#8031 = AXIS2_PLACEMENT_3D('',#8032,#8033,#8034);
#8032 = CARTESIAN_POINT('',(-6.199485369507E-12,56.750000000001,
    314.99999999998));
#8033 = DIRECTION('',(0.,0.,-1.));
#8034 = DIRECTION('',(-1.,0.,0.));
#8035 = DEFINITIONAL_REPRESENTATION('',(#8036),#8040);
#8036 = LINE('',#8037,#8038);
#8037 = CARTESIAN_POINT('',(10.499999999994,-1.875));
#8038 = VECTOR('',#8039,1.);
#8039 = DIRECTION('',(0.,-1.));
#8040 = ( GEOMETRIC_REPRESENTATION_CONTEXT(2) 
PARAMETRIC_REPRESENTATION_CONTEXT() REPRESENTATION_CONTEXT('2D SPACE',''
  ) );
#8041 = ORIENTED_EDGE('',*,*,#8042,.T.);
#8042 = EDGE_CURVE('',#8015,#8043,#8045,.T.);
#8043 = VERTEX_POINT('',#8044);
#8044 = CARTESIAN_POINT('',(-20.5,53.000000000001,324.99999999998));
#8045 = SURFACE_CURVE('',#8046,(#8051,#8058),.PCURVE_S1.);
#8046 = CIRCLE('',#8047,10.);
#8047 = AXIS2_PLACEMENT_3D('',#8048,#8049,#8050);
#8048 = CARTESIAN_POINT('',(-10.5,53.000000000001,324.99999999998));
#8049 = DIRECTION('',(0.,1.,0.));
#8050 = DIRECTION('',(-0.707106781187,0.,-0.707106781187));
#8051 = PCURVE('',#7986,#8052);
#8052 = DEFINITIONAL_REPRESENTATION('',(#8053),#8057);
#8053 = LINE('',#8054,#8055);
#8054 = CARTESIAN_POINT('',(-6.28318530718,-1.875));
#8055 = VECTOR('',#8056,1.);
#8056 = DIRECTION('',(1.,0.));
#8057 = ( GEOMETRIC_REPRESENTATION_CONTEXT(2) 
PARAMETRIC_REPRESENTATION_CONTEXT() REPRESENTATION_CONTEXT('2D SPACE',''
  ) );
#8058 = PCURVE('',#8059,#8064);
#8059 = PLANE('',#8060);
#8060 = AXIS2_PLACEMENT_3D('',#8061,#8062,#8063);
#8061 = CARTESIAN_POINT('',(20.499999999994,53.000000000001,
    359.99999999998));
#8062 = DIRECTION('',(0.,-1.,0.));
#8063 = DIRECTION('',(-1.,0.,0.));
#8064 = DEFINITIONAL_REPRESENTATION('',(#8065),#8073);
#8065 = ( BOUNDED_CURVE() B_SPLINE_CURVE(2,(#8066,#8067,#8068,#8069,
#8070,#8071,#8072),.UNSPECIFIED.,.T.,.F.) B_SPLINE_CURVE_WITH_KNOTS((1,2
    ,2,2,2,1),(-2.094395102393,0.,2.094395102393,4.188790204786,
6.28318530718,8.377580409573),.UNSPECIFIED.) CURVE() 
GEOMETRIC_REPRESENTATION_ITEM() RATIONAL_B_SPLINE_CURVE((1.,0.5,1.,0.5,
1.,0.5,1.)) REPRESENTATION_ITEM('') );
#8066 = CARTESIAN_POINT('',(38.071067811859,42.071067811865));
#8067 = CARTESIAN_POINT('',(50.318516525775,29.82361909795));
#8068 = CARTESIAN_POINT('',(33.588190451019,25.340741737109));
#8069 = CARTESIAN_POINT('',(16.857864376263,20.857864376269));
#8070 = CARTESIAN_POINT('',(21.340741737103,37.588190451025));
#8071 = CARTESIAN_POINT('',(25.823619097944,54.318516525781));
#8072 = CARTESIAN_POINT('',(38.071067811859,42.071067811865));
#8073 = ( GEOMETRIC_REPRESENTATION_CONTEXT(2) 
PARAMETRIC_REPRESENTATION_CONTEXT() REPRESENTATION_CONTEXT('2D SPACE',''
  ) );
#8074 = ORIENTED_EDGE('',*,*,#8075,.T.);
#8075 = EDGE_CURVE('',#8043,#7975,#8076,.T.);
#8076 = SURFACE_CURVE('',#8077,(#8081,#8088),.PCURVE_S1.);
#8077 = LINE('',#8078,#8079);
#8078 = CARTESIAN_POINT('',(-20.5,54.875000000001,324.99999999998));
#8079 = VECTOR('',#8080,1.);
#8080 = DIRECTION('',(0.,1.,0.));
#8081 = PCURVE('',#7986,#8082);
#8082 = DEFINITIONAL_REPRESENTATION('',(#8083),#8087);
#8083 = LINE('',#8084,#8085);
#8084 = CARTESIAN_POINT('',(0.785398163397,0.));
#8085 = VECTOR('',#8086,1.);
#8086 = DIRECTION('',(0.,1.));
#8087 = ( GEOMETRIC_REPRESENTATION_CONTEXT(2) 
PARAMETRIC_REPRESENTATION_CONTEXT() REPRESENTATION_CONTEXT('2D SPACE',''
  ) );
#8088 = PCURVE('',#8089,#8094);
#8089 = PLANE('',#8090);
#8090 = AXIS2_PLACEMENT_3D('',#8091,#8092,#8093);
#8091 = CARTESIAN_POINT('',(-20.5,53.000000000001,359.99999999998));
#8092 = DIRECTION('',(-1.,0.,0.));
#8093 = DIRECTION('',(0.,1.,0.));
#8094 = DEFINITIONAL_REPRESENTATION('',(#8095),#8099);
#8095 = LINE('',#8096,#8097);
#8096 = CARTESIAN_POINT('',(1.875,35.));
#8097 = VECTOR('',#8098,1.);
#8098 = DIRECTION('',(1.,0.));
#8099 = ( GEOMETRIC_REPRESENTATION_CONTEXT(2) 
PARAMETRIC_REPRESENTATION_CONTEXT() REPRESENTATION_CONTEXT('2D SPACE',''
  ) );
#8100 = ADVANCED_FACE('',(#8101),#8030,.T.);
#8101 = FACE_BOUND('',#8102,.T.);
#8102 = EDGE_LOOP('',(#8103,#8104,#8127,#8155));
#8103 = ORIENTED_EDGE('',*,*,#8014,.F.);
#8104 = ORIENTED_EDGE('',*,*,#8105,.T.);
#8105 = EDGE_CURVE('',#7977,#8106,#8108,.T.);
#8106 = VERTEX_POINT('',#8107);
#8107 = CARTESIAN_POINT('',(10.499999999994,60.500000000001,
    314.99999999998));
#8108 = SURFACE_CURVE('',#8109,(#8113,#8120),.PCURVE_S1.);
#8109 = LINE('',#8110,#8111);
#8110 = CARTESIAN_POINT('',(-20.5,60.500000000001,314.99999999998));
#8111 = VECTOR('',#8112,1.);
#8112 = DIRECTION('',(1.,0.,0.));
#8113 = PCURVE('',#8030,#8114);
#8114 = DEFINITIONAL_REPRESENTATION('',(#8115),#8119);
#8115 = LINE('',#8116,#8117);
#8116 = CARTESIAN_POINT('',(20.499999999994,3.75));
#8117 = VECTOR('',#8118,1.);
#8118 = DIRECTION('',(-1.,0.));
#8119 = ( GEOMETRIC_REPRESENTATION_CONTEXT(2) 
PARAMETRIC_REPRESENTATION_CONTEXT() REPRESENTATION_CONTEXT('2D SPACE',''
  ) );
#8120 = PCURVE('',#7998,#8121);
#8121 = DEFINITIONAL_REPRESENTATION('',(#8122),#8126);
#8122 = LINE('',#8123,#8124);
#8123 = CARTESIAN_POINT('',(20.499999999994,-55.25));
#8124 = VECTOR('',#8125,1.);
#8125 = DIRECTION('',(-1.,-1.972152263053E-30));
#8126 = ( GEOMETRIC_REPRESENTATION_CONTEXT(2) 
PARAMETRIC_REPRESENTATION_CONTEXT() REPRESENTATION_CONTEXT('2D SPACE',''
  ) );
#8127 = ORIENTED_EDGE('',*,*,#8128,.F.);
#8128 = EDGE_CURVE('',#8129,#8106,#8131,.T.);
#8129 = VERTEX_POINT('',#8130);
#8130 = CARTESIAN_POINT('',(10.499999999994,53.000000000001,
    314.99999999998));
#8131 = SURFACE_CURVE('',#8132,(#8136,#8143),.PCURVE_S1.);
#8132 = LINE('',#8133,#8134);
#8133 = CARTESIAN_POINT('',(10.499999999994,58.625000000001,
    314.99999999998));
#8134 = VECTOR('',#8135,1.);
#8135 = DIRECTION('',(0.,1.,0.));
#8136 = PCURVE('',#8030,#8137);
#8137 = DEFINITIONAL_REPRESENTATION('',(#8138),#8142);
#8138 = LINE('',#8139,#8140);
#8139 = CARTESIAN_POINT('',(-10.5,1.875));
#8140 = VECTOR('',#8141,1.);
#8141 = DIRECTION('',(0.,1.));
#8142 = ( GEOMETRIC_REPRESENTATION_CONTEXT(2) 
PARAMETRIC_REPRESENTATION_CONTEXT() REPRESENTATION_CONTEXT('2D SPACE',''
  ) );
#8143 = PCURVE('',#8144,#8149);
#8144 = CYLINDRICAL_SURFACE('',#8145,10.);
#8145 = AXIS2_PLACEMENT_3D('',#8146,#8147,#8148);
#8146 = CARTESIAN_POINT('',(10.499999999994,58.625000000001,
    324.99999999998));
#8147 = DIRECTION('',(0.,-1.,0.));
#8148 = DIRECTION('',(0.707106781187,0.,-0.707106781187));
#8149 = DEFINITIONAL_REPRESENTATION('',(#8150),#8154);
#8150 = LINE('',#8151,#8152);
#8151 = CARTESIAN_POINT('',(-0.785398163397,0.));
#8152 = VECTOR('',#8153,1.);
#8153 = DIRECTION('',(0.,-1.));
#8154 = ( GEOMETRIC_REPRESENTATION_CONTEXT(2) 
PARAMETRIC_REPRESENTATION_CONTEXT() REPRESENTATION_CONTEXT('2D SPACE',''
  ) );
#8155 = ORIENTED_EDGE('',*,*,#8156,.T.);
#8156 = EDGE_CURVE('',#8129,#8015,#8157,.T.);
#8157 = SURFACE_CURVE('',#8158,(#8162,#8169),.PCURVE_S1.);
#8158 = LINE('',#8159,#8160);
#8159 = CARTESIAN_POINT('',(20.499999999994,53.000000000001,
    314.99999999998));
#8160 = VECTOR('',#8161,1.);
#8161 = DIRECTION('',(-1.,0.,0.));
#8162 = PCURVE('',#8030,#8163);
#8163 = DEFINITIONAL_REPRESENTATION('',(#8164),#8168);
#8164 = LINE('',#8165,#8166);
#8165 = CARTESIAN_POINT('',(-20.5,-3.75));
#8166 = VECTOR('',#8167,1.);
#8167 = DIRECTION('',(1.,0.));
#8168 = ( GEOMETRIC_REPRESENTATION_CONTEXT(2) 
PARAMETRIC_REPRESENTATION_CONTEXT() REPRESENTATION_CONTEXT('2D SPACE',''
  ) );
#8169 = PCURVE('',#8059,#8170);
#8170 = DEFINITIONAL_REPRESENTATION('',(#8171),#8175);
#8171 = LINE('',#8172,#8173);
#8172 = CARTESIAN_POINT('',(0.,45.));
#8173 = VECTOR('',#8174,1.);
#8174 = DIRECTION('',(1.,0.));
#8175 = ( GEOMETRIC_REPRESENTATION_CONTEXT(2) 
PARAMETRIC_REPRESENTATION_CONTEXT() REPRESENTATION_CONTEXT('2D SPACE',''
  ) );
#8176 = ADVANCED_FACE('',(#8177,#8287),#7998,.T.);
#8177 = FACE_BOUND('',#8178,.T.);
#8178 = EDGE_LOOP('',(#8179,#8180,#8203,#8232,#8260,#8286));
#8179 = ORIENTED_EDGE('',*,*,#7974,.F.);
#8180 = ORIENTED_EDGE('',*,*,#8181,.F.);
#8181 = EDGE_CURVE('',#8182,#7975,#8184,.T.);
#8182 = VERTEX_POINT('',#8183);
#8183 = CARTESIAN_POINT('',(-20.5,60.500000000001,359.99999999998));
#8184 = SURFACE_CURVE('',#8185,(#8189,#8196),.PCURVE_S1.);
#8185 = LINE('',#8186,#8187);
#8186 = CARTESIAN_POINT('',(-20.5,60.500000000001,359.99999999998));
#8187 = VECTOR('',#8188,1.);
#8188 = DIRECTION('',(0.,0.,-1.));
#8189 = PCURVE('',#7998,#8190);
#8190 = DEFINITIONAL_REPRESENTATION('',(#8191),#8195);
#8191 = LINE('',#8192,#8193);
#8192 = CARTESIAN_POINT('',(20.499999999994,-10.25));
#8193 = VECTOR('',#8194,1.);
#8194 = DIRECTION('',(1.972152263053E-30,-1.));
#8195 = ( GEOMETRIC_REPRESENTATION_CONTEXT(2) 
PARAMETRIC_REPRESENTATION_CONTEXT() REPRESENTATION_CONTEXT('2D SPACE',''
  ) );
#8196 = PCURVE('',#8089,#8197);
#8197 = DEFINITIONAL_REPRESENTATION('',(#8198),#8202);
#8198 = LINE('',#8199,#8200);
#8199 = CARTESIAN_POINT('',(7.5,0.));
#8200 = VECTOR('',#8201,1.);
#8201 = DIRECTION('',(0.,1.));
#8202 = ( GEOMETRIC_REPRESENTATION_CONTEXT(2) 
PARAMETRIC_REPRESENTATION_CONTEXT() REPRESENTATION_CONTEXT('2D SPACE',''
  ) );
#8203 = ORIENTED_EDGE('',*,*,#8204,.T.);
#8204 = EDGE_CURVE('',#8182,#8205,#8207,.T.);
#8205 = VERTEX_POINT('',#8206);
#8206 = CARTESIAN_POINT('',(20.499999999994,60.500000000001,
    359.99999999998));
#8207 = SURFACE_CURVE('',#8208,(#8213,#8220),.PCURVE_S1.);
#8208 = CIRCLE('',#8209,20.500000000001);
#8209 = AXIS2_PLACEMENT_3D('',#8210,#8211,#8212);
#8210 = CARTESIAN_POINT('',(-6.199887116883E-12,60.500000000001,
    359.99999999998));
#8211 = DIRECTION('',(-3.469446951954E-16,1.,3.635697373838E-30));
#8212 = DIRECTION('',(-1.,-3.469446951954E-16,-1.972152263053E-30));
#8213 = PCURVE('',#7998,#8214);
#8214 = DEFINITIONAL_REPRESENTATION('',(#8215),#8219);
#8215 = CIRCLE('',#8216,20.500000000001);
#8216 = AXIS2_PLACEMENT_2D('',#8217,#8218);
#8217 = CARTESIAN_POINT('',(1.685442748E-15,-10.25));
#8218 = DIRECTION('',(1.,0.));
#8219 = ( GEOMETRIC_REPRESENTATION_CONTEXT(2) 
PARAMETRIC_REPRESENTATION_CONTEXT() REPRESENTATION_CONTEXT('2D SPACE',''
  ) );
#8220 = PCURVE('',#8221,#8226);
#8221 = CYLINDRICAL_SURFACE('',#8222,20.500000000001);
#8222 = AXIS2_PLACEMENT_3D('',#8223,#8224,#8225);
#8223 = CARTESIAN_POINT('',(-6.195446224785E-12,47.500000000001,
    359.99999999998));
#8224 = DIRECTION('',(-5.551115123126E-16,1.,0.));
#8225 = DIRECTION('',(-1.,-5.551115123126E-16,-1.972152263053E-30));
#8226 = DEFINITIONAL_REPRESENTATION('',(#8227),#8231);
#8227 = LINE('',#8228,#8229);
#8228 = CARTESIAN_POINT('',(0.,13.));
#8229 = VECTOR('',#8230,1.);
#8230 = DIRECTION('',(1.,-4.52345554697E-15));
#8231 = ( GEOMETRIC_REPRESENTATION_CONTEXT(2) 
PARAMETRIC_REPRESENTATION_CONTEXT() REPRESENTATION_CONTEXT('2D SPACE',''
  ) );
#8232 = ORIENTED_EDGE('',*,*,#8233,.T.);
#8233 = EDGE_CURVE('',#8205,#8234,#8236,.T.);
#8234 = VERTEX_POINT('',#8235);
#8235 = CARTESIAN_POINT('',(20.499999999994,60.500000000001,
    324.99999999998));
#8236 = SURFACE_CURVE('',#8237,(#8241,#8248),.PCURVE_S1.);
#8237 = LINE('',#8238,#8239);
#8238 = CARTESIAN_POINT('',(20.499999999994,60.500000000001,
    359.99999999998));
#8239 = VECTOR('',#8240,1.);
#8240 = DIRECTION('',(0.,0.,-1.));
#8241 = PCURVE('',#7998,#8242);
#8242 = DEFINITIONAL_REPRESENTATION('',(#8243),#8247);
#8243 = LINE('',#8244,#8245);
#8244 = CARTESIAN_POINT('',(-20.5,-10.25));
#8245 = VECTOR('',#8246,1.);
#8246 = DIRECTION('',(1.972152263053E-30,-1.));
#8247 = ( GEOMETRIC_REPRESENTATION_CONTEXT(2) 
PARAMETRIC_REPRESENTATION_CONTEXT() REPRESENTATION_CONTEXT('2D SPACE',''
  ) );
#8248 = PCURVE('',#8249,#8254);
#8249 = PLANE('',#8250);
#8250 = AXIS2_PLACEMENT_3D('',#8251,#8252,#8253);
#8251 = CARTESIAN_POINT('',(20.499999999994,60.500000000001,
    359.99999999998));
#8252 = DIRECTION('',(1.,0.,0.));
#8253 = DIRECTION('',(0.,-1.,0.));
#8254 = DEFINITIONAL_REPRESENTATION('',(#8255),#8259);
#8255 = LINE('',#8256,#8257);
#8256 = CARTESIAN_POINT('',(0.,0.));
#8257 = VECTOR('',#8258,1.);
#8258 = DIRECTION('',(0.,1.));
#8259 = ( GEOMETRIC_REPRESENTATION_CONTEXT(2) 
PARAMETRIC_REPRESENTATION_CONTEXT() REPRESENTATION_CONTEXT('2D SPACE',''
  ) );
#8260 = ORIENTED_EDGE('',*,*,#8261,.F.);
#8261 = EDGE_CURVE('',#8106,#8234,#8262,.T.);
#8262 = SURFACE_CURVE('',#8263,(#8268,#8279),.PCURVE_S1.);
#8263 = CIRCLE('',#8264,10.);
#8264 = AXIS2_PLACEMENT_3D('',#8265,#8266,#8267);
#8265 = CARTESIAN_POINT('',(10.499999999994,60.500000000001,
    324.99999999998));
#8266 = DIRECTION('',(3.469446951954E-16,-1.,-3.623829783359E-30));
#8267 = DIRECTION('',(0.707106781187,2.453269466694E-16,-0.707106781187)
  );
#8268 = PCURVE('',#7998,#8269);
#8269 = DEFINITIONAL_REPRESENTATION('',(#8270),#8278);
#8270 = ( BOUNDED_CURVE() B_SPLINE_CURVE(2,(#8271,#8272,#8273,#8274,
#8275,#8276,#8277),.UNSPECIFIED.,.T.,.F.) B_SPLINE_CURVE_WITH_KNOTS((1,2
    ,2,2,2,1),(-2.094395102393,0.,2.094395102393,4.188790204786,
6.28318530718,8.377580409573),.UNSPECIFIED.) CURVE() 
GEOMETRIC_REPRESENTATION_ITEM() RATIONAL_B_SPLINE_CURVE((1.,0.5,1.,0.5,
1.,0.5,1.)) REPRESENTATION_ITEM('') );
#8271 = CARTESIAN_POINT('',(-17.57106781186,-52.32106781186));
#8272 = CARTESIAN_POINT('',(-29.81851652578,-40.07361909795));
#8273 = CARTESIAN_POINT('',(-13.08819045102,-35.5907417371));
#8274 = CARTESIAN_POINT('',(3.642135623731,-31.10786437626));
#8275 = CARTESIAN_POINT('',(-0.84074173711,-47.83819045102));
#8276 = CARTESIAN_POINT('',(-5.32361909795,-64.56851652578));
#8277 = CARTESIAN_POINT('',(-17.57106781186,-52.32106781186));
#8278 = ( GEOMETRIC_REPRESENTATION_CONTEXT(2) 
PARAMETRIC_REPRESENTATION_CONTEXT() REPRESENTATION_CONTEXT('2D SPACE',''
  ) );
#8279 = PCURVE('',#8144,#8280);
#8280 = DEFINITIONAL_REPRESENTATION('',(#8281),#8285);
#8281 = LINE('',#8282,#8283);
#8282 = CARTESIAN_POINT('',(-6.28318530718,-1.875));
#8283 = VECTOR('',#8284,1.);
#8284 = DIRECTION('',(1.,0.));
#8285 = ( GEOMETRIC_REPRESENTATION_CONTEXT(2) 
PARAMETRIC_REPRESENTATION_CONTEXT() REPRESENTATION_CONTEXT('2D SPACE',''
  ) );
#8286 = ORIENTED_EDGE('',*,*,#8105,.F.);
#8287 = FACE_BOUND('',#8288,.T.);
#8288 = EDGE_LOOP('',(#8289));
#8289 = ORIENTED_EDGE('',*,*,#8290,.T.);
#8290 = EDGE_CURVE('',#8291,#8291,#8293,.T.);
#8291 = VERTEX_POINT('',#8292);
#8292 = CARTESIAN_POINT('',(-0.282255113125,60.500000000001,
    320.50150299072));
#8293 = SURFACE_CURVE('',#8294,(#8299,#8310),.PCURVE_S1.);
#8294 = CIRCLE('',#8295,11.);
#8295 = AXIS2_PLACEMENT_3D('',#8296,#8297,#8298);
#8296 = CARTESIAN_POINT('',(-0.282255113125,60.500000000001,
    331.50150299072));
#8297 = DIRECTION('',(3.469446951954E-16,-1.,-3.622504753719E-30));
#8298 = DIRECTION('',(0.,-3.622504753719E-30,1.));
#8299 = PCURVE('',#7998,#8300);
#8300 = DEFINITIONAL_REPRESENTATION('',(#8301),#8309);
#8301 = ( BOUNDED_CURVE() B_SPLINE_CURVE(2,(#8302,#8303,#8304,#8305,
#8306,#8307,#8308),.UNSPECIFIED.,.T.,.F.) B_SPLINE_CURVE_WITH_KNOTS((1,2
    ,2,2,2,1),(-2.094395102393,0.,2.094395102393,4.188790204786,
6.28318530718,8.377580409573),.UNSPECIFIED.) CURVE() 
GEOMETRIC_REPRESENTATION_ITEM() RATIONAL_B_SPLINE_CURVE((1.,0.5,1.,0.5,
1.,0.5,1.)) REPRESENTATION_ITEM('') );
#8302 = CARTESIAN_POINT('',(0.282255113119,-27.74849700926));
#8303 = CARTESIAN_POINT('',(19.334813996376,-27.74849700926));
#8304 = CARTESIAN_POINT('',(9.808534554748,-44.24849700926));
#8305 = CARTESIAN_POINT('',(0.282255113119,-60.74849700926));
#8306 = CARTESIAN_POINT('',(-9.24402432851,-44.24849700926));
#8307 = CARTESIAN_POINT('',(-18.77030377013,-27.74849700926));
#8308 = CARTESIAN_POINT('',(0.282255113119,-27.74849700926));
#8309 = ( GEOMETRIC_REPRESENTATION_CONTEXT(2) 
PARAMETRIC_REPRESENTATION_CONTEXT() REPRESENTATION_CONTEXT('2D SPACE',''
  ) );
#8310 = PCURVE('',#8311,#8316);
#8311 = CYLINDRICAL_SURFACE('',#8312,11.);
#8312 = AXIS2_PLACEMENT_3D('',#8313,#8314,#8315);
#8313 = CARTESIAN_POINT('',(-0.282255113125,55.500000000001,
    331.50150299072));
#8314 = DIRECTION('',(3.469446951954E-16,-1.,-3.622504753719E-30));
#8315 = DIRECTION('',(0.,-3.622504753719E-30,1.));
#8316 = DEFINITIONAL_REPRESENTATION('',(#8317),#8321);
#8317 = LINE('',#8318,#8319);
#8318 = CARTESIAN_POINT('',(0.,-5.));
#8319 = VECTOR('',#8320,1.);
#8320 = DIRECTION('',(1.,0.));
#8321 = ( GEOMETRIC_REPRESENTATION_CONTEXT(2) 
PARAMETRIC_REPRESENTATION_CONTEXT() REPRESENTATION_CONTEXT('2D SPACE',''
  ) );
#8322 = ADVANCED_FACE('',(#8323),#8144,.T.);
#8323 = FACE_BOUND('',#8324,.T.);
#8324 = EDGE_LOOP('',(#8325,#8353,#8354,#8355));
#8325 = ORIENTED_EDGE('',*,*,#8326,.T.);
#8326 = EDGE_CURVE('',#8327,#8129,#8329,.T.);
#8327 = VERTEX_POINT('',#8328);
#8328 = CARTESIAN_POINT('',(20.499999999994,53.000000000001,
    324.99999999998));
#8329 = SURFACE_CURVE('',#8330,(#8335,#8342),.PCURVE_S1.);
#8330 = CIRCLE('',#8331,10.);
#8331 = AXIS2_PLACEMENT_3D('',#8332,#8333,#8334);
#8332 = CARTESIAN_POINT('',(10.499999999994,53.000000000001,
    324.99999999998));
#8333 = DIRECTION('',(0.,1.,0.));
#8334 = DIRECTION('',(0.707106781187,0.,-0.707106781187));
#8335 = PCURVE('',#8144,#8336);
#8336 = DEFINITIONAL_REPRESENTATION('',(#8337),#8341);
#8337 = LINE('',#8338,#8339);
#8338 = CARTESIAN_POINT('',(6.28318530718,5.625));
#8339 = VECTOR('',#8340,1.);
#8340 = DIRECTION('',(-1.,0.));
#8341 = ( GEOMETRIC_REPRESENTATION_CONTEXT(2) 
PARAMETRIC_REPRESENTATION_CONTEXT() REPRESENTATION_CONTEXT('2D SPACE',''
  ) );
#8342 = PCURVE('',#8059,#8343);
#8343 = DEFINITIONAL_REPRESENTATION('',(#8344),#8352);
#8344 = ( BOUNDED_CURVE() B_SPLINE_CURVE(2,(#8345,#8346,#8347,#8348,
#8349,#8350,#8351),.UNSPECIFIED.,.T.,.F.) B_SPLINE_CURVE_WITH_KNOTS((1,2
    ,2,2,2,1),(-2.094395102393,0.,2.094395102393,4.188790204786,
6.28318530718,8.377580409573),.UNSPECIFIED.) CURVE() 
GEOMETRIC_REPRESENTATION_ITEM() RATIONAL_B_SPLINE_CURVE((1.,0.5,1.,0.5,
1.,0.5,1.)) REPRESENTATION_ITEM('') );
#8345 = CARTESIAN_POINT('',(2.928932188135,42.071067811865));
#8346 = CARTESIAN_POINT('',(15.17638090205,54.318516525781));
#8347 = CARTESIAN_POINT('',(19.659258262891,37.588190451025));
#8348 = CARTESIAN_POINT('',(24.142135623731,20.857864376269));
#8349 = CARTESIAN_POINT('',(7.411809548975,25.340741737109));
#8350 = CARTESIAN_POINT('',(-9.318516525781,29.82361909795));
#8351 = CARTESIAN_POINT('',(2.928932188135,42.071067811865));
#8352 = ( GEOMETRIC_REPRESENTATION_CONTEXT(2) 
PARAMETRIC_REPRESENTATION_CONTEXT() REPRESENTATION_CONTEXT('2D SPACE',''
  ) );
#8353 = ORIENTED_EDGE('',*,*,#8128,.T.);
#8354 = ORIENTED_EDGE('',*,*,#8261,.T.);
#8355 = ORIENTED_EDGE('',*,*,#8356,.T.);
#8356 = EDGE_CURVE('',#8234,#8327,#8357,.T.);
#8357 = SURFACE_CURVE('',#8358,(#8362,#8369),.PCURVE_S1.);
#8358 = LINE('',#8359,#8360);
#8359 = CARTESIAN_POINT('',(20.499999999994,58.625000000001,
    324.99999999998));
#8360 = VECTOR('',#8361,1.);
#8361 = DIRECTION('',(0.,-1.,0.));
#8362 = PCURVE('',#8144,#8363);
#8363 = DEFINITIONAL_REPRESENTATION('',(#8364),#8368);
#8364 = LINE('',#8365,#8366);
#8365 = CARTESIAN_POINT('',(0.785398163397,0.));
#8366 = VECTOR('',#8367,1.);
#8367 = DIRECTION('',(0.,1.));
#8368 = ( GEOMETRIC_REPRESENTATION_CONTEXT(2) 
PARAMETRIC_REPRESENTATION_CONTEXT() REPRESENTATION_CONTEXT('2D SPACE',''
  ) );
#8369 = PCURVE('',#8249,#8370);
#8370 = DEFINITIONAL_REPRESENTATION('',(#8371),#8375);
#8371 = LINE('',#8372,#8373);
#8372 = CARTESIAN_POINT('',(1.875,35.));
#8373 = VECTOR('',#8374,1.);
#8374 = DIRECTION('',(1.,0.));
#8375 = ( GEOMETRIC_REPRESENTATION_CONTEXT(2) 
PARAMETRIC_REPRESENTATION_CONTEXT() REPRESENTATION_CONTEXT('2D SPACE',''
  ) );
#8376 = ADVANCED_FACE('',(#8377),#8311,.F.);
#8377 = FACE_BOUND('',#8378,.F.);
#8378 = EDGE_LOOP('',(#8379,#8402,#8428,#8429));
#8379 = ORIENTED_EDGE('',*,*,#8380,.T.);
#8380 = EDGE_CURVE('',#8291,#8381,#8383,.T.);
#8381 = VERTEX_POINT('',#8382);
#8382 = CARTESIAN_POINT('',(-0.282255113125,53.000000000001,
    320.50150299072));
#8383 = SEAM_CURVE('',#8384,(#8388,#8395),.PCURVE_S1.);
#8384 = LINE('',#8385,#8386);
#8385 = CARTESIAN_POINT('',(-0.282255113125,55.500000000001,
    320.50150299072));
#8386 = VECTOR('',#8387,1.);
#8387 = DIRECTION('',(3.469446951954E-16,-1.,-3.622504753719E-30));
#8388 = PCURVE('',#8311,#8389);
#8389 = DEFINITIONAL_REPRESENTATION('',(#8390),#8394);
#8390 = LINE('',#8391,#8392);
#8391 = CARTESIAN_POINT('',(9.424777960769,0.));
#8392 = VECTOR('',#8393,1.);
#8393 = DIRECTION('',(0.,1.));
#8394 = ( GEOMETRIC_REPRESENTATION_CONTEXT(2) 
PARAMETRIC_REPRESENTATION_CONTEXT() REPRESENTATION_CONTEXT('2D SPACE',''
  ) );
#8395 = PCURVE('',#8311,#8396);
#8396 = DEFINITIONAL_REPRESENTATION('',(#8397),#8401);
#8397 = LINE('',#8398,#8399);
#8398 = CARTESIAN_POINT('',(3.14159265359,0.));
#8399 = VECTOR('',#8400,1.);
#8400 = DIRECTION('',(0.,1.));
#8401 = ( GEOMETRIC_REPRESENTATION_CONTEXT(2) 
PARAMETRIC_REPRESENTATION_CONTEXT() REPRESENTATION_CONTEXT('2D SPACE',''
  ) );
#8402 = ORIENTED_EDGE('',*,*,#8403,.T.);
#8403 = EDGE_CURVE('',#8381,#8381,#8404,.T.);
#8404 = SURFACE_CURVE('',#8405,(#8410,#8417),.PCURVE_S1.);
#8405 = CIRCLE('',#8406,11.);
#8406 = AXIS2_PLACEMENT_3D('',#8407,#8408,#8409);
#8407 = CARTESIAN_POINT('',(-0.282255113125,53.000000000001,
    331.50150299072));
#8408 = DIRECTION('',(0.,1.,0.));
#8409 = DIRECTION('',(0.,-0.,1.));
#8410 = PCURVE('',#8311,#8411);
#8411 = DEFINITIONAL_REPRESENTATION('',(#8412),#8416);
#8412 = LINE('',#8413,#8414);
#8413 = CARTESIAN_POINT('',(12.566370614359,2.5));
#8414 = VECTOR('',#8415,1.);
#8415 = DIRECTION('',(-1.,0.));
#8416 = ( GEOMETRIC_REPRESENTATION_CONTEXT(2) 
PARAMETRIC_REPRESENTATION_CONTEXT() REPRESENTATION_CONTEXT('2D SPACE',''
  ) );
#8417 = PCURVE('',#8059,#8418);
#8418 = DEFINITIONAL_REPRESENTATION('',(#8419),#8427);
#8419 = ( BOUNDED_CURVE() B_SPLINE_CURVE(2,(#8420,#8421,#8422,#8423,
#8424,#8425,#8426),.UNSPECIFIED.,.T.,.F.) B_SPLINE_CURVE_WITH_KNOTS((1,2
    ,2,2,2,1),(-2.094395102393,0.,2.094395102393,4.188790204786,
6.28318530718,8.377580409573),.UNSPECIFIED.) CURVE() 
GEOMETRIC_REPRESENTATION_ITEM() RATIONAL_B_SPLINE_CURVE((1.,0.5,1.,0.5,
1.,0.5,1.)) REPRESENTATION_ITEM('') );
#8420 = CARTESIAN_POINT('',(20.782255113119,17.49849700926));
#8421 = CARTESIAN_POINT('',(1.729696229861,17.49849700926));
#8422 = CARTESIAN_POINT('',(11.25597567149,33.99849700926));
#8423 = CARTESIAN_POINT('',(20.782255113119,50.49849700926));
#8424 = CARTESIAN_POINT('',(30.308534554748,33.99849700926));
#8425 = CARTESIAN_POINT('',(39.834813996377,17.49849700926));
#8426 = CARTESIAN_POINT('',(20.782255113119,17.49849700926));
#8427 = ( GEOMETRIC_REPRESENTATION_CONTEXT(2) 
PARAMETRIC_REPRESENTATION_CONTEXT() REPRESENTATION_CONTEXT('2D SPACE',''
  ) );
#8428 = ORIENTED_EDGE('',*,*,#8380,.F.);
#8429 = ORIENTED_EDGE('',*,*,#8290,.T.);
#8430 = ADVANCED_FACE('',(#8431,#8508),#8059,.T.);
#8431 = FACE_BOUND('',#8432,.T.);
#8432 = EDGE_LOOP('',(#8433,#8434,#8435,#8436,#8459,#8487));
#8433 = ORIENTED_EDGE('',*,*,#8042,.F.);
#8434 = ORIENTED_EDGE('',*,*,#8156,.F.);
#8435 = ORIENTED_EDGE('',*,*,#8326,.F.);
#8436 = ORIENTED_EDGE('',*,*,#8437,.F.);
#8437 = EDGE_CURVE('',#8438,#8327,#8440,.T.);
#8438 = VERTEX_POINT('',#8439);
#8439 = CARTESIAN_POINT('',(20.499999999994,53.000000000001,
    359.99999999998));
#8440 = SURFACE_CURVE('',#8441,(#8445,#8452),.PCURVE_S1.);
#8441 = LINE('',#8442,#8443);
#8442 = CARTESIAN_POINT('',(20.499999999994,53.000000000001,
    359.99999999998));
#8443 = VECTOR('',#8444,1.);
#8444 = DIRECTION('',(0.,0.,-1.));
#8445 = PCURVE('',#8059,#8446);
#8446 = DEFINITIONAL_REPRESENTATION('',(#8447),#8451);
#8447 = LINE('',#8448,#8449);
#8448 = CARTESIAN_POINT('',(0.,-0.));
#8449 = VECTOR('',#8450,1.);
#8450 = DIRECTION('',(0.,1.));
#8451 = ( GEOMETRIC_REPRESENTATION_CONTEXT(2) 
PARAMETRIC_REPRESENTATION_CONTEXT() REPRESENTATION_CONTEXT('2D SPACE',''
  ) );
#8452 = PCURVE('',#8249,#8453);
#8453 = DEFINITIONAL_REPRESENTATION('',(#8454),#8458);
#8454 = LINE('',#8455,#8456);
#8455 = CARTESIAN_POINT('',(7.5,0.));
#8456 = VECTOR('',#8457,1.);
#8457 = DIRECTION('',(0.,1.));
#8458 = ( GEOMETRIC_REPRESENTATION_CONTEXT(2) 
PARAMETRIC_REPRESENTATION_CONTEXT() REPRESENTATION_CONTEXT('2D SPACE',''
  ) );
#8459 = ORIENTED_EDGE('',*,*,#8460,.F.);
#8460 = EDGE_CURVE('',#8461,#8438,#8463,.T.);
#8461 = VERTEX_POINT('',#8462);
#8462 = CARTESIAN_POINT('',(-20.5,53.000000000001,359.99999999998));
#8463 = SURFACE_CURVE('',#8464,(#8468,#8475),.PCURVE_S1.);
#8464 = LINE('',#8465,#8466);
#8465 = CARTESIAN_POINT('',(20.499999999994,53.000000000001,
    359.99999999998));
#8466 = VECTOR('',#8467,1.);
#8467 = DIRECTION('',(1.,0.,1.972152263053E-30));
#8468 = PCURVE('',#8059,#8469);
#8469 = DEFINITIONAL_REPRESENTATION('',(#8470),#8474);
#8470 = LINE('',#8471,#8472);
#8471 = CARTESIAN_POINT('',(0.,-0.));
#8472 = VECTOR('',#8473,1.);
#8473 = DIRECTION('',(-1.,-1.972152263053E-30));
#8474 = ( GEOMETRIC_REPRESENTATION_CONTEXT(2) 
PARAMETRIC_REPRESENTATION_CONTEXT() REPRESENTATION_CONTEXT('2D SPACE',''
  ) );
#8475 = PCURVE('',#8476,#8481);
#8476 = PLANE('',#8477);
#8477 = AXIS2_PLACEMENT_3D('',#8478,#8479,#8480);
#8478 = CARTESIAN_POINT('',(20.499999999994,47.500000000001,
    359.99999999998));
#8479 = DIRECTION('',(1.972152263053E-30,1.094764425254E-45,-1.));
#8480 = DIRECTION('',(-1.,-3.469446951954E-16,-1.972152263053E-30));
#8481 = DEFINITIONAL_REPRESENTATION('',(#8482),#8486);
#8482 = LINE('',#8483,#8484);
#8483 = CARTESIAN_POINT('',(-1.908195823575E-15,5.5));
#8484 = VECTOR('',#8485,1.);
#8485 = DIRECTION('',(-1.,-3.469446951954E-16));
#8486 = ( GEOMETRIC_REPRESENTATION_CONTEXT(2) 
PARAMETRIC_REPRESENTATION_CONTEXT() REPRESENTATION_CONTEXT('2D SPACE',''
  ) );
#8487 = ORIENTED_EDGE('',*,*,#8488,.T.);
#8488 = EDGE_CURVE('',#8461,#8043,#8489,.T.);
#8489 = SURFACE_CURVE('',#8490,(#8494,#8501),.PCURVE_S1.);
#8490 = LINE('',#8491,#8492);
#8491 = CARTESIAN_POINT('',(-20.5,53.000000000001,359.99999999998));
#8492 = VECTOR('',#8493,1.);
#8493 = DIRECTION('',(0.,0.,-1.));
#8494 = PCURVE('',#8059,#8495);
#8495 = DEFINITIONAL_REPRESENTATION('',(#8496),#8500);
#8496 = LINE('',#8497,#8498);
#8497 = CARTESIAN_POINT('',(40.999999999994,0.));
#8498 = VECTOR('',#8499,1.);
#8499 = DIRECTION('',(0.,1.));
#8500 = ( GEOMETRIC_REPRESENTATION_CONTEXT(2) 
PARAMETRIC_REPRESENTATION_CONTEXT() REPRESENTATION_CONTEXT('2D SPACE',''
  ) );
#8501 = PCURVE('',#8089,#8502);
#8502 = DEFINITIONAL_REPRESENTATION('',(#8503),#8507);
#8503 = LINE('',#8504,#8505);
#8504 = CARTESIAN_POINT('',(0.,0.));
#8505 = VECTOR('',#8506,1.);
#8506 = DIRECTION('',(0.,1.));
#8507 = ( GEOMETRIC_REPRESENTATION_CONTEXT(2) 
PARAMETRIC_REPRESENTATION_CONTEXT() REPRESENTATION_CONTEXT('2D SPACE',''
  ) );
#8508 = FACE_BOUND('',#8509,.T.);
#8509 = EDGE_LOOP('',(#8510));
#8510 = ORIENTED_EDGE('',*,*,#8403,.T.);
#8511 = ADVANCED_FACE('',(#8512),#8249,.T.);
#8512 = FACE_BOUND('',#8513,.T.);
#8513 = EDGE_LOOP('',(#8514,#8515,#8516,#8537));
#8514 = ORIENTED_EDGE('',*,*,#8356,.F.);
#8515 = ORIENTED_EDGE('',*,*,#8233,.F.);
#8516 = ORIENTED_EDGE('',*,*,#8517,.F.);
#8517 = EDGE_CURVE('',#8438,#8205,#8518,.T.);
#8518 = SURFACE_CURVE('',#8519,(#8523,#8530),.PCURVE_S1.);
#8519 = LINE('',#8520,#8521);
#8520 = CARTESIAN_POINT('',(20.499999999994,47.500000000001,
    359.99999999998));
#8521 = VECTOR('',#8522,1.);
#8522 = DIRECTION('',(-5.551115123126E-16,1.,0.));
#8523 = PCURVE('',#8249,#8524);
#8524 = DEFINITIONAL_REPRESENTATION('',(#8525),#8529);
#8525 = LINE('',#8526,#8527);
#8526 = CARTESIAN_POINT('',(13.,0.));
#8527 = VECTOR('',#8528,1.);
#8528 = DIRECTION('',(-1.,0.));
#8529 = ( GEOMETRIC_REPRESENTATION_CONTEXT(2) 
PARAMETRIC_REPRESENTATION_CONTEXT() REPRESENTATION_CONTEXT('2D SPACE',''
  ) );
#8530 = PCURVE('',#8221,#8531);
#8531 = DEFINITIONAL_REPRESENTATION('',(#8532),#8536);
#8532 = LINE('',#8533,#8534);
#8533 = CARTESIAN_POINT('',(3.14159265359,-1.42108547152E-14));
#8534 = VECTOR('',#8535,1.);
#8535 = DIRECTION('',(0.,1.));
#8536 = ( GEOMETRIC_REPRESENTATION_CONTEXT(2) 
PARAMETRIC_REPRESENTATION_CONTEXT() REPRESENTATION_CONTEXT('2D SPACE',''
  ) );
#8537 = ORIENTED_EDGE('',*,*,#8437,.T.);
#8538 = ADVANCED_FACE('',(#8539),#8089,.T.);
#8539 = FACE_BOUND('',#8540,.T.);
#8540 = EDGE_LOOP('',(#8541,#8542,#8543,#8564));
#8541 = ORIENTED_EDGE('',*,*,#8075,.F.);
#8542 = ORIENTED_EDGE('',*,*,#8488,.F.);
#8543 = ORIENTED_EDGE('',*,*,#8544,.T.);
#8544 = EDGE_CURVE('',#8461,#8182,#8545,.T.);
#8545 = SURFACE_CURVE('',#8546,(#8550,#8557),.PCURVE_S1.);
#8546 = LINE('',#8547,#8548);
#8547 = CARTESIAN_POINT('',(-20.5,47.500000000001,359.99999999998));
#8548 = VECTOR('',#8549,1.);
#8549 = DIRECTION('',(-5.551115123126E-16,1.,0.));
#8550 = PCURVE('',#8089,#8551);
#8551 = DEFINITIONAL_REPRESENTATION('',(#8552),#8556);
#8552 = LINE('',#8553,#8554);
#8553 = CARTESIAN_POINT('',(-5.5,0.));
#8554 = VECTOR('',#8555,1.);
#8555 = DIRECTION('',(1.,0.));
#8556 = ( GEOMETRIC_REPRESENTATION_CONTEXT(2) 
PARAMETRIC_REPRESENTATION_CONTEXT() REPRESENTATION_CONTEXT('2D SPACE',''
  ) );
#8557 = PCURVE('',#8221,#8558);
#8558 = DEFINITIONAL_REPRESENTATION('',(#8559),#8563);
#8559 = LINE('',#8560,#8561);
#8560 = CARTESIAN_POINT('',(0.,1.42108547152E-14));
#8561 = VECTOR('',#8562,1.);
#8562 = DIRECTION('',(0.,1.));
#8563 = ( GEOMETRIC_REPRESENTATION_CONTEXT(2) 
PARAMETRIC_REPRESENTATION_CONTEXT() REPRESENTATION_CONTEXT('2D SPACE',''
  ) );
#8564 = ORIENTED_EDGE('',*,*,#8181,.T.);
#8565 = ADVANCED_FACE('',(#8566),#8476,.T.);
#8566 = FACE_BOUND('',#8567,.T.);
#8567 = EDGE_LOOP('',(#8568,#8569,#8592,#8620));
#8568 = ORIENTED_EDGE('',*,*,#8460,.T.);
#8569 = ORIENTED_EDGE('',*,*,#8570,.F.);
#8570 = EDGE_CURVE('',#8571,#8438,#8573,.T.);
#8571 = VERTEX_POINT('',#8572);
#8572 = CARTESIAN_POINT('',(20.499999999994,47.500000000001,
    359.99999999998));
#8573 = SURFACE_CURVE('',#8574,(#8578,#8585),.PCURVE_S1.);
#8574 = LINE('',#8575,#8576);
#8575 = CARTESIAN_POINT('',(20.499999999994,47.500000000001,
    359.99999999998));
#8576 = VECTOR('',#8577,1.);
#8577 = DIRECTION('',(-5.551115123126E-16,1.,0.));
#8578 = PCURVE('',#8476,#8579);
#8579 = DEFINITIONAL_REPRESENTATION('',(#8580),#8584);
#8580 = LINE('',#8581,#8582);
#8581 = CARTESIAN_POINT('',(-0.,0.));
#8582 = VECTOR('',#8583,1.);
#8583 = DIRECTION('',(2.081668171172E-16,1.));
#8584 = ( GEOMETRIC_REPRESENTATION_CONTEXT(2) 
PARAMETRIC_REPRESENTATION_CONTEXT() REPRESENTATION_CONTEXT('2D SPACE',''
  ) );
#8585 = PCURVE('',#8221,#8586);
#8586 = DEFINITIONAL_REPRESENTATION('',(#8587),#8591);
#8587 = LINE('',#8588,#8589);
#8588 = CARTESIAN_POINT('',(3.14159265359,-1.42108547152E-14));
#8589 = VECTOR('',#8590,1.);
#8590 = DIRECTION('',(0.,1.));
#8591 = ( GEOMETRIC_REPRESENTATION_CONTEXT(2) 
PARAMETRIC_REPRESENTATION_CONTEXT() REPRESENTATION_CONTEXT('2D SPACE',''
  ) );
#8592 = ORIENTED_EDGE('',*,*,#8593,.F.);
#8593 = EDGE_CURVE('',#8594,#8571,#8596,.T.);
#8594 = VERTEX_POINT('',#8595);
#8595 = CARTESIAN_POINT('',(-20.5,47.500000000001,359.99999999998));
#8596 = SURFACE_CURVE('',#8597,(#8601,#8608),.PCURVE_S1.);
#8597 = LINE('',#8598,#8599);
#8598 = CARTESIAN_POINT('',(-25.00000037254,47.500000000001,
    359.99999999998));
#8599 = VECTOR('',#8600,1.);
#8600 = DIRECTION('',(1.,3.469446951954E-16,1.972152263053E-30));
#8601 = PCURVE('',#8476,#8602);
#8602 = DEFINITIONAL_REPRESENTATION('',(#8603),#8607);
#8603 = LINE('',#8604,#8605);
#8604 = CARTESIAN_POINT('',(45.500000372534,1.578598376064E-14));
#8605 = VECTOR('',#8606,1.);
#8606 = DIRECTION('',(-1.,8.096408020403E-76));
#8607 = ( GEOMETRIC_REPRESENTATION_CONTEXT(2) 
PARAMETRIC_REPRESENTATION_CONTEXT() REPRESENTATION_CONTEXT('2D SPACE',''
  ) );
#8608 = PCURVE('',#8609,#8614);
#8609 = PLANE('',#8610);
#8610 = AXIS2_PLACEMENT_3D('',#8611,#8612,#8613);
#8611 = CARTESIAN_POINT('',(-6.193760782036E-12,47.500000000001,
    370.24999999998));
#8612 = DIRECTION('',(-3.469446951954E-16,1.,3.622504753719E-30));
#8613 = DIRECTION('',(-1.,-3.469446951954E-16,-1.972152263053E-30));
#8614 = DEFINITIONAL_REPRESENTATION('',(#8615),#8619);
#8615 = LINE('',#8616,#8617);
#8616 = CARTESIAN_POINT('',(25.000000372534,-10.25));
#8617 = VECTOR('',#8618,1.);
#8618 = DIRECTION('',(-1.,0.));
#8619 = ( GEOMETRIC_REPRESENTATION_CONTEXT(2) 
PARAMETRIC_REPRESENTATION_CONTEXT() REPRESENTATION_CONTEXT('2D SPACE',''
  ) );
#8620 = ORIENTED_EDGE('',*,*,#8621,.T.);
#8621 = EDGE_CURVE('',#8594,#8461,#8622,.T.);
#8622 = SURFACE_CURVE('',#8623,(#8627,#8634),.PCURVE_S1.);
#8623 = LINE('',#8624,#8625);
#8624 = CARTESIAN_POINT('',(-20.5,47.500000000001,359.99999999998));
#8625 = VECTOR('',#8626,1.);
#8626 = DIRECTION('',(-5.551115123126E-16,1.,0.));
#8627 = PCURVE('',#8476,#8628);
#8628 = DEFINITIONAL_REPRESENTATION('',(#8629),#8633);
#8629 = LINE('',#8630,#8631);
#8630 = CARTESIAN_POINT('',(40.999999999994,1.422473250301E-14));
#8631 = VECTOR('',#8632,1.);
#8632 = DIRECTION('',(2.081668171172E-16,1.));
#8633 = ( GEOMETRIC_REPRESENTATION_CONTEXT(2) 
PARAMETRIC_REPRESENTATION_CONTEXT() REPRESENTATION_CONTEXT('2D SPACE',''
  ) );
#8634 = PCURVE('',#8221,#8635);
#8635 = DEFINITIONAL_REPRESENTATION('',(#8636),#8640);
#8636 = LINE('',#8637,#8638);
#8637 = CARTESIAN_POINT('',(0.,1.42108547152E-14));
#8638 = VECTOR('',#8639,1.);
#8639 = DIRECTION('',(0.,1.));
#8640 = ( GEOMETRIC_REPRESENTATION_CONTEXT(2) 
PARAMETRIC_REPRESENTATION_CONTEXT() REPRESENTATION_CONTEXT('2D SPACE',''
  ) );
#8641 = ADVANCED_FACE('',(#8642),#8221,.T.);
#8642 = FACE_BOUND('',#8643,.T.);
#8643 = EDGE_LOOP('',(#8644,#8666,#8667,#8668,#8669,#8670));
#8644 = ORIENTED_EDGE('',*,*,#8645,.T.);
#8645 = EDGE_CURVE('',#8594,#8571,#8646,.T.);
#8646 = SURFACE_CURVE('',#8647,(#8652,#8659),.PCURVE_S1.);
#8647 = CIRCLE('',#8648,20.500000000001);
#8648 = AXIS2_PLACEMENT_3D('',#8649,#8650,#8651);
#8649 = CARTESIAN_POINT('',(-6.195446224785E-12,47.500000000001,
    359.99999999998));
#8650 = DIRECTION('',(-3.469446951954E-16,1.,3.635697373838E-30));
#8651 = DIRECTION('',(-1.,-3.469446951954E-16,-1.972152263053E-30));
#8652 = PCURVE('',#8221,#8653);
#8653 = DEFINITIONAL_REPRESENTATION('',(#8654),#8658);
#8654 = LINE('',#8655,#8656);
#8655 = CARTESIAN_POINT('',(0.,7.105427357601E-15));
#8656 = VECTOR('',#8657,1.);
#8657 = DIRECTION('',(1.,-4.52345554697E-15));
#8658 = ( GEOMETRIC_REPRESENTATION_CONTEXT(2) 
PARAMETRIC_REPRESENTATION_CONTEXT() REPRESENTATION_CONTEXT('2D SPACE',''
  ) );
#8659 = PCURVE('',#8609,#8660);
#8660 = DEFINITIONAL_REPRESENTATION('',(#8661),#8665);
#8661 = CIRCLE('',#8662,20.500000000001);
#8662 = AXIS2_PLACEMENT_2D('',#8663,#8664);
#8663 = CARTESIAN_POINT('',(1.685442749001E-15,-10.25));
#8664 = DIRECTION('',(1.,0.));
#8665 = ( GEOMETRIC_REPRESENTATION_CONTEXT(2) 
PARAMETRIC_REPRESENTATION_CONTEXT() REPRESENTATION_CONTEXT('2D SPACE',''
  ) );
#8666 = ORIENTED_EDGE('',*,*,#8570,.T.);
#8667 = ORIENTED_EDGE('',*,*,#8517,.T.);
#8668 = ORIENTED_EDGE('',*,*,#8204,.F.);
#8669 = ORIENTED_EDGE('',*,*,#8544,.F.);
#8670 = ORIENTED_EDGE('',*,*,#8621,.F.);
#8671 = ADVANCED_FACE('',(#8672),#8609,.F.);
#8672 = FACE_BOUND('',#8673,.T.);
#8673 = EDGE_LOOP('',(#8674,#8675));
#8674 = ORIENTED_EDGE('',*,*,#8645,.F.);
#8675 = ORIENTED_EDGE('',*,*,#8593,.T.);
#8676 = ( GEOMETRIC_REPRESENTATION_CONTEXT(3) 
GLOBAL_UNCERTAINTY_ASSIGNED_CONTEXT((#8680)) 
GLOBAL_UNIT_ASSIGNED_CONTEXT((#8677,#8678,#8679)) REPRESENTATION_CONTEXT
('Context #1','3D Context with UNIT and UNCERTAINTY') );
#8677 = ( LENGTH_UNIT() NAMED_UNIT(*) SI_UNIT(.MILLI.,.METRE.) );
#8678 = ( NAMED_UNIT(*) PLANE_ANGLE_UNIT() SI_UNIT($,.RADIAN.) );
#8679 = ( NAMED_UNIT(*) SI_UNIT($,.STERADIAN.) SOLID_ANGLE_UNIT() );
#8680 = UNCERTAINTY_MEASURE_WITH_UNIT(LENGTH_MEASURE(1.E-07),#8677,
  'distance_accuracy_value','confusion accuracy');
#8681 = CONTEXT_DEPENDENT_SHAPE_REPRESENTATION(#8682,#8684);
#8682 = ( REPRESENTATION_RELATIONSHIP('','',#7967,#10) 
REPRESENTATION_RELATIONSHIP_WITH_TRANSFORMATION(#8683) 
SHAPE_REPRESENTATION_RELATIONSHIP() );
#8683 = ITEM_DEFINED_TRANSFORMATION('','',#11,#47);
#8684 = PRODUCT_DEFINITION_SHAPE('Placement','Placement of an item',
  #8685);
#8685 = NEXT_ASSEMBLY_USAGE_OCCURRENCE('153','','',#5,#7962,$);
#8686 = PRODUCT_RELATED_PRODUCT_CATEGORY('part',$,(#7964));
#8687 = SHAPE_DEFINITION_REPRESENTATION(#8688,#8694);
#8688 = PRODUCT_DEFINITION_SHAPE('','',#8689);
#8689 = PRODUCT_DEFINITION('design','',#8690,#8693);
#8690 = PRODUCT_DEFINITION_FORMATION('','',#8691);
#8691 = PRODUCT('Open CASCADE STEP translator 7.9 45.10',
  'Open CASCADE STEP translator 7.9 45.10','',(#8692));
#8692 = PRODUCT_CONTEXT('',#2,'mechanical');
#8693 = PRODUCT_DEFINITION_CONTEXT('part definition',#2,'design');
#8694 = ADVANCED_BREP_SHAPE_REPRESENTATION('',(#11,#8695),#8797);
#8695 = MANIFOLD_SOLID_BREP('',#8696);
#8696 = CLOSED_SHELL('',(#8697,#8789,#8793));
#8697 = ADVANCED_FACE('',(#8698),#8711,.T.);
#8698 = FACE_BOUND('',#8699,.T.);
#8699 = EDGE_LOOP('',(#8700,#8738,#8761,#8788));
#8700 = ORIENTED_EDGE('',*,*,#8701,.F.);
#8701 = EDGE_CURVE('',#8702,#8702,#8704,.T.);
#8702 = VERTEX_POINT('',#8703);
#8703 = CARTESIAN_POINT('',(10.217744886875,53.500000000001,
    331.50150299072));
#8704 = SURFACE_CURVE('',#8705,(#8710,#8722),.PCURVE_S1.);
#8705 = CIRCLE('',#8706,10.5);
#8706 = AXIS2_PLACEMENT_3D('',#8707,#8708,#8709);
#8707 = CARTESIAN_POINT('',(-0.282255113125,53.500000000001,
    331.50150299072));
#8708 = DIRECTION('',(0.,-1.,0.));
#8709 = DIRECTION('',(-1.,0.,0.));
#8710 = PCURVE('',#8711,#8716);
#8711 = CYLINDRICAL_SURFACE('',#8712,10.5);
#8712 = AXIS2_PLACEMENT_3D('',#8713,#8714,#8715);
#8713 = CARTESIAN_POINT('',(-0.282255113125,60.500000000001,
    331.50150299072));
#8714 = DIRECTION('',(0.,-1.,0.));
#8715 = DIRECTION('',(-1.,0.,0.));
#8716 = DEFINITIONAL_REPRESENTATION('',(#8717),#8721);
#8717 = LINE('',#8718,#8719);
#8718 = CARTESIAN_POINT('',(-4.138911435803E-13,7.));
#8719 = VECTOR('',#8720,1.);
#8720 = DIRECTION('',(1.,0.));
#8721 = ( GEOMETRIC_REPRESENTATION_CONTEXT(2) 
PARAMETRIC_REPRESENTATION_CONTEXT() REPRESENTATION_CONTEXT('2D SPACE',''
  ) );
#8722 = PCURVE('',#8723,#8728);
#8723 = PLANE('',#8724);
#8724 = AXIS2_PLACEMENT_3D('',#8725,#8726,#8727);
#8725 = CARTESIAN_POINT('',(-0.282255113125,53.500000000001,
    331.50150299072));
#8726 = DIRECTION('',(0.,1.,0.));
#8727 = DIRECTION('',(-1.,0.,0.));
#8728 = DEFINITIONAL_REPRESENTATION('',(#8729),#8737);
#8729 = ( BOUNDED_CURVE() B_SPLINE_CURVE(2,(#8730,#8731,#8732,#8733,
#8734,#8735,#8736),.UNSPECIFIED.,.T.,.F.) B_SPLINE_CURVE_WITH_KNOTS((1,2
    ,2,2,2,1),(-2.094395102393,0.,2.094395102393,4.188790204786,
6.28318530718,8.377580409573),.UNSPECIFIED.) CURVE() 
GEOMETRIC_REPRESENTATION_ITEM() RATIONAL_B_SPLINE_CURVE((1.,0.5,1.,0.5,
1.,0.5,1.)) REPRESENTATION_ITEM('') );
#8730 = CARTESIAN_POINT('',(10.5,0.));
#8731 = CARTESIAN_POINT('',(10.5,-18.18653347947));
#8732 = CARTESIAN_POINT('',(-5.25,-9.093266739737));
#8733 = CARTESIAN_POINT('',(-21.,-2.571758278209E-15));
#8734 = CARTESIAN_POINT('',(-5.25,9.093266739737));
#8735 = CARTESIAN_POINT('',(10.5,18.186533479473));
#8736 = CARTESIAN_POINT('',(10.5,0.));
#8737 = ( GEOMETRIC_REPRESENTATION_CONTEXT(2) 
PARAMETRIC_REPRESENTATION_CONTEXT() REPRESENTATION_CONTEXT('2D SPACE',''
  ) );
#8738 = ORIENTED_EDGE('',*,*,#8739,.T.);
#8739 = EDGE_CURVE('',#8702,#8740,#8742,.T.);
#8740 = VERTEX_POINT('',#8741);
#8741 = CARTESIAN_POINT('',(10.217744886875,60.500000000001,
    331.50150299072));
#8742 = SEAM_CURVE('',#8743,(#8747,#8754),.PCURVE_S1.);
#8743 = LINE('',#8744,#8745);
#8744 = CARTESIAN_POINT('',(10.217744886875,60.500000000001,
    331.50150299072));
#8745 = VECTOR('',#8746,1.);
#8746 = DIRECTION('',(0.,1.,0.));
#8747 = PCURVE('',#8711,#8748);
#8748 = DEFINITIONAL_REPRESENTATION('',(#8749),#8753);
#8749 = LINE('',#8750,#8751);
#8750 = CARTESIAN_POINT('',(3.141592653589,0.));
#8751 = VECTOR('',#8752,1.);
#8752 = DIRECTION('',(0.,-1.));
#8753 = ( GEOMETRIC_REPRESENTATION_CONTEXT(2) 
PARAMETRIC_REPRESENTATION_CONTEXT() REPRESENTATION_CONTEXT('2D SPACE',''
  ) );
#8754 = PCURVE('',#8711,#8755);
#8755 = DEFINITIONAL_REPRESENTATION('',(#8756),#8760);
#8756 = LINE('',#8757,#8758);
#8757 = CARTESIAN_POINT('',(9.42477796077,0.));
#8758 = VECTOR('',#8759,1.);
#8759 = DIRECTION('',(0.,-1.));
#8760 = ( GEOMETRIC_REPRESENTATION_CONTEXT(2) 
PARAMETRIC_REPRESENTATION_CONTEXT() REPRESENTATION_CONTEXT('2D SPACE',''
  ) );
#8761 = ORIENTED_EDGE('',*,*,#8762,.F.);
#8762 = EDGE_CURVE('',#8740,#8740,#8763,.T.);
#8763 = SURFACE_CURVE('',#8764,(#8769,#8776),.PCURVE_S1.);
#8764 = CIRCLE('',#8765,10.5);
#8765 = AXIS2_PLACEMENT_3D('',#8766,#8767,#8768);
#8766 = CARTESIAN_POINT('',(-0.282255113125,60.500000000001,
    331.50150299072));
#8767 = DIRECTION('',(0.,1.,0.));
#8768 = DIRECTION('',(-1.,0.,0.));
#8769 = PCURVE('',#8711,#8770);
#8770 = DEFINITIONAL_REPRESENTATION('',(#8771),#8775);
#8771 = LINE('',#8772,#8773);
#8772 = CARTESIAN_POINT('',(12.56637061436,0.));
#8773 = VECTOR('',#8774,1.);
#8774 = DIRECTION('',(-1.,0.));
#8775 = ( GEOMETRIC_REPRESENTATION_CONTEXT(2) 
PARAMETRIC_REPRESENTATION_CONTEXT() REPRESENTATION_CONTEXT('2D SPACE',''
  ) );
#8776 = PCURVE('',#8777,#8782);
#8777 = PLANE('',#8778);
#8778 = AXIS2_PLACEMENT_3D('',#8779,#8780,#8781);
#8779 = CARTESIAN_POINT('',(-0.282255113125,60.500000000001,
    331.50150299072));
#8780 = DIRECTION('',(0.,1.,0.));
#8781 = DIRECTION('',(-1.,0.,0.));
#8782 = DEFINITIONAL_REPRESENTATION('',(#8783),#8787);
#8783 = CIRCLE('',#8784,10.5);
#8784 = AXIS2_PLACEMENT_2D('',#8785,#8786);
#8785 = CARTESIAN_POINT('',(0.,0.));
#8786 = DIRECTION('',(1.,0.));
#8787 = ( GEOMETRIC_REPRESENTATION_CONTEXT(2) 
PARAMETRIC_REPRESENTATION_CONTEXT() REPRESENTATION_CONTEXT('2D SPACE',''
  ) );
#8788 = ORIENTED_EDGE('',*,*,#8739,.F.);
#8789 = ADVANCED_FACE('',(#8790),#8777,.T.);
#8790 = FACE_BOUND('',#8791,.T.);
#8791 = EDGE_LOOP('',(#8792));
#8792 = ORIENTED_EDGE('',*,*,#8762,.T.);
#8793 = ADVANCED_FACE('',(#8794),#8723,.F.);
#8794 = FACE_BOUND('',#8795,.T.);
#8795 = EDGE_LOOP('',(#8796));
#8796 = ORIENTED_EDGE('',*,*,#8701,.T.);
#8797 = ( GEOMETRIC_REPRESENTATION_CONTEXT(3) 
GLOBAL_UNCERTAINTY_ASSIGNED_CONTEXT((#8801)) 
GLOBAL_UNIT_ASSIGNED_CONTEXT((#8798,#8799,#8800)) REPRESENTATION_CONTEXT
('Context #1','3D Context with UNIT and UNCERTAINTY') );
#8798 = ( LENGTH_UNIT() NAMED_UNIT(*) SI_UNIT(.MILLI.,.METRE.) );
#8799 = ( NAMED_UNIT(*) PLANE_ANGLE_UNIT() SI_UNIT($,.RADIAN.) );
#8800 = ( NAMED_UNIT(*) SI_UNIT($,.STERADIAN.) SOLID_ANGLE_UNIT() );
#8801 = UNCERTAINTY_MEASURE_WITH_UNIT(LENGTH_MEASURE(1.E-07),#8798,
  'distance_accuracy_value','confusion accuracy');
#8802 = CONTEXT_DEPENDENT_SHAPE_REPRESENTATION(#8803,#8805);
#8803 = ( REPRESENTATION_RELATIONSHIP('','',#8694,#10) 
REPRESENTATION_RELATIONSHIP_WITH_TRANSFORMATION(#8804) 
SHAPE_REPRESENTATION_RELATIONSHIP() );
#8804 = ITEM_DEFINED_TRANSFORMATION('','',#11,#51);
#8805 = PRODUCT_DEFINITION_SHAPE('Placement','Placement of an item',
  #8806);
#8806 = NEXT_ASSEMBLY_USAGE_OCCURRENCE('154','','',#5,#8689,$);
#8807 = PRODUCT_RELATED_PRODUCT_CATEGORY('part',$,(#8691));
#8808 = SHAPE_DEFINITION_REPRESENTATION(#8809,#8815);
#8809 = PRODUCT_DEFINITION_SHAPE('','',#8810);
#8810 = PRODUCT_DEFINITION('design','',#8811,#8814);
#8811 = PRODUCT_DEFINITION_FORMATION('','',#8812);
#8812 = PRODUCT('Open CASCADE STEP translator 7.9 45.11',
  'Open CASCADE STEP translator 7.9 45.11','',(#8813));
#8813 = PRODUCT_CONTEXT('',#2,'mechanical');
#8814 = PRODUCT_DEFINITION_CONTEXT('part definition',#2,'design');
#8815 = ADVANCED_BREP_SHAPE_REPRESENTATION('',(#11,#8816),#8914);
#8816 = MANIFOLD_SOLID_BREP('',#8817);
#8817 = CLOSED_SHELL('',(#8818,#8906,#8910));
#8818 = ADVANCED_FACE('',(#8819),#8832,.T.);
#8819 = FACE_BOUND('',#8820,.T.);
#8820 = EDGE_LOOP('',(#8821,#8855,#8878,#8905));
#8821 = ORIENTED_EDGE('',*,*,#8822,.F.);
#8822 = EDGE_CURVE('',#8823,#8823,#8825,.T.);
#8823 = VERTEX_POINT('',#8824);
#8824 = CARTESIAN_POINT('',(3.717744886875,67.500000000001,
    331.50150299072));
#8825 = SURFACE_CURVE('',#8826,(#8831,#8843),.PCURVE_S1.);
#8826 = CIRCLE('',#8827,4.);
#8827 = AXIS2_PLACEMENT_3D('',#8828,#8829,#8830);
#8828 = CARTESIAN_POINT('',(-0.282255113125,67.500000000001,
    331.50150299072));
#8829 = DIRECTION('',(0.,1.,0.));
#8830 = DIRECTION('',(-1.,0.,0.));
#8831 = PCURVE('',#8832,#8837);
#8832 = CYLINDRICAL_SURFACE('',#8833,4.);
#8833 = AXIS2_PLACEMENT_3D('',#8834,#8835,#8836);
#8834 = CARTESIAN_POINT('',(-0.282255113125,60.500000000001,
    331.50150299072));
#8835 = DIRECTION('',(0.,1.,0.));
#8836 = DIRECTION('',(-1.,0.,0.));
#8837 = DEFINITIONAL_REPRESENTATION('',(#8838),#8842);
#8838 = LINE('',#8839,#8840);
#8839 = CARTESIAN_POINT('',(-4.138911435803E-13,7.));
#8840 = VECTOR('',#8841,1.);
#8841 = DIRECTION('',(1.,0.));
#8842 = ( GEOMETRIC_REPRESENTATION_CONTEXT(2) 
PARAMETRIC_REPRESENTATION_CONTEXT() REPRESENTATION_CONTEXT('2D SPACE',''
  ) );
#8843 = PCURVE('',#8844,#8849);
#8844 = PLANE('',#8845);
#8845 = AXIS2_PLACEMENT_3D('',#8846,#8847,#8848);
#8846 = CARTESIAN_POINT('',(-0.282255113125,67.500000000001,
    331.50150299072));
#8847 = DIRECTION('',(0.,1.,0.));
#8848 = DIRECTION('',(-1.,0.,0.));
#8849 = DEFINITIONAL_REPRESENTATION('',(#8850),#8854);
#8850 = CIRCLE('',#8851,4.);
#8851 = AXIS2_PLACEMENT_2D('',#8852,#8853);
#8852 = CARTESIAN_POINT('',(0.,0.));
#8853 = DIRECTION('',(1.,0.));
#8854 = ( GEOMETRIC_REPRESENTATION_CONTEXT(2) 
PARAMETRIC_REPRESENTATION_CONTEXT() REPRESENTATION_CONTEXT('2D SPACE',''
  ) );
#8855 = ORIENTED_EDGE('',*,*,#8856,.T.);
#8856 = EDGE_CURVE('',#8823,#8857,#8859,.T.);
#8857 = VERTEX_POINT('',#8858);
#8858 = CARTESIAN_POINT('',(3.717744886875,60.500000000001,
    331.50150299072));
#8859 = SEAM_CURVE('',#8860,(#8864,#8871),.PCURVE_S1.);
#8860 = LINE('',#8861,#8862);
#8861 = CARTESIAN_POINT('',(3.717744886875,60.500000000001,
    331.50150299072));
#8862 = VECTOR('',#8863,1.);
#8863 = DIRECTION('',(0.,-1.,0.));
#8864 = PCURVE('',#8832,#8865);
#8865 = DEFINITIONAL_REPRESENTATION('',(#8866),#8870);
#8866 = LINE('',#8867,#8868);
#8867 = CARTESIAN_POINT('',(3.141592653589,0.));
#8868 = VECTOR('',#8869,1.);
#8869 = DIRECTION('',(0.,-1.));
#8870 = ( GEOMETRIC_REPRESENTATION_CONTEXT(2) 
PARAMETRIC_REPRESENTATION_CONTEXT() REPRESENTATION_CONTEXT('2D SPACE',''
  ) );
#8871 = PCURVE('',#8832,#8872);
#8872 = DEFINITIONAL_REPRESENTATION('',(#8873),#8877);
#8873 = LINE('',#8874,#8875);
#8874 = CARTESIAN_POINT('',(9.42477796077,0.));
#8875 = VECTOR('',#8876,1.);
#8876 = DIRECTION('',(0.,-1.));
#8877 = ( GEOMETRIC_REPRESENTATION_CONTEXT(2) 
PARAMETRIC_REPRESENTATION_CONTEXT() REPRESENTATION_CONTEXT('2D SPACE',''
  ) );
#8878 = ORIENTED_EDGE('',*,*,#8879,.T.);
#8879 = EDGE_CURVE('',#8857,#8857,#8880,.T.);
#8880 = SURFACE_CURVE('',#8881,(#8886,#8893),.PCURVE_S1.);
#8881 = CIRCLE('',#8882,4.);
#8882 = AXIS2_PLACEMENT_3D('',#8883,#8884,#8885);
#8883 = CARTESIAN_POINT('',(-0.282255113125,60.500000000001,
    331.50150299072));
#8884 = DIRECTION('',(0.,1.,0.));
#8885 = DIRECTION('',(-1.,0.,0.));
#8886 = PCURVE('',#8832,#8887);
#8887 = DEFINITIONAL_REPRESENTATION('',(#8888),#8892);
#8888 = LINE('',#8889,#8890);
#8889 = CARTESIAN_POINT('',(-4.138911435803E-13,0.));
#8890 = VECTOR('',#8891,1.);
#8891 = DIRECTION('',(1.,0.));
#8892 = ( GEOMETRIC_REPRESENTATION_CONTEXT(2) 
PARAMETRIC_REPRESENTATION_CONTEXT() REPRESENTATION_CONTEXT('2D SPACE',''
  ) );
#8893 = PCURVE('',#8894,#8899);
#8894 = PLANE('',#8895);
#8895 = AXIS2_PLACEMENT_3D('',#8896,#8897,#8898);
#8896 = CARTESIAN_POINT('',(-0.282255113125,60.500000000001,
    331.50150299072));
#8897 = DIRECTION('',(0.,1.,0.));
#8898 = DIRECTION('',(-1.,0.,0.));
#8899 = DEFINITIONAL_REPRESENTATION('',(#8900),#8904);
#8900 = CIRCLE('',#8901,4.);
#8901 = AXIS2_PLACEMENT_2D('',#8902,#8903);
#8902 = CARTESIAN_POINT('',(0.,0.));
#8903 = DIRECTION('',(1.,0.));
#8904 = ( GEOMETRIC_REPRESENTATION_CONTEXT(2) 
PARAMETRIC_REPRESENTATION_CONTEXT() REPRESENTATION_CONTEXT('2D SPACE',''
  ) );
#8905 = ORIENTED_EDGE('',*,*,#8856,.F.);
#8906 = ADVANCED_FACE('',(#8907),#8844,.T.);
#8907 = FACE_BOUND('',#8908,.T.);
#8908 = EDGE_LOOP('',(#8909));
#8909 = ORIENTED_EDGE('',*,*,#8822,.T.);
#8910 = ADVANCED_FACE('',(#8911),#8894,.F.);
#8911 = FACE_BOUND('',#8912,.T.);
#8912 = EDGE_LOOP('',(#8913));
#8913 = ORIENTED_EDGE('',*,*,#8879,.F.);
#8914 = ( GEOMETRIC_REPRESENTATION_CONTEXT(3) 
GLOBAL_UNCERTAINTY_ASSIGNED_CONTEXT((#8918)) 
GLOBAL_UNIT_ASSIGNED_CONTEXT((#8915,#8916,#8917)) REPRESENTATION_CONTEXT
('Context #1','3D Context with UNIT and UNCERTAINTY') );
#8915 = ( LENGTH_UNIT() NAMED_UNIT(*) SI_UNIT(.MILLI.,.METRE.) );
#8916 = ( NAMED_UNIT(*) PLANE_ANGLE_UNIT() SI_UNIT($,.RADIAN.) );
#8917 = ( NAMED_UNIT(*) SI_UNIT($,.STERADIAN.) SOLID_ANGLE_UNIT() );
#8918 = UNCERTAINTY_MEASURE_WITH_UNIT(LENGTH_MEASURE(1.E-07),#8915,
  'distance_accuracy_value','confusion accuracy');
#8919 = CONTEXT_DEPENDENT_SHAPE_REPRESENTATION(#8920,#8922);
#8920 = ( REPRESENTATION_RELATIONSHIP('','',#8815,#10) 
REPRESENTATION_RELATIONSHIP_WITH_TRANSFORMATION(#8921) 
SHAPE_REPRESENTATION_RELATIONSHIP() );
#8921 = ITEM_DEFINED_TRANSFORMATION('','',#11,#55);
#8922 = PRODUCT_DEFINITION_SHAPE('Placement','Placement of an item',
  #8923);
#8923 = NEXT_ASSEMBLY_USAGE_OCCURRENCE('155','','',#5,#8810,$);
#8924 = PRODUCT_RELATED_PRODUCT_CATEGORY('part',$,(#8812));
ENDSEC;
END-ISO-10303-21;
