ISO-10303-21;
HEADER;
FILE_DESCRIPTION(('Open CASCADE Model'),'2;1');
FILE_NAME('Open CASCADE Shape Model','2026-08-07T15:00:19',('Author'),(
    'Open CASCADE'),'Open CASCADE STEP processor 7.9','Open CASCADE 7.9'
  ,'Unknown');
FILE_SCHEMA(('AUTOMOTIVE_DESIGN { 1 0 10303 214 1 1 1 1 }'));
ENDSEC;
DATA;
#1 = APPLICATION_PROTOCOL_DEFINITION('international standard',
  'automotive_design',2000,#2);
#2 = APPLICATION_CONTEXT(
  'core data for automotive mechanical design processes');
#3 = SHAPE_DEFINITION_REPRESENTATION(#4,#10);
#4 = PRODUCT_DEFINITION_SHAPE('','',#5);
#5 = PRODUCT_DEFINITION('design','',#6,#9);
#6 = PRODUCT_DEFINITION_FORMATION('','',#7);
#7 = PRODUCT('Open CASCADE STEP translator 7.9 25',
  'Open CASCADE STEP translator 7.9 25','',(#8));
#8 = PRODUCT_CONTEXT('',#2,'mechanical');
#9 = PRODUCT_DEFINITION_CONTEXT('part definition',#2,'design');
#10 = SHAPE_REPRESENTATION('',(#11,#15,#19),#23);
#11 = AXIS2_PLACEMENT_3D('',#12,#13,#14);
#12 = CARTESIAN_POINT('',(0.,0.,0.));
#13 = DIRECTION('',(0.,0.,1.));
#14 = DIRECTION('',(1.,0.,-0.));
#15 = AXIS2_PLACEMENT_3D('',#16,#17,#18);
#16 = CARTESIAN_POINT('',(0.,0.,0.));
#17 = DIRECTION('',(0.,0.,1.));
#18 = DIRECTION('',(1.,0.,-0.));
#19 = AXIS2_PLACEMENT_3D('',#20,#21,#22);
#20 = CARTESIAN_POINT('',(0.,0.,0.));
#21 = DIRECTION('',(0.,0.,1.));
#22 = DIRECTION('',(1.,0.,-0.));
#23 = ( GEOMETRIC_REPRESENTATION_CONTEXT(3) 
GLOBAL_UNCERTAINTY_ASSIGNED_CONTEXT((#27)) GLOBAL_UNIT_ASSIGNED_CONTEXT(
(#24,#25,#26)) REPRESENTATION_CONTEXT('Context #1',
  '3D Context with UNIT and UNCERTAINTY') );
#24 = ( LENGTH_UNIT() NAMED_UNIT(*) SI_UNIT(.MILLI.,.METRE.) );
#25 = ( NAMED_UNIT(*) PLANE_ANGLE_UNIT() SI_UNIT($,.RADIAN.) );
#26 = ( NAMED_UNIT(*) SI_UNIT($,.STERADIAN.) SOLID_ANGLE_UNIT() );
#27 = UNCERTAINTY_MEASURE_WITH_UNIT(LENGTH_MEASURE(1.E-07),#24,
  'distance_accuracy_value','confusion accuracy');
#28 = PRODUCT_RELATED_PRODUCT_CATEGORY('part',$,(#7));
#29 = SHAPE_DEFINITION_REPRESENTATION(#30,#36);
#30 = PRODUCT_DEFINITION_SHAPE('','',#31);
#31 = PRODUCT_DEFINITION('design','',#32,#35);
#32 = PRODUCT_DEFINITION_FORMATION('','',#33);
#33 = PRODUCT('Open CASCADE STEP translator 7.9 25.1',
  'Open CASCADE STEP translator 7.9 25.1','',(#34));
#34 = PRODUCT_CONTEXT('',#2,'mechanical');
#35 = PRODUCT_DEFINITION_CONTEXT('part definition',#2,'design');
#36 = ADVANCED_BREP_SHAPE_REPRESENTATION('',(#11,#37),#811);
#37 = MANIFOLD_SOLID_BREP('',#38);
#38 = CLOSED_SHELL('',(#39,#131,#213,#295,#377,#463,#573,#649,#720,#767,
    #789));
#39 = ADVANCED_FACE('',(#40),#54,.F.);
#40 = FACE_BOUND('',#41,.F.);
#41 = EDGE_LOOP('',(#42,#72,#103,#104));
#42 = ORIENTED_EDGE('',*,*,#43,.T.);
#43 = EDGE_CURVE('',#44,#46,#48,.T.);
#44 = VERTEX_POINT('',#45);
#45 = CARTESIAN_POINT('',(-20.63269279951,-31.53735370512,-32.));
#46 = VERTEX_POINT('',#47);
#47 = CARTESIAN_POINT('',(-20.63269279951,-31.53735370512,-42.));
#48 = SEAM_CURVE('',#49,(#53,#65),.PCURVE_S1.);
#49 = LINE('',#50,#51);
#50 = CARTESIAN_POINT('',(-20.63269279951,-31.53735370512,-29.));
#51 = VECTOR('',#52,1.);
#52 = DIRECTION('',(3.330669073875E-17,1.221245327088E-16,-1.));
#53 = PCURVE('',#54,#59);
#54 = CYLINDRICAL_SURFACE('',#55,1.45);
#55 = AXIS2_PLACEMENT_3D('',#56,#57,#58);
#56 = CARTESIAN_POINT('',(-22.08269279951,-31.53735370512,-29.));
#57 = DIRECTION('',(3.330669073875E-17,1.221245327088E-16,-1.));
#58 = DIRECTION('',(-1.,4.067564042546E-33,-3.330669073875E-17));
#59 = DEFINITIONAL_REPRESENTATION('',(#60),#64);
#60 = LINE('',#61,#62);
#61 = CARTESIAN_POINT('',(9.424777960769,0.));
#62 = VECTOR('',#63,1.);
#63 = DIRECTION('',(0.,1.));
#64 = ( GEOMETRIC_REPRESENTATION_CONTEXT(2) 
PARAMETRIC_REPRESENTATION_CONTEXT() REPRESENTATION_CONTEXT('2D SPACE',''
  ) );
#65 = PCURVE('',#54,#66);
#66 = DEFINITIONAL_REPRESENTATION('',(#67),#71);
#67 = LINE('',#68,#69);
#68 = CARTESIAN_POINT('',(3.14159265359,0.));
#69 = VECTOR('',#70,1.);
#70 = DIRECTION('',(0.,1.));
#71 = ( GEOMETRIC_REPRESENTATION_CONTEXT(2) 
PARAMETRIC_REPRESENTATION_CONTEXT() REPRESENTATION_CONTEXT('2D SPACE',''
  ) );
#72 = ORIENTED_EDGE('',*,*,#73,.T.);
#73 = EDGE_CURVE('',#46,#46,#74,.T.);
#74 = SURFACE_CURVE('',#75,(#80,#87),.PCURVE_S1.);
#75 = CIRCLE('',#76,1.45);
#76 = AXIS2_PLACEMENT_3D('',#77,#78,#79);
#77 = CARTESIAN_POINT('',(-22.08269279951,-31.53735370512,-42.));
#78 = DIRECTION('',(0.,0.,1.));
#79 = DIRECTION('',(-1.,4.067564042546E-33,0.));
#80 = PCURVE('',#54,#81);
#81 = DEFINITIONAL_REPRESENTATION('',(#82),#86);
#82 = LINE('',#83,#84);
#83 = CARTESIAN_POINT('',(12.566370614359,13.));
#84 = VECTOR('',#85,1.);
#85 = DIRECTION('',(-1.,0.));
#86 = ( GEOMETRIC_REPRESENTATION_CONTEXT(2) 
PARAMETRIC_REPRESENTATION_CONTEXT() REPRESENTATION_CONTEXT('2D SPACE',''
  ) );
#87 = PCURVE('',#88,#93);
#88 = PLANE('',#89);
#89 = AXIS2_PLACEMENT_3D('',#90,#91,#92);
#90 = CARTESIAN_POINT('',(-8.881784197001E-15,-3.786796564405E-02,-42.)
  );
#91 = DIRECTION('',(0.,0.,-1.));
#92 = DIRECTION('',(1.,0.,0.));
#93 = DEFINITIONAL_REPRESENTATION('',(#94),#102);
#94 = ( BOUNDED_CURVE() B_SPLINE_CURVE(2,(#95,#96,#97,#98,#99,#100,#101)
,.UNSPECIFIED.,.T.,.F.) B_SPLINE_CURVE_WITH_KNOTS((1,2,2,2,2,1),(
    -2.094395102393,0.,2.094395102393,4.188790204786,6.28318530718,
8.377580409573),.UNSPECIFIED.) CURVE() GEOMETRIC_REPRESENTATION_ITEM() 
RATIONAL_B_SPLINE_CURVE((1.,0.5,1.,0.5,1.,0.5,1.)) REPRESENTATION_ITEM(
  '') );
#95 = CARTESIAN_POINT('',(-23.53269279951,31.499485739482));
#96 = CARTESIAN_POINT('',(-23.53269279951,34.010959410457));
#97 = CARTESIAN_POINT('',(-21.35769279951,32.75522257497));
#98 = CARTESIAN_POINT('',(-19.18269279951,31.499485739482));
#99 = CARTESIAN_POINT('',(-21.35769279951,30.243748903995));
#100 = CARTESIAN_POINT('',(-23.53269279951,28.988012068507));
#101 = CARTESIAN_POINT('',(-23.53269279951,31.499485739482));
#102 = ( GEOMETRIC_REPRESENTATION_CONTEXT(2) 
PARAMETRIC_REPRESENTATION_CONTEXT() REPRESENTATION_CONTEXT('2D SPACE',''
  ) );
#103 = ORIENTED_EDGE('',*,*,#43,.F.);
#104 = ORIENTED_EDGE('',*,*,#105,.T.);
#105 = EDGE_CURVE('',#44,#44,#106,.T.);
#106 = SURFACE_CURVE('',#107,(#112,#119),.PCURVE_S1.);
#107 = CIRCLE('',#108,1.45);
#108 = AXIS2_PLACEMENT_3D('',#109,#110,#111);
#109 = CARTESIAN_POINT('',(-22.08269279951,-31.53735370512,-32.));
#110 = DIRECTION('',(0.,0.,-1.));
#111 = DIRECTION('',(-1.,4.067564042546E-33,0.));
#112 = PCURVE('',#54,#113);
#113 = DEFINITIONAL_REPRESENTATION('',(#114),#118);
#114 = LINE('',#115,#116);
#115 = CARTESIAN_POINT('',(0.,3.));
#116 = VECTOR('',#117,1.);
#117 = DIRECTION('',(1.,0.));
#118 = ( GEOMETRIC_REPRESENTATION_CONTEXT(2) 
PARAMETRIC_REPRESENTATION_CONTEXT() REPRESENTATION_CONTEXT('2D SPACE',''
  ) );
#119 = PCURVE('',#120,#125);
#120 = PLANE('',#121);
#121 = AXIS2_PLACEMENT_3D('',#122,#123,#124);
#122 = CARTESIAN_POINT('',(-8.881784197001E-15,-3.786796564405E-02,-32.)
  );
#123 = DIRECTION('',(0.,0.,-1.));
#124 = DIRECTION('',(1.,0.,0.));
#125 = DEFINITIONAL_REPRESENTATION('',(#126),#130);
#126 = CIRCLE('',#127,1.45);
#127 = AXIS2_PLACEMENT_2D('',#128,#129);
#128 = CARTESIAN_POINT('',(-22.08269279951,31.499485739482));
#129 = DIRECTION('',(-1.,-4.067564042546E-33));
#130 = ( GEOMETRIC_REPRESENTATION_CONTEXT(2) 
PARAMETRIC_REPRESENTATION_CONTEXT() REPRESENTATION_CONTEXT('2D SPACE',''
  ) );
#131 = ADVANCED_FACE('',(#132),#146,.F.);
#132 = FACE_BOUND('',#133,.F.);
#133 = EDGE_LOOP('',(#134,#164,#190,#191));
#134 = ORIENTED_EDGE('',*,*,#135,.T.);
#135 = EDGE_CURVE('',#136,#138,#140,.T.);
#136 = VERTEX_POINT('',#137);
#137 = CARTESIAN_POINT('',(23.532692799515,31.537353705126,-32.));
#138 = VERTEX_POINT('',#139);
#139 = CARTESIAN_POINT('',(23.532692799515,31.537353705126,-42.));
#140 = SEAM_CURVE('',#141,(#145,#157),.PCURVE_S1.);
#141 = LINE('',#142,#143);
#142 = CARTESIAN_POINT('',(23.532692799515,31.537353705126,-29.));
#143 = VECTOR('',#144,1.);
#144 = DIRECTION('',(3.330669073875E-17,1.221245327088E-16,-1.));
#145 = PCURVE('',#146,#151);
#146 = CYLINDRICAL_SURFACE('',#147,1.45);
#147 = AXIS2_PLACEMENT_3D('',#148,#149,#150);
#148 = CARTESIAN_POINT('',(22.082692799515,31.537353705126,-29.));
#149 = DIRECTION('',(3.330669073875E-17,1.221245327088E-16,-1.));
#150 = DIRECTION('',(-1.,4.067564042546E-33,-3.330669073875E-17));
#151 = DEFINITIONAL_REPRESENTATION('',(#152),#156);
#152 = LINE('',#153,#154);
#153 = CARTESIAN_POINT('',(9.424777960769,3.552713678801E-15));
#154 = VECTOR('',#155,1.);
#155 = DIRECTION('',(0.,1.));
#156 = ( GEOMETRIC_REPRESENTATION_CONTEXT(2) 
PARAMETRIC_REPRESENTATION_CONTEXT() REPRESENTATION_CONTEXT('2D SPACE',''
  ) );
#157 = PCURVE('',#146,#158);
#158 = DEFINITIONAL_REPRESENTATION('',(#159),#163);
#159 = LINE('',#160,#161);
#160 = CARTESIAN_POINT('',(3.14159265359,3.552713678801E-15));
#161 = VECTOR('',#162,1.);
#162 = DIRECTION('',(0.,1.));
#163 = ( GEOMETRIC_REPRESENTATION_CONTEXT(2) 
PARAMETRIC_REPRESENTATION_CONTEXT() REPRESENTATION_CONTEXT('2D SPACE',''
  ) );
#164 = ORIENTED_EDGE('',*,*,#165,.T.);
#165 = EDGE_CURVE('',#138,#138,#166,.T.);
#166 = SURFACE_CURVE('',#167,(#172,#179),.PCURVE_S1.);
#167 = CIRCLE('',#168,1.45);
#168 = AXIS2_PLACEMENT_3D('',#169,#170,#171);
#169 = CARTESIAN_POINT('',(22.082692799515,31.537353705126,-42.));
#170 = DIRECTION('',(0.,0.,1.));
#171 = DIRECTION('',(-1.,4.067564042546E-33,0.));
#172 = PCURVE('',#146,#173);
#173 = DEFINITIONAL_REPRESENTATION('',(#174),#178);
#174 = LINE('',#175,#176);
#175 = CARTESIAN_POINT('',(12.566370614359,13.));
#176 = VECTOR('',#177,1.);
#177 = DIRECTION('',(-1.,0.));
#178 = ( GEOMETRIC_REPRESENTATION_CONTEXT(2) 
PARAMETRIC_REPRESENTATION_CONTEXT() REPRESENTATION_CONTEXT('2D SPACE',''
  ) );
#179 = PCURVE('',#88,#180);
#180 = DEFINITIONAL_REPRESENTATION('',(#181),#189);
#181 = ( BOUNDED_CURVE() B_SPLINE_CURVE(2,(#182,#183,#184,#185,#186,#187
,#188),.UNSPECIFIED.,.T.,.F.) B_SPLINE_CURVE_WITH_KNOTS((1,2,2,2,2,1),(
    -2.094395102393,0.,2.094395102393,4.188790204786,6.28318530718,
8.377580409573),.UNSPECIFIED.) CURVE() GEOMETRIC_REPRESENTATION_ITEM() 
RATIONAL_B_SPLINE_CURVE((1.,0.5,1.,0.5,1.,0.5,1.)) REPRESENTATION_ITEM(
  '') );
#182 = CARTESIAN_POINT('',(20.632692799515,-31.57522167077));
#183 = CARTESIAN_POINT('',(20.632692799515,-29.06374799979));
#184 = CARTESIAN_POINT('',(22.807692799515,-30.31948483528));
#185 = CARTESIAN_POINT('',(24.982692799515,-31.57522167077));
#186 = CARTESIAN_POINT('',(22.807692799515,-32.83095850625));
#187 = CARTESIAN_POINT('',(20.632692799515,-34.08669534174));
#188 = CARTESIAN_POINT('',(20.632692799515,-31.57522167077));
#189 = ( GEOMETRIC_REPRESENTATION_CONTEXT(2) 
PARAMETRIC_REPRESENTATION_CONTEXT() REPRESENTATION_CONTEXT('2D SPACE',''
  ) );
#190 = ORIENTED_EDGE('',*,*,#135,.F.);
#191 = ORIENTED_EDGE('',*,*,#192,.T.);
#192 = EDGE_CURVE('',#136,#136,#193,.T.);
#193 = SURFACE_CURVE('',#194,(#199,#206),.PCURVE_S1.);
#194 = CIRCLE('',#195,1.45);
#195 = AXIS2_PLACEMENT_3D('',#196,#197,#198);
#196 = CARTESIAN_POINT('',(22.082692799515,31.537353705126,-32.));
#197 = DIRECTION('',(0.,0.,-1.));
#198 = DIRECTION('',(-1.,4.067564042546E-33,0.));
#199 = PCURVE('',#146,#200);
#200 = DEFINITIONAL_REPRESENTATION('',(#201),#205);
#201 = LINE('',#202,#203);
#202 = CARTESIAN_POINT('',(0.,3.));
#203 = VECTOR('',#204,1.);
#204 = DIRECTION('',(1.,0.));
#205 = ( GEOMETRIC_REPRESENTATION_CONTEXT(2) 
PARAMETRIC_REPRESENTATION_CONTEXT() REPRESENTATION_CONTEXT('2D SPACE',''
  ) );
#206 = PCURVE('',#120,#207);
#207 = DEFINITIONAL_REPRESENTATION('',(#208),#212);
#208 = CIRCLE('',#209,1.45);
#209 = AXIS2_PLACEMENT_2D('',#210,#211);
#210 = CARTESIAN_POINT('',(22.082692799515,-31.57522167077));
#211 = DIRECTION('',(-1.,-4.067564042546E-33));
#212 = ( GEOMETRIC_REPRESENTATION_CONTEXT(2) 
PARAMETRIC_REPRESENTATION_CONTEXT() REPRESENTATION_CONTEXT('2D SPACE',''
  ) );
#213 = ADVANCED_FACE('',(#214),#228,.F.);
#214 = FACE_BOUND('',#215,.F.);
#215 = EDGE_LOOP('',(#216,#246,#272,#273));
#216 = ORIENTED_EDGE('',*,*,#217,.T.);
#217 = EDGE_CURVE('',#218,#220,#222,.T.);
#218 = VERTEX_POINT('',#219);
#219 = CARTESIAN_POINT('',(23.532692799515,-31.53735370512,-32.));
#220 = VERTEX_POINT('',#221);
#221 = CARTESIAN_POINT('',(23.532692799515,-31.53735370512,-42.));
#222 = SEAM_CURVE('',#223,(#227,#239),.PCURVE_S1.);
#223 = LINE('',#224,#225);
#224 = CARTESIAN_POINT('',(23.532692799515,-31.53735370512,-29.));
#225 = VECTOR('',#226,1.);
#226 = DIRECTION('',(3.330669073875E-17,1.221245327088E-16,-1.));
#227 = PCURVE('',#228,#233);
#228 = CYLINDRICAL_SURFACE('',#229,1.45);
#229 = AXIS2_PLACEMENT_3D('',#230,#231,#232);
#230 = CARTESIAN_POINT('',(22.082692799515,-31.53735370512,-29.));
#231 = DIRECTION('',(3.330669073875E-17,1.221245327088E-16,-1.));
#232 = DIRECTION('',(-1.,4.067564042546E-33,-3.330669073875E-17));
#233 = DEFINITIONAL_REPRESENTATION('',(#234),#238);
#234 = LINE('',#235,#236);
#235 = CARTESIAN_POINT('',(9.424777960769,0.));
#236 = VECTOR('',#237,1.);
#237 = DIRECTION('',(0.,1.));
#238 = ( GEOMETRIC_REPRESENTATION_CONTEXT(2) 
PARAMETRIC_REPRESENTATION_CONTEXT() REPRESENTATION_CONTEXT('2D SPACE',''
  ) );
#239 = PCURVE('',#228,#240);
#240 = DEFINITIONAL_REPRESENTATION('',(#241),#245);
#241 = LINE('',#242,#243);
#242 = CARTESIAN_POINT('',(3.14159265359,0.));
#243 = VECTOR('',#244,1.);
#244 = DIRECTION('',(0.,1.));
#245 = ( GEOMETRIC_REPRESENTATION_CONTEXT(2) 
PARAMETRIC_REPRESENTATION_CONTEXT() REPRESENTATION_CONTEXT('2D SPACE',''
  ) );
#246 = ORIENTED_EDGE('',*,*,#247,.T.);
#247 = EDGE_CURVE('',#220,#220,#248,.T.);
#248 = SURFACE_CURVE('',#249,(#254,#261),.PCURVE_S1.);
#249 = CIRCLE('',#250,1.45);
#250 = AXIS2_PLACEMENT_3D('',#251,#252,#253);
#251 = CARTESIAN_POINT('',(22.082692799515,-31.53735370512,-42.));
#252 = DIRECTION('',(0.,0.,1.));
#253 = DIRECTION('',(-1.,4.067564042546E-33,0.));
#254 = PCURVE('',#228,#255);
#255 = DEFINITIONAL_REPRESENTATION('',(#256),#260);
#256 = LINE('',#257,#258);
#257 = CARTESIAN_POINT('',(12.566370614359,13.));
#258 = VECTOR('',#259,1.);
#259 = DIRECTION('',(-1.,0.));
#260 = ( GEOMETRIC_REPRESENTATION_CONTEXT(2) 
PARAMETRIC_REPRESENTATION_CONTEXT() REPRESENTATION_CONTEXT('2D SPACE',''
  ) );
#261 = PCURVE('',#88,#262);
#262 = DEFINITIONAL_REPRESENTATION('',(#263),#271);
#263 = ( BOUNDED_CURVE() B_SPLINE_CURVE(2,(#264,#265,#266,#267,#268,#269
,#270),.UNSPECIFIED.,.T.,.F.) B_SPLINE_CURVE_WITH_KNOTS((1,2,2,2,2,1),(
    -2.094395102393,0.,2.094395102393,4.188790204786,6.28318530718,
8.377580409573),.UNSPECIFIED.) CURVE() GEOMETRIC_REPRESENTATION_ITEM() 
RATIONAL_B_SPLINE_CURVE((1.,0.5,1.,0.5,1.,0.5,1.)) REPRESENTATION_ITEM(
  '') );
#264 = CARTESIAN_POINT('',(20.632692799515,31.499485739482));
#265 = CARTESIAN_POINT('',(20.632692799515,34.010959410457));
#266 = CARTESIAN_POINT('',(22.807692799515,32.75522257497));
#267 = CARTESIAN_POINT('',(24.982692799515,31.499485739482));
#268 = CARTESIAN_POINT('',(22.807692799515,30.243748903995));
#269 = CARTESIAN_POINT('',(20.632692799515,28.988012068507));
#270 = CARTESIAN_POINT('',(20.632692799515,31.499485739482));
#271 = ( GEOMETRIC_REPRESENTATION_CONTEXT(2) 
PARAMETRIC_REPRESENTATION_CONTEXT() REPRESENTATION_CONTEXT('2D SPACE',''
  ) );
#272 = ORIENTED_EDGE('',*,*,#217,.F.);
#273 = ORIENTED_EDGE('',*,*,#274,.T.);
#274 = EDGE_CURVE('',#218,#218,#275,.T.);
#275 = SURFACE_CURVE('',#276,(#281,#288),.PCURVE_S1.);
#276 = CIRCLE('',#277,1.45);
#277 = AXIS2_PLACEMENT_3D('',#278,#279,#280);
#278 = CARTESIAN_POINT('',(22.082692799515,-31.53735370512,-32.));
#279 = DIRECTION('',(0.,0.,-1.));
#280 = DIRECTION('',(-1.,4.067564042546E-33,0.));
#281 = PCURVE('',#228,#282);
#282 = DEFINITIONAL_REPRESENTATION('',(#283),#287);
#283 = LINE('',#284,#285);
#284 = CARTESIAN_POINT('',(0.,3.));
#285 = VECTOR('',#286,1.);
#286 = DIRECTION('',(1.,0.));
#287 = ( GEOMETRIC_REPRESENTATION_CONTEXT(2) 
PARAMETRIC_REPRESENTATION_CONTEXT() REPRESENTATION_CONTEXT('2D SPACE',''
  ) );
#288 = PCURVE('',#120,#289);
#289 = DEFINITIONAL_REPRESENTATION('',(#290),#294);
#290 = CIRCLE('',#291,1.45);
#291 = AXIS2_PLACEMENT_2D('',#292,#293);
#292 = CARTESIAN_POINT('',(22.082692799515,31.499485739482));
#293 = DIRECTION('',(-1.,-4.067564042546E-33));
#294 = ( GEOMETRIC_REPRESENTATION_CONTEXT(2) 
PARAMETRIC_REPRESENTATION_CONTEXT() REPRESENTATION_CONTEXT('2D SPACE',''
  ) );
#295 = ADVANCED_FACE('',(#296),#310,.F.);
#296 = FACE_BOUND('',#297,.F.);
#297 = EDGE_LOOP('',(#298,#328,#354,#355));
#298 = ORIENTED_EDGE('',*,*,#299,.T.);
#299 = EDGE_CURVE('',#300,#302,#304,.T.);
#300 = VERTEX_POINT('',#301);
#301 = CARTESIAN_POINT('',(-20.63269279951,31.537353705126,-32.));
#302 = VERTEX_POINT('',#303);
#303 = CARTESIAN_POINT('',(-20.63269279951,31.537353705126,-42.));
#304 = SEAM_CURVE('',#305,(#309,#321),.PCURVE_S1.);
#305 = LINE('',#306,#307);
#306 = CARTESIAN_POINT('',(-20.63269279951,31.537353705126,-29.));
#307 = VECTOR('',#308,1.);
#308 = DIRECTION('',(3.330669073875E-17,1.221245327088E-16,-1.));
#309 = PCURVE('',#310,#315);
#310 = CYLINDRICAL_SURFACE('',#311,1.45);
#311 = AXIS2_PLACEMENT_3D('',#312,#313,#314);
#312 = CARTESIAN_POINT('',(-22.08269279951,31.537353705126,-29.));
#313 = DIRECTION('',(3.330669073875E-17,1.221245327088E-16,-1.));
#314 = DIRECTION('',(-1.,4.067564042546E-33,-3.330669073875E-17));
#315 = DEFINITIONAL_REPRESENTATION('',(#316),#320);
#316 = LINE('',#317,#318);
#317 = CARTESIAN_POINT('',(9.424777960769,-3.552713678801E-15));
#318 = VECTOR('',#319,1.);
#319 = DIRECTION('',(0.,1.));
#320 = ( GEOMETRIC_REPRESENTATION_CONTEXT(2) 
PARAMETRIC_REPRESENTATION_CONTEXT() REPRESENTATION_CONTEXT('2D SPACE',''
  ) );
#321 = PCURVE('',#310,#322);
#322 = DEFINITIONAL_REPRESENTATION('',(#323),#327);
#323 = LINE('',#324,#325);
#324 = CARTESIAN_POINT('',(3.14159265359,-3.552713678801E-15));
#325 = VECTOR('',#326,1.);
#326 = DIRECTION('',(0.,1.));
#327 = ( GEOMETRIC_REPRESENTATION_CONTEXT(2) 
PARAMETRIC_REPRESENTATION_CONTEXT() REPRESENTATION_CONTEXT('2D SPACE',''
  ) );
#328 = ORIENTED_EDGE('',*,*,#329,.T.);
#329 = EDGE_CURVE('',#302,#302,#330,.T.);
#330 = SURFACE_CURVE('',#331,(#336,#343),.PCURVE_S1.);
#331 = CIRCLE('',#332,1.45);
#332 = AXIS2_PLACEMENT_3D('',#333,#334,#335);
#333 = CARTESIAN_POINT('',(-22.08269279951,31.537353705126,-42.));
#334 = DIRECTION('',(0.,0.,1.));
#335 = DIRECTION('',(-1.,4.067564042546E-33,0.));
#336 = PCURVE('',#310,#337);
#337 = DEFINITIONAL_REPRESENTATION('',(#338),#342);
#338 = LINE('',#339,#340);
#339 = CARTESIAN_POINT('',(12.566370614359,13.));
#340 = VECTOR('',#341,1.);
#341 = DIRECTION('',(-1.,0.));
#342 = ( GEOMETRIC_REPRESENTATION_CONTEXT(2) 
PARAMETRIC_REPRESENTATION_CONTEXT() REPRESENTATION_CONTEXT('2D SPACE',''
  ) );
#343 = PCURVE('',#88,#344);
#344 = DEFINITIONAL_REPRESENTATION('',(#345),#353);
#345 = ( BOUNDED_CURVE() B_SPLINE_CURVE(2,(#346,#347,#348,#349,#350,#351
,#352),.UNSPECIFIED.,.T.,.F.) B_SPLINE_CURVE_WITH_KNOTS((1,2,2,2,2,1),(
    -2.094395102393,0.,2.094395102393,4.188790204786,6.28318530718,
8.377580409573),.UNSPECIFIED.) CURVE() GEOMETRIC_REPRESENTATION_ITEM() 
RATIONAL_B_SPLINE_CURVE((1.,0.5,1.,0.5,1.,0.5,1.)) REPRESENTATION_ITEM(
  '') );
#346 = CARTESIAN_POINT('',(-23.53269279951,-31.57522167077));
#347 = CARTESIAN_POINT('',(-23.53269279951,-29.06374799979));
#348 = CARTESIAN_POINT('',(-21.35769279951,-30.31948483528));
#349 = CARTESIAN_POINT('',(-19.18269279951,-31.57522167077));
#350 = CARTESIAN_POINT('',(-21.35769279951,-32.83095850625));
#351 = CARTESIAN_POINT('',(-23.53269279951,-34.08669534174));
#352 = CARTESIAN_POINT('',(-23.53269279951,-31.57522167077));
#353 = ( GEOMETRIC_REPRESENTATION_CONTEXT(2) 
PARAMETRIC_REPRESENTATION_CONTEXT() REPRESENTATION_CONTEXT('2D SPACE',''
  ) );
#354 = ORIENTED_EDGE('',*,*,#299,.F.);
#355 = ORIENTED_EDGE('',*,*,#356,.T.);
#356 = EDGE_CURVE('',#300,#300,#357,.T.);
#357 = SURFACE_CURVE('',#358,(#363,#370),.PCURVE_S1.);
#358 = CIRCLE('',#359,1.45);
#359 = AXIS2_PLACEMENT_3D('',#360,#361,#362);
#360 = CARTESIAN_POINT('',(-22.08269279951,31.537353705126,-32.));
#361 = DIRECTION('',(0.,0.,-1.));
#362 = DIRECTION('',(-1.,4.067564042546E-33,0.));
#363 = PCURVE('',#310,#364);
#364 = DEFINITIONAL_REPRESENTATION('',(#365),#369);
#365 = LINE('',#366,#367);
#366 = CARTESIAN_POINT('',(0.,3.));
#367 = VECTOR('',#368,1.);
#368 = DIRECTION('',(1.,0.));
#369 = ( GEOMETRIC_REPRESENTATION_CONTEXT(2) 
PARAMETRIC_REPRESENTATION_CONTEXT() REPRESENTATION_CONTEXT('2D SPACE',''
  ) );
#370 = PCURVE('',#120,#371);
#371 = DEFINITIONAL_REPRESENTATION('',(#372),#376);
#372 = CIRCLE('',#373,1.45);
#373 = AXIS2_PLACEMENT_2D('',#374,#375);
#374 = CARTESIAN_POINT('',(-22.08269279951,-31.57522167077));
#375 = DIRECTION('',(-1.,-4.067564042546E-33));
#376 = ( GEOMETRIC_REPRESENTATION_CONTEXT(2) 
PARAMETRIC_REPRESENTATION_CONTEXT() REPRESENTATION_CONTEXT('2D SPACE',''
  ) );
#377 = ADVANCED_FACE('',(#378),#392,.F.);
#378 = FACE_BOUND('',#379,.F.);
#379 = EDGE_LOOP('',(#380,#410,#436,#437));
#380 = ORIENTED_EDGE('',*,*,#381,.T.);
#381 = EDGE_CURVE('',#382,#384,#386,.T.);
#382 = VERTEX_POINT('',#383);
#383 = CARTESIAN_POINT('',(-32.5,-3.786796564405E-02,-42.));
#384 = VERTEX_POINT('',#385);
#385 = CARTESIAN_POINT('',(-32.5,-3.786796564405E-02,-32.));
#386 = SEAM_CURVE('',#387,(#391,#403),.PCURVE_S1.);
#387 = LINE('',#388,#389);
#388 = CARTESIAN_POINT('',(-32.5,-3.786796564405E-02,-32.));
#389 = VECTOR('',#390,1.);
#390 = DIRECTION('',(0.,0.,1.));
#391 = PCURVE('',#392,#397);
#392 = CYLINDRICAL_SURFACE('',#393,32.5);
#393 = AXIS2_PLACEMENT_3D('',#394,#395,#396);
#394 = CARTESIAN_POINT('',(-1.013074930046E-14,-3.786796564405E-02,-32.)
  );
#395 = DIRECTION('',(0.,0.,-1.));
#396 = DIRECTION('',(1.,0.,0.));
#397 = DEFINITIONAL_REPRESENTATION('',(#398),#402);
#398 = LINE('',#399,#400);
#399 = CARTESIAN_POINT('',(-3.14159265359,0.));
#400 = VECTOR('',#401,1.);
#401 = DIRECTION('',(0.,-1.));
#402 = ( GEOMETRIC_REPRESENTATION_CONTEXT(2) 
PARAMETRIC_REPRESENTATION_CONTEXT() REPRESENTATION_CONTEXT('2D SPACE',''
  ) );
#403 = PCURVE('',#392,#404);
#404 = DEFINITIONAL_REPRESENTATION('',(#405),#409);
#405 = LINE('',#406,#407);
#406 = CARTESIAN_POINT('',(3.14159265359,0.));
#407 = VECTOR('',#408,1.);
#408 = DIRECTION('',(0.,-1.));
#409 = ( GEOMETRIC_REPRESENTATION_CONTEXT(2) 
PARAMETRIC_REPRESENTATION_CONTEXT() REPRESENTATION_CONTEXT('2D SPACE',''
  ) );
#410 = ORIENTED_EDGE('',*,*,#411,.F.);
#411 = EDGE_CURVE('',#384,#384,#412,.T.);
#412 = SURFACE_CURVE('',#413,(#418,#425),.PCURVE_S1.);
#413 = CIRCLE('',#414,32.5);
#414 = AXIS2_PLACEMENT_3D('',#415,#416,#417);
#415 = CARTESIAN_POINT('',(-1.013074930046E-14,-3.786796564405E-02,-32.)
  );
#416 = DIRECTION('',(0.,0.,1.));
#417 = DIRECTION('',(1.,0.,-0.));
#418 = PCURVE('',#392,#419);
#419 = DEFINITIONAL_REPRESENTATION('',(#420),#424);
#420 = LINE('',#421,#422);
#421 = CARTESIAN_POINT('',(6.28318530718,0.));
#422 = VECTOR('',#423,1.);
#423 = DIRECTION('',(-1.,0.));
#424 = ( GEOMETRIC_REPRESENTATION_CONTEXT(2) 
PARAMETRIC_REPRESENTATION_CONTEXT() REPRESENTATION_CONTEXT('2D SPACE',''
  ) );
#425 = PCURVE('',#120,#426);
#426 = DEFINITIONAL_REPRESENTATION('',(#427),#435);
#427 = ( BOUNDED_CURVE() B_SPLINE_CURVE(2,(#428,#429,#430,#431,#432,#433
,#434),.UNSPECIFIED.,.T.,.F.) B_SPLINE_CURVE_WITH_KNOTS((1,2,2,2,2,1),(
    -2.094395102393,0.,2.094395102393,4.188790204786,6.28318530718,
8.377580409573),.UNSPECIFIED.) CURVE() GEOMETRIC_REPRESENTATION_ITEM() 
RATIONAL_B_SPLINE_CURVE((1.,0.5,1.,0.5,1.,0.5,1.)) REPRESENTATION_ITEM(
  '') );
#428 = CARTESIAN_POINT('',(32.5,-3.955169525227E-16));
#429 = CARTESIAN_POINT('',(32.5,-56.29165124598));
#430 = CARTESIAN_POINT('',(-16.25,-28.14582562299));
#431 = CARTESIAN_POINT('',(-65.,-8.355721146981E-15));
#432 = CARTESIAN_POINT('',(-16.25,28.145825622994));
#433 = CARTESIAN_POINT('',(32.5,56.291651245989));
#434 = CARTESIAN_POINT('',(32.5,-3.955169525227E-16));
#435 = ( GEOMETRIC_REPRESENTATION_CONTEXT(2) 
PARAMETRIC_REPRESENTATION_CONTEXT() REPRESENTATION_CONTEXT('2D SPACE',''
  ) );
#436 = ORIENTED_EDGE('',*,*,#381,.F.);
#437 = ORIENTED_EDGE('',*,*,#438,.T.);
#438 = EDGE_CURVE('',#382,#382,#439,.T.);
#439 = SURFACE_CURVE('',#440,(#445,#452),.PCURVE_S1.);
#440 = CIRCLE('',#441,32.5);
#441 = AXIS2_PLACEMENT_3D('',#442,#443,#444);
#442 = CARTESIAN_POINT('',(-1.013074930046E-14,-3.786796564405E-02,-42.)
  );
#443 = DIRECTION('',(0.,0.,1.));
#444 = DIRECTION('',(1.,0.,-0.));
#445 = PCURVE('',#392,#446);
#446 = DEFINITIONAL_REPRESENTATION('',(#447),#451);
#447 = LINE('',#448,#449);
#448 = CARTESIAN_POINT('',(6.28318530718,10.));
#449 = VECTOR('',#450,1.);
#450 = DIRECTION('',(-1.,0.));
#451 = ( GEOMETRIC_REPRESENTATION_CONTEXT(2) 
PARAMETRIC_REPRESENTATION_CONTEXT() REPRESENTATION_CONTEXT('2D SPACE',''
  ) );
#452 = PCURVE('',#88,#453);
#453 = DEFINITIONAL_REPRESENTATION('',(#454),#462);
#454 = ( BOUNDED_CURVE() B_SPLINE_CURVE(2,(#455,#456,#457,#458,#459,#460
,#461),.UNSPECIFIED.,.T.,.F.) B_SPLINE_CURVE_WITH_KNOTS((1,2,2,2,2,1),(
    -2.094395102393,0.,2.094395102393,4.188790204786,6.28318530718,
8.377580409573),.UNSPECIFIED.) CURVE() GEOMETRIC_REPRESENTATION_ITEM() 
RATIONAL_B_SPLINE_CURVE((1.,0.5,1.,0.5,1.,0.5,1.)) REPRESENTATION_ITEM(
  '') );
#455 = CARTESIAN_POINT('',(32.5,-3.955169525227E-16));
#456 = CARTESIAN_POINT('',(32.5,-56.29165124598));
#457 = CARTESIAN_POINT('',(-16.25,-28.14582562299));
#458 = CARTESIAN_POINT('',(-65.,-8.355721146981E-15));
#459 = CARTESIAN_POINT('',(-16.25,28.145825622994));
#460 = CARTESIAN_POINT('',(32.5,56.291651245989));
#461 = CARTESIAN_POINT('',(32.5,-3.955169525227E-16));
#462 = ( GEOMETRIC_REPRESENTATION_CONTEXT(2) 
PARAMETRIC_REPRESENTATION_CONTEXT() REPRESENTATION_CONTEXT('2D SPACE',''
  ) );
#463 = ADVANCED_FACE('',(#464),#478,.T.);
#464 = FACE_BOUND('',#465,.T.);
#465 = EDGE_LOOP('',(#466,#496,#524,#547));
#466 = ORIENTED_EDGE('',*,*,#467,.T.);
#467 = EDGE_CURVE('',#468,#470,#472,.T.);
#468 = VERTEX_POINT('',#469);
#469 = CARTESIAN_POINT('',(-37.5,37.462132034356,-32.));
#470 = VERTEX_POINT('',#471);
#471 = CARTESIAN_POINT('',(37.5,37.462132034356,-32.));
#472 = SURFACE_CURVE('',#473,(#477,#489),.PCURVE_S1.);
#473 = LINE('',#474,#475);
#474 = CARTESIAN_POINT('',(-37.5,37.462132034356,-32.));
#475 = VECTOR('',#476,1.);
#476 = DIRECTION('',(1.,0.,0.));
#477 = PCURVE('',#478,#483);
#478 = PLANE('',#479);
#479 = AXIS2_PLACEMENT_3D('',#480,#481,#482);
#480 = CARTESIAN_POINT('',(-37.5,37.462132034356,-32.));
#481 = DIRECTION('',(0.,1.,0.));
#482 = DIRECTION('',(1.,0.,0.));
#483 = DEFINITIONAL_REPRESENTATION('',(#484),#488);
#484 = LINE('',#485,#486);
#485 = CARTESIAN_POINT('',(0.,0.));
#486 = VECTOR('',#487,1.);
#487 = DIRECTION('',(1.,0.));
#488 = ( GEOMETRIC_REPRESENTATION_CONTEXT(2) 
PARAMETRIC_REPRESENTATION_CONTEXT() REPRESENTATION_CONTEXT('2D SPACE',''
  ) );
#489 = PCURVE('',#120,#490);
#490 = DEFINITIONAL_REPRESENTATION('',(#491),#495);
#491 = LINE('',#492,#493);
#492 = CARTESIAN_POINT('',(-37.5,-37.5));
#493 = VECTOR('',#494,1.);
#494 = DIRECTION('',(1.,0.));
#495 = ( GEOMETRIC_REPRESENTATION_CONTEXT(2) 
PARAMETRIC_REPRESENTATION_CONTEXT() REPRESENTATION_CONTEXT('2D SPACE',''
  ) );
#496 = ORIENTED_EDGE('',*,*,#497,.T.);
#497 = EDGE_CURVE('',#470,#498,#500,.T.);
#498 = VERTEX_POINT('',#499);
#499 = CARTESIAN_POINT('',(37.5,37.462132034356,-42.));
#500 = SURFACE_CURVE('',#501,(#505,#512),.PCURVE_S1.);
#501 = LINE('',#502,#503);
#502 = CARTESIAN_POINT('',(37.5,37.462132034356,-32.));
#503 = VECTOR('',#504,1.);
#504 = DIRECTION('',(0.,0.,-1.));
#505 = PCURVE('',#478,#506);
#506 = DEFINITIONAL_REPRESENTATION('',(#507),#511);
#507 = LINE('',#508,#509);
#508 = CARTESIAN_POINT('',(75.,0.));
#509 = VECTOR('',#510,1.);
#510 = DIRECTION('',(0.,1.));
#511 = ( GEOMETRIC_REPRESENTATION_CONTEXT(2) 
PARAMETRIC_REPRESENTATION_CONTEXT() REPRESENTATION_CONTEXT('2D SPACE',''
  ) );
#512 = PCURVE('',#513,#518);
#513 = PLANE('',#514);
#514 = AXIS2_PLACEMENT_3D('',#515,#516,#517);
#515 = CARTESIAN_POINT('',(37.5,37.462132034356,-32.));
#516 = DIRECTION('',(1.,0.,0.));
#517 = DIRECTION('',(0.,-1.,0.));
#518 = DEFINITIONAL_REPRESENTATION('',(#519),#523);
#519 = LINE('',#520,#521);
#520 = CARTESIAN_POINT('',(0.,0.));
#521 = VECTOR('',#522,1.);
#522 = DIRECTION('',(0.,1.));
#523 = ( GEOMETRIC_REPRESENTATION_CONTEXT(2) 
PARAMETRIC_REPRESENTATION_CONTEXT() REPRESENTATION_CONTEXT('2D SPACE',''
  ) );
#524 = ORIENTED_EDGE('',*,*,#525,.F.);
#525 = EDGE_CURVE('',#526,#498,#528,.T.);
#526 = VERTEX_POINT('',#527);
#527 = CARTESIAN_POINT('',(-37.5,37.462132034356,-42.));
#528 = SURFACE_CURVE('',#529,(#533,#540),.PCURVE_S1.);
#529 = LINE('',#530,#531);
#530 = CARTESIAN_POINT('',(-37.5,37.462132034356,-42.));
#531 = VECTOR('',#532,1.);
#532 = DIRECTION('',(1.,0.,0.));
#533 = PCURVE('',#478,#534);
#534 = DEFINITIONAL_REPRESENTATION('',(#535),#539);
#535 = LINE('',#536,#537);
#536 = CARTESIAN_POINT('',(0.,10.));
#537 = VECTOR('',#538,1.);
#538 = DIRECTION('',(1.,0.));
#539 = ( GEOMETRIC_REPRESENTATION_CONTEXT(2) 
PARAMETRIC_REPRESENTATION_CONTEXT() REPRESENTATION_CONTEXT('2D SPACE',''
  ) );
#540 = PCURVE('',#88,#541);
#541 = DEFINITIONAL_REPRESENTATION('',(#542),#546);
#542 = LINE('',#543,#544);
#543 = CARTESIAN_POINT('',(-37.5,-37.5));
#544 = VECTOR('',#545,1.);
#545 = DIRECTION('',(1.,0.));
#546 = ( GEOMETRIC_REPRESENTATION_CONTEXT(2) 
PARAMETRIC_REPRESENTATION_CONTEXT() REPRESENTATION_CONTEXT('2D SPACE',''
  ) );
#547 = ORIENTED_EDGE('',*,*,#548,.F.);
#548 = EDGE_CURVE('',#468,#526,#549,.T.);
#549 = SURFACE_CURVE('',#550,(#554,#561),.PCURVE_S1.);
#550 = LINE('',#551,#552);
#551 = CARTESIAN_POINT('',(-37.5,37.462132034356,-32.));
#552 = VECTOR('',#553,1.);
#553 = DIRECTION('',(0.,0.,-1.));
#554 = PCURVE('',#478,#555);
#555 = DEFINITIONAL_REPRESENTATION('',(#556),#560);
#556 = LINE('',#557,#558);
#557 = CARTESIAN_POINT('',(0.,0.));
#558 = VECTOR('',#559,1.);
#559 = DIRECTION('',(0.,1.));
#560 = ( GEOMETRIC_REPRESENTATION_CONTEXT(2) 
PARAMETRIC_REPRESENTATION_CONTEXT() REPRESENTATION_CONTEXT('2D SPACE',''
  ) );
#561 = PCURVE('',#562,#567);
#562 = PLANE('',#563);
#563 = AXIS2_PLACEMENT_3D('',#564,#565,#566);
#564 = CARTESIAN_POINT('',(-37.5,-37.53786796564,-32.));
#565 = DIRECTION('',(-1.,0.,0.));
#566 = DIRECTION('',(0.,1.,0.));
#567 = DEFINITIONAL_REPRESENTATION('',(#568),#572);
#568 = LINE('',#569,#570);
#569 = CARTESIAN_POINT('',(75.,0.));
#570 = VECTOR('',#571,1.);
#571 = DIRECTION('',(0.,1.));
#572 = ( GEOMETRIC_REPRESENTATION_CONTEXT(2) 
PARAMETRIC_REPRESENTATION_CONTEXT() REPRESENTATION_CONTEXT('2D SPACE',''
  ) );
#573 = ADVANCED_FACE('',(#574),#562,.T.);
#574 = FACE_BOUND('',#575,.T.);
#575 = EDGE_LOOP('',(#576,#599,#600,#623));
#576 = ORIENTED_EDGE('',*,*,#577,.T.);
#577 = EDGE_CURVE('',#578,#468,#580,.T.);
#578 = VERTEX_POINT('',#579);
#579 = CARTESIAN_POINT('',(-37.5,-37.53786796564,-32.));
#580 = SURFACE_CURVE('',#581,(#585,#592),.PCURVE_S1.);
#581 = LINE('',#582,#583);
#582 = CARTESIAN_POINT('',(-37.5,-37.53786796564,-32.));
#583 = VECTOR('',#584,1.);
#584 = DIRECTION('',(0.,1.,0.));
#585 = PCURVE('',#562,#586);
#586 = DEFINITIONAL_REPRESENTATION('',(#587),#591);
#587 = LINE('',#588,#589);
#588 = CARTESIAN_POINT('',(0.,0.));
#589 = VECTOR('',#590,1.);
#590 = DIRECTION('',(1.,0.));
#591 = ( GEOMETRIC_REPRESENTATION_CONTEXT(2) 
PARAMETRIC_REPRESENTATION_CONTEXT() REPRESENTATION_CONTEXT('2D SPACE',''
  ) );
#592 = PCURVE('',#120,#593);
#593 = DEFINITIONAL_REPRESENTATION('',(#594),#598);
#594 = LINE('',#595,#596);
#595 = CARTESIAN_POINT('',(-37.5,37.5));
#596 = VECTOR('',#597,1.);
#597 = DIRECTION('',(0.,-1.));
#598 = ( GEOMETRIC_REPRESENTATION_CONTEXT(2) 
PARAMETRIC_REPRESENTATION_CONTEXT() REPRESENTATION_CONTEXT('2D SPACE',''
  ) );
#599 = ORIENTED_EDGE('',*,*,#548,.T.);
#600 = ORIENTED_EDGE('',*,*,#601,.F.);
#601 = EDGE_CURVE('',#602,#526,#604,.T.);
#602 = VERTEX_POINT('',#603);
#603 = CARTESIAN_POINT('',(-37.5,-37.53786796564,-42.));
#604 = SURFACE_CURVE('',#605,(#609,#616),.PCURVE_S1.);
#605 = LINE('',#606,#607);
#606 = CARTESIAN_POINT('',(-37.5,-37.53786796564,-42.));
#607 = VECTOR('',#608,1.);
#608 = DIRECTION('',(0.,1.,0.));
#609 = PCURVE('',#562,#610);
#610 = DEFINITIONAL_REPRESENTATION('',(#611),#615);
#611 = LINE('',#612,#613);
#612 = CARTESIAN_POINT('',(0.,10.));
#613 = VECTOR('',#614,1.);
#614 = DIRECTION('',(1.,0.));
#615 = ( GEOMETRIC_REPRESENTATION_CONTEXT(2) 
PARAMETRIC_REPRESENTATION_CONTEXT() REPRESENTATION_CONTEXT('2D SPACE',''
  ) );
#616 = PCURVE('',#88,#617);
#617 = DEFINITIONAL_REPRESENTATION('',(#618),#622);
#618 = LINE('',#619,#620);
#619 = CARTESIAN_POINT('',(-37.5,37.5));
#620 = VECTOR('',#621,1.);
#621 = DIRECTION('',(0.,-1.));
#622 = ( GEOMETRIC_REPRESENTATION_CONTEXT(2) 
PARAMETRIC_REPRESENTATION_CONTEXT() REPRESENTATION_CONTEXT('2D SPACE',''
  ) );
#623 = ORIENTED_EDGE('',*,*,#624,.F.);
#624 = EDGE_CURVE('',#578,#602,#625,.T.);
#625 = SURFACE_CURVE('',#626,(#630,#637),.PCURVE_S1.);
#626 = LINE('',#627,#628);
#627 = CARTESIAN_POINT('',(-37.5,-37.53786796564,-32.));
#628 = VECTOR('',#629,1.);
#629 = DIRECTION('',(0.,0.,-1.));
#630 = PCURVE('',#562,#631);
#631 = DEFINITIONAL_REPRESENTATION('',(#632),#636);
#632 = LINE('',#633,#634);
#633 = CARTESIAN_POINT('',(0.,0.));
#634 = VECTOR('',#635,1.);
#635 = DIRECTION('',(0.,1.));
#636 = ( GEOMETRIC_REPRESENTATION_CONTEXT(2) 
PARAMETRIC_REPRESENTATION_CONTEXT() REPRESENTATION_CONTEXT('2D SPACE',''
  ) );
#637 = PCURVE('',#638,#643);
#638 = PLANE('',#639);
#639 = AXIS2_PLACEMENT_3D('',#640,#641,#642);
#640 = CARTESIAN_POINT('',(37.5,-37.53786796564,-32.));
#641 = DIRECTION('',(0.,-1.,0.));
#642 = DIRECTION('',(-1.,0.,0.));
#643 = DEFINITIONAL_REPRESENTATION('',(#644),#648);
#644 = LINE('',#645,#646);
#645 = CARTESIAN_POINT('',(75.,0.));
#646 = VECTOR('',#647,1.);
#647 = DIRECTION('',(0.,1.));
#648 = ( GEOMETRIC_REPRESENTATION_CONTEXT(2) 
PARAMETRIC_REPRESENTATION_CONTEXT() REPRESENTATION_CONTEXT('2D SPACE',''
  ) );
#649 = ADVANCED_FACE('',(#650),#638,.T.);
#650 = FACE_BOUND('',#651,.T.);
#651 = EDGE_LOOP('',(#652,#675,#676,#699));
#652 = ORIENTED_EDGE('',*,*,#653,.T.);
#653 = EDGE_CURVE('',#654,#578,#656,.T.);
#654 = VERTEX_POINT('',#655);
#655 = CARTESIAN_POINT('',(37.5,-37.53786796564,-32.));
#656 = SURFACE_CURVE('',#657,(#661,#668),.PCURVE_S1.);
#657 = LINE('',#658,#659);
#658 = CARTESIAN_POINT('',(37.5,-37.53786796564,-32.));
#659 = VECTOR('',#660,1.);
#660 = DIRECTION('',(-1.,0.,0.));
#661 = PCURVE('',#638,#662);
#662 = DEFINITIONAL_REPRESENTATION('',(#663),#667);
#663 = LINE('',#664,#665);
#664 = CARTESIAN_POINT('',(0.,-0.));
#665 = VECTOR('',#666,1.);
#666 = DIRECTION('',(1.,0.));
#667 = ( GEOMETRIC_REPRESENTATION_CONTEXT(2) 
PARAMETRIC_REPRESENTATION_CONTEXT() REPRESENTATION_CONTEXT('2D SPACE',''
  ) );
#668 = PCURVE('',#120,#669);
#669 = DEFINITIONAL_REPRESENTATION('',(#670),#674);
#670 = LINE('',#671,#672);
#671 = CARTESIAN_POINT('',(37.5,37.5));
#672 = VECTOR('',#673,1.);
#673 = DIRECTION('',(-1.,0.));
#674 = ( GEOMETRIC_REPRESENTATION_CONTEXT(2) 
PARAMETRIC_REPRESENTATION_CONTEXT() REPRESENTATION_CONTEXT('2D SPACE',''
  ) );
#675 = ORIENTED_EDGE('',*,*,#624,.T.);
#676 = ORIENTED_EDGE('',*,*,#677,.F.);
#677 = EDGE_CURVE('',#678,#602,#680,.T.);
#678 = VERTEX_POINT('',#679);
#679 = CARTESIAN_POINT('',(37.5,-37.53786796564,-42.));
#680 = SURFACE_CURVE('',#681,(#685,#692),.PCURVE_S1.);
#681 = LINE('',#682,#683);
#682 = CARTESIAN_POINT('',(37.5,-37.53786796564,-42.));
#683 = VECTOR('',#684,1.);
#684 = DIRECTION('',(-1.,0.,0.));
#685 = PCURVE('',#638,#686);
#686 = DEFINITIONAL_REPRESENTATION('',(#687),#691);
#687 = LINE('',#688,#689);
#688 = CARTESIAN_POINT('',(0.,10.));
#689 = VECTOR('',#690,1.);
#690 = DIRECTION('',(1.,0.));
#691 = ( GEOMETRIC_REPRESENTATION_CONTEXT(2) 
PARAMETRIC_REPRESENTATION_CONTEXT() REPRESENTATION_CONTEXT('2D SPACE',''
  ) );
#692 = PCURVE('',#88,#693);
#693 = DEFINITIONAL_REPRESENTATION('',(#694),#698);
#694 = LINE('',#695,#696);
#695 = CARTESIAN_POINT('',(37.5,37.5));
#696 = VECTOR('',#697,1.);
#697 = DIRECTION('',(-1.,0.));
#698 = ( GEOMETRIC_REPRESENTATION_CONTEXT(2) 
PARAMETRIC_REPRESENTATION_CONTEXT() REPRESENTATION_CONTEXT('2D SPACE',''
  ) );
#699 = ORIENTED_EDGE('',*,*,#700,.F.);
#700 = EDGE_CURVE('',#654,#678,#701,.T.);
#701 = SURFACE_CURVE('',#702,(#706,#713),.PCURVE_S1.);
#702 = LINE('',#703,#704);
#703 = CARTESIAN_POINT('',(37.5,-37.53786796564,-32.));
#704 = VECTOR('',#705,1.);
#705 = DIRECTION('',(0.,0.,-1.));
#706 = PCURVE('',#638,#707);
#707 = DEFINITIONAL_REPRESENTATION('',(#708),#712);
#708 = LINE('',#709,#710);
#709 = CARTESIAN_POINT('',(0.,-0.));
#710 = VECTOR('',#711,1.);
#711 = DIRECTION('',(0.,1.));
#712 = ( GEOMETRIC_REPRESENTATION_CONTEXT(2) 
PARAMETRIC_REPRESENTATION_CONTEXT() REPRESENTATION_CONTEXT('2D SPACE',''
  ) );
#713 = PCURVE('',#513,#714);
#714 = DEFINITIONAL_REPRESENTATION('',(#715),#719);
#715 = LINE('',#716,#717);
#716 = CARTESIAN_POINT('',(75.,0.));
#717 = VECTOR('',#718,1.);
#718 = DIRECTION('',(0.,1.));
#719 = ( GEOMETRIC_REPRESENTATION_CONTEXT(2) 
PARAMETRIC_REPRESENTATION_CONTEXT() REPRESENTATION_CONTEXT('2D SPACE',''
  ) );
#720 = ADVANCED_FACE('',(#721),#513,.T.);
#721 = FACE_BOUND('',#722,.T.);
#722 = EDGE_LOOP('',(#723,#744,#745,#766));
#723 = ORIENTED_EDGE('',*,*,#724,.T.);
#724 = EDGE_CURVE('',#470,#654,#725,.T.);
#725 = SURFACE_CURVE('',#726,(#730,#737),.PCURVE_S1.);
#726 = LINE('',#727,#728);
#727 = CARTESIAN_POINT('',(37.5,37.462132034356,-32.));
#728 = VECTOR('',#729,1.);
#729 = DIRECTION('',(0.,-1.,0.));
#730 = PCURVE('',#513,#731);
#731 = DEFINITIONAL_REPRESENTATION('',(#732),#736);
#732 = LINE('',#733,#734);
#733 = CARTESIAN_POINT('',(0.,0.));
#734 = VECTOR('',#735,1.);
#735 = DIRECTION('',(1.,0.));
#736 = ( GEOMETRIC_REPRESENTATION_CONTEXT(2) 
PARAMETRIC_REPRESENTATION_CONTEXT() REPRESENTATION_CONTEXT('2D SPACE',''
  ) );
#737 = PCURVE('',#120,#738);
#738 = DEFINITIONAL_REPRESENTATION('',(#739),#743);
#739 = LINE('',#740,#741);
#740 = CARTESIAN_POINT('',(37.5,-37.5));
#741 = VECTOR('',#742,1.);
#742 = DIRECTION('',(0.,1.));
#743 = ( GEOMETRIC_REPRESENTATION_CONTEXT(2) 
PARAMETRIC_REPRESENTATION_CONTEXT() REPRESENTATION_CONTEXT('2D SPACE',''
  ) );
#744 = ORIENTED_EDGE('',*,*,#700,.T.);
#745 = ORIENTED_EDGE('',*,*,#746,.F.);
#746 = EDGE_CURVE('',#498,#678,#747,.T.);
#747 = SURFACE_CURVE('',#748,(#752,#759),.PCURVE_S1.);
#748 = LINE('',#749,#750);
#749 = CARTESIAN_POINT('',(37.5,37.462132034356,-42.));
#750 = VECTOR('',#751,1.);
#751 = DIRECTION('',(0.,-1.,0.));
#752 = PCURVE('',#513,#753);
#753 = DEFINITIONAL_REPRESENTATION('',(#754),#758);
#754 = LINE('',#755,#756);
#755 = CARTESIAN_POINT('',(0.,10.));
#756 = VECTOR('',#757,1.);
#757 = DIRECTION('',(1.,0.));
#758 = ( GEOMETRIC_REPRESENTATION_CONTEXT(2) 
PARAMETRIC_REPRESENTATION_CONTEXT() REPRESENTATION_CONTEXT('2D SPACE',''
  ) );
#759 = PCURVE('',#88,#760);
#760 = DEFINITIONAL_REPRESENTATION('',(#761),#765);
#761 = LINE('',#762,#763);
#762 = CARTESIAN_POINT('',(37.5,-37.5));
#763 = VECTOR('',#764,1.);
#764 = DIRECTION('',(0.,1.));
#765 = ( GEOMETRIC_REPRESENTATION_CONTEXT(2) 
PARAMETRIC_REPRESENTATION_CONTEXT() REPRESENTATION_CONTEXT('2D SPACE',''
  ) );
#766 = ORIENTED_EDGE('',*,*,#497,.F.);
#767 = ADVANCED_FACE('',(#768,#774,#777,#780,#783,#786),#88,.T.);
#768 = FACE_BOUND('',#769,.T.);
#769 = EDGE_LOOP('',(#770,#771,#772,#773));
#770 = ORIENTED_EDGE('',*,*,#746,.T.);
#771 = ORIENTED_EDGE('',*,*,#677,.T.);
#772 = ORIENTED_EDGE('',*,*,#601,.T.);
#773 = ORIENTED_EDGE('',*,*,#525,.T.);
#774 = FACE_BOUND('',#775,.T.);
#775 = EDGE_LOOP('',(#776));
#776 = ORIENTED_EDGE('',*,*,#73,.T.);
#777 = FACE_BOUND('',#778,.T.);
#778 = EDGE_LOOP('',(#779));
#779 = ORIENTED_EDGE('',*,*,#165,.T.);
#780 = FACE_BOUND('',#781,.T.);
#781 = EDGE_LOOP('',(#782));
#782 = ORIENTED_EDGE('',*,*,#247,.T.);
#783 = FACE_BOUND('',#784,.T.);
#784 = EDGE_LOOP('',(#785));
#785 = ORIENTED_EDGE('',*,*,#329,.T.);
#786 = FACE_BOUND('',#787,.T.);
#787 = EDGE_LOOP('',(#788));
#788 = ORIENTED_EDGE('',*,*,#438,.T.);
#789 = ADVANCED_FACE('',(#790,#796,#799,#802,#805,#808),#120,.F.);
#790 = FACE_BOUND('',#791,.T.);
#791 = EDGE_LOOP('',(#792,#793,#794,#795));
#792 = ORIENTED_EDGE('',*,*,#724,.F.);
#793 = ORIENTED_EDGE('',*,*,#467,.F.);
#794 = ORIENTED_EDGE('',*,*,#577,.F.);
#795 = ORIENTED_EDGE('',*,*,#653,.F.);
#796 = FACE_BOUND('',#797,.T.);
#797 = EDGE_LOOP('',(#798));
#798 = ORIENTED_EDGE('',*,*,#105,.T.);
#799 = FACE_BOUND('',#800,.T.);
#800 = EDGE_LOOP('',(#801));
#801 = ORIENTED_EDGE('',*,*,#192,.T.);
#802 = FACE_BOUND('',#803,.T.);
#803 = EDGE_LOOP('',(#804));
#804 = ORIENTED_EDGE('',*,*,#274,.T.);
#805 = FACE_BOUND('',#806,.T.);
#806 = EDGE_LOOP('',(#807));
#807 = ORIENTED_EDGE('',*,*,#356,.T.);
#808 = FACE_BOUND('',#809,.T.);
#809 = EDGE_LOOP('',(#810));
#810 = ORIENTED_EDGE('',*,*,#411,.F.);
#811 = ( GEOMETRIC_REPRESENTATION_CONTEXT(3) 
GLOBAL_UNCERTAINTY_ASSIGNED_CONTEXT((#815)) GLOBAL_UNIT_ASSIGNED_CONTEXT
((#812,#813,#814)) REPRESENTATION_CONTEXT('Context #1',
  '3D Context with UNIT and UNCERTAINTY') );
#812 = ( LENGTH_UNIT() NAMED_UNIT(*) SI_UNIT(.MILLI.,.METRE.) );
#813 = ( NAMED_UNIT(*) PLANE_ANGLE_UNIT() SI_UNIT($,.RADIAN.) );
#814 = ( NAMED_UNIT(*) SI_UNIT($,.STERADIAN.) SOLID_ANGLE_UNIT() );
#815 = UNCERTAINTY_MEASURE_WITH_UNIT(LENGTH_MEASURE(1.E-07),#812,
  'distance_accuracy_value','confusion accuracy');
#816 = CONTEXT_DEPENDENT_SHAPE_REPRESENTATION(#817,#819);
#817 = ( REPRESENTATION_RELATIONSHIP('','',#36,#10) 
REPRESENTATION_RELATIONSHIP_WITH_TRANSFORMATION(#818) 
SHAPE_REPRESENTATION_RELATIONSHIP() );
#818 = ITEM_DEFINED_TRANSFORMATION('','',#11,#15);
#819 = PRODUCT_DEFINITION_SHAPE('Placement','Placement of an item',#820
  );
#820 = NEXT_ASSEMBLY_USAGE_OCCURRENCE('85','','',#5,#31,$);
#821 = PRODUCT_RELATED_PRODUCT_CATEGORY('part',$,(#33));
#822 = SHAPE_DEFINITION_REPRESENTATION(#823,#829);
#823 = PRODUCT_DEFINITION_SHAPE('','',#824);
#824 = PRODUCT_DEFINITION('design','',#825,#828);
#825 = PRODUCT_DEFINITION_FORMATION('','',#826);
#826 = PRODUCT('Open CASCADE STEP translator 7.9 25.2',
  'Open CASCADE STEP translator 7.9 25.2','',(#827));
#827 = PRODUCT_CONTEXT('',#2,'mechanical');
#828 = PRODUCT_DEFINITION_CONTEXT('part definition',#2,'design');
#829 = ADVANCED_BREP_SHAPE_REPRESENTATION('',(#11,#830),#2388);
#830 = MANIFOLD_SOLID_BREP('',#831);
#831 = CLOSED_SHELL('',(#832,#928,#932,#1028,#1032,#1123,#1127,#1218,
    #1222,#1313,#1317,#1408,#1412,#1503,#1507,#1598,#1602,#1694,#1776,
    #1858,#1940,#2026,#2126,#2214,#2285,#2344,#2366));
#832 = ADVANCED_FACE('',(#833),#847,.F.);
#833 = FACE_BOUND('',#834,.F.);
#834 = EDGE_LOOP('',(#835,#865,#896,#897));
#835 = ORIENTED_EDGE('',*,*,#836,.T.);
#836 = EDGE_CURVE('',#837,#839,#841,.T.);
#837 = VERTEX_POINT('',#838);
#838 = CARTESIAN_POINT('',(32.400000447035,37.462132034356,
    -66.00000096857));
#839 = VERTEX_POINT('',#840);
#840 = CARTESIAN_POINT('',(32.400000447035,27.462132034356,
    -66.00000096857));
#841 = SEAM_CURVE('',#842,(#846,#858),.PCURVE_S1.);
#842 = LINE('',#843,#844);
#843 = CARTESIAN_POINT('',(32.400000447035,37.462132034356,
    -66.00000096857));
#844 = VECTOR('',#845,1.);
#845 = DIRECTION('',(0.,-1.,0.));
#846 = PCURVE('',#847,#852);
#847 = CYLINDRICAL_SURFACE('',#848,2.4);
#848 = AXIS2_PLACEMENT_3D('',#849,#850,#851);
#849 = CARTESIAN_POINT('',(30.000000447035,37.462132034356,
    -66.00000096857));
#850 = DIRECTION('',(0.,-1.,0.));
#851 = DIRECTION('',(-1.,0.,0.));
#852 = DEFINITIONAL_REPRESENTATION('',(#853),#857);
#853 = LINE('',#854,#855);
#854 = CARTESIAN_POINT('',(9.424777960769,0.));
#855 = VECTOR('',#856,1.);
#856 = DIRECTION('',(0.,1.));
#857 = ( GEOMETRIC_REPRESENTATION_CONTEXT(2) 
PARAMETRIC_REPRESENTATION_CONTEXT() REPRESENTATION_CONTEXT('2D SPACE',''
  ) );
#858 = PCURVE('',#847,#859);
#859 = DEFINITIONAL_REPRESENTATION('',(#860),#864);
#860 = LINE('',#861,#862);
#861 = CARTESIAN_POINT('',(3.14159265359,0.));
#862 = VECTOR('',#863,1.);
#863 = DIRECTION('',(0.,1.));
#864 = ( GEOMETRIC_REPRESENTATION_CONTEXT(2) 
PARAMETRIC_REPRESENTATION_CONTEXT() REPRESENTATION_CONTEXT('2D SPACE',''
  ) );
#865 = ORIENTED_EDGE('',*,*,#866,.F.);
#866 = EDGE_CURVE('',#839,#839,#867,.T.);
#867 = SURFACE_CURVE('',#868,(#873,#880),.PCURVE_S1.);
#868 = CIRCLE('',#869,2.4);
#869 = AXIS2_PLACEMENT_3D('',#870,#871,#872);
#870 = CARTESIAN_POINT('',(30.000000447035,27.462132034356,
    -66.00000096857));
#871 = DIRECTION('',(0.,-1.,0.));
#872 = DIRECTION('',(-1.,0.,0.));
#873 = PCURVE('',#847,#874);
#874 = DEFINITIONAL_REPRESENTATION('',(#875),#879);
#875 = LINE('',#876,#877);
#876 = CARTESIAN_POINT('',(0.,10.));
#877 = VECTOR('',#878,1.);
#878 = DIRECTION('',(1.,0.));
#879 = ( GEOMETRIC_REPRESENTATION_CONTEXT(2) 
PARAMETRIC_REPRESENTATION_CONTEXT() REPRESENTATION_CONTEXT('2D SPACE',''
  ) );
#880 = PCURVE('',#881,#886);
#881 = PLANE('',#882);
#882 = AXIS2_PLACEMENT_3D('',#883,#884,#885);
#883 = CARTESIAN_POINT('',(30.000000447035,27.462132034356,
    -66.00000096857));
#884 = DIRECTION('',(0.,1.,0.));
#885 = DIRECTION('',(-1.,0.,0.));
#886 = DEFINITIONAL_REPRESENTATION('',(#887),#895);
#887 = ( BOUNDED_CURVE() B_SPLINE_CURVE(2,(#888,#889,#890,#891,#892,#893
,#894),.UNSPECIFIED.,.T.,.F.) B_SPLINE_CURVE_WITH_KNOTS((1,2,2,2,2,1),(
    -2.094395102393,0.,2.094395102393,4.188790204786,6.28318530718,
8.377580409573),.UNSPECIFIED.) CURVE() GEOMETRIC_REPRESENTATION_ITEM() 
RATIONAL_B_SPLINE_CURVE((1.,0.5,1.,0.5,1.,0.5,1.)) REPRESENTATION_ITEM(
  '') );
#888 = CARTESIAN_POINT('',(2.4,0.));
#889 = CARTESIAN_POINT('',(2.4,-4.156921938165));
#890 = CARTESIAN_POINT('',(-1.2,-2.078460969083));
#891 = CARTESIAN_POINT('',(-4.8,-5.878304635907E-16));
#892 = CARTESIAN_POINT('',(-1.2,2.078460969083));
#893 = CARTESIAN_POINT('',(2.4,4.156921938165));
#894 = CARTESIAN_POINT('',(2.4,0.));
#895 = ( GEOMETRIC_REPRESENTATION_CONTEXT(2) 
PARAMETRIC_REPRESENTATION_CONTEXT() REPRESENTATION_CONTEXT('2D SPACE',''
  ) );
#896 = ORIENTED_EDGE('',*,*,#836,.F.);
#897 = ORIENTED_EDGE('',*,*,#898,.T.);
#898 = EDGE_CURVE('',#837,#837,#899,.T.);
#899 = SURFACE_CURVE('',#900,(#905,#912),.PCURVE_S1.);
#900 = CIRCLE('',#901,2.4);
#901 = AXIS2_PLACEMENT_3D('',#902,#903,#904);
#902 = CARTESIAN_POINT('',(30.000000447035,37.462132034356,
    -66.00000096857));
#903 = DIRECTION('',(0.,-1.,0.));
#904 = DIRECTION('',(-1.,0.,0.));
#905 = PCURVE('',#847,#906);
#906 = DEFINITIONAL_REPRESENTATION('',(#907),#911);
#907 = LINE('',#908,#909);
#908 = CARTESIAN_POINT('',(0.,0.));
#909 = VECTOR('',#910,1.);
#910 = DIRECTION('',(1.,0.));
#911 = ( GEOMETRIC_REPRESENTATION_CONTEXT(2) 
PARAMETRIC_REPRESENTATION_CONTEXT() REPRESENTATION_CONTEXT('2D SPACE',''
  ) );
#912 = PCURVE('',#913,#918);
#913 = PLANE('',#914);
#914 = AXIS2_PLACEMENT_3D('',#915,#916,#917);
#915 = CARTESIAN_POINT('',(-37.5,37.462132034356,-42.));
#916 = DIRECTION('',(0.,1.,0.));
#917 = DIRECTION('',(1.,0.,0.));
#918 = DEFINITIONAL_REPRESENTATION('',(#919),#927);
#919 = ( BOUNDED_CURVE() B_SPLINE_CURVE(2,(#920,#921,#922,#923,#924,#925
,#926),.UNSPECIFIED.,.T.,.F.) B_SPLINE_CURVE_WITH_KNOTS((1,2,2,2,2,1),(
    -2.094395102393,0.,2.094395102393,4.188790204786,6.28318530718,
8.377580409573),.UNSPECIFIED.) CURVE() GEOMETRIC_REPRESENTATION_ITEM() 
RATIONAL_B_SPLINE_CURVE((1.,0.5,1.,0.5,1.,0.5,1.)) REPRESENTATION_ITEM(
  '') );
#920 = CARTESIAN_POINT('',(65.100000447035,24.000000968576));
#921 = CARTESIAN_POINT('',(65.100000447035,28.156922906741));
#922 = CARTESIAN_POINT('',(68.700000447035,26.078461937658));
#923 = CARTESIAN_POINT('',(72.300000447035,24.000000968576));
#924 = CARTESIAN_POINT('',(68.700000447035,21.921539999493));
#925 = CARTESIAN_POINT('',(65.100000447035,19.84307903041));
#926 = CARTESIAN_POINT('',(65.100000447035,24.000000968576));
#927 = ( GEOMETRIC_REPRESENTATION_CONTEXT(2) 
PARAMETRIC_REPRESENTATION_CONTEXT() REPRESENTATION_CONTEXT('2D SPACE',''
  ) );
#928 = ADVANCED_FACE('',(#929),#881,.T.);
#929 = FACE_BOUND('',#930,.T.);
#930 = EDGE_LOOP('',(#931));
#931 = ORIENTED_EDGE('',*,*,#866,.F.);
#932 = ADVANCED_FACE('',(#933),#947,.F.);
#933 = FACE_BOUND('',#934,.F.);
#934 = EDGE_LOOP('',(#935,#965,#996,#997));
#935 = ORIENTED_EDGE('',*,*,#936,.T.);
#936 = EDGE_CURVE('',#937,#939,#941,.T.);
#937 = VERTEX_POINT('',#938);
#938 = CARTESIAN_POINT('',(-32.40000044703,-37.53786796564,
    -66.00000096857));
#939 = VERTEX_POINT('',#940);
#940 = CARTESIAN_POINT('',(-32.40000044703,-27.53786796564,
    -66.00000096857));
#941 = SEAM_CURVE('',#942,(#946,#958),.PCURVE_S1.);
#942 = LINE('',#943,#944);
#943 = CARTESIAN_POINT('',(-32.40000044703,-37.53786796564,
    -66.00000096857));
#944 = VECTOR('',#945,1.);
#945 = DIRECTION('',(0.,1.,0.));
#946 = PCURVE('',#947,#952);
#947 = CYLINDRICAL_SURFACE('',#948,2.4);
#948 = AXIS2_PLACEMENT_3D('',#949,#950,#951);
#949 = CARTESIAN_POINT('',(-30.00000044703,-37.53786796564,
    -66.00000096857));
#950 = DIRECTION('',(0.,1.,0.));
#951 = DIRECTION('',(1.,0.,0.));
#952 = DEFINITIONAL_REPRESENTATION('',(#953),#957);
#953 = LINE('',#954,#955);
#954 = CARTESIAN_POINT('',(9.424777960769,0.));
#955 = VECTOR('',#956,1.);
#956 = DIRECTION('',(0.,1.));
#957 = ( GEOMETRIC_REPRESENTATION_CONTEXT(2) 
PARAMETRIC_REPRESENTATION_CONTEXT() REPRESENTATION_CONTEXT('2D SPACE',''
  ) );
#958 = PCURVE('',#947,#959);
#959 = DEFINITIONAL_REPRESENTATION('',(#960),#964);
#960 = LINE('',#961,#962);
#961 = CARTESIAN_POINT('',(3.14159265359,0.));
#962 = VECTOR('',#963,1.);
#963 = DIRECTION('',(0.,1.));
#964 = ( GEOMETRIC_REPRESENTATION_CONTEXT(2) 
PARAMETRIC_REPRESENTATION_CONTEXT() REPRESENTATION_CONTEXT('2D SPACE',''
  ) );
#965 = ORIENTED_EDGE('',*,*,#966,.F.);
#966 = EDGE_CURVE('',#939,#939,#967,.T.);
#967 = SURFACE_CURVE('',#968,(#973,#980),.PCURVE_S1.);
#968 = CIRCLE('',#969,2.4);
#969 = AXIS2_PLACEMENT_3D('',#970,#971,#972);
#970 = CARTESIAN_POINT('',(-30.00000044703,-27.53786796564,
    -66.00000096857));
#971 = DIRECTION('',(-0.,1.,0.));
#972 = DIRECTION('',(1.,0.,0.));
#973 = PCURVE('',#947,#974);
#974 = DEFINITIONAL_REPRESENTATION('',(#975),#979);
#975 = LINE('',#976,#977);
#976 = CARTESIAN_POINT('',(0.,10.));
#977 = VECTOR('',#978,1.);
#978 = DIRECTION('',(1.,0.));
#979 = ( GEOMETRIC_REPRESENTATION_CONTEXT(2) 
PARAMETRIC_REPRESENTATION_CONTEXT() REPRESENTATION_CONTEXT('2D SPACE',''
  ) );
#980 = PCURVE('',#981,#986);
#981 = PLANE('',#982);
#982 = AXIS2_PLACEMENT_3D('',#983,#984,#985);
#983 = CARTESIAN_POINT('',(-30.00000044703,-27.53786796564,
    -66.00000096857));
#984 = DIRECTION('',(0.,-1.,0.));
#985 = DIRECTION('',(1.,0.,0.));
#986 = DEFINITIONAL_REPRESENTATION('',(#987),#995);
#987 = ( BOUNDED_CURVE() B_SPLINE_CURVE(2,(#988,#989,#990,#991,#992,#993
,#994),.UNSPECIFIED.,.T.,.F.) B_SPLINE_CURVE_WITH_KNOTS((1,2,2,2,2,1),(
    -2.094395102393,0.,2.094395102393,4.188790204786,6.28318530718,
8.377580409573),.UNSPECIFIED.) CURVE() GEOMETRIC_REPRESENTATION_ITEM() 
RATIONAL_B_SPLINE_CURVE((1.,0.5,1.,0.5,1.,0.5,1.)) REPRESENTATION_ITEM(
  '') );
#988 = CARTESIAN_POINT('',(2.4,0.));
#989 = CARTESIAN_POINT('',(2.4,-4.156921938165));
#990 = CARTESIAN_POINT('',(-1.2,-2.078460969083));
#991 = CARTESIAN_POINT('',(-4.8,-5.878304635907E-16));
#992 = CARTESIAN_POINT('',(-1.2,2.078460969083));
#993 = CARTESIAN_POINT('',(2.4,4.156921938165));
#994 = CARTESIAN_POINT('',(2.4,0.));
#995 = ( GEOMETRIC_REPRESENTATION_CONTEXT(2) 
PARAMETRIC_REPRESENTATION_CONTEXT() REPRESENTATION_CONTEXT('2D SPACE',''
  ) );
#996 = ORIENTED_EDGE('',*,*,#936,.F.);
#997 = ORIENTED_EDGE('',*,*,#998,.T.);
#998 = EDGE_CURVE('',#937,#937,#999,.T.);
#999 = SURFACE_CURVE('',#1000,(#1005,#1012),.PCURVE_S1.);
#1000 = CIRCLE('',#1001,2.4);
#1001 = AXIS2_PLACEMENT_3D('',#1002,#1003,#1004);
#1002 = CARTESIAN_POINT('',(-30.00000044703,-37.53786796564,
    -66.00000096857));
#1003 = DIRECTION('',(-0.,1.,0.));
#1004 = DIRECTION('',(1.,0.,0.));
#1005 = PCURVE('',#947,#1006);
#1006 = DEFINITIONAL_REPRESENTATION('',(#1007),#1011);
#1007 = LINE('',#1008,#1009);
#1008 = CARTESIAN_POINT('',(0.,9.947598300641E-14));
#1009 = VECTOR('',#1010,1.);
#1010 = DIRECTION('',(1.,0.));
#1011 = ( GEOMETRIC_REPRESENTATION_CONTEXT(2) 
PARAMETRIC_REPRESENTATION_CONTEXT() REPRESENTATION_CONTEXT('2D SPACE',''
  ) );
#1012 = PCURVE('',#1013,#1018);
#1013 = PLANE('',#1014);
#1014 = AXIS2_PLACEMENT_3D('',#1015,#1016,#1017);
#1015 = CARTESIAN_POINT('',(37.5,-37.53786796564,-42.));
#1016 = DIRECTION('',(0.,-1.,0.));
#1017 = DIRECTION('',(-1.,0.,0.));
#1018 = DEFINITIONAL_REPRESENTATION('',(#1019),#1027);
#1019 = ( BOUNDED_CURVE() B_SPLINE_CURVE(2,(#1020,#1021,#1022,#1023,
#1024,#1025,#1026),.UNSPECIFIED.,.T.,.F.) B_SPLINE_CURVE_WITH_KNOTS((1,2
    ,2,2,2,1),(-2.094395102393,0.,2.094395102393,4.188790204786,
6.28318530718,8.377580409573),.UNSPECIFIED.) CURVE() 
GEOMETRIC_REPRESENTATION_ITEM() RATIONAL_B_SPLINE_CURVE((1.,0.5,1.,0.5,
1.,0.5,1.)) REPRESENTATION_ITEM('') );
#1020 = CARTESIAN_POINT('',(65.100000447035,24.000000968576));
#1021 = CARTESIAN_POINT('',(65.100000447035,28.156922906741));
#1022 = CARTESIAN_POINT('',(68.700000447035,26.078461937658));
#1023 = CARTESIAN_POINT('',(72.300000447035,24.000000968576));
#1024 = CARTESIAN_POINT('',(68.700000447035,21.921539999493));
#1025 = CARTESIAN_POINT('',(65.100000447035,19.84307903041));
#1026 = CARTESIAN_POINT('',(65.100000447035,24.000000968576));
#1027 = ( GEOMETRIC_REPRESENTATION_CONTEXT(2) 
PARAMETRIC_REPRESENTATION_CONTEXT() REPRESENTATION_CONTEXT('2D SPACE',''
  ) );
#1028 = ADVANCED_FACE('',(#1029),#981,.T.);
#1029 = FACE_BOUND('',#1030,.T.);
#1030 = EDGE_LOOP('',(#1031));
#1031 = ORIENTED_EDGE('',*,*,#966,.F.);
#1032 = ADVANCED_FACE('',(#1033),#1047,.F.);
#1033 = FACE_BOUND('',#1034,.F.);
#1034 = EDGE_LOOP('',(#1035,#1065,#1096,#1097));
#1035 = ORIENTED_EDGE('',*,*,#1036,.T.);
#1036 = EDGE_CURVE('',#1037,#1039,#1041,.T.);
#1037 = VERTEX_POINT('',#1038);
#1038 = CARTESIAN_POINT('',(27.600000447035,-37.53786796564,
    -66.00000096857));
#1039 = VERTEX_POINT('',#1040);
#1040 = CARTESIAN_POINT('',(27.600000447035,-27.53786796564,
    -66.00000096857));
#1041 = SEAM_CURVE('',#1042,(#1046,#1058),.PCURVE_S1.);
#1042 = LINE('',#1043,#1044);
#1043 = CARTESIAN_POINT('',(27.600000447035,-37.53786796564,
    -66.00000096857));
#1044 = VECTOR('',#1045,1.);
#1045 = DIRECTION('',(0.,1.,0.));
#1046 = PCURVE('',#1047,#1052);
#1047 = CYLINDRICAL_SURFACE('',#1048,2.4);
#1048 = AXIS2_PLACEMENT_3D('',#1049,#1050,#1051);
#1049 = CARTESIAN_POINT('',(30.000000447035,-37.53786796564,
    -66.00000096857));
#1050 = DIRECTION('',(0.,1.,0.));
#1051 = DIRECTION('',(1.,0.,0.));
#1052 = DEFINITIONAL_REPRESENTATION('',(#1053),#1057);
#1053 = LINE('',#1054,#1055);
#1054 = CARTESIAN_POINT('',(9.424777960769,0.));
#1055 = VECTOR('',#1056,1.);
#1056 = DIRECTION('',(0.,1.));
#1057 = ( GEOMETRIC_REPRESENTATION_CONTEXT(2) 
PARAMETRIC_REPRESENTATION_CONTEXT() REPRESENTATION_CONTEXT('2D SPACE',''
  ) );
#1058 = PCURVE('',#1047,#1059);
#1059 = DEFINITIONAL_REPRESENTATION('',(#1060),#1064);
#1060 = LINE('',#1061,#1062);
#1061 = CARTESIAN_POINT('',(3.14159265359,0.));
#1062 = VECTOR('',#1063,1.);
#1063 = DIRECTION('',(0.,1.));
#1064 = ( GEOMETRIC_REPRESENTATION_CONTEXT(2) 
PARAMETRIC_REPRESENTATION_CONTEXT() REPRESENTATION_CONTEXT('2D SPACE',''
  ) );
#1065 = ORIENTED_EDGE('',*,*,#1066,.F.);
#1066 = EDGE_CURVE('',#1039,#1039,#1067,.T.);
#1067 = SURFACE_CURVE('',#1068,(#1073,#1080),.PCURVE_S1.);
#1068 = CIRCLE('',#1069,2.4);
#1069 = AXIS2_PLACEMENT_3D('',#1070,#1071,#1072);
#1070 = CARTESIAN_POINT('',(30.000000447035,-27.53786796564,
    -66.00000096857));
#1071 = DIRECTION('',(-0.,1.,0.));
#1072 = DIRECTION('',(1.,0.,0.));
#1073 = PCURVE('',#1047,#1074);
#1074 = DEFINITIONAL_REPRESENTATION('',(#1075),#1079);
#1075 = LINE('',#1076,#1077);
#1076 = CARTESIAN_POINT('',(0.,10.));
#1077 = VECTOR('',#1078,1.);
#1078 = DIRECTION('',(1.,0.));
#1079 = ( GEOMETRIC_REPRESENTATION_CONTEXT(2) 
PARAMETRIC_REPRESENTATION_CONTEXT() REPRESENTATION_CONTEXT('2D SPACE',''
  ) );
#1080 = PCURVE('',#1081,#1086);
#1081 = PLANE('',#1082);
#1082 = AXIS2_PLACEMENT_3D('',#1083,#1084,#1085);
#1083 = CARTESIAN_POINT('',(30.000000447035,-27.53786796564,
    -66.00000096857));
#1084 = DIRECTION('',(0.,-1.,0.));
#1085 = DIRECTION('',(1.,0.,0.));
#1086 = DEFINITIONAL_REPRESENTATION('',(#1087),#1095);
#1087 = ( BOUNDED_CURVE() B_SPLINE_CURVE(2,(#1088,#1089,#1090,#1091,
#1092,#1093,#1094),.UNSPECIFIED.,.T.,.F.) B_SPLINE_CURVE_WITH_KNOTS((1,2
    ,2,2,2,1),(-2.094395102393,0.,2.094395102393,4.188790204786,
6.28318530718,8.377580409573),.UNSPECIFIED.) CURVE() 
GEOMETRIC_REPRESENTATION_ITEM() RATIONAL_B_SPLINE_CURVE((1.,0.5,1.,0.5,
1.,0.5,1.)) REPRESENTATION_ITEM('') );
#1088 = CARTESIAN_POINT('',(2.4,0.));
#1089 = CARTESIAN_POINT('',(2.4,-4.156921938165));
#1090 = CARTESIAN_POINT('',(-1.2,-2.078460969083));
#1091 = CARTESIAN_POINT('',(-4.8,-5.878304635907E-16));
#1092 = CARTESIAN_POINT('',(-1.2,2.078460969083));
#1093 = CARTESIAN_POINT('',(2.4,4.156921938165));
#1094 = CARTESIAN_POINT('',(2.4,0.));
#1095 = ( GEOMETRIC_REPRESENTATION_CONTEXT(2) 
PARAMETRIC_REPRESENTATION_CONTEXT() REPRESENTATION_CONTEXT('2D SPACE',''
  ) );
#1096 = ORIENTED_EDGE('',*,*,#1036,.F.);
#1097 = ORIENTED_EDGE('',*,*,#1098,.T.);
#1098 = EDGE_CURVE('',#1037,#1037,#1099,.T.);
#1099 = SURFACE_CURVE('',#1100,(#1105,#1112),.PCURVE_S1.);
#1100 = CIRCLE('',#1101,2.4);
#1101 = AXIS2_PLACEMENT_3D('',#1102,#1103,#1104);
#1102 = CARTESIAN_POINT('',(30.000000447035,-37.53786796564,
    -66.00000096857));
#1103 = DIRECTION('',(-0.,1.,0.));
#1104 = DIRECTION('',(1.,0.,0.));
#1105 = PCURVE('',#1047,#1106);
#1106 = DEFINITIONAL_REPRESENTATION('',(#1107),#1111);
#1107 = LINE('',#1108,#1109);
#1108 = CARTESIAN_POINT('',(0.,9.947598300641E-14));
#1109 = VECTOR('',#1110,1.);
#1110 = DIRECTION('',(1.,0.));
#1111 = ( GEOMETRIC_REPRESENTATION_CONTEXT(2) 
PARAMETRIC_REPRESENTATION_CONTEXT() REPRESENTATION_CONTEXT('2D SPACE',''
  ) );
#1112 = PCURVE('',#1013,#1113);
#1113 = DEFINITIONAL_REPRESENTATION('',(#1114),#1122);
#1114 = ( BOUNDED_CURVE() B_SPLINE_CURVE(2,(#1115,#1116,#1117,#1118,
#1119,#1120,#1121),.UNSPECIFIED.,.T.,.F.) B_SPLINE_CURVE_WITH_KNOTS((1,2
    ,2,2,2,1),(-2.094395102393,0.,2.094395102393,4.188790204786,
6.28318530718,8.377580409573),.UNSPECIFIED.) CURVE() 
GEOMETRIC_REPRESENTATION_ITEM() RATIONAL_B_SPLINE_CURVE((1.,0.5,1.,0.5,
1.,0.5,1.)) REPRESENTATION_ITEM('') );
#1115 = CARTESIAN_POINT('',(5.099999552965,24.000000968576));
#1116 = CARTESIAN_POINT('',(5.099999552965,28.156922906741));
#1117 = CARTESIAN_POINT('',(8.699999552965,26.078461937658));
#1118 = CARTESIAN_POINT('',(12.299999552965,24.000000968576));
#1119 = CARTESIAN_POINT('',(8.699999552965,21.921539999493));
#1120 = CARTESIAN_POINT('',(5.099999552965,19.84307903041));
#1121 = CARTESIAN_POINT('',(5.099999552965,24.000000968576));
#1122 = ( GEOMETRIC_REPRESENTATION_CONTEXT(2) 
PARAMETRIC_REPRESENTATION_CONTEXT() REPRESENTATION_CONTEXT('2D SPACE',''
  ) );
#1123 = ADVANCED_FACE('',(#1124),#1081,.T.);
#1124 = FACE_BOUND('',#1125,.T.);
#1125 = EDGE_LOOP('',(#1126));
#1126 = ORIENTED_EDGE('',*,*,#1066,.F.);
#1127 = ADVANCED_FACE('',(#1128),#1142,.F.);
#1128 = FACE_BOUND('',#1129,.F.);
#1129 = EDGE_LOOP('',(#1130,#1160,#1191,#1192));
#1130 = ORIENTED_EDGE('',*,*,#1131,.T.);
#1131 = EDGE_CURVE('',#1132,#1134,#1136,.T.);
#1132 = VERTEX_POINT('',#1133);
#1133 = CARTESIAN_POINT('',(-32.40000044703,-37.53786796564,
    -48.00000070035));
#1134 = VERTEX_POINT('',#1135);
#1135 = CARTESIAN_POINT('',(-32.40000044703,-27.53786796564,
    -48.00000070035));
#1136 = SEAM_CURVE('',#1137,(#1141,#1153),.PCURVE_S1.);
#1137 = LINE('',#1138,#1139);
#1138 = CARTESIAN_POINT('',(-32.40000044703,-37.53786796564,
    -48.00000070035));
#1139 = VECTOR('',#1140,1.);
#1140 = DIRECTION('',(0.,1.,0.));
#1141 = PCURVE('',#1142,#1147);
#1142 = CYLINDRICAL_SURFACE('',#1143,2.4);
#1143 = AXIS2_PLACEMENT_3D('',#1144,#1145,#1146);
#1144 = CARTESIAN_POINT('',(-30.00000044703,-37.53786796564,
    -48.00000070035));
#1145 = DIRECTION('',(0.,1.,0.));
#1146 = DIRECTION('',(1.,0.,0.));
#1147 = DEFINITIONAL_REPRESENTATION('',(#1148),#1152);
#1148 = LINE('',#1149,#1150);
#1149 = CARTESIAN_POINT('',(9.424777960769,0.));
#1150 = VECTOR('',#1151,1.);
#1151 = DIRECTION('',(0.,1.));
#1152 = ( GEOMETRIC_REPRESENTATION_CONTEXT(2) 
PARAMETRIC_REPRESENTATION_CONTEXT() REPRESENTATION_CONTEXT('2D SPACE',''
  ) );
#1153 = PCURVE('',#1142,#1154);
#1154 = DEFINITIONAL_REPRESENTATION('',(#1155),#1159);
#1155 = LINE('',#1156,#1157);
#1156 = CARTESIAN_POINT('',(3.14159265359,0.));
#1157 = VECTOR('',#1158,1.);
#1158 = DIRECTION('',(0.,1.));
#1159 = ( GEOMETRIC_REPRESENTATION_CONTEXT(2) 
PARAMETRIC_REPRESENTATION_CONTEXT() REPRESENTATION_CONTEXT('2D SPACE',''
  ) );
#1160 = ORIENTED_EDGE('',*,*,#1161,.F.);
#1161 = EDGE_CURVE('',#1134,#1134,#1162,.T.);
#1162 = SURFACE_CURVE('',#1163,(#1168,#1175),.PCURVE_S1.);
#1163 = CIRCLE('',#1164,2.4);
#1164 = AXIS2_PLACEMENT_3D('',#1165,#1166,#1167);
#1165 = CARTESIAN_POINT('',(-30.00000044703,-27.53786796564,
    -48.00000070035));
#1166 = DIRECTION('',(-0.,1.,0.));
#1167 = DIRECTION('',(1.,0.,0.));
#1168 = PCURVE('',#1142,#1169);
#1169 = DEFINITIONAL_REPRESENTATION('',(#1170),#1174);
#1170 = LINE('',#1171,#1172);
#1171 = CARTESIAN_POINT('',(0.,10.));
#1172 = VECTOR('',#1173,1.);
#1173 = DIRECTION('',(1.,0.));
#1174 = ( GEOMETRIC_REPRESENTATION_CONTEXT(2) 
PARAMETRIC_REPRESENTATION_CONTEXT() REPRESENTATION_CONTEXT('2D SPACE',''
  ) );
#1175 = PCURVE('',#1176,#1181);
#1176 = PLANE('',#1177);
#1177 = AXIS2_PLACEMENT_3D('',#1178,#1179,#1180);
#1178 = CARTESIAN_POINT('',(-30.00000044703,-27.53786796564,
    -48.00000070035));
#1179 = DIRECTION('',(0.,-1.,0.));
#1180 = DIRECTION('',(1.,0.,0.));
#1181 = DEFINITIONAL_REPRESENTATION('',(#1182),#1190);
#1182 = ( BOUNDED_CURVE() B_SPLINE_CURVE(2,(#1183,#1184,#1185,#1186,
#1187,#1188,#1189),.UNSPECIFIED.,.T.,.F.) B_SPLINE_CURVE_WITH_KNOTS((1,2
    ,2,2,2,1),(-2.094395102393,0.,2.094395102393,4.188790204786,
6.28318530718,8.377580409573),.UNSPECIFIED.) CURVE() 
GEOMETRIC_REPRESENTATION_ITEM() RATIONAL_B_SPLINE_CURVE((1.,0.5,1.,0.5,
1.,0.5,1.)) REPRESENTATION_ITEM('') );
#1183 = CARTESIAN_POINT('',(2.4,0.));
#1184 = CARTESIAN_POINT('',(2.4,-4.156921938165));
#1185 = CARTESIAN_POINT('',(-1.2,-2.078460969083));
#1186 = CARTESIAN_POINT('',(-4.8,-5.878304635907E-16));
#1187 = CARTESIAN_POINT('',(-1.2,2.078460969083));
#1188 = CARTESIAN_POINT('',(2.4,4.156921938165));
#1189 = CARTESIAN_POINT('',(2.4,0.));
#1190 = ( GEOMETRIC_REPRESENTATION_CONTEXT(2) 
PARAMETRIC_REPRESENTATION_CONTEXT() REPRESENTATION_CONTEXT('2D SPACE',''
  ) );
#1191 = ORIENTED_EDGE('',*,*,#1131,.F.);
#1192 = ORIENTED_EDGE('',*,*,#1193,.T.);
#1193 = EDGE_CURVE('',#1132,#1132,#1194,.T.);
#1194 = SURFACE_CURVE('',#1195,(#1200,#1207),.PCURVE_S1.);
#1195 = CIRCLE('',#1196,2.4);
#1196 = AXIS2_PLACEMENT_3D('',#1197,#1198,#1199);
#1197 = CARTESIAN_POINT('',(-30.00000044703,-37.53786796564,
    -48.00000070035));
#1198 = DIRECTION('',(-0.,1.,0.));
#1199 = DIRECTION('',(1.,0.,0.));
#1200 = PCURVE('',#1142,#1201);
#1201 = DEFINITIONAL_REPRESENTATION('',(#1202),#1206);
#1202 = LINE('',#1203,#1204);
#1203 = CARTESIAN_POINT('',(0.,0.));
#1204 = VECTOR('',#1205,1.);
#1205 = DIRECTION('',(1.,0.));
#1206 = ( GEOMETRIC_REPRESENTATION_CONTEXT(2) 
PARAMETRIC_REPRESENTATION_CONTEXT() REPRESENTATION_CONTEXT('2D SPACE',''
  ) );
#1207 = PCURVE('',#1013,#1208);
#1208 = DEFINITIONAL_REPRESENTATION('',(#1209),#1217);
#1209 = ( BOUNDED_CURVE() B_SPLINE_CURVE(2,(#1210,#1211,#1212,#1213,
#1214,#1215,#1216),.UNSPECIFIED.,.T.,.F.) B_SPLINE_CURVE_WITH_KNOTS((1,2
    ,2,2,2,1),(-2.094395102393,0.,2.094395102393,4.188790204786,
6.28318530718,8.377580409573),.UNSPECIFIED.) CURVE() 
GEOMETRIC_REPRESENTATION_ITEM() RATIONAL_B_SPLINE_CURVE((1.,0.5,1.,0.5,
1.,0.5,1.)) REPRESENTATION_ITEM('') );
#1210 = CARTESIAN_POINT('',(65.100000447035,6.000000700355));
#1211 = CARTESIAN_POINT('',(65.100000447035,10.15692263852));
#1212 = CARTESIAN_POINT('',(68.700000447035,8.078461669437));
#1213 = CARTESIAN_POINT('',(72.300000447035,6.000000700355));
#1214 = CARTESIAN_POINT('',(68.700000447035,3.921539731272));
#1215 = CARTESIAN_POINT('',(65.100000447035,1.843078762189));
#1216 = CARTESIAN_POINT('',(65.100000447035,6.000000700355));
#1217 = ( GEOMETRIC_REPRESENTATION_CONTEXT(2) 
PARAMETRIC_REPRESENTATION_CONTEXT() REPRESENTATION_CONTEXT('2D SPACE',''
  ) );
#1218 = ADVANCED_FACE('',(#1219),#1176,.T.);
#1219 = FACE_BOUND('',#1220,.T.);
#1220 = EDGE_LOOP('',(#1221));
#1221 = ORIENTED_EDGE('',*,*,#1161,.F.);
#1222 = ADVANCED_FACE('',(#1223),#1237,.F.);
#1223 = FACE_BOUND('',#1224,.F.);
#1224 = EDGE_LOOP('',(#1225,#1255,#1286,#1287));
#1225 = ORIENTED_EDGE('',*,*,#1226,.T.);
#1226 = EDGE_CURVE('',#1227,#1229,#1231,.T.);
#1227 = VERTEX_POINT('',#1228);
#1228 = CARTESIAN_POINT('',(27.600000447035,-37.53786796564,
    -48.00000070035));
#1229 = VERTEX_POINT('',#1230);
#1230 = CARTESIAN_POINT('',(27.600000447035,-27.53786796564,
    -48.00000070035));
#1231 = SEAM_CURVE('',#1232,(#1236,#1248),.PCURVE_S1.);
#1232 = LINE('',#1233,#1234);
#1233 = CARTESIAN_POINT('',(27.600000447035,-37.53786796564,
    -48.00000070035));
#1234 = VECTOR('',#1235,1.);
#1235 = DIRECTION('',(0.,1.,0.));
#1236 = PCURVE('',#1237,#1242);
#1237 = CYLINDRICAL_SURFACE('',#1238,2.4);
#1238 = AXIS2_PLACEMENT_3D('',#1239,#1240,#1241);
#1239 = CARTESIAN_POINT('',(30.000000447035,-37.53786796564,
    -48.00000070035));
#1240 = DIRECTION('',(0.,1.,0.));
#1241 = DIRECTION('',(1.,0.,0.));
#1242 = DEFINITIONAL_REPRESENTATION('',(#1243),#1247);
#1243 = LINE('',#1244,#1245);
#1244 = CARTESIAN_POINT('',(9.424777960769,0.));
#1245 = VECTOR('',#1246,1.);
#1246 = DIRECTION('',(0.,1.));
#1247 = ( GEOMETRIC_REPRESENTATION_CONTEXT(2) 
PARAMETRIC_REPRESENTATION_CONTEXT() REPRESENTATION_CONTEXT('2D SPACE',''
  ) );
#1248 = PCURVE('',#1237,#1249);
#1249 = DEFINITIONAL_REPRESENTATION('',(#1250),#1254);
#1250 = LINE('',#1251,#1252);
#1251 = CARTESIAN_POINT('',(3.14159265359,0.));
#1252 = VECTOR('',#1253,1.);
#1253 = DIRECTION('',(0.,1.));
#1254 = ( GEOMETRIC_REPRESENTATION_CONTEXT(2) 
PARAMETRIC_REPRESENTATION_CONTEXT() REPRESENTATION_CONTEXT('2D SPACE',''
  ) );
#1255 = ORIENTED_EDGE('',*,*,#1256,.F.);
#1256 = EDGE_CURVE('',#1229,#1229,#1257,.T.);
#1257 = SURFACE_CURVE('',#1258,(#1263,#1270),.PCURVE_S1.);
#1258 = CIRCLE('',#1259,2.4);
#1259 = AXIS2_PLACEMENT_3D('',#1260,#1261,#1262);
#1260 = CARTESIAN_POINT('',(30.000000447035,-27.53786796564,
    -48.00000070035));
#1261 = DIRECTION('',(-0.,1.,0.));
#1262 = DIRECTION('',(1.,0.,0.));
#1263 = PCURVE('',#1237,#1264);
#1264 = DEFINITIONAL_REPRESENTATION('',(#1265),#1269);
#1265 = LINE('',#1266,#1267);
#1266 = CARTESIAN_POINT('',(0.,10.));
#1267 = VECTOR('',#1268,1.);
#1268 = DIRECTION('',(1.,0.));
#1269 = ( GEOMETRIC_REPRESENTATION_CONTEXT(2) 
PARAMETRIC_REPRESENTATION_CONTEXT() REPRESENTATION_CONTEXT('2D SPACE',''
  ) );
#1270 = PCURVE('',#1271,#1276);
#1271 = PLANE('',#1272);
#1272 = AXIS2_PLACEMENT_3D('',#1273,#1274,#1275);
#1273 = CARTESIAN_POINT('',(30.000000447035,-27.53786796564,
    -48.00000070035));
#1274 = DIRECTION('',(0.,-1.,0.));
#1275 = DIRECTION('',(1.,0.,0.));
#1276 = DEFINITIONAL_REPRESENTATION('',(#1277),#1285);
#1277 = ( BOUNDED_CURVE() B_SPLINE_CURVE(2,(#1278,#1279,#1280,#1281,
#1282,#1283,#1284),.UNSPECIFIED.,.T.,.F.) B_SPLINE_CURVE_WITH_KNOTS((1,2
    ,2,2,2,1),(-2.094395102393,0.,2.094395102393,4.188790204786,
6.28318530718,8.377580409573),.UNSPECIFIED.) CURVE() 
GEOMETRIC_REPRESENTATION_ITEM() RATIONAL_B_SPLINE_CURVE((1.,0.5,1.,0.5,
1.,0.5,1.)) REPRESENTATION_ITEM('') );
#1278 = CARTESIAN_POINT('',(2.4,0.));
#1279 = CARTESIAN_POINT('',(2.4,-4.156921938165));
#1280 = CARTESIAN_POINT('',(-1.2,-2.078460969083));
#1281 = CARTESIAN_POINT('',(-4.8,-5.878304635907E-16));
#1282 = CARTESIAN_POINT('',(-1.2,2.078460969083));
#1283 = CARTESIAN_POINT('',(2.4,4.156921938165));
#1284 = CARTESIAN_POINT('',(2.4,0.));
#1285 = ( GEOMETRIC_REPRESENTATION_CONTEXT(2) 
PARAMETRIC_REPRESENTATION_CONTEXT() REPRESENTATION_CONTEXT('2D SPACE',''
  ) );
#1286 = ORIENTED_EDGE('',*,*,#1226,.F.);
#1287 = ORIENTED_EDGE('',*,*,#1288,.T.);
#1288 = EDGE_CURVE('',#1227,#1227,#1289,.T.);
#1289 = SURFACE_CURVE('',#1290,(#1295,#1302),.PCURVE_S1.);
#1290 = CIRCLE('',#1291,2.4);
#1291 = AXIS2_PLACEMENT_3D('',#1292,#1293,#1294);
#1292 = CARTESIAN_POINT('',(30.000000447035,-37.53786796564,
    -48.00000070035));
#1293 = DIRECTION('',(-0.,1.,0.));
#1294 = DIRECTION('',(1.,0.,0.));
#1295 = PCURVE('',#1237,#1296);
#1296 = DEFINITIONAL_REPRESENTATION('',(#1297),#1301);
#1297 = LINE('',#1298,#1299);
#1298 = CARTESIAN_POINT('',(0.,0.));
#1299 = VECTOR('',#1300,1.);
#1300 = DIRECTION('',(1.,0.));
#1301 = ( GEOMETRIC_REPRESENTATION_CONTEXT(2) 
PARAMETRIC_REPRESENTATION_CONTEXT() REPRESENTATION_CONTEXT('2D SPACE',''
  ) );
#1302 = PCURVE('',#1013,#1303);
#1303 = DEFINITIONAL_REPRESENTATION('',(#1304),#1312);
#1304 = ( BOUNDED_CURVE() B_SPLINE_CURVE(2,(#1305,#1306,#1307,#1308,
#1309,#1310,#1311),.UNSPECIFIED.,.T.,.F.) B_SPLINE_CURVE_WITH_KNOTS((1,2
    ,2,2,2,1),(-2.094395102393,0.,2.094395102393,4.188790204786,
6.28318530718,8.377580409573),.UNSPECIFIED.) CURVE() 
GEOMETRIC_REPRESENTATION_ITEM() RATIONAL_B_SPLINE_CURVE((1.,0.5,1.,0.5,
1.,0.5,1.)) REPRESENTATION_ITEM('') );
#1305 = CARTESIAN_POINT('',(5.099999552965,6.000000700355));
#1306 = CARTESIAN_POINT('',(5.099999552965,10.15692263852));
#1307 = CARTESIAN_POINT('',(8.699999552965,8.078461669437));
#1308 = CARTESIAN_POINT('',(12.299999552965,6.000000700355));
#1309 = CARTESIAN_POINT('',(8.699999552965,3.921539731272));
#1310 = CARTESIAN_POINT('',(5.099999552965,1.843078762189));
#1311 = CARTESIAN_POINT('',(5.099999552965,6.000000700355));
#1312 = ( GEOMETRIC_REPRESENTATION_CONTEXT(2) 
PARAMETRIC_REPRESENTATION_CONTEXT() REPRESENTATION_CONTEXT('2D SPACE',''
  ) );
#1313 = ADVANCED_FACE('',(#1314),#1271,.T.);
#1314 = FACE_BOUND('',#1315,.T.);
#1315 = EDGE_LOOP('',(#1316));
#1316 = ORIENTED_EDGE('',*,*,#1256,.F.);
#1317 = ADVANCED_FACE('',(#1318),#1332,.F.);
#1318 = FACE_BOUND('',#1319,.F.);
#1319 = EDGE_LOOP('',(#1320,#1350,#1381,#1382));
#1320 = ORIENTED_EDGE('',*,*,#1321,.T.);
#1321 = EDGE_CURVE('',#1322,#1324,#1326,.T.);
#1322 = VERTEX_POINT('',#1323);
#1323 = CARTESIAN_POINT('',(-27.60000044703,37.462132034356,
    -66.00000096857));
#1324 = VERTEX_POINT('',#1325);
#1325 = CARTESIAN_POINT('',(-27.60000044703,27.462132034356,
    -66.00000096857));
#1326 = SEAM_CURVE('',#1327,(#1331,#1343),.PCURVE_S1.);
#1327 = LINE('',#1328,#1329);
#1328 = CARTESIAN_POINT('',(-27.60000044703,37.462132034356,
    -66.00000096857));
#1329 = VECTOR('',#1330,1.);
#1330 = DIRECTION('',(0.,-1.,0.));
#1331 = PCURVE('',#1332,#1337);
#1332 = CYLINDRICAL_SURFACE('',#1333,2.4);
#1333 = AXIS2_PLACEMENT_3D('',#1334,#1335,#1336);
#1334 = CARTESIAN_POINT('',(-30.00000044703,37.462132034356,
    -66.00000096857));
#1335 = DIRECTION('',(0.,-1.,0.));
#1336 = DIRECTION('',(-1.,0.,0.));
#1337 = DEFINITIONAL_REPRESENTATION('',(#1338),#1342);
#1338 = LINE('',#1339,#1340);
#1339 = CARTESIAN_POINT('',(9.424777960769,0.));
#1340 = VECTOR('',#1341,1.);
#1341 = DIRECTION('',(0.,1.));
#1342 = ( GEOMETRIC_REPRESENTATION_CONTEXT(2) 
PARAMETRIC_REPRESENTATION_CONTEXT() REPRESENTATION_CONTEXT('2D SPACE',''
  ) );
#1343 = PCURVE('',#1332,#1344);
#1344 = DEFINITIONAL_REPRESENTATION('',(#1345),#1349);
#1345 = LINE('',#1346,#1347);
#1346 = CARTESIAN_POINT('',(3.14159265359,0.));
#1347 = VECTOR('',#1348,1.);
#1348 = DIRECTION('',(0.,1.));
#1349 = ( GEOMETRIC_REPRESENTATION_CONTEXT(2) 
PARAMETRIC_REPRESENTATION_CONTEXT() REPRESENTATION_CONTEXT('2D SPACE',''
  ) );
#1350 = ORIENTED_EDGE('',*,*,#1351,.F.);
#1351 = EDGE_CURVE('',#1324,#1324,#1352,.T.);
#1352 = SURFACE_CURVE('',#1353,(#1358,#1365),.PCURVE_S1.);
#1353 = CIRCLE('',#1354,2.4);
#1354 = AXIS2_PLACEMENT_3D('',#1355,#1356,#1357);
#1355 = CARTESIAN_POINT('',(-30.00000044703,27.462132034356,
    -66.00000096857));
#1356 = DIRECTION('',(0.,-1.,0.));
#1357 = DIRECTION('',(-1.,0.,0.));
#1358 = PCURVE('',#1332,#1359);
#1359 = DEFINITIONAL_REPRESENTATION('',(#1360),#1364);
#1360 = LINE('',#1361,#1362);
#1361 = CARTESIAN_POINT('',(0.,10.));
#1362 = VECTOR('',#1363,1.);
#1363 = DIRECTION('',(1.,0.));
#1364 = ( GEOMETRIC_REPRESENTATION_CONTEXT(2) 
PARAMETRIC_REPRESENTATION_CONTEXT() REPRESENTATION_CONTEXT('2D SPACE',''
  ) );
#1365 = PCURVE('',#1366,#1371);
#1366 = PLANE('',#1367);
#1367 = AXIS2_PLACEMENT_3D('',#1368,#1369,#1370);
#1368 = CARTESIAN_POINT('',(-30.00000044703,27.462132034356,
    -66.00000096857));
#1369 = DIRECTION('',(0.,1.,0.));
#1370 = DIRECTION('',(-1.,0.,0.));
#1371 = DEFINITIONAL_REPRESENTATION('',(#1372),#1380);
#1372 = ( BOUNDED_CURVE() B_SPLINE_CURVE(2,(#1373,#1374,#1375,#1376,
#1377,#1378,#1379),.UNSPECIFIED.,.T.,.F.) B_SPLINE_CURVE_WITH_KNOTS((1,2
    ,2,2,2,1),(-2.094395102393,0.,2.094395102393,4.188790204786,
6.28318530718,8.377580409573),.UNSPECIFIED.) CURVE() 
GEOMETRIC_REPRESENTATION_ITEM() RATIONAL_B_SPLINE_CURVE((1.,0.5,1.,0.5,
1.,0.5,1.)) REPRESENTATION_ITEM('') );
#1373 = CARTESIAN_POINT('',(2.4,0.));
#1374 = CARTESIAN_POINT('',(2.4,-4.156921938165));
#1375 = CARTESIAN_POINT('',(-1.2,-2.078460969083));
#1376 = CARTESIAN_POINT('',(-4.8,-5.878304635907E-16));
#1377 = CARTESIAN_POINT('',(-1.2,2.078460969083));
#1378 = CARTESIAN_POINT('',(2.4,4.156921938165));
#1379 = CARTESIAN_POINT('',(2.4,0.));
#1380 = ( GEOMETRIC_REPRESENTATION_CONTEXT(2) 
PARAMETRIC_REPRESENTATION_CONTEXT() REPRESENTATION_CONTEXT('2D SPACE',''
  ) );
#1381 = ORIENTED_EDGE('',*,*,#1321,.F.);
#1382 = ORIENTED_EDGE('',*,*,#1383,.T.);
#1383 = EDGE_CURVE('',#1322,#1322,#1384,.T.);
#1384 = SURFACE_CURVE('',#1385,(#1390,#1397),.PCURVE_S1.);
#1385 = CIRCLE('',#1386,2.4);
#1386 = AXIS2_PLACEMENT_3D('',#1387,#1388,#1389);
#1387 = CARTESIAN_POINT('',(-30.00000044703,37.462132034356,
    -66.00000096857));
#1388 = DIRECTION('',(0.,-1.,0.));
#1389 = DIRECTION('',(-1.,0.,0.));
#1390 = PCURVE('',#1332,#1391);
#1391 = DEFINITIONAL_REPRESENTATION('',(#1392),#1396);
#1392 = LINE('',#1393,#1394);
#1393 = CARTESIAN_POINT('',(0.,0.));
#1394 = VECTOR('',#1395,1.);
#1395 = DIRECTION('',(1.,0.));
#1396 = ( GEOMETRIC_REPRESENTATION_CONTEXT(2) 
PARAMETRIC_REPRESENTATION_CONTEXT() REPRESENTATION_CONTEXT('2D SPACE',''
  ) );
#1397 = PCURVE('',#913,#1398);
#1398 = DEFINITIONAL_REPRESENTATION('',(#1399),#1407);
#1399 = ( BOUNDED_CURVE() B_SPLINE_CURVE(2,(#1400,#1401,#1402,#1403,
#1404,#1405,#1406),.UNSPECIFIED.,.T.,.F.) B_SPLINE_CURVE_WITH_KNOTS((1,2
    ,2,2,2,1),(-2.094395102393,0.,2.094395102393,4.188790204786,
6.28318530718,8.377580409573),.UNSPECIFIED.) CURVE() 
GEOMETRIC_REPRESENTATION_ITEM() RATIONAL_B_SPLINE_CURVE((1.,0.5,1.,0.5,
1.,0.5,1.)) REPRESENTATION_ITEM('') );
#1400 = CARTESIAN_POINT('',(5.099999552965,24.000000968576));
#1401 = CARTESIAN_POINT('',(5.099999552965,28.156922906741));
#1402 = CARTESIAN_POINT('',(8.699999552965,26.078461937658));
#1403 = CARTESIAN_POINT('',(12.299999552965,24.000000968576));
#1404 = CARTESIAN_POINT('',(8.699999552965,21.921539999493));
#1405 = CARTESIAN_POINT('',(5.099999552965,19.84307903041));
#1406 = CARTESIAN_POINT('',(5.099999552965,24.000000968576));
#1407 = ( GEOMETRIC_REPRESENTATION_CONTEXT(2) 
PARAMETRIC_REPRESENTATION_CONTEXT() REPRESENTATION_CONTEXT('2D SPACE',''
  ) );
#1408 = ADVANCED_FACE('',(#1409),#1366,.T.);
#1409 = FACE_BOUND('',#1410,.T.);
#1410 = EDGE_LOOP('',(#1411));
#1411 = ORIENTED_EDGE('',*,*,#1351,.F.);
#1412 = ADVANCED_FACE('',(#1413),#1427,.F.);
#1413 = FACE_BOUND('',#1414,.F.);
#1414 = EDGE_LOOP('',(#1415,#1445,#1476,#1477));
#1415 = ORIENTED_EDGE('',*,*,#1416,.T.);
#1416 = EDGE_CURVE('',#1417,#1419,#1421,.T.);
#1417 = VERTEX_POINT('',#1418);
#1418 = CARTESIAN_POINT('',(32.400000447035,37.462132034356,
    -48.00000070035));
#1419 = VERTEX_POINT('',#1420);
#1420 = CARTESIAN_POINT('',(32.400000447035,27.462132034356,
    -48.00000070035));
#1421 = SEAM_CURVE('',#1422,(#1426,#1438),.PCURVE_S1.);
#1422 = LINE('',#1423,#1424);
#1423 = CARTESIAN_POINT('',(32.400000447035,37.462132034356,
    -48.00000070035));
#1424 = VECTOR('',#1425,1.);
#1425 = DIRECTION('',(0.,-1.,0.));
#1426 = PCURVE('',#1427,#1432);
#1427 = CYLINDRICAL_SURFACE('',#1428,2.4);
#1428 = AXIS2_PLACEMENT_3D('',#1429,#1430,#1431);
#1429 = CARTESIAN_POINT('',(30.000000447035,37.462132034356,
    -48.00000070035));
#1430 = DIRECTION('',(0.,-1.,0.));
#1431 = DIRECTION('',(-1.,0.,0.));
#1432 = DEFINITIONAL_REPRESENTATION('',(#1433),#1437);
#1433 = LINE('',#1434,#1435);
#1434 = CARTESIAN_POINT('',(9.424777960769,0.));
#1435 = VECTOR('',#1436,1.);
#1436 = DIRECTION('',(0.,1.));
#1437 = ( GEOMETRIC_REPRESENTATION_CONTEXT(2) 
PARAMETRIC_REPRESENTATION_CONTEXT() REPRESENTATION_CONTEXT('2D SPACE',''
  ) );
#1438 = PCURVE('',#1427,#1439);
#1439 = DEFINITIONAL_REPRESENTATION('',(#1440),#1444);
#1440 = LINE('',#1441,#1442);
#1441 = CARTESIAN_POINT('',(3.14159265359,0.));
#1442 = VECTOR('',#1443,1.);
#1443 = DIRECTION('',(0.,1.));
#1444 = ( GEOMETRIC_REPRESENTATION_CONTEXT(2) 
PARAMETRIC_REPRESENTATION_CONTEXT() REPRESENTATION_CONTEXT('2D SPACE',''
  ) );
#1445 = ORIENTED_EDGE('',*,*,#1446,.F.);
#1446 = EDGE_CURVE('',#1419,#1419,#1447,.T.);
#1447 = SURFACE_CURVE('',#1448,(#1453,#1460),.PCURVE_S1.);
#1448 = CIRCLE('',#1449,2.4);
#1449 = AXIS2_PLACEMENT_3D('',#1450,#1451,#1452);
#1450 = CARTESIAN_POINT('',(30.000000447035,27.462132034356,
    -48.00000070035));
#1451 = DIRECTION('',(0.,-1.,0.));
#1452 = DIRECTION('',(-1.,0.,0.));
#1453 = PCURVE('',#1427,#1454);
#1454 = DEFINITIONAL_REPRESENTATION('',(#1455),#1459);
#1455 = LINE('',#1456,#1457);
#1456 = CARTESIAN_POINT('',(0.,10.));
#1457 = VECTOR('',#1458,1.);
#1458 = DIRECTION('',(1.,0.));
#1459 = ( GEOMETRIC_REPRESENTATION_CONTEXT(2) 
PARAMETRIC_REPRESENTATION_CONTEXT() REPRESENTATION_CONTEXT('2D SPACE',''
  ) );
#1460 = PCURVE('',#1461,#1466);
#1461 = PLANE('',#1462);
#1462 = AXIS2_PLACEMENT_3D('',#1463,#1464,#1465);
#1463 = CARTESIAN_POINT('',(30.000000447035,27.462132034356,
    -48.00000070035));
#1464 = DIRECTION('',(0.,1.,0.));
#1465 = DIRECTION('',(-1.,0.,0.));
#1466 = DEFINITIONAL_REPRESENTATION('',(#1467),#1475);
#1467 = ( BOUNDED_CURVE() B_SPLINE_CURVE(2,(#1468,#1469,#1470,#1471,
#1472,#1473,#1474),.UNSPECIFIED.,.T.,.F.) B_SPLINE_CURVE_WITH_KNOTS((1,2
    ,2,2,2,1),(-2.094395102393,0.,2.094395102393,4.188790204786,
6.28318530718,8.377580409573),.UNSPECIFIED.) CURVE() 
GEOMETRIC_REPRESENTATION_ITEM() RATIONAL_B_SPLINE_CURVE((1.,0.5,1.,0.5,
1.,0.5,1.)) REPRESENTATION_ITEM('') );
#1468 = CARTESIAN_POINT('',(2.4,0.));
#1469 = CARTESIAN_POINT('',(2.4,-4.156921938165));
#1470 = CARTESIAN_POINT('',(-1.2,-2.078460969083));
#1471 = CARTESIAN_POINT('',(-4.8,-5.878304635907E-16));
#1472 = CARTESIAN_POINT('',(-1.2,2.078460969083));
#1473 = CARTESIAN_POINT('',(2.4,4.156921938165));
#1474 = CARTESIAN_POINT('',(2.4,0.));
#1475 = ( GEOMETRIC_REPRESENTATION_CONTEXT(2) 
PARAMETRIC_REPRESENTATION_CONTEXT() REPRESENTATION_CONTEXT('2D SPACE',''
  ) );
#1476 = ORIENTED_EDGE('',*,*,#1416,.F.);
#1477 = ORIENTED_EDGE('',*,*,#1478,.T.);
#1478 = EDGE_CURVE('',#1417,#1417,#1479,.T.);
#1479 = SURFACE_CURVE('',#1480,(#1485,#1492),.PCURVE_S1.);
#1480 = CIRCLE('',#1481,2.4);
#1481 = AXIS2_PLACEMENT_3D('',#1482,#1483,#1484);
#1482 = CARTESIAN_POINT('',(30.000000447035,37.462132034356,
    -48.00000070035));
#1483 = DIRECTION('',(0.,-1.,0.));
#1484 = DIRECTION('',(-1.,0.,0.));
#1485 = PCURVE('',#1427,#1486);
#1486 = DEFINITIONAL_REPRESENTATION('',(#1487),#1491);
#1487 = LINE('',#1488,#1489);
#1488 = CARTESIAN_POINT('',(0.,0.));
#1489 = VECTOR('',#1490,1.);
#1490 = DIRECTION('',(1.,0.));
#1491 = ( GEOMETRIC_REPRESENTATION_CONTEXT(2) 
PARAMETRIC_REPRESENTATION_CONTEXT() REPRESENTATION_CONTEXT('2D SPACE',''
  ) );
#1492 = PCURVE('',#913,#1493);
#1493 = DEFINITIONAL_REPRESENTATION('',(#1494),#1502);
#1494 = ( BOUNDED_CURVE() B_SPLINE_CURVE(2,(#1495,#1496,#1497,#1498,
#1499,#1500,#1501),.UNSPECIFIED.,.T.,.F.) B_SPLINE_CURVE_WITH_KNOTS((1,2
    ,2,2,2,1),(-2.094395102393,0.,2.094395102393,4.188790204786,
6.28318530718,8.377580409573),.UNSPECIFIED.) CURVE() 
GEOMETRIC_REPRESENTATION_ITEM() RATIONAL_B_SPLINE_CURVE((1.,0.5,1.,0.5,
1.,0.5,1.)) REPRESENTATION_ITEM('') );
#1495 = CARTESIAN_POINT('',(65.100000447035,6.000000700355));
#1496 = CARTESIAN_POINT('',(65.100000447035,10.15692263852));
#1497 = CARTESIAN_POINT('',(68.700000447035,8.078461669437));
#1498 = CARTESIAN_POINT('',(72.300000447035,6.000000700355));
#1499 = CARTESIAN_POINT('',(68.700000447035,3.921539731272));
#1500 = CARTESIAN_POINT('',(65.100000447035,1.843078762189));
#1501 = CARTESIAN_POINT('',(65.100000447035,6.000000700355));
#1502 = ( GEOMETRIC_REPRESENTATION_CONTEXT(2) 
PARAMETRIC_REPRESENTATION_CONTEXT() REPRESENTATION_CONTEXT('2D SPACE',''
  ) );
#1503 = ADVANCED_FACE('',(#1504),#1461,.T.);
#1504 = FACE_BOUND('',#1505,.T.);
#1505 = EDGE_LOOP('',(#1506));
#1506 = ORIENTED_EDGE('',*,*,#1446,.F.);
#1507 = ADVANCED_FACE('',(#1508),#1522,.F.);
#1508 = FACE_BOUND('',#1509,.F.);
#1509 = EDGE_LOOP('',(#1510,#1540,#1571,#1572));
#1510 = ORIENTED_EDGE('',*,*,#1511,.T.);
#1511 = EDGE_CURVE('',#1512,#1514,#1516,.T.);
#1512 = VERTEX_POINT('',#1513);
#1513 = CARTESIAN_POINT('',(-27.60000044703,37.462132034356,
    -48.00000070035));
#1514 = VERTEX_POINT('',#1515);
#1515 = CARTESIAN_POINT('',(-27.60000044703,27.462132034356,
    -48.00000070035));
#1516 = SEAM_CURVE('',#1517,(#1521,#1533),.PCURVE_S1.);
#1517 = LINE('',#1518,#1519);
#1518 = CARTESIAN_POINT('',(-27.60000044703,37.462132034356,
    -48.00000070035));
#1519 = VECTOR('',#1520,1.);
#1520 = DIRECTION('',(0.,-1.,0.));
#1521 = PCURVE('',#1522,#1527);
#1522 = CYLINDRICAL_SURFACE('',#1523,2.4);
#1523 = AXIS2_PLACEMENT_3D('',#1524,#1525,#1526);
#1524 = CARTESIAN_POINT('',(-30.00000044703,37.462132034356,
    -48.00000070035));
#1525 = DIRECTION('',(0.,-1.,0.));
#1526 = DIRECTION('',(-1.,0.,0.));
#1527 = DEFINITIONAL_REPRESENTATION('',(#1528),#1532);
#1528 = LINE('',#1529,#1530);
#1529 = CARTESIAN_POINT('',(9.424777960769,0.));
#1530 = VECTOR('',#1531,1.);
#1531 = DIRECTION('',(0.,1.));
#1532 = ( GEOMETRIC_REPRESENTATION_CONTEXT(2) 
PARAMETRIC_REPRESENTATION_CONTEXT() REPRESENTATION_CONTEXT('2D SPACE',''
  ) );
#1533 = PCURVE('',#1522,#1534);
#1534 = DEFINITIONAL_REPRESENTATION('',(#1535),#1539);
#1535 = LINE('',#1536,#1537);
#1536 = CARTESIAN_POINT('',(3.14159265359,0.));
#1537 = VECTOR('',#1538,1.);
#1538 = DIRECTION('',(0.,1.));
#1539 = ( GEOMETRIC_REPRESENTATION_CONTEXT(2) 
PARAMETRIC_REPRESENTATION_CONTEXT() REPRESENTATION_CONTEXT('2D SPACE',''
  ) );
#1540 = ORIENTED_EDGE('',*,*,#1541,.F.);
#1541 = EDGE_CURVE('',#1514,#1514,#1542,.T.);
#1542 = SURFACE_CURVE('',#1543,(#1548,#1555),.PCURVE_S1.);
#1543 = CIRCLE('',#1544,2.4);
#1544 = AXIS2_PLACEMENT_3D('',#1545,#1546,#1547);
#1545 = CARTESIAN_POINT('',(-30.00000044703,27.462132034356,
    -48.00000070035));
#1546 = DIRECTION('',(0.,-1.,0.));
#1547 = DIRECTION('',(-1.,0.,0.));
#1548 = PCURVE('',#1522,#1549);
#1549 = DEFINITIONAL_REPRESENTATION('',(#1550),#1554);
#1550 = LINE('',#1551,#1552);
#1551 = CARTESIAN_POINT('',(0.,10.));
#1552 = VECTOR('',#1553,1.);
#1553 = DIRECTION('',(1.,0.));
#1554 = ( GEOMETRIC_REPRESENTATION_CONTEXT(2) 
PARAMETRIC_REPRESENTATION_CONTEXT() REPRESENTATION_CONTEXT('2D SPACE',''
  ) );
#1555 = PCURVE('',#1556,#1561);
#1556 = PLANE('',#1557);
#1557 = AXIS2_PLACEMENT_3D('',#1558,#1559,#1560);
#1558 = CARTESIAN_POINT('',(-30.00000044703,27.462132034356,
    -48.00000070035));
#1559 = DIRECTION('',(0.,1.,0.));
#1560 = DIRECTION('',(-1.,0.,0.));
#1561 = DEFINITIONAL_REPRESENTATION('',(#1562),#1570);
#1562 = ( BOUNDED_CURVE() B_SPLINE_CURVE(2,(#1563,#1564,#1565,#1566,
#1567,#1568,#1569),.UNSPECIFIED.,.T.,.F.) B_SPLINE_CURVE_WITH_KNOTS((1,2
    ,2,2,2,1),(-2.094395102393,0.,2.094395102393,4.188790204786,
6.28318530718,8.377580409573),.UNSPECIFIED.) CURVE() 
GEOMETRIC_REPRESENTATION_ITEM() RATIONAL_B_SPLINE_CURVE((1.,0.5,1.,0.5,
1.,0.5,1.)) REPRESENTATION_ITEM('') );
#1563 = CARTESIAN_POINT('',(2.4,0.));
#1564 = CARTESIAN_POINT('',(2.4,-4.156921938165));
#1565 = CARTESIAN_POINT('',(-1.2,-2.078460969083));
#1566 = CARTESIAN_POINT('',(-4.8,-5.878304635907E-16));
#1567 = CARTESIAN_POINT('',(-1.2,2.078460969083));
#1568 = CARTESIAN_POINT('',(2.4,4.156921938165));
#1569 = CARTESIAN_POINT('',(2.4,0.));
#1570 = ( GEOMETRIC_REPRESENTATION_CONTEXT(2) 
PARAMETRIC_REPRESENTATION_CONTEXT() REPRESENTATION_CONTEXT('2D SPACE',''
  ) );
#1571 = ORIENTED_EDGE('',*,*,#1511,.F.);
#1572 = ORIENTED_EDGE('',*,*,#1573,.T.);
#1573 = EDGE_CURVE('',#1512,#1512,#1574,.T.);
#1574 = SURFACE_CURVE('',#1575,(#1580,#1587),.PCURVE_S1.);
#1575 = CIRCLE('',#1576,2.4);
#1576 = AXIS2_PLACEMENT_3D('',#1577,#1578,#1579);
#1577 = CARTESIAN_POINT('',(-30.00000044703,37.462132034356,
    -48.00000070035));
#1578 = DIRECTION('',(0.,-1.,0.));
#1579 = DIRECTION('',(-1.,0.,0.));
#1580 = PCURVE('',#1522,#1581);
#1581 = DEFINITIONAL_REPRESENTATION('',(#1582),#1586);
#1582 = LINE('',#1583,#1584);
#1583 = CARTESIAN_POINT('',(0.,0.));
#1584 = VECTOR('',#1585,1.);
#1585 = DIRECTION('',(1.,0.));
#1586 = ( GEOMETRIC_REPRESENTATION_CONTEXT(2) 
PARAMETRIC_REPRESENTATION_CONTEXT() REPRESENTATION_CONTEXT('2D SPACE',''
  ) );
#1587 = PCURVE('',#913,#1588);
#1588 = DEFINITIONAL_REPRESENTATION('',(#1589),#1597);
#1589 = ( BOUNDED_CURVE() B_SPLINE_CURVE(2,(#1590,#1591,#1592,#1593,
#1594,#1595,#1596),.UNSPECIFIED.,.T.,.F.) B_SPLINE_CURVE_WITH_KNOTS((1,2
    ,2,2,2,1),(-2.094395102393,0.,2.094395102393,4.188790204786,
6.28318530718,8.377580409573),.UNSPECIFIED.) CURVE() 
GEOMETRIC_REPRESENTATION_ITEM() RATIONAL_B_SPLINE_CURVE((1.,0.5,1.,0.5,
1.,0.5,1.)) REPRESENTATION_ITEM('') );
#1590 = CARTESIAN_POINT('',(5.099999552965,6.000000700355));
#1591 = CARTESIAN_POINT('',(5.099999552965,10.15692263852));
#1592 = CARTESIAN_POINT('',(8.699999552965,8.078461669437));
#1593 = CARTESIAN_POINT('',(12.299999552965,6.000000700355));
#1594 = CARTESIAN_POINT('',(8.699999552965,3.921539731272));
#1595 = CARTESIAN_POINT('',(5.099999552965,1.843078762189));
#1596 = CARTESIAN_POINT('',(5.099999552965,6.000000700355));
#1597 = ( GEOMETRIC_REPRESENTATION_CONTEXT(2) 
PARAMETRIC_REPRESENTATION_CONTEXT() REPRESENTATION_CONTEXT('2D SPACE',''
  ) );
#1598 = ADVANCED_FACE('',(#1599),#1556,.T.);
#1599 = FACE_BOUND('',#1600,.T.);
#1600 = EDGE_LOOP('',(#1601));
#1601 = ORIENTED_EDGE('',*,*,#1541,.F.);
#1602 = ADVANCED_FACE('',(#1603),#1617,.F.);
#1603 = FACE_BOUND('',#1604,.F.);
#1604 = EDGE_LOOP('',(#1605,#1635,#1666,#1667));
#1605 = ORIENTED_EDGE('',*,*,#1606,.T.);
#1606 = EDGE_CURVE('',#1607,#1609,#1611,.T.);
#1607 = VERTEX_POINT('',#1608);
#1608 = CARTESIAN_POINT('',(-20.63269279951,-31.53735370512,-42.));
#1609 = VERTEX_POINT('',#1610);
#1610 = CARTESIAN_POINT('',(-20.63269279951,-31.53735370512,-72.));
#1611 = SEAM_CURVE('',#1612,(#1616,#1628),.PCURVE_S1.);
#1612 = LINE('',#1613,#1614);
#1613 = CARTESIAN_POINT('',(-20.63269279951,-31.53735370512,-29.));
#1614 = VECTOR('',#1615,1.);
#1615 = DIRECTION('',(3.330669073875E-17,1.221245327088E-16,-1.));
#1616 = PCURVE('',#1617,#1622);
#1617 = CYLINDRICAL_SURFACE('',#1618,1.45);
#1618 = AXIS2_PLACEMENT_3D('',#1619,#1620,#1621);
#1619 = CARTESIAN_POINT('',(-22.08269279951,-31.53735370512,-29.));
#1620 = DIRECTION('',(3.330669073875E-17,1.221245327088E-16,-1.));
#1621 = DIRECTION('',(-1.,4.067564042546E-33,-3.330669073875E-17));
#1622 = DEFINITIONAL_REPRESENTATION('',(#1623),#1627);
#1623 = LINE('',#1624,#1625);
#1624 = CARTESIAN_POINT('',(3.14159265359,-3.552713678801E-15));
#1625 = VECTOR('',#1626,1.);
#1626 = DIRECTION('',(0.,1.));
#1627 = ( GEOMETRIC_REPRESENTATION_CONTEXT(2) 
PARAMETRIC_REPRESENTATION_CONTEXT() REPRESENTATION_CONTEXT('2D SPACE',''
  ) );
#1628 = PCURVE('',#1617,#1629);
#1629 = DEFINITIONAL_REPRESENTATION('',(#1630),#1634);
#1630 = LINE('',#1631,#1632);
#1631 = CARTESIAN_POINT('',(-3.14159265359,-3.552713678801E-15));
#1632 = VECTOR('',#1633,1.);
#1633 = DIRECTION('',(0.,1.));
#1634 = ( GEOMETRIC_REPRESENTATION_CONTEXT(2) 
PARAMETRIC_REPRESENTATION_CONTEXT() REPRESENTATION_CONTEXT('2D SPACE',''
  ) );
#1635 = ORIENTED_EDGE('',*,*,#1636,.T.);
#1636 = EDGE_CURVE('',#1609,#1609,#1637,.T.);
#1637 = SURFACE_CURVE('',#1638,(#1643,#1650),.PCURVE_S1.);
#1638 = CIRCLE('',#1639,1.45);
#1639 = AXIS2_PLACEMENT_3D('',#1640,#1641,#1642);
#1640 = CARTESIAN_POINT('',(-22.08269279951,-31.53735370512,-72.));
#1641 = DIRECTION('',(0.,0.,1.));
#1642 = DIRECTION('',(-1.,4.067564042546E-33,0.));
#1643 = PCURVE('',#1617,#1644);
#1644 = DEFINITIONAL_REPRESENTATION('',(#1645),#1649);
#1645 = LINE('',#1646,#1647);
#1646 = CARTESIAN_POINT('',(6.28318530718,43.));
#1647 = VECTOR('',#1648,1.);
#1648 = DIRECTION('',(-1.,0.));
#1649 = ( GEOMETRIC_REPRESENTATION_CONTEXT(2) 
PARAMETRIC_REPRESENTATION_CONTEXT() REPRESENTATION_CONTEXT('2D SPACE',''
  ) );
#1650 = PCURVE('',#1651,#1656);
#1651 = PLANE('',#1652);
#1652 = AXIS2_PLACEMENT_3D('',#1653,#1654,#1655);
#1653 = CARTESIAN_POINT('',(-8.881784197001E-15,-3.786796564405E-02,-72.
    ));
#1654 = DIRECTION('',(0.,0.,-1.));
#1655 = DIRECTION('',(1.,0.,0.));
#1656 = DEFINITIONAL_REPRESENTATION('',(#1657),#1665);
#1657 = ( BOUNDED_CURVE() B_SPLINE_CURVE(2,(#1658,#1659,#1660,#1661,
#1662,#1663,#1664),.UNSPECIFIED.,.T.,.F.) B_SPLINE_CURVE_WITH_KNOTS((1,2
    ,2,2,2,1),(-2.094395102393,0.,2.094395102393,4.188790204786,
6.28318530718,8.377580409573),.UNSPECIFIED.) CURVE() 
GEOMETRIC_REPRESENTATION_ITEM() RATIONAL_B_SPLINE_CURVE((1.,0.5,1.,0.5,
1.,0.5,1.)) REPRESENTATION_ITEM('') );
#1658 = CARTESIAN_POINT('',(-23.53269279951,31.499485739482));
#1659 = CARTESIAN_POINT('',(-23.53269279951,34.010959410457));
#1660 = CARTESIAN_POINT('',(-21.35769279951,32.75522257497));
#1661 = CARTESIAN_POINT('',(-19.18269279951,31.499485739482));
#1662 = CARTESIAN_POINT('',(-21.35769279951,30.243748903995));
#1663 = CARTESIAN_POINT('',(-23.53269279951,28.988012068507));
#1664 = CARTESIAN_POINT('',(-23.53269279951,31.499485739482));
#1665 = ( GEOMETRIC_REPRESENTATION_CONTEXT(2) 
PARAMETRIC_REPRESENTATION_CONTEXT() REPRESENTATION_CONTEXT('2D SPACE',''
  ) );
#1666 = ORIENTED_EDGE('',*,*,#1606,.F.);
#1667 = ORIENTED_EDGE('',*,*,#1668,.T.);
#1668 = EDGE_CURVE('',#1607,#1607,#1669,.T.);
#1669 = SURFACE_CURVE('',#1670,(#1675,#1682),.PCURVE_S1.);
#1670 = CIRCLE('',#1671,1.45);
#1671 = AXIS2_PLACEMENT_3D('',#1672,#1673,#1674);
#1672 = CARTESIAN_POINT('',(-22.08269279951,-31.53735370512,-42.));
#1673 = DIRECTION('',(0.,0.,-1.));
#1674 = DIRECTION('',(-1.,4.067564042546E-33,0.));
#1675 = PCURVE('',#1617,#1676);
#1676 = DEFINITIONAL_REPRESENTATION('',(#1677),#1681);
#1677 = LINE('',#1678,#1679);
#1678 = CARTESIAN_POINT('',(-6.28318530718,13.));
#1679 = VECTOR('',#1680,1.);
#1680 = DIRECTION('',(1.,0.));
#1681 = ( GEOMETRIC_REPRESENTATION_CONTEXT(2) 
PARAMETRIC_REPRESENTATION_CONTEXT() REPRESENTATION_CONTEXT('2D SPACE',''
  ) );
#1682 = PCURVE('',#1683,#1688);
#1683 = PLANE('',#1684);
#1684 = AXIS2_PLACEMENT_3D('',#1685,#1686,#1687);
#1685 = CARTESIAN_POINT('',(-8.881784197001E-15,-3.786796564405E-02,-42.
    ));
#1686 = DIRECTION('',(0.,0.,-1.));
#1687 = DIRECTION('',(1.,0.,0.));
#1688 = DEFINITIONAL_REPRESENTATION('',(#1689),#1693);
#1689 = CIRCLE('',#1690,1.45);
#1690 = AXIS2_PLACEMENT_2D('',#1691,#1692);
#1691 = CARTESIAN_POINT('',(-22.08269279951,31.499485739482));
#1692 = DIRECTION('',(-1.,-4.067564042546E-33));
#1693 = ( GEOMETRIC_REPRESENTATION_CONTEXT(2) 
PARAMETRIC_REPRESENTATION_CONTEXT() REPRESENTATION_CONTEXT('2D SPACE',''
  ) );
#1694 = ADVANCED_FACE('',(#1695),#1709,.F.);
#1695 = FACE_BOUND('',#1696,.F.);
#1696 = EDGE_LOOP('',(#1697,#1727,#1753,#1754));
#1697 = ORIENTED_EDGE('',*,*,#1698,.T.);
#1698 = EDGE_CURVE('',#1699,#1701,#1703,.T.);
#1699 = VERTEX_POINT('',#1700);
#1700 = CARTESIAN_POINT('',(23.532692799515,31.537353705126,-42.));
#1701 = VERTEX_POINT('',#1702);
#1702 = CARTESIAN_POINT('',(23.532692799515,31.537353705126,-72.));
#1703 = SEAM_CURVE('',#1704,(#1708,#1720),.PCURVE_S1.);
#1704 = LINE('',#1705,#1706);
#1705 = CARTESIAN_POINT('',(23.532692799515,31.537353705126,-29.));
#1706 = VECTOR('',#1707,1.);
#1707 = DIRECTION('',(3.330669073875E-17,1.221245327088E-16,-1.));
#1708 = PCURVE('',#1709,#1714);
#1709 = CYLINDRICAL_SURFACE('',#1710,1.45);
#1710 = AXIS2_PLACEMENT_3D('',#1711,#1712,#1713);
#1711 = CARTESIAN_POINT('',(22.082692799515,31.537353705126,-29.));
#1712 = DIRECTION('',(3.330669073875E-17,1.221245327088E-16,-1.));
#1713 = DIRECTION('',(-1.,4.067564042546E-33,-3.330669073875E-17));
#1714 = DEFINITIONAL_REPRESENTATION('',(#1715),#1719);
#1715 = LINE('',#1716,#1717);
#1716 = CARTESIAN_POINT('',(3.14159265359,3.552713678801E-15));
#1717 = VECTOR('',#1718,1.);
#1718 = DIRECTION('',(0.,1.));
#1719 = ( GEOMETRIC_REPRESENTATION_CONTEXT(2) 
PARAMETRIC_REPRESENTATION_CONTEXT() REPRESENTATION_CONTEXT('2D SPACE',''
  ) );
#1720 = PCURVE('',#1709,#1721);
#1721 = DEFINITIONAL_REPRESENTATION('',(#1722),#1726);
#1722 = LINE('',#1723,#1724);
#1723 = CARTESIAN_POINT('',(-3.14159265359,3.552713678801E-15));
#1724 = VECTOR('',#1725,1.);
#1725 = DIRECTION('',(0.,1.));
#1726 = ( GEOMETRIC_REPRESENTATION_CONTEXT(2) 
PARAMETRIC_REPRESENTATION_CONTEXT() REPRESENTATION_CONTEXT('2D SPACE',''
  ) );
#1727 = ORIENTED_EDGE('',*,*,#1728,.T.);
#1728 = EDGE_CURVE('',#1701,#1701,#1729,.T.);
#1729 = SURFACE_CURVE('',#1730,(#1735,#1742),.PCURVE_S1.);
#1730 = CIRCLE('',#1731,1.45);
#1731 = AXIS2_PLACEMENT_3D('',#1732,#1733,#1734);
#1732 = CARTESIAN_POINT('',(22.082692799515,31.537353705126,-72.));
#1733 = DIRECTION('',(0.,0.,1.));
#1734 = DIRECTION('',(-1.,4.067564042546E-33,0.));
#1735 = PCURVE('',#1709,#1736);
#1736 = DEFINITIONAL_REPRESENTATION('',(#1737),#1741);
#1737 = LINE('',#1738,#1739);
#1738 = CARTESIAN_POINT('',(6.28318530718,43.));
#1739 = VECTOR('',#1740,1.);
#1740 = DIRECTION('',(-1.,0.));
#1741 = ( GEOMETRIC_REPRESENTATION_CONTEXT(2) 
PARAMETRIC_REPRESENTATION_CONTEXT() REPRESENTATION_CONTEXT('2D SPACE',''
  ) );
#1742 = PCURVE('',#1651,#1743);
#1743 = DEFINITIONAL_REPRESENTATION('',(#1744),#1752);
#1744 = ( BOUNDED_CURVE() B_SPLINE_CURVE(2,(#1745,#1746,#1747,#1748,
#1749,#1750,#1751),.UNSPECIFIED.,.T.,.F.) B_SPLINE_CURVE_WITH_KNOTS((1,2
    ,2,2,2,1),(-2.094395102393,0.,2.094395102393,4.188790204786,
6.28318530718,8.377580409573),.UNSPECIFIED.) CURVE() 
GEOMETRIC_REPRESENTATION_ITEM() RATIONAL_B_SPLINE_CURVE((1.,0.5,1.,0.5,
1.,0.5,1.)) REPRESENTATION_ITEM('') );
#1745 = CARTESIAN_POINT('',(20.632692799515,-31.57522167077));
#1746 = CARTESIAN_POINT('',(20.632692799515,-29.06374799979));
#1747 = CARTESIAN_POINT('',(22.807692799515,-30.31948483528));
#1748 = CARTESIAN_POINT('',(24.982692799515,-31.57522167077));
#1749 = CARTESIAN_POINT('',(22.807692799515,-32.83095850625));
#1750 = CARTESIAN_POINT('',(20.632692799515,-34.08669534174));
#1751 = CARTESIAN_POINT('',(20.632692799515,-31.57522167077));
#1752 = ( GEOMETRIC_REPRESENTATION_CONTEXT(2) 
PARAMETRIC_REPRESENTATION_CONTEXT() REPRESENTATION_CONTEXT('2D SPACE',''
  ) );
#1753 = ORIENTED_EDGE('',*,*,#1698,.F.);
#1754 = ORIENTED_EDGE('',*,*,#1755,.T.);
#1755 = EDGE_CURVE('',#1699,#1699,#1756,.T.);
#1756 = SURFACE_CURVE('',#1757,(#1762,#1769),.PCURVE_S1.);
#1757 = CIRCLE('',#1758,1.45);
#1758 = AXIS2_PLACEMENT_3D('',#1759,#1760,#1761);
#1759 = CARTESIAN_POINT('',(22.082692799515,31.537353705126,-42.));
#1760 = DIRECTION('',(0.,0.,-1.));
#1761 = DIRECTION('',(-1.,4.067564042546E-33,0.));
#1762 = PCURVE('',#1709,#1763);
#1763 = DEFINITIONAL_REPRESENTATION('',(#1764),#1768);
#1764 = LINE('',#1765,#1766);
#1765 = CARTESIAN_POINT('',(-6.28318530718,13.));
#1766 = VECTOR('',#1767,1.);
#1767 = DIRECTION('',(1.,0.));
#1768 = ( GEOMETRIC_REPRESENTATION_CONTEXT(2) 
PARAMETRIC_REPRESENTATION_CONTEXT() REPRESENTATION_CONTEXT('2D SPACE',''
  ) );
#1769 = PCURVE('',#1683,#1770);
#1770 = DEFINITIONAL_REPRESENTATION('',(#1771),#1775);
#1771 = CIRCLE('',#1772,1.45);
#1772 = AXIS2_PLACEMENT_2D('',#1773,#1774);
#1773 = CARTESIAN_POINT('',(22.082692799515,-31.57522167077));
#1774 = DIRECTION('',(-1.,-4.067564042546E-33));
#1775 = ( GEOMETRIC_REPRESENTATION_CONTEXT(2) 
PARAMETRIC_REPRESENTATION_CONTEXT() REPRESENTATION_CONTEXT('2D SPACE',''
  ) );
#1776 = ADVANCED_FACE('',(#1777),#1791,.F.);
#1777 = FACE_BOUND('',#1778,.F.);
#1778 = EDGE_LOOP('',(#1779,#1809,#1835,#1836));
#1779 = ORIENTED_EDGE('',*,*,#1780,.T.);
#1780 = EDGE_CURVE('',#1781,#1783,#1785,.T.);
#1781 = VERTEX_POINT('',#1782);
#1782 = CARTESIAN_POINT('',(23.532692799515,-31.53735370512,-42.));
#1783 = VERTEX_POINT('',#1784);
#1784 = CARTESIAN_POINT('',(23.532692799515,-31.53735370512,-72.));
#1785 = SEAM_CURVE('',#1786,(#1790,#1802),.PCURVE_S1.);
#1786 = LINE('',#1787,#1788);
#1787 = CARTESIAN_POINT('',(23.532692799515,-31.53735370512,-29.));
#1788 = VECTOR('',#1789,1.);
#1789 = DIRECTION('',(3.330669073875E-17,1.221245327088E-16,-1.));
#1790 = PCURVE('',#1791,#1796);
#1791 = CYLINDRICAL_SURFACE('',#1792,1.45);
#1792 = AXIS2_PLACEMENT_3D('',#1793,#1794,#1795);
#1793 = CARTESIAN_POINT('',(22.082692799515,-31.53735370512,-29.));
#1794 = DIRECTION('',(3.330669073875E-17,1.221245327088E-16,-1.));
#1795 = DIRECTION('',(-1.,4.067564042546E-33,-3.330669073875E-17));
#1796 = DEFINITIONAL_REPRESENTATION('',(#1797),#1801);
#1797 = LINE('',#1798,#1799);
#1798 = CARTESIAN_POINT('',(3.14159265359,3.552713678801E-15));
#1799 = VECTOR('',#1800,1.);
#1800 = DIRECTION('',(0.,1.));
#1801 = ( GEOMETRIC_REPRESENTATION_CONTEXT(2) 
PARAMETRIC_REPRESENTATION_CONTEXT() REPRESENTATION_CONTEXT('2D SPACE',''
  ) );
#1802 = PCURVE('',#1791,#1803);
#1803 = DEFINITIONAL_REPRESENTATION('',(#1804),#1808);
#1804 = LINE('',#1805,#1806);
#1805 = CARTESIAN_POINT('',(-3.14159265359,3.552713678801E-15));
#1806 = VECTOR('',#1807,1.);
#1807 = DIRECTION('',(0.,1.));
#1808 = ( GEOMETRIC_REPRESENTATION_CONTEXT(2) 
PARAMETRIC_REPRESENTATION_CONTEXT() REPRESENTATION_CONTEXT('2D SPACE',''
  ) );
#1809 = ORIENTED_EDGE('',*,*,#1810,.T.);
#1810 = EDGE_CURVE('',#1783,#1783,#1811,.T.);
#1811 = SURFACE_CURVE('',#1812,(#1817,#1824),.PCURVE_S1.);
#1812 = CIRCLE('',#1813,1.45);
#1813 = AXIS2_PLACEMENT_3D('',#1814,#1815,#1816);
#1814 = CARTESIAN_POINT('',(22.082692799515,-31.53735370512,-72.));
#1815 = DIRECTION('',(0.,0.,1.));
#1816 = DIRECTION('',(-1.,4.067564042546E-33,0.));
#1817 = PCURVE('',#1791,#1818);
#1818 = DEFINITIONAL_REPRESENTATION('',(#1819),#1823);
#1819 = LINE('',#1820,#1821);
#1820 = CARTESIAN_POINT('',(6.28318530718,43.));
#1821 = VECTOR('',#1822,1.);
#1822 = DIRECTION('',(-1.,0.));
#1823 = ( GEOMETRIC_REPRESENTATION_CONTEXT(2) 
PARAMETRIC_REPRESENTATION_CONTEXT() REPRESENTATION_CONTEXT('2D SPACE',''
  ) );
#1824 = PCURVE('',#1651,#1825);
#1825 = DEFINITIONAL_REPRESENTATION('',(#1826),#1834);
#1826 = ( BOUNDED_CURVE() B_SPLINE_CURVE(2,(#1827,#1828,#1829,#1830,
#1831,#1832,#1833),.UNSPECIFIED.,.T.,.F.) B_SPLINE_CURVE_WITH_KNOTS((1,2
    ,2,2,2,1),(-2.094395102393,0.,2.094395102393,4.188790204786,
6.28318530718,8.377580409573),.UNSPECIFIED.) CURVE() 
GEOMETRIC_REPRESENTATION_ITEM() RATIONAL_B_SPLINE_CURVE((1.,0.5,1.,0.5,
1.,0.5,1.)) REPRESENTATION_ITEM('') );
#1827 = CARTESIAN_POINT('',(20.632692799515,31.499485739482));
#1828 = CARTESIAN_POINT('',(20.632692799515,34.010959410457));
#1829 = CARTESIAN_POINT('',(22.807692799515,32.75522257497));
#1830 = CARTESIAN_POINT('',(24.982692799515,31.499485739482));
#1831 = CARTESIAN_POINT('',(22.807692799515,30.243748903995));
#1832 = CARTESIAN_POINT('',(20.632692799515,28.988012068507));
#1833 = CARTESIAN_POINT('',(20.632692799515,31.499485739482));
#1834 = ( GEOMETRIC_REPRESENTATION_CONTEXT(2) 
PARAMETRIC_REPRESENTATION_CONTEXT() REPRESENTATION_CONTEXT('2D SPACE',''
  ) );
#1835 = ORIENTED_EDGE('',*,*,#1780,.F.);
#1836 = ORIENTED_EDGE('',*,*,#1837,.T.);
#1837 = EDGE_CURVE('',#1781,#1781,#1838,.T.);
#1838 = SURFACE_CURVE('',#1839,(#1844,#1851),.PCURVE_S1.);
#1839 = CIRCLE('',#1840,1.45);
#1840 = AXIS2_PLACEMENT_3D('',#1841,#1842,#1843);
#1841 = CARTESIAN_POINT('',(22.082692799515,-31.53735370512,-42.));
#1842 = DIRECTION('',(0.,0.,-1.));
#1843 = DIRECTION('',(-1.,4.067564042546E-33,0.));
#1844 = PCURVE('',#1791,#1845);
#1845 = DEFINITIONAL_REPRESENTATION('',(#1846),#1850);
#1846 = LINE('',#1847,#1848);
#1847 = CARTESIAN_POINT('',(-6.28318530718,13.));
#1848 = VECTOR('',#1849,1.);
#1849 = DIRECTION('',(1.,0.));
#1850 = ( GEOMETRIC_REPRESENTATION_CONTEXT(2) 
PARAMETRIC_REPRESENTATION_CONTEXT() REPRESENTATION_CONTEXT('2D SPACE',''
  ) );
#1851 = PCURVE('',#1683,#1852);
#1852 = DEFINITIONAL_REPRESENTATION('',(#1853),#1857);
#1853 = CIRCLE('',#1854,1.45);
#1854 = AXIS2_PLACEMENT_2D('',#1855,#1856);
#1855 = CARTESIAN_POINT('',(22.082692799515,31.499485739482));
#1856 = DIRECTION('',(-1.,-4.067564042546E-33));
#1857 = ( GEOMETRIC_REPRESENTATION_CONTEXT(2) 
PARAMETRIC_REPRESENTATION_CONTEXT() REPRESENTATION_CONTEXT('2D SPACE',''
  ) );
#1858 = ADVANCED_FACE('',(#1859),#1873,.F.);
#1859 = FACE_BOUND('',#1860,.F.);
#1860 = EDGE_LOOP('',(#1861,#1891,#1917,#1918));
#1861 = ORIENTED_EDGE('',*,*,#1862,.T.);
#1862 = EDGE_CURVE('',#1863,#1865,#1867,.T.);
#1863 = VERTEX_POINT('',#1864);
#1864 = CARTESIAN_POINT('',(-20.63269279951,31.537353705126,-42.));
#1865 = VERTEX_POINT('',#1866);
#1866 = CARTESIAN_POINT('',(-20.63269279951,31.537353705126,-72.));
#1867 = SEAM_CURVE('',#1868,(#1872,#1884),.PCURVE_S1.);
#1868 = LINE('',#1869,#1870);
#1869 = CARTESIAN_POINT('',(-20.63269279951,31.537353705126,-29.));
#1870 = VECTOR('',#1871,1.);
#1871 = DIRECTION('',(3.330669073875E-17,1.221245327088E-16,-1.));
#1872 = PCURVE('',#1873,#1878);
#1873 = CYLINDRICAL_SURFACE('',#1874,1.45);
#1874 = AXIS2_PLACEMENT_3D('',#1875,#1876,#1877);
#1875 = CARTESIAN_POINT('',(-22.08269279951,31.537353705126,-29.));
#1876 = DIRECTION('',(3.330669073875E-17,1.221245327088E-16,-1.));
#1877 = DIRECTION('',(-1.,4.067564042546E-33,-3.330669073875E-17));
#1878 = DEFINITIONAL_REPRESENTATION('',(#1879),#1883);
#1879 = LINE('',#1880,#1881);
#1880 = CARTESIAN_POINT('',(3.14159265359,-3.552713678801E-15));
#1881 = VECTOR('',#1882,1.);
#1882 = DIRECTION('',(0.,1.));
#1883 = ( GEOMETRIC_REPRESENTATION_CONTEXT(2) 
PARAMETRIC_REPRESENTATION_CONTEXT() REPRESENTATION_CONTEXT('2D SPACE',''
  ) );
#1884 = PCURVE('',#1873,#1885);
#1885 = DEFINITIONAL_REPRESENTATION('',(#1886),#1890);
#1886 = LINE('',#1887,#1888);
#1887 = CARTESIAN_POINT('',(-3.14159265359,-3.552713678801E-15));
#1888 = VECTOR('',#1889,1.);
#1889 = DIRECTION('',(0.,1.));
#1890 = ( GEOMETRIC_REPRESENTATION_CONTEXT(2) 
PARAMETRIC_REPRESENTATION_CONTEXT() REPRESENTATION_CONTEXT('2D SPACE',''
  ) );
#1891 = ORIENTED_EDGE('',*,*,#1892,.T.);
#1892 = EDGE_CURVE('',#1865,#1865,#1893,.T.);
#1893 = SURFACE_CURVE('',#1894,(#1899,#1906),.PCURVE_S1.);
#1894 = CIRCLE('',#1895,1.45);
#1895 = AXIS2_PLACEMENT_3D('',#1896,#1897,#1898);
#1896 = CARTESIAN_POINT('',(-22.08269279951,31.537353705126,-72.));
#1897 = DIRECTION('',(0.,0.,1.));
#1898 = DIRECTION('',(-1.,4.067564042546E-33,0.));
#1899 = PCURVE('',#1873,#1900);
#1900 = DEFINITIONAL_REPRESENTATION('',(#1901),#1905);
#1901 = LINE('',#1902,#1903);
#1902 = CARTESIAN_POINT('',(6.28318530718,43.));
#1903 = VECTOR('',#1904,1.);
#1904 = DIRECTION('',(-1.,0.));
#1905 = ( GEOMETRIC_REPRESENTATION_CONTEXT(2) 
PARAMETRIC_REPRESENTATION_CONTEXT() REPRESENTATION_CONTEXT('2D SPACE',''
  ) );
#1906 = PCURVE('',#1651,#1907);
#1907 = DEFINITIONAL_REPRESENTATION('',(#1908),#1916);
#1908 = ( BOUNDED_CURVE() B_SPLINE_CURVE(2,(#1909,#1910,#1911,#1912,
#1913,#1914,#1915),.UNSPECIFIED.,.T.,.F.) B_SPLINE_CURVE_WITH_KNOTS((1,2
    ,2,2,2,1),(-2.094395102393,0.,2.094395102393,4.188790204786,
6.28318530718,8.377580409573),.UNSPECIFIED.) CURVE() 
GEOMETRIC_REPRESENTATION_ITEM() RATIONAL_B_SPLINE_CURVE((1.,0.5,1.,0.5,
1.,0.5,1.)) REPRESENTATION_ITEM('') );
#1909 = CARTESIAN_POINT('',(-23.53269279951,-31.57522167077));
#1910 = CARTESIAN_POINT('',(-23.53269279951,-29.06374799979));
#1911 = CARTESIAN_POINT('',(-21.35769279951,-30.31948483528));
#1912 = CARTESIAN_POINT('',(-19.18269279951,-31.57522167077));
#1913 = CARTESIAN_POINT('',(-21.35769279951,-32.83095850625));
#1914 = CARTESIAN_POINT('',(-23.53269279951,-34.08669534174));
#1915 = CARTESIAN_POINT('',(-23.53269279951,-31.57522167077));
#1916 = ( GEOMETRIC_REPRESENTATION_CONTEXT(2) 
PARAMETRIC_REPRESENTATION_CONTEXT() REPRESENTATION_CONTEXT('2D SPACE',''
  ) );
#1917 = ORIENTED_EDGE('',*,*,#1862,.F.);
#1918 = ORIENTED_EDGE('',*,*,#1919,.T.);
#1919 = EDGE_CURVE('',#1863,#1863,#1920,.T.);
#1920 = SURFACE_CURVE('',#1921,(#1926,#1933),.PCURVE_S1.);
#1921 = CIRCLE('',#1922,1.45);
#1922 = AXIS2_PLACEMENT_3D('',#1923,#1924,#1925);
#1923 = CARTESIAN_POINT('',(-22.08269279951,31.537353705126,-42.));
#1924 = DIRECTION('',(0.,0.,-1.));
#1925 = DIRECTION('',(-1.,4.067564042546E-33,0.));
#1926 = PCURVE('',#1873,#1927);
#1927 = DEFINITIONAL_REPRESENTATION('',(#1928),#1932);
#1928 = LINE('',#1929,#1930);
#1929 = CARTESIAN_POINT('',(-6.28318530718,13.));
#1930 = VECTOR('',#1931,1.);
#1931 = DIRECTION('',(1.,0.));
#1932 = ( GEOMETRIC_REPRESENTATION_CONTEXT(2) 
PARAMETRIC_REPRESENTATION_CONTEXT() REPRESENTATION_CONTEXT('2D SPACE',''
  ) );
#1933 = PCURVE('',#1683,#1934);
#1934 = DEFINITIONAL_REPRESENTATION('',(#1935),#1939);
#1935 = CIRCLE('',#1936,1.45);
#1936 = AXIS2_PLACEMENT_2D('',#1937,#1938);
#1937 = CARTESIAN_POINT('',(-22.08269279951,-31.57522167077));
#1938 = DIRECTION('',(-1.,-4.067564042546E-33));
#1939 = ( GEOMETRIC_REPRESENTATION_CONTEXT(2) 
PARAMETRIC_REPRESENTATION_CONTEXT() REPRESENTATION_CONTEXT('2D SPACE',''
  ) );
#1940 = ADVANCED_FACE('',(#1941),#1955,.F.);
#1941 = FACE_BOUND('',#1942,.F.);
#1942 = EDGE_LOOP('',(#1943,#1973,#1999,#2000));
#1943 = ORIENTED_EDGE('',*,*,#1944,.T.);
#1944 = EDGE_CURVE('',#1945,#1947,#1949,.T.);
#1945 = VERTEX_POINT('',#1946);
#1946 = CARTESIAN_POINT('',(-32.5,-3.786796564405E-02,-72.));
#1947 = VERTEX_POINT('',#1948);
#1948 = CARTESIAN_POINT('',(-32.5,-3.786796564405E-02,-42.));
#1949 = SEAM_CURVE('',#1950,(#1954,#1966),.PCURVE_S1.);
#1950 = LINE('',#1951,#1952);
#1951 = CARTESIAN_POINT('',(-32.5,-3.786796564405E-02,-42.));
#1952 = VECTOR('',#1953,1.);
#1953 = DIRECTION('',(0.,0.,1.));
#1954 = PCURVE('',#1955,#1960);
#1955 = CYLINDRICAL_SURFACE('',#1956,32.5);
#1956 = AXIS2_PLACEMENT_3D('',#1957,#1958,#1959);
#1957 = CARTESIAN_POINT('',(-1.013074930046E-14,-3.786796564405E-02,-42.
    ));
#1958 = DIRECTION('',(0.,0.,-1.));
#1959 = DIRECTION('',(1.,0.,0.));
#1960 = DEFINITIONAL_REPRESENTATION('',(#1961),#1965);
#1961 = LINE('',#1962,#1963);
#1962 = CARTESIAN_POINT('',(-3.14159265359,0.));
#1963 = VECTOR('',#1964,1.);
#1964 = DIRECTION('',(0.,-1.));
#1965 = ( GEOMETRIC_REPRESENTATION_CONTEXT(2) 
PARAMETRIC_REPRESENTATION_CONTEXT() REPRESENTATION_CONTEXT('2D SPACE',''
  ) );
#1966 = PCURVE('',#1955,#1967);
#1967 = DEFINITIONAL_REPRESENTATION('',(#1968),#1972);
#1968 = LINE('',#1969,#1970);
#1969 = CARTESIAN_POINT('',(3.14159265359,0.));
#1970 = VECTOR('',#1971,1.);
#1971 = DIRECTION('',(0.,-1.));
#1972 = ( GEOMETRIC_REPRESENTATION_CONTEXT(2) 
PARAMETRIC_REPRESENTATION_CONTEXT() REPRESENTATION_CONTEXT('2D SPACE',''
  ) );
#1973 = ORIENTED_EDGE('',*,*,#1974,.F.);
#1974 = EDGE_CURVE('',#1947,#1947,#1975,.T.);
#1975 = SURFACE_CURVE('',#1976,(#1981,#1988),.PCURVE_S1.);
#1976 = CIRCLE('',#1977,32.5);
#1977 = AXIS2_PLACEMENT_3D('',#1978,#1979,#1980);
#1978 = CARTESIAN_POINT('',(-1.013074930046E-14,-3.786796564405E-02,-42.
    ));
#1979 = DIRECTION('',(0.,0.,1.));
#1980 = DIRECTION('',(1.,0.,-0.));
#1981 = PCURVE('',#1955,#1982);
#1982 = DEFINITIONAL_REPRESENTATION('',(#1983),#1987);
#1983 = LINE('',#1984,#1985);
#1984 = CARTESIAN_POINT('',(6.28318530718,0.));
#1985 = VECTOR('',#1986,1.);
#1986 = DIRECTION('',(-1.,0.));
#1987 = ( GEOMETRIC_REPRESENTATION_CONTEXT(2) 
PARAMETRIC_REPRESENTATION_CONTEXT() REPRESENTATION_CONTEXT('2D SPACE',''
  ) );
#1988 = PCURVE('',#1683,#1989);
#1989 = DEFINITIONAL_REPRESENTATION('',(#1990),#1998);
#1990 = ( BOUNDED_CURVE() B_SPLINE_CURVE(2,(#1991,#1992,#1993,#1994,
#1995,#1996,#1997),.UNSPECIFIED.,.T.,.F.) B_SPLINE_CURVE_WITH_KNOTS((1,2
    ,2,2,2,1),(-2.094395102393,0.,2.094395102393,4.188790204786,
6.28318530718,8.377580409573),.UNSPECIFIED.) CURVE() 
GEOMETRIC_REPRESENTATION_ITEM() RATIONAL_B_SPLINE_CURVE((1.,0.5,1.,0.5,
1.,0.5,1.)) REPRESENTATION_ITEM('') );
#1991 = CARTESIAN_POINT('',(32.5,-3.955169525227E-16));
#1992 = CARTESIAN_POINT('',(32.5,-56.29165124598));
#1993 = CARTESIAN_POINT('',(-16.25,-28.14582562299));
#1994 = CARTESIAN_POINT('',(-65.,-8.355721146981E-15));
#1995 = CARTESIAN_POINT('',(-16.25,28.145825622994));
#1996 = CARTESIAN_POINT('',(32.5,56.291651245989));
#1997 = CARTESIAN_POINT('',(32.5,-3.955169525227E-16));
#1998 = ( GEOMETRIC_REPRESENTATION_CONTEXT(2) 
PARAMETRIC_REPRESENTATION_CONTEXT() REPRESENTATION_CONTEXT('2D SPACE',''
  ) );
#1999 = ORIENTED_EDGE('',*,*,#1944,.F.);
#2000 = ORIENTED_EDGE('',*,*,#2001,.T.);
#2001 = EDGE_CURVE('',#1945,#1945,#2002,.T.);
#2002 = SURFACE_CURVE('',#2003,(#2008,#2015),.PCURVE_S1.);
#2003 = CIRCLE('',#2004,32.5);
#2004 = AXIS2_PLACEMENT_3D('',#2005,#2006,#2007);
#2005 = CARTESIAN_POINT('',(-1.013074930046E-14,-3.786796564405E-02,-72.
    ));
#2006 = DIRECTION('',(0.,0.,1.));
#2007 = DIRECTION('',(1.,0.,-0.));
#2008 = PCURVE('',#1955,#2009);
#2009 = DEFINITIONAL_REPRESENTATION('',(#2010),#2014);
#2010 = LINE('',#2011,#2012);
#2011 = CARTESIAN_POINT('',(6.28318530718,30.));
#2012 = VECTOR('',#2013,1.);
#2013 = DIRECTION('',(-1.,0.));
#2014 = ( GEOMETRIC_REPRESENTATION_CONTEXT(2) 
PARAMETRIC_REPRESENTATION_CONTEXT() REPRESENTATION_CONTEXT('2D SPACE',''
  ) );
#2015 = PCURVE('',#1651,#2016);
#2016 = DEFINITIONAL_REPRESENTATION('',(#2017),#2025);
#2017 = ( BOUNDED_CURVE() B_SPLINE_CURVE(2,(#2018,#2019,#2020,#2021,
#2022,#2023,#2024),.UNSPECIFIED.,.T.,.F.) B_SPLINE_CURVE_WITH_KNOTS((1,2
    ,2,2,2,1),(-2.094395102393,0.,2.094395102393,4.188790204786,
6.28318530718,8.377580409573),.UNSPECIFIED.) CURVE() 
GEOMETRIC_REPRESENTATION_ITEM() RATIONAL_B_SPLINE_CURVE((1.,0.5,1.,0.5,
1.,0.5,1.)) REPRESENTATION_ITEM('') );
#2018 = CARTESIAN_POINT('',(32.5,-3.955169525227E-16));
#2019 = CARTESIAN_POINT('',(32.5,-56.29165124598));
#2020 = CARTESIAN_POINT('',(-16.25,-28.14582562299));
#2021 = CARTESIAN_POINT('',(-65.,-8.355721146981E-15));
#2022 = CARTESIAN_POINT('',(-16.25,28.145825622994));
#2023 = CARTESIAN_POINT('',(32.5,56.291651245989));
#2024 = CARTESIAN_POINT('',(32.5,-3.955169525227E-16));
#2025 = ( GEOMETRIC_REPRESENTATION_CONTEXT(2) 
PARAMETRIC_REPRESENTATION_CONTEXT() REPRESENTATION_CONTEXT('2D SPACE',''
  ) );
#2026 = ADVANCED_FACE('',(#2027),#2041,.T.);
#2027 = FACE_BOUND('',#2028,.T.);
#2028 = EDGE_LOOP('',(#2029,#2059,#2082,#2105));
#2029 = ORIENTED_EDGE('',*,*,#2030,.T.);
#2030 = EDGE_CURVE('',#2031,#2033,#2035,.T.);
#2031 = VERTEX_POINT('',#2032);
#2032 = CARTESIAN_POINT('',(-37.5,-37.53786796564,-42.));
#2033 = VERTEX_POINT('',#2034);
#2034 = CARTESIAN_POINT('',(-37.5,37.462132034356,-42.));
#2035 = SURFACE_CURVE('',#2036,(#2040,#2052),.PCURVE_S1.);
#2036 = LINE('',#2037,#2038);
#2037 = CARTESIAN_POINT('',(-37.5,-37.53786796564,-42.));
#2038 = VECTOR('',#2039,1.);
#2039 = DIRECTION('',(0.,1.,0.));
#2040 = PCURVE('',#2041,#2046);
#2041 = PLANE('',#2042);
#2042 = AXIS2_PLACEMENT_3D('',#2043,#2044,#2045);
#2043 = CARTESIAN_POINT('',(-37.5,-37.53786796564,-42.));
#2044 = DIRECTION('',(-1.,0.,0.));
#2045 = DIRECTION('',(0.,1.,0.));
#2046 = DEFINITIONAL_REPRESENTATION('',(#2047),#2051);
#2047 = LINE('',#2048,#2049);
#2048 = CARTESIAN_POINT('',(0.,0.));
#2049 = VECTOR('',#2050,1.);
#2050 = DIRECTION('',(1.,0.));
#2051 = ( GEOMETRIC_REPRESENTATION_CONTEXT(2) 
PARAMETRIC_REPRESENTATION_CONTEXT() REPRESENTATION_CONTEXT('2D SPACE',''
  ) );
#2052 = PCURVE('',#1683,#2053);
#2053 = DEFINITIONAL_REPRESENTATION('',(#2054),#2058);
#2054 = LINE('',#2055,#2056);
#2055 = CARTESIAN_POINT('',(-37.5,37.5));
#2056 = VECTOR('',#2057,1.);
#2057 = DIRECTION('',(0.,-1.));
#2058 = ( GEOMETRIC_REPRESENTATION_CONTEXT(2) 
PARAMETRIC_REPRESENTATION_CONTEXT() REPRESENTATION_CONTEXT('2D SPACE',''
  ) );
#2059 = ORIENTED_EDGE('',*,*,#2060,.T.);
#2060 = EDGE_CURVE('',#2033,#2061,#2063,.T.);
#2061 = VERTEX_POINT('',#2062);
#2062 = CARTESIAN_POINT('',(-37.5,37.462132034356,-72.));
#2063 = SURFACE_CURVE('',#2064,(#2068,#2075),.PCURVE_S1.);
#2064 = LINE('',#2065,#2066);
#2065 = CARTESIAN_POINT('',(-37.5,37.462132034356,-42.));
#2066 = VECTOR('',#2067,1.);
#2067 = DIRECTION('',(0.,0.,-1.));
#2068 = PCURVE('',#2041,#2069);
#2069 = DEFINITIONAL_REPRESENTATION('',(#2070),#2074);
#2070 = LINE('',#2071,#2072);
#2071 = CARTESIAN_POINT('',(75.,0.));
#2072 = VECTOR('',#2073,1.);
#2073 = DIRECTION('',(0.,1.));
#2074 = ( GEOMETRIC_REPRESENTATION_CONTEXT(2) 
PARAMETRIC_REPRESENTATION_CONTEXT() REPRESENTATION_CONTEXT('2D SPACE',''
  ) );
#2075 = PCURVE('',#913,#2076);
#2076 = DEFINITIONAL_REPRESENTATION('',(#2077),#2081);
#2077 = LINE('',#2078,#2079);
#2078 = CARTESIAN_POINT('',(0.,0.));
#2079 = VECTOR('',#2080,1.);
#2080 = DIRECTION('',(0.,1.));
#2081 = ( GEOMETRIC_REPRESENTATION_CONTEXT(2) 
PARAMETRIC_REPRESENTATION_CONTEXT() REPRESENTATION_CONTEXT('2D SPACE',''
  ) );
#2082 = ORIENTED_EDGE('',*,*,#2083,.F.);
#2083 = EDGE_CURVE('',#2084,#2061,#2086,.T.);
#2084 = VERTEX_POINT('',#2085);
#2085 = CARTESIAN_POINT('',(-37.5,-37.53786796564,-72.));
#2086 = SURFACE_CURVE('',#2087,(#2091,#2098),.PCURVE_S1.);
#2087 = LINE('',#2088,#2089);
#2088 = CARTESIAN_POINT('',(-37.5,-37.53786796564,-72.));
#2089 = VECTOR('',#2090,1.);
#2090 = DIRECTION('',(0.,1.,0.));
#2091 = PCURVE('',#2041,#2092);
#2092 = DEFINITIONAL_REPRESENTATION('',(#2093),#2097);
#2093 = LINE('',#2094,#2095);
#2094 = CARTESIAN_POINT('',(0.,30.));
#2095 = VECTOR('',#2096,1.);
#2096 = DIRECTION('',(1.,0.));
#2097 = ( GEOMETRIC_REPRESENTATION_CONTEXT(2) 
PARAMETRIC_REPRESENTATION_CONTEXT() REPRESENTATION_CONTEXT('2D SPACE',''
  ) );
#2098 = PCURVE('',#1651,#2099);
#2099 = DEFINITIONAL_REPRESENTATION('',(#2100),#2104);
#2100 = LINE('',#2101,#2102);
#2101 = CARTESIAN_POINT('',(-37.5,37.5));
#2102 = VECTOR('',#2103,1.);
#2103 = DIRECTION('',(0.,-1.));
#2104 = ( GEOMETRIC_REPRESENTATION_CONTEXT(2) 
PARAMETRIC_REPRESENTATION_CONTEXT() REPRESENTATION_CONTEXT('2D SPACE',''
  ) );
#2105 = ORIENTED_EDGE('',*,*,#2106,.F.);
#2106 = EDGE_CURVE('',#2031,#2084,#2107,.T.);
#2107 = SURFACE_CURVE('',#2108,(#2112,#2119),.PCURVE_S1.);
#2108 = LINE('',#2109,#2110);
#2109 = CARTESIAN_POINT('',(-37.5,-37.53786796564,-42.));
#2110 = VECTOR('',#2111,1.);
#2111 = DIRECTION('',(0.,0.,-1.));
#2112 = PCURVE('',#2041,#2113);
#2113 = DEFINITIONAL_REPRESENTATION('',(#2114),#2118);
#2114 = LINE('',#2115,#2116);
#2115 = CARTESIAN_POINT('',(0.,0.));
#2116 = VECTOR('',#2117,1.);
#2117 = DIRECTION('',(0.,1.));
#2118 = ( GEOMETRIC_REPRESENTATION_CONTEXT(2) 
PARAMETRIC_REPRESENTATION_CONTEXT() REPRESENTATION_CONTEXT('2D SPACE',''
  ) );
#2119 = PCURVE('',#1013,#2120);
#2120 = DEFINITIONAL_REPRESENTATION('',(#2121),#2125);
#2121 = LINE('',#2122,#2123);
#2122 = CARTESIAN_POINT('',(75.,0.));
#2123 = VECTOR('',#2124,1.);
#2124 = DIRECTION('',(0.,1.));
#2125 = ( GEOMETRIC_REPRESENTATION_CONTEXT(2) 
PARAMETRIC_REPRESENTATION_CONTEXT() REPRESENTATION_CONTEXT('2D SPACE',''
  ) );
#2126 = ADVANCED_FACE('',(#2127,#2202,#2205,#2208,#2211),#1013,.T.);
#2127 = FACE_BOUND('',#2128,.T.);
#2128 = EDGE_LOOP('',(#2129,#2152,#2153,#2176));
#2129 = ORIENTED_EDGE('',*,*,#2130,.T.);
#2130 = EDGE_CURVE('',#2131,#2031,#2133,.T.);
#2131 = VERTEX_POINT('',#2132);
#2132 = CARTESIAN_POINT('',(37.5,-37.53786796564,-42.));
#2133 = SURFACE_CURVE('',#2134,(#2138,#2145),.PCURVE_S1.);
#2134 = LINE('',#2135,#2136);
#2135 = CARTESIAN_POINT('',(37.5,-37.53786796564,-42.));
#2136 = VECTOR('',#2137,1.);
#2137 = DIRECTION('',(-1.,0.,0.));
#2138 = PCURVE('',#1013,#2139);
#2139 = DEFINITIONAL_REPRESENTATION('',(#2140),#2144);
#2140 = LINE('',#2141,#2142);
#2141 = CARTESIAN_POINT('',(0.,-0.));
#2142 = VECTOR('',#2143,1.);
#2143 = DIRECTION('',(1.,0.));
#2144 = ( GEOMETRIC_REPRESENTATION_CONTEXT(2) 
PARAMETRIC_REPRESENTATION_CONTEXT() REPRESENTATION_CONTEXT('2D SPACE',''
  ) );
#2145 = PCURVE('',#1683,#2146);
#2146 = DEFINITIONAL_REPRESENTATION('',(#2147),#2151);
#2147 = LINE('',#2148,#2149);
#2148 = CARTESIAN_POINT('',(37.5,37.5));
#2149 = VECTOR('',#2150,1.);
#2150 = DIRECTION('',(-1.,0.));
#2151 = ( GEOMETRIC_REPRESENTATION_CONTEXT(2) 
PARAMETRIC_REPRESENTATION_CONTEXT() REPRESENTATION_CONTEXT('2D SPACE',''
  ) );
#2152 = ORIENTED_EDGE('',*,*,#2106,.T.);
#2153 = ORIENTED_EDGE('',*,*,#2154,.F.);
#2154 = EDGE_CURVE('',#2155,#2084,#2157,.T.);
#2155 = VERTEX_POINT('',#2156);
#2156 = CARTESIAN_POINT('',(37.5,-37.53786796564,-72.));
#2157 = SURFACE_CURVE('',#2158,(#2162,#2169),.PCURVE_S1.);
#2158 = LINE('',#2159,#2160);
#2159 = CARTESIAN_POINT('',(37.5,-37.53786796564,-72.));
#2160 = VECTOR('',#2161,1.);
#2161 = DIRECTION('',(-1.,0.,0.));
#2162 = PCURVE('',#1013,#2163);
#2163 = DEFINITIONAL_REPRESENTATION('',(#2164),#2168);
#2164 = LINE('',#2165,#2166);
#2165 = CARTESIAN_POINT('',(0.,30.));
#2166 = VECTOR('',#2167,1.);
#2167 = DIRECTION('',(1.,0.));
#2168 = ( GEOMETRIC_REPRESENTATION_CONTEXT(2) 
PARAMETRIC_REPRESENTATION_CONTEXT() REPRESENTATION_CONTEXT('2D SPACE',''
  ) );
#2169 = PCURVE('',#1651,#2170);
#2170 = DEFINITIONAL_REPRESENTATION('',(#2171),#2175);
#2171 = LINE('',#2172,#2173);
#2172 = CARTESIAN_POINT('',(37.5,37.5));
#2173 = VECTOR('',#2174,1.);
#2174 = DIRECTION('',(-1.,0.));
#2175 = ( GEOMETRIC_REPRESENTATION_CONTEXT(2) 
PARAMETRIC_REPRESENTATION_CONTEXT() REPRESENTATION_CONTEXT('2D SPACE',''
  ) );
#2176 = ORIENTED_EDGE('',*,*,#2177,.F.);
#2177 = EDGE_CURVE('',#2131,#2155,#2178,.T.);
#2178 = SURFACE_CURVE('',#2179,(#2183,#2190),.PCURVE_S1.);
#2179 = LINE('',#2180,#2181);
#2180 = CARTESIAN_POINT('',(37.5,-37.53786796564,-42.));
#2181 = VECTOR('',#2182,1.);
#2182 = DIRECTION('',(0.,0.,-1.));
#2183 = PCURVE('',#1013,#2184);
#2184 = DEFINITIONAL_REPRESENTATION('',(#2185),#2189);
#2185 = LINE('',#2186,#2187);
#2186 = CARTESIAN_POINT('',(0.,-0.));
#2187 = VECTOR('',#2188,1.);
#2188 = DIRECTION('',(0.,1.));
#2189 = ( GEOMETRIC_REPRESENTATION_CONTEXT(2) 
PARAMETRIC_REPRESENTATION_CONTEXT() REPRESENTATION_CONTEXT('2D SPACE',''
  ) );
#2190 = PCURVE('',#2191,#2196);
#2191 = PLANE('',#2192);
#2192 = AXIS2_PLACEMENT_3D('',#2193,#2194,#2195);
#2193 = CARTESIAN_POINT('',(37.5,37.462132034356,-42.));
#2194 = DIRECTION('',(1.,0.,0.));
#2195 = DIRECTION('',(0.,-1.,0.));
#2196 = DEFINITIONAL_REPRESENTATION('',(#2197),#2201);
#2197 = LINE('',#2198,#2199);
#2198 = CARTESIAN_POINT('',(75.,0.));
#2199 = VECTOR('',#2200,1.);
#2200 = DIRECTION('',(0.,1.));
#2201 = ( GEOMETRIC_REPRESENTATION_CONTEXT(2) 
PARAMETRIC_REPRESENTATION_CONTEXT() REPRESENTATION_CONTEXT('2D SPACE',''
  ) );
#2202 = FACE_BOUND('',#2203,.T.);
#2203 = EDGE_LOOP('',(#2204));
#2204 = ORIENTED_EDGE('',*,*,#998,.T.);
#2205 = FACE_BOUND('',#2206,.T.);
#2206 = EDGE_LOOP('',(#2207));
#2207 = ORIENTED_EDGE('',*,*,#1098,.T.);
#2208 = FACE_BOUND('',#2209,.T.);
#2209 = EDGE_LOOP('',(#2210));
#2210 = ORIENTED_EDGE('',*,*,#1193,.T.);
#2211 = FACE_BOUND('',#2212,.T.);
#2212 = EDGE_LOOP('',(#2213));
#2213 = ORIENTED_EDGE('',*,*,#1288,.T.);
#2214 = ADVANCED_FACE('',(#2215),#2191,.T.);
#2215 = FACE_BOUND('',#2216,.T.);
#2216 = EDGE_LOOP('',(#2217,#2240,#2241,#2264));
#2217 = ORIENTED_EDGE('',*,*,#2218,.T.);
#2218 = EDGE_CURVE('',#2219,#2131,#2221,.T.);
#2219 = VERTEX_POINT('',#2220);
#2220 = CARTESIAN_POINT('',(37.5,37.462132034356,-42.));
#2221 = SURFACE_CURVE('',#2222,(#2226,#2233),.PCURVE_S1.);
#2222 = LINE('',#2223,#2224);
#2223 = CARTESIAN_POINT('',(37.5,37.462132034356,-42.));
#2224 = VECTOR('',#2225,1.);
#2225 = DIRECTION('',(0.,-1.,0.));
#2226 = PCURVE('',#2191,#2227);
#2227 = DEFINITIONAL_REPRESENTATION('',(#2228),#2232);
#2228 = LINE('',#2229,#2230);
#2229 = CARTESIAN_POINT('',(0.,0.));
#2230 = VECTOR('',#2231,1.);
#2231 = DIRECTION('',(1.,0.));
#2232 = ( GEOMETRIC_REPRESENTATION_CONTEXT(2) 
PARAMETRIC_REPRESENTATION_CONTEXT() REPRESENTATION_CONTEXT('2D SPACE',''
  ) );
#2233 = PCURVE('',#1683,#2234);
#2234 = DEFINITIONAL_REPRESENTATION('',(#2235),#2239);
#2235 = LINE('',#2236,#2237);
#2236 = CARTESIAN_POINT('',(37.5,-37.5));
#2237 = VECTOR('',#2238,1.);
#2238 = DIRECTION('',(0.,1.));
#2239 = ( GEOMETRIC_REPRESENTATION_CONTEXT(2) 
PARAMETRIC_REPRESENTATION_CONTEXT() REPRESENTATION_CONTEXT('2D SPACE',''
  ) );
#2240 = ORIENTED_EDGE('',*,*,#2177,.T.);
#2241 = ORIENTED_EDGE('',*,*,#2242,.F.);
#2242 = EDGE_CURVE('',#2243,#2155,#2245,.T.);
#2243 = VERTEX_POINT('',#2244);
#2244 = CARTESIAN_POINT('',(37.5,37.462132034356,-72.));
#2245 = SURFACE_CURVE('',#2246,(#2250,#2257),.PCURVE_S1.);
#2246 = LINE('',#2247,#2248);
#2247 = CARTESIAN_POINT('',(37.5,37.462132034356,-72.));
#2248 = VECTOR('',#2249,1.);
#2249 = DIRECTION('',(0.,-1.,0.));
#2250 = PCURVE('',#2191,#2251);
#2251 = DEFINITIONAL_REPRESENTATION('',(#2252),#2256);
#2252 = LINE('',#2253,#2254);
#2253 = CARTESIAN_POINT('',(0.,30.));
#2254 = VECTOR('',#2255,1.);
#2255 = DIRECTION('',(1.,0.));
#2256 = ( GEOMETRIC_REPRESENTATION_CONTEXT(2) 
PARAMETRIC_REPRESENTATION_CONTEXT() REPRESENTATION_CONTEXT('2D SPACE',''
  ) );
#2257 = PCURVE('',#1651,#2258);
#2258 = DEFINITIONAL_REPRESENTATION('',(#2259),#2263);
#2259 = LINE('',#2260,#2261);
#2260 = CARTESIAN_POINT('',(37.5,-37.5));
#2261 = VECTOR('',#2262,1.);
#2262 = DIRECTION('',(0.,1.));
#2263 = ( GEOMETRIC_REPRESENTATION_CONTEXT(2) 
PARAMETRIC_REPRESENTATION_CONTEXT() REPRESENTATION_CONTEXT('2D SPACE',''
  ) );
#2264 = ORIENTED_EDGE('',*,*,#2265,.F.);
#2265 = EDGE_CURVE('',#2219,#2243,#2266,.T.);
#2266 = SURFACE_CURVE('',#2267,(#2271,#2278),.PCURVE_S1.);
#2267 = LINE('',#2268,#2269);
#2268 = CARTESIAN_POINT('',(37.5,37.462132034356,-42.));
#2269 = VECTOR('',#2270,1.);
#2270 = DIRECTION('',(0.,0.,-1.));
#2271 = PCURVE('',#2191,#2272);
#2272 = DEFINITIONAL_REPRESENTATION('',(#2273),#2277);
#2273 = LINE('',#2274,#2275);
#2274 = CARTESIAN_POINT('',(0.,0.));
#2275 = VECTOR('',#2276,1.);
#2276 = DIRECTION('',(0.,1.));
#2277 = ( GEOMETRIC_REPRESENTATION_CONTEXT(2) 
PARAMETRIC_REPRESENTATION_CONTEXT() REPRESENTATION_CONTEXT('2D SPACE',''
  ) );
#2278 = PCURVE('',#913,#2279);
#2279 = DEFINITIONAL_REPRESENTATION('',(#2280),#2284);
#2280 = LINE('',#2281,#2282);
#2281 = CARTESIAN_POINT('',(75.,0.));
#2282 = VECTOR('',#2283,1.);
#2283 = DIRECTION('',(0.,1.));
#2284 = ( GEOMETRIC_REPRESENTATION_CONTEXT(2) 
PARAMETRIC_REPRESENTATION_CONTEXT() REPRESENTATION_CONTEXT('2D SPACE',''
  ) );
#2285 = ADVANCED_FACE('',(#2286,#2332,#2335,#2338,#2341),#913,.T.);
#2286 = FACE_BOUND('',#2287,.T.);
#2287 = EDGE_LOOP('',(#2288,#2309,#2310,#2331));
#2288 = ORIENTED_EDGE('',*,*,#2289,.T.);
#2289 = EDGE_CURVE('',#2033,#2219,#2290,.T.);
#2290 = SURFACE_CURVE('',#2291,(#2295,#2302),.PCURVE_S1.);
#2291 = LINE('',#2292,#2293);
#2292 = CARTESIAN_POINT('',(-37.5,37.462132034356,-42.));
#2293 = VECTOR('',#2294,1.);
#2294 = DIRECTION('',(1.,0.,0.));
#2295 = PCURVE('',#913,#2296);
#2296 = DEFINITIONAL_REPRESENTATION('',(#2297),#2301);
#2297 = LINE('',#2298,#2299);
#2298 = CARTESIAN_POINT('',(0.,0.));
#2299 = VECTOR('',#2300,1.);
#2300 = DIRECTION('',(1.,0.));
#2301 = ( GEOMETRIC_REPRESENTATION_CONTEXT(2) 
PARAMETRIC_REPRESENTATION_CONTEXT() REPRESENTATION_CONTEXT('2D SPACE',''
  ) );
#2302 = PCURVE('',#1683,#2303);
#2303 = DEFINITIONAL_REPRESENTATION('',(#2304),#2308);
#2304 = LINE('',#2305,#2306);
#2305 = CARTESIAN_POINT('',(-37.5,-37.5));
#2306 = VECTOR('',#2307,1.);
#2307 = DIRECTION('',(1.,0.));
#2308 = ( GEOMETRIC_REPRESENTATION_CONTEXT(2) 
PARAMETRIC_REPRESENTATION_CONTEXT() REPRESENTATION_CONTEXT('2D SPACE',''
  ) );
#2309 = ORIENTED_EDGE('',*,*,#2265,.T.);
#2310 = ORIENTED_EDGE('',*,*,#2311,.F.);
#2311 = EDGE_CURVE('',#2061,#2243,#2312,.T.);
#2312 = SURFACE_CURVE('',#2313,(#2317,#2324),.PCURVE_S1.);
#2313 = LINE('',#2314,#2315);
#2314 = CARTESIAN_POINT('',(-37.5,37.462132034356,-72.));
#2315 = VECTOR('',#2316,1.);
#2316 = DIRECTION('',(1.,0.,0.));
#2317 = PCURVE('',#913,#2318);
#2318 = DEFINITIONAL_REPRESENTATION('',(#2319),#2323);
#2319 = LINE('',#2320,#2321);
#2320 = CARTESIAN_POINT('',(0.,30.));
#2321 = VECTOR('',#2322,1.);
#2322 = DIRECTION('',(1.,0.));
#2323 = ( GEOMETRIC_REPRESENTATION_CONTEXT(2) 
PARAMETRIC_REPRESENTATION_CONTEXT() REPRESENTATION_CONTEXT('2D SPACE',''
  ) );
#2324 = PCURVE('',#1651,#2325);
#2325 = DEFINITIONAL_REPRESENTATION('',(#2326),#2330);
#2326 = LINE('',#2327,#2328);
#2327 = CARTESIAN_POINT('',(-37.5,-37.5));
#2328 = VECTOR('',#2329,1.);
#2329 = DIRECTION('',(1.,0.));
#2330 = ( GEOMETRIC_REPRESENTATION_CONTEXT(2) 
PARAMETRIC_REPRESENTATION_CONTEXT() REPRESENTATION_CONTEXT('2D SPACE',''
  ) );
#2331 = ORIENTED_EDGE('',*,*,#2060,.F.);
#2332 = FACE_BOUND('',#2333,.T.);
#2333 = EDGE_LOOP('',(#2334));
#2334 = ORIENTED_EDGE('',*,*,#898,.T.);
#2335 = FACE_BOUND('',#2336,.T.);
#2336 = EDGE_LOOP('',(#2337));
#2337 = ORIENTED_EDGE('',*,*,#1383,.T.);
#2338 = FACE_BOUND('',#2339,.T.);
#2339 = EDGE_LOOP('',(#2340));
#2340 = ORIENTED_EDGE('',*,*,#1478,.T.);
#2341 = FACE_BOUND('',#2342,.T.);
#2342 = EDGE_LOOP('',(#2343));
#2343 = ORIENTED_EDGE('',*,*,#1573,.T.);
#2344 = ADVANCED_FACE('',(#2345,#2351,#2354,#2357,#2360,#2363),#1651,.T.
  );
#2345 = FACE_BOUND('',#2346,.T.);
#2346 = EDGE_LOOP('',(#2347,#2348,#2349,#2350));
#2347 = ORIENTED_EDGE('',*,*,#2311,.T.);
#2348 = ORIENTED_EDGE('',*,*,#2242,.T.);
#2349 = ORIENTED_EDGE('',*,*,#2154,.T.);
#2350 = ORIENTED_EDGE('',*,*,#2083,.T.);
#2351 = FACE_BOUND('',#2352,.T.);
#2352 = EDGE_LOOP('',(#2353));
#2353 = ORIENTED_EDGE('',*,*,#1636,.T.);
#2354 = FACE_BOUND('',#2355,.T.);
#2355 = EDGE_LOOP('',(#2356));
#2356 = ORIENTED_EDGE('',*,*,#1728,.T.);
#2357 = FACE_BOUND('',#2358,.T.);
#2358 = EDGE_LOOP('',(#2359));
#2359 = ORIENTED_EDGE('',*,*,#1810,.T.);
#2360 = FACE_BOUND('',#2361,.T.);
#2361 = EDGE_LOOP('',(#2362));
#2362 = ORIENTED_EDGE('',*,*,#1892,.T.);
#2363 = FACE_BOUND('',#2364,.T.);
#2364 = EDGE_LOOP('',(#2365));
#2365 = ORIENTED_EDGE('',*,*,#2001,.T.);
#2366 = ADVANCED_FACE('',(#2367,#2373,#2376,#2379,#2382,#2385),#1683,.F.
  );
#2367 = FACE_BOUND('',#2368,.T.);
#2368 = EDGE_LOOP('',(#2369,#2370,#2371,#2372));
#2369 = ORIENTED_EDGE('',*,*,#2289,.F.);
#2370 = ORIENTED_EDGE('',*,*,#2030,.F.);
#2371 = ORIENTED_EDGE('',*,*,#2130,.F.);
#2372 = ORIENTED_EDGE('',*,*,#2218,.F.);
#2373 = FACE_BOUND('',#2374,.T.);
#2374 = EDGE_LOOP('',(#2375));
#2375 = ORIENTED_EDGE('',*,*,#1668,.T.);
#2376 = FACE_BOUND('',#2377,.T.);
#2377 = EDGE_LOOP('',(#2378));
#2378 = ORIENTED_EDGE('',*,*,#1755,.T.);
#2379 = FACE_BOUND('',#2380,.T.);
#2380 = EDGE_LOOP('',(#2381));
#2381 = ORIENTED_EDGE('',*,*,#1837,.T.);
#2382 = FACE_BOUND('',#2383,.T.);
#2383 = EDGE_LOOP('',(#2384));
#2384 = ORIENTED_EDGE('',*,*,#1919,.T.);
#2385 = FACE_BOUND('',#2386,.T.);
#2386 = EDGE_LOOP('',(#2387));
#2387 = ORIENTED_EDGE('',*,*,#1974,.F.);
#2388 = ( GEOMETRIC_REPRESENTATION_CONTEXT(3) 
GLOBAL_UNCERTAINTY_ASSIGNED_CONTEXT((#2392)) 
GLOBAL_UNIT_ASSIGNED_CONTEXT((#2389,#2390,#2391)) REPRESENTATION_CONTEXT
('Context #1','3D Context with UNIT and UNCERTAINTY') );
#2389 = ( LENGTH_UNIT() NAMED_UNIT(*) SI_UNIT(.MILLI.,.METRE.) );
#2390 = ( NAMED_UNIT(*) PLANE_ANGLE_UNIT() SI_UNIT($,.RADIAN.) );
#2391 = ( NAMED_UNIT(*) SI_UNIT($,.STERADIAN.) SOLID_ANGLE_UNIT() );
#2392 = UNCERTAINTY_MEASURE_WITH_UNIT(LENGTH_MEASURE(1.E-07),#2389,
  'distance_accuracy_value','confusion accuracy');
#2393 = CONTEXT_DEPENDENT_SHAPE_REPRESENTATION(#2394,#2396);
#2394 = ( REPRESENTATION_RELATIONSHIP('','',#829,#10) 
REPRESENTATION_RELATIONSHIP_WITH_TRANSFORMATION(#2395) 
SHAPE_REPRESENTATION_RELATIONSHIP() );
#2395 = ITEM_DEFINED_TRANSFORMATION('','',#11,#19);
#2396 = PRODUCT_DEFINITION_SHAPE('Placement','Placement of an item',
  #2397);
#2397 = NEXT_ASSEMBLY_USAGE_OCCURRENCE('86','','',#5,#824,$);
#2398 = PRODUCT_RELATED_PRODUCT_CATEGORY('part',$,(#826));
ENDSEC;
END-ISO-10303-21;
