ISO-10303-21;
HEADER;
FILE_DESCRIPTION(('Open CASCADE Model'),'2;1');
FILE_NAME('Open CASCADE Shape Model','2026-08-07T14:59:49',('Author'),(
    'Open CASCADE'),'Open CASCADE STEP processor 7.9','Open CASCADE 7.9'
  ,'Unknown');
FILE_SCHEMA(('AUTOMOTIVE_DESIGN { 1 0 10303 214 1 1 1 1 }'));
ENDSEC;
DATA;
#1 = APPLICATION_PROTOCOL_DEFINITION('international standard',
  'automotive_design',2000,#2);
#2 = APPLICATION_CONTEXT(
  'core data for automotive mechanical design processes');
#3 = SHAPE_DEFINITION_REPRESENTATION(#4,#10);
#4 = PRODUCT_DEFINITION_SHAPE('','',#5);
#5 = PRODUCT_DEFINITION('design','',#6,#9);
#6 = PRODUCT_DEFINITION_FORMATION('','',#7);
#7 = PRODUCT('Open CASCADE STEP translator 7.9 5',
  'Open CASCADE STEP translator 7.9 5','',(#8));
#8 = PRODUCT_CONTEXT('',#2,'mechanical');
#9 = PRODUCT_DEFINITION_CONTEXT('part definition',#2,'design');
#10 = ADVANCED_BREP_SHAPE_REPRESENTATION('',(#11,#15),#10573);
#11 = AXIS2_PLACEMENT_3D('',#12,#13,#14);
#12 = CARTESIAN_POINT('',(0.,0.,0.));
#13 = DIRECTION('',(0.,0.,1.));
#14 = DIRECTION('',(1.,0.,-0.));
#15 = MANIFOLD_SOLID_BREP('',#16);
#16 = CLOSED_SHELL('',(#17,#9715,#9802,#9837,#9915,#9993,#10071,#10149,
    #10227,#10305,#10383,#10433,#10511,#10542));
#17 = ADVANCED_FACE('',(#18),#1632,.T.);
#18 = FACE_BOUND('',#19,.T.);
#19 = EDGE_LOOP('',(#20,#6463,#6484,#9714));
#20 = ORIENTED_EDGE('',*,*,#21,.T.);
#21 = EDGE_CURVE('',#22,#22,#24,.T.);
#22 = VERTEX_POINT('',#23);
#23 = CARTESIAN_POINT('',(42.5,0.,0.));
#24 = SURFACE_CURVE('',#25,(#1631,#4849),.PCURVE_S1.);
#25 = B_SPLINE_CURVE_WITH_KNOTS('',5,(#26,#27,#28,#29,#30,#31,#32,#33,
    #34,#35,#36,#37,#38,#39,#40,#41,#42,#43,#44,#45,#46,#47,#48,#49,#50,
    #51,#52,#53,#54,#55,#56,#57,#58,#59,#60,#61,#62,#63,#64,#65,#66,#67,
    #68,#69,#70,#71,#72,#73,#74,#75,#76,#77,#78,#79,#80,#81,#82,#83,#84,
    #85,#86,#87,#88,#89,#90,#91,#92,#93,#94,#95,#96,#97,#98,#99,#100,
    #101,#102,#103,#104,#105,#106,#107,#108,#109,#110,#111,#112,#113,
    #114,#115,#116,#117,#118,#119,#120,#121,#122,#123,#124,#125,#126,
    #127,#128,#129,#130,#131,#132,#133,#134,#135,#136,#137,#138,#139,
    #140,#141,#142,#143,#144,#145,#146,#147,#148,#149,#150,#151,#152,
    #153,#154,#155,#156,#157,#158,#159,#160,#161,#162,#163,#164,#165,
    #166,#167,#168,#169,#170,#171,#172,#173,#174,#175,#176,#177,#178,
    #179,#180,#181,#182,#183,#184,#185,#186,#187,#188,#189,#190,#191,
    #192,#193,#194,#195,#196,#197,#198,#199,#200,#201,#202,#203,#204,
    #205,#206,#207,#208,#209,#210,#211,#212,#213,#214,#215,#216,#217,
    #218,#219,#220,#221,#222,#223,#224,#225,#226,#227,#228,#229,#230,
    #231,#232,#233,#234,#235,#236,#237,#238,#239,#240,#241,#242,#243,
    #244,#245,#246,#247,#248,#249,#250,#251,#252,#253,#254,#255,#256,
    #257,#258,#259,#260,#261,#262,#263,#264,#265,#266,#267,#268,#269,
    #270,#271,#272,#273,#274,#275,#276,#277,#278,#279,#280,#281,#282,
    #283,#284,#285,#286,#287,#288,#289,#290,#291,#292,#293,#294,#295,
    #296,#297,#298,#299,#300,#301,#302,#303,#304,#305,#306,#307,#308,
    #309,#310,#311,#312,#313,#314,#315,#316,#317,#318,#319,#320,#321,
    #322,#323,#324,#325,#326,#327,#328,#329,#330,#331,#332,#333,#334,
    #335,#336,#337,#338,#339,#340,#341,#342,#343,#344,#345,#346,#347,
    #348,#349,#350,#351,#352,#353,#354,#355,#356,#357,#358,#359,#360,
    #361,#362,#363,#364,#365,#366,#367,#368,#369,#370,#371,#372,#373,
    #374,#375,#376,#377,#378,#379,#380,#381,#382,#383,#384,#385,#386,
    #387,#388,#389,#390,#391,#392,#393,#394,#395,#396,#397,#398,#399,
    #400,#401,#402,#403,#404,#405,#406,#407,#408,#409,#410,#411,#412,
    #413,#414,#415,#416,#417,#418,#419,#420,#421,#422,#423,#424,#425,
    #426,#427,#428,#429,#430,#431,#432,#433,#434,#435,#436,#437,#438,
    #439,#440,#441,#442,#443,#444,#445,#446,#447,#448,#449,#450,#451,
    #452,#453,#454,#455,#456,#457,#458,#459,#460,#461,#462,#463,#464,
    #465,#466,#467,#468,#469,#470,#471,#472,#473,#474,#475,#476,#477,
    #478,#479,#480,#481,#482,#483,#484,#485,#486,#487,#488,#489,#490,
    #491,#492,#493,#494,#495,#496,#497,#498,#499,#500,#501,#502,#503,
    #504,#505,#506,#507,#508,#509,#510,#511,#512,#513,#514,#515,#516,
    #517,#518,#519,#520,#521,#522,#523,#524,#525,#526,#527,#528,#529,
    #530,#531,#532,#533,#534,#535,#536,#537,#538,#539,#540,#541,#542,
    #543,#544,#545,#546,#547,#548,#549,#550,#551,#552,#553,#554,#555,
    #556,#557,#558,#559,#560,#561,#562,#563,#564,#565,#566,#567,#568,
    #569,#570,#571,#572,#573,#574,#575,#576,#577,#578,#579,#580,#581,
    #582,#583,#584,#585,#586,#587,#588,#589,#590,#591,#592,#593,#594,
    #595,#596,#597,#598,#599,#600,#601,#602,#603,#604,#605,#606,#607,
    #608,#609,#610,#611,#612,#613,#614,#615,#616,#617,#618,#619,#620,
    #621,#622,#623,#624,#625,#626,#627,#628,#629,#630,#631,#632,#633,
    #634,#635,#636,#637,#638,#639,#640,#641,#642,#643,#644,#645,#646,
    #647,#648,#649,#650,#651,#652,#653,#654,#655,#656,#657,#658,#659,
    #660,#661,#662,#663,#664,#665,#666,#667,#668,#669,#670,#671,#672,
    #673,#674,#675,#676,#677,#678,#679,#680,#681,#682,#683,#684,#685,
    #686,#687,#688,#689,#690,#691,#692,#693,#694,#695,#696,#697,#698,
    #699,#700,#701,#702,#703,#704,#705,#706,#707,#708,#709,#710,#711,
    #712,#713,#714,#715,#716,#717,#718,#719,#720,#721,#722,#723,#724,
    #725,#726,#727,#728,#729,#730,#731,#732,#733,#734,#735,#736,#737,
    #738,#739,#740,#741,#742,#743,#744,#745,#746,#747,#748,#749,#750,
    #751,#752,#753,#754,#755,#756,#757,#758,#759,#760,#761,#762,#763,
    #764,#765,#766,#767,#768,#769,#770,#771,#772,#773,#774,#775,#776,
    #777,#778,#779,#780,#781,#782,#783,#784,#785,#786,#787,#788,#789,
    #790,#791,#792,#793,#794,#795,#796,#797,#798,#799,#800,#801,#802,
    #803,#804,#805,#806,#807,#808,#809,#810,#811,#812,#813,#814,#815,
    #816,#817,#818,#819,#820,#821,#822,#823,#824,#825,#826,#827,#828,
    #829,#830,#831,#832,#833,#834,#835,#836,#837,#838,#839,#840,#841,
    #842,#843,#844,#845,#846,#847,#848,#849,#850,#851,#852,#853,#854,
    #855,#856,#857,#858,#859,#860,#861,#862,#863,#864,#865,#866,#867,
    #868,#869,#870,#871,#872,#873,#874,#875,#876,#877,#878,#879,#880,
    #881,#882,#883,#884,#885,#886,#887,#888,#889,#890,#891,#892,#893,
    #894,#895,#896,#897,#898,#899,#900,#901,#902,#903,#904,#905,#906,
    #907,#908,#909,#910,#911,#912,#913,#914,#915,#916,#917,#918,#919,
    #920,#921,#922,#923,#924,#925,#926,#927,#928,#929,#930,#931,#932,
    #933,#934,#935,#936,#937,#938,#939,#940,#941,#942,#943,#944,#945,
    #946,#947,#948,#949,#950,#951,#952,#953,#954,#955,#956,#957,#958,
    #959,#960,#961,#962,#963,#964,#965,#966,#967,#968,#969,#970,#971,
    #972,#973,#974,#975,#976,#977,#978,#979,#980,#981,#982,#983,#984,
    #985,#986,#987,#988,#989,#990,#991,#992,#993,#994,#995,#996,#997,
    #998,#999,#1000,#1001,#1002,#1003,#1004,#1005,#1006,#1007,#1008,
    #1009,#1010,#1011,#1012,#1013,#1014,#1015,#1016,#1017,#1018,#1019,
    #1020,#1021,#1022,#1023,#1024,#1025,#1026,#1027,#1028,#1029,#1030,
    #1031,#1032,#1033,#1034,#1035,#1036,#1037,#1038,#1039,#1040,#1041,
    #1042,#1043,#1044,#1045,#1046,#1047,#1048,#1049,#1050,#1051,#1052,
    #1053,#1054,#1055,#1056,#1057,#1058,#1059,#1060,#1061,#1062,#1063,
    #1064,#1065,#1066,#1067,#1068,#1069,#1070,#1071,#1072,#1073,#1074,
    #1075,#1076,#1077,#1078,#1079,#1080,#1081,#1082,#1083,#1084,#1085,
    #1086,#1087,#1088,#1089,#1090,#1091,#1092,#1093,#1094,#1095,#1096,
    #1097,#1098,#1099,#1100,#1101,#1102,#1103,#1104,#1105,#1106,#1107,
    #1108,#1109,#1110,#1111,#1112,#1113,#1114,#1115,#1116,#1117,#1118,
    #1119,#1120,#1121,#1122,#1123,#1124,#1125,#1126,#1127,#1128,#1129,
    #1130,#1131,#1132,#1133,#1134,#1135,#1136,#1137,#1138,#1139,#1140,
    #1141,#1142,#1143,#1144,#1145,#1146,#1147,#1148,#1149,#1150,#1151,
    #1152,#1153,#1154,#1155,#1156,#1157,#1158,#1159,#1160,#1161,#1162,
    #1163,#1164,#1165,#1166,#1167,#1168,#1169,#1170,#1171,#1172,#1173,
    #1174,#1175,#1176,#1177,#1178,#1179,#1180,#1181,#1182,#1183,#1184,
    #1185,#1186,#1187,#1188,#1189,#1190,#1191,#1192,#1193,#1194,#1195,
    #1196,#1197,#1198,#1199,#1200,#1201,#1202,#1203,#1204,#1205,#1206,
    #1207,#1208,#1209,#1210,#1211,#1212,#1213,#1214,#1215,#1216,#1217,
    #1218,#1219,#1220,#1221,#1222,#1223,#1224,#1225,#1226,#1227,#1228,
    #1229,#1230,#1231,#1232,#1233,#1234,#1235,#1236,#1237,#1238,#1239,
    #1240,#1241,#1242,#1243,#1244,#1245,#1246,#1247,#1248,#1249,#1250,
    #1251,#1252,#1253,#1254,#1255,#1256,#1257,#1258,#1259,#1260,#1261,
    #1262,#1263,#1264,#1265,#1266,#1267,#1268,#1269,#1270,#1271,#1272,
    #1273,#1274,#1275,#1276,#1277,#1278,#1279,#1280,#1281,#1282,#1283,
    #1284,#1285,#1286,#1287,#1288,#1289,#1290,#1291,#1292,#1293,#1294,
    #1295,#1296,#1297,#1298,#1299,#1300,#1301,#1302,#1303,#1304,#1305,
    #1306,#1307,#1308,#1309,#1310,#1311,#1312,#1313,#1314,#1315,#1316,
    #1317,#1318,#1319,#1320,#1321,#1322,#1323,#1324,#1325,#1326,#1327,
    #1328,#1329,#1330,#1331,#1332,#1333,#1334,#1335,#1336,#1337,#1338,
    #1339,#1340,#1341,#1342,#1343,#1344,#1345,#1346,#1347,#1348,#1349,
    #1350,#1351,#1352,#1353,#1354,#1355,#1356,#1357,#1358,#1359,#1360,
    #1361,#1362,#1363,#1364,#1365,#1366,#1367,#1368,#1369,#1370,#1371,
    #1372,#1373,#1374,#1375,#1376,#1377,#1378,#1379,#1380,#1381,#1382,
    #1383,#1384,#1385,#1386,#1387,#1388,#1389,#1390,#1391,#1392,#1393,
    #1394,#1395,#1396,#1397,#1398,#1399,#1400,#1401,#1402,#1403,#1404,
    #1405,#1406,#1407,#1408,#1409,#1410,#1411,#1412,#1413,#1414,#1415,
    #1416,#1417,#1418,#1419,#1420,#1421,#1422,#1423,#1424,#1425,#1426,
    #1427,#1428,#1429,#1430,#1431,#1432,#1433,#1434,#1435,#1436,#1437,
    #1438,#1439,#1440,#1441,#1442,#1443,#1444,#1445,#1446,#1447,#1448,
    #1449,#1450,#1451,#1452,#1453,#1454,#1455,#1456,#1457,#1458,#1459,
    #1460,#1461,#1462,#1463,#1464,#1465,#1466,#1467,#1468,#1469,#1470,
    #1471,#1472,#1473,#1474,#1475,#1476,#1477,#1478,#1479,#1480,#1481,
    #1482,#1483,#1484,#1485,#1486,#1487,#1488,#1489,#1490,#1491,#1492,
    #1493,#1494,#1495,#1496,#1497,#1498,#1499,#1500,#1501,#1502,#1503,
    #1504,#1505,#1506,#1507,#1508,#1509,#1510,#1511,#1512,#1513,#1514,
    #1515,#1516,#1517,#1518,#1519,#1520,#1521,#1522,#1523,#1524,#1525,
    #1526,#1527,#1528,#1529,#1530,#1531,#1532,#1533,#1534,#1535,#1536,
    #1537,#1538,#1539,#1540,#1541,#1542,#1543,#1544,#1545,#1546,#1547,
    #1548,#1549,#1550,#1551,#1552,#1553,#1554,#1555,#1556,#1557,#1558,
    #1559,#1560,#1561,#1562,#1563,#1564,#1565,#1566,#1567,#1568,#1569,
    #1570,#1571,#1572,#1573,#1574,#1575,#1576,#1577,#1578,#1579,#1580,
    #1581,#1582,#1583,#1584,#1585,#1586,#1587,#1588,#1589,#1590,#1591,
    #1592,#1593,#1594,#1595,#1596,#1597,#1598,#1599,#1600,#1601,#1602,
    #1603,#1604,#1605,#1606,#1607,#1608,#1609,#1610,#1611,#1612,#1613,
    #1614,#1615,#1616,#1617,#1618,#1619,#1620,#1621,#1622,#1623,#1624,
    #1625,#1626,#1627,#1628,#1629,#1630),.UNSPECIFIED.,.T.,.F.,(1,5,1,1,
    1,1,1,1,1,1,1,1,1,1,1,1,1,1,1,1,1,1,1,1,1,1,1,1,1,1,1,1,1,1,1,1,1,1,
    1,1,1,1,1,1,1,1,1,1,1,1,1,1,1,1,1,1,1,1,1,1,1,1,1,1,1,1,1,1,1,1,1,1,
    1,1,1,1,1,1,1,1,1,1,1,1,1,1,1,1,1,1,1,1,1,1,1,1,1,1,1,1,1,1,1,1,1,1,
    1,1,1,1,1,1,1,1,1,1,1,1,1,1,1,1,1,1,1,1,1,1,1,1,1,1,1,1,1,1,1,1,1,1,
    1,1,1,1,1,1,1,1,1,1,1,1,1,1,1,1,1,1,1,1,1,1,1,1,1,1,1,1,1,1,1,1,1,1,
    1,1,1,1,1,1,1,1,1,1,1,1,1,1,1,1,1,1,1,1,1,1,1,1,1,1,1,1,1,1,1,1,1,1,
    1,1,1,1,1,1,1,1,1,1,1,1,1,1,1,1,1,1,1,1,1,1,1,1,1,1,1,1,1,1,1,1,1,1,
    1,1,1,1,1,1,1,1,1,1,1,1,1,1,1,1,1,1,1,1,1,1,1,1,1,1,1,1,1,1,1,1,1,1,
    1,1,1,1,1,1,1,1,1,1,1,1,1,1,1,1,1,1,1,1,1,1,1,1,1,1,1,1,1,1,1,1,1,1,
    1,1,1,1,1,1,1,1,1,1,1,1,1,1,1,1,1,1,1,1,1,1,1,1,1,1,1,1,1,1,1,1,1,1,
    1,1,1,1,1,1,1,1,1,1,1,1,1,1,1,1,1,1,1,1,1,1,1,1,1,1,1,1,1,1,1,1,1,1,
    1,1,1,1,1,1,1,1,1,1,1,1,1,1,1,1,1,1,1,1,1,1,1,1,1,1,1,1,1,1,1,1,1,1,
    1,1,1,1,1,1,1,1,1,1,1,1,1,1,1,1,1,1,1,1,1,1,1,1,1,1,1,1,1,1,1,1,1,1,
    1,1,1,1,1,1,1,1,1,1,1,1,1,1,1,1,1,1,1,1,1,1,1,1,1,1,1,1,1,1,1,1,1,1,
    1,1,1,1,1,1,1,1,1,1,1,1,1,1,1,1,1,1,1,1,1,1,1,1,1,1,1,1,1,1,1,1,1,1,
    1,1,1,1,1,1,1,1,1,1,1,1,1,1,1,1,1,1,1,1,1,1,1,1,1,1,1,1,1,1,1,1,1,1,
    1,1,1,1,1,1,1,1,1,1,1,1,1,1,1,1,1,1,1,1,1,1,1,1,1,1,1,1,1,1,1,1,1,1,
    1,1,1,1,1,1,1,1,1,1,1,1,1,1,1,1,1,1,1,1,1,1,1,1,1,1,1,1,1,1,1,1,1,1,
    1,1,1,1,1,1,1,1,1,1,1,1,1,1,1,1,1,1,1,1,1,1,1,1,1,1,1,1,1,1,1,1,1,1,
    1,1,1,1,1,1,1,1,1,1,1,1,1,1,1,1,1,1,1,1,1,1,1,1,1,1,1,1,1,1,1,1,1,1,
    1,1,1,1,1,1,1,1,1,1,1,1,1,1,1,1,1,1,1,1,1,1,1,1,1,1,1,1,1,1,1,1,1,1,
    1,1,1,1,1,1,1,1,1,1,1,1,1,1,1,1,1,1,1,1,1,1,1,1,1,1,1,1,1,1,1,1,1,1,
    1,1,1,1,1,1,1,1,1,1,1,1,1,1,1,1,1,1,1,1,1,1,1,1,1,1,1,1,1,1,1,1,1,1,
    1,1,1,1,1,1,1,1,1,1,1,1,1,1,1,1,1,1,1,1,1,1,1,1,1,1,1,1,1,1,1,1,1,1,
    1,1,1,1,1,1,1,1,1,1,1,1,1,1,1,1,1,1,1,1,1,1,1,1,1,1,1,1,1,1,1,1,1,1,
    1,1,1,1,1,1,1,1,1,1,1,1,1,1,1,1,1,1,1,1,1,1,1,1,1,1,1,1,1,1,1,1,1,1,
    1,1,1,1,1,1,1,1,1,1,1,1,1,1,1,1,1,1,1,1,1,1,1,1,1,1,1,1,1,1,1,1,1,1,
    1,1,1,1,1,1,1,1,1,1,1,1,1,1,1,1,1,1,1,1,1,1,1,1,1,1,1,1,1,1,1,1,1,1,
    1,1,1,1,1,1,1,1,1,1,1,1,1,1,1,1,1,1,1,1,1,1,1,1,1,1,1,1,1,1,1,1,1,1,
    1,1,1,1,1,1,1,1,1,1,1,1,1,1,1,1,1,1,1,1,1,1,1,1,1,1,1,1,1,1,1,1,1,1,
    1,1,1,1,1,1,1,1,1,1,1,1,1,1,1,1,1,1,1,1,1,1,1,1,1,1,1,1,1,1,1,1,1,1,
    1,1,1,1,1,1,1,1,1,1,1,1,1,1,1,1,1,1,1,1,1,1,1,1,1,1,1,1,1,1,1,1,1,1,
    1,1,1,1,1,1,1,1,1,1,1,1,1,1,1,1,1,1,1,1,1,1,1,1,1,1,1,1,1,1,1,1,1,1,
    1,1,1,1,1,1,1,1,1,1,1,1,1,1,1,1,1,1,1,1,1,1,1,1,1,1,1,1,1,1,1,1,1,1,
    1,1,1,1,1,1,1,1,1,1,1,1,1,1,1,1,1,1,1,1,1,1,1,1,1,1,1,1,1,1,1,1,1,1,
    1,1,1,1,1,1,1,1,1,1,1,1,1,1,1,1,1,1,1,1,1,1,1,1,1,1,1,1,1,1,1,1,1,1,
    1,1,1,1,1,1,1,1,1,1,1,1,1,1,1,1,1,1,1,1,1,1,1,1,1,1,1,1,1,1,1,1,1,1,
    1,1,1,1,1,1,1,1,1,1,1,1,1,1,1,1,1,1,1,1,1,1,1,1,1,1,1,1,1,1,1,1,1,1,
    1,1,1,1,1,1,1,1,1,1,1,1,1,1,1,1,1,1,1,1,1,1,1,1,1,1,1,1,1,1,1,1,1,1,
    1,1,1,1,1,1,1,1,1,1,1,1,1,1,1,1,1,1,1,1,1,1,1,1,1,1,1,1,1,1,1,1,1,1,
    1,1,1,1,1,1,1,1,1,1,1,1,1,1,1,1,1,1,1,1,1,1,1,1,1,1,1,1,1,1,1,1,1,1,
    1,1,1,1,1,1,1,1,1,1,1,1,1,1,1,1,1,1,1,1,1,1,1,1,1,1,1,1,1,1,1,1,1,1,
    1,1,1,1,1,1,1,1,1,1,1,1,1,1,1,1,1,1,1,1,1,1,1,1,1,1,1,1,1,1,1,1,1,1,
    1,1,1,1,1,1,1,1,1,1,1,1,1,1,1,1,1,1,1,1,1,1,1,1,1,1,1,1,1,1,1,1,1,1,
    1,1,1,1,1,1,1,1,1,1,1,1,1,1,1,1,1,1,1,1,1,1,1,1,1,1,1,1,1,1,1,1,1,1,
    1,1,1,1,1,1,1,1,1,1,1,1,1,1,1,1,1,1,1,1,1,1,1,1,1,1,1,1,1,1,1,1,1,1,
    1,1,1,1,1,1,1,1,1,1,1,1,1,1,1,1,1,1,1,1,1,1,1,1,1,1,1,1,1,1,1,1,1,5,
    1),(-6.25000000019E-04,0.,6.25E-04,1.25E-03,1.875E-03,2.5E-03,
    3.125E-03,3.75E-03,4.375E-03,5.E-03,5.625E-03,6.25E-03,6.875E-03,
    7.5E-03,8.125E-03,8.75E-03,9.375E-03,1.E-02,1.0625E-02,1.125E-02,
    1.1875E-02,1.25E-02,1.3125E-02,1.375E-02,1.4375E-02,1.5E-02,
    1.5625E-02,1.625E-02,1.6875E-02,1.75E-02,1.8125E-02,1.875E-02,
    1.9375E-02,2.E-02,2.0625E-02,2.125E-02,2.1875E-02,2.25E-02,
    2.3125E-02,2.375E-02,2.4375E-02,2.5E-02,2.5625E-02,2.625E-02,
    2.6875E-02,2.75E-02,2.8125E-02,2.875E-02,2.9375E-02,3.E-02,
    3.0625E-02,3.125E-02,3.1875E-02,3.25E-02,3.3125E-02,3.375E-02,
    3.4375E-02,3.5E-02,3.5625E-02,3.625E-02,3.6875E-02,3.75E-02,
    3.8125E-02,3.875E-02,3.9375E-02,4.E-02,4.0625E-02,4.125E-02,
    4.1875E-02,4.25E-02,4.3125E-02,4.375E-02,4.4375E-02,4.5E-02,
    4.5625E-02,4.625E-02,4.6875E-02,4.75E-02,4.8125E-02,4.875E-02,
    4.9375E-02,5.E-02,5.0625E-02,5.125E-02,5.1875E-02,5.25E-02,
    5.3125E-02,5.375E-02,5.4375E-02,5.5E-02,5.5625E-02,5.625E-02,
    5.6875E-02,5.75E-02,5.8125E-02,5.875E-02,5.9375E-02,6.E-02,
    6.0625E-02,6.125E-02,6.1875E-02,6.25E-02,6.3125E-02,6.375E-02,
    6.4375E-02,6.5E-02,6.5625E-02,6.625E-02,6.6875E-02,6.75E-02,
    6.8125E-02,6.875E-02,6.9375E-02,7.E-02,7.0625E-02,7.125E-02,
    7.1875E-02,7.25E-02,7.3125E-02,7.375E-02,7.4375E-02,7.5E-02,
    7.5625E-02,7.625E-02,7.6875E-02,7.75E-02,7.8125E-02,7.875E-02,
    7.9375E-02,8.E-02,8.0625E-02,8.125E-02,8.1875E-02,8.25E-02,
    8.3125E-02,8.375E-02,8.4375E-02,8.5E-02,8.5625E-02,8.625E-02,
    8.6875E-02,8.75E-02,8.8125E-02,8.875E-02,8.9375E-02,9.E-02,
    9.0625E-02,9.125E-02,9.1875E-02,9.25E-02,9.3125E-02,9.375E-02,
    9.4375E-02,9.5E-02,9.5625E-02,9.625E-02,9.6875E-02,9.75E-02,
    9.8125E-02,9.875E-02,9.9375E-02,0.1,0.100625,0.10125,0.101875,0.1025
    ,0.103125,0.10375,0.104375,0.105,0.105625,0.10625,0.106875,0.1075,
    0.108125,0.10875,0.109375,0.11,0.110625,0.11125,0.111875,0.1125,
    0.113125,0.11375,0.114375,0.115,0.115625,0.11625,0.116875,0.1175,
    0.118125,0.11875,0.119375,0.12,0.120625,0.12125,0.121875,0.1225,
    0.123125,0.12375,0.124375,0.125,0.125625,0.12625,0.126875,0.1275,
    0.128125,0.12875,0.129375,0.13,0.130625,0.13125,0.131875,0.1325,
    0.133125,0.13375,0.134375,0.135,0.135625,0.13625,0.136875,0.1375,
    0.138125,0.13875,0.139375,0.14,0.140625,0.14125,0.141875,0.1425,
    0.143125,0.14375,0.144375,0.145,0.145625,0.14625,0.146875,0.1475,
    0.148125,0.14875,0.149375,0.15,0.150625,0.15125,0.151875,0.1525,
    0.153125,0.15375,0.154375,0.155,0.155625,0.15625,0.156875,0.1575,
    0.158125,0.15875,0.159375,0.16,0.160625,0.16125,0.161875,0.1625,
    0.163125,0.16375,0.164375,0.165,0.165625,0.16625,0.166875,0.1675,
    0.168125,0.16875,0.169375,0.17,0.170625,0.17125,0.171875,0.1725,
    0.173125,0.17375,0.174375,0.175,0.175625,0.17625,0.176875,0.1775,
    0.178125,0.17875,0.179375,0.18,0.180625,0.18125,0.181875,0.1825,
    0.183125,0.18375,0.184375,0.185,0.185625,0.18625,0.186875,0.1875,
    0.188125,0.18875,0.189375,0.19,0.190625,0.19125,0.191875,0.1925,
    0.193125,0.19375,0.194375,0.195,0.195625,0.19625,0.196875,0.1975,
    0.198125,0.19875,0.199375,0.2,0.200625,0.20125,0.201875,0.2025,
    0.203125,0.20375,0.204375,0.205,0.205625,0.20625,0.206875,0.2075,
    0.208125,0.20875,0.209375,0.21,0.210625,0.21125,0.211875,0.2125,
    0.213125,0.21375,0.214375,0.215,0.215625,0.21625,0.216875,0.2175,
    0.218125,0.21875,0.219375,0.22,0.220625,0.22125,0.221875,0.2225,
    0.223125,0.22375,0.224375,0.225,0.225625,0.22625,0.226875,0.2275,
    0.228125,0.22875,0.229375,0.23,0.230625,0.23125,0.231875,0.2325,
    0.233125,0.23375,0.234375,0.235,0.235625,0.23625,0.236875,0.2375,
    0.238125,0.23875,0.239375,0.24,0.240625,0.24125,0.241875,0.2425,
    0.243125,0.24375,0.244375,0.245,0.245625,0.24625,0.246875,0.2475,
    0.248125,0.24875,0.249375,0.25,0.250625,0.25125,0.251875,0.2525,
    0.253125,0.25375,0.254375,0.255,0.255625,0.25625,0.256875,0.2575,
    0.258125,0.25875,0.259375,0.26,0.260625,0.26125,0.261875,0.2625,
    0.263125,0.26375,0.264375,0.265,0.265625,0.26625,0.266875,0.2675,
    0.268125,0.26875,0.269375,0.27,0.270625,0.27125,0.271875,0.2725,
    0.273125,0.27375,0.274375,0.275,0.275625,0.27625,0.276875,0.2775,
    0.278125,0.27875,0.279375,0.28,0.280625,0.28125,0.281875,0.2825,
    0.283125,0.28375,0.284375,0.285,0.285625,0.28625,0.286875,0.2875,
    0.288125,0.28875,0.289375,0.29,0.290625,0.29125,0.291875,0.2925,
    0.293125,0.29375,0.294375,0.295,0.295625,0.29625,0.296875,0.2975,
    0.298125,0.29875,0.299375,0.3,0.300625,0.30125,0.301875,0.3025,
    0.303125,0.30375,0.304375,0.305,0.305625,0.30625,0.306875,0.3075,
    0.308125,0.30875,0.309375,0.31,0.310625,0.31125,0.311875,0.3125,
    0.313125,0.31375,0.314375,0.315,0.315625,0.31625,0.316875,0.3175,
    0.318125,0.31875,0.319375,0.32,0.320625,0.32125,0.321875,0.3225,
    0.323125,0.32375,0.324375,0.325,0.325625,0.32625,0.326875,0.3275,
    0.328125,0.32875,0.329375,0.33,0.330625,0.33125,0.331875,0.3325,
    0.333125,0.33375,0.334375,0.335,0.335625,0.33625,0.336875,0.3375,
    0.338125,0.33875,0.339375,0.34,0.340625,0.34125,0.341875,0.3425,
    0.343125,0.34375,0.344375,0.345,0.345625,0.34625,0.346875,0.3475,
    0.348125,0.34875,0.349375,0.35,0.350625,0.35125,0.351875,0.3525,
    0.353125,0.35375,0.354375,0.355,0.355625,0.35625,0.356875,0.3575,
    0.358125,0.35875,0.359375,0.36,0.360625,0.36125,0.361875,0.3625,
    0.363125,0.36375,0.364375,0.365,0.365625,0.36625,0.366875,0.3675,
    0.368125,0.36875,0.369375,0.37,0.370625,0.37125,0.371875,0.3725,
    0.373125,0.37375,0.374375,0.375,0.375625,0.37625,0.376875,0.3775,
    0.378125,0.37875,0.379375,0.38,0.380625,0.38125,0.381875,0.3825,
    0.383125,0.38375,0.384375,0.385,0.385625,0.38625,0.386875,0.3875,
    0.388125,0.38875,0.389375,0.39,0.390625,0.39125,0.391875,0.3925,
    0.393125,0.39375,0.394375,0.395,0.395625,0.39625,0.396875,0.3975,
    0.398125,0.39875,0.399375,0.4,0.400625,0.40125,0.401875,0.4025,
    0.403125,0.40375,0.404375,0.405,0.405625,0.40625,0.406875,0.4075,
    0.408125,0.40875,0.409375,0.41,0.410625,0.41125,0.411875,0.4125,
    0.413125,0.41375,0.414375,0.415,0.415625,0.41625,0.416875,0.4175,
    0.418125,0.41875,0.419375,0.42,0.420625,0.42125,0.421875,0.4225,
    0.423125,0.42375,0.424375,0.425,0.425625,0.42625,0.426875,0.4275,
    0.428125,0.42875,0.429375,0.43,0.430625,0.43125,0.431875,0.4325,
    0.433125,0.43375,0.434375,0.435,0.435625,0.43625,0.436875,0.4375,
    0.438125,0.43875,0.439375,0.44,0.440625,0.44125,0.441875,0.4425,
    0.443125,0.44375,0.444375,0.445,0.445625,0.44625,0.446875,0.4475,
    0.448125,0.44875,0.449375,0.45,0.450625,0.45125,0.451875,0.4525,
    0.453125,0.45375,0.454375,0.455,0.455625,0.45625,0.456875,0.4575,
    0.458125,0.45875,0.459375,0.46,0.460625,0.46125,0.461875,0.4625,
    0.463125,0.46375,0.464375,0.465,0.465625,0.46625,0.466875,0.4675,
    0.468125,0.46875,0.469375,0.47,0.470625,0.47125,0.471875,0.4725,
    0.473125,0.47375,0.474375,0.475,0.475625,0.47625,0.476875,0.4775,
    0.478125,0.47875,0.479375,0.48,0.480625,0.48125,0.481875,0.4825,
    0.483125,0.48375,0.484375,0.485,0.485625,0.48625,0.486875,0.4875,
    0.488125,0.48875,0.489375,0.49,0.490625,0.49125,0.491875,0.4925,
    0.493125,0.49375,0.494375,0.495,0.495625,0.49625,0.496875,0.4975,
    0.498125,0.49875,0.499375,0.5,0.500625,0.50125,0.501875,0.5025,
    0.503125,0.50375,0.504375,0.505,0.505625,0.50625,0.506875,0.5075,
    0.508125,0.50875,0.509375,0.51,0.510625,0.51125,0.511875,0.5125,
    0.513125,0.51375,0.514375,0.515,0.515625,0.51625,0.516875,0.5175,
    0.518125,0.51875,0.519375,0.52,0.520625,0.52125,0.521875,0.5225,
    0.523125,0.52375,0.524375,0.525,0.525625,0.52625,0.526875,0.5275,
    0.528125,0.52875,0.529375,0.53,0.530625,0.53125,0.531875,0.5325,
    0.533125,0.53375,0.534375,0.535,0.535625,0.53625,0.536875,0.5375,
    0.538125,0.53875,0.539375,0.54,0.540625,0.54125,0.541875,0.5425,
    0.543125,0.54375,0.544375,0.545,0.545625,0.54625,0.546875,0.5475,
    0.548125,0.54875,0.549375,0.55,0.550625,0.55125,0.551875,0.5525,
    0.553125,0.55375,0.554375,0.555,0.555625,0.55625,0.556875,0.5575,
    0.558125,0.55875,0.559375,0.56,0.560625,0.56125,0.561875,0.5625,
    0.563125,0.56375,0.564375,0.565,0.565625,0.56625,0.566875,0.5675,
    0.568125,0.56875,0.569375,0.57,0.570625,0.57125,0.571875,0.5725,
    0.573125,0.57375,0.574375,0.575,0.575625,0.57625,0.576875,0.5775,
    0.578125,0.57875,0.579375,0.58,0.580625,0.58125,0.581875,0.5825,
    0.583125,0.58375,0.584375,0.585,0.585625,0.58625,0.586875,0.5875,
    0.588125,0.58875,0.589375,0.59,0.590625,0.59125,0.591875,0.5925,
    0.593125,0.59375,0.594375,0.595,0.595625,0.59625,0.596875,0.5975,
    0.598125,0.59875,0.599375,0.6,0.600625,0.60125,0.601875,0.6025,
    0.603125,0.60375,0.604375,0.605,0.605625,0.60625,0.606875,0.6075,
    0.608125,0.60875,0.609375,0.61,0.610625,0.61125,0.611875,0.6125,
    0.613125,0.61375,0.614375,0.615,0.615625,0.61625,0.616875,0.6175,
    0.618125,0.61875,0.619375,0.62,0.620625,0.62125,0.621875,0.6225,
    0.623125,0.62375,0.624375,0.625,0.625625,0.62625,0.626875,0.6275,
    0.628125,0.62875,0.629375,0.63,0.630625,0.63125,0.631875,0.6325,
    0.633125,0.63375,0.634375,0.635,0.635625,0.63625,0.636875,0.6375,
    0.638125,0.63875,0.639375,0.64,0.640625,0.64125,0.641875,0.6425,
    0.643125,0.64375,0.644375,0.645,0.645625,0.64625,0.646875,0.6475,
    0.648125,0.64875,0.649375,0.65,0.650625,0.65125,0.651875,0.6525,
    0.653125,0.65375,0.654375,0.655,0.655625,0.65625,0.656875,0.6575,
    0.658125,0.65875,0.659375,0.66,0.660625,0.66125,0.661875,0.6625,
    0.663125,0.66375,0.664375,0.665,0.665625,0.66625,0.666875,0.6675,
    0.668125,0.66875,0.669375,0.67,0.670625,0.67125,0.671875,0.6725,
    0.673125,0.67375,0.674375,0.675,0.675625,0.67625,0.676875,0.6775,
    0.678125,0.67875,0.679375,0.68,0.680625,0.68125,0.681875,0.6825,
    0.683125,0.68375,0.684375,0.685,0.685625,0.68625,0.686875,0.6875,
    0.688125,0.68875,0.689375,0.69,0.690625,0.69125,0.691875,0.6925,
    0.693125,0.69375,0.694375,0.695,0.695625,0.69625,0.696875,0.6975,
    0.698125,0.69875,0.699375,0.7,0.700625,0.70125,0.701875,0.7025,
    0.703125,0.70375,0.704375,0.705,0.705625,0.70625,0.706875,0.7075,
    0.708125,0.70875,0.709375,0.71,0.710625,0.71125,0.711875,0.7125,
    0.713125,0.71375,0.714375,0.715,0.715625,0.71625,0.716875,0.7175,
    0.718125,0.71875,0.719375,0.72,0.720625,0.72125,0.721875,0.7225,
    0.723125,0.72375,0.724375,0.725,0.725625,0.72625,0.726875,0.7275,
    0.728125,0.72875,0.729375,0.73,0.730625,0.73125,0.731875,0.7325,
    0.733125,0.73375,0.734375,0.735,0.735625,0.73625,0.736875,0.7375,
    0.738125,0.73875,0.739375,0.74,0.740625,0.74125,0.741875,0.7425,
    0.743125,0.74375,0.744375,0.745,0.745625,0.74625,0.746875,0.7475,
    0.748125,0.74875,0.749375,0.75,0.750625,0.75125,0.751875,0.7525,
    0.753125,0.75375,0.754375,0.755,0.755625,0.75625,0.756875,0.7575,
    0.758125,0.75875,0.759375,0.76,0.760625,0.76125,0.761875,0.7625,
    0.763125,0.76375,0.764375,0.765,0.765625,0.76625,0.766875,0.7675,
    0.768125,0.76875,0.769375,0.77,0.770625,0.77125,0.771875,0.7725,
    0.773125,0.77375,0.774375,0.775,0.775625,0.77625,0.776875,0.7775,
    0.778125,0.77875,0.779375,0.78,0.780625,0.78125,0.781875,0.7825,
    0.783125,0.78375,0.784375,0.785,0.785625,0.78625,0.786875,0.7875,
    0.788125,0.78875,0.789375,0.79,0.790625,0.79125,0.791875,0.7925,
    0.793125,0.79375,0.794375,0.795,0.795625,0.79625,0.796875,0.7975,
    0.798125,0.79875,0.799375,0.8,0.800625,0.80125,0.801875,0.8025,
    0.803125,0.80375,0.804375,0.805,0.805625,0.80625,0.806875,0.8075,
    0.808125,0.80875,0.809375,0.81,0.810625,0.81125,0.811875,0.8125,
    0.813125,0.81375,0.814375,0.815,0.815625,0.81625,0.816875,0.8175,
    0.818125,0.81875,0.819375,0.82,0.820625,0.82125,0.821875,0.8225,
    0.823125,0.82375,0.824375,0.825,0.825625,0.82625,0.826875,0.8275,
    0.828125,0.82875,0.829375,0.83,0.830625,0.83125,0.831875,0.8325,
    0.833125,0.83375,0.834375,0.835,0.835625,0.83625,0.836875,0.8375,
    0.838125,0.83875,0.839375,0.84,0.840625,0.84125,0.841875,0.8425,
    0.843125,0.84375,0.844375,0.845,0.845625,0.84625,0.846875,0.8475,
    0.848125,0.84875,0.849375,0.85,0.850625,0.85125,0.851875,0.8525,
    0.853125,0.85375,0.854375,0.855,0.855625,0.85625,0.856875,0.8575,
    0.858125,0.85875,0.859375,0.86,0.860625,0.86125,0.861875,0.8625,
    0.863125,0.86375,0.864375,0.865,0.865625,0.86625,0.866875,0.8675,
    0.868125,0.86875,0.869375,0.87,0.870625,0.87125,0.871875,0.8725,
    0.873125,0.87375,0.874375,0.875,0.875625,0.87625,0.876875,0.8775,
    0.878125,0.87875,0.879375,0.88,0.880625,0.88125,0.881875,0.8825,
    0.883125,0.88375,0.884375,0.885,0.885625,0.88625,0.886875,0.8875,
    0.888125,0.88875,0.889375,0.89,0.890625,0.89125,0.891875,0.8925,
    0.893125,0.89375,0.894375,0.895,0.895625,0.89625,0.896875,0.8975,
    0.898125,0.89875,0.899375,0.9,0.900625,0.90125,0.901875,0.9025,
    0.903125,0.90375,0.904375,0.905,0.905625,0.90625,0.906875,0.9075,
    0.908125,0.90875,0.909375,0.91,0.910625,0.91125,0.911875,0.9125,
    0.913125,0.91375,0.914375,0.915,0.915625,0.91625,0.916875,0.9175,
    0.918125,0.91875,0.919375,0.92,0.920625,0.92125,0.921875,0.9225,
    0.923125,0.92375,0.924375,0.925,0.925625,0.92625,0.926875,0.9275,
    0.928125,0.92875,0.929375,0.93,0.930625,0.93125,0.931875,0.9325,
    0.933125,0.93375,0.934375,0.935,0.935625,0.93625,0.936875,0.9375,
    0.938125,0.93875,0.939375,0.94,0.940625,0.94125,0.941875,0.9425,
    0.943125,0.94375,0.944375,0.945,0.945625,0.94625,0.946875,0.9475,
    0.948125,0.94875,0.949375,0.95,0.950625,0.95125,0.951875,0.9525,
    0.953125,0.95375,0.954375,0.955,0.955625,0.95625,0.956875,0.9575,
    0.958125,0.95875,0.959375,0.96,0.960625,0.96125,0.961875,0.9625,
    0.963125,0.96375,0.964375,0.965,0.965625,0.96625,0.966875,0.9675,
    0.968125,0.96875,0.969375,0.97,0.970625,0.97125,0.971875,0.9725,
    0.973125,0.97375,0.974375,0.975,0.975625,0.97625,0.976875,0.9775,
    0.978125,0.97875,0.979375,0.98,0.980625,0.98125,0.981875,0.9825,
    0.983125,0.98375,0.984375,0.985,0.985625,0.98625,0.986875,0.9875,
    0.988125,0.98875,0.989375,0.99,0.990625,0.99125,0.991875,0.9925,
    0.993125,0.99375,0.994375,0.995,0.995625,0.99625,0.996875,0.9975,
    0.998125,0.99875,0.999375,1.,1.000625),.UNSPECIFIED.);
#26 = CARTESIAN_POINT('',(42.5,0.,0.));
#27 = CARTESIAN_POINT('',(42.500000000296,3.832791655935E-02,0.));
#28 = CARTESIAN_POINT('',(42.500688642591,0.114983749727,0.));
#29 = CARTESIAN_POINT('',(42.503787519758,0.22994427042,0.));
#30 = CARTESIAN_POINT('',(42.512046996572,0.383085589469,0.));
#31 = CARTESIAN_POINT('',(42.529223546374,0.574045649506,0.));
#32 = CARTESIAN_POINT('',(42.553212847787,0.764300816817,0.));
#33 = CARTESIAN_POINT('',(42.583967531298,0.953606777484,0.));
#34 = CARTESIAN_POINT('',(42.621436704033,1.141711204095,0.));
#35 = CARTESIAN_POINT('',(42.665570318152,1.328351754114,0.));
#36 = CARTESIAN_POINT('',(42.71631108355,1.513267561589,0.));
#37 = CARTESIAN_POINT('',(42.773586377498,1.696210727499,0.));
#38 = CARTESIAN_POINT('',(42.83730015626,1.876957809743,0.));
#39 = CARTESIAN_POINT('',(42.907324864392,2.0553213154,0.));
#40 = CARTESIAN_POINT('',(42.983493348862,2.2311611864,0.));
#41 = CARTESIAN_POINT('',(43.065614301817,2.40436193436,0.));
#42 = CARTESIAN_POINT('',(43.153487698952,2.574809781924,0.));
#43 = CARTESIAN_POINT('',(43.246920239045,2.742369802309,0.));
#44 = CARTESIAN_POINT('',(43.345740784008,2.906863058184,0.));
#45 = CARTESIAN_POINT('',(43.449815795899,3.068043744735,0.));
#46 = CARTESIAN_POINT('',(43.558999469252,3.225675339481,0.));
#47 = CARTESIAN_POINT('',(43.673083869522,3.379606740466,0.));
#48 = CARTESIAN_POINT('',(43.791749064712,3.52984842022,0.));
#49 = CARTESIAN_POINT('',(43.91451326985,3.676648547388,0.));
#50 = CARTESIAN_POINT('',(44.040682956592,3.820569194937,0.));
#51 = CARTESIAN_POINT('',(44.169365344243,3.962422676376,0.));
#52 = CARTESIAN_POINT('',(44.299480952829,4.103207790178,0.));
#53 = CARTESIAN_POINT('',(44.429776086244,4.244046109451,0.));
#54 = CARTESIAN_POINT('',(44.558835451476,4.386118228221,0.));
#55 = CARTESIAN_POINT('',(44.685094424939,4.53060009341,0.));
#56 = CARTESIAN_POINT('',(44.806969425467,4.678574161782,0.));
#57 = CARTESIAN_POINT('',(44.922988586459,4.830940521825,0.));
#58 = CARTESIAN_POINT('',(45.031922404953,4.988327954984,0.));
#59 = CARTESIAN_POINT('',(45.13291419953,5.151005190419,0.));
#60 = CARTESIAN_POINT('',(45.225611207445,5.318791610654,0.));
#61 = CARTESIAN_POINT('',(45.310032814785,5.491187635967,0.));
#62 = CARTESIAN_POINT('',(45.386438126495,5.667505656033,0.));
#63 = CARTESIAN_POINT('',(45.455193765876,5.847000774927,0.));
#64 = CARTESIAN_POINT('',(45.516641614073,6.029001596546,0.));
#65 = CARTESIAN_POINT('',(45.570966473695,6.213041098806,0.));
#66 = CARTESIAN_POINT('',(45.618239266258,6.398804460723,0.));
#67 = CARTESIAN_POINT('',(45.658460358969,6.586076756465,0.));
#68 = CARTESIAN_POINT('',(45.691602842898,6.774690699377,0.));
#69 = CARTESIAN_POINT('',(45.717655831582,6.964474365075,0.));
#70 = CARTESIAN_POINT('',(45.736667751075,7.155198923314,0.));
#71 = CARTESIAN_POINT('',(45.748727767069,7.346595915153,0.));
#72 = CARTESIAN_POINT('',(45.753947209957,7.538374532235,0.));
#73 = CARTESIAN_POINT('',(45.752441001233,7.730238894778,0.));
#74 = CARTESIAN_POINT('',(45.744309078393,7.921905330853,0.));
#75 = CARTESIAN_POINT('',(45.729617823109,8.113119653017,0.));
#76 = CARTESIAN_POINT('',(45.708409818521,8.30365186553,0.));
#77 = CARTESIAN_POINT('',(45.680713603335,8.493290874117,0.));
#78 = CARTESIAN_POINT('',(45.646553427066,8.68183919485,0.));
#79 = CARTESIAN_POINT('',(45.605959004776,8.869107663423,0.));
#80 = CARTESIAN_POINT('',(45.558975272044,9.054910144324,0.));
#81 = CARTESIAN_POINT('',(45.505655397624,9.239054908647,0.));
#82 = CARTESIAN_POINT('',(45.446053796296,9.421336012097,0.));
#83 = CARTESIAN_POINT('',(45.380219141394,9.601524672441,0.));
#84 = CARTESIAN_POINT('',(45.308187378049,9.779360648189,0.));
#85 = CARTESIAN_POINT('',(45.229974734472,9.954543613745,0.));
#86 = CARTESIAN_POINT('',(45.145588267925,10.126756229259,0.));
#87 = CARTESIAN_POINT('',(45.055036412706,10.295687214164,0.));
#88 = CARTESIAN_POINT('',(44.958339527227,10.461054418961,0.));
#89 = CARTESIAN_POINT('',(44.855540441853,10.622627898701,0.));
#90 = CARTESIAN_POINT('',(44.746715005626,10.780252983707,0.));
#91 = CARTESIAN_POINT('',(44.631952094418,10.933785422539,0.));
#92 = CARTESIAN_POINT('',(44.511333614546,11.083026513588,0.));
#93 = CARTESIAN_POINT('',(44.384914517245,11.227658263842,0.));
#94 = CARTESIAN_POINT('',(44.252702787353,11.367178482829,0.));
#95 = CARTESIAN_POINT('',(44.114639500622,11.500836049113,0.));
#96 = CARTESIAN_POINT('',(43.970671002461,11.62780246616,0.));
#97 = CARTESIAN_POINT('',(43.820821050491,11.747343307026,0.));
#98 = CARTESIAN_POINT('',(43.665262917158,11.858989598763,0.));
#99 = CARTESIAN_POINT('',(43.504391632923,11.962709467114,0.));
#100 = CARTESIAN_POINT('',(43.338895828931,12.059079022826,0.));
#101 = CARTESIAN_POINT('',(43.16967079124,12.149149695197,0.));
#102 = CARTESIAN_POINT('',(42.997731895569,12.23431631773,0.));
#103 = CARTESIAN_POINT('',(42.824127939453,12.316184961769,0.));
#104 = CARTESIAN_POINT('',(42.649854429888,12.396440817362,0.));
#105 = CARTESIAN_POINT('',(42.475767133964,12.476716221017,0.));
#106 = CARTESIAN_POINT('',(42.302595110437,12.558527140021,0.));
#107 = CARTESIAN_POINT('',(42.130953448007,12.643209442506,0.));
#108 = CARTESIAN_POINT('',(41.961356112733,12.731855259686,0.));
#109 = CARTESIAN_POINT('',(41.79422874815,12.825249279515,0.));
#110 = CARTESIAN_POINT('',(41.629921497594,12.923805148931,0.));
#111 = CARTESIAN_POINT('',(41.468725933225,13.027654973807,0.));
#112 = CARTESIAN_POINT('',(41.310891985958,13.136738725569,0.));
#113 = CARTESIAN_POINT('',(41.156644874903,13.250893682607,0.));
#114 = CARTESIAN_POINT('',(41.006202036534,13.369943854495,0.));
#115 = CARTESIAN_POINT('',(40.859790055054,13.493789419305,0.));
#116 = CARTESIAN_POINT('',(40.717639148128,13.622379698095,0.));
#117 = CARTESIAN_POINT('',(40.579977651391,13.755686124369,0.));
#118 = CARTESIAN_POINT('',(40.447026503191,13.893675214355,0.));
#119 = CARTESIAN_POINT('',(40.318993729727,14.036281539376,0.));
#120 = CARTESIAN_POINT('',(40.196068928571,14.183380690541,0.));
#121 = CARTESIAN_POINT('',(40.078426342953,14.334802985519,0.));
#122 = CARTESIAN_POINT('',(39.966227937662,14.490347183104,0.));
#123 = CARTESIAN_POINT('',(39.859626474425,14.649794195105,0.));
#124 = CARTESIAN_POINT('',(39.75876858722,14.812920798602,0.));
#125 = CARTESIAN_POINT('',(39.663797858312,14.979513349975,0.));
#126 = CARTESIAN_POINT('',(39.574851542287,15.149364260304,0.));
#127 = CARTESIAN_POINT('',(39.492057289179,15.322268468357,0.));
#128 = CARTESIAN_POINT('',(39.415529867922,15.498019914493,0.));
#129 = CARTESIAN_POINT('',(39.345367889623,15.676408014176,0.));
#130 = CARTESIAN_POINT('',(39.281650530894,15.857214131637,0.));
#131 = CARTESIAN_POINT('',(39.224442344058,16.040211404321,0.));
#132 = CARTESIAN_POINT('',(39.1737980675,16.225164567277,0.));
#133 = CARTESIAN_POINT('',(39.129767435623,16.411829777688,0.));
#134 = CARTESIAN_POINT('',(39.092399989668,16.599954438987,0.));
#135 = CARTESIAN_POINT('',(39.061749886203,16.789277026044,0.));
#136 = CARTESIAN_POINT('',(39.037864024892,16.979534606061,0.));
#137 = CARTESIAN_POINT('',(39.020770178041,17.17047035874,0.));
#138 = CARTESIAN_POINT('',(39.01046512035,17.361841096129,0.));
#139 = CARTESIAN_POINT('',(39.006902756411,17.553424784011,0.));
#140 = CARTESIAN_POINT('',(39.009982254854,17.745028058902,0.));
#141 = CARTESIAN_POINT('',(39.019571065762,17.936471013103,0.));
#142 = CARTESIAN_POINT('',(39.035527931483,18.127571984058,0.));
#143 = CARTESIAN_POINT('',(39.057725899217,18.318132342497,0.));
#144 = CARTESIAN_POINT('',(39.08607533434,18.507921280172,0.));
#145 = CARTESIAN_POINT('',(39.120546929312,18.696660600288,0.));
#146 = CARTESIAN_POINT('',(39.16109649068,18.884075987228,0.));
#147 = CARTESIAN_POINT('',(39.20758973619,19.069948267883,0.));
#148 = CARTESIAN_POINT('',(39.259727079557,19.254164684933,0.));
#149 = CARTESIAN_POINT('',(39.316968439474,19.436770145185,0.));
#150 = CARTESIAN_POINT('',(39.378457983287,19.618018534543,0.));
#151 = CARTESIAN_POINT('',(39.443060030261,19.798318680451,0.));
#152 = CARTESIAN_POINT('',(39.509395047317,19.978180253275,0.));
#153 = CARTESIAN_POINT('',(39.575875562837,20.158159682722,0.));
#154 = CARTESIAN_POINT('',(39.6407422228,20.338806086261,0.));
#155 = CARTESIAN_POINT('',(39.702099488093,20.520607141661,0.));
#156 = CARTESIAN_POINT('',(39.75807008222,20.703956898294,0.));
#157 = CARTESIAN_POINT('',(39.806949728802,20.889123670529,0.));
#158 = CARTESIAN_POINT('',(39.847361890974,21.076217866259,0.));
#159 = CARTESIAN_POINT('',(39.878412260111,21.265159921071,0.));
#160 = CARTESIAN_POINT('',(39.899844045249,21.455647969717,0.));
#161 = CARTESIAN_POINT('',(39.911866337679,21.647227879452,0.));
#162 = CARTESIAN_POINT('',(39.914981656238,21.839363536341,0.));
#163 = CARTESIAN_POINT('',(39.909813776015,22.031507046948,0.));
#164 = CARTESIAN_POINT('',(39.896935486169,22.223168954405,0.));
#165 = CARTESIAN_POINT('',(39.876696243665,22.41398850746,0.));
#166 = CARTESIAN_POINT('',(39.849282048213,22.603701989941,0.));
#167 = CARTESIAN_POINT('',(39.814775487623,22.792110976794,0.));
#168 = CARTESIAN_POINT('',(39.773215719116,22.979050617701,0.));
#169 = CARTESIAN_POINT('',(39.724658477526,23.164357909176,0.));
#170 = CARTESIAN_POINT('',(39.669236072234,23.347839971486,0.));
#171 = CARTESIAN_POINT('',(39.607133616392,23.529282903146,0.));
#172 = CARTESIAN_POINT('',(39.538565253408,23.708460636562,0.));
#173 = CARTESIAN_POINT('',(39.463750385191,23.885143793011,0.));
#174 = CARTESIAN_POINT('',(39.382889898494,24.059108538227,0.));
#175 = CARTESIAN_POINT('',(39.296142395309,24.230145436801,0.));
#176 = CARTESIAN_POINT('',(39.203635232884,24.398058296236,0.));
#177 = CARTESIAN_POINT('',(39.105475559827,24.562663012144,0.));
#178 = CARTESIAN_POINT('',(39.0017613536,24.723786413052,0.));
#179 = CARTESIAN_POINT('',(38.892592457383,24.881265105393,0.));
#180 = CARTESIAN_POINT('',(38.778081617217,25.034944318479,0.));
#181 = CARTESIAN_POINT('',(38.658351326102,25.1846672647,0.));
#182 = CARTESIAN_POINT('',(38.533530668207,25.330264499972,0.));
#183 = CARTESIAN_POINT('',(38.403752163,25.471543283549,0.));
#184 = CARTESIAN_POINT('',(38.269148609557,25.608276939251,0.));
#185 = CARTESIAN_POINT('',(38.12984993042,25.740194212675,0.));
#186 = CARTESIAN_POINT('',(37.985984086354,25.867004620724,0.));
#187 = CARTESIAN_POINT('',(37.837677991551,25.988423805323,0.));
#188 = CARTESIAN_POINT('',(37.68505842867,26.104198885149,0.));
#189 = CARTESIAN_POINT('',(37.528252963928,26.214133809242,0.));
#190 = CARTESIAN_POINT('',(37.367390862225,26.318114707626,0.));
#191 = CARTESIAN_POINT('',(37.202609436798,26.41604232067,0.));
#192 = CARTESIAN_POINT('',(37.034060399027,26.507764416215,0.));
#193 = CARTESIAN_POINT('',(36.861916207894,26.593008235955,0.));
#194 = CARTESIAN_POINT('',(36.6863764204,26.671312872055,0.));
#195 = CARTESIAN_POINT('',(36.507674039371,26.74196182946,0.));
#196 = CARTESIAN_POINT('',(36.326076546323,26.804169144457,0.));
#197 = CARTESIAN_POINT('',(36.14188694346,26.857265386672,0.));
#198 = CARTESIAN_POINT('',(35.955444781827,26.900883590093,0.));
#199 = CARTESIAN_POINT('',(35.76712721973,26.935145478358,0.));
#200 = CARTESIAN_POINT('',(35.577350001352,26.960846836124,0.));
#201 = CARTESIAN_POINT('',(35.386537898583,26.979301668542,0.));
#202 = CARTESIAN_POINT('',(35.195095216595,26.992187201201,0.));
#203 = CARTESIAN_POINT('',(35.00337630107,27.001388607984,0.));
#204 = CARTESIAN_POINT('',(34.811655986235,27.008843765518,0.));
#205 = CARTESIAN_POINT('',(34.620100229653,27.016388243983,0.));
#206 = CARTESIAN_POINT('',(34.428802458225,27.025701613234,0.));
#207 = CARTESIAN_POINT('',(34.237819725206,27.038253438751,0.));
#208 = CARTESIAN_POINT('',(34.047208932797,27.055249404504,0.));
#209 = CARTESIAN_POINT('',(33.857063037267,27.077577354363,0.));
#210 = CARTESIAN_POINT('',(33.667547233048,27.10575344232,0.));
#211 = CARTESIAN_POINT('',(33.478880342961,27.140011298122,0.));
#212 = CARTESIAN_POINT('',(33.291316245005,27.180391107021,0.));
#213 = CARTESIAN_POINT('',(33.105125285371,27.226828721473,0.));
#214 = CARTESIAN_POINT('',(32.920575697787,27.27924475686,0.));
#215 = CARTESIAN_POINT('',(32.737915018959,27.337633699769,0.));
#216 = CARTESIAN_POINT('',(32.557375336266,27.402036829447,0.));
#217 = CARTESIAN_POINT('',(32.379178536253,27.472515134158,0.));
#218 = CARTESIAN_POINT('',(32.203541553022,27.549122228375,0.));
#219 = CARTESIAN_POINT('',(32.030681616191,27.631877272063,0.));
#220 = CARTESIAN_POINT('',(31.860821500299,27.720737882245,0.));
#221 = CARTESIAN_POINT('',(31.694187119716,27.815613972884,0.));
#222 = CARTESIAN_POINT('',(31.531005122071,27.916381602592,0.));
#223 = CARTESIAN_POINT('',(31.371500482219,28.022896819653,0.));
#224 = CARTESIAN_POINT('',(31.215894096002,28.135009507376,0.));
#225 = CARTESIAN_POINT('',(31.064400374011,28.252577231346,0.));
#226 = CARTESIAN_POINT('',(30.917225563789,28.375460729464,0.));
#227 = CARTESIAN_POINT('',(30.774566072124,28.503519399409,0.));
#228 = CARTESIAN_POINT('',(30.636606787297,28.636606787067,0.));
#229 = CARTESIAN_POINT('',(30.503519401305,28.774566074532,0.));
#230 = CARTESIAN_POINT('',(30.375460732087,28.917225568268,0.));
#231 = CARTESIAN_POINT('',(30.252577234754,29.064400377709,0.));
#232 = CARTESIAN_POINT('',(30.135009512977,29.215894093853,0.));
#233 = CARTESIAN_POINT('',(30.022896829959,29.371500467847,0.));
#234 = CARTESIAN_POINT('',(29.916381620361,29.531005089504,0.));
#235 = CARTESIAN_POINT('',(29.81561399966,29.694187065929,0.));
#236 = CARTESIAN_POINT('',(29.720737917523,29.860821426621,0.));
#237 = CARTESIAN_POINT('',(29.631877313089,30.03068152856,0.));
#238 = CARTESIAN_POINT('',(29.549122270571,30.203541461111,0.));
#239 = CARTESIAN_POINT('',(29.472515172178,30.379178451451,0.));
#240 = CARTESIAN_POINT('',(29.402036858874,30.55737526852,0.));
#241 = CARTESIAN_POINT('',(29.337633718197,30.737914974621,0.));
#242 = CARTESIAN_POINT('',(29.279244764345,30.920575678472,0.));
#243 = CARTESIAN_POINT('',(29.226828720355,31.105125287823,0.));
#244 = CARTESIAN_POINT('',(29.180391101128,31.291316261975,0.));
#245 = CARTESIAN_POINT('',(29.140011291331,31.47888036509,0.));
#246 = CARTESIAN_POINT('',(29.105753437579,31.667547250488,0.));
#247 = CARTESIAN_POINT('',(29.077577353165,31.857063041021,0.));
#248 = CARTESIAN_POINT('',(29.055249406807,32.047208915803,0.));
#249 = CARTESIAN_POINT('',(29.038253443349,32.237819683143,0.));
#250 = CARTESIAN_POINT('',(29.025701618591,32.428802390054,0.));
#251 = CARTESIAN_POINT('',(29.016388248857,32.62010013764,0.));
#252 = CARTESIAN_POINT('',(29.008843769365,32.811655875469,0.));
#253 = CARTESIAN_POINT('',(29.001388611148,33.003376178471,0.));
#254 = CARTESIAN_POINT('',(28.99218720488,33.195095089403,0.));
#255 = CARTESIAN_POINT('',(28.979301674566,33.386537772358,0.));
#256 = CARTESIAN_POINT('',(28.960846846711,33.577349878876,0.));
#257 = CARTESIAN_POINT('',(28.935145495785,33.767127100772,0.));
#258 = CARTESIAN_POINT('',(28.900883616284,33.955444663788,0.));
#259 = CARTESIAN_POINT('',(28.857265422754,34.141886822895,0.));
#260 = CARTESIAN_POINT('',(28.804169190109,34.326076421324,0.));
#261 = CARTESIAN_POINT('',(28.741961882589,34.507673910901,0.));
#262 = CARTESIAN_POINT('',(28.671312928984,34.686376292565,0.));
#263 = CARTESIAN_POINT('',(28.593008292073,34.86191608718,0.));
#264 = CARTESIAN_POINT('',(28.50776446707,35.034060292481,0.));
#265 = CARTESIAN_POINT('',(28.416042363641,35.202609349163,0.));
#266 = CARTESIAN_POINT('',(28.318114742921,35.367390794257,0.));
#267 = CARTESIAN_POINT('',(28.214133840077,35.528252911905,0.));
#268 = CARTESIAN_POINT('',(28.104198917152,35.685058385093,0.));
#269 = CARTESIAN_POINT('',(27.988423845149,35.837677947034,0.));
#270 = CARTESIAN_POINT('',(27.867004673877,35.9859840327,0.));
#271 = CARTESIAN_POINT('',(27.740194282139,36.129849862619,0.));
#272 = CARTESIAN_POINT('',(27.608277024972,36.269148526705,0.));
#273 = CARTESIAN_POINT('',(27.471543382747,36.403752068125,0.));
#274 = CARTESIAN_POINT('',(27.330264608287,36.533530567017,0.));
#275 = CARTESIAN_POINT('',(27.18466737819,36.658351224644,0.));
#276 = CARTESIAN_POINT('',(27.034944434828,36.778081520286,0.));
#277 = CARTESIAN_POINT('',(26.881265224307,36.892592367664,0.));
#278 = CARTESIAN_POINT('',(26.72378653585,37.001761271549,0.));
#279 = CARTESIAN_POINT('',(26.562663140541,37.105475484299,0.));
#280 = CARTESIAN_POINT('',(26.398058430314,37.203635162485,0.));
#281 = CARTESIAN_POINT('',(26.230145573967,37.296142329284,0.));
#282 = CARTESIAN_POINT('',(26.059108673166,37.382889837148,0.));
#283 = CARTESIAN_POINT('',(25.885143918625,37.463750329851,0.));
#284 = CARTESIAN_POINT('',(25.708460745912,37.538565205919,0.));
#285 = CARTESIAN_POINT('',(25.52928299237,37.607133578163,0.));
#286 = CARTESIAN_POINT('',(25.347840041399,37.669236043663,0.));
#287 = CARTESIAN_POINT('',(25.164357965546,37.724658457768,0.));
#288 = CARTESIAN_POINT('',(24.979050670208,37.773215706226,0.));
#289 = CARTESIAN_POINT('',(24.792111036656,37.814775479042,0.));
#290 = CARTESIAN_POINT('',(24.603702066241,37.849282041613,0.));
#291 = CARTESIAN_POINT('',(24.413988604868,37.8766962375,0.));
#292 = CARTESIAN_POINT('',(24.223169072301,37.896935479957,0.));
#293 = CARTESIAN_POINT('',(24.031507179949,37.909813770364,0.));
#294 = CARTESIAN_POINT('',(23.83936367623,37.914981652563,0.));
#295 = CARTESIAN_POINT('',(23.647228018474,37.911866337759,0.));
#296 = CARTESIAN_POINT('',(23.45564810267,37.899844050909,0.));
#297 = CARTESIAN_POINT('',(23.265160046267,37.878412272916,0.));
#298 = CARTESIAN_POINT('',(23.076217985337,37.847361911949,0.));
#299 = CARTESIAN_POINT('',(22.889123787102,37.806949758223,0.));
#300 = CARTESIAN_POINT('',(22.703957015498,37.758070119306,0.));
#301 = CARTESIAN_POINT('',(22.520607260581,37.702099530829,0.));
#302 = CARTESIAN_POINT('',(22.338806205178,37.640742268074,0.));
#303 = CARTESIAN_POINT('',(22.1581597972,37.575875606829,0.));
#304 = CARTESIAN_POINT('',(21.978180357084,37.509395086154,0.));
#305 = CARTESIAN_POINT('',(21.79831876733,37.443060060974,0.));
#306 = CARTESIAN_POINT('',(21.61801859958,37.378458004429,0.));
#307 = CARTESIAN_POINT('',(21.436770185808,37.316968451324,0.));
#308 = CARTESIAN_POINT('',(21.254164701515,37.259727083933,0.));
#309 = CARTESIAN_POINT('',(21.069948263955,37.207589735859,0.));
#310 = CARTESIAN_POINT('',(20.884075969301,37.161096488383,0.));
#311 = CARTESIAN_POINT('',(20.696660577244,37.120546927115,0.));
#312 = CARTESIAN_POINT('',(20.50792126224,37.086075333289,0.));
#313 = CARTESIAN_POINT('',(20.318132339804,37.057725899311,0.));
#314 = CARTESIAN_POINT('',(20.127572004767,37.035527931962,0.));
#315 = CARTESIAN_POINT('',(19.936471061119,37.019571065708,0.));
#316 = CARTESIAN_POINT('',(19.745028132753,37.009982253595,0.));
#317 = CARTESIAN_POINT('',(19.553424876909,37.006902753739,0.));
#318 = CARTESIAN_POINT('',(19.361841197191,37.010465116539,0.));
#319 = CARTESIAN_POINT('',(19.170470455399,37.020770173672,0.));
#320 = CARTESIAN_POINT('',(18.97953468763,37.037864020494,0.));
#321 = CARTESIAN_POINT('',(18.789277085981,37.061749882049,0.));
#322 = CARTESIAN_POINT('',(18.599954475875,37.092399985716,0.));
#323 = CARTESIAN_POINT('',(18.41182979491,37.129767431602,0.));
#324 = CARTESIAN_POINT('',(18.225164571406,37.173798063147,0.));
#325 = CARTESIAN_POINT('',(18.040211402211,37.224442339493,0.));
#326 = CARTESIAN_POINT('',(17.857214128504,37.281650526754,0.));
#327 = CARTESIAN_POINT('',(17.676408012677,37.345367886948,0.));
#328 = CARTESIAN_POINT('',(17.498019914793,37.415529867797,0.));
#329 = CARTESIAN_POINT('',(17.322268469188,37.492057292131,0.));
#330 = CARTESIAN_POINT('',(17.149364261015,37.574851547432,0.));
#331 = CARTESIAN_POINT('',(16.97951335171,37.663797863035,0.));
#332 = CARTESIAN_POINT('',(16.8129208046,37.758768587379,0.));
#333 = CARTESIAN_POINT('',(16.649794210126,37.85962646509,0.));
#334 = CARTESIAN_POINT('',(16.490347211983,37.966227914372,0.));
#335 = CARTESIAN_POINT('',(16.334803030839,38.078426303507,0.));
#336 = CARTESIAN_POINT('',(16.183380751329,38.196068874001,0.));
#337 = CARTESIAN_POINT('',(16.036281610814,38.318993664466,0.));
#338 = CARTESIAN_POINT('',(15.893675288512,38.447026434424,0.));
#339 = CARTESIAN_POINT('',(15.755686191948,38.579977587594,0.));
#340 = CARTESIAN_POINT('',(15.622379751208,38.717639096799,0.));
#341 = CARTESIAN_POINT('',(15.493789453298,38.859790021142,0.));
#342 = CARTESIAN_POINT('',(15.369943868802,39.006202021552,0.));
#343 = CARTESIAN_POINT('',(15.250893680637,39.156644876741,0.));
#344 = CARTESIAN_POINT('',(15.136738713631,39.310891999381,0.));
#345 = CARTESIAN_POINT('',(15.027654959064,39.468725951072,0.));
#346 = CARTESIAN_POINT('',(14.923805137877,39.629921511894,0.));
#347 = CARTESIAN_POINT('',(14.825249276972,39.794228751161,0.));
#348 = CARTESIAN_POINT('',(14.731855268316,39.961356097913,0.));
#349 = CARTESIAN_POINT('',(14.643209462851,40.130953410903,0.));
#350 = CARTESIAN_POINT('',(14.558527171059,40.302595049501,0.));
#351 = CARTESIAN_POINT('',(14.476716260733,40.475767050817,0.));
#352 = CARTESIAN_POINT('',(14.396440863305,40.649854329024,0.));
#353 = CARTESIAN_POINT('',(14.31618501161,40.824127827398,0.));
#354 = CARTESIAN_POINT('',(14.234316369803,40.997731779467,0.));
#355 = CARTESIAN_POINT('',(14.149149749066,41.169670676928,0.));
#356 = CARTESIAN_POINT('',(14.059079079476,41.338895719828,0.));
#357 = CARTESIAN_POINT('',(13.962709528739,41.504391529687,0.));
#358 = CARTESIAN_POINT('',(13.858989668132,41.665262818126,0.));
#359 = CARTESIAN_POINT('',(13.7473433865,41.820820952912,0.));
#360 = CARTESIAN_POINT('',(13.627802556172,41.97067090445,0.));
#361 = CARTESIAN_POINT('',(13.500836147362,42.114639402265,0.));
#362 = CARTESIAN_POINT('',(13.367178584346,42.252702691035,0.));
#363 = CARTESIAN_POINT('',(13.227658361883,42.384914427195,0.));
#364 = CARTESIAN_POINT('',(13.083026601344,42.511333535571,0.));
#365 = CARTESIAN_POINT('',(12.933785495774,42.631952029898,0.));
#366 = CARTESIAN_POINT('',(12.780253042325,42.746714956338,0.));
#367 = CARTESIAN_POINT('',(12.622627947097,42.85554040559,0.));
#368 = CARTESIAN_POINT('',(12.461054465204,42.958339499215,0.));
#369 = CARTESIAN_POINT('',(12.295687267996,43.055036386817,0.));
#370 = CARTESIAN_POINT('',(12.126756298899,43.145588238693,0.));
#371 = CARTESIAN_POINT('',(11.954543703869,43.229974698413,0.));
#372 = CARTESIAN_POINT('',(11.779360759091,43.308187334307,0.));
#373 = CARTESIAN_POINT('',(11.601524800396,43.380219091702,0.));
#374 = CARTESIAN_POINT('',(11.421336150892,43.446053744257,0.));
#375 = CARTESIAN_POINT('',(11.239055052324,43.505655347317,0.));
#376 = CARTESIAN_POINT('',(11.05491028891,43.558975227013,0.));
#377 = CARTESIAN_POINT('',(10.869107807619,43.60595896739,0.));
#378 = CARTESIAN_POINT('',(10.6818393397,43.646553398253,0.));
#379 = CARTESIAN_POINT('',(10.493291021645,43.680713582693,0.));
#380 = CARTESIAN_POINT('',(10.303652016343,43.708409804795,0.));
#381 = CARTESIAN_POINT('',(10.11311980501,43.729617814606,0.));
#382 = CARTESIAN_POINT('',(9.921905478997,43.744309073357,0.));
#383 = CARTESIAN_POINT('',(9.730239032008,43.752440998176,0.));
#384 = CARTESIAN_POINT('',(9.538374651434,43.753947207927,0.));
#385 = CARTESIAN_POINT('',(9.346596012212,43.748727765892,0.));
#386 = CARTESIAN_POINT('',(9.155198998836,43.73666775143,0.));
#387 = CARTESIAN_POINT('',(8.964474424713,43.717655834899,0.));
#388 = CARTESIAN_POINT('',(8.77469075282,43.691602851082,0.));
#389 = CARTESIAN_POINT('',(8.586076815058,43.658460373952,0.));
#390 = CARTESIAN_POINT('',(8.398804533747,43.618239289365,0.));
#391 = CARTESIAN_POINT('',(8.213041191165,43.570966505282,0.));
#392 = CARTESIAN_POINT('',(8.02900170785,43.516641653455,0.));
#393 = CARTESIAN_POINT('',(7.847000899966,43.455193811553,0.));
#394 = CARTESIAN_POINT('',(7.667505786677,43.38643817663,0.));
#395 = CARTESIAN_POINT('',(7.491187764372,43.310032868053,0.));
#396 = CARTESIAN_POINT('',(7.318791731317,43.225611263546,0.));
#397 = CARTESIAN_POINT('',(7.151005301183,43.132914259266,0.));
#398 = CARTESIAN_POINT('',(6.988328056971,43.031922469901,0.));
#399 = CARTESIAN_POINT('',(6.830940618268,42.922988658256,0.));
#400 = CARTESIAN_POINT('',(6.678574255875,42.806969504588,0.));
#401 = CARTESIAN_POINT('',(6.530600186926,42.685094509936,0.));
#402 = CARTESIAN_POINT('',(6.386118320762,42.558835538814,0.));
#403 = CARTESIAN_POINT('',(6.24404619838,42.429776170696,0.));
#404 = CARTESIAN_POINT('',(6.103207871222,42.299481028433,0.));
#405 = CARTESIAN_POINT('',(5.962422744886,42.169365405862,0.));
#406 = CARTESIAN_POINT('',(5.82056924693,42.040683001013,0.));
#407 = CARTESIAN_POINT('',(5.676648580383,41.914513296344,0.));
#408 = CARTESIAN_POINT('',(5.529848433865,41.791749075101,0.));
#409 = CARTESIAN_POINT('',(5.379606736965,41.673083867712,0.));
#410 = CARTESIAN_POINT('',(5.225675323798,41.558999460269,0.));
#411 = CARTESIAN_POINT('',(5.068043724285,41.44981578505,0.));
#412 = CARTESIAN_POINT('',(4.906863042019,41.345740776174,0.));
#413 = CARTESIAN_POINT('',(4.742369799786,41.246920238102,0.));
#414 = CARTESIAN_POINT('',(4.574809800874,41.15348770732,0.));
#415 = CARTESIAN_POINT('',(4.404361978742,41.06561432014,0.));
#416 = CARTESIAN_POINT('',(4.231161255112,40.983493375958,0.));
#417 = CARTESIAN_POINT('',(4.055321402249,40.907324897472,0.));
#418 = CARTESIAN_POINT('',(3.876957904571,40.837300191412,0.));
#419 = CARTESIAN_POINT('',(3.696210818473,40.773586410457,0.));
#420 = CARTESIAN_POINT('',(3.513267638633,40.716311110698,0.));
#421 = CARTESIAN_POINT('',(3.32835181108,40.665570337272,0.));
#422 = CARTESIAN_POINT('',(3.141711239688,40.621436714458,0.));
#423 = CARTESIAN_POINT('',(2.953606794934,40.583967534269,0.));
#424 = CARTESIAN_POINT('',(2.764300822298,40.553212845122,0.));
#425 = CARTESIAN_POINT('',(2.574045649303,40.529223541861,0.));
#426 = CARTESIAN_POINT('',(2.383085588159,40.512046990348,0.));
#427 = CARTESIAN_POINT('',(2.191658940294,40.501722650301,0.));
#428 = CARTESIAN_POINT('',(2.000000000163,40.498277698778,0.));
#429 = CARTESIAN_POINT('',(1.808341059346,40.501722653349,0.));
#430 = CARTESIAN_POINT('',(1.616914410532,40.512046995377,0.));
#431 = CARTESIAN_POINT('',(1.425954350496,40.529223546892,0.));
#432 = CARTESIAN_POINT('',(1.235699183185,40.553212847566,0.));
#433 = CARTESIAN_POINT('',(1.046393222517,40.583967531393,0.));
#434 = CARTESIAN_POINT('',(0.858288795905,40.621436703991,0.));
#435 = CARTESIAN_POINT('',(0.671648245885,40.665570318169,0.));
#436 = CARTESIAN_POINT('',(0.48673243841,40.716311083541,0.));
#437 = CARTESIAN_POINT('',(0.303789272501,40.7735863775,0.));
#438 = CARTESIAN_POINT('',(0.123042190258,40.837300156258,0.));
#439 = CARTESIAN_POINT('',(-5.532131539888E-02,40.907324864393,0.));
#440 = CARTESIAN_POINT('',(-0.231161186398,40.983493348862,0.));
#441 = CARTESIAN_POINT('',(-0.404361934358,41.065614301817,0.));
#442 = CARTESIAN_POINT('',(-0.574809781922,41.153487698952,0.));
#443 = CARTESIAN_POINT('',(-0.742369802308,41.246920239044,0.));
#444 = CARTESIAN_POINT('',(-0.906863058185,41.345740784008,0.));
#445 = CARTESIAN_POINT('',(-1.068043744736,41.449815795899,0.));
#446 = CARTESIAN_POINT('',(-1.225675339482,41.558999469252,0.));
#447 = CARTESIAN_POINT('',(-1.379606740467,41.673083869522,0.));
#448 = CARTESIAN_POINT('',(-1.529848420219,41.791749064712,0.));
#449 = CARTESIAN_POINT('',(-1.676648547385,41.914513269849,0.));
#450 = CARTESIAN_POINT('',(-1.820569194933,42.040682956592,0.));
#451 = CARTESIAN_POINT('',(-1.962422676372,42.169365344243,0.));
#452 = CARTESIAN_POINT('',(-2.103207790176,42.299480952828,0.));
#453 = CARTESIAN_POINT('',(-2.244046109451,42.429776086243,0.));
#454 = CARTESIAN_POINT('',(-2.386118228222,42.558835451476,0.));
#455 = CARTESIAN_POINT('',(-2.530600093411,42.685094424938,0.));
#456 = CARTESIAN_POINT('',(-2.678574161783,42.806969425466,0.));
#457 = CARTESIAN_POINT('',(-2.830940521826,42.922988586459,0.));
#458 = CARTESIAN_POINT('',(-2.988327954983,43.031922404953,0.));
#459 = CARTESIAN_POINT('',(-3.151005190417,43.132914199529,0.));
#460 = CARTESIAN_POINT('',(-3.318791610651,43.225611207444,0.));
#461 = CARTESIAN_POINT('',(-3.491187635963,43.310032814784,0.));
#462 = CARTESIAN_POINT('',(-3.667505656029,43.386438126495,0.));
#463 = CARTESIAN_POINT('',(-3.847000774926,43.455193765876,0.));
#464 = CARTESIAN_POINT('',(-4.029001596548,43.516641614072,0.));
#465 = CARTESIAN_POINT('',(-4.213041098809,43.570966473694,0.));
#466 = CARTESIAN_POINT('',(-4.398804460725,43.618239266258,0.));
#467 = CARTESIAN_POINT('',(-4.586076756466,43.658460358968,0.));
#468 = CARTESIAN_POINT('',(-4.774690699376,43.691602842898,0.));
#469 = CARTESIAN_POINT('',(-4.964474365072,43.717655831583,0.));
#470 = CARTESIAN_POINT('',(-5.155198923311,43.736667751075,0.));
#471 = CARTESIAN_POINT('',(-5.34659591515,43.748727767069,0.));
#472 = CARTESIAN_POINT('',(-5.538374532234,43.753947209957,0.));
#473 = CARTESIAN_POINT('',(-5.730238894777,43.752441001233,0.));
#474 = CARTESIAN_POINT('',(-5.921905330853,43.744309078393,0.));
#475 = CARTESIAN_POINT('',(-6.113119653017,43.72961782311,0.));
#476 = CARTESIAN_POINT('',(-6.303651865529,43.708409818522,0.));
#477 = CARTESIAN_POINT('',(-6.493290874116,43.680713603335,0.));
#478 = CARTESIAN_POINT('',(-6.681839194849,43.646553427066,0.));
#479 = CARTESIAN_POINT('',(-6.869107663422,43.605959004776,0.));
#480 = CARTESIAN_POINT('',(-7.054910144323,43.558975272043,0.));
#481 = CARTESIAN_POINT('',(-7.239054908646,43.505655397623,0.));
#482 = CARTESIAN_POINT('',(-7.421336012097,43.446053796295,0.));
#483 = CARTESIAN_POINT('',(-7.60152467244,43.380219141394,0.));
#484 = CARTESIAN_POINT('',(-7.779360648188,43.30818737805,0.));
#485 = CARTESIAN_POINT('',(-7.954543613744,43.229974734472,0.));
#486 = CARTESIAN_POINT('',(-8.126756229256,43.145588267925,0.));
#487 = CARTESIAN_POINT('',(-8.295687214163,43.055036412706,0.));
#488 = CARTESIAN_POINT('',(-8.461054418961,42.958339527227,0.));
#489 = CARTESIAN_POINT('',(-8.622627898701,42.855540441855,0.));
#490 = CARTESIAN_POINT('',(-8.780252983708,42.746715005629,0.));
#491 = CARTESIAN_POINT('',(-8.93378542254,42.631952094422,0.));
#492 = CARTESIAN_POINT('',(-9.083026513588,42.511333614548,0.));
#493 = CARTESIAN_POINT('',(-9.227658263841,42.384914517246,0.));
#494 = CARTESIAN_POINT('',(-9.367178482828,42.252702787351,0.));
#495 = CARTESIAN_POINT('',(-9.500836049111,42.114639500619,0.));
#496 = CARTESIAN_POINT('',(-9.627802466158,41.970671002457,0.));
#497 = CARTESIAN_POINT('',(-9.747343307025,41.820821050489,0.));
#498 = CARTESIAN_POINT('',(-9.858989598763,41.665262917159,0.));
#499 = CARTESIAN_POINT('',(-9.962709467114,41.504391632927,0.));
#500 = CARTESIAN_POINT('',(-10.05907902282,41.338895828937,0.));
#501 = CARTESIAN_POINT('',(-10.14914969519,41.169670791246,0.));
#502 = CARTESIAN_POINT('',(-10.23431631773,40.997731895572,0.));
#503 = CARTESIAN_POINT('',(-10.31618496176,40.824127939454,0.));
#504 = CARTESIAN_POINT('',(-10.39644081736,40.649854429887,0.));
#505 = CARTESIAN_POINT('',(-10.47671622101,40.475767133962,0.));
#506 = CARTESIAN_POINT('',(-10.55852714002,40.302595110436,0.));
#507 = CARTESIAN_POINT('',(-10.6432094425,40.130953448007,0.));
#508 = CARTESIAN_POINT('',(-10.73185525968,39.961356112734,0.));
#509 = CARTESIAN_POINT('',(-10.82524927951,39.794228748151,0.));
#510 = CARTESIAN_POINT('',(-10.92380514892,39.629921497595,0.));
#511 = CARTESIAN_POINT('',(-11.0276549738,39.468725933225,0.));
#512 = CARTESIAN_POINT('',(-11.13673872556,39.310891985958,0.));
#513 = CARTESIAN_POINT('',(-11.2508936826,39.156644874904,0.));
#514 = CARTESIAN_POINT('',(-11.36994385449,39.006202036535,0.));
#515 = CARTESIAN_POINT('',(-11.4937894193,38.859790055055,0.));
#516 = CARTESIAN_POINT('',(-11.62237969809,38.717639148129,0.));
#517 = CARTESIAN_POINT('',(-11.75568612436,38.579977651392,0.));
#518 = CARTESIAN_POINT('',(-11.89367521435,38.447026503191,0.));
#519 = CARTESIAN_POINT('',(-12.03628153937,38.318993729727,0.));
#520 = CARTESIAN_POINT('',(-12.18338069054,38.196068928571,0.));
#521 = CARTESIAN_POINT('',(-12.33480298551,38.078426342953,0.));
#522 = CARTESIAN_POINT('',(-12.4903471831,37.966227937663,0.));
#523 = CARTESIAN_POINT('',(-12.6497941951,37.859626474426,0.));
#524 = CARTESIAN_POINT('',(-12.8129207986,37.75876858722,0.));
#525 = CARTESIAN_POINT('',(-12.97951334997,37.663797858313,0.));
#526 = CARTESIAN_POINT('',(-13.1493642603,37.574851542287,0.));
#527 = CARTESIAN_POINT('',(-13.32226846835,37.492057289178,0.));
#528 = CARTESIAN_POINT('',(-13.49801991449,37.415529867922,0.));
#529 = CARTESIAN_POINT('',(-13.67640801417,37.345367889624,0.));
#530 = CARTESIAN_POINT('',(-13.85721413163,37.281650530897,0.));
#531 = CARTESIAN_POINT('',(-14.04021140432,37.224442344061,0.));
#532 = CARTESIAN_POINT('',(-14.22516456727,37.173798067502,0.));
#533 = CARTESIAN_POINT('',(-14.41182977768,37.129767435623,0.));
#534 = CARTESIAN_POINT('',(-14.59995443898,37.092399989667,0.));
#535 = CARTESIAN_POINT('',(-14.78927702604,37.061749886201,0.));
#536 = CARTESIAN_POINT('',(-14.97953460605,37.03786402489,0.));
#537 = CARTESIAN_POINT('',(-15.17047035873,37.020770178039,0.));
#538 = CARTESIAN_POINT('',(-15.36184109612,37.01046512035,0.));
#539 = CARTESIAN_POINT('',(-15.55342478401,37.006902756413,0.));
#540 = CARTESIAN_POINT('',(-15.7450280589,37.009982254857,0.));
#541 = CARTESIAN_POINT('',(-15.9364710131,37.019571065765,0.));
#542 = CARTESIAN_POINT('',(-16.12757198405,37.035527931484,0.));
#543 = CARTESIAN_POINT('',(-16.31813234249,37.057725899217,0.));
#544 = CARTESIAN_POINT('',(-16.50792128016,37.08607533434,0.));
#545 = CARTESIAN_POINT('',(-16.69666060028,37.120546929311,0.));
#546 = CARTESIAN_POINT('',(-16.88407598722,37.161096490679,0.));
#547 = CARTESIAN_POINT('',(-17.06994826787,37.20758973619,0.));
#548 = CARTESIAN_POINT('',(-17.25416468493,37.259727079557,0.));
#549 = CARTESIAN_POINT('',(-17.43677014518,37.316968439473,0.));
#550 = CARTESIAN_POINT('',(-17.61801853454,37.378457983287,0.));
#551 = CARTESIAN_POINT('',(-17.79831868045,37.443060030261,0.));
#552 = CARTESIAN_POINT('',(-17.97818025327,37.509395047317,0.));
#553 = CARTESIAN_POINT('',(-18.15815968272,37.575875562837,0.));
#554 = CARTESIAN_POINT('',(-18.33880608625,37.640742222799,0.));
#555 = CARTESIAN_POINT('',(-18.52060714165,37.702099488091,0.));
#556 = CARTESIAN_POINT('',(-18.70395689829,37.758070082217,0.));
#557 = CARTESIAN_POINT('',(-18.88912367052,37.806949728799,0.));
#558 = CARTESIAN_POINT('',(-19.07621786625,37.847361890974,0.));
#559 = CARTESIAN_POINT('',(-19.26515992107,37.878412260113,0.));
#560 = CARTESIAN_POINT('',(-19.45564796971,37.899844045254,0.));
#561 = CARTESIAN_POINT('',(-19.64722787945,37.911866337684,0.));
#562 = CARTESIAN_POINT('',(-19.83936353634,37.914981656241,0.));
#563 = CARTESIAN_POINT('',(-20.03150704694,37.909813776015,0.));
#564 = CARTESIAN_POINT('',(-20.2231689544,37.896935486166,0.));
#565 = CARTESIAN_POINT('',(-20.41398850745,37.876696243661,0.));
#566 = CARTESIAN_POINT('',(-20.60370198993,37.84928204821,0.));
#567 = CARTESIAN_POINT('',(-20.79211097679,37.814775487621,0.));
#568 = CARTESIAN_POINT('',(-20.9790506177,37.773215719116,0.));
#569 = CARTESIAN_POINT('',(-21.16435790917,37.724658477529,0.));
#570 = CARTESIAN_POINT('',(-21.34783997148,37.669236072239,0.));
#571 = CARTESIAN_POINT('',(-21.52928290314,37.607133616396,0.));
#572 = CARTESIAN_POINT('',(-21.70846063656,37.538565253411,0.));
#573 = CARTESIAN_POINT('',(-21.885143793,37.463750385192,0.));
#574 = CARTESIAN_POINT('',(-22.05910853822,37.382889898492,0.));
#575 = CARTESIAN_POINT('',(-22.23014543679,37.296142395307,0.));
#576 = CARTESIAN_POINT('',(-22.39805829623,37.203635232882,0.));
#577 = CARTESIAN_POINT('',(-22.56266301214,37.105475559827,0.));
#578 = CARTESIAN_POINT('',(-22.72378641305,37.001761353601,0.));
#579 = CARTESIAN_POINT('',(-22.88126510539,36.892592457385,0.));
#580 = CARTESIAN_POINT('',(-23.03494431848,36.778081617219,0.));
#581 = CARTESIAN_POINT('',(-23.1846672647,36.658351326103,0.));
#582 = CARTESIAN_POINT('',(-23.33026449997,36.533530668208,0.));
#583 = CARTESIAN_POINT('',(-23.47154328354,36.403752163001,0.));
#584 = CARTESIAN_POINT('',(-23.60827693925,36.26914860956,0.));
#585 = CARTESIAN_POINT('',(-23.74019421267,36.129849930425,0.));
#586 = CARTESIAN_POINT('',(-23.86700462072,35.98598408636,0.));
#587 = CARTESIAN_POINT('',(-23.98842380532,35.837677991555,0.));
#588 = CARTESIAN_POINT('',(-24.10419888514,35.685058428671,0.));
#589 = CARTESIAN_POINT('',(-24.21413380924,35.528252963926,0.));
#590 = CARTESIAN_POINT('',(-24.31811470762,35.367390862222,0.));
#591 = CARTESIAN_POINT('',(-24.41604232067,35.202609436795,0.));
#592 = CARTESIAN_POINT('',(-24.50776441621,35.034060399026,0.));
#593 = CARTESIAN_POINT('',(-24.59300823595,34.861916207895,0.));
#594 = CARTESIAN_POINT('',(-24.67131287205,34.686376420403,0.));
#595 = CARTESIAN_POINT('',(-24.74196182945,34.507674039375,0.));
#596 = CARTESIAN_POINT('',(-24.80416914445,34.326076546327,0.));
#597 = CARTESIAN_POINT('',(-24.85726538667,34.141886943464,0.));
#598 = CARTESIAN_POINT('',(-24.90088359009,33.955444781829,0.));
#599 = CARTESIAN_POINT('',(-24.93514547835,33.767127219729,0.));
#600 = CARTESIAN_POINT('',(-24.96084683612,33.57735000135,0.));
#601 = CARTESIAN_POINT('',(-24.97930166854,33.38653789858,0.));
#602 = CARTESIAN_POINT('',(-24.9921872012,33.195095216593,0.));
#603 = CARTESIAN_POINT('',(-25.00138860798,33.003376301071,0.));
#604 = CARTESIAN_POINT('',(-25.00884376551,32.811655986239,0.));
#605 = CARTESIAN_POINT('',(-25.01638824398,32.620100229659,0.));
#606 = CARTESIAN_POINT('',(-25.02570161323,32.42880245823,0.));
#607 = CARTESIAN_POINT('',(-25.03825343875,32.237819725209,0.));
#608 = CARTESIAN_POINT('',(-25.0552494045,32.047208932798,0.));
#609 = CARTESIAN_POINT('',(-25.07757735436,31.857063037267,0.));
#610 = CARTESIAN_POINT('',(-25.10575344231,31.667547233049,0.));
#611 = CARTESIAN_POINT('',(-25.14001129812,31.478880342962,0.));
#612 = CARTESIAN_POINT('',(-25.18039110702,31.291316245007,0.));
#613 = CARTESIAN_POINT('',(-25.22682872147,31.105125285373,0.));
#614 = CARTESIAN_POINT('',(-25.27924475686,30.920575697787,0.));
#615 = CARTESIAN_POINT('',(-25.33763369976,30.737915018958,0.));
#616 = CARTESIAN_POINT('',(-25.40203682944,30.557375336264,0.));
#617 = CARTESIAN_POINT('',(-25.47251513415,30.379178536253,0.));
#618 = CARTESIAN_POINT('',(-25.54912222837,30.203541553023,0.));
#619 = CARTESIAN_POINT('',(-25.63187727206,30.030681616194,0.));
#620 = CARTESIAN_POINT('',(-25.72073788224,29.860821500302,0.));
#621 = CARTESIAN_POINT('',(-25.81561397288,29.694187119719,0.));
#622 = CARTESIAN_POINT('',(-25.91638160259,29.531005122074,0.));
#623 = CARTESIAN_POINT('',(-26.02289681965,29.37150048222,0.));
#624 = CARTESIAN_POINT('',(-26.13500950737,29.215894096002,0.));
#625 = CARTESIAN_POINT('',(-26.25257723134,29.064400374011,0.));
#626 = CARTESIAN_POINT('',(-26.37546072946,28.917225563788,0.));
#627 = CARTESIAN_POINT('',(-26.5035193994,28.774566072124,0.));
#628 = CARTESIAN_POINT('',(-26.63660678706,28.636606787298,0.));
#629 = CARTESIAN_POINT('',(-26.77456607453,28.503519401308,0.));
#630 = CARTESIAN_POINT('',(-26.91722556826,28.37546073209,0.));
#631 = CARTESIAN_POINT('',(-27.0644003777,28.252577234756,0.));
#632 = CARTESIAN_POINT('',(-27.21589409385,28.135009512978,0.));
#633 = CARTESIAN_POINT('',(-27.37150046784,28.02289682996,0.));
#634 = CARTESIAN_POINT('',(-27.5310050895,27.916381620361,0.));
#635 = CARTESIAN_POINT('',(-27.69418706593,27.815613999661,0.));
#636 = CARTESIAN_POINT('',(-27.86082142662,27.720737917525,0.));
#637 = CARTESIAN_POINT('',(-28.03068152856,27.63187731309,0.));
#638 = CARTESIAN_POINT('',(-28.2035414611,27.549122270571,0.));
#639 = CARTESIAN_POINT('',(-28.37917845144,27.472515172178,0.));
#640 = CARTESIAN_POINT('',(-28.55737526851,27.402036858874,0.));
#641 = CARTESIAN_POINT('',(-28.73791497461,27.337633718197,0.));
#642 = CARTESIAN_POINT('',(-28.92057567846,27.279244764345,0.));
#643 = CARTESIAN_POINT('',(-29.10512528782,27.226828720356,0.));
#644 = CARTESIAN_POINT('',(-29.29131626197,27.180391101128,0.));
#645 = CARTESIAN_POINT('',(-29.47888036509,27.140011291332,0.));
#646 = CARTESIAN_POINT('',(-29.66754725048,27.10575343758,0.));
#647 = CARTESIAN_POINT('',(-29.85706304102,27.077577353165,0.));
#648 = CARTESIAN_POINT('',(-30.0472089158,27.055249406807,0.));
#649 = CARTESIAN_POINT('',(-30.23781968313,27.038253443349,0.));
#650 = CARTESIAN_POINT('',(-30.42880239005,27.025701618591,0.));
#651 = CARTESIAN_POINT('',(-30.62010013763,27.016388248857,0.));
#652 = CARTESIAN_POINT('',(-30.81165587546,27.008843769366,0.));
#653 = CARTESIAN_POINT('',(-31.00337617847,27.001388611149,0.));
#654 = CARTESIAN_POINT('',(-31.1950950894,26.992187204879,0.));
#655 = CARTESIAN_POINT('',(-31.38653777235,26.979301674565,0.));
#656 = CARTESIAN_POINT('',(-31.57734987887,26.96084684671,0.));
#657 = CARTESIAN_POINT('',(-31.76712710076,26.935145495785,0.));
#658 = CARTESIAN_POINT('',(-31.95544466378,26.900883616284,0.));
#659 = CARTESIAN_POINT('',(-32.14188682289,26.857265422755,0.));
#660 = CARTESIAN_POINT('',(-32.32607642132,26.80416919011,0.));
#661 = CARTESIAN_POINT('',(-32.5076739109,26.74196188259,0.));
#662 = CARTESIAN_POINT('',(-32.68637629256,26.671312928985,0.));
#663 = CARTESIAN_POINT('',(-32.86191608717,26.593008292073,0.));
#664 = CARTESIAN_POINT('',(-33.03406029247,26.507764467071,0.));
#665 = CARTESIAN_POINT('',(-33.20260934915,26.416042363642,0.));
#666 = CARTESIAN_POINT('',(-33.36739079425,26.318114742922,0.));
#667 = CARTESIAN_POINT('',(-33.5282529119,26.214133840079,0.));
#668 = CARTESIAN_POINT('',(-33.68505838509,26.104198917153,0.));
#669 = CARTESIAN_POINT('',(-33.83767794703,25.98842384515,0.));
#670 = CARTESIAN_POINT('',(-33.9859840327,25.867004673876,0.));
#671 = CARTESIAN_POINT('',(-34.12984986262,25.740194282138,0.));
#672 = CARTESIAN_POINT('',(-34.2691485267,25.608277024972,0.));
#673 = CARTESIAN_POINT('',(-34.40375206812,25.471543382748,0.));
#674 = CARTESIAN_POINT('',(-34.53353056701,25.33026460829,0.));
#675 = CARTESIAN_POINT('',(-34.65835122464,25.184667378194,0.));
#676 = CARTESIAN_POINT('',(-34.77808152028,25.034944434832,0.));
#677 = CARTESIAN_POINT('',(-34.89259236766,24.88126522431,0.));
#678 = CARTESIAN_POINT('',(-35.00176127154,24.723786535851,0.));
#679 = CARTESIAN_POINT('',(-35.10547548429,24.56266314054,0.));
#680 = CARTESIAN_POINT('',(-35.20363516248,24.398058430313,0.));
#681 = CARTESIAN_POINT('',(-35.29614232928,24.230145573966,0.));
#682 = CARTESIAN_POINT('',(-35.38288983714,24.059108673166,0.));
#683 = CARTESIAN_POINT('',(-35.46375032985,23.885143918626,0.));
#684 = CARTESIAN_POINT('',(-35.53856520591,23.708460745915,0.));
#685 = CARTESIAN_POINT('',(-35.60713357816,23.529282992374,0.));
#686 = CARTESIAN_POINT('',(-35.66923604366,23.347840041403,0.));
#687 = CARTESIAN_POINT('',(-35.72465845776,23.164357965549,0.));
#688 = CARTESIAN_POINT('',(-35.77321570622,22.979050670209,0.));
#689 = CARTESIAN_POINT('',(-35.81477547904,22.792111036657,0.));
#690 = CARTESIAN_POINT('',(-35.84928204161,22.603702066242,0.));
#691 = CARTESIAN_POINT('',(-35.8766962375,22.413988604868,0.));
#692 = CARTESIAN_POINT('',(-35.89693547995,22.223169072302,0.));
#693 = CARTESIAN_POINT('',(-35.90981377036,22.03150717995,0.));
#694 = CARTESIAN_POINT('',(-35.91498165256,21.839363676232,0.));
#695 = CARTESIAN_POINT('',(-35.91186633775,21.647228018477,0.));
#696 = CARTESIAN_POINT('',(-35.8998440509,21.455648102673,0.));
#697 = CARTESIAN_POINT('',(-35.87841227291,21.265160046269,0.));
#698 = CARTESIAN_POINT('',(-35.84736191194,21.076217985338,0.));
#699 = CARTESIAN_POINT('',(-35.80694975822,20.889123787103,0.));
#700 = CARTESIAN_POINT('',(-35.7580701193,20.703957015499,0.));
#701 = CARTESIAN_POINT('',(-35.70209953083,20.520607260582,0.));
#702 = CARTESIAN_POINT('',(-35.64074226807,20.338806205179,0.));
#703 = CARTESIAN_POINT('',(-35.57587560683,20.158159797201,0.));
#704 = CARTESIAN_POINT('',(-35.50939508615,19.978180357086,0.));
#705 = CARTESIAN_POINT('',(-35.44306006097,19.798318767333,0.));
#706 = CARTESIAN_POINT('',(-35.37845800442,19.618018599583,0.));
#707 = CARTESIAN_POINT('',(-35.31696845132,19.436770185811,0.));
#708 = CARTESIAN_POINT('',(-35.25972708393,19.254164701517,0.));
#709 = CARTESIAN_POINT('',(-35.20758973586,19.069948263954,0.));
#710 = CARTESIAN_POINT('',(-35.16109648838,18.884075969299,0.));
#711 = CARTESIAN_POINT('',(-35.12054692711,18.696660577241,0.));
#712 = CARTESIAN_POINT('',(-35.08607533329,18.507921262239,0.));
#713 = CARTESIAN_POINT('',(-35.05772589931,18.318132339806,0.));
#714 = CARTESIAN_POINT('',(-35.03552793196,18.127572004771,0.));
#715 = CARTESIAN_POINT('',(-35.0195710657,17.936471061123,0.));
#716 = CARTESIAN_POINT('',(-35.00998225359,17.745028132757,0.));
#717 = CARTESIAN_POINT('',(-35.00690275373,17.553424876911,0.));
#718 = CARTESIAN_POINT('',(-35.01046511653,17.361841197193,0.));
#719 = CARTESIAN_POINT('',(-35.02077017367,17.1704704554,0.));
#720 = CARTESIAN_POINT('',(-35.03786402049,16.97953468763,0.));
#721 = CARTESIAN_POINT('',(-35.06174988204,16.789277085982,0.));
#722 = CARTESIAN_POINT('',(-35.09239998571,16.599954475876,0.));
#723 = CARTESIAN_POINT('',(-35.1297674316,16.411829794912,0.));
#724 = CARTESIAN_POINT('',(-35.17379806314,16.225164571408,0.));
#725 = CARTESIAN_POINT('',(-35.22444233949,16.040211402212,0.));
#726 = CARTESIAN_POINT('',(-35.28165052675,15.857214128505,0.));
#727 = CARTESIAN_POINT('',(-35.34536788694,15.676408012679,0.));
#728 = CARTESIAN_POINT('',(-35.41552986779,15.498019914795,0.));
#729 = CARTESIAN_POINT('',(-35.49205729212,15.32226846919,0.));
#730 = CARTESIAN_POINT('',(-35.57485154742,15.149364261017,0.));
#731 = CARTESIAN_POINT('',(-35.66379786303,14.979513351712,0.));
#732 = CARTESIAN_POINT('',(-35.75876858737,14.812920804602,0.));
#733 = CARTESIAN_POINT('',(-35.85962646508,14.649794210128,0.));
#734 = CARTESIAN_POINT('',(-35.96622791437,14.490347211984,0.));
#735 = CARTESIAN_POINT('',(-36.0784263035,14.33480303084,0.));
#736 = CARTESIAN_POINT('',(-36.196068874,14.183380751329,0.));
#737 = CARTESIAN_POINT('',(-36.31899366446,14.036281610815,0.));
#738 = CARTESIAN_POINT('',(-36.44702643442,13.893675288513,0.));
#739 = CARTESIAN_POINT('',(-36.57997758759,13.75568619195,0.));
#740 = CARTESIAN_POINT('',(-36.71763909679,13.62237975121,0.));
#741 = CARTESIAN_POINT('',(-36.85979002113,13.4937894533,0.));
#742 = CARTESIAN_POINT('',(-37.00620202154,13.369943868803,0.));
#743 = CARTESIAN_POINT('',(-37.15664487674,13.250893680638,0.));
#744 = CARTESIAN_POINT('',(-37.31089199938,13.136738713631,0.));
#745 = CARTESIAN_POINT('',(-37.46872595107,13.027654959063,0.));
#746 = CARTESIAN_POINT('',(-37.62992151189,12.923805137877,0.));
#747 = CARTESIAN_POINT('',(-37.79422875116,12.825249276972,0.));
#748 = CARTESIAN_POINT('',(-37.96135609791,12.731855268317,0.));
#749 = CARTESIAN_POINT('',(-38.13095341089,12.643209462852,0.));
#750 = CARTESIAN_POINT('',(-38.30259504949,12.558527171059,0.));
#751 = CARTESIAN_POINT('',(-38.47576705081,12.476716260733,0.));
#752 = CARTESIAN_POINT('',(-38.64985432901,12.396440863305,0.));
#753 = CARTESIAN_POINT('',(-38.82412782739,12.316185011611,0.));
#754 = CARTESIAN_POINT('',(-38.99773177947,12.234316369805,0.));
#755 = CARTESIAN_POINT('',(-39.16967067693,12.14914974907,0.));
#756 = CARTESIAN_POINT('',(-39.33889571983,12.05907907948,0.));
#757 = CARTESIAN_POINT('',(-39.50439152968,11.962709528741,0.));
#758 = CARTESIAN_POINT('',(-39.66526281812,11.858989668133,0.));
#759 = CARTESIAN_POINT('',(-39.8208209529,11.747343386499,0.));
#760 = CARTESIAN_POINT('',(-39.97067090444,11.627802556171,0.));
#761 = CARTESIAN_POINT('',(-40.11463940225,11.500836147361,0.));
#762 = CARTESIAN_POINT('',(-40.25270269103,11.367178584346,0.));
#763 = CARTESIAN_POINT('',(-40.38491442719,11.227658361884,0.));
#764 = CARTESIAN_POINT('',(-40.51133353557,11.083026601347,0.));
#765 = CARTESIAN_POINT('',(-40.6319520299,10.933785495778,0.));
#766 = CARTESIAN_POINT('',(-40.74671495633,10.780253042328,0.));
#767 = CARTESIAN_POINT('',(-40.85554040559,10.622627947099,0.));
#768 = CARTESIAN_POINT('',(-40.95833949921,10.461054465206,0.));
#769 = CARTESIAN_POINT('',(-41.05503638681,10.295687267996,0.));
#770 = CARTESIAN_POINT('',(-41.14558823869,10.126756298899,0.));
#771 = CARTESIAN_POINT('',(-41.22997469841,9.95454370387,0.));
#772 = CARTESIAN_POINT('',(-41.3081873343,9.779360759093,0.));
#773 = CARTESIAN_POINT('',(-41.3802190917,9.601524800397,0.));
#774 = CARTESIAN_POINT('',(-41.44605374425,9.421336150893,0.));
#775 = CARTESIAN_POINT('',(-41.50565534731,9.239055052326,0.));
#776 = CARTESIAN_POINT('',(-41.55897522701,9.054910288912,0.));
#777 = CARTESIAN_POINT('',(-41.60595896738,8.869107807621,0.));
#778 = CARTESIAN_POINT('',(-41.64655339825,8.681839339702,0.));
#779 = CARTESIAN_POINT('',(-41.68071358269,8.493291021645,0.));
#780 = CARTESIAN_POINT('',(-41.70840980479,8.303652016344,0.));
#781 = CARTESIAN_POINT('',(-41.7296178146,8.11311980501,0.));
#782 = CARTESIAN_POINT('',(-41.74430907335,7.921905478998,0.));
#783 = CARTESIAN_POINT('',(-41.75244099817,7.73023903201,0.));
#784 = CARTESIAN_POINT('',(-41.75394720792,7.538374651437,0.));
#785 = CARTESIAN_POINT('',(-41.74872776589,7.346596012217,0.));
#786 = CARTESIAN_POINT('',(-41.73666775143,7.15519899884,0.));
#787 = CARTESIAN_POINT('',(-41.7176558349,6.964474424716,0.));
#788 = CARTESIAN_POINT('',(-41.69160285108,6.774690752821,0.));
#789 = CARTESIAN_POINT('',(-41.65846037394,6.586076815058,0.));
#790 = CARTESIAN_POINT('',(-41.61823928935,6.398804533745,0.));
#791 = CARTESIAN_POINT('',(-41.57096650527,6.213041191163,0.));
#792 = CARTESIAN_POINT('',(-41.51664165345,6.029001707849,0.));
#793 = CARTESIAN_POINT('',(-41.45519381155,5.847000899968,0.));
#794 = CARTESIAN_POINT('',(-41.38643817663,5.66750578668,0.));
#795 = CARTESIAN_POINT('',(-41.31003286806,5.491187764376,0.));
#796 = CARTESIAN_POINT('',(-41.22561126355,5.318791731321,0.));
#797 = CARTESIAN_POINT('',(-41.13291425927,5.151005301186,0.));
#798 = CARTESIAN_POINT('',(-41.0319224699,4.988328056972,0.));
#799 = CARTESIAN_POINT('',(-40.92298865825,4.830940618268,0.));
#800 = CARTESIAN_POINT('',(-40.80696950458,4.678574255875,0.));
#801 = CARTESIAN_POINT('',(-40.68509450993,4.530600186926,0.));
#802 = CARTESIAN_POINT('',(-40.55883553881,4.386118320762,0.));
#803 = CARTESIAN_POINT('',(-40.42977617069,4.244046198381,0.));
#804 = CARTESIAN_POINT('',(-40.29948102843,4.103207871223,0.));
#805 = CARTESIAN_POINT('',(-40.16936540586,3.962422744887,0.));
#806 = CARTESIAN_POINT('',(-40.04068300101,3.82056924693,0.));
#807 = CARTESIAN_POINT('',(-39.91451329634,3.676648580383,0.));
#808 = CARTESIAN_POINT('',(-39.7917490751,3.529848433866,0.));
#809 = CARTESIAN_POINT('',(-39.67308386771,3.379606736968,0.));
#810 = CARTESIAN_POINT('',(-39.55899946026,3.225675323801,0.));
#811 = CARTESIAN_POINT('',(-39.44981578504,3.068043724289,0.));
#812 = CARTESIAN_POINT('',(-39.34574077617,2.906863042022,0.));
#813 = CARTESIAN_POINT('',(-39.2469202381,2.742369799787,0.));
#814 = CARTESIAN_POINT('',(-39.15348770732,2.574809800874,0.));
#815 = CARTESIAN_POINT('',(-39.06561432014,2.404361978741,0.));
#816 = CARTESIAN_POINT('',(-38.98349337596,2.23116125511,0.));
#817 = CARTESIAN_POINT('',(-38.90732489747,2.055321402249,0.));
#818 = CARTESIAN_POINT('',(-38.83730019141,1.876957904572,0.));
#819 = CARTESIAN_POINT('',(-38.77358641045,1.696210818476,0.));
#820 = CARTESIAN_POINT('',(-38.71631111069,1.513267638637,0.));
#821 = CARTESIAN_POINT('',(-38.66557033727,1.328351811085,0.));
#822 = CARTESIAN_POINT('',(-38.62143671445,1.141711239692,0.));
#823 = CARTESIAN_POINT('',(-38.58396753426,0.953606794936,0.));
#824 = CARTESIAN_POINT('',(-38.55321284512,0.764300822297,0.));
#825 = CARTESIAN_POINT('',(-38.52922354186,0.574045649301,0.));
#826 = CARTESIAN_POINT('',(-38.51204699035,0.383085588157,0.));
#827 = CARTESIAN_POINT('',(-38.5017226503,0.191658940294,0.));
#828 = CARTESIAN_POINT('',(-38.49827769877,1.646860425808E-10,0.));
#829 = CARTESIAN_POINT('',(-38.50172265334,-0.191658940651,0.));
#830 = CARTESIAN_POINT('',(-38.51204699537,-0.383085589464,0.));
#831 = CARTESIAN_POINT('',(-38.52922354688,-0.5740456495,0.));
#832 = CARTESIAN_POINT('',(-38.55321284756,-0.764300816813,0.));
#833 = CARTESIAN_POINT('',(-38.58396753139,-0.953606777481,0.));
#834 = CARTESIAN_POINT('',(-38.62143670399,-1.141711204094,0.));
#835 = CARTESIAN_POINT('',(-38.66557031817,-1.328351754115,0.));
#836 = CARTESIAN_POINT('',(-38.71631108354,-1.513267561589,0.));
#837 = CARTESIAN_POINT('',(-38.7735863775,-1.696210727498,0.));
#838 = CARTESIAN_POINT('',(-38.83730015625,-1.87695780974,0.));
#839 = CARTESIAN_POINT('',(-38.90732486439,-2.055321315397,0.));
#840 = CARTESIAN_POINT('',(-38.98349334886,-2.231161186396,0.));
#841 = CARTESIAN_POINT('',(-39.06561430181,-2.404361934356,0.));
#842 = CARTESIAN_POINT('',(-39.15348769895,-2.574809781921,0.));
#843 = CARTESIAN_POINT('',(-39.24692023904,-2.742369802307,0.));
#844 = CARTESIAN_POINT('',(-39.345740784,-2.906863058183,0.));
#845 = CARTESIAN_POINT('',(-39.44981579589,-3.068043744734,0.));
#846 = CARTESIAN_POINT('',(-39.55899946925,-3.22567533948,0.));
#847 = CARTESIAN_POINT('',(-39.67308386952,-3.379606740465,0.));
#848 = CARTESIAN_POINT('',(-39.79174906471,-3.529848420218,0.));
#849 = CARTESIAN_POINT('',(-39.91451326984,-3.676648547385,0.));
#850 = CARTESIAN_POINT('',(-40.04068295659,-3.820569194934,0.));
#851 = CARTESIAN_POINT('',(-40.16936534424,-3.962422676373,0.));
#852 = CARTESIAN_POINT('',(-40.29948095282,-4.103207790176,0.));
#853 = CARTESIAN_POINT('',(-40.42977608624,-4.244046109449,0.));
#854 = CARTESIAN_POINT('',(-40.55883545147,-4.386118228219,0.));
#855 = CARTESIAN_POINT('',(-40.68509442493,-4.530600093409,0.));
#856 = CARTESIAN_POINT('',(-40.80696942546,-4.678574161781,0.));
#857 = CARTESIAN_POINT('',(-40.92298858645,-4.830940521824,0.));
#858 = CARTESIAN_POINT('',(-41.03192240495,-4.988327954982,0.));
#859 = CARTESIAN_POINT('',(-41.13291419952,-5.151005190416,0.));
#860 = CARTESIAN_POINT('',(-41.22561120744,-5.31879161065,0.));
#861 = CARTESIAN_POINT('',(-41.31003281478,-5.491187635963,0.));
#862 = CARTESIAN_POINT('',(-41.38643812649,-5.667505656028,0.));
#863 = CARTESIAN_POINT('',(-41.45519376587,-5.847000774924,0.));
#864 = CARTESIAN_POINT('',(-41.51664161407,-6.029001596546,0.));
#865 = CARTESIAN_POINT('',(-41.57096647369,-6.213041098807,0.));
#866 = CARTESIAN_POINT('',(-41.61823926625,-6.398804460723,0.));
#867 = CARTESIAN_POINT('',(-41.65846035896,-6.586076756464,0.));
#868 = CARTESIAN_POINT('',(-41.69160284289,-6.774690699374,0.));
#869 = CARTESIAN_POINT('',(-41.71765583158,-6.964474365071,0.));
#870 = CARTESIAN_POINT('',(-41.73666775107,-7.155198923311,0.));
#871 = CARTESIAN_POINT('',(-41.74872776707,-7.34659591515,0.));
#872 = CARTESIAN_POINT('',(-41.75394720995,-7.538374532233,0.));
#873 = CARTESIAN_POINT('',(-41.75244100123,-7.730238894775,0.));
#874 = CARTESIAN_POINT('',(-41.74430907839,-7.92190533085,0.));
#875 = CARTESIAN_POINT('',(-41.7296178231,-8.113119653013,0.));
#876 = CARTESIAN_POINT('',(-41.70840981851,-8.303651865526,0.));
#877 = CARTESIAN_POINT('',(-41.68071360333,-8.493290874114,0.));
#878 = CARTESIAN_POINT('',(-41.64655342706,-8.681839194847,0.));
#879 = CARTESIAN_POINT('',(-41.60595900477,-8.869107663422,0.));
#880 = CARTESIAN_POINT('',(-41.55897527204,-9.054910144324,0.));
#881 = CARTESIAN_POINT('',(-41.50565539762,-9.239054908647,0.));
#882 = CARTESIAN_POINT('',(-41.44605379629,-9.421336012096,0.));
#883 = CARTESIAN_POINT('',(-41.38021914139,-9.601524672439,0.));
#884 = CARTESIAN_POINT('',(-41.30818737804,-9.779360648186,0.));
#885 = CARTESIAN_POINT('',(-41.22997473447,-9.954543613742,0.));
#886 = CARTESIAN_POINT('',(-41.14558826792,-10.12675622925,0.));
#887 = CARTESIAN_POINT('',(-41.0550364127,-10.29568721416,0.));
#888 = CARTESIAN_POINT('',(-40.95833952722,-10.46105441895,0.));
#889 = CARTESIAN_POINT('',(-40.85554044185,-10.62262789869,0.));
#890 = CARTESIAN_POINT('',(-40.74671500563,-10.7802529837,0.));
#891 = CARTESIAN_POINT('',(-40.63195209442,-10.93378542253,0.));
#892 = CARTESIAN_POINT('',(-40.51133361455,-11.08302651358,0.));
#893 = CARTESIAN_POINT('',(-40.38491451724,-11.22765826384,0.));
#894 = CARTESIAN_POINT('',(-40.25270278735,-11.36717848282,0.));
#895 = CARTESIAN_POINT('',(-40.11463950062,-11.50083604911,0.));
#896 = CARTESIAN_POINT('',(-39.97067100245,-11.62780246615,0.));
#897 = CARTESIAN_POINT('',(-39.82082105049,-11.74734330702,0.));
#898 = CARTESIAN_POINT('',(-39.66526291716,-11.85898959876,0.));
#899 = CARTESIAN_POINT('',(-39.50439163292,-11.96270946711,0.));
#900 = CARTESIAN_POINT('',(-39.33889582893,-12.05907902282,0.));
#901 = CARTESIAN_POINT('',(-39.16967079124,-12.14914969519,0.));
#902 = CARTESIAN_POINT('',(-38.99773189557,-12.23431631773,0.));
#903 = CARTESIAN_POINT('',(-38.82412793945,-12.31618496176,0.));
#904 = CARTESIAN_POINT('',(-38.64985442988,-12.39644081736,0.));
#905 = CARTESIAN_POINT('',(-38.47576713396,-12.47671622101,0.));
#906 = CARTESIAN_POINT('',(-38.30259511043,-12.55852714001,0.));
#907 = CARTESIAN_POINT('',(-38.130953448,-12.6432094425,0.));
#908 = CARTESIAN_POINT('',(-37.96135611273,-12.73185525968,0.));
#909 = CARTESIAN_POINT('',(-37.79422874815,-12.82524927951,0.));
#910 = CARTESIAN_POINT('',(-37.62992149759,-12.92380514892,0.));
#911 = CARTESIAN_POINT('',(-37.46872593322,-13.0276549738,0.));
#912 = CARTESIAN_POINT('',(-37.31089198596,-13.13673872556,0.));
#913 = CARTESIAN_POINT('',(-37.1566448749,-13.2508936826,0.));
#914 = CARTESIAN_POINT('',(-37.00620203653,-13.36994385449,0.));
#915 = CARTESIAN_POINT('',(-36.85979005505,-13.4937894193,0.));
#916 = CARTESIAN_POINT('',(-36.71763914813,-13.62237969809,0.));
#917 = CARTESIAN_POINT('',(-36.57997765139,-13.75568612436,0.));
#918 = CARTESIAN_POINT('',(-36.44702650319,-13.89367521435,0.));
#919 = CARTESIAN_POINT('',(-36.31899372972,-14.03628153937,0.));
#920 = CARTESIAN_POINT('',(-36.19606892857,-14.18338069053,0.));
#921 = CARTESIAN_POINT('',(-36.07842634295,-14.33480298551,0.));
#922 = CARTESIAN_POINT('',(-35.96622793766,-14.4903471831,0.));
#923 = CARTESIAN_POINT('',(-35.85962647442,-14.6497941951,0.));
#924 = CARTESIAN_POINT('',(-35.75876858722,-14.8129207986,0.));
#925 = CARTESIAN_POINT('',(-35.66379785831,-14.97951334997,0.));
#926 = CARTESIAN_POINT('',(-35.57485154228,-15.1493642603,0.));
#927 = CARTESIAN_POINT('',(-35.49205728918,-15.32226846835,0.));
#928 = CARTESIAN_POINT('',(-35.41552986792,-15.49801991449,0.));
#929 = CARTESIAN_POINT('',(-35.34536788962,-15.67640801417,0.));
#930 = CARTESIAN_POINT('',(-35.28165053089,-15.85721413163,0.));
#931 = CARTESIAN_POINT('',(-35.22444234406,-16.04021140431,0.));
#932 = CARTESIAN_POINT('',(-35.1737980675,-16.22516456727,0.));
#933 = CARTESIAN_POINT('',(-35.12976743562,-16.41182977768,0.));
#934 = CARTESIAN_POINT('',(-35.09239998966,-16.59995443898,0.));
#935 = CARTESIAN_POINT('',(-35.0617498862,-16.78927702604,0.));
#936 = CARTESIAN_POINT('',(-35.03786402489,-16.97953460605,0.));
#937 = CARTESIAN_POINT('',(-35.02077017804,-17.17047035873,0.));
#938 = CARTESIAN_POINT('',(-35.01046512035,-17.36184109612,0.));
#939 = CARTESIAN_POINT('',(-35.00690275641,-17.553424784,0.));
#940 = CARTESIAN_POINT('',(-35.00998225485,-17.7450280589,0.));
#941 = CARTESIAN_POINT('',(-35.01957106576,-17.9364710131,0.));
#942 = CARTESIAN_POINT('',(-35.03552793148,-18.12757198405,0.));
#943 = CARTESIAN_POINT('',(-35.05772589921,-18.31813234249,0.));
#944 = CARTESIAN_POINT('',(-35.08607533433,-18.50792128016,0.));
#945 = CARTESIAN_POINT('',(-35.12054692931,-18.69666060028,0.));
#946 = CARTESIAN_POINT('',(-35.16109649067,-18.88407598722,0.));
#947 = CARTESIAN_POINT('',(-35.20758973619,-19.06994826787,0.));
#948 = CARTESIAN_POINT('',(-35.25972707955,-19.25416468493,0.));
#949 = CARTESIAN_POINT('',(-35.31696843947,-19.43677014518,0.));
#950 = CARTESIAN_POINT('',(-35.37845798328,-19.61801853454,0.));
#951 = CARTESIAN_POINT('',(-35.44306003026,-19.79831868045,0.));
#952 = CARTESIAN_POINT('',(-35.50939504731,-19.97818025327,0.));
#953 = CARTESIAN_POINT('',(-35.57587556283,-20.15815968272,0.));
#954 = CARTESIAN_POINT('',(-35.64074222279,-20.33880608625,0.));
#955 = CARTESIAN_POINT('',(-35.70209948809,-20.52060714165,0.));
#956 = CARTESIAN_POINT('',(-35.75807008221,-20.70395689829,0.));
#957 = CARTESIAN_POINT('',(-35.8069497288,-20.88912367052,0.));
#958 = CARTESIAN_POINT('',(-35.84736189097,-21.07621786625,0.));
#959 = CARTESIAN_POINT('',(-35.87841226011,-21.26515992106,0.));
#960 = CARTESIAN_POINT('',(-35.89984404525,-21.45564796971,0.));
#961 = CARTESIAN_POINT('',(-35.91186633768,-21.64722787944,0.));
#962 = CARTESIAN_POINT('',(-35.91498165623,-21.83936353633,0.));
#963 = CARTESIAN_POINT('',(-35.90981377601,-22.03150704694,0.));
#964 = CARTESIAN_POINT('',(-35.89693548616,-22.2231689544,0.));
#965 = CARTESIAN_POINT('',(-35.87669624366,-22.41398850745,0.));
#966 = CARTESIAN_POINT('',(-35.84928204821,-22.60370198993,0.));
#967 = CARTESIAN_POINT('',(-35.81477548762,-22.79211097679,0.));
#968 = CARTESIAN_POINT('',(-35.77321571911,-22.97905061769,0.));
#969 = CARTESIAN_POINT('',(-35.72465847752,-23.16435790917,0.));
#970 = CARTESIAN_POINT('',(-35.66923607223,-23.34783997148,0.));
#971 = CARTESIAN_POINT('',(-35.60713361639,-23.52928290314,0.));
#972 = CARTESIAN_POINT('',(-35.53856525341,-23.70846063655,0.));
#973 = CARTESIAN_POINT('',(-35.46375038519,-23.885143793,0.));
#974 = CARTESIAN_POINT('',(-35.38288989849,-24.05910853822,0.));
#975 = CARTESIAN_POINT('',(-35.2961423953,-24.23014543679,0.));
#976 = CARTESIAN_POINT('',(-35.20363523288,-24.39805829623,0.));
#977 = CARTESIAN_POINT('',(-35.10547555982,-24.56266301214,0.));
#978 = CARTESIAN_POINT('',(-35.0017613536,-24.72378641304,0.));
#979 = CARTESIAN_POINT('',(-34.89259245738,-24.88126510539,0.));
#980 = CARTESIAN_POINT('',(-34.77808161722,-25.03494431847,0.));
#981 = CARTESIAN_POINT('',(-34.6583513261,-25.18466726469,0.));
#982 = CARTESIAN_POINT('',(-34.5335306682,-25.33026449997,0.));
#983 = CARTESIAN_POINT('',(-34.403752163,-25.47154328354,0.));
#984 = CARTESIAN_POINT('',(-34.26914860956,-25.60827693924,0.));
#985 = CARTESIAN_POINT('',(-34.12984993042,-25.74019421267,0.));
#986 = CARTESIAN_POINT('',(-33.98598408635,-25.86700462072,0.));
#987 = CARTESIAN_POINT('',(-33.83767799155,-25.98842380532,0.));
#988 = CARTESIAN_POINT('',(-33.68505842867,-26.10419888514,0.));
#989 = CARTESIAN_POINT('',(-33.52825296392,-26.21413380924,0.));
#990 = CARTESIAN_POINT('',(-33.36739086222,-26.31811470762,0.));
#991 = CARTESIAN_POINT('',(-33.20260943679,-26.41604232066,0.));
#992 = CARTESIAN_POINT('',(-33.03406039902,-26.50776441621,0.));
#993 = CARTESIAN_POINT('',(-32.86191620789,-26.59300823595,0.));
#994 = CARTESIAN_POINT('',(-32.6863764204,-26.67131287205,0.));
#995 = CARTESIAN_POINT('',(-32.50767403937,-26.74196182946,0.));
#996 = CARTESIAN_POINT('',(-32.32607654632,-26.80416914445,0.));
#997 = CARTESIAN_POINT('',(-32.14188694346,-26.85726538667,0.));
#998 = CARTESIAN_POINT('',(-31.95544478183,-26.90088359009,0.));
#999 = CARTESIAN_POINT('',(-31.76712721973,-26.93514547835,0.));
#1000 = CARTESIAN_POINT('',(-31.57735000135,-26.96084683612,0.));
#1001 = CARTESIAN_POINT('',(-31.38653789858,-26.97930166854,0.));
#1002 = CARTESIAN_POINT('',(-31.19509521659,-26.99218720119,0.));
#1003 = CARTESIAN_POINT('',(-31.00337630107,-27.00138860798,0.));
#1004 = CARTESIAN_POINT('',(-30.81165598623,-27.00884376552,0.));
#1005 = CARTESIAN_POINT('',(-30.62010022965,-27.01638824398,0.));
#1006 = CARTESIAN_POINT('',(-30.42880245823,-27.02570161323,0.));
#1007 = CARTESIAN_POINT('',(-30.2378197252,-27.03825343875,0.));
#1008 = CARTESIAN_POINT('',(-30.0472089328,-27.0552494045,0.));
#1009 = CARTESIAN_POINT('',(-29.85706303727,-27.07757735436,0.));
#1010 = CARTESIAN_POINT('',(-29.66754723305,-27.10575344231,0.));
#1011 = CARTESIAN_POINT('',(-29.47888034296,-27.14001129812,0.));
#1012 = CARTESIAN_POINT('',(-29.291316245,-27.18039110702,0.));
#1013 = CARTESIAN_POINT('',(-29.10512528537,-27.22682872147,0.));
#1014 = CARTESIAN_POINT('',(-28.92057569778,-27.27924475686,0.));
#1015 = CARTESIAN_POINT('',(-28.73791501896,-27.33763369976,0.));
#1016 = CARTESIAN_POINT('',(-28.55737533626,-27.40203682944,0.));
#1017 = CARTESIAN_POINT('',(-28.37917853625,-27.47251513415,0.));
#1018 = CARTESIAN_POINT('',(-28.20354155302,-27.54912222837,0.));
#1019 = CARTESIAN_POINT('',(-28.03068161619,-27.63187727206,0.));
#1020 = CARTESIAN_POINT('',(-27.8608215003,-27.72073788224,0.));
#1021 = CARTESIAN_POINT('',(-27.69418711972,-27.81561397288,0.));
#1022 = CARTESIAN_POINT('',(-27.53100512207,-27.91638160259,0.));
#1023 = CARTESIAN_POINT('',(-27.37150048222,-28.02289681965,0.));
#1024 = CARTESIAN_POINT('',(-27.215894096,-28.13500950737,0.));
#1025 = CARTESIAN_POINT('',(-27.06440037401,-28.25257723134,0.));
#1026 = CARTESIAN_POINT('',(-26.91722556378,-28.37546072946,0.));
#1027 = CARTESIAN_POINT('',(-26.77456607212,-28.5035193994,0.));
#1028 = CARTESIAN_POINT('',(-26.63660678729,-28.63660678706,0.));
#1029 = CARTESIAN_POINT('',(-26.5035194013,-28.77456607452,0.));
#1030 = CARTESIAN_POINT('',(-26.37546073209,-28.91722556826,0.));
#1031 = CARTESIAN_POINT('',(-26.25257723475,-29.0644003777,0.));
#1032 = CARTESIAN_POINT('',(-26.13500951298,-29.21589409384,0.));
#1033 = CARTESIAN_POINT('',(-26.02289682996,-29.37150046784,0.));
#1034 = CARTESIAN_POINT('',(-25.91638162036,-29.5310050895,0.));
#1035 = CARTESIAN_POINT('',(-25.81561399966,-29.69418706593,0.));
#1036 = CARTESIAN_POINT('',(-25.72073791752,-29.86082142662,0.));
#1037 = CARTESIAN_POINT('',(-25.63187731309,-30.03068152856,0.));
#1038 = CARTESIAN_POINT('',(-25.54912227057,-30.2035414611,0.));
#1039 = CARTESIAN_POINT('',(-25.47251517217,-30.37917845144,0.));
#1040 = CARTESIAN_POINT('',(-25.40203685887,-30.55737526851,0.));
#1041 = CARTESIAN_POINT('',(-25.33763371819,-30.73791497461,0.));
#1042 = CARTESIAN_POINT('',(-25.27924476434,-30.92057567846,0.));
#1043 = CARTESIAN_POINT('',(-25.22682872035,-31.10512528782,0.));
#1044 = CARTESIAN_POINT('',(-25.18039110112,-31.29131626197,0.));
#1045 = CARTESIAN_POINT('',(-25.14001129133,-31.47888036509,0.));
#1046 = CARTESIAN_POINT('',(-25.10575343758,-31.66754725048,0.));
#1047 = CARTESIAN_POINT('',(-25.07757735316,-31.85706304102,0.));
#1048 = CARTESIAN_POINT('',(-25.0552494068,-32.0472089158,0.));
#1049 = CARTESIAN_POINT('',(-25.03825344334,-32.23781968313,0.));
#1050 = CARTESIAN_POINT('',(-25.02570161859,-32.42880239004,0.));
#1051 = CARTESIAN_POINT('',(-25.01638824885,-32.62010013763,0.));
#1052 = CARTESIAN_POINT('',(-25.00884376936,-32.81165587546,0.));
#1053 = CARTESIAN_POINT('',(-25.00138861114,-33.00337617846,0.));
#1054 = CARTESIAN_POINT('',(-24.99218720487,-33.19509508939,0.));
#1055 = CARTESIAN_POINT('',(-24.97930167456,-33.38653777235,0.));
#1056 = CARTESIAN_POINT('',(-24.96084684671,-33.57734987887,0.));
#1057 = CARTESIAN_POINT('',(-24.93514549578,-33.76712710076,0.));
#1058 = CARTESIAN_POINT('',(-24.90088361628,-33.95544466378,0.));
#1059 = CARTESIAN_POINT('',(-24.85726542275,-34.14188682289,0.));
#1060 = CARTESIAN_POINT('',(-24.80416919011,-34.32607642132,0.));
#1061 = CARTESIAN_POINT('',(-24.74196188259,-34.5076739109,0.));
#1062 = CARTESIAN_POINT('',(-24.67131292898,-34.68637629256,0.));
#1063 = CARTESIAN_POINT('',(-24.59300829207,-34.86191608717,0.));
#1064 = CARTESIAN_POINT('',(-24.50776446707,-35.03406029247,0.));
#1065 = CARTESIAN_POINT('',(-24.41604236364,-35.20260934915,0.));
#1066 = CARTESIAN_POINT('',(-24.31811474292,-35.36739079425,0.));
#1067 = CARTESIAN_POINT('',(-24.21413384008,-35.5282529119,0.));
#1068 = CARTESIAN_POINT('',(-24.10419891715,-35.68505838509,0.));
#1069 = CARTESIAN_POINT('',(-23.98842384515,-35.83767794703,0.));
#1070 = CARTESIAN_POINT('',(-23.86700467387,-35.98598403269,0.));
#1071 = CARTESIAN_POINT('',(-23.74019428214,-36.12984986261,0.));
#1072 = CARTESIAN_POINT('',(-23.60827702497,-36.2691485267,0.));
#1073 = CARTESIAN_POINT('',(-23.47154338274,-36.40375206812,0.));
#1074 = CARTESIAN_POINT('',(-23.33026460829,-36.53353056701,0.));
#1075 = CARTESIAN_POINT('',(-23.18466737819,-36.65835122464,0.));
#1076 = CARTESIAN_POINT('',(-23.03494443483,-36.77808152028,0.));
#1077 = CARTESIAN_POINT('',(-22.88126522431,-36.89259236766,0.));
#1078 = CARTESIAN_POINT('',(-22.72378653585,-37.00176127154,0.));
#1079 = CARTESIAN_POINT('',(-22.56266314054,-37.10547548429,0.));
#1080 = CARTESIAN_POINT('',(-22.39805843031,-37.20363516248,0.));
#1081 = CARTESIAN_POINT('',(-22.23014557397,-37.29614232928,0.));
#1082 = CARTESIAN_POINT('',(-22.05910867316,-37.38288983714,0.));
#1083 = CARTESIAN_POINT('',(-21.88514391862,-37.46375032984,0.));
#1084 = CARTESIAN_POINT('',(-21.70846074591,-37.53856520591,0.));
#1085 = CARTESIAN_POINT('',(-21.52928299237,-37.60713357816,0.));
#1086 = CARTESIAN_POINT('',(-21.3478400414,-37.66923604366,0.));
#1087 = CARTESIAN_POINT('',(-21.16435796554,-37.72465845776,0.));
#1088 = CARTESIAN_POINT('',(-20.97905067021,-37.77321570622,0.));
#1089 = CARTESIAN_POINT('',(-20.79211103666,-37.81477547904,0.));
#1090 = CARTESIAN_POINT('',(-20.60370206624,-37.84928204161,0.));
#1091 = CARTESIAN_POINT('',(-20.41398860487,-37.8766962375,0.));
#1092 = CARTESIAN_POINT('',(-20.2231690723,-37.89693547995,0.));
#1093 = CARTESIAN_POINT('',(-20.03150717995,-37.90981377036,0.));
#1094 = CARTESIAN_POINT('',(-19.83936367623,-37.91498165256,0.));
#1095 = CARTESIAN_POINT('',(-19.64722801847,-37.91186633775,0.));
#1096 = CARTESIAN_POINT('',(-19.45564810267,-37.8998440509,0.));
#1097 = CARTESIAN_POINT('',(-19.26516004627,-37.87841227291,0.));
#1098 = CARTESIAN_POINT('',(-19.07621798534,-37.84736191195,0.));
#1099 = CARTESIAN_POINT('',(-18.8891237871,-37.80694975822,0.));
#1100 = CARTESIAN_POINT('',(-18.7039570155,-37.7580701193,0.));
#1101 = CARTESIAN_POINT('',(-18.52060726058,-37.70209953082,0.));
#1102 = CARTESIAN_POINT('',(-18.33880620518,-37.64074226807,0.));
#1103 = CARTESIAN_POINT('',(-18.1581597972,-37.57587560683,0.));
#1104 = CARTESIAN_POINT('',(-17.97818035708,-37.50939508615,0.));
#1105 = CARTESIAN_POINT('',(-17.79831876733,-37.44306006097,0.));
#1106 = CARTESIAN_POINT('',(-17.61801859958,-37.37845800443,0.));
#1107 = CARTESIAN_POINT('',(-17.43677018581,-37.31696845132,0.));
#1108 = CARTESIAN_POINT('',(-17.25416470151,-37.25972708393,0.));
#1109 = CARTESIAN_POINT('',(-17.06994826395,-37.20758973585,0.));
#1110 = CARTESIAN_POINT('',(-16.8840759693,-37.16109648838,0.));
#1111 = CARTESIAN_POINT('',(-16.69666057724,-37.12054692711,0.));
#1112 = CARTESIAN_POINT('',(-16.50792126224,-37.08607533328,0.));
#1113 = CARTESIAN_POINT('',(-16.3181323398,-37.05772589931,0.));
#1114 = CARTESIAN_POINT('',(-16.12757200477,-37.03552793196,0.));
#1115 = CARTESIAN_POINT('',(-15.93647106112,-37.0195710657,0.));
#1116 = CARTESIAN_POINT('',(-15.74502813275,-37.00998225359,0.));
#1117 = CARTESIAN_POINT('',(-15.55342487691,-37.00690275374,0.));
#1118 = CARTESIAN_POINT('',(-15.36184119719,-37.01046511653,0.));
#1119 = CARTESIAN_POINT('',(-15.1704704554,-37.02077017367,0.));
#1120 = CARTESIAN_POINT('',(-14.97953468763,-37.03786402049,0.));
#1121 = CARTESIAN_POINT('',(-14.78927708598,-37.06174988204,0.));
#1122 = CARTESIAN_POINT('',(-14.59995447587,-37.09239998571,0.));
#1123 = CARTESIAN_POINT('',(-14.41182979491,-37.1297674316,0.));
#1124 = CARTESIAN_POINT('',(-14.22516457141,-37.17379806314,0.));
#1125 = CARTESIAN_POINT('',(-14.04021140221,-37.22444233949,0.));
#1126 = CARTESIAN_POINT('',(-13.8572141285,-37.28165052675,0.));
#1127 = CARTESIAN_POINT('',(-13.67640801268,-37.34536788694,0.));
#1128 = CARTESIAN_POINT('',(-13.49801991479,-37.41552986779,0.));
#1129 = CARTESIAN_POINT('',(-13.32226846919,-37.49205729212,0.));
#1130 = CARTESIAN_POINT('',(-13.14936426101,-37.57485154742,0.));
#1131 = CARTESIAN_POINT('',(-12.97951335171,-37.66379786303,0.));
#1132 = CARTESIAN_POINT('',(-12.8129208046,-37.75876858737,0.));
#1133 = CARTESIAN_POINT('',(-12.64979421012,-37.85962646508,0.));
#1134 = CARTESIAN_POINT('',(-12.49034721198,-37.96622791437,0.));
#1135 = CARTESIAN_POINT('',(-12.33480303084,-38.0784263035,0.));
#1136 = CARTESIAN_POINT('',(-12.18338075133,-38.196068874,0.));
#1137 = CARTESIAN_POINT('',(-12.03628161081,-38.31899366446,0.));
#1138 = CARTESIAN_POINT('',(-11.89367528851,-38.44702643442,0.));
#1139 = CARTESIAN_POINT('',(-11.75568619195,-38.57997758759,0.));
#1140 = CARTESIAN_POINT('',(-11.62237975121,-38.71763909679,0.));
#1141 = CARTESIAN_POINT('',(-11.4937894533,-38.85979002113,0.));
#1142 = CARTESIAN_POINT('',(-11.3699438688,-39.00620202154,0.));
#1143 = CARTESIAN_POINT('',(-11.25089368063,-39.15664487673,0.));
#1144 = CARTESIAN_POINT('',(-11.13673871363,-39.31089199938,0.));
#1145 = CARTESIAN_POINT('',(-11.02765495906,-39.46872595107,0.));
#1146 = CARTESIAN_POINT('',(-10.92380513787,-39.62992151189,0.));
#1147 = CARTESIAN_POINT('',(-10.82524927697,-39.79422875116,0.));
#1148 = CARTESIAN_POINT('',(-10.73185526831,-39.96135609791,0.));
#1149 = CARTESIAN_POINT('',(-10.64320946285,-40.13095341089,0.));
#1150 = CARTESIAN_POINT('',(-10.55852717106,-40.30259504949,0.));
#1151 = CARTESIAN_POINT('',(-10.47671626073,-40.47576705081,0.));
#1152 = CARTESIAN_POINT('',(-10.3964408633,-40.64985432901,0.));
#1153 = CARTESIAN_POINT('',(-10.31618501161,-40.82412782739,0.));
#1154 = CARTESIAN_POINT('',(-10.2343163698,-40.99773177946,0.));
#1155 = CARTESIAN_POINT('',(-10.14914974906,-41.16967067692,0.));
#1156 = CARTESIAN_POINT('',(-10.05907907947,-41.33889571982,0.));
#1157 = CARTESIAN_POINT('',(-9.96270952874,-41.50439152968,0.));
#1158 = CARTESIAN_POINT('',(-9.858989668134,-41.66526281812,0.));
#1159 = CARTESIAN_POINT('',(-9.747343386501,-41.8208209529,0.));
#1160 = CARTESIAN_POINT('',(-9.627802556174,-41.97067090444,0.));
#1161 = CARTESIAN_POINT('',(-9.500836147364,-42.11463940226,0.));
#1162 = CARTESIAN_POINT('',(-9.367178584348,-42.25270269103,0.));
#1163 = CARTESIAN_POINT('',(-9.227658361886,-42.38491442719,0.));
#1164 = CARTESIAN_POINT('',(-9.083026601348,-42.51133353556,0.));
#1165 = CARTESIAN_POINT('',(-8.933785495778,-42.63195202989,0.));
#1166 = CARTESIAN_POINT('',(-8.780253042329,-42.74671495633,0.));
#1167 = CARTESIAN_POINT('',(-8.6226279471,-42.85554040558,0.));
#1168 = CARTESIAN_POINT('',(-8.461054465207,-42.95833949921,0.));
#1169 = CARTESIAN_POINT('',(-8.295687267998,-43.05503638681,0.));
#1170 = CARTESIAN_POINT('',(-8.126756298902,-43.14558823869,0.));
#1171 = CARTESIAN_POINT('',(-7.954543703872,-43.22997469841,0.));
#1172 = CARTESIAN_POINT('',(-7.779360759094,-43.3081873343,0.));
#1173 = CARTESIAN_POINT('',(-7.601524800398,-43.3802190917,0.));
#1174 = CARTESIAN_POINT('',(-7.421336150895,-43.44605374425,0.));
#1175 = CARTESIAN_POINT('',(-7.239055052328,-43.50565534731,0.));
#1176 = CARTESIAN_POINT('',(-7.054910288914,-43.55897522701,0.));
#1177 = CARTESIAN_POINT('',(-6.869107807623,-43.60595896738,0.));
#1178 = CARTESIAN_POINT('',(-6.681839339703,-43.64655339825,0.));
#1179 = CARTESIAN_POINT('',(-6.493291021647,-43.68071358269,0.));
#1180 = CARTESIAN_POINT('',(-6.303652016345,-43.70840980479,0.));
#1181 = CARTESIAN_POINT('',(-6.113119805012,-43.7296178146,0.));
#1182 = CARTESIAN_POINT('',(-5.921905479,-43.74430907335,0.));
#1183 = CARTESIAN_POINT('',(-5.730239032012,-43.75244099817,0.));
#1184 = CARTESIAN_POINT('',(-5.538374651438,-43.75394720792,0.));
#1185 = CARTESIAN_POINT('',(-5.346596012217,-43.74872776589,0.));
#1186 = CARTESIAN_POINT('',(-5.155198998841,-43.73666775143,0.));
#1187 = CARTESIAN_POINT('',(-4.964474424717,-43.7176558349,0.));
#1188 = CARTESIAN_POINT('',(-4.774690752823,-43.69160285108,0.));
#1189 = CARTESIAN_POINT('',(-4.58607681506,-43.65846037395,0.));
#1190 = CARTESIAN_POINT('',(-4.398804533749,-43.61823928936,0.));
#1191 = CARTESIAN_POINT('',(-4.213041191166,-43.57096650527,0.));
#1192 = CARTESIAN_POINT('',(-4.029001707852,-43.51664165345,0.));
#1193 = CARTESIAN_POINT('',(-3.847000899969,-43.45519381155,0.));
#1194 = CARTESIAN_POINT('',(-3.66750578668,-43.38643817663,0.));
#1195 = CARTESIAN_POINT('',(-3.491187764376,-43.31003286805,0.));
#1196 = CARTESIAN_POINT('',(-3.318791731321,-43.22561126355,0.));
#1197 = CARTESIAN_POINT('',(-3.151005301186,-43.13291425927,0.));
#1198 = CARTESIAN_POINT('',(-2.988328056974,-43.0319224699,0.));
#1199 = CARTESIAN_POINT('',(-2.83094061827,-42.92298865825,0.));
#1200 = CARTESIAN_POINT('',(-2.678574255878,-42.80696950458,0.));
#1201 = CARTESIAN_POINT('',(-2.530600186929,-42.68509450993,0.));
#1202 = CARTESIAN_POINT('',(-2.386118320764,-42.55883553881,0.));
#1203 = CARTESIAN_POINT('',(-2.244046198382,-42.42977617069,0.));
#1204 = CARTESIAN_POINT('',(-2.103207871224,-42.29948102843,0.));
#1205 = CARTESIAN_POINT('',(-1.962422744887,-42.16936540586,0.));
#1206 = CARTESIAN_POINT('',(-1.820569246931,-42.04068300101,0.));
#1207 = CARTESIAN_POINT('',(-1.676648580384,-41.91451329634,0.));
#1208 = CARTESIAN_POINT('',(-1.529848433868,-41.7917490751,0.));
#1209 = CARTESIAN_POINT('',(-1.379606736969,-41.67308386771,0.));
#1210 = CARTESIAN_POINT('',(-1.225675323803,-41.55899946027,0.));
#1211 = CARTESIAN_POINT('',(-1.06804372429,-41.44981578505,0.));
#1212 = CARTESIAN_POINT('',(-0.906863042023,-41.34574077617,0.));
#1213 = CARTESIAN_POINT('',(-0.742369799789,-41.2469202381,0.));
#1214 = CARTESIAN_POINT('',(-0.574809800876,-41.15348770732,0.));
#1215 = CARTESIAN_POINT('',(-0.404361978743,-41.06561432014,0.));
#1216 = CARTESIAN_POINT('',(-0.231161255113,-40.98349337596,0.));
#1217 = CARTESIAN_POINT('',(-5.532140225119E-02,-40.90732489747,0.));
#1218 = CARTESIAN_POINT('',(0.123042095426,-40.83730019141,0.));
#1219 = CARTESIAN_POINT('',(0.303789181523,-40.77358641045,0.));
#1220 = CARTESIAN_POINT('',(0.486732361363,-40.71631111069,0.));
#1221 = CARTESIAN_POINT('',(0.671648188916,-40.66557033727,0.));
#1222 = CARTESIAN_POINT('',(0.858288760308,-40.62143671445,0.));
#1223 = CARTESIAN_POINT('',(1.046393205063,-40.58396753427,0.));
#1224 = CARTESIAN_POINT('',(1.235699177699,-40.55321284512,0.));
#1225 = CARTESIAN_POINT('',(1.425954350694,-40.52922354186,0.));
#1226 = CARTESIAN_POINT('',(1.616914411837,-40.51204699035,0.));
#1227 = CARTESIAN_POINT('',(1.808341059702,-40.5017226503,0.));
#1228 = CARTESIAN_POINT('',(1.999999999834,-40.49827769877,0.));
#1229 = CARTESIAN_POINT('',(2.191658940651,-40.50172265334,0.));
#1230 = CARTESIAN_POINT('',(2.383085589466,-40.51204699537,0.));
#1231 = CARTESIAN_POINT('',(2.574045649502,-40.52922354689,0.));
#1232 = CARTESIAN_POINT('',(2.764300816813,-40.55321284756,0.));
#1233 = CARTESIAN_POINT('',(2.95360677748,-40.58396753139,0.));
#1234 = CARTESIAN_POINT('',(3.141711204091,-40.62143670399,0.));
#1235 = CARTESIAN_POINT('',(3.328351754111,-40.66557031816,0.));
#1236 = CARTESIAN_POINT('',(3.513267561586,-40.71631108354,0.));
#1237 = CARTESIAN_POINT('',(3.696210727496,-40.77358637749,0.));
#1238 = CARTESIAN_POINT('',(3.876957809739,-40.83730015625,0.));
#1239 = CARTESIAN_POINT('',(4.055321315396,-40.90732486439,0.));
#1240 = CARTESIAN_POINT('',(4.231161186395,-40.98349334886,0.));
#1241 = CARTESIAN_POINT('',(4.404361934355,-41.06561430181,0.));
#1242 = CARTESIAN_POINT('',(4.574809781919,-41.15348769895,0.));
#1243 = CARTESIAN_POINT('',(4.742369802306,-41.24692023904,0.));
#1244 = CARTESIAN_POINT('',(4.906863058182,-41.345740784,0.));
#1245 = CARTESIAN_POINT('',(5.068043744733,-41.44981579589,0.));
#1246 = CARTESIAN_POINT('',(5.22567533948,-41.55899946924,0.));
#1247 = CARTESIAN_POINT('',(5.379606740464,-41.67308386951,0.));
#1248 = CARTESIAN_POINT('',(5.529848420217,-41.79174906471,0.));
#1249 = CARTESIAN_POINT('',(5.676648547383,-41.91451326984,0.));
#1250 = CARTESIAN_POINT('',(5.820569194932,-42.04068295659,0.));
#1251 = CARTESIAN_POINT('',(5.962422676371,-42.16936534424,0.));
#1252 = CARTESIAN_POINT('',(6.103207790175,-42.29948095282,0.));
#1253 = CARTESIAN_POINT('',(6.244046109448,-42.42977608624,0.));
#1254 = CARTESIAN_POINT('',(6.386118228218,-42.55883545147,0.));
#1255 = CARTESIAN_POINT('',(6.530600093408,-42.68509442493,0.));
#1256 = CARTESIAN_POINT('',(6.67857416178,-42.80696942546,0.));
#1257 = CARTESIAN_POINT('',(6.830940521823,-42.92298858645,0.));
#1258 = CARTESIAN_POINT('',(6.988327954981,-43.03192240495,0.));
#1259 = CARTESIAN_POINT('',(7.151005190414,-43.13291419952,0.));
#1260 = CARTESIAN_POINT('',(7.318791610648,-43.22561120744,0.));
#1261 = CARTESIAN_POINT('',(7.49118763596,-43.31003281478,0.));
#1262 = CARTESIAN_POINT('',(7.667505656026,-43.38643812649,0.));
#1263 = CARTESIAN_POINT('',(7.847000774923,-43.45519376587,0.));
#1264 = CARTESIAN_POINT('',(8.029001596545,-43.51664161407,0.));
#1265 = CARTESIAN_POINT('',(8.213041098806,-43.57096647369,0.));
#1266 = CARTESIAN_POINT('',(8.398804460723,-43.61823926625,0.));
#1267 = CARTESIAN_POINT('',(8.586076756463,-43.65846035896,0.));
#1268 = CARTESIAN_POINT('',(8.774690699373,-43.69160284289,0.));
#1269 = CARTESIAN_POINT('',(8.964474365069,-43.71765583158,0.));
#1270 = CARTESIAN_POINT('',(9.155198923308,-43.73666775107,0.));
#1271 = CARTESIAN_POINT('',(9.346595915148,-43.74872776706,0.));
#1272 = CARTESIAN_POINT('',(9.538374532231,-43.75394720995,0.));
#1273 = CARTESIAN_POINT('',(9.730238894774,-43.75244100123,0.));
#1274 = CARTESIAN_POINT('',(9.921905330849,-43.74430907839,0.));
#1275 = CARTESIAN_POINT('',(10.113119653013,-43.7296178231,0.));
#1276 = CARTESIAN_POINT('',(10.303651865526,-43.70840981852,0.));
#1277 = CARTESIAN_POINT('',(10.493290874113,-43.68071360333,0.));
#1278 = CARTESIAN_POINT('',(10.681839194846,-43.64655342706,0.));
#1279 = CARTESIAN_POINT('',(10.869107663419,-43.60595900477,0.));
#1280 = CARTESIAN_POINT('',(11.054910144321,-43.55897527204,0.));
#1281 = CARTESIAN_POINT('',(11.239054908644,-43.50565539762,0.));
#1282 = CARTESIAN_POINT('',(11.421336012094,-43.44605379629,0.));
#1283 = CARTESIAN_POINT('',(11.601524672437,-43.38021914139,0.));
#1284 = CARTESIAN_POINT('',(11.779360648185,-43.30818737805,0.));
#1285 = CARTESIAN_POINT('',(11.954543613741,-43.22997473447,0.));
#1286 = CARTESIAN_POINT('',(12.126756229254,-43.14558826792,0.));
#1287 = CARTESIAN_POINT('',(12.295687214161,-43.0550364127,0.));
#1288 = CARTESIAN_POINT('',(12.461054418958,-42.95833952722,0.));
#1289 = CARTESIAN_POINT('',(12.622627898697,-42.85554044185,0.));
#1290 = CARTESIAN_POINT('',(12.780252983704,-42.74671500562,0.));
#1291 = CARTESIAN_POINT('',(12.933785422536,-42.63195209442,0.));
#1292 = CARTESIAN_POINT('',(13.083026513585,-42.51133361454,0.));
#1293 = CARTESIAN_POINT('',(13.227658263839,-42.38491451724,0.));
#1294 = CARTESIAN_POINT('',(13.367178482827,-42.25270278735,0.));
#1295 = CARTESIAN_POINT('',(13.50083604911,-42.11463950062,0.));
#1296 = CARTESIAN_POINT('',(13.627802466157,-41.97067100246,0.));
#1297 = CARTESIAN_POINT('',(13.747343307023,-41.82082105049,0.));
#1298 = CARTESIAN_POINT('',(13.858989598761,-41.66526291716,0.));
#1299 = CARTESIAN_POINT('',(13.962709467111,-41.50439163292,0.));
#1300 = CARTESIAN_POINT('',(14.059079022823,-41.33889582893,0.));
#1301 = CARTESIAN_POINT('',(14.149149695194,-41.16967079124,0.));
#1302 = CARTESIAN_POINT('',(14.234316317728,-40.99773189557,0.));
#1303 = CARTESIAN_POINT('',(14.316184961767,-40.82412793945,0.));
#1304 = CARTESIAN_POINT('',(14.396440817361,-40.64985442989,0.));
#1305 = CARTESIAN_POINT('',(14.476716221016,-40.47576713396,0.));
#1306 = CARTESIAN_POINT('',(14.55852714002,-40.30259511044,0.));
#1307 = CARTESIAN_POINT('',(14.643209442505,-40.13095344801,0.));
#1308 = CARTESIAN_POINT('',(14.731855259684,-39.96135611273,0.));
#1309 = CARTESIAN_POINT('',(14.825249279511,-39.79422874815,0.));
#1310 = CARTESIAN_POINT('',(14.923805148926,-39.62992149759,0.));
#1311 = CARTESIAN_POINT('',(15.027654973802,-39.46872593323,0.));
#1312 = CARTESIAN_POINT('',(15.136738725565,-39.31089198596,0.));
#1313 = CARTESIAN_POINT('',(15.250893682604,-39.1566448749,0.));
#1314 = CARTESIAN_POINT('',(15.369943854494,-39.00620203653,0.));
#1315 = CARTESIAN_POINT('',(15.493789419304,-38.85979005505,0.));
#1316 = CARTESIAN_POINT('',(15.622379698094,-38.71763914812,0.));
#1317 = CARTESIAN_POINT('',(15.755686124367,-38.57997765139,0.));
#1318 = CARTESIAN_POINT('',(15.893675214352,-38.44702650319,0.));
#1319 = CARTESIAN_POINT('',(16.036281539372,-38.31899372973,0.));
#1320 = CARTESIAN_POINT('',(16.183380690537,-38.19606892857,0.));
#1321 = CARTESIAN_POINT('',(16.334802985515,-38.07842634295,0.));
#1322 = CARTESIAN_POINT('',(16.4903471831,-37.96622793766,0.));
#1323 = CARTESIAN_POINT('',(16.649794195101,-37.85962647442,0.));
#1324 = CARTESIAN_POINT('',(16.812920798598,-37.75876858722,0.));
#1325 = CARTESIAN_POINT('',(16.979513349971,-37.66379785831,0.));
#1326 = CARTESIAN_POINT('',(17.149364260299,-37.57485154228,0.));
#1327 = CARTESIAN_POINT('',(17.322268468353,-37.49205728918,0.));
#1328 = CARTESIAN_POINT('',(17.498019914489,-37.41552986792,0.));
#1329 = CARTESIAN_POINT('',(17.676408014172,-37.34536788962,0.));
#1330 = CARTESIAN_POINT('',(17.857214131634,-37.28165053089,0.));
#1331 = CARTESIAN_POINT('',(18.040211404317,-37.22444234406,0.));
#1332 = CARTESIAN_POINT('',(18.225164567273,-37.1737980675,0.));
#1333 = CARTESIAN_POINT('',(18.411829777684,-37.12976743562,0.));
#1334 = CARTESIAN_POINT('',(18.599954438983,-37.09239998966,0.));
#1335 = CARTESIAN_POINT('',(18.789277026039,-37.0617498862,0.));
#1336 = CARTESIAN_POINT('',(18.979534606057,-37.03786402489,0.));
#1337 = CARTESIAN_POINT('',(19.170470358735,-37.02077017804,0.));
#1338 = CARTESIAN_POINT('',(19.361841096125,-37.01046512035,0.));
#1339 = CARTESIAN_POINT('',(19.553424784007,-37.00690275641,0.));
#1340 = CARTESIAN_POINT('',(19.745028058897,-37.00998225485,0.));
#1341 = CARTESIAN_POINT('',(19.936471013099,-37.01957106576,0.));
#1342 = CARTESIAN_POINT('',(20.127571984054,-37.03552793148,0.));
#1343 = CARTESIAN_POINT('',(20.318132342493,-37.05772589921,0.));
#1344 = CARTESIAN_POINT('',(20.507921280168,-37.08607533433,0.));
#1345 = CARTESIAN_POINT('',(20.696660600282,-37.12054692931,0.));
#1346 = CARTESIAN_POINT('',(20.884075987222,-37.16109649067,0.));
#1347 = CARTESIAN_POINT('',(21.069948267877,-37.20758973618,0.));
#1348 = CARTESIAN_POINT('',(21.254164684929,-37.25972707955,0.));
#1349 = CARTESIAN_POINT('',(21.436770145182,-37.31696843947,0.));
#1350 = CARTESIAN_POINT('',(21.618018534541,-37.37845798328,0.));
#1351 = CARTESIAN_POINT('',(21.798318680449,-37.44306003026,0.));
#1352 = CARTESIAN_POINT('',(21.978180253272,-37.50939504731,0.));
#1353 = CARTESIAN_POINT('',(22.158159682718,-37.57587556283,0.));
#1354 = CARTESIAN_POINT('',(22.338806086256,-37.64074222279,0.));
#1355 = CARTESIAN_POINT('',(22.520607141655,-37.70209948809,0.));
#1356 = CARTESIAN_POINT('',(22.703956898288,-37.75807008221,0.));
#1357 = CARTESIAN_POINT('',(22.889123670524,-37.80694972879,0.));
#1358 = CARTESIAN_POINT('',(23.076217866255,-37.84736189097,0.));
#1359 = CARTESIAN_POINT('',(23.265159921067,-37.87841226011,0.));
#1360 = CARTESIAN_POINT('',(23.455647969713,-37.89984404525,0.));
#1361 = CARTESIAN_POINT('',(23.647227879448,-37.91186633768,0.));
#1362 = CARTESIAN_POINT('',(23.839363536336,-37.91498165623,0.));
#1363 = CARTESIAN_POINT('',(24.031507046943,-37.90981377601,0.));
#1364 = CARTESIAN_POINT('',(24.2231689544,-37.89693548616,0.));
#1365 = CARTESIAN_POINT('',(24.413988507456,-37.87669624366,0.));
#1366 = CARTESIAN_POINT('',(24.603701989936,-37.84928204821,0.));
#1367 = CARTESIAN_POINT('',(24.792110976789,-37.81477548762,0.));
#1368 = CARTESIAN_POINT('',(24.979050617697,-37.77321571911,0.));
#1369 = CARTESIAN_POINT('',(25.164357909172,-37.72465847752,0.));
#1370 = CARTESIAN_POINT('',(25.347839971483,-37.66923607223,0.));
#1371 = CARTESIAN_POINT('',(25.529282903143,-37.60713361639,0.));
#1372 = CARTESIAN_POINT('',(25.708460636559,-37.53856525341,0.));
#1373 = CARTESIAN_POINT('',(25.885143793006,-37.46375038519,0.));
#1374 = CARTESIAN_POINT('',(26.059108538223,-37.38288989849,0.));
#1375 = CARTESIAN_POINT('',(26.230145436796,-37.2961423953,0.));
#1376 = CARTESIAN_POINT('',(26.398058296231,-37.20363523288,0.));
#1377 = CARTESIAN_POINT('',(26.562663012139,-37.10547555982,0.));
#1378 = CARTESIAN_POINT('',(26.723786413048,-37.0017613536,0.));
#1379 = CARTESIAN_POINT('',(26.881265105391,-36.89259245738,0.));
#1380 = CARTESIAN_POINT('',(27.034944318478,-36.77808161722,0.));
#1381 = CARTESIAN_POINT('',(27.184667264698,-36.6583513261,0.));
#1382 = CARTESIAN_POINT('',(27.330264499969,-36.53353066821,0.));
#1383 = CARTESIAN_POINT('',(27.471543283545,-36.403752163,0.));
#1384 = CARTESIAN_POINT('',(27.608276939247,-36.26914860956,0.));
#1385 = CARTESIAN_POINT('',(27.740194212672,-36.12984993042,0.));
#1386 = CARTESIAN_POINT('',(27.867004620721,-35.98598408636,0.));
#1387 = CARTESIAN_POINT('',(27.988423805321,-35.83767799155,0.));
#1388 = CARTESIAN_POINT('',(28.104198885147,-35.68505842867,0.));
#1389 = CARTESIAN_POINT('',(28.214133809239,-35.52825296393,0.));
#1390 = CARTESIAN_POINT('',(28.318114707623,-35.36739086222,0.));
#1391 = CARTESIAN_POINT('',(28.416042320668,-35.20260943679,0.));
#1392 = CARTESIAN_POINT('',(28.507764416213,-35.03406039903,0.));
#1393 = CARTESIAN_POINT('',(28.593008235953,-34.86191620789,0.));
#1394 = CARTESIAN_POINT('',(28.671312872053,-34.6863764204,0.));
#1395 = CARTESIAN_POINT('',(28.741961829458,-34.50767403937,0.));
#1396 = CARTESIAN_POINT('',(28.804169144456,-34.32607654632,0.));
#1397 = CARTESIAN_POINT('',(28.857265386672,-34.14188694346,0.));
#1398 = CARTESIAN_POINT('',(28.900883590093,-33.95544478183,0.));
#1399 = CARTESIAN_POINT('',(28.935145478357,-33.76712721973,0.));
#1400 = CARTESIAN_POINT('',(28.960846836122,-33.57735000135,0.));
#1401 = CARTESIAN_POINT('',(28.97930166854,-33.38653789858,0.));
#1402 = CARTESIAN_POINT('',(28.992187201199,-33.19509521659,0.));
#1403 = CARTESIAN_POINT('',(29.001388607983,-33.00337630107,0.));
#1404 = CARTESIAN_POINT('',(29.008843765519,-32.81165598624,0.));
#1405 = CARTESIAN_POINT('',(29.016388243985,-32.62010022966,0.));
#1406 = CARTESIAN_POINT('',(29.025701613236,-32.42880245823,0.));
#1407 = CARTESIAN_POINT('',(29.038253438752,-32.23781972521,0.));
#1408 = CARTESIAN_POINT('',(29.055249404504,-32.0472089328,0.));
#1409 = CARTESIAN_POINT('',(29.077577354361,-31.85706303727,0.));
#1410 = CARTESIAN_POINT('',(29.105753442318,-31.66754723305,0.));
#1411 = CARTESIAN_POINT('',(29.14001129812,-31.47888034296,0.));
#1412 = CARTESIAN_POINT('',(29.180391107019,-31.291316245,0.));
#1413 = CARTESIAN_POINT('',(29.226828721471,-31.10512528537,0.));
#1414 = CARTESIAN_POINT('',(29.279244756859,-30.92057569779,0.));
#1415 = CARTESIAN_POINT('',(29.337633699767,-30.73791501896,0.));
#1416 = CARTESIAN_POINT('',(29.402036829444,-30.55737533627,0.));
#1417 = CARTESIAN_POINT('',(29.472515134155,-30.37917853625,0.));
#1418 = CARTESIAN_POINT('',(29.549122228373,-30.20354155302,0.));
#1419 = CARTESIAN_POINT('',(29.631877272063,-30.03068161619,0.));
#1420 = CARTESIAN_POINT('',(29.720737882245,-29.8608215003,0.));
#1421 = CARTESIAN_POINT('',(29.815613972884,-29.69418711972,0.));
#1422 = CARTESIAN_POINT('',(29.916381602591,-29.53100512207,0.));
#1423 = CARTESIAN_POINT('',(30.022896819651,-29.37150048222,0.));
#1424 = CARTESIAN_POINT('',(30.135009507372,-29.215894096,0.));
#1425 = CARTESIAN_POINT('',(30.252577231342,-29.06440037401,0.));
#1426 = CARTESIAN_POINT('',(30.37546072946,-28.91722556379,0.));
#1427 = CARTESIAN_POINT('',(30.503519399406,-28.77456607212,0.));
#1428 = CARTESIAN_POINT('',(30.636606787064,-28.6366067873,0.));
#1429 = CARTESIAN_POINT('',(30.774566074529,-28.50351940131,0.));
#1430 = CARTESIAN_POINT('',(30.917225568264,-28.37546073209,0.));
#1431 = CARTESIAN_POINT('',(31.064400377705,-28.25257723475,0.));
#1432 = CARTESIAN_POINT('',(31.215894093849,-28.13500951298,0.));
#1433 = CARTESIAN_POINT('',(31.371500467843,-28.02289682996,0.));
#1434 = CARTESIAN_POINT('',(31.531005089501,-27.91638162036,0.));
#1435 = CARTESIAN_POINT('',(31.694187065928,-27.81561399966,0.));
#1436 = CARTESIAN_POINT('',(31.860821426619,-27.72073791752,0.));
#1437 = CARTESIAN_POINT('',(32.030681528558,-27.63187731309,0.));
#1438 = CARTESIAN_POINT('',(32.203541461106,-27.54912227057,0.));
#1439 = CARTESIAN_POINT('',(32.379178451445,-27.47251517217,0.));
#1440 = CARTESIAN_POINT('',(32.557375268513,-27.40203685887,0.));
#1441 = CARTESIAN_POINT('',(32.737914974614,-27.33763371819,0.));
#1442 = CARTESIAN_POINT('',(32.920575678465,-27.27924476434,0.));
#1443 = CARTESIAN_POINT('',(33.105125287819,-27.22682872035,0.));
#1444 = CARTESIAN_POINT('',(33.291316261972,-27.18039110113,0.));
#1445 = CARTESIAN_POINT('',(33.478880365088,-27.14001129133,0.));
#1446 = CARTESIAN_POINT('',(33.667547250485,-27.10575343758,0.));
#1447 = CARTESIAN_POINT('',(33.857063041017,-27.07757735316,0.));
#1448 = CARTESIAN_POINT('',(34.047208915798,-27.0552494068,0.));
#1449 = CARTESIAN_POINT('',(34.237819683137,-27.03825344334,0.));
#1450 = CARTESIAN_POINT('',(34.428802390048,-27.02570161859,0.));
#1451 = CARTESIAN_POINT('',(34.620100137636,-27.01638824885,0.));
#1452 = CARTESIAN_POINT('',(34.811655875465,-27.00884376936,0.));
#1453 = CARTESIAN_POINT('',(35.003376178467,-27.00138861114,0.));
#1454 = CARTESIAN_POINT('',(35.195095089397,-26.99218720487,0.));
#1455 = CARTESIAN_POINT('',(35.386537772351,-26.97930167456,0.));
#1456 = CARTESIAN_POINT('',(35.577349878868,-26.96084684671,0.));
#1457 = CARTESIAN_POINT('',(35.767127100764,-26.93514549578,0.));
#1458 = CARTESIAN_POINT('',(35.955444663783,-26.90088361628,0.));
#1459 = CARTESIAN_POINT('',(36.141886822893,-26.85726542275,0.));
#1460 = CARTESIAN_POINT('',(36.326076421324,-26.80416919011,0.));
#1461 = CARTESIAN_POINT('',(36.5076739109,-26.74196188259,0.));
#1462 = CARTESIAN_POINT('',(36.686376292563,-26.67131292898,0.));
#1463 = CARTESIAN_POINT('',(36.861916087176,-26.59300829207,0.));
#1464 = CARTESIAN_POINT('',(37.034060292475,-26.50776446707,0.));
#1465 = CARTESIAN_POINT('',(37.202609349156,-26.41604236364,0.));
#1466 = CARTESIAN_POINT('',(37.36739079425,-26.31811474292,0.));
#1467 = CARTESIAN_POINT('',(37.528252911899,-26.21413384008,0.));
#1468 = CARTESIAN_POINT('',(37.685058385089,-26.10419891715,0.));
#1469 = CARTESIAN_POINT('',(37.837677947031,-25.98842384515,0.));
#1470 = CARTESIAN_POINT('',(37.985984032697,-25.86700467387,0.));
#1471 = CARTESIAN_POINT('',(38.129849862617,-25.74019428214,0.));
#1472 = CARTESIAN_POINT('',(38.269148526702,-25.60827702497,0.));
#1473 = CARTESIAN_POINT('',(38.403752068122,-25.47154338275,0.));
#1474 = CARTESIAN_POINT('',(38.533530567013,-25.33026460829,0.));
#1475 = CARTESIAN_POINT('',(38.65835122464,-25.18466737819,0.));
#1476 = CARTESIAN_POINT('',(38.778081520283,-25.03494443483,0.));
#1477 = CARTESIAN_POINT('',(38.89259236766,-24.88126522431,0.));
#1478 = CARTESIAN_POINT('',(39.001761271546,-24.72378653585,0.));
#1479 = CARTESIAN_POINT('',(39.105475484297,-24.56266314054,0.));
#1480 = CARTESIAN_POINT('',(39.203635162484,-24.39805843031,0.));
#1481 = CARTESIAN_POINT('',(39.296142329282,-24.23014557396,0.));
#1482 = CARTESIAN_POINT('',(39.382889837146,-24.05910867316,0.));
#1483 = CARTESIAN_POINT('',(39.463750329849,-23.88514391862,0.));
#1484 = CARTESIAN_POINT('',(39.538565205917,-23.70846074591,0.));
#1485 = CARTESIAN_POINT('',(39.607133578162,-23.52928299237,0.));
#1486 = CARTESIAN_POINT('',(39.669236043662,-23.3478400414,0.));
#1487 = CARTESIAN_POINT('',(39.724658457767,-23.16435796555,0.));
#1488 = CARTESIAN_POINT('',(39.773215706224,-22.97905067021,0.));
#1489 = CARTESIAN_POINT('',(39.814775479041,-22.79211103666,0.));
#1490 = CARTESIAN_POINT('',(39.849282041612,-22.60370206624,0.));
#1491 = CARTESIAN_POINT('',(39.8766962375,-22.41398860487,0.));
#1492 = CARTESIAN_POINT('',(39.896935479957,-22.2231690723,0.));
#1493 = CARTESIAN_POINT('',(39.909813770363,-22.03150717995,0.));
#1494 = CARTESIAN_POINT('',(39.914981652563,-21.83936367623,0.));
#1495 = CARTESIAN_POINT('',(39.911866337758,-21.64722801847,0.));
#1496 = CARTESIAN_POINT('',(39.899844050908,-21.45564810267,0.));
#1497 = CARTESIAN_POINT('',(39.878412272916,-21.26516004627,0.));
#1498 = CARTESIAN_POINT('',(39.84736191195,-21.07621798534,0.));
#1499 = CARTESIAN_POINT('',(39.806949758224,-20.8891237871,0.));
#1500 = CARTESIAN_POINT('',(39.758070119308,-20.7039570155,0.));
#1501 = CARTESIAN_POINT('',(39.70209953083,-20.52060726058,0.));
#1502 = CARTESIAN_POINT('',(39.640742268075,-20.33880620518,0.));
#1503 = CARTESIAN_POINT('',(39.575875606831,-20.1581597972,0.));
#1504 = CARTESIAN_POINT('',(39.509395086156,-19.97818035708,0.));
#1505 = CARTESIAN_POINT('',(39.443060060977,-19.79831876733,0.));
#1506 = CARTESIAN_POINT('',(39.378458004433,-19.61801859958,0.));
#1507 = CARTESIAN_POINT('',(39.316968451327,-19.43677018581,0.));
#1508 = CARTESIAN_POINT('',(39.259727083935,-19.25416470152,0.));
#1509 = CARTESIAN_POINT('',(39.207589735859,-19.06994826395,0.));
#1510 = CARTESIAN_POINT('',(39.161096488382,-18.8840759693,0.));
#1511 = CARTESIAN_POINT('',(39.120546927114,-18.69666057724,0.));
#1512 = CARTESIAN_POINT('',(39.086075333289,-18.50792126224,0.));
#1513 = CARTESIAN_POINT('',(39.057725899312,-18.31813233981,0.));
#1514 = CARTESIAN_POINT('',(39.035527931964,-18.12757200477,0.));
#1515 = CARTESIAN_POINT('',(39.019571065709,-17.93647106112,0.));
#1516 = CARTESIAN_POINT('',(39.009982253596,-17.74502813275,0.));
#1517 = CARTESIAN_POINT('',(39.006902753739,-17.55342487691,0.));
#1518 = CARTESIAN_POINT('',(39.010465116539,-17.36184119719,0.));
#1519 = CARTESIAN_POINT('',(39.020770173671,-17.1704704554,0.));
#1520 = CARTESIAN_POINT('',(39.037864020493,-16.97953468763,0.));
#1521 = CARTESIAN_POINT('',(39.061749882048,-16.78927708598,0.));
#1522 = CARTESIAN_POINT('',(39.092399985714,-16.59995447588,0.));
#1523 = CARTESIAN_POINT('',(39.129767431601,-16.41182979491,0.));
#1524 = CARTESIAN_POINT('',(39.173798063146,-16.22516457141,0.));
#1525 = CARTESIAN_POINT('',(39.224442339493,-16.04021140221,0.));
#1526 = CARTESIAN_POINT('',(39.281650526753,-15.8572141285,0.));
#1527 = CARTESIAN_POINT('',(39.345367886947,-15.67640801268,0.));
#1528 = CARTESIAN_POINT('',(39.415529867795,-15.49801991479,0.));
#1529 = CARTESIAN_POINT('',(39.492057292128,-15.32226846919,0.));
#1530 = CARTESIAN_POINT('',(39.574851547429,-15.14936426102,0.));
#1531 = CARTESIAN_POINT('',(39.663797863032,-14.97951335171,0.));
#1532 = CARTESIAN_POINT('',(39.758768587376,-14.8129208046,0.));
#1533 = CARTESIAN_POINT('',(39.859626465088,-14.64979421013,0.));
#1534 = CARTESIAN_POINT('',(39.96622791437,-14.49034721198,0.));
#1535 = CARTESIAN_POINT('',(40.078426303504,-14.33480303084,0.));
#1536 = CARTESIAN_POINT('',(40.196068873999,-14.18338075133,0.));
#1537 = CARTESIAN_POINT('',(40.318993664464,-14.03628161081,0.));
#1538 = CARTESIAN_POINT('',(40.44702643442,-13.89367528851,0.));
#1539 = CARTESIAN_POINT('',(40.57997758759,-13.75568619195,0.));
#1540 = CARTESIAN_POINT('',(40.717639096795,-13.62237975121,0.));
#1541 = CARTESIAN_POINT('',(40.859790021137,-13.4937894533,0.));
#1542 = CARTESIAN_POINT('',(41.006202021548,-13.3699438688,0.));
#1543 = CARTESIAN_POINT('',(41.156644876737,-13.25089368064,0.));
#1544 = CARTESIAN_POINT('',(41.310891999378,-13.13673871363,0.));
#1545 = CARTESIAN_POINT('',(41.46872595107,-13.02765495906,0.));
#1546 = CARTESIAN_POINT('',(41.629921511892,-12.92380513788,0.));
#1547 = CARTESIAN_POINT('',(41.794228751158,-12.82524927697,0.));
#1548 = CARTESIAN_POINT('',(41.961356097909,-12.73185526831,0.));
#1549 = CARTESIAN_POINT('',(42.130953410898,-12.64320946285,0.));
#1550 = CARTESIAN_POINT('',(42.302595049495,-12.55852717106,0.));
#1551 = CARTESIAN_POINT('',(42.47576705081,-12.47671626073,0.));
#1552 = CARTESIAN_POINT('',(42.649854329018,-12.3964408633,0.));
#1553 = CARTESIAN_POINT('',(42.824127827393,-12.31618501161,0.));
#1554 = CARTESIAN_POINT('',(42.997731779465,-12.2343163698,0.));
#1555 = CARTESIAN_POINT('',(43.169670676927,-12.14914974906,0.));
#1556 = CARTESIAN_POINT('',(43.338895719827,-12.05907907947,0.));
#1557 = CARTESIAN_POINT('',(43.504391529685,-11.96270952874,0.));
#1558 = CARTESIAN_POINT('',(43.665262818122,-11.85898966813,0.));
#1559 = CARTESIAN_POINT('',(43.820820952906,-11.7473433865,0.));
#1560 = CARTESIAN_POINT('',(43.970670904443,-11.62780255617,0.));
#1561 = CARTESIAN_POINT('',(44.114639402259,-11.50083614736,0.));
#1562 = CARTESIAN_POINT('',(44.25270269103,-11.36717858434,0.));
#1563 = CARTESIAN_POINT('',(44.384914427192,-11.22765836188,0.));
#1564 = CARTESIAN_POINT('',(44.51133353557,-11.08302660134,0.));
#1565 = CARTESIAN_POINT('',(44.631952029897,-10.93378549577,0.));
#1566 = CARTESIAN_POINT('',(44.746714956337,-10.78025304233,0.));
#1567 = CARTESIAN_POINT('',(44.855540405589,-10.6226279471,0.));
#1568 = CARTESIAN_POINT('',(44.958339499212,-10.4610544652,0.));
#1569 = CARTESIAN_POINT('',(45.055036386814,-10.295687268,0.));
#1570 = CARTESIAN_POINT('',(45.145588238689,-10.1267562989,0.));
#1571 = CARTESIAN_POINT('',(45.22997469841,-9.954543703873,0.));
#1572 = CARTESIAN_POINT('',(45.308187334305,-9.779360759096,0.));
#1573 = CARTESIAN_POINT('',(45.3802190917,-9.6015248004,0.));
#1574 = CARTESIAN_POINT('',(45.446053744256,-9.421336150896,0.));
#1575 = CARTESIAN_POINT('',(45.505655347316,-9.239055052329,0.));
#1576 = CARTESIAN_POINT('',(45.558975227012,-9.054910288915,0.));
#1577 = CARTESIAN_POINT('',(45.605958967389,-8.869107807624,0.));
#1578 = CARTESIAN_POINT('',(45.646553398252,-8.681839339705,0.));
#1579 = CARTESIAN_POINT('',(45.680713582692,-8.493291021649,0.));
#1580 = CARTESIAN_POINT('',(45.708409804793,-8.303652016347,0.));
#1581 = CARTESIAN_POINT('',(45.729617814604,-8.113119805013,0.));
#1582 = CARTESIAN_POINT('',(45.744309073356,-7.921905479001,0.));
#1583 = CARTESIAN_POINT('',(45.752440998176,-7.730239032013,0.));
#1584 = CARTESIAN_POINT('',(45.753947207928,-7.53837465144,0.));
#1585 = CARTESIAN_POINT('',(45.748727765894,-7.346596012219,0.));
#1586 = CARTESIAN_POINT('',(45.736667751432,-7.155198998842,0.));
#1587 = CARTESIAN_POINT('',(45.717655834901,-6.964474424719,0.));
#1588 = CARTESIAN_POINT('',(45.691602851083,-6.774690752824,0.));
#1589 = CARTESIAN_POINT('',(45.658460373951,-6.586076815062,0.));
#1590 = CARTESIAN_POINT('',(45.618239289362,-6.39880453375,0.));
#1591 = CARTESIAN_POINT('',(45.570966505278,-6.213041191168,0.));
#1592 = CARTESIAN_POINT('',(45.516641653453,-6.029001707854,0.));
#1593 = CARTESIAN_POINT('',(45.455193811554,-5.847000899971,0.));
#1594 = CARTESIAN_POINT('',(45.386438176635,-5.667505786681,0.));
#1595 = CARTESIAN_POINT('',(45.31003286806,-5.491187764377,0.));
#1596 = CARTESIAN_POINT('',(45.225611263553,-5.318791731322,0.));
#1597 = CARTESIAN_POINT('',(45.132914259272,-5.151005301188,0.));
#1598 = CARTESIAN_POINT('',(45.031922469903,-4.988328056975,0.));
#1599 = CARTESIAN_POINT('',(44.922988658256,-4.830940618271,0.));
#1600 = CARTESIAN_POINT('',(44.806969504587,-4.678574255879,0.));
#1601 = CARTESIAN_POINT('',(44.685094509935,-4.53060018693,0.));
#1602 = CARTESIAN_POINT('',(44.558835538815,-4.386118320765,0.));
#1603 = CARTESIAN_POINT('',(44.4297761707,-4.244046198384,0.));
#1604 = CARTESIAN_POINT('',(44.299481028438,-4.103207871225,0.));
#1605 = CARTESIAN_POINT('',(44.169365405868,-3.962422744889,0.));
#1606 = CARTESIAN_POINT('',(44.040683001019,-3.820569246933,0.));
#1607 = CARTESIAN_POINT('',(43.914513296349,-3.676648580386,0.));
#1608 = CARTESIAN_POINT('',(43.791749075104,-3.529848433869,0.));
#1609 = CARTESIAN_POINT('',(43.673083867714,-3.37960673697,0.));
#1610 = CARTESIAN_POINT('',(43.55899946027,-3.225675323803,0.));
#1611 = CARTESIAN_POINT('',(43.449815785051,-3.06804372429,0.));
#1612 = CARTESIAN_POINT('',(43.345740776175,-2.906863042024,0.));
#1613 = CARTESIAN_POINT('',(43.246920238104,-2.74236979979,0.));
#1614 = CARTESIAN_POINT('',(43.153487707323,-2.574809800878,0.));
#1615 = CARTESIAN_POINT('',(43.065614320144,-2.404361978745,0.));
#1616 = CARTESIAN_POINT('',(42.983493375963,-2.231161255115,0.));
#1617 = CARTESIAN_POINT('',(42.907324897475,-2.055321402253,0.));
#1618 = CARTESIAN_POINT('',(42.837300191415,-1.876957904576,0.));
#1619 = CARTESIAN_POINT('',(42.773586410453,-1.696210818478,0.));
#1620 = CARTESIAN_POINT('',(42.716311110702,-1.513267638638,0.));
#1621 = CARTESIAN_POINT('',(42.665570337251,-1.328351811085,0.));
#1622 = CARTESIAN_POINT('',(42.621436714498,-1.141711239693,0.));
#1623 = CARTESIAN_POINT('',(42.583967534174,-0.953606794939,0.));
#1624 = CARTESIAN_POINT('',(42.553212845347,-0.764300822303,0.));
#1625 = CARTESIAN_POINT('',(42.529223541351,-0.574045649308,0.));
#1626 = CARTESIAN_POINT('',(42.51204699155,-0.383085588165,0.));
#1627 = CARTESIAN_POINT('',(42.503787516319,-0.229944269868,0.));
#1628 = CARTESIAN_POINT('',(42.500688640819,-0.114983749632,0.));
#1629 = CARTESIAN_POINT('',(42.499999999705,-3.832791656047E-02,0.));
#1630 = CARTESIAN_POINT('',(42.5,0.,0.));
#1631 = PCURVE('',#1632,#4843);
#1632 = B_SPLINE_SURFACE_WITH_KNOTS('',5,1,(
    (#1633,#1634)
    ,(#1635,#1636)
    ,(#1637,#1638)
    ,(#1639,#1640)
    ,(#1641,#1642)
    ,(#1643,#1644)
    ,(#1645,#1646)
    ,(#1647,#1648)
    ,(#1649,#1650)
    ,(#1651,#1652)
    ,(#1653,#1654)
    ,(#1655,#1656)
    ,(#1657,#1658)
    ,(#1659,#1660)
    ,(#1661,#1662)
    ,(#1663,#1664)
    ,(#1665,#1666)
    ,(#1667,#1668)
    ,(#1669,#1670)
    ,(#1671,#1672)
    ,(#1673,#1674)
    ,(#1675,#1676)
    ,(#1677,#1678)
    ,(#1679,#1680)
    ,(#1681,#1682)
    ,(#1683,#1684)
    ,(#1685,#1686)
    ,(#1687,#1688)
    ,(#1689,#1690)
    ,(#1691,#1692)
    ,(#1693,#1694)
    ,(#1695,#1696)
    ,(#1697,#1698)
    ,(#1699,#1700)
    ,(#1701,#1702)
    ,(#1703,#1704)
    ,(#1705,#1706)
    ,(#1707,#1708)
    ,(#1709,#1710)
    ,(#1711,#1712)
    ,(#1713,#1714)
    ,(#1715,#1716)
    ,(#1717,#1718)
    ,(#1719,#1720)
    ,(#1721,#1722)
    ,(#1723,#1724)
    ,(#1725,#1726)
    ,(#1727,#1728)
    ,(#1729,#1730)
    ,(#1731,#1732)
    ,(#1733,#1734)
    ,(#1735,#1736)
    ,(#1737,#1738)
    ,(#1739,#1740)
    ,(#1741,#1742)
    ,(#1743,#1744)
    ,(#1745,#1746)
    ,(#1747,#1748)
    ,(#1749,#1750)
    ,(#1751,#1752)
    ,(#1753,#1754)
    ,(#1755,#1756)
    ,(#1757,#1758)
    ,(#1759,#1760)
    ,(#1761,#1762)
    ,(#1763,#1764)
    ,(#1765,#1766)
    ,(#1767,#1768)
    ,(#1769,#1770)
    ,(#1771,#1772)
    ,(#1773,#1774)
    ,(#1775,#1776)
    ,(#1777,#1778)
    ,(#1779,#1780)
    ,(#1781,#1782)
    ,(#1783,#1784)
    ,(#1785,#1786)
    ,(#1787,#1788)
    ,(#1789,#1790)
    ,(#1791,#1792)
    ,(#1793,#1794)
    ,(#1795,#1796)
    ,(#1797,#1798)
    ,(#1799,#1800)
    ,(#1801,#1802)
    ,(#1803,#1804)
    ,(#1805,#1806)
    ,(#1807,#1808)
    ,(#1809,#1810)
    ,(#1811,#1812)
    ,(#1813,#1814)
    ,(#1815,#1816)
    ,(#1817,#1818)
    ,(#1819,#1820)
    ,(#1821,#1822)
    ,(#1823,#1824)
    ,(#1825,#1826)
    ,(#1827,#1828)
    ,(#1829,#1830)
    ,(#1831,#1832)
    ,(#1833,#1834)
    ,(#1835,#1836)
    ,(#1837,#1838)
    ,(#1839,#1840)
    ,(#1841,#1842)
    ,(#1843,#1844)
    ,(#1845,#1846)
    ,(#1847,#1848)
    ,(#1849,#1850)
    ,(#1851,#1852)
    ,(#1853,#1854)
    ,(#1855,#1856)
    ,(#1857,#1858)
    ,(#1859,#1860)
    ,(#1861,#1862)
    ,(#1863,#1864)
    ,(#1865,#1866)
    ,(#1867,#1868)
    ,(#1869,#1870)
    ,(#1871,#1872)
    ,(#1873,#1874)
    ,(#1875,#1876)
    ,(#1877,#1878)
    ,(#1879,#1880)
    ,(#1881,#1882)
    ,(#1883,#1884)
    ,(#1885,#1886)
    ,(#1887,#1888)
    ,(#1889,#1890)
    ,(#1891,#1892)
    ,(#1893,#1894)
    ,(#1895,#1896)
    ,(#1897,#1898)
    ,(#1899,#1900)
    ,(#1901,#1902)
    ,(#1903,#1904)
    ,(#1905,#1906)
    ,(#1907,#1908)
    ,(#1909,#1910)
    ,(#1911,#1912)
    ,(#1913,#1914)
    ,(#1915,#1916)
    ,(#1917,#1918)
    ,(#1919,#1920)
    ,(#1921,#1922)
    ,(#1923,#1924)
    ,(#1925,#1926)
    ,(#1927,#1928)
    ,(#1929,#1930)
    ,(#1931,#1932)
    ,(#1933,#1934)
    ,(#1935,#1936)
    ,(#1937,#1938)
    ,(#1939,#1940)
    ,(#1941,#1942)
    ,(#1943,#1944)
    ,(#1945,#1946)
    ,(#1947,#1948)
    ,(#1949,#1950)
    ,(#1951,#1952)
    ,(#1953,#1954)
    ,(#1955,#1956)
    ,(#1957,#1958)
    ,(#1959,#1960)
    ,(#1961,#1962)
    ,(#1963,#1964)
    ,(#1965,#1966)
    ,(#1967,#1968)
    ,(#1969,#1970)
    ,(#1971,#1972)
    ,(#1973,#1974)
    ,(#1975,#1976)
    ,(#1977,#1978)
    ,(#1979,#1980)
    ,(#1981,#1982)
    ,(#1983,#1984)
    ,(#1985,#1986)
    ,(#1987,#1988)
    ,(#1989,#1990)
    ,(#1991,#1992)
    ,(#1993,#1994)
    ,(#1995,#1996)
    ,(#1997,#1998)
    ,(#1999,#2000)
    ,(#2001,#2002)
    ,(#2003,#2004)
    ,(#2005,#2006)
    ,(#2007,#2008)
    ,(#2009,#2010)
    ,(#2011,#2012)
    ,(#2013,#2014)
    ,(#2015,#2016)
    ,(#2017,#2018)
    ,(#2019,#2020)
    ,(#2021,#2022)
    ,(#2023,#2024)
    ,(#2025,#2026)
    ,(#2027,#2028)
    ,(#2029,#2030)
    ,(#2031,#2032)
    ,(#2033,#2034)
    ,(#2035,#2036)
    ,(#2037,#2038)
    ,(#2039,#2040)
    ,(#2041,#2042)
    ,(#2043,#2044)
    ,(#2045,#2046)
    ,(#2047,#2048)
    ,(#2049,#2050)
    ,(#2051,#2052)
    ,(#2053,#2054)
    ,(#2055,#2056)
    ,(#2057,#2058)
    ,(#2059,#2060)
    ,(#2061,#2062)
    ,(#2063,#2064)
    ,(#2065,#2066)
    ,(#2067,#2068)
    ,(#2069,#2070)
    ,(#2071,#2072)
    ,(#2073,#2074)
    ,(#2075,#2076)
    ,(#2077,#2078)
    ,(#2079,#2080)
    ,(#2081,#2082)
    ,(#2083,#2084)
    ,(#2085,#2086)
    ,(#2087,#2088)
    ,(#2089,#2090)
    ,(#2091,#2092)
    ,(#2093,#2094)
    ,(#2095,#2096)
    ,(#2097,#2098)
    ,(#2099,#2100)
    ,(#2101,#2102)
    ,(#2103,#2104)
    ,(#2105,#2106)
    ,(#2107,#2108)
    ,(#2109,#2110)
    ,(#2111,#2112)
    ,(#2113,#2114)
    ,(#2115,#2116)
    ,(#2117,#2118)
    ,(#2119,#2120)
    ,(#2121,#2122)
    ,(#2123,#2124)
    ,(#2125,#2126)
    ,(#2127,#2128)
    ,(#2129,#2130)
    ,(#2131,#2132)
    ,(#2133,#2134)
    ,(#2135,#2136)
    ,(#2137,#2138)
    ,(#2139,#2140)
    ,(#2141,#2142)
    ,(#2143,#2144)
    ,(#2145,#2146)
    ,(#2147,#2148)
    ,(#2149,#2150)
    ,(#2151,#2152)
    ,(#2153,#2154)
    ,(#2155,#2156)
    ,(#2157,#2158)
    ,(#2159,#2160)
    ,(#2161,#2162)
    ,(#2163,#2164)
    ,(#2165,#2166)
    ,(#2167,#2168)
    ,(#2169,#2170)
    ,(#2171,#2172)
    ,(#2173,#2174)
    ,(#2175,#2176)
    ,(#2177,#2178)
    ,(#2179,#2180)
    ,(#2181,#2182)
    ,(#2183,#2184)
    ,(#2185,#2186)
    ,(#2187,#2188)
    ,(#2189,#2190)
    ,(#2191,#2192)
    ,(#2193,#2194)
    ,(#2195,#2196)
    ,(#2197,#2198)
    ,(#2199,#2200)
    ,(#2201,#2202)
    ,(#2203,#2204)
    ,(#2205,#2206)
    ,(#2207,#2208)
    ,(#2209,#2210)
    ,(#2211,#2212)
    ,(#2213,#2214)
    ,(#2215,#2216)
    ,(#2217,#2218)
    ,(#2219,#2220)
    ,(#2221,#2222)
    ,(#2223,#2224)
    ,(#2225,#2226)
    ,(#2227,#2228)
    ,(#2229,#2230)
    ,(#2231,#2232)
    ,(#2233,#2234)
    ,(#2235,#2236)
    ,(#2237,#2238)
    ,(#2239,#2240)
    ,(#2241,#2242)
    ,(#2243,#2244)
    ,(#2245,#2246)
    ,(#2247,#2248)
    ,(#2249,#2250)
    ,(#2251,#2252)
    ,(#2253,#2254)
    ,(#2255,#2256)
    ,(#2257,#2258)
    ,(#2259,#2260)
    ,(#2261,#2262)
    ,(#2263,#2264)
    ,(#2265,#2266)
    ,(#2267,#2268)
    ,(#2269,#2270)
    ,(#2271,#2272)
    ,(#2273,#2274)
    ,(#2275,#2276)
    ,(#2277,#2278)
    ,(#2279,#2280)
    ,(#2281,#2282)
    ,(#2283,#2284)
    ,(#2285,#2286)
    ,(#2287,#2288)
    ,(#2289,#2290)
    ,(#2291,#2292)
    ,(#2293,#2294)
    ,(#2295,#2296)
    ,(#2297,#2298)
    ,(#2299,#2300)
    ,(#2301,#2302)
    ,(#2303,#2304)
    ,(#2305,#2306)
    ,(#2307,#2308)
    ,(#2309,#2310)
    ,(#2311,#2312)
    ,(#2313,#2314)
    ,(#2315,#2316)
    ,(#2317,#2318)
    ,(#2319,#2320)
    ,(#2321,#2322)
    ,(#2323,#2324)
    ,(#2325,#2326)
    ,(#2327,#2328)
    ,(#2329,#2330)
    ,(#2331,#2332)
    ,(#2333,#2334)
    ,(#2335,#2336)
    ,(#2337,#2338)
    ,(#2339,#2340)
    ,(#2341,#2342)
    ,(#2343,#2344)
    ,(#2345,#2346)
    ,(#2347,#2348)
    ,(#2349,#2350)
    ,(#2351,#2352)
    ,(#2353,#2354)
    ,(#2355,#2356)
    ,(#2357,#2358)
    ,(#2359,#2360)
    ,(#2361,#2362)
    ,(#2363,#2364)
    ,(#2365,#2366)
    ,(#2367,#2368)
    ,(#2369,#2370)
    ,(#2371,#2372)
    ,(#2373,#2374)
    ,(#2375,#2376)
    ,(#2377,#2378)
    ,(#2379,#2380)
    ,(#2381,#2382)
    ,(#2383,#2384)
    ,(#2385,#2386)
    ,(#2387,#2388)
    ,(#2389,#2390)
    ,(#2391,#2392)
    ,(#2393,#2394)
    ,(#2395,#2396)
    ,(#2397,#2398)
    ,(#2399,#2400)
    ,(#2401,#2402)
    ,(#2403,#2404)
    ,(#2405,#2406)
    ,(#2407,#2408)
    ,(#2409,#2410)
    ,(#2411,#2412)
    ,(#2413,#2414)
    ,(#2415,#2416)
    ,(#2417,#2418)
    ,(#2419,#2420)
    ,(#2421,#2422)
    ,(#2423,#2424)
    ,(#2425,#2426)
    ,(#2427,#2428)
    ,(#2429,#2430)
    ,(#2431,#2432)
    ,(#2433,#2434)
    ,(#2435,#2436)
    ,(#2437,#2438)
    ,(#2439,#2440)
    ,(#2441,#2442)
    ,(#2443,#2444)
    ,(#2445,#2446)
    ,(#2447,#2448)
    ,(#2449,#2450)
    ,(#2451,#2452)
    ,(#2453,#2454)
    ,(#2455,#2456)
    ,(#2457,#2458)
    ,(#2459,#2460)
    ,(#2461,#2462)
    ,(#2463,#2464)
    ,(#2465,#2466)
    ,(#2467,#2468)
    ,(#2469,#2470)
    ,(#2471,#2472)
    ,(#2473,#2474)
    ,(#2475,#2476)
    ,(#2477,#2478)
    ,(#2479,#2480)
    ,(#2481,#2482)
    ,(#2483,#2484)
    ,(#2485,#2486)
    ,(#2487,#2488)
    ,(#2489,#2490)
    ,(#2491,#2492)
    ,(#2493,#2494)
    ,(#2495,#2496)
    ,(#2497,#2498)
    ,(#2499,#2500)
    ,(#2501,#2502)
    ,(#2503,#2504)
    ,(#2505,#2506)
    ,(#2507,#2508)
    ,(#2509,#2510)
    ,(#2511,#2512)
    ,(#2513,#2514)
    ,(#2515,#2516)
    ,(#2517,#2518)
    ,(#2519,#2520)
    ,(#2521,#2522)
    ,(#2523,#2524)
    ,(#2525,#2526)
    ,(#2527,#2528)
    ,(#2529,#2530)
    ,(#2531,#2532)
    ,(#2533,#2534)
    ,(#2535,#2536)
    ,(#2537,#2538)
    ,(#2539,#2540)
    ,(#2541,#2542)
    ,(#2543,#2544)
    ,(#2545,#2546)
    ,(#2547,#2548)
    ,(#2549,#2550)
    ,(#2551,#2552)
    ,(#2553,#2554)
    ,(#2555,#2556)
    ,(#2557,#2558)
    ,(#2559,#2560)
    ,(#2561,#2562)
    ,(#2563,#2564)
    ,(#2565,#2566)
    ,(#2567,#2568)
    ,(#2569,#2570)
    ,(#2571,#2572)
    ,(#2573,#2574)
    ,(#2575,#2576)
    ,(#2577,#2578)
    ,(#2579,#2580)
    ,(#2581,#2582)
    ,(#2583,#2584)
    ,(#2585,#2586)
    ,(#2587,#2588)
    ,(#2589,#2590)
    ,(#2591,#2592)
    ,(#2593,#2594)
    ,(#2595,#2596)
    ,(#2597,#2598)
    ,(#2599,#2600)
    ,(#2601,#2602)
    ,(#2603,#2604)
    ,(#2605,#2606)
    ,(#2607,#2608)
    ,(#2609,#2610)
    ,(#2611,#2612)
    ,(#2613,#2614)
    ,(#2615,#2616)
    ,(#2617,#2618)
    ,(#2619,#2620)
    ,(#2621,#2622)
    ,(#2623,#2624)
    ,(#2625,#2626)
    ,(#2627,#2628)
    ,(#2629,#2630)
    ,(#2631,#2632)
    ,(#2633,#2634)
    ,(#2635,#2636)
    ,(#2637,#2638)
    ,(#2639,#2640)
    ,(#2641,#2642)
    ,(#2643,#2644)
    ,(#2645,#2646)
    ,(#2647,#2648)
    ,(#2649,#2650)
    ,(#2651,#2652)
    ,(#2653,#2654)
    ,(#2655,#2656)
    ,(#2657,#2658)
    ,(#2659,#2660)
    ,(#2661,#2662)
    ,(#2663,#2664)
    ,(#2665,#2666)
    ,(#2667,#2668)
    ,(#2669,#2670)
    ,(#2671,#2672)
    ,(#2673,#2674)
    ,(#2675,#2676)
    ,(#2677,#2678)
    ,(#2679,#2680)
    ,(#2681,#2682)
    ,(#2683,#2684)
    ,(#2685,#2686)
    ,(#2687,#2688)
    ,(#2689,#2690)
    ,(#2691,#2692)
    ,(#2693,#2694)
    ,(#2695,#2696)
    ,(#2697,#2698)
    ,(#2699,#2700)
    ,(#2701,#2702)
    ,(#2703,#2704)
    ,(#2705,#2706)
    ,(#2707,#2708)
    ,(#2709,#2710)
    ,(#2711,#2712)
    ,(#2713,#2714)
    ,(#2715,#2716)
    ,(#2717,#2718)
    ,(#2719,#2720)
    ,(#2721,#2722)
    ,(#2723,#2724)
    ,(#2725,#2726)
    ,(#2727,#2728)
    ,(#2729,#2730)
    ,(#2731,#2732)
    ,(#2733,#2734)
    ,(#2735,#2736)
    ,(#2737,#2738)
    ,(#2739,#2740)
    ,(#2741,#2742)
    ,(#2743,#2744)
    ,(#2745,#2746)
    ,(#2747,#2748)
    ,(#2749,#2750)
    ,(#2751,#2752)
    ,(#2753,#2754)
    ,(#2755,#2756)
    ,(#2757,#2758)
    ,(#2759,#2760)
    ,(#2761,#2762)
    ,(#2763,#2764)
    ,(#2765,#2766)
    ,(#2767,#2768)
    ,(#2769,#2770)
    ,(#2771,#2772)
    ,(#2773,#2774)
    ,(#2775,#2776)
    ,(#2777,#2778)
    ,(#2779,#2780)
    ,(#2781,#2782)
    ,(#2783,#2784)
    ,(#2785,#2786)
    ,(#2787,#2788)
    ,(#2789,#2790)
    ,(#2791,#2792)
    ,(#2793,#2794)
    ,(#2795,#2796)
    ,(#2797,#2798)
    ,(#2799,#2800)
    ,(#2801,#2802)
    ,(#2803,#2804)
    ,(#2805,#2806)
    ,(#2807,#2808)
    ,(#2809,#2810)
    ,(#2811,#2812)
    ,(#2813,#2814)
    ,(#2815,#2816)
    ,(#2817,#2818)
    ,(#2819,#2820)
    ,(#2821,#2822)
    ,(#2823,#2824)
    ,(#2825,#2826)
    ,(#2827,#2828)
    ,(#2829,#2830)
    ,(#2831,#2832)
    ,(#2833,#2834)
    ,(#2835,#2836)
    ,(#2837,#2838)
    ,(#2839,#2840)
    ,(#2841,#2842)
    ,(#2843,#2844)
    ,(#2845,#2846)
    ,(#2847,#2848)
    ,(#2849,#2850)
    ,(#2851,#2852)
    ,(#2853,#2854)
    ,(#2855,#2856)
    ,(#2857,#2858)
    ,(#2859,#2860)
    ,(#2861,#2862)
    ,(#2863,#2864)
    ,(#2865,#2866)
    ,(#2867,#2868)
    ,(#2869,#2870)
    ,(#2871,#2872)
    ,(#2873,#2874)
    ,(#2875,#2876)
    ,(#2877,#2878)
    ,(#2879,#2880)
    ,(#2881,#2882)
    ,(#2883,#2884)
    ,(#2885,#2886)
    ,(#2887,#2888)
    ,(#2889,#2890)
    ,(#2891,#2892)
    ,(#2893,#2894)
    ,(#2895,#2896)
    ,(#2897,#2898)
    ,(#2899,#2900)
    ,(#2901,#2902)
    ,(#2903,#2904)
    ,(#2905,#2906)
    ,(#2907,#2908)
    ,(#2909,#2910)
    ,(#2911,#2912)
    ,(#2913,#2914)
    ,(#2915,#2916)
    ,(#2917,#2918)
    ,(#2919,#2920)
    ,(#2921,#2922)
    ,(#2923,#2924)
    ,(#2925,#2926)
    ,(#2927,#2928)
    ,(#2929,#2930)
    ,(#2931,#2932)
    ,(#2933,#2934)
    ,(#2935,#2936)
    ,(#2937,#2938)
    ,(#2939,#2940)
    ,(#2941,#2942)
    ,(#2943,#2944)
    ,(#2945,#2946)
    ,(#2947,#2948)
    ,(#2949,#2950)
    ,(#2951,#2952)
    ,(#2953,#2954)
    ,(#2955,#2956)
    ,(#2957,#2958)
    ,(#2959,#2960)
    ,(#2961,#2962)
    ,(#2963,#2964)
    ,(#2965,#2966)
    ,(#2967,#2968)
    ,(#2969,#2970)
    ,(#2971,#2972)
    ,(#2973,#2974)
    ,(#2975,#2976)
    ,(#2977,#2978)
    ,(#2979,#2980)
    ,(#2981,#2982)
    ,(#2983,#2984)
    ,(#2985,#2986)
    ,(#2987,#2988)
    ,(#2989,#2990)
    ,(#2991,#2992)
    ,(#2993,#2994)
    ,(#2995,#2996)
    ,(#2997,#2998)
    ,(#2999,#3000)
    ,(#3001,#3002)
    ,(#3003,#3004)
    ,(#3005,#3006)
    ,(#3007,#3008)
    ,(#3009,#3010)
    ,(#3011,#3012)
    ,(#3013,#3014)
    ,(#3015,#3016)
    ,(#3017,#3018)
    ,(#3019,#3020)
    ,(#3021,#3022)
    ,(#3023,#3024)
    ,(#3025,#3026)
    ,(#3027,#3028)
    ,(#3029,#3030)
    ,(#3031,#3032)
    ,(#3033,#3034)
    ,(#3035,#3036)
    ,(#3037,#3038)
    ,(#3039,#3040)
    ,(#3041,#3042)
    ,(#3043,#3044)
    ,(#3045,#3046)
    ,(#3047,#3048)
    ,(#3049,#3050)
    ,(#3051,#3052)
    ,(#3053,#3054)
    ,(#3055,#3056)
    ,(#3057,#3058)
    ,(#3059,#3060)
    ,(#3061,#3062)
    ,(#3063,#3064)
    ,(#3065,#3066)
    ,(#3067,#3068)
    ,(#3069,#3070)
    ,(#3071,#3072)
    ,(#3073,#3074)
    ,(#3075,#3076)
    ,(#3077,#3078)
    ,(#3079,#3080)
    ,(#3081,#3082)
    ,(#3083,#3084)
    ,(#3085,#3086)
    ,(#3087,#3088)
    ,(#3089,#3090)
    ,(#3091,#3092)
    ,(#3093,#3094)
    ,(#3095,#3096)
    ,(#3097,#3098)
    ,(#3099,#3100)
    ,(#3101,#3102)
    ,(#3103,#3104)
    ,(#3105,#3106)
    ,(#3107,#3108)
    ,(#3109,#3110)
    ,(#3111,#3112)
    ,(#3113,#3114)
    ,(#3115,#3116)
    ,(#3117,#3118)
    ,(#3119,#3120)
    ,(#3121,#3122)
    ,(#3123,#3124)
    ,(#3125,#3126)
    ,(#3127,#3128)
    ,(#3129,#3130)
    ,(#3131,#3132)
    ,(#3133,#3134)
    ,(#3135,#3136)
    ,(#3137,#3138)
    ,(#3139,#3140)
    ,(#3141,#3142)
    ,(#3143,#3144)
    ,(#3145,#3146)
    ,(#3147,#3148)
    ,(#3149,#3150)
    ,(#3151,#3152)
    ,(#3153,#3154)
    ,(#3155,#3156)
    ,(#3157,#3158)
    ,(#3159,#3160)
    ,(#3161,#3162)
    ,(#3163,#3164)
    ,(#3165,#3166)
    ,(#3167,#3168)
    ,(#3169,#3170)
    ,(#3171,#3172)
    ,(#3173,#3174)
    ,(#3175,#3176)
    ,(#3177,#3178)
    ,(#3179,#3180)
    ,(#3181,#3182)
    ,(#3183,#3184)
    ,(#3185,#3186)
    ,(#3187,#3188)
    ,(#3189,#3190)
    ,(#3191,#3192)
    ,(#3193,#3194)
    ,(#3195,#3196)
    ,(#3197,#3198)
    ,(#3199,#3200)
    ,(#3201,#3202)
    ,(#3203,#3204)
    ,(#3205,#3206)
    ,(#3207,#3208)
    ,(#3209,#3210)
    ,(#3211,#3212)
    ,(#3213,#3214)
    ,(#3215,#3216)
    ,(#3217,#3218)
    ,(#3219,#3220)
    ,(#3221,#3222)
    ,(#3223,#3224)
    ,(#3225,#3226)
    ,(#3227,#3228)
    ,(#3229,#3230)
    ,(#3231,#3232)
    ,(#3233,#3234)
    ,(#3235,#3236)
    ,(#3237,#3238)
    ,(#3239,#3240)
    ,(#3241,#3242)
    ,(#3243,#3244)
    ,(#3245,#3246)
    ,(#3247,#3248)
    ,(#3249,#3250)
    ,(#3251,#3252)
    ,(#3253,#3254)
    ,(#3255,#3256)
    ,(#3257,#3258)
    ,(#3259,#3260)
    ,(#3261,#3262)
    ,(#3263,#3264)
    ,(#3265,#3266)
    ,(#3267,#3268)
    ,(#3269,#3270)
    ,(#3271,#3272)
    ,(#3273,#3274)
    ,(#3275,#3276)
    ,(#3277,#3278)
    ,(#3279,#3280)
    ,(#3281,#3282)
    ,(#3283,#3284)
    ,(#3285,#3286)
    ,(#3287,#3288)
    ,(#3289,#3290)
    ,(#3291,#3292)
    ,(#3293,#3294)
    ,(#3295,#3296)
    ,(#3297,#3298)
    ,(#3299,#3300)
    ,(#3301,#3302)
    ,(#3303,#3304)
    ,(#3305,#3306)
    ,(#3307,#3308)
    ,(#3309,#3310)
    ,(#3311,#3312)
    ,(#3313,#3314)
    ,(#3315,#3316)
    ,(#3317,#3318)
    ,(#3319,#3320)
    ,(#3321,#3322)
    ,(#3323,#3324)
    ,(#3325,#3326)
    ,(#3327,#3328)
    ,(#3329,#3330)
    ,(#3331,#3332)
    ,(#3333,#3334)
    ,(#3335,#3336)
    ,(#3337,#3338)
    ,(#3339,#3340)
    ,(#3341,#3342)
    ,(#3343,#3344)
    ,(#3345,#3346)
    ,(#3347,#3348)
    ,(#3349,#3350)
    ,(#3351,#3352)
    ,(#3353,#3354)
    ,(#3355,#3356)
    ,(#3357,#3358)
    ,(#3359,#3360)
    ,(#3361,#3362)
    ,(#3363,#3364)
    ,(#3365,#3366)
    ,(#3367,#3368)
    ,(#3369,#3370)
    ,(#3371,#3372)
    ,(#3373,#3374)
    ,(#3375,#3376)
    ,(#3377,#3378)
    ,(#3379,#3380)
    ,(#3381,#3382)
    ,(#3383,#3384)
    ,(#3385,#3386)
    ,(#3387,#3388)
    ,(#3389,#3390)
    ,(#3391,#3392)
    ,(#3393,#3394)
    ,(#3395,#3396)
    ,(#3397,#3398)
    ,(#3399,#3400)
    ,(#3401,#3402)
    ,(#3403,#3404)
    ,(#3405,#3406)
    ,(#3407,#3408)
    ,(#3409,#3410)
    ,(#3411,#3412)
    ,(#3413,#3414)
    ,(#3415,#3416)
    ,(#3417,#3418)
    ,(#3419,#3420)
    ,(#3421,#3422)
    ,(#3423,#3424)
    ,(#3425,#3426)
    ,(#3427,#3428)
    ,(#3429,#3430)
    ,(#3431,#3432)
    ,(#3433,#3434)
    ,(#3435,#3436)
    ,(#3437,#3438)
    ,(#3439,#3440)
    ,(#3441,#3442)
    ,(#3443,#3444)
    ,(#3445,#3446)
    ,(#3447,#3448)
    ,(#3449,#3450)
    ,(#3451,#3452)
    ,(#3453,#3454)
    ,(#3455,#3456)
    ,(#3457,#3458)
    ,(#3459,#3460)
    ,(#3461,#3462)
    ,(#3463,#3464)
    ,(#3465,#3466)
    ,(#3467,#3468)
    ,(#3469,#3470)
    ,(#3471,#3472)
    ,(#3473,#3474)
    ,(#3475,#3476)
    ,(#3477,#3478)
    ,(#3479,#3480)
    ,(#3481,#3482)
    ,(#3483,#3484)
    ,(#3485,#3486)
    ,(#3487,#3488)
    ,(#3489,#3490)
    ,(#3491,#3492)
    ,(#3493,#3494)
    ,(#3495,#3496)
    ,(#3497,#3498)
    ,(#3499,#3500)
    ,(#3501,#3502)
    ,(#3503,#3504)
    ,(#3505,#3506)
    ,(#3507,#3508)
    ,(#3509,#3510)
    ,(#3511,#3512)
    ,(#3513,#3514)
    ,(#3515,#3516)
    ,(#3517,#3518)
    ,(#3519,#3520)
    ,(#3521,#3522)
    ,(#3523,#3524)
    ,(#3525,#3526)
    ,(#3527,#3528)
    ,(#3529,#3530)
    ,(#3531,#3532)
    ,(#3533,#3534)
    ,(#3535,#3536)
    ,(#3537,#3538)
    ,(#3539,#3540)
    ,(#3541,#3542)
    ,(#3543,#3544)
    ,(#3545,#3546)
    ,(#3547,#3548)
    ,(#3549,#3550)
    ,(#3551,#3552)
    ,(#3553,#3554)
    ,(#3555,#3556)
    ,(#3557,#3558)
    ,(#3559,#3560)
    ,(#3561,#3562)
    ,(#3563,#3564)
    ,(#3565,#3566)
    ,(#3567,#3568)
    ,(#3569,#3570)
    ,(#3571,#3572)
    ,(#3573,#3574)
    ,(#3575,#3576)
    ,(#3577,#3578)
    ,(#3579,#3580)
    ,(#3581,#3582)
    ,(#3583,#3584)
    ,(#3585,#3586)
    ,(#3587,#3588)
    ,(#3589,#3590)
    ,(#3591,#3592)
    ,(#3593,#3594)
    ,(#3595,#3596)
    ,(#3597,#3598)
    ,(#3599,#3600)
    ,(#3601,#3602)
    ,(#3603,#3604)
    ,(#3605,#3606)
    ,(#3607,#3608)
    ,(#3609,#3610)
    ,(#3611,#3612)
    ,(#3613,#3614)
    ,(#3615,#3616)
    ,(#3617,#3618)
    ,(#3619,#3620)
    ,(#3621,#3622)
    ,(#3623,#3624)
    ,(#3625,#3626)
    ,(#3627,#3628)
    ,(#3629,#3630)
    ,(#3631,#3632)
    ,(#3633,#3634)
    ,(#3635,#3636)
    ,(#3637,#3638)
    ,(#3639,#3640)
    ,(#3641,#3642)
    ,(#3643,#3644)
    ,(#3645,#3646)
    ,(#3647,#3648)
    ,(#3649,#3650)
    ,(#3651,#3652)
    ,(#3653,#3654)
    ,(#3655,#3656)
    ,(#3657,#3658)
    ,(#3659,#3660)
    ,(#3661,#3662)
    ,(#3663,#3664)
    ,(#3665,#3666)
    ,(#3667,#3668)
    ,(#3669,#3670)
    ,(#3671,#3672)
    ,(#3673,#3674)
    ,(#3675,#3676)
    ,(#3677,#3678)
    ,(#3679,#3680)
    ,(#3681,#3682)
    ,(#3683,#3684)
    ,(#3685,#3686)
    ,(#3687,#3688)
    ,(#3689,#3690)
    ,(#3691,#3692)
    ,(#3693,#3694)
    ,(#3695,#3696)
    ,(#3697,#3698)
    ,(#3699,#3700)
    ,(#3701,#3702)
    ,(#3703,#3704)
    ,(#3705,#3706)
    ,(#3707,#3708)
    ,(#3709,#3710)
    ,(#3711,#3712)
    ,(#3713,#3714)
    ,(#3715,#3716)
    ,(#3717,#3718)
    ,(#3719,#3720)
    ,(#3721,#3722)
    ,(#3723,#3724)
    ,(#3725,#3726)
    ,(#3727,#3728)
    ,(#3729,#3730)
    ,(#3731,#3732)
    ,(#3733,#3734)
    ,(#3735,#3736)
    ,(#3737,#3738)
    ,(#3739,#3740)
    ,(#3741,#3742)
    ,(#3743,#3744)
    ,(#3745,#3746)
    ,(#3747,#3748)
    ,(#3749,#3750)
    ,(#3751,#3752)
    ,(#3753,#3754)
    ,(#3755,#3756)
    ,(#3757,#3758)
    ,(#3759,#3760)
    ,(#3761,#3762)
    ,(#3763,#3764)
    ,(#3765,#3766)
    ,(#3767,#3768)
    ,(#3769,#3770)
    ,(#3771,#3772)
    ,(#3773,#3774)
    ,(#3775,#3776)
    ,(#3777,#3778)
    ,(#3779,#3780)
    ,(#3781,#3782)
    ,(#3783,#3784)
    ,(#3785,#3786)
    ,(#3787,#3788)
    ,(#3789,#3790)
    ,(#3791,#3792)
    ,(#3793,#3794)
    ,(#3795,#3796)
    ,(#3797,#3798)
    ,(#3799,#3800)
    ,(#3801,#3802)
    ,(#3803,#3804)
    ,(#3805,#3806)
    ,(#3807,#3808)
    ,(#3809,#3810)
    ,(#3811,#3812)
    ,(#3813,#3814)
    ,(#3815,#3816)
    ,(#3817,#3818)
    ,(#3819,#3820)
    ,(#3821,#3822)
    ,(#3823,#3824)
    ,(#3825,#3826)
    ,(#3827,#3828)
    ,(#3829,#3830)
    ,(#3831,#3832)
    ,(#3833,#3834)
    ,(#3835,#3836)
    ,(#3837,#3838)
    ,(#3839,#3840)
    ,(#3841,#3842)
    ,(#3843,#3844)
    ,(#3845,#3846)
    ,(#3847,#3848)
    ,(#3849,#3850)
    ,(#3851,#3852)
    ,(#3853,#3854)
    ,(#3855,#3856)
    ,(#3857,#3858)
    ,(#3859,#3860)
    ,(#3861,#3862)
    ,(#3863,#3864)
    ,(#3865,#3866)
    ,(#3867,#3868)
    ,(#3869,#3870)
    ,(#3871,#3872)
    ,(#3873,#3874)
    ,(#3875,#3876)
    ,(#3877,#3878)
    ,(#3879,#3880)
    ,(#3881,#3882)
    ,(#3883,#3884)
    ,(#3885,#3886)
    ,(#3887,#3888)
    ,(#3889,#3890)
    ,(#3891,#3892)
    ,(#3893,#3894)
    ,(#3895,#3896)
    ,(#3897,#3898)
    ,(#3899,#3900)
    ,(#3901,#3902)
    ,(#3903,#3904)
    ,(#3905,#3906)
    ,(#3907,#3908)
    ,(#3909,#3910)
    ,(#3911,#3912)
    ,(#3913,#3914)
    ,(#3915,#3916)
    ,(#3917,#3918)
    ,(#3919,#3920)
    ,(#3921,#3922)
    ,(#3923,#3924)
    ,(#3925,#3926)
    ,(#3927,#3928)
    ,(#3929,#3930)
    ,(#3931,#3932)
    ,(#3933,#3934)
    ,(#3935,#3936)
    ,(#3937,#3938)
    ,(#3939,#3940)
    ,(#3941,#3942)
    ,(#3943,#3944)
    ,(#3945,#3946)
    ,(#3947,#3948)
    ,(#3949,#3950)
    ,(#3951,#3952)
    ,(#3953,#3954)
    ,(#3955,#3956)
    ,(#3957,#3958)
    ,(#3959,#3960)
    ,(#3961,#3962)
    ,(#3963,#3964)
    ,(#3965,#3966)
    ,(#3967,#3968)
    ,(#3969,#3970)
    ,(#3971,#3972)
    ,(#3973,#3974)
    ,(#3975,#3976)
    ,(#3977,#3978)
    ,(#3979,#3980)
    ,(#3981,#3982)
    ,(#3983,#3984)
    ,(#3985,#3986)
    ,(#3987,#3988)
    ,(#3989,#3990)
    ,(#3991,#3992)
    ,(#3993,#3994)
    ,(#3995,#3996)
    ,(#3997,#3998)
    ,(#3999,#4000)
    ,(#4001,#4002)
    ,(#4003,#4004)
    ,(#4005,#4006)
    ,(#4007,#4008)
    ,(#4009,#4010)
    ,(#4011,#4012)
    ,(#4013,#4014)
    ,(#4015,#4016)
    ,(#4017,#4018)
    ,(#4019,#4020)
    ,(#4021,#4022)
    ,(#4023,#4024)
    ,(#4025,#4026)
    ,(#4027,#4028)
    ,(#4029,#4030)
    ,(#4031,#4032)
    ,(#4033,#4034)
    ,(#4035,#4036)
    ,(#4037,#4038)
    ,(#4039,#4040)
    ,(#4041,#4042)
    ,(#4043,#4044)
    ,(#4045,#4046)
    ,(#4047,#4048)
    ,(#4049,#4050)
    ,(#4051,#4052)
    ,(#4053,#4054)
    ,(#4055,#4056)
    ,(#4057,#4058)
    ,(#4059,#4060)
    ,(#4061,#4062)
    ,(#4063,#4064)
    ,(#4065,#4066)
    ,(#4067,#4068)
    ,(#4069,#4070)
    ,(#4071,#4072)
    ,(#4073,#4074)
    ,(#4075,#4076)
    ,(#4077,#4078)
    ,(#4079,#4080)
    ,(#4081,#4082)
    ,(#4083,#4084)
    ,(#4085,#4086)
    ,(#4087,#4088)
    ,(#4089,#4090)
    ,(#4091,#4092)
    ,(#4093,#4094)
    ,(#4095,#4096)
    ,(#4097,#4098)
    ,(#4099,#4100)
    ,(#4101,#4102)
    ,(#4103,#4104)
    ,(#4105,#4106)
    ,(#4107,#4108)
    ,(#4109,#4110)
    ,(#4111,#4112)
    ,(#4113,#4114)
    ,(#4115,#4116)
    ,(#4117,#4118)
    ,(#4119,#4120)
    ,(#4121,#4122)
    ,(#4123,#4124)
    ,(#4125,#4126)
    ,(#4127,#4128)
    ,(#4129,#4130)
    ,(#4131,#4132)
    ,(#4133,#4134)
    ,(#4135,#4136)
    ,(#4137,#4138)
    ,(#4139,#4140)
    ,(#4141,#4142)
    ,(#4143,#4144)
    ,(#4145,#4146)
    ,(#4147,#4148)
    ,(#4149,#4150)
    ,(#4151,#4152)
    ,(#4153,#4154)
    ,(#4155,#4156)
    ,(#4157,#4158)
    ,(#4159,#4160)
    ,(#4161,#4162)
    ,(#4163,#4164)
    ,(#4165,#4166)
    ,(#4167,#4168)
    ,(#4169,#4170)
    ,(#4171,#4172)
    ,(#4173,#4174)
    ,(#4175,#4176)
    ,(#4177,#4178)
    ,(#4179,#4180)
    ,(#4181,#4182)
    ,(#4183,#4184)
    ,(#4185,#4186)
    ,(#4187,#4188)
    ,(#4189,#4190)
    ,(#4191,#4192)
    ,(#4193,#4194)
    ,(#4195,#4196)
    ,(#4197,#4198)
    ,(#4199,#4200)
    ,(#4201,#4202)
    ,(#4203,#4204)
    ,(#4205,#4206)
    ,(#4207,#4208)
    ,(#4209,#4210)
    ,(#4211,#4212)
    ,(#4213,#4214)
    ,(#4215,#4216)
    ,(#4217,#4218)
    ,(#4219,#4220)
    ,(#4221,#4222)
    ,(#4223,#4224)
    ,(#4225,#4226)
    ,(#4227,#4228)
    ,(#4229,#4230)
    ,(#4231,#4232)
    ,(#4233,#4234)
    ,(#4235,#4236)
    ,(#4237,#4238)
    ,(#4239,#4240)
    ,(#4241,#4242)
    ,(#4243,#4244)
    ,(#4245,#4246)
    ,(#4247,#4248)
    ,(#4249,#4250)
    ,(#4251,#4252)
    ,(#4253,#4254)
    ,(#4255,#4256)
    ,(#4257,#4258)
    ,(#4259,#4260)
    ,(#4261,#4262)
    ,(#4263,#4264)
    ,(#4265,#4266)
    ,(#4267,#4268)
    ,(#4269,#4270)
    ,(#4271,#4272)
    ,(#4273,#4274)
    ,(#4275,#4276)
    ,(#4277,#4278)
    ,(#4279,#4280)
    ,(#4281,#4282)
    ,(#4283,#4284)
    ,(#4285,#4286)
    ,(#4287,#4288)
    ,(#4289,#4290)
    ,(#4291,#4292)
    ,(#4293,#4294)
    ,(#4295,#4296)
    ,(#4297,#4298)
    ,(#4299,#4300)
    ,(#4301,#4302)
    ,(#4303,#4304)
    ,(#4305,#4306)
    ,(#4307,#4308)
    ,(#4309,#4310)
    ,(#4311,#4312)
    ,(#4313,#4314)
    ,(#4315,#4316)
    ,(#4317,#4318)
    ,(#4319,#4320)
    ,(#4321,#4322)
    ,(#4323,#4324)
    ,(#4325,#4326)
    ,(#4327,#4328)
    ,(#4329,#4330)
    ,(#4331,#4332)
    ,(#4333,#4334)
    ,(#4335,#4336)
    ,(#4337,#4338)
    ,(#4339,#4340)
    ,(#4341,#4342)
    ,(#4343,#4344)
    ,(#4345,#4346)
    ,(#4347,#4348)
    ,(#4349,#4350)
    ,(#4351,#4352)
    ,(#4353,#4354)
    ,(#4355,#4356)
    ,(#4357,#4358)
    ,(#4359,#4360)
    ,(#4361,#4362)
    ,(#4363,#4364)
    ,(#4365,#4366)
    ,(#4367,#4368)
    ,(#4369,#4370)
    ,(#4371,#4372)
    ,(#4373,#4374)
    ,(#4375,#4376)
    ,(#4377,#4378)
    ,(#4379,#4380)
    ,(#4381,#4382)
    ,(#4383,#4384)
    ,(#4385,#4386)
    ,(#4387,#4388)
    ,(#4389,#4390)
    ,(#4391,#4392)
    ,(#4393,#4394)
    ,(#4395,#4396)
    ,(#4397,#4398)
    ,(#4399,#4400)
    ,(#4401,#4402)
    ,(#4403,#4404)
    ,(#4405,#4406)
    ,(#4407,#4408)
    ,(#4409,#4410)
    ,(#4411,#4412)
    ,(#4413,#4414)
    ,(#4415,#4416)
    ,(#4417,#4418)
    ,(#4419,#4420)
    ,(#4421,#4422)
    ,(#4423,#4424)
    ,(#4425,#4426)
    ,(#4427,#4428)
    ,(#4429,#4430)
    ,(#4431,#4432)
    ,(#4433,#4434)
    ,(#4435,#4436)
    ,(#4437,#4438)
    ,(#4439,#4440)
    ,(#4441,#4442)
    ,(#4443,#4444)
    ,(#4445,#4446)
    ,(#4447,#4448)
    ,(#4449,#4450)
    ,(#4451,#4452)
    ,(#4453,#4454)
    ,(#4455,#4456)
    ,(#4457,#4458)
    ,(#4459,#4460)
    ,(#4461,#4462)
    ,(#4463,#4464)
    ,(#4465,#4466)
    ,(#4467,#4468)
    ,(#4469,#4470)
    ,(#4471,#4472)
    ,(#4473,#4474)
    ,(#4475,#4476)
    ,(#4477,#4478)
    ,(#4479,#4480)
    ,(#4481,#4482)
    ,(#4483,#4484)
    ,(#4485,#4486)
    ,(#4487,#4488)
    ,(#4489,#4490)
    ,(#4491,#4492)
    ,(#4493,#4494)
    ,(#4495,#4496)
    ,(#4497,#4498)
    ,(#4499,#4500)
    ,(#4501,#4502)
    ,(#4503,#4504)
    ,(#4505,#4506)
    ,(#4507,#4508)
    ,(#4509,#4510)
    ,(#4511,#4512)
    ,(#4513,#4514)
    ,(#4515,#4516)
    ,(#4517,#4518)
    ,(#4519,#4520)
    ,(#4521,#4522)
    ,(#4523,#4524)
    ,(#4525,#4526)
    ,(#4527,#4528)
    ,(#4529,#4530)
    ,(#4531,#4532)
    ,(#4533,#4534)
    ,(#4535,#4536)
    ,(#4537,#4538)
    ,(#4539,#4540)
    ,(#4541,#4542)
    ,(#4543,#4544)
    ,(#4545,#4546)
    ,(#4547,#4548)
    ,(#4549,#4550)
    ,(#4551,#4552)
    ,(#4553,#4554)
    ,(#4555,#4556)
    ,(#4557,#4558)
    ,(#4559,#4560)
    ,(#4561,#4562)
    ,(#4563,#4564)
    ,(#4565,#4566)
    ,(#4567,#4568)
    ,(#4569,#4570)
    ,(#4571,#4572)
    ,(#4573,#4574)
    ,(#4575,#4576)
    ,(#4577,#4578)
    ,(#4579,#4580)
    ,(#4581,#4582)
    ,(#4583,#4584)
    ,(#4585,#4586)
    ,(#4587,#4588)
    ,(#4589,#4590)
    ,(#4591,#4592)
    ,(#4593,#4594)
    ,(#4595,#4596)
    ,(#4597,#4598)
    ,(#4599,#4600)
    ,(#4601,#4602)
    ,(#4603,#4604)
    ,(#4605,#4606)
    ,(#4607,#4608)
    ,(#4609,#4610)
    ,(#4611,#4612)
    ,(#4613,#4614)
    ,(#4615,#4616)
    ,(#4617,#4618)
    ,(#4619,#4620)
    ,(#4621,#4622)
    ,(#4623,#4624)
    ,(#4625,#4626)
    ,(#4627,#4628)
    ,(#4629,#4630)
    ,(#4631,#4632)
    ,(#4633,#4634)
    ,(#4635,#4636)
    ,(#4637,#4638)
    ,(#4639,#4640)
    ,(#4641,#4642)
    ,(#4643,#4644)
    ,(#4645,#4646)
    ,(#4647,#4648)
    ,(#4649,#4650)
    ,(#4651,#4652)
    ,(#4653,#4654)
    ,(#4655,#4656)
    ,(#4657,#4658)
    ,(#4659,#4660)
    ,(#4661,#4662)
    ,(#4663,#4664)
    ,(#4665,#4666)
    ,(#4667,#4668)
    ,(#4669,#4670)
    ,(#4671,#4672)
    ,(#4673,#4674)
    ,(#4675,#4676)
    ,(#4677,#4678)
    ,(#4679,#4680)
    ,(#4681,#4682)
    ,(#4683,#4684)
    ,(#4685,#4686)
    ,(#4687,#4688)
    ,(#4689,#4690)
    ,(#4691,#4692)
    ,(#4693,#4694)
    ,(#4695,#4696)
    ,(#4697,#4698)
    ,(#4699,#4700)
    ,(#4701,#4702)
    ,(#4703,#4704)
    ,(#4705,#4706)
    ,(#4707,#4708)
    ,(#4709,#4710)
    ,(#4711,#4712)
    ,(#4713,#4714)
    ,(#4715,#4716)
    ,(#4717,#4718)
    ,(#4719,#4720)
    ,(#4721,#4722)
    ,(#4723,#4724)
    ,(#4725,#4726)
    ,(#4727,#4728)
    ,(#4729,#4730)
    ,(#4731,#4732)
    ,(#4733,#4734)
    ,(#4735,#4736)
    ,(#4737,#4738)
    ,(#4739,#4740)
    ,(#4741,#4742)
    ,(#4743,#4744)
    ,(#4745,#4746)
    ,(#4747,#4748)
    ,(#4749,#4750)
    ,(#4751,#4752)
    ,(#4753,#4754)
    ,(#4755,#4756)
    ,(#4757,#4758)
    ,(#4759,#4760)
    ,(#4761,#4762)
    ,(#4763,#4764)
    ,(#4765,#4766)
    ,(#4767,#4768)
    ,(#4769,#4770)
    ,(#4771,#4772)
    ,(#4773,#4774)
    ,(#4775,#4776)
    ,(#4777,#4778)
    ,(#4779,#4780)
    ,(#4781,#4782)
    ,(#4783,#4784)
    ,(#4785,#4786)
    ,(#4787,#4788)
    ,(#4789,#4790)
    ,(#4791,#4792)
    ,(#4793,#4794)
    ,(#4795,#4796)
    ,(#4797,#4798)
    ,(#4799,#4800)
    ,(#4801,#4802)
    ,(#4803,#4804)
    ,(#4805,#4806)
    ,(#4807,#4808)
    ,(#4809,#4810)
    ,(#4811,#4812)
    ,(#4813,#4814)
    ,(#4815,#4816)
    ,(#4817,#4818)
    ,(#4819,#4820)
    ,(#4821,#4822)
    ,(#4823,#4824)
    ,(#4825,#4826)
    ,(#4827,#4828)
    ,(#4829,#4830)
    ,(#4831,#4832)
    ,(#4833,#4834)
    ,(#4835,#4836)
    ,(#4837,#4838)
    ,(#4839,#4840)
    ,(#4841,#4842
    )),.UNSPECIFIED.,.T.,.F.,.F.,(1,5,1,1,1,1,1,1,1,1,1,1,1,1,1,1,1,1,1,
    1,1,1,1,1,1,1,1,1,1,1,1,1,1,1,1,1,1,1,1,1,1,1,1,1,1,1,1,1,1,1,1,1,1,
    1,1,1,1,1,1,1,1,1,1,1,1,1,1,1,1,1,1,1,1,1,1,1,1,1,1,1,1,1,1,1,1,1,1,
    1,1,1,1,1,1,1,1,1,1,1,1,1,1,1,1,1,1,1,1,1,1,1,1,1,1,1,1,1,1,1,1,1,1,
    1,1,1,1,1,1,1,1,1,1,1,1,1,1,1,1,1,1,1,1,1,1,1,1,1,1,1,1,1,1,1,1,1,1,
    1,1,1,1,1,1,1,1,1,1,1,1,1,1,1,1,1,1,1,1,1,1,1,1,1,1,1,1,1,1,1,1,1,1,
    1,1,1,1,1,1,1,1,1,1,1,1,1,1,1,1,1,1,1,1,1,1,1,1,1,1,1,1,1,1,1,1,1,1,
    1,1,1,1,1,1,1,1,1,1,1,1,1,1,1,1,1,1,1,1,1,1,1,1,1,1,1,1,1,1,1,1,1,1,
    1,1,1,1,1,1,1,1,1,1,1,1,1,1,1,1,1,1,1,1,1,1,1,1,1,1,1,1,1,1,1,1,1,1,
    1,1,1,1,1,1,1,1,1,1,1,1,1,1,1,1,1,1,1,1,1,1,1,1,1,1,1,1,1,1,1,1,1,1,
    1,1,1,1,1,1,1,1,1,1,1,1,1,1,1,1,1,1,1,1,1,1,1,1,1,1,1,1,1,1,1,1,1,1,
    1,1,1,1,1,1,1,1,1,1,1,1,1,1,1,1,1,1,1,1,1,1,1,1,1,1,1,1,1,1,1,1,1,1,
    1,1,1,1,1,1,1,1,1,1,1,1,1,1,1,1,1,1,1,1,1,1,1,1,1,1,1,1,1,1,1,1,1,1,
    1,1,1,1,1,1,1,1,1,1,1,1,1,1,1,1,1,1,1,1,1,1,1,1,1,1,1,1,1,1,1,1,1,1,
    1,1,1,1,1,1,1,1,1,1,1,1,1,1,1,1,1,1,1,1,1,1,1,1,1,1,1,1,1,1,1,1,1,1,
    1,1,1,1,1,1,1,1,1,1,1,1,1,1,1,1,1,1,1,1,1,1,1,1,1,1,1,1,1,1,1,1,1,1,
    1,1,1,1,1,1,1,1,1,1,1,1,1,1,1,1,1,1,1,1,1,1,1,1,1,1,1,1,1,1,1,1,1,1,
    1,1,1,1,1,1,1,1,1,1,1,1,1,1,1,1,1,1,1,1,1,1,1,1,1,1,1,1,1,1,1,1,1,1,
    1,1,1,1,1,1,1,1,1,1,1,1,1,1,1,1,1,1,1,1,1,1,1,1,1,1,1,1,1,1,1,1,1,1,
    1,1,1,1,1,1,1,1,1,1,1,1,1,1,1,1,1,1,1,1,1,1,1,1,1,1,1,1,1,1,1,1,1,1,
    1,1,1,1,1,1,1,1,1,1,1,1,1,1,1,1,1,1,1,1,1,1,1,1,1,1,1,1,1,1,1,1,1,1,
    1,1,1,1,1,1,1,1,1,1,1,1,1,1,1,1,1,1,1,1,1,1,1,1,1,1,1,1,1,1,1,1,1,1,
    1,1,1,1,1,1,1,1,1,1,1,1,1,1,1,1,1,1,1,1,1,1,1,1,1,1,1,1,1,1,1,1,1,1,
    1,1,1,1,1,1,1,1,1,1,1,1,1,1,1,1,1,1,1,1,1,1,1,1,1,1,1,1,1,1,1,1,1,1,
    1,1,1,1,1,1,1,1,1,1,1,1,1,1,1,1,1,1,1,1,1,1,1,1,1,1,1,1,1,1,1,1,1,1,
    1,1,1,1,1,1,1,1,1,1,1,1,1,1,1,1,1,1,1,1,1,1,1,1,1,1,1,1,1,1,1,1,1,1,
    1,1,1,1,1,1,1,1,1,1,1,1,1,1,1,1,1,1,1,1,1,1,1,1,1,1,1,1,1,1,1,1,1,1,
    1,1,1,1,1,1,1,1,1,1,1,1,1,1,1,1,1,1,1,1,1,1,1,1,1,1,1,1,1,1,1,1,1,1,
    1,1,1,1,1,1,1,1,1,1,1,1,1,1,1,1,1,1,1,1,1,1,1,1,1,1,1,1,1,1,1,1,1,1,
    1,1,1,1,1,1,1,1,1,1,1,1,1,1,1,1,1,1,1,1,1,1,1,1,1,1,1,1,1,1,1,1,1,1,
    1,1,1,1,1,1,1,1,1,1,1,1,1,1,1,1,1,1,1,1,1,1,1,1,1,1,1,1,1,1,1,1,1,1,
    1,1,1,1,1,1,1,1,1,1,1,1,1,1,1,1,1,1,1,1,1,1,1,1,1,1,1,1,1,1,1,1,1,1,
    1,1,1,1,1,1,1,1,1,1,1,1,1,1,1,1,1,1,1,1,1,1,1,1,1,1,1,1,1,1,1,1,1,1,
    1,1,1,1,1,1,1,1,1,1,1,1,1,1,1,1,1,1,1,1,1,1,1,1,1,1,1,1,1,1,1,1,1,1,
    1,1,1,1,1,1,1,1,1,1,1,1,1,1,1,1,1,1,1,1,1,1,1,1,1,1,1,1,1,1,1,1,1,1,
    1,1,1,1,1,1,1,1,1,1,1,1,1,1,1,1,1,1,1,1,1,1,1,1,1,1,1,1,1,1,1,1,1,1,
    1,1,1,1,1,1,1,1,1,1,1,1,1,1,1,1,1,1,1,1,1,1,1,1,1,1,1,1,1,1,1,1,1,1,
    1,1,1,1,1,1,1,1,1,1,1,1,1,1,1,1,1,1,1,1,1,1,1,1,1,1,1,1,1,1,1,1,1,1,
    1,1,1,1,1,1,1,1,1,1,1,1,1,1,1,1,1,1,1,1,1,1,1,1,1,1,1,1,1,1,1,1,1,1,
    1,1,1,1,1,1,1,1,1,1,1,1,1,1,1,1,1,1,1,1,1,1,1,1,1,1,1,1,1,1,1,1,1,1,
    1,1,1,1,1,1,1,1,1,1,1,1,1,1,1,1,1,1,1,1,1,1,1,1,1,1,1,1,1,1,1,1,1,1,
    1,1,1,1,1,1,1,1,1,1,1,1,1,1,1,1,1,1,1,1,1,1,1,1,1,1,1,1,1,1,1,1,1,1,
    1,1,1,1,1,1,1,1,1,1,1,1,1,1,1,1,1,1,1,1,1,1,1,1,1,1,1,1,1,1,1,1,1,1,
    1,1,1,1,1,1,1,1,1,1,1,1,1,1,1,1,1,1,1,1,1,1,1,1,1,1,1,1,1,1,1,1,1,1,
    1,1,1,1,1,1,1,1,1,1,1,1,1,1,1,1,1,1,1,1,1,1,1,1,1,1,1,1,1,1,1,1,1,1,
    1,1,1,1,1,1,1,1,1,1,1,1,1,1,1,1,1,1,1,1,1,1,1,1,1,1,1,1,1,1,1,1,1,1,
    1,1,1,1,1,1,1,1,1,1,1,1,1,1,1,1,1,1,1,1,1,1,1,1,1,1,1,1,1,1,1,1,1,1,
    1,1,1,1,1,1,1,1,1,1,1,1,1,1,1,1,1,1,5,1),(2,2),(-6.25000000019E-04,
    0.,6.25E-04,1.25E-03,1.875E-03,2.5E-03,3.125E-03,3.75E-03,4.375E-03,
    5.E-03,5.625E-03,6.25E-03,6.875E-03,7.5E-03,8.125E-03,8.75E-03,
    9.375E-03,1.E-02,1.0625E-02,1.125E-02,1.1875E-02,1.25E-02,1.3125E-02
    ,1.375E-02,1.4375E-02,1.5E-02,1.5625E-02,1.625E-02,1.6875E-02,
    1.75E-02,1.8125E-02,1.875E-02,1.9375E-02,2.E-02,2.0625E-02,2.125E-02
    ,2.1875E-02,2.25E-02,2.3125E-02,2.375E-02,2.4375E-02,2.5E-02,
    2.5625E-02,2.625E-02,2.6875E-02,2.75E-02,2.8125E-02,2.875E-02,
    2.9375E-02,3.E-02,3.0625E-02,3.125E-02,3.1875E-02,3.25E-02,
    3.3125E-02,3.375E-02,3.4375E-02,3.5E-02,3.5625E-02,3.625E-02,
    3.6875E-02,3.75E-02,3.8125E-02,3.875E-02,3.9375E-02,4.E-02,
    4.0625E-02,4.125E-02,4.1875E-02,4.25E-02,4.3125E-02,4.375E-02,
    4.4375E-02,4.5E-02,4.5625E-02,4.625E-02,4.6875E-02,4.75E-02,
    4.8125E-02,4.875E-02,4.9375E-02,5.E-02,5.0625E-02,5.125E-02,
    5.1875E-02,5.25E-02,5.3125E-02,5.375E-02,5.4375E-02,5.5E-02,
    5.5625E-02,5.625E-02,5.6875E-02,5.75E-02,5.8125E-02,5.875E-02,
    5.9375E-02,6.E-02,6.0625E-02,6.125E-02,6.1875E-02,6.25E-02,
    6.3125E-02,6.375E-02,6.4375E-02,6.5E-02,6.5625E-02,6.625E-02,
    6.6875E-02,6.75E-02,6.8125E-02,6.875E-02,6.9375E-02,7.E-02,
    7.0625E-02,7.125E-02,7.1875E-02,7.25E-02,7.3125E-02,7.375E-02,
    7.4375E-02,7.5E-02,7.5625E-02,7.625E-02,7.6875E-02,7.75E-02,
    7.8125E-02,7.875E-02,7.9375E-02,8.E-02,8.0625E-02,8.125E-02,
    8.1875E-02,8.25E-02,8.3125E-02,8.375E-02,8.4375E-02,8.5E-02,
    8.5625E-02,8.625E-02,8.6875E-02,8.75E-02,8.8125E-02,8.875E-02,
    8.9375E-02,9.E-02,9.0625E-02,9.125E-02,9.1875E-02,9.25E-02,
    9.3125E-02,9.375E-02,9.4375E-02,9.5E-02,9.5625E-02,9.625E-02,
    9.6875E-02,9.75E-02,9.8125E-02,9.875E-02,9.9375E-02,0.1,0.100625,
    0.10125,0.101875,0.1025,0.103125,0.10375,0.104375,0.105,0.105625,
    0.10625,0.106875,0.1075,0.108125,0.10875,0.109375,0.11,0.110625,
    0.11125,0.111875,0.1125,0.113125,0.11375,0.114375,0.115,0.115625,
    0.11625,0.116875,0.1175,0.118125,0.11875,0.119375,0.12,0.120625,
    0.12125,0.121875,0.1225,0.123125,0.12375,0.124375,0.125,0.125625,
    0.12625,0.126875,0.1275,0.128125,0.12875,0.129375,0.13,0.130625,
    0.13125,0.131875,0.1325,0.133125,0.13375,0.134375,0.135,0.135625,
    0.13625,0.136875,0.1375,0.138125,0.13875,0.139375,0.14,0.140625,
    0.14125,0.141875,0.1425,0.143125,0.14375,0.144375,0.145,0.145625,
    0.14625,0.146875,0.1475,0.148125,0.14875,0.149375,0.15,0.150625,
    0.15125,0.151875,0.1525,0.153125,0.15375,0.154375,0.155,0.155625,
    0.15625,0.156875,0.1575,0.158125,0.15875,0.159375,0.16,0.160625,
    0.16125,0.161875,0.1625,0.163125,0.16375,0.164375,0.165,0.165625,
    0.16625,0.166875,0.1675,0.168125,0.16875,0.169375,0.17,0.170625,
    0.17125,0.171875,0.1725,0.173125,0.17375,0.174375,0.175,0.175625,
    0.17625,0.176875,0.1775,0.178125,0.17875,0.179375,0.18,0.180625,
    0.18125,0.181875,0.1825,0.183125,0.18375,0.184375,0.185,0.185625,
    0.18625,0.186875,0.1875,0.188125,0.18875,0.189375,0.19,0.190625,
    0.19125,0.191875,0.1925,0.193125,0.19375,0.194375,0.195,0.195625,
    0.19625,0.196875,0.1975,0.198125,0.19875,0.199375,0.2,0.200625,
    0.20125,0.201875,0.2025,0.203125,0.20375,0.204375,0.205,0.205625,
    0.20625,0.206875,0.2075,0.208125,0.20875,0.209375,0.21,0.210625,
    0.21125,0.211875,0.2125,0.213125,0.21375,0.214375,0.215,0.215625,
    0.21625,0.216875,0.2175,0.218125,0.21875,0.219375,0.22,0.220625,
    0.22125,0.221875,0.2225,0.223125,0.22375,0.224375,0.225,0.225625,
    0.22625,0.226875,0.2275,0.228125,0.22875,0.229375,0.23,0.230625,
    0.23125,0.231875,0.2325,0.233125,0.23375,0.234375,0.235,0.235625,
    0.23625,0.236875,0.2375,0.238125,0.23875,0.239375,0.24,0.240625,
    0.24125,0.241875,0.2425,0.243125,0.24375,0.244375,0.245,0.245625,
    0.24625,0.246875,0.2475,0.248125,0.24875,0.249375,0.25,0.250625,
    0.25125,0.251875,0.2525,0.253125,0.25375,0.254375,0.255,0.255625,
    0.25625,0.256875,0.2575,0.258125,0.25875,0.259375,0.26,0.260625,
    0.26125,0.261875,0.2625,0.263125,0.26375,0.264375,0.265,0.265625,
    0.26625,0.266875,0.2675,0.268125,0.26875,0.269375,0.27,0.270625,
    0.27125,0.271875,0.2725,0.273125,0.27375,0.274375,0.275,0.275625,
    0.27625,0.276875,0.2775,0.278125,0.27875,0.279375,0.28,0.280625,
    0.28125,0.281875,0.2825,0.283125,0.28375,0.284375,0.285,0.285625,
    0.28625,0.286875,0.2875,0.288125,0.28875,0.289375,0.29,0.290625,
    0.29125,0.291875,0.2925,0.293125,0.29375,0.294375,0.295,0.295625,
    0.29625,0.296875,0.2975,0.298125,0.29875,0.299375,0.3,0.300625,
    0.30125,0.301875,0.3025,0.303125,0.30375,0.304375,0.305,0.305625,
    0.30625,0.306875,0.3075,0.308125,0.30875,0.309375,0.31,0.310625,
    0.31125,0.311875,0.3125,0.313125,0.31375,0.314375,0.315,0.315625,
    0.31625,0.316875,0.3175,0.318125,0.31875,0.319375,0.32,0.320625,
    0.32125,0.321875,0.3225,0.323125,0.32375,0.324375,0.325,0.325625,
    0.32625,0.326875,0.3275,0.328125,0.32875,0.329375,0.33,0.330625,
    0.33125,0.331875,0.3325,0.333125,0.33375,0.334375,0.335,0.335625,
    0.33625,0.336875,0.3375,0.338125,0.33875,0.339375,0.34,0.340625,
    0.34125,0.341875,0.3425,0.343125,0.34375,0.344375,0.345,0.345625,
    0.34625,0.346875,0.3475,0.348125,0.34875,0.349375,0.35,0.350625,
    0.35125,0.351875,0.3525,0.353125,0.35375,0.354375,0.355,0.355625,
    0.35625,0.356875,0.3575,0.358125,0.35875,0.359375,0.36,0.360625,
    0.36125,0.361875,0.3625,0.363125,0.36375,0.364375,0.365,0.365625,
    0.36625,0.366875,0.3675,0.368125,0.36875,0.369375,0.37,0.370625,
    0.37125,0.371875,0.3725,0.373125,0.37375,0.374375,0.375,0.375625,
    0.37625,0.376875,0.3775,0.378125,0.37875,0.379375,0.38,0.380625,
    0.38125,0.381875,0.3825,0.383125,0.38375,0.384375,0.385,0.385625,
    0.38625,0.386875,0.3875,0.388125,0.38875,0.389375,0.39,0.390625,
    0.39125,0.391875,0.3925,0.393125,0.39375,0.394375,0.395,0.395625,
    0.39625,0.396875,0.3975,0.398125,0.39875,0.399375,0.4,0.400625,
    0.40125,0.401875,0.4025,0.403125,0.40375,0.404375,0.405,0.405625,
    0.40625,0.406875,0.4075,0.408125,0.40875,0.409375,0.41,0.410625,
    0.41125,0.411875,0.4125,0.413125,0.41375,0.414375,0.415,0.415625,
    0.41625,0.416875,0.4175,0.418125,0.41875,0.419375,0.42,0.420625,
    0.42125,0.421875,0.4225,0.423125,0.42375,0.424375,0.425,0.425625,
    0.42625,0.426875,0.4275,0.428125,0.42875,0.429375,0.43,0.430625,
    0.43125,0.431875,0.4325,0.433125,0.43375,0.434375,0.435,0.435625,
    0.43625,0.436875,0.4375,0.438125,0.43875,0.439375,0.44,0.440625,
    0.44125,0.441875,0.4425,0.443125,0.44375,0.444375,0.445,0.445625,
    0.44625,0.446875,0.4475,0.448125,0.44875,0.449375,0.45,0.450625,
    0.45125,0.451875,0.4525,0.453125,0.45375,0.454375,0.455,0.455625,
    0.45625,0.456875,0.4575,0.458125,0.45875,0.459375,0.46,0.460625,
    0.46125,0.461875,0.4625,0.463125,0.46375,0.464375,0.465,0.465625,
    0.46625,0.466875,0.4675,0.468125,0.46875,0.469375,0.47,0.470625,
    0.47125,0.471875,0.4725,0.473125,0.47375,0.474375,0.475,0.475625,
    0.47625,0.476875,0.4775,0.478125,0.47875,0.479375,0.48,0.480625,
    0.48125,0.481875,0.4825,0.483125,0.48375,0.484375,0.485,0.485625,
    0.48625,0.486875,0.4875,0.488125,0.48875,0.489375,0.49,0.490625,
    0.49125,0.491875,0.4925,0.493125,0.49375,0.494375,0.495,0.495625,
    0.49625,0.496875,0.4975,0.498125,0.49875,0.499375,0.5,0.500625,
    0.50125,0.501875,0.5025,0.503125,0.50375,0.504375,0.505,0.505625,
    0.50625,0.506875,0.5075,0.508125,0.50875,0.509375,0.51,0.510625,
    0.51125,0.511875,0.5125,0.513125,0.51375,0.514375,0.515,0.515625,
    0.51625,0.516875,0.5175,0.518125,0.51875,0.519375,0.52,0.520625,
    0.52125,0.521875,0.5225,0.523125,0.52375,0.524375,0.525,0.525625,
    0.52625,0.526875,0.5275,0.528125,0.52875,0.529375,0.53,0.530625,
    0.53125,0.531875,0.5325,0.533125,0.53375,0.534375,0.535,0.535625,
    0.53625,0.536875,0.5375,0.538125,0.53875,0.539375,0.54,0.540625,
    0.54125,0.541875,0.5425,0.543125,0.54375,0.544375,0.545,0.545625,
    0.54625,0.546875,0.5475,0.548125,0.54875,0.549375,0.55,0.550625,
    0.55125,0.551875,0.5525,0.553125,0.55375,0.554375,0.555,0.555625,
    0.55625,0.556875,0.5575,0.558125,0.55875,0.559375,0.56,0.560625,
    0.56125,0.561875,0.5625,0.563125,0.56375,0.564375,0.565,0.565625,
    0.56625,0.566875,0.5675,0.568125,0.56875,0.569375,0.57,0.570625,
    0.57125,0.571875,0.5725,0.573125,0.57375,0.574375,0.575,0.575625,
    0.57625,0.576875,0.5775,0.578125,0.57875,0.579375,0.58,0.580625,
    0.58125,0.581875,0.5825,0.583125,0.58375,0.584375,0.585,0.585625,
    0.58625,0.586875,0.5875,0.588125,0.58875,0.589375,0.59,0.590625,
    0.59125,0.591875,0.5925,0.593125,0.59375,0.594375,0.595,0.595625,
    0.59625,0.596875,0.5975,0.598125,0.59875,0.599375,0.6,0.600625,
    0.60125,0.601875,0.6025,0.603125,0.60375,0.604375,0.605,0.605625,
    0.60625,0.606875,0.6075,0.608125,0.60875,0.609375,0.61,0.610625,
    0.61125,0.611875,0.6125,0.613125,0.61375,0.614375,0.615,0.615625,
    0.61625,0.616875,0.6175,0.618125,0.61875,0.619375,0.62,0.620625,
    0.62125,0.621875,0.6225,0.623125,0.62375,0.624375,0.625,0.625625,
    0.62625,0.626875,0.6275,0.628125,0.62875,0.629375,0.63,0.630625,
    0.63125,0.631875,0.6325,0.633125,0.63375,0.634375,0.635,0.635625,
    0.63625,0.636875,0.6375,0.638125,0.63875,0.639375,0.64,0.640625,
    0.64125,0.641875,0.6425,0.643125,0.64375,0.644375,0.645,0.645625,
    0.64625,0.646875,0.6475,0.648125,0.64875,0.649375,0.65,0.650625,
    0.65125,0.651875,0.6525,0.653125,0.65375,0.654375,0.655,0.655625,
    0.65625,0.656875,0.6575,0.658125,0.65875,0.659375,0.66,0.660625,
    0.66125,0.661875,0.6625,0.663125,0.66375,0.664375,0.665,0.665625,
    0.66625,0.666875,0.6675,0.668125,0.66875,0.669375,0.67,0.670625,
    0.67125,0.671875,0.6725,0.673125,0.67375,0.674375,0.675,0.675625,
    0.67625,0.676875,0.6775,0.678125,0.67875,0.679375,0.68,0.680625,
    0.68125,0.681875,0.6825,0.683125,0.68375,0.684375,0.685,0.685625,
    0.68625,0.686875,0.6875,0.688125,0.68875,0.689375,0.69,0.690625,
    0.69125,0.691875,0.6925,0.693125,0.69375,0.694375,0.695,0.695625,
    0.69625,0.696875,0.6975,0.698125,0.69875,0.699375,0.7,0.700625,
    0.70125,0.701875,0.7025,0.703125,0.70375,0.704375,0.705,0.705625,
    0.70625,0.706875,0.7075,0.708125,0.70875,0.709375,0.71,0.710625,
    0.71125,0.711875,0.7125,0.713125,0.71375,0.714375,0.715,0.715625,
    0.71625,0.716875,0.7175,0.718125,0.71875,0.719375,0.72,0.720625,
    0.72125,0.721875,0.7225,0.723125,0.72375,0.724375,0.725,0.725625,
    0.72625,0.726875,0.7275,0.728125,0.72875,0.729375,0.73,0.730625,
    0.73125,0.731875,0.7325,0.733125,0.73375,0.734375,0.735,0.735625,
    0.73625,0.736875,0.7375,0.738125,0.73875,0.739375,0.74,0.740625,
    0.74125,0.741875,0.7425,0.743125,0.74375,0.744375,0.745,0.745625,
    0.74625,0.746875,0.7475,0.748125,0.74875,0.749375,0.75,0.750625,
    0.75125,0.751875,0.7525,0.753125,0.75375,0.754375,0.755,0.755625,
    0.75625,0.756875,0.7575,0.758125,0.75875,0.759375,0.76,0.760625,
    0.76125,0.761875,0.7625,0.763125,0.76375,0.764375,0.765,0.765625,
    0.76625,0.766875,0.7675,0.768125,0.76875,0.769375,0.77,0.770625,
    0.77125,0.771875,0.7725,0.773125,0.77375,0.774375,0.775,0.775625,
    0.77625,0.776875,0.7775,0.778125,0.77875,0.779375,0.78,0.780625,
    0.78125,0.781875,0.7825,0.783125,0.78375,0.784375,0.785,0.785625,
    0.78625,0.786875,0.7875,0.788125,0.78875,0.789375,0.79,0.790625,
    0.79125,0.791875,0.7925,0.793125,0.79375,0.794375,0.795,0.795625,
    0.79625,0.796875,0.7975,0.798125,0.79875,0.799375,0.8,0.800625,
    0.80125,0.801875,0.8025,0.803125,0.80375,0.804375,0.805,0.805625,
    0.80625,0.806875,0.8075,0.808125,0.80875,0.809375,0.81,0.810625,
    0.81125,0.811875,0.8125,0.813125,0.81375,0.814375,0.815,0.815625,
    0.81625,0.816875,0.8175,0.818125,0.81875,0.819375,0.82,0.820625,
    0.82125,0.821875,0.8225,0.823125,0.82375,0.824375,0.825,0.825625,
    0.82625,0.826875,0.8275,0.828125,0.82875,0.829375,0.83,0.830625,
    0.83125,0.831875,0.8325,0.833125,0.83375,0.834375,0.835,0.835625,
    0.83625,0.836875,0.8375,0.838125,0.83875,0.839375,0.84,0.840625,
    0.84125,0.841875,0.8425,0.843125,0.84375,0.844375,0.845,0.845625,
    0.84625,0.846875,0.8475,0.848125,0.84875,0.849375,0.85,0.850625,
    0.85125,0.851875,0.8525,0.853125,0.85375,0.854375,0.855,0.855625,
    0.85625,0.856875,0.8575,0.858125,0.85875,0.859375,0.86,0.860625,
    0.86125,0.861875,0.8625,0.863125,0.86375,0.864375,0.865,0.865625,
    0.86625,0.866875,0.8675,0.868125,0.86875,0.869375,0.87,0.870625,
    0.87125,0.871875,0.8725,0.873125,0.87375,0.874375,0.875,0.875625,
    0.87625,0.876875,0.8775,0.878125,0.87875,0.879375,0.88,0.880625,
    0.88125,0.881875,0.8825,0.883125,0.88375,0.884375,0.885,0.885625,
    0.88625,0.886875,0.8875,0.888125,0.88875,0.889375,0.89,0.890625,
    0.89125,0.891875,0.8925,0.893125,0.89375,0.894375,0.895,0.895625,
    0.89625,0.896875,0.8975,0.898125,0.89875,0.899375,0.9,0.900625,
    0.90125,0.901875,0.9025,0.903125,0.90375,0.904375,0.905,0.905625,
    0.90625,0.906875,0.9075,0.908125,0.90875,0.909375,0.91,0.910625,
    0.91125,0.911875,0.9125,0.913125,0.91375,0.914375,0.915,0.915625,
    0.91625,0.916875,0.9175,0.918125,0.91875,0.919375,0.92,0.920625,
    0.92125,0.921875,0.9225,0.923125,0.92375,0.924375,0.925,0.925625,
    0.92625,0.926875,0.9275,0.928125,0.92875,0.929375,0.93,0.930625,
    0.93125,0.931875,0.9325,0.933125,0.93375,0.934375,0.935,0.935625,
    0.93625,0.936875,0.9375,0.938125,0.93875,0.939375,0.94,0.940625,
    0.94125,0.941875,0.9425,0.943125,0.94375,0.944375,0.945,0.945625,
    0.94625,0.946875,0.9475,0.948125,0.94875,0.949375,0.95,0.950625,
    0.95125,0.951875,0.9525,0.953125,0.95375,0.954375,0.955,0.955625,
    0.95625,0.956875,0.9575,0.958125,0.95875,0.959375,0.96,0.960625,
    0.96125,0.961875,0.9625,0.963125,0.96375,0.964375,0.965,0.965625,
    0.96625,0.966875,0.9675,0.968125,0.96875,0.969375,0.97,0.970625,
    0.97125,0.971875,0.9725,0.973125,0.97375,0.974375,0.975,0.975625,
    0.97625,0.976875,0.9775,0.978125,0.97875,0.979375,0.98,0.980625,
    0.98125,0.981875,0.9825,0.983125,0.98375,0.984375,0.985,0.985625,
    0.98625,0.986875,0.9875,0.988125,0.98875,0.989375,0.99,0.990625,
    0.99125,0.991875,0.9925,0.993125,0.99375,0.994375,0.995,0.995625,
    0.99625,0.996875,0.9975,0.998125,0.99875,0.999375,1.,1.000625),(0.,
    1.),.UNSPECIFIED.);
#1633 = CARTESIAN_POINT('',(42.5,0.,0.));
#1634 = CARTESIAN_POINT('',(42.5,0.,10.));
#1635 = CARTESIAN_POINT('',(42.500000000296,3.832791655935E-02,0.));
#1636 = CARTESIAN_POINT('',(42.500000000296,3.832791655935E-02,10.));
#1637 = CARTESIAN_POINT('',(42.500688642591,0.114983749727,0.));
#1638 = CARTESIAN_POINT('',(42.500688642591,0.114983749727,10.));
#1639 = CARTESIAN_POINT('',(42.503787519758,0.22994427042,0.));
#1640 = CARTESIAN_POINT('',(42.503787519758,0.22994427042,10.));
#1641 = CARTESIAN_POINT('',(42.512046996572,0.383085589469,0.));
#1642 = CARTESIAN_POINT('',(42.512046996572,0.383085589469,10.));
#1643 = CARTESIAN_POINT('',(42.529223546374,0.574045649506,0.));
#1644 = CARTESIAN_POINT('',(42.529223546374,0.574045649506,10.));
#1645 = CARTESIAN_POINT('',(42.553212847787,0.764300816817,0.));
#1646 = CARTESIAN_POINT('',(42.553212847787,0.764300816817,10.));
#1647 = CARTESIAN_POINT('',(42.583967531298,0.953606777484,0.));
#1648 = CARTESIAN_POINT('',(42.583967531298,0.953606777484,10.));
#1649 = CARTESIAN_POINT('',(42.621436704033,1.141711204095,0.));
#1650 = CARTESIAN_POINT('',(42.621436704033,1.141711204095,10.));
#1651 = CARTESIAN_POINT('',(42.665570318152,1.328351754114,0.));
#1652 = CARTESIAN_POINT('',(42.665570318152,1.328351754114,10.));
#1653 = CARTESIAN_POINT('',(42.71631108355,1.513267561589,0.));
#1654 = CARTESIAN_POINT('',(42.71631108355,1.513267561589,10.));
#1655 = CARTESIAN_POINT('',(42.773586377498,1.696210727499,0.));
#1656 = CARTESIAN_POINT('',(42.773586377498,1.696210727499,10.));
#1657 = CARTESIAN_POINT('',(42.83730015626,1.876957809743,0.));
#1658 = CARTESIAN_POINT('',(42.83730015626,1.876957809743,10.));
#1659 = CARTESIAN_POINT('',(42.907324864392,2.0553213154,0.));
#1660 = CARTESIAN_POINT('',(42.907324864392,2.0553213154,10.));
#1661 = CARTESIAN_POINT('',(42.983493348862,2.2311611864,0.));
#1662 = CARTESIAN_POINT('',(42.983493348862,2.2311611864,10.));
#1663 = CARTESIAN_POINT('',(43.065614301817,2.40436193436,0.));
#1664 = CARTESIAN_POINT('',(43.065614301817,2.40436193436,10.));
#1665 = CARTESIAN_POINT('',(43.153487698952,2.574809781924,0.));
#1666 = CARTESIAN_POINT('',(43.153487698952,2.574809781924,10.));
#1667 = CARTESIAN_POINT('',(43.246920239045,2.742369802309,0.));
#1668 = CARTESIAN_POINT('',(43.246920239045,2.742369802309,10.));
#1669 = CARTESIAN_POINT('',(43.345740784008,2.906863058184,0.));
#1670 = CARTESIAN_POINT('',(43.345740784008,2.906863058184,10.));
#1671 = CARTESIAN_POINT('',(43.449815795899,3.068043744735,0.));
#1672 = CARTESIAN_POINT('',(43.449815795899,3.068043744735,10.));
#1673 = CARTESIAN_POINT('',(43.558999469252,3.225675339481,0.));
#1674 = CARTESIAN_POINT('',(43.558999469252,3.225675339481,10.));
#1675 = CARTESIAN_POINT('',(43.673083869522,3.379606740466,0.));
#1676 = CARTESIAN_POINT('',(43.673083869522,3.379606740466,10.));
#1677 = CARTESIAN_POINT('',(43.791749064712,3.52984842022,0.));
#1678 = CARTESIAN_POINT('',(43.791749064712,3.52984842022,10.));
#1679 = CARTESIAN_POINT('',(43.91451326985,3.676648547388,0.));
#1680 = CARTESIAN_POINT('',(43.91451326985,3.676648547388,10.));
#1681 = CARTESIAN_POINT('',(44.040682956592,3.820569194937,0.));
#1682 = CARTESIAN_POINT('',(44.040682956592,3.820569194937,10.));
#1683 = CARTESIAN_POINT('',(44.169365344243,3.962422676376,0.));
#1684 = CARTESIAN_POINT('',(44.169365344243,3.962422676376,10.));
#1685 = CARTESIAN_POINT('',(44.299480952829,4.103207790178,0.));
#1686 = CARTESIAN_POINT('',(44.299480952829,4.103207790178,10.));
#1687 = CARTESIAN_POINT('',(44.429776086244,4.244046109451,0.));
#1688 = CARTESIAN_POINT('',(44.429776086244,4.244046109451,10.));
#1689 = CARTESIAN_POINT('',(44.558835451476,4.386118228221,0.));
#1690 = CARTESIAN_POINT('',(44.558835451476,4.386118228221,10.));
#1691 = CARTESIAN_POINT('',(44.685094424939,4.53060009341,0.));
#1692 = CARTESIAN_POINT('',(44.685094424939,4.53060009341,10.));
#1693 = CARTESIAN_POINT('',(44.806969425467,4.678574161782,0.));
#1694 = CARTESIAN_POINT('',(44.806969425467,4.678574161782,10.));
#1695 = CARTESIAN_POINT('',(44.922988586459,4.830940521825,0.));
#1696 = CARTESIAN_POINT('',(44.922988586459,4.830940521825,10.));
#1697 = CARTESIAN_POINT('',(45.031922404953,4.988327954984,0.));
#1698 = CARTESIAN_POINT('',(45.031922404953,4.988327954984,10.));
#1699 = CARTESIAN_POINT('',(45.13291419953,5.151005190419,0.));
#1700 = CARTESIAN_POINT('',(45.13291419953,5.151005190419,10.));
#1701 = CARTESIAN_POINT('',(45.225611207445,5.318791610654,0.));
#1702 = CARTESIAN_POINT('',(45.225611207445,5.318791610654,10.));
#1703 = CARTESIAN_POINT('',(45.310032814785,5.491187635967,0.));
#1704 = CARTESIAN_POINT('',(45.310032814785,5.491187635967,10.));
#1705 = CARTESIAN_POINT('',(45.386438126495,5.667505656033,0.));
#1706 = CARTESIAN_POINT('',(45.386438126495,5.667505656033,10.));
#1707 = CARTESIAN_POINT('',(45.455193765876,5.847000774927,0.));
#1708 = CARTESIAN_POINT('',(45.455193765876,5.847000774927,10.));
#1709 = CARTESIAN_POINT('',(45.516641614073,6.029001596546,0.));
#1710 = CARTESIAN_POINT('',(45.516641614073,6.029001596546,10.));
#1711 = CARTESIAN_POINT('',(45.570966473695,6.213041098806,0.));
#1712 = CARTESIAN_POINT('',(45.570966473695,6.213041098806,10.));
#1713 = CARTESIAN_POINT('',(45.618239266258,6.398804460723,0.));
#1714 = CARTESIAN_POINT('',(45.618239266258,6.398804460723,10.));
#1715 = CARTESIAN_POINT('',(45.658460358969,6.586076756465,0.));
#1716 = CARTESIAN_POINT('',(45.658460358969,6.586076756465,10.));
#1717 = CARTESIAN_POINT('',(45.691602842898,6.774690699377,0.));
#1718 = CARTESIAN_POINT('',(45.691602842898,6.774690699377,10.));
#1719 = CARTESIAN_POINT('',(45.717655831582,6.964474365075,0.));
#1720 = CARTESIAN_POINT('',(45.717655831582,6.964474365075,10.));
#1721 = CARTESIAN_POINT('',(45.736667751075,7.155198923314,0.));
#1722 = CARTESIAN_POINT('',(45.736667751075,7.155198923314,10.));
#1723 = CARTESIAN_POINT('',(45.748727767069,7.346595915153,0.));
#1724 = CARTESIAN_POINT('',(45.748727767069,7.346595915153,10.));
#1725 = CARTESIAN_POINT('',(45.753947209957,7.538374532235,0.));
#1726 = CARTESIAN_POINT('',(45.753947209957,7.538374532235,10.));
#1727 = CARTESIAN_POINT('',(45.752441001233,7.730238894778,0.));
#1728 = CARTESIAN_POINT('',(45.752441001233,7.730238894778,10.));
#1729 = CARTESIAN_POINT('',(45.744309078393,7.921905330853,0.));
#1730 = CARTESIAN_POINT('',(45.744309078393,7.921905330853,10.));
#1731 = CARTESIAN_POINT('',(45.729617823109,8.113119653017,0.));
#1732 = CARTESIAN_POINT('',(45.729617823109,8.113119653017,10.));
#1733 = CARTESIAN_POINT('',(45.708409818521,8.30365186553,0.));
#1734 = CARTESIAN_POINT('',(45.708409818521,8.30365186553,10.));
#1735 = CARTESIAN_POINT('',(45.680713603335,8.493290874117,0.));
#1736 = CARTESIAN_POINT('',(45.680713603335,8.493290874117,10.));
#1737 = CARTESIAN_POINT('',(45.646553427066,8.68183919485,0.));
#1738 = CARTESIAN_POINT('',(45.646553427066,8.68183919485,10.));
#1739 = CARTESIAN_POINT('',(45.605959004776,8.869107663423,0.));
#1740 = CARTESIAN_POINT('',(45.605959004776,8.869107663423,10.));
#1741 = CARTESIAN_POINT('',(45.558975272044,9.054910144324,0.));
#1742 = CARTESIAN_POINT('',(45.558975272044,9.054910144324,10.));
#1743 = CARTESIAN_POINT('',(45.505655397624,9.239054908647,0.));
#1744 = CARTESIAN_POINT('',(45.505655397624,9.239054908647,10.));
#1745 = CARTESIAN_POINT('',(45.446053796296,9.421336012097,0.));
#1746 = CARTESIAN_POINT('',(45.446053796296,9.421336012097,10.));
#1747 = CARTESIAN_POINT('',(45.380219141394,9.601524672441,0.));
#1748 = CARTESIAN_POINT('',(45.380219141394,9.601524672441,10.));
#1749 = CARTESIAN_POINT('',(45.308187378049,9.779360648189,0.));
#1750 = CARTESIAN_POINT('',(45.308187378049,9.779360648189,10.));
#1751 = CARTESIAN_POINT('',(45.229974734472,9.954543613745,0.));
#1752 = CARTESIAN_POINT('',(45.229974734472,9.954543613745,10.));
#1753 = CARTESIAN_POINT('',(45.145588267925,10.126756229259,0.));
#1754 = CARTESIAN_POINT('',(45.145588267925,10.126756229259,10.));
#1755 = CARTESIAN_POINT('',(45.055036412706,10.295687214164,0.));
#1756 = CARTESIAN_POINT('',(45.055036412706,10.295687214164,10.));
#1757 = CARTESIAN_POINT('',(44.958339527227,10.461054418961,0.));
#1758 = CARTESIAN_POINT('',(44.958339527227,10.461054418961,10.));
#1759 = CARTESIAN_POINT('',(44.855540441853,10.622627898701,0.));
#1760 = CARTESIAN_POINT('',(44.855540441853,10.622627898701,10.));
#1761 = CARTESIAN_POINT('',(44.746715005626,10.780252983707,0.));
#1762 = CARTESIAN_POINT('',(44.746715005626,10.780252983707,10.));
#1763 = CARTESIAN_POINT('',(44.631952094418,10.933785422539,0.));
#1764 = CARTESIAN_POINT('',(44.631952094418,10.933785422539,10.));
#1765 = CARTESIAN_POINT('',(44.511333614546,11.083026513588,0.));
#1766 = CARTESIAN_POINT('',(44.511333614546,11.083026513588,10.));
#1767 = CARTESIAN_POINT('',(44.384914517245,11.227658263842,0.));
#1768 = CARTESIAN_POINT('',(44.384914517245,11.227658263842,10.));
#1769 = CARTESIAN_POINT('',(44.252702787353,11.367178482829,0.));
#1770 = CARTESIAN_POINT('',(44.252702787353,11.367178482829,10.));
#1771 = CARTESIAN_POINT('',(44.114639500622,11.500836049113,0.));
#1772 = CARTESIAN_POINT('',(44.114639500622,11.500836049113,10.));
#1773 = CARTESIAN_POINT('',(43.970671002461,11.62780246616,0.));
#1774 = CARTESIAN_POINT('',(43.970671002461,11.62780246616,10.));
#1775 = CARTESIAN_POINT('',(43.820821050491,11.747343307026,0.));
#1776 = CARTESIAN_POINT('',(43.820821050491,11.747343307026,10.));
#1777 = CARTESIAN_POINT('',(43.665262917158,11.858989598763,0.));
#1778 = CARTESIAN_POINT('',(43.665262917158,11.858989598763,10.));
#1779 = CARTESIAN_POINT('',(43.504391632923,11.962709467114,0.));
#1780 = CARTESIAN_POINT('',(43.504391632923,11.962709467114,10.));
#1781 = CARTESIAN_POINT('',(43.338895828931,12.059079022826,0.));
#1782 = CARTESIAN_POINT('',(43.338895828931,12.059079022826,10.));
#1783 = CARTESIAN_POINT('',(43.16967079124,12.149149695197,0.));
#1784 = CARTESIAN_POINT('',(43.16967079124,12.149149695197,10.));
#1785 = CARTESIAN_POINT('',(42.997731895569,12.23431631773,0.));
#1786 = CARTESIAN_POINT('',(42.997731895569,12.23431631773,10.));
#1787 = CARTESIAN_POINT('',(42.824127939453,12.316184961769,0.));
#1788 = CARTESIAN_POINT('',(42.824127939453,12.316184961769,10.));
#1789 = CARTESIAN_POINT('',(42.649854429888,12.396440817362,0.));
#1790 = CARTESIAN_POINT('',(42.649854429888,12.396440817362,10.));
#1791 = CARTESIAN_POINT('',(42.475767133964,12.476716221017,0.));
#1792 = CARTESIAN_POINT('',(42.475767133964,12.476716221017,10.));
#1793 = CARTESIAN_POINT('',(42.302595110437,12.558527140021,0.));
#1794 = CARTESIAN_POINT('',(42.302595110437,12.558527140021,10.));
#1795 = CARTESIAN_POINT('',(42.130953448007,12.643209442506,0.));
#1796 = CARTESIAN_POINT('',(42.130953448007,12.643209442506,10.));
#1797 = CARTESIAN_POINT('',(41.961356112733,12.731855259686,0.));
#1798 = CARTESIAN_POINT('',(41.961356112733,12.731855259686,10.));
#1799 = CARTESIAN_POINT('',(41.79422874815,12.825249279515,0.));
#1800 = CARTESIAN_POINT('',(41.79422874815,12.825249279515,10.));
#1801 = CARTESIAN_POINT('',(41.629921497594,12.923805148931,0.));
#1802 = CARTESIAN_POINT('',(41.629921497594,12.923805148931,10.));
#1803 = CARTESIAN_POINT('',(41.468725933225,13.027654973807,0.));
#1804 = CARTESIAN_POINT('',(41.468725933225,13.027654973807,10.));
#1805 = CARTESIAN_POINT('',(41.310891985958,13.136738725569,0.));
#1806 = CARTESIAN_POINT('',(41.310891985958,13.136738725569,10.));
#1807 = CARTESIAN_POINT('',(41.156644874903,13.250893682607,0.));
#1808 = CARTESIAN_POINT('',(41.156644874903,13.250893682607,10.));
#1809 = CARTESIAN_POINT('',(41.006202036534,13.369943854495,0.));
#1810 = CARTESIAN_POINT('',(41.006202036534,13.369943854495,10.));
#1811 = CARTESIAN_POINT('',(40.859790055054,13.493789419305,0.));
#1812 = CARTESIAN_POINT('',(40.859790055054,13.493789419305,10.));
#1813 = CARTESIAN_POINT('',(40.717639148128,13.622379698095,0.));
#1814 = CARTESIAN_POINT('',(40.717639148128,13.622379698095,10.));
#1815 = CARTESIAN_POINT('',(40.579977651391,13.755686124369,0.));
#1816 = CARTESIAN_POINT('',(40.579977651391,13.755686124369,10.));
#1817 = CARTESIAN_POINT('',(40.447026503191,13.893675214355,0.));
#1818 = CARTESIAN_POINT('',(40.447026503191,13.893675214355,10.));
#1819 = CARTESIAN_POINT('',(40.318993729727,14.036281539376,0.));
#1820 = CARTESIAN_POINT('',(40.318993729727,14.036281539376,10.));
#1821 = CARTESIAN_POINT('',(40.196068928571,14.183380690541,0.));
#1822 = CARTESIAN_POINT('',(40.196068928571,14.183380690541,10.));
#1823 = CARTESIAN_POINT('',(40.078426342953,14.334802985519,0.));
#1824 = CARTESIAN_POINT('',(40.078426342953,14.334802985519,10.));
#1825 = CARTESIAN_POINT('',(39.966227937662,14.490347183104,0.));
#1826 = CARTESIAN_POINT('',(39.966227937662,14.490347183104,10.));
#1827 = CARTESIAN_POINT('',(39.859626474425,14.649794195105,0.));
#1828 = CARTESIAN_POINT('',(39.859626474425,14.649794195105,10.));
#1829 = CARTESIAN_POINT('',(39.75876858722,14.812920798602,0.));
#1830 = CARTESIAN_POINT('',(39.75876858722,14.812920798602,10.));
#1831 = CARTESIAN_POINT('',(39.663797858312,14.979513349975,0.));
#1832 = CARTESIAN_POINT('',(39.663797858312,14.979513349975,10.));
#1833 = CARTESIAN_POINT('',(39.574851542287,15.149364260304,0.));
#1834 = CARTESIAN_POINT('',(39.574851542287,15.149364260304,10.));
#1835 = CARTESIAN_POINT('',(39.492057289179,15.322268468357,0.));
#1836 = CARTESIAN_POINT('',(39.492057289179,15.322268468357,10.));
#1837 = CARTESIAN_POINT('',(39.415529867922,15.498019914493,0.));
#1838 = CARTESIAN_POINT('',(39.415529867922,15.498019914493,10.));
#1839 = CARTESIAN_POINT('',(39.345367889623,15.676408014176,0.));
#1840 = CARTESIAN_POINT('',(39.345367889623,15.676408014176,10.));
#1841 = CARTESIAN_POINT('',(39.281650530894,15.857214131637,0.));
#1842 = CARTESIAN_POINT('',(39.281650530894,15.857214131637,10.));
#1843 = CARTESIAN_POINT('',(39.224442344058,16.040211404321,0.));
#1844 = CARTESIAN_POINT('',(39.224442344058,16.040211404321,10.));
#1845 = CARTESIAN_POINT('',(39.1737980675,16.225164567277,0.));
#1846 = CARTESIAN_POINT('',(39.1737980675,16.225164567277,10.));
#1847 = CARTESIAN_POINT('',(39.129767435623,16.411829777688,0.));
#1848 = CARTESIAN_POINT('',(39.129767435623,16.411829777688,10.));
#1849 = CARTESIAN_POINT('',(39.092399989668,16.599954438987,0.));
#1850 = CARTESIAN_POINT('',(39.092399989668,16.599954438987,10.));
#1851 = CARTESIAN_POINT('',(39.061749886203,16.789277026044,0.));
#1852 = CARTESIAN_POINT('',(39.061749886203,16.789277026044,10.));
#1853 = CARTESIAN_POINT('',(39.037864024892,16.979534606061,0.));
#1854 = CARTESIAN_POINT('',(39.037864024892,16.979534606061,10.));
#1855 = CARTESIAN_POINT('',(39.020770178041,17.17047035874,0.));
#1856 = CARTESIAN_POINT('',(39.020770178041,17.17047035874,10.));
#1857 = CARTESIAN_POINT('',(39.01046512035,17.361841096129,0.));
#1858 = CARTESIAN_POINT('',(39.01046512035,17.361841096129,10.));
#1859 = CARTESIAN_POINT('',(39.006902756411,17.553424784011,0.));
#1860 = CARTESIAN_POINT('',(39.006902756411,17.553424784011,10.));
#1861 = CARTESIAN_POINT('',(39.009982254854,17.745028058902,0.));
#1862 = CARTESIAN_POINT('',(39.009982254854,17.745028058902,10.));
#1863 = CARTESIAN_POINT('',(39.019571065762,17.936471013103,0.));
#1864 = CARTESIAN_POINT('',(39.019571065762,17.936471013103,10.));
#1865 = CARTESIAN_POINT('',(39.035527931483,18.127571984058,0.));
#1866 = CARTESIAN_POINT('',(39.035527931483,18.127571984058,10.));
#1867 = CARTESIAN_POINT('',(39.057725899217,18.318132342497,0.));
#1868 = CARTESIAN_POINT('',(39.057725899217,18.318132342497,10.));
#1869 = CARTESIAN_POINT('',(39.08607533434,18.507921280172,0.));
#1870 = CARTESIAN_POINT('',(39.08607533434,18.507921280172,10.));
#1871 = CARTESIAN_POINT('',(39.120546929312,18.696660600288,0.));
#1872 = CARTESIAN_POINT('',(39.120546929312,18.696660600288,10.));
#1873 = CARTESIAN_POINT('',(39.16109649068,18.884075987228,0.));
#1874 = CARTESIAN_POINT('',(39.16109649068,18.884075987228,10.));
#1875 = CARTESIAN_POINT('',(39.20758973619,19.069948267883,0.));
#1876 = CARTESIAN_POINT('',(39.20758973619,19.069948267883,10.));
#1877 = CARTESIAN_POINT('',(39.259727079557,19.254164684933,0.));
#1878 = CARTESIAN_POINT('',(39.259727079557,19.254164684933,10.));
#1879 = CARTESIAN_POINT('',(39.316968439474,19.436770145185,0.));
#1880 = CARTESIAN_POINT('',(39.316968439474,19.436770145185,10.));
#1881 = CARTESIAN_POINT('',(39.378457983287,19.618018534543,0.));
#1882 = CARTESIAN_POINT('',(39.378457983287,19.618018534543,10.));
#1883 = CARTESIAN_POINT('',(39.443060030261,19.798318680451,0.));
#1884 = CARTESIAN_POINT('',(39.443060030261,19.798318680451,10.));
#1885 = CARTESIAN_POINT('',(39.509395047317,19.978180253275,0.));
#1886 = CARTESIAN_POINT('',(39.509395047317,19.978180253275,10.));
#1887 = CARTESIAN_POINT('',(39.575875562837,20.158159682722,0.));
#1888 = CARTESIAN_POINT('',(39.575875562837,20.158159682722,10.));
#1889 = CARTESIAN_POINT('',(39.6407422228,20.338806086261,0.));
#1890 = CARTESIAN_POINT('',(39.6407422228,20.338806086261,10.));
#1891 = CARTESIAN_POINT('',(39.702099488093,20.520607141661,0.));
#1892 = CARTESIAN_POINT('',(39.702099488093,20.520607141661,10.));
#1893 = CARTESIAN_POINT('',(39.75807008222,20.703956898294,0.));
#1894 = CARTESIAN_POINT('',(39.75807008222,20.703956898294,10.));
#1895 = CARTESIAN_POINT('',(39.806949728802,20.889123670529,0.));
#1896 = CARTESIAN_POINT('',(39.806949728802,20.889123670529,10.));
#1897 = CARTESIAN_POINT('',(39.847361890974,21.076217866259,0.));
#1898 = CARTESIAN_POINT('',(39.847361890974,21.076217866259,10.));
#1899 = CARTESIAN_POINT('',(39.878412260111,21.265159921071,0.));
#1900 = CARTESIAN_POINT('',(39.878412260111,21.265159921071,10.));
#1901 = CARTESIAN_POINT('',(39.899844045249,21.455647969717,0.));
#1902 = CARTESIAN_POINT('',(39.899844045249,21.455647969717,10.));
#1903 = CARTESIAN_POINT('',(39.911866337679,21.647227879452,0.));
#1904 = CARTESIAN_POINT('',(39.911866337679,21.647227879452,10.));
#1905 = CARTESIAN_POINT('',(39.914981656238,21.839363536341,0.));
#1906 = CARTESIAN_POINT('',(39.914981656238,21.839363536341,10.));
#1907 = CARTESIAN_POINT('',(39.909813776015,22.031507046948,0.));
#1908 = CARTESIAN_POINT('',(39.909813776015,22.031507046948,10.));
#1909 = CARTESIAN_POINT('',(39.896935486169,22.223168954405,0.));
#1910 = CARTESIAN_POINT('',(39.896935486169,22.223168954405,10.));
#1911 = CARTESIAN_POINT('',(39.876696243665,22.41398850746,0.));
#1912 = CARTESIAN_POINT('',(39.876696243665,22.41398850746,10.));
#1913 = CARTESIAN_POINT('',(39.849282048213,22.603701989941,0.));
#1914 = CARTESIAN_POINT('',(39.849282048213,22.603701989941,10.));
#1915 = CARTESIAN_POINT('',(39.814775487623,22.792110976794,0.));
#1916 = CARTESIAN_POINT('',(39.814775487623,22.792110976794,10.));
#1917 = CARTESIAN_POINT('',(39.773215719116,22.979050617701,0.));
#1918 = CARTESIAN_POINT('',(39.773215719116,22.979050617701,10.));
#1919 = CARTESIAN_POINT('',(39.724658477526,23.164357909176,0.));
#1920 = CARTESIAN_POINT('',(39.724658477526,23.164357909176,10.));
#1921 = CARTESIAN_POINT('',(39.669236072234,23.347839971486,0.));
#1922 = CARTESIAN_POINT('',(39.669236072234,23.347839971486,10.));
#1923 = CARTESIAN_POINT('',(39.607133616392,23.529282903146,0.));
#1924 = CARTESIAN_POINT('',(39.607133616392,23.529282903146,10.));
#1925 = CARTESIAN_POINT('',(39.538565253408,23.708460636562,0.));
#1926 = CARTESIAN_POINT('',(39.538565253408,23.708460636562,10.));
#1927 = CARTESIAN_POINT('',(39.463750385191,23.885143793011,0.));
#1928 = CARTESIAN_POINT('',(39.463750385191,23.885143793011,10.));
#1929 = CARTESIAN_POINT('',(39.382889898494,24.059108538227,0.));
#1930 = CARTESIAN_POINT('',(39.382889898494,24.059108538227,10.));
#1931 = CARTESIAN_POINT('',(39.296142395309,24.230145436801,0.));
#1932 = CARTESIAN_POINT('',(39.296142395309,24.230145436801,10.));
#1933 = CARTESIAN_POINT('',(39.203635232884,24.398058296236,0.));
#1934 = CARTESIAN_POINT('',(39.203635232884,24.398058296236,10.));
#1935 = CARTESIAN_POINT('',(39.105475559827,24.562663012144,0.));
#1936 = CARTESIAN_POINT('',(39.105475559827,24.562663012144,10.));
#1937 = CARTESIAN_POINT('',(39.0017613536,24.723786413052,0.));
#1938 = CARTESIAN_POINT('',(39.0017613536,24.723786413052,10.));
#1939 = CARTESIAN_POINT('',(38.892592457383,24.881265105393,0.));
#1940 = CARTESIAN_POINT('',(38.892592457383,24.881265105393,10.));
#1941 = CARTESIAN_POINT('',(38.778081617217,25.034944318479,0.));
#1942 = CARTESIAN_POINT('',(38.778081617217,25.034944318479,10.));
#1943 = CARTESIAN_POINT('',(38.658351326102,25.1846672647,0.));
#1944 = CARTESIAN_POINT('',(38.658351326102,25.1846672647,10.));
#1945 = CARTESIAN_POINT('',(38.533530668207,25.330264499972,0.));
#1946 = CARTESIAN_POINT('',(38.533530668207,25.330264499972,10.));
#1947 = CARTESIAN_POINT('',(38.403752163,25.471543283549,0.));
#1948 = CARTESIAN_POINT('',(38.403752163,25.471543283549,10.));
#1949 = CARTESIAN_POINT('',(38.269148609557,25.608276939251,0.));
#1950 = CARTESIAN_POINT('',(38.269148609557,25.608276939251,10.));
#1951 = CARTESIAN_POINT('',(38.12984993042,25.740194212675,0.));
#1952 = CARTESIAN_POINT('',(38.12984993042,25.740194212675,10.));
#1953 = CARTESIAN_POINT('',(37.985984086354,25.867004620724,0.));
#1954 = CARTESIAN_POINT('',(37.985984086354,25.867004620724,10.));
#1955 = CARTESIAN_POINT('',(37.837677991551,25.988423805323,0.));
#1956 = CARTESIAN_POINT('',(37.837677991551,25.988423805323,10.));
#1957 = CARTESIAN_POINT('',(37.68505842867,26.104198885149,0.));
#1958 = CARTESIAN_POINT('',(37.68505842867,26.104198885149,10.));
#1959 = CARTESIAN_POINT('',(37.528252963928,26.214133809242,0.));
#1960 = CARTESIAN_POINT('',(37.528252963928,26.214133809242,10.));
#1961 = CARTESIAN_POINT('',(37.367390862225,26.318114707626,0.));
#1962 = CARTESIAN_POINT('',(37.367390862225,26.318114707626,10.));
#1963 = CARTESIAN_POINT('',(37.202609436798,26.41604232067,0.));
#1964 = CARTESIAN_POINT('',(37.202609436798,26.41604232067,10.));
#1965 = CARTESIAN_POINT('',(37.034060399027,26.507764416215,0.));
#1966 = CARTESIAN_POINT('',(37.034060399027,26.507764416215,10.));
#1967 = CARTESIAN_POINT('',(36.861916207894,26.593008235955,0.));
#1968 = CARTESIAN_POINT('',(36.861916207894,26.593008235955,10.));
#1969 = CARTESIAN_POINT('',(36.6863764204,26.671312872055,0.));
#1970 = CARTESIAN_POINT('',(36.6863764204,26.671312872055,10.));
#1971 = CARTESIAN_POINT('',(36.507674039371,26.74196182946,0.));
#1972 = CARTESIAN_POINT('',(36.507674039371,26.74196182946,10.));
#1973 = CARTESIAN_POINT('',(36.326076546323,26.804169144457,0.));
#1974 = CARTESIAN_POINT('',(36.326076546323,26.804169144457,10.));
#1975 = CARTESIAN_POINT('',(36.14188694346,26.857265386672,0.));
#1976 = CARTESIAN_POINT('',(36.14188694346,26.857265386672,10.));
#1977 = CARTESIAN_POINT('',(35.955444781827,26.900883590093,0.));
#1978 = CARTESIAN_POINT('',(35.955444781827,26.900883590093,10.));
#1979 = CARTESIAN_POINT('',(35.76712721973,26.935145478358,0.));
#1980 = CARTESIAN_POINT('',(35.76712721973,26.935145478358,10.));
#1981 = CARTESIAN_POINT('',(35.577350001352,26.960846836124,0.));
#1982 = CARTESIAN_POINT('',(35.577350001352,26.960846836124,10.));
#1983 = CARTESIAN_POINT('',(35.386537898583,26.979301668542,0.));
#1984 = CARTESIAN_POINT('',(35.386537898583,26.979301668542,10.));
#1985 = CARTESIAN_POINT('',(35.195095216595,26.992187201201,0.));
#1986 = CARTESIAN_POINT('',(35.195095216595,26.992187201201,10.));
#1987 = CARTESIAN_POINT('',(35.00337630107,27.001388607984,0.));
#1988 = CARTESIAN_POINT('',(35.00337630107,27.001388607984,10.));
#1989 = CARTESIAN_POINT('',(34.811655986235,27.008843765518,0.));
#1990 = CARTESIAN_POINT('',(34.811655986235,27.008843765518,10.));
#1991 = CARTESIAN_POINT('',(34.620100229653,27.016388243983,0.));
#1992 = CARTESIAN_POINT('',(34.620100229653,27.016388243983,10.));
#1993 = CARTESIAN_POINT('',(34.428802458225,27.025701613234,0.));
#1994 = CARTESIAN_POINT('',(34.428802458225,27.025701613234,10.));
#1995 = CARTESIAN_POINT('',(34.237819725206,27.038253438751,0.));
#1996 = CARTESIAN_POINT('',(34.237819725206,27.038253438751,10.));
#1997 = CARTESIAN_POINT('',(34.047208932797,27.055249404504,0.));
#1998 = CARTESIAN_POINT('',(34.047208932797,27.055249404504,10.));
#1999 = CARTESIAN_POINT('',(33.857063037267,27.077577354363,0.));
#2000 = CARTESIAN_POINT('',(33.857063037267,27.077577354363,10.));
#2001 = CARTESIAN_POINT('',(33.667547233048,27.10575344232,0.));
#2002 = CARTESIAN_POINT('',(33.667547233048,27.10575344232,10.));
#2003 = CARTESIAN_POINT('',(33.478880342961,27.140011298122,0.));
#2004 = CARTESIAN_POINT('',(33.478880342961,27.140011298122,10.));
#2005 = CARTESIAN_POINT('',(33.291316245005,27.180391107021,0.));
#2006 = CARTESIAN_POINT('',(33.291316245005,27.180391107021,10.));
#2007 = CARTESIAN_POINT('',(33.105125285371,27.226828721473,0.));
#2008 = CARTESIAN_POINT('',(33.105125285371,27.226828721473,10.));
#2009 = CARTESIAN_POINT('',(32.920575697787,27.27924475686,0.));
#2010 = CARTESIAN_POINT('',(32.920575697787,27.27924475686,10.));
#2011 = CARTESIAN_POINT('',(32.737915018959,27.337633699769,0.));
#2012 = CARTESIAN_POINT('',(32.737915018959,27.337633699769,10.));
#2013 = CARTESIAN_POINT('',(32.557375336266,27.402036829447,0.));
#2014 = CARTESIAN_POINT('',(32.557375336266,27.402036829447,10.));
#2015 = CARTESIAN_POINT('',(32.379178536253,27.472515134158,0.));
#2016 = CARTESIAN_POINT('',(32.379178536253,27.472515134158,10.));
#2017 = CARTESIAN_POINT('',(32.203541553022,27.549122228375,0.));
#2018 = CARTESIAN_POINT('',(32.203541553022,27.549122228375,10.));
#2019 = CARTESIAN_POINT('',(32.030681616191,27.631877272063,0.));
#2020 = CARTESIAN_POINT('',(32.030681616191,27.631877272063,10.));
#2021 = CARTESIAN_POINT('',(31.860821500299,27.720737882245,0.));
#2022 = CARTESIAN_POINT('',(31.860821500299,27.720737882245,10.));
#2023 = CARTESIAN_POINT('',(31.694187119716,27.815613972884,0.));
#2024 = CARTESIAN_POINT('',(31.694187119716,27.815613972884,10.));
#2025 = CARTESIAN_POINT('',(31.531005122071,27.916381602592,0.));
#2026 = CARTESIAN_POINT('',(31.531005122071,27.916381602592,10.));
#2027 = CARTESIAN_POINT('',(31.371500482219,28.022896819653,0.));
#2028 = CARTESIAN_POINT('',(31.371500482219,28.022896819653,10.));
#2029 = CARTESIAN_POINT('',(31.215894096002,28.135009507376,0.));
#2030 = CARTESIAN_POINT('',(31.215894096002,28.135009507376,10.));
#2031 = CARTESIAN_POINT('',(31.064400374011,28.252577231346,0.));
#2032 = CARTESIAN_POINT('',(31.064400374011,28.252577231346,10.));
#2033 = CARTESIAN_POINT('',(30.917225563789,28.375460729464,0.));
#2034 = CARTESIAN_POINT('',(30.917225563789,28.375460729464,10.));
#2035 = CARTESIAN_POINT('',(30.774566072124,28.503519399409,0.));
#2036 = CARTESIAN_POINT('',(30.774566072124,28.503519399409,10.));
#2037 = CARTESIAN_POINT('',(30.636606787297,28.636606787067,0.));
#2038 = CARTESIAN_POINT('',(30.636606787297,28.636606787067,10.));
#2039 = CARTESIAN_POINT('',(30.503519401305,28.774566074532,0.));
#2040 = CARTESIAN_POINT('',(30.503519401305,28.774566074532,10.));
#2041 = CARTESIAN_POINT('',(30.375460732087,28.917225568268,0.));
#2042 = CARTESIAN_POINT('',(30.375460732087,28.917225568268,10.));
#2043 = CARTESIAN_POINT('',(30.252577234754,29.064400377709,0.));
#2044 = CARTESIAN_POINT('',(30.252577234754,29.064400377709,10.));
#2045 = CARTESIAN_POINT('',(30.135009512977,29.215894093853,0.));
#2046 = CARTESIAN_POINT('',(30.135009512977,29.215894093853,10.));
#2047 = CARTESIAN_POINT('',(30.022896829959,29.371500467847,0.));
#2048 = CARTESIAN_POINT('',(30.022896829959,29.371500467847,10.));
#2049 = CARTESIAN_POINT('',(29.916381620361,29.531005089504,0.));
#2050 = CARTESIAN_POINT('',(29.916381620361,29.531005089504,10.));
#2051 = CARTESIAN_POINT('',(29.81561399966,29.694187065929,0.));
#2052 = CARTESIAN_POINT('',(29.81561399966,29.694187065929,10.));
#2053 = CARTESIAN_POINT('',(29.720737917523,29.860821426621,0.));
#2054 = CARTESIAN_POINT('',(29.720737917523,29.860821426621,10.));
#2055 = CARTESIAN_POINT('',(29.631877313089,30.03068152856,0.));
#2056 = CARTESIAN_POINT('',(29.631877313089,30.03068152856,10.));
#2057 = CARTESIAN_POINT('',(29.549122270571,30.203541461111,0.));
#2058 = CARTESIAN_POINT('',(29.549122270571,30.203541461111,10.));
#2059 = CARTESIAN_POINT('',(29.472515172178,30.379178451451,0.));
#2060 = CARTESIAN_POINT('',(29.472515172178,30.379178451451,10.));
#2061 = CARTESIAN_POINT('',(29.402036858874,30.55737526852,0.));
#2062 = CARTESIAN_POINT('',(29.402036858874,30.55737526852,10.));
#2063 = CARTESIAN_POINT('',(29.337633718197,30.737914974621,0.));
#2064 = CARTESIAN_POINT('',(29.337633718197,30.737914974621,10.));
#2065 = CARTESIAN_POINT('',(29.279244764345,30.920575678472,0.));
#2066 = CARTESIAN_POINT('',(29.279244764345,30.920575678472,10.));
#2067 = CARTESIAN_POINT('',(29.226828720355,31.105125287823,0.));
#2068 = CARTESIAN_POINT('',(29.226828720355,31.105125287823,10.));
#2069 = CARTESIAN_POINT('',(29.180391101128,31.291316261975,0.));
#2070 = CARTESIAN_POINT('',(29.180391101128,31.291316261975,10.));
#2071 = CARTESIAN_POINT('',(29.140011291331,31.47888036509,0.));
#2072 = CARTESIAN_POINT('',(29.140011291331,31.47888036509,10.));
#2073 = CARTESIAN_POINT('',(29.105753437579,31.667547250488,0.));
#2074 = CARTESIAN_POINT('',(29.105753437579,31.667547250488,10.));
#2075 = CARTESIAN_POINT('',(29.077577353165,31.857063041021,0.));
#2076 = CARTESIAN_POINT('',(29.077577353165,31.857063041021,10.));
#2077 = CARTESIAN_POINT('',(29.055249406807,32.047208915803,0.));
#2078 = CARTESIAN_POINT('',(29.055249406807,32.047208915803,10.));
#2079 = CARTESIAN_POINT('',(29.038253443349,32.237819683143,0.));
#2080 = CARTESIAN_POINT('',(29.038253443349,32.237819683143,10.));
#2081 = CARTESIAN_POINT('',(29.025701618591,32.428802390054,0.));
#2082 = CARTESIAN_POINT('',(29.025701618591,32.428802390054,10.));
#2083 = CARTESIAN_POINT('',(29.016388248857,32.62010013764,0.));
#2084 = CARTESIAN_POINT('',(29.016388248857,32.62010013764,10.));
#2085 = CARTESIAN_POINT('',(29.008843769365,32.811655875469,0.));
#2086 = CARTESIAN_POINT('',(29.008843769365,32.811655875469,10.));
#2087 = CARTESIAN_POINT('',(29.001388611148,33.003376178471,0.));
#2088 = CARTESIAN_POINT('',(29.001388611148,33.003376178471,10.));
#2089 = CARTESIAN_POINT('',(28.99218720488,33.195095089403,0.));
#2090 = CARTESIAN_POINT('',(28.99218720488,33.195095089403,10.));
#2091 = CARTESIAN_POINT('',(28.979301674566,33.386537772358,0.));
#2092 = CARTESIAN_POINT('',(28.979301674566,33.386537772358,10.));
#2093 = CARTESIAN_POINT('',(28.960846846711,33.577349878876,0.));
#2094 = CARTESIAN_POINT('',(28.960846846711,33.577349878876,10.));
#2095 = CARTESIAN_POINT('',(28.935145495785,33.767127100772,0.));
#2096 = CARTESIAN_POINT('',(28.935145495785,33.767127100772,10.));
#2097 = CARTESIAN_POINT('',(28.900883616284,33.955444663788,0.));
#2098 = CARTESIAN_POINT('',(28.900883616284,33.955444663788,10.));
#2099 = CARTESIAN_POINT('',(28.857265422754,34.141886822895,0.));
#2100 = CARTESIAN_POINT('',(28.857265422754,34.141886822895,10.));
#2101 = CARTESIAN_POINT('',(28.804169190109,34.326076421324,0.));
#2102 = CARTESIAN_POINT('',(28.804169190109,34.326076421324,10.));
#2103 = CARTESIAN_POINT('',(28.741961882589,34.507673910901,0.));
#2104 = CARTESIAN_POINT('',(28.741961882589,34.507673910901,10.));
#2105 = CARTESIAN_POINT('',(28.671312928984,34.686376292565,0.));
#2106 = CARTESIAN_POINT('',(28.671312928984,34.686376292565,10.));
#2107 = CARTESIAN_POINT('',(28.593008292073,34.86191608718,0.));
#2108 = CARTESIAN_POINT('',(28.593008292073,34.86191608718,10.));
#2109 = CARTESIAN_POINT('',(28.50776446707,35.034060292481,0.));
#2110 = CARTESIAN_POINT('',(28.50776446707,35.034060292481,10.));
#2111 = CARTESIAN_POINT('',(28.416042363641,35.202609349163,0.));
#2112 = CARTESIAN_POINT('',(28.416042363641,35.202609349163,10.));
#2113 = CARTESIAN_POINT('',(28.318114742921,35.367390794257,0.));
#2114 = CARTESIAN_POINT('',(28.318114742921,35.367390794257,10.));
#2115 = CARTESIAN_POINT('',(28.214133840077,35.528252911905,0.));
#2116 = CARTESIAN_POINT('',(28.214133840077,35.528252911905,10.));
#2117 = CARTESIAN_POINT('',(28.104198917152,35.685058385093,0.));
#2118 = CARTESIAN_POINT('',(28.104198917152,35.685058385093,10.));
#2119 = CARTESIAN_POINT('',(27.988423845149,35.837677947034,0.));
#2120 = CARTESIAN_POINT('',(27.988423845149,35.837677947034,10.));
#2121 = CARTESIAN_POINT('',(27.867004673877,35.9859840327,0.));
#2122 = CARTESIAN_POINT('',(27.867004673877,35.9859840327,10.));
#2123 = CARTESIAN_POINT('',(27.740194282139,36.129849862619,0.));
#2124 = CARTESIAN_POINT('',(27.740194282139,36.129849862619,10.));
#2125 = CARTESIAN_POINT('',(27.608277024972,36.269148526705,0.));
#2126 = CARTESIAN_POINT('',(27.608277024972,36.269148526705,10.));
#2127 = CARTESIAN_POINT('',(27.471543382747,36.403752068125,0.));
#2128 = CARTESIAN_POINT('',(27.471543382747,36.403752068125,10.));
#2129 = CARTESIAN_POINT('',(27.330264608287,36.533530567017,0.));
#2130 = CARTESIAN_POINT('',(27.330264608287,36.533530567017,10.));
#2131 = CARTESIAN_POINT('',(27.18466737819,36.658351224644,0.));
#2132 = CARTESIAN_POINT('',(27.18466737819,36.658351224644,10.));
#2133 = CARTESIAN_POINT('',(27.034944434828,36.778081520286,0.));
#2134 = CARTESIAN_POINT('',(27.034944434828,36.778081520286,10.));
#2135 = CARTESIAN_POINT('',(26.881265224307,36.892592367664,0.));
#2136 = CARTESIAN_POINT('',(26.881265224307,36.892592367664,10.));
#2137 = CARTESIAN_POINT('',(26.72378653585,37.001761271549,0.));
#2138 = CARTESIAN_POINT('',(26.72378653585,37.001761271549,10.));
#2139 = CARTESIAN_POINT('',(26.562663140541,37.105475484299,0.));
#2140 = CARTESIAN_POINT('',(26.562663140541,37.105475484299,10.));
#2141 = CARTESIAN_POINT('',(26.398058430314,37.203635162485,0.));
#2142 = CARTESIAN_POINT('',(26.398058430314,37.203635162485,10.));
#2143 = CARTESIAN_POINT('',(26.230145573967,37.296142329284,0.));
#2144 = CARTESIAN_POINT('',(26.230145573967,37.296142329284,10.));
#2145 = CARTESIAN_POINT('',(26.059108673166,37.382889837148,0.));
#2146 = CARTESIAN_POINT('',(26.059108673166,37.382889837148,10.));
#2147 = CARTESIAN_POINT('',(25.885143918625,37.463750329851,0.));
#2148 = CARTESIAN_POINT('',(25.885143918625,37.463750329851,10.));
#2149 = CARTESIAN_POINT('',(25.708460745912,37.538565205919,0.));
#2150 = CARTESIAN_POINT('',(25.708460745912,37.538565205919,10.));
#2151 = CARTESIAN_POINT('',(25.52928299237,37.607133578163,0.));
#2152 = CARTESIAN_POINT('',(25.52928299237,37.607133578163,10.));
#2153 = CARTESIAN_POINT('',(25.347840041399,37.669236043663,0.));
#2154 = CARTESIAN_POINT('',(25.347840041399,37.669236043663,10.));
#2155 = CARTESIAN_POINT('',(25.164357965546,37.724658457768,0.));
#2156 = CARTESIAN_POINT('',(25.164357965546,37.724658457768,10.));
#2157 = CARTESIAN_POINT('',(24.979050670208,37.773215706226,0.));
#2158 = CARTESIAN_POINT('',(24.979050670208,37.773215706226,10.));
#2159 = CARTESIAN_POINT('',(24.792111036656,37.814775479042,0.));
#2160 = CARTESIAN_POINT('',(24.792111036656,37.814775479042,10.));
#2161 = CARTESIAN_POINT('',(24.603702066241,37.849282041613,0.));
#2162 = CARTESIAN_POINT('',(24.603702066241,37.849282041613,10.));
#2163 = CARTESIAN_POINT('',(24.413988604868,37.8766962375,0.));
#2164 = CARTESIAN_POINT('',(24.413988604868,37.8766962375,10.));
#2165 = CARTESIAN_POINT('',(24.223169072301,37.896935479957,0.));
#2166 = CARTESIAN_POINT('',(24.223169072301,37.896935479957,10.));
#2167 = CARTESIAN_POINT('',(24.031507179949,37.909813770364,0.));
#2168 = CARTESIAN_POINT('',(24.031507179949,37.909813770364,10.));
#2169 = CARTESIAN_POINT('',(23.83936367623,37.914981652563,0.));
#2170 = CARTESIAN_POINT('',(23.83936367623,37.914981652563,10.));
#2171 = CARTESIAN_POINT('',(23.647228018474,37.911866337759,0.));
#2172 = CARTESIAN_POINT('',(23.647228018474,37.911866337759,10.));
#2173 = CARTESIAN_POINT('',(23.45564810267,37.899844050909,0.));
#2174 = CARTESIAN_POINT('',(23.45564810267,37.899844050909,10.));
#2175 = CARTESIAN_POINT('',(23.265160046267,37.878412272916,0.));
#2176 = CARTESIAN_POINT('',(23.265160046267,37.878412272916,10.));
#2177 = CARTESIAN_POINT('',(23.076217985337,37.847361911949,0.));
#2178 = CARTESIAN_POINT('',(23.076217985337,37.847361911949,10.));
#2179 = CARTESIAN_POINT('',(22.889123787102,37.806949758223,0.));
#2180 = CARTESIAN_POINT('',(22.889123787102,37.806949758223,10.));
#2181 = CARTESIAN_POINT('',(22.703957015498,37.758070119306,0.));
#2182 = CARTESIAN_POINT('',(22.703957015498,37.758070119306,10.));
#2183 = CARTESIAN_POINT('',(22.520607260581,37.702099530829,0.));
#2184 = CARTESIAN_POINT('',(22.520607260581,37.702099530829,10.));
#2185 = CARTESIAN_POINT('',(22.338806205178,37.640742268074,0.));
#2186 = CARTESIAN_POINT('',(22.338806205178,37.640742268074,10.));
#2187 = CARTESIAN_POINT('',(22.1581597972,37.575875606829,0.));
#2188 = CARTESIAN_POINT('',(22.1581597972,37.575875606829,10.));
#2189 = CARTESIAN_POINT('',(21.978180357084,37.509395086154,0.));
#2190 = CARTESIAN_POINT('',(21.978180357084,37.509395086154,10.));
#2191 = CARTESIAN_POINT('',(21.79831876733,37.443060060974,0.));
#2192 = CARTESIAN_POINT('',(21.79831876733,37.443060060974,10.));
#2193 = CARTESIAN_POINT('',(21.61801859958,37.378458004429,0.));
#2194 = CARTESIAN_POINT('',(21.61801859958,37.378458004429,10.));
#2195 = CARTESIAN_POINT('',(21.436770185808,37.316968451324,0.));
#2196 = CARTESIAN_POINT('',(21.436770185808,37.316968451324,10.));
#2197 = CARTESIAN_POINT('',(21.254164701515,37.259727083933,0.));
#2198 = CARTESIAN_POINT('',(21.254164701515,37.259727083933,10.));
#2199 = CARTESIAN_POINT('',(21.069948263955,37.207589735859,0.));
#2200 = CARTESIAN_POINT('',(21.069948263955,37.207589735859,10.));
#2201 = CARTESIAN_POINT('',(20.884075969301,37.161096488383,0.));
#2202 = CARTESIAN_POINT('',(20.884075969301,37.161096488383,10.));
#2203 = CARTESIAN_POINT('',(20.696660577244,37.120546927115,0.));
#2204 = CARTESIAN_POINT('',(20.696660577244,37.120546927115,10.));
#2205 = CARTESIAN_POINT('',(20.50792126224,37.086075333289,0.));
#2206 = CARTESIAN_POINT('',(20.50792126224,37.086075333289,10.));
#2207 = CARTESIAN_POINT('',(20.318132339804,37.057725899311,0.));
#2208 = CARTESIAN_POINT('',(20.318132339804,37.057725899311,10.));
#2209 = CARTESIAN_POINT('',(20.127572004767,37.035527931962,0.));
#2210 = CARTESIAN_POINT('',(20.127572004767,37.035527931962,10.));
#2211 = CARTESIAN_POINT('',(19.936471061119,37.019571065708,0.));
#2212 = CARTESIAN_POINT('',(19.936471061119,37.019571065708,10.));
#2213 = CARTESIAN_POINT('',(19.745028132753,37.009982253595,0.));
#2214 = CARTESIAN_POINT('',(19.745028132753,37.009982253595,10.));
#2215 = CARTESIAN_POINT('',(19.553424876909,37.006902753739,0.));
#2216 = CARTESIAN_POINT('',(19.553424876909,37.006902753739,10.));
#2217 = CARTESIAN_POINT('',(19.361841197191,37.010465116539,0.));
#2218 = CARTESIAN_POINT('',(19.361841197191,37.010465116539,10.));
#2219 = CARTESIAN_POINT('',(19.170470455399,37.020770173672,0.));
#2220 = CARTESIAN_POINT('',(19.170470455399,37.020770173672,10.));
#2221 = CARTESIAN_POINT('',(18.97953468763,37.037864020494,0.));
#2222 = CARTESIAN_POINT('',(18.97953468763,37.037864020494,10.));
#2223 = CARTESIAN_POINT('',(18.789277085981,37.061749882049,0.));
#2224 = CARTESIAN_POINT('',(18.789277085981,37.061749882049,10.));
#2225 = CARTESIAN_POINT('',(18.599954475875,37.092399985716,0.));
#2226 = CARTESIAN_POINT('',(18.599954475875,37.092399985716,10.));
#2227 = CARTESIAN_POINT('',(18.41182979491,37.129767431602,0.));
#2228 = CARTESIAN_POINT('',(18.41182979491,37.129767431602,10.));
#2229 = CARTESIAN_POINT('',(18.225164571406,37.173798063147,0.));
#2230 = CARTESIAN_POINT('',(18.225164571406,37.173798063147,10.));
#2231 = CARTESIAN_POINT('',(18.040211402211,37.224442339493,0.));
#2232 = CARTESIAN_POINT('',(18.040211402211,37.224442339493,10.));
#2233 = CARTESIAN_POINT('',(17.857214128504,37.281650526754,0.));
#2234 = CARTESIAN_POINT('',(17.857214128504,37.281650526754,10.));
#2235 = CARTESIAN_POINT('',(17.676408012677,37.345367886948,0.));
#2236 = CARTESIAN_POINT('',(17.676408012677,37.345367886948,10.));
#2237 = CARTESIAN_POINT('',(17.498019914793,37.415529867797,0.));
#2238 = CARTESIAN_POINT('',(17.498019914793,37.415529867797,10.));
#2239 = CARTESIAN_POINT('',(17.322268469188,37.492057292131,0.));
#2240 = CARTESIAN_POINT('',(17.322268469188,37.492057292131,10.));
#2241 = CARTESIAN_POINT('',(17.149364261015,37.574851547432,0.));
#2242 = CARTESIAN_POINT('',(17.149364261015,37.574851547432,10.));
#2243 = CARTESIAN_POINT('',(16.97951335171,37.663797863035,0.));
#2244 = CARTESIAN_POINT('',(16.97951335171,37.663797863035,10.));
#2245 = CARTESIAN_POINT('',(16.8129208046,37.758768587379,0.));
#2246 = CARTESIAN_POINT('',(16.8129208046,37.758768587379,10.));
#2247 = CARTESIAN_POINT('',(16.649794210126,37.85962646509,0.));
#2248 = CARTESIAN_POINT('',(16.649794210126,37.85962646509,10.));
#2249 = CARTESIAN_POINT('',(16.490347211983,37.966227914372,0.));
#2250 = CARTESIAN_POINT('',(16.490347211983,37.966227914372,10.));
#2251 = CARTESIAN_POINT('',(16.334803030839,38.078426303507,0.));
#2252 = CARTESIAN_POINT('',(16.334803030839,38.078426303507,10.));
#2253 = CARTESIAN_POINT('',(16.183380751329,38.196068874001,0.));
#2254 = CARTESIAN_POINT('',(16.183380751329,38.196068874001,10.));
#2255 = CARTESIAN_POINT('',(16.036281610814,38.318993664466,0.));
#2256 = CARTESIAN_POINT('',(16.036281610814,38.318993664466,10.));
#2257 = CARTESIAN_POINT('',(15.893675288512,38.447026434424,0.));
#2258 = CARTESIAN_POINT('',(15.893675288512,38.447026434424,10.));
#2259 = CARTESIAN_POINT('',(15.755686191948,38.579977587594,0.));
#2260 = CARTESIAN_POINT('',(15.755686191948,38.579977587594,10.));
#2261 = CARTESIAN_POINT('',(15.622379751208,38.717639096799,0.));
#2262 = CARTESIAN_POINT('',(15.622379751208,38.717639096799,10.));
#2263 = CARTESIAN_POINT('',(15.493789453298,38.859790021142,0.));
#2264 = CARTESIAN_POINT('',(15.493789453298,38.859790021142,10.));
#2265 = CARTESIAN_POINT('',(15.369943868802,39.006202021552,0.));
#2266 = CARTESIAN_POINT('',(15.369943868802,39.006202021552,10.));
#2267 = CARTESIAN_POINT('',(15.250893680637,39.156644876741,0.));
#2268 = CARTESIAN_POINT('',(15.250893680637,39.156644876741,10.));
#2269 = CARTESIAN_POINT('',(15.136738713631,39.310891999381,0.));
#2270 = CARTESIAN_POINT('',(15.136738713631,39.310891999381,10.));
#2271 = CARTESIAN_POINT('',(15.027654959064,39.468725951072,0.));
#2272 = CARTESIAN_POINT('',(15.027654959064,39.468725951072,10.));
#2273 = CARTESIAN_POINT('',(14.923805137877,39.629921511894,0.));
#2274 = CARTESIAN_POINT('',(14.923805137877,39.629921511894,10.));
#2275 = CARTESIAN_POINT('',(14.825249276972,39.794228751161,0.));
#2276 = CARTESIAN_POINT('',(14.825249276972,39.794228751161,10.));
#2277 = CARTESIAN_POINT('',(14.731855268316,39.961356097913,0.));
#2278 = CARTESIAN_POINT('',(14.731855268316,39.961356097913,10.));
#2279 = CARTESIAN_POINT('',(14.643209462851,40.130953410903,0.));
#2280 = CARTESIAN_POINT('',(14.643209462851,40.130953410903,10.));
#2281 = CARTESIAN_POINT('',(14.558527171059,40.302595049501,0.));
#2282 = CARTESIAN_POINT('',(14.558527171059,40.302595049501,10.));
#2283 = CARTESIAN_POINT('',(14.476716260733,40.475767050817,0.));
#2284 = CARTESIAN_POINT('',(14.476716260733,40.475767050817,10.));
#2285 = CARTESIAN_POINT('',(14.396440863305,40.649854329024,0.));
#2286 = CARTESIAN_POINT('',(14.396440863305,40.649854329024,10.));
#2287 = CARTESIAN_POINT('',(14.31618501161,40.824127827398,0.));
#2288 = CARTESIAN_POINT('',(14.31618501161,40.824127827398,10.));
#2289 = CARTESIAN_POINT('',(14.234316369803,40.997731779467,0.));
#2290 = CARTESIAN_POINT('',(14.234316369803,40.997731779467,10.));
#2291 = CARTESIAN_POINT('',(14.149149749066,41.169670676928,0.));
#2292 = CARTESIAN_POINT('',(14.149149749066,41.169670676928,10.));
#2293 = CARTESIAN_POINT('',(14.059079079476,41.338895719828,0.));
#2294 = CARTESIAN_POINT('',(14.059079079476,41.338895719828,10.));
#2295 = CARTESIAN_POINT('',(13.962709528739,41.504391529687,0.));
#2296 = CARTESIAN_POINT('',(13.962709528739,41.504391529687,10.));
#2297 = CARTESIAN_POINT('',(13.858989668132,41.665262818126,0.));
#2298 = CARTESIAN_POINT('',(13.858989668132,41.665262818126,10.));
#2299 = CARTESIAN_POINT('',(13.7473433865,41.820820952912,0.));
#2300 = CARTESIAN_POINT('',(13.7473433865,41.820820952912,10.));
#2301 = CARTESIAN_POINT('',(13.627802556172,41.97067090445,0.));
#2302 = CARTESIAN_POINT('',(13.627802556172,41.97067090445,10.));
#2303 = CARTESIAN_POINT('',(13.500836147362,42.114639402265,0.));
#2304 = CARTESIAN_POINT('',(13.500836147362,42.114639402265,10.));
#2305 = CARTESIAN_POINT('',(13.367178584346,42.252702691035,0.));
#2306 = CARTESIAN_POINT('',(13.367178584346,42.252702691035,10.));
#2307 = CARTESIAN_POINT('',(13.227658361883,42.384914427195,0.));
#2308 = CARTESIAN_POINT('',(13.227658361883,42.384914427195,10.));
#2309 = CARTESIAN_POINT('',(13.083026601344,42.511333535571,0.));
#2310 = CARTESIAN_POINT('',(13.083026601344,42.511333535571,10.));
#2311 = CARTESIAN_POINT('',(12.933785495774,42.631952029898,0.));
#2312 = CARTESIAN_POINT('',(12.933785495774,42.631952029898,10.));
#2313 = CARTESIAN_POINT('',(12.780253042325,42.746714956338,0.));
#2314 = CARTESIAN_POINT('',(12.780253042325,42.746714956338,10.));
#2315 = CARTESIAN_POINT('',(12.622627947097,42.85554040559,0.));
#2316 = CARTESIAN_POINT('',(12.622627947097,42.85554040559,10.));
#2317 = CARTESIAN_POINT('',(12.461054465204,42.958339499215,0.));
#2318 = CARTESIAN_POINT('',(12.461054465204,42.958339499215,10.));
#2319 = CARTESIAN_POINT('',(12.295687267996,43.055036386817,0.));
#2320 = CARTESIAN_POINT('',(12.295687267996,43.055036386817,10.));
#2321 = CARTESIAN_POINT('',(12.126756298899,43.145588238693,0.));
#2322 = CARTESIAN_POINT('',(12.126756298899,43.145588238693,10.));
#2323 = CARTESIAN_POINT('',(11.954543703869,43.229974698413,0.));
#2324 = CARTESIAN_POINT('',(11.954543703869,43.229974698413,10.));
#2325 = CARTESIAN_POINT('',(11.779360759091,43.308187334307,0.));
#2326 = CARTESIAN_POINT('',(11.779360759091,43.308187334307,10.));
#2327 = CARTESIAN_POINT('',(11.601524800396,43.380219091702,0.));
#2328 = CARTESIAN_POINT('',(11.601524800396,43.380219091702,10.));
#2329 = CARTESIAN_POINT('',(11.421336150892,43.446053744257,0.));
#2330 = CARTESIAN_POINT('',(11.421336150892,43.446053744257,10.));
#2331 = CARTESIAN_POINT('',(11.239055052324,43.505655347317,0.));
#2332 = CARTESIAN_POINT('',(11.239055052324,43.505655347317,10.));
#2333 = CARTESIAN_POINT('',(11.05491028891,43.558975227013,0.));
#2334 = CARTESIAN_POINT('',(11.05491028891,43.558975227013,10.));
#2335 = CARTESIAN_POINT('',(10.869107807619,43.60595896739,0.));
#2336 = CARTESIAN_POINT('',(10.869107807619,43.60595896739,10.));
#2337 = CARTESIAN_POINT('',(10.6818393397,43.646553398253,0.));
#2338 = CARTESIAN_POINT('',(10.6818393397,43.646553398253,10.));
#2339 = CARTESIAN_POINT('',(10.493291021645,43.680713582693,0.));
#2340 = CARTESIAN_POINT('',(10.493291021645,43.680713582693,10.));
#2341 = CARTESIAN_POINT('',(10.303652016343,43.708409804795,0.));
#2342 = CARTESIAN_POINT('',(10.303652016343,43.708409804795,10.));
#2343 = CARTESIAN_POINT('',(10.11311980501,43.729617814606,0.));
#2344 = CARTESIAN_POINT('',(10.11311980501,43.729617814606,10.));
#2345 = CARTESIAN_POINT('',(9.921905478997,43.744309073357,0.));
#2346 = CARTESIAN_POINT('',(9.921905478997,43.744309073357,10.));
#2347 = CARTESIAN_POINT('',(9.730239032008,43.752440998176,0.));
#2348 = CARTESIAN_POINT('',(9.730239032008,43.752440998176,10.));
#2349 = CARTESIAN_POINT('',(9.538374651434,43.753947207927,0.));
#2350 = CARTESIAN_POINT('',(9.538374651434,43.753947207927,10.));
#2351 = CARTESIAN_POINT('',(9.346596012212,43.748727765892,0.));
#2352 = CARTESIAN_POINT('',(9.346596012212,43.748727765892,10.));
#2353 = CARTESIAN_POINT('',(9.155198998836,43.73666775143,0.));
#2354 = CARTESIAN_POINT('',(9.155198998836,43.73666775143,10.));
#2355 = CARTESIAN_POINT('',(8.964474424713,43.717655834899,0.));
#2356 = CARTESIAN_POINT('',(8.964474424713,43.717655834899,10.));
#2357 = CARTESIAN_POINT('',(8.77469075282,43.691602851082,0.));
#2358 = CARTESIAN_POINT('',(8.77469075282,43.691602851082,10.));
#2359 = CARTESIAN_POINT('',(8.586076815058,43.658460373952,0.));
#2360 = CARTESIAN_POINT('',(8.586076815058,43.658460373952,10.));
#2361 = CARTESIAN_POINT('',(8.398804533747,43.618239289365,0.));
#2362 = CARTESIAN_POINT('',(8.398804533747,43.618239289365,10.));
#2363 = CARTESIAN_POINT('',(8.213041191165,43.570966505282,0.));
#2364 = CARTESIAN_POINT('',(8.213041191165,43.570966505282,10.));
#2365 = CARTESIAN_POINT('',(8.02900170785,43.516641653455,0.));
#2366 = CARTESIAN_POINT('',(8.02900170785,43.516641653455,10.));
#2367 = CARTESIAN_POINT('',(7.847000899966,43.455193811553,0.));
#2368 = CARTESIAN_POINT('',(7.847000899966,43.455193811553,10.));
#2369 = CARTESIAN_POINT('',(7.667505786677,43.38643817663,0.));
#2370 = CARTESIAN_POINT('',(7.667505786677,43.38643817663,10.));
#2371 = CARTESIAN_POINT('',(7.491187764372,43.310032868053,0.));
#2372 = CARTESIAN_POINT('',(7.491187764372,43.310032868053,10.));
#2373 = CARTESIAN_POINT('',(7.318791731317,43.225611263546,0.));
#2374 = CARTESIAN_POINT('',(7.318791731317,43.225611263546,10.));
#2375 = CARTESIAN_POINT('',(7.151005301183,43.132914259266,0.));
#2376 = CARTESIAN_POINT('',(7.151005301183,43.132914259266,10.));
#2377 = CARTESIAN_POINT('',(6.988328056971,43.031922469901,0.));
#2378 = CARTESIAN_POINT('',(6.988328056971,43.031922469901,10.));
#2379 = CARTESIAN_POINT('',(6.830940618268,42.922988658256,0.));
#2380 = CARTESIAN_POINT('',(6.830940618268,42.922988658256,10.));
#2381 = CARTESIAN_POINT('',(6.678574255875,42.806969504588,0.));
#2382 = CARTESIAN_POINT('',(6.678574255875,42.806969504588,10.));
#2383 = CARTESIAN_POINT('',(6.530600186926,42.685094509936,0.));
#2384 = CARTESIAN_POINT('',(6.530600186926,42.685094509936,10.));
#2385 = CARTESIAN_POINT('',(6.386118320762,42.558835538814,0.));
#2386 = CARTESIAN_POINT('',(6.386118320762,42.558835538814,10.));
#2387 = CARTESIAN_POINT('',(6.24404619838,42.429776170696,0.));
#2388 = CARTESIAN_POINT('',(6.24404619838,42.429776170696,10.));
#2389 = CARTESIAN_POINT('',(6.103207871222,42.299481028433,0.));
#2390 = CARTESIAN_POINT('',(6.103207871222,42.299481028433,10.));
#2391 = CARTESIAN_POINT('',(5.962422744886,42.169365405862,0.));
#2392 = CARTESIAN_POINT('',(5.962422744886,42.169365405862,10.));
#2393 = CARTESIAN_POINT('',(5.82056924693,42.040683001013,0.));
#2394 = CARTESIAN_POINT('',(5.82056924693,42.040683001013,10.));
#2395 = CARTESIAN_POINT('',(5.676648580383,41.914513296344,0.));
#2396 = CARTESIAN_POINT('',(5.676648580383,41.914513296344,10.));
#2397 = CARTESIAN_POINT('',(5.529848433865,41.791749075101,0.));
#2398 = CARTESIAN_POINT('',(5.529848433865,41.791749075101,10.));
#2399 = CARTESIAN_POINT('',(5.379606736965,41.673083867712,0.));
#2400 = CARTESIAN_POINT('',(5.379606736965,41.673083867712,10.));
#2401 = CARTESIAN_POINT('',(5.225675323798,41.558999460269,0.));
#2402 = CARTESIAN_POINT('',(5.225675323798,41.558999460269,10.));
#2403 = CARTESIAN_POINT('',(5.068043724285,41.44981578505,0.));
#2404 = CARTESIAN_POINT('',(5.068043724285,41.44981578505,10.));
#2405 = CARTESIAN_POINT('',(4.906863042019,41.345740776174,0.));
#2406 = CARTESIAN_POINT('',(4.906863042019,41.345740776174,10.));
#2407 = CARTESIAN_POINT('',(4.742369799786,41.246920238102,0.));
#2408 = CARTESIAN_POINT('',(4.742369799786,41.246920238102,10.));
#2409 = CARTESIAN_POINT('',(4.574809800874,41.15348770732,0.));
#2410 = CARTESIAN_POINT('',(4.574809800874,41.15348770732,10.));
#2411 = CARTESIAN_POINT('',(4.404361978742,41.06561432014,0.));
#2412 = CARTESIAN_POINT('',(4.404361978742,41.06561432014,10.));
#2413 = CARTESIAN_POINT('',(4.231161255112,40.983493375958,0.));
#2414 = CARTESIAN_POINT('',(4.231161255112,40.983493375958,10.));
#2415 = CARTESIAN_POINT('',(4.055321402249,40.907324897472,0.));
#2416 = CARTESIAN_POINT('',(4.055321402249,40.907324897472,10.));
#2417 = CARTESIAN_POINT('',(3.876957904571,40.837300191412,0.));
#2418 = CARTESIAN_POINT('',(3.876957904571,40.837300191412,10.));
#2419 = CARTESIAN_POINT('',(3.696210818473,40.773586410457,0.));
#2420 = CARTESIAN_POINT('',(3.696210818473,40.773586410457,10.));
#2421 = CARTESIAN_POINT('',(3.513267638633,40.716311110698,0.));
#2422 = CARTESIAN_POINT('',(3.513267638633,40.716311110698,10.));
#2423 = CARTESIAN_POINT('',(3.32835181108,40.665570337272,0.));
#2424 = CARTESIAN_POINT('',(3.32835181108,40.665570337272,10.));
#2425 = CARTESIAN_POINT('',(3.141711239688,40.621436714458,0.));
#2426 = CARTESIAN_POINT('',(3.141711239688,40.621436714458,10.));
#2427 = CARTESIAN_POINT('',(2.953606794934,40.583967534269,0.));
#2428 = CARTESIAN_POINT('',(2.953606794934,40.583967534269,10.));
#2429 = CARTESIAN_POINT('',(2.764300822298,40.553212845122,0.));
#2430 = CARTESIAN_POINT('',(2.764300822298,40.553212845122,10.));
#2431 = CARTESIAN_POINT('',(2.574045649303,40.529223541861,0.));
#2432 = CARTESIAN_POINT('',(2.574045649303,40.529223541861,10.));
#2433 = CARTESIAN_POINT('',(2.383085588159,40.512046990348,0.));
#2434 = CARTESIAN_POINT('',(2.383085588159,40.512046990348,10.));
#2435 = CARTESIAN_POINT('',(2.191658940294,40.501722650301,0.));
#2436 = CARTESIAN_POINT('',(2.191658940294,40.501722650301,10.));
#2437 = CARTESIAN_POINT('',(2.000000000163,40.498277698778,0.));
#2438 = CARTESIAN_POINT('',(2.000000000163,40.498277698778,10.));
#2439 = CARTESIAN_POINT('',(1.808341059346,40.501722653349,0.));
#2440 = CARTESIAN_POINT('',(1.808341059346,40.501722653349,10.));
#2441 = CARTESIAN_POINT('',(1.616914410532,40.512046995377,0.));
#2442 = CARTESIAN_POINT('',(1.616914410532,40.512046995377,10.));
#2443 = CARTESIAN_POINT('',(1.425954350496,40.529223546892,0.));
#2444 = CARTESIAN_POINT('',(1.425954350496,40.529223546892,10.));
#2445 = CARTESIAN_POINT('',(1.235699183185,40.553212847566,0.));
#2446 = CARTESIAN_POINT('',(1.235699183185,40.553212847566,10.));
#2447 = CARTESIAN_POINT('',(1.046393222517,40.583967531393,0.));
#2448 = CARTESIAN_POINT('',(1.046393222517,40.583967531393,10.));
#2449 = CARTESIAN_POINT('',(0.858288795905,40.621436703991,0.));
#2450 = CARTESIAN_POINT('',(0.858288795905,40.621436703991,10.));
#2451 = CARTESIAN_POINT('',(0.671648245885,40.665570318169,0.));
#2452 = CARTESIAN_POINT('',(0.671648245885,40.665570318169,10.));
#2453 = CARTESIAN_POINT('',(0.48673243841,40.716311083541,0.));
#2454 = CARTESIAN_POINT('',(0.48673243841,40.716311083541,10.));
#2455 = CARTESIAN_POINT('',(0.303789272501,40.7735863775,0.));
#2456 = CARTESIAN_POINT('',(0.303789272501,40.7735863775,10.));
#2457 = CARTESIAN_POINT('',(0.123042190258,40.837300156258,0.));
#2458 = CARTESIAN_POINT('',(0.123042190258,40.837300156258,10.));
#2459 = CARTESIAN_POINT('',(-5.532131539888E-02,40.907324864393,0.));
#2460 = CARTESIAN_POINT('',(-5.532131539888E-02,40.907324864393,10.));
#2461 = CARTESIAN_POINT('',(-0.231161186398,40.983493348862,0.));
#2462 = CARTESIAN_POINT('',(-0.231161186398,40.983493348862,10.));
#2463 = CARTESIAN_POINT('',(-0.404361934358,41.065614301817,0.));
#2464 = CARTESIAN_POINT('',(-0.404361934358,41.065614301817,10.));
#2465 = CARTESIAN_POINT('',(-0.574809781922,41.153487698952,0.));
#2466 = CARTESIAN_POINT('',(-0.574809781922,41.153487698952,10.));
#2467 = CARTESIAN_POINT('',(-0.742369802308,41.246920239044,0.));
#2468 = CARTESIAN_POINT('',(-0.742369802308,41.246920239044,10.));
#2469 = CARTESIAN_POINT('',(-0.906863058185,41.345740784008,0.));
#2470 = CARTESIAN_POINT('',(-0.906863058185,41.345740784008,10.));
#2471 = CARTESIAN_POINT('',(-1.068043744736,41.449815795899,0.));
#2472 = CARTESIAN_POINT('',(-1.068043744736,41.449815795899,10.));
#2473 = CARTESIAN_POINT('',(-1.225675339482,41.558999469252,0.));
#2474 = CARTESIAN_POINT('',(-1.225675339482,41.558999469252,10.));
#2475 = CARTESIAN_POINT('',(-1.379606740467,41.673083869522,0.));
#2476 = CARTESIAN_POINT('',(-1.379606740467,41.673083869522,10.));
#2477 = CARTESIAN_POINT('',(-1.529848420219,41.791749064712,0.));
#2478 = CARTESIAN_POINT('',(-1.529848420219,41.791749064712,10.));
#2479 = CARTESIAN_POINT('',(-1.676648547385,41.914513269849,0.));
#2480 = CARTESIAN_POINT('',(-1.676648547385,41.914513269849,10.));
#2481 = CARTESIAN_POINT('',(-1.820569194933,42.040682956592,0.));
#2482 = CARTESIAN_POINT('',(-1.820569194933,42.040682956592,10.));
#2483 = CARTESIAN_POINT('',(-1.962422676372,42.169365344243,0.));
#2484 = CARTESIAN_POINT('',(-1.962422676372,42.169365344243,10.));
#2485 = CARTESIAN_POINT('',(-2.103207790176,42.299480952828,0.));
#2486 = CARTESIAN_POINT('',(-2.103207790176,42.299480952828,10.));
#2487 = CARTESIAN_POINT('',(-2.244046109451,42.429776086243,0.));
#2488 = CARTESIAN_POINT('',(-2.244046109451,42.429776086243,10.));
#2489 = CARTESIAN_POINT('',(-2.386118228222,42.558835451476,0.));
#2490 = CARTESIAN_POINT('',(-2.386118228222,42.558835451476,10.));
#2491 = CARTESIAN_POINT('',(-2.530600093411,42.685094424938,0.));
#2492 = CARTESIAN_POINT('',(-2.530600093411,42.685094424938,10.));
#2493 = CARTESIAN_POINT('',(-2.678574161783,42.806969425466,0.));
#2494 = CARTESIAN_POINT('',(-2.678574161783,42.806969425466,10.));
#2495 = CARTESIAN_POINT('',(-2.830940521826,42.922988586459,0.));
#2496 = CARTESIAN_POINT('',(-2.830940521826,42.922988586459,10.));
#2497 = CARTESIAN_POINT('',(-2.988327954983,43.031922404953,0.));
#2498 = CARTESIAN_POINT('',(-2.988327954983,43.031922404953,10.));
#2499 = CARTESIAN_POINT('',(-3.151005190417,43.132914199529,0.));
#2500 = CARTESIAN_POINT('',(-3.151005190417,43.132914199529,10.));
#2501 = CARTESIAN_POINT('',(-3.318791610651,43.225611207444,0.));
#2502 = CARTESIAN_POINT('',(-3.318791610651,43.225611207444,10.));
#2503 = CARTESIAN_POINT('',(-3.491187635963,43.310032814784,0.));
#2504 = CARTESIAN_POINT('',(-3.491187635963,43.310032814784,10.));
#2505 = CARTESIAN_POINT('',(-3.667505656029,43.386438126495,0.));
#2506 = CARTESIAN_POINT('',(-3.667505656029,43.386438126495,10.));
#2507 = CARTESIAN_POINT('',(-3.847000774926,43.455193765876,0.));
#2508 = CARTESIAN_POINT('',(-3.847000774926,43.455193765876,10.));
#2509 = CARTESIAN_POINT('',(-4.029001596548,43.516641614072,0.));
#2510 = CARTESIAN_POINT('',(-4.029001596548,43.516641614072,10.));
#2511 = CARTESIAN_POINT('',(-4.213041098809,43.570966473694,0.));
#2512 = CARTESIAN_POINT('',(-4.213041098809,43.570966473694,10.));
#2513 = CARTESIAN_POINT('',(-4.398804460725,43.618239266258,0.));
#2514 = CARTESIAN_POINT('',(-4.398804460725,43.618239266258,10.));
#2515 = CARTESIAN_POINT('',(-4.586076756466,43.658460358968,0.));
#2516 = CARTESIAN_POINT('',(-4.586076756466,43.658460358968,10.));
#2517 = CARTESIAN_POINT('',(-4.774690699376,43.691602842898,0.));
#2518 = CARTESIAN_POINT('',(-4.774690699376,43.691602842898,10.));
#2519 = CARTESIAN_POINT('',(-4.964474365072,43.717655831583,0.));
#2520 = CARTESIAN_POINT('',(-4.964474365072,43.717655831583,10.));
#2521 = CARTESIAN_POINT('',(-5.155198923311,43.736667751075,0.));
#2522 = CARTESIAN_POINT('',(-5.155198923311,43.736667751075,10.));
#2523 = CARTESIAN_POINT('',(-5.34659591515,43.748727767069,0.));
#2524 = CARTESIAN_POINT('',(-5.34659591515,43.748727767069,10.));
#2525 = CARTESIAN_POINT('',(-5.538374532234,43.753947209957,0.));
#2526 = CARTESIAN_POINT('',(-5.538374532234,43.753947209957,10.));
#2527 = CARTESIAN_POINT('',(-5.730238894777,43.752441001233,0.));
#2528 = CARTESIAN_POINT('',(-5.730238894777,43.752441001233,10.));
#2529 = CARTESIAN_POINT('',(-5.921905330853,43.744309078393,0.));
#2530 = CARTESIAN_POINT('',(-5.921905330853,43.744309078393,10.));
#2531 = CARTESIAN_POINT('',(-6.113119653017,43.72961782311,0.));
#2532 = CARTESIAN_POINT('',(-6.113119653017,43.72961782311,10.));
#2533 = CARTESIAN_POINT('',(-6.303651865529,43.708409818522,0.));
#2534 = CARTESIAN_POINT('',(-6.303651865529,43.708409818522,10.));
#2535 = CARTESIAN_POINT('',(-6.493290874116,43.680713603335,0.));
#2536 = CARTESIAN_POINT('',(-6.493290874116,43.680713603335,10.));
#2537 = CARTESIAN_POINT('',(-6.681839194849,43.646553427066,0.));
#2538 = CARTESIAN_POINT('',(-6.681839194849,43.646553427066,10.));
#2539 = CARTESIAN_POINT('',(-6.869107663422,43.605959004776,0.));
#2540 = CARTESIAN_POINT('',(-6.869107663422,43.605959004776,10.));
#2541 = CARTESIAN_POINT('',(-7.054910144323,43.558975272043,0.));
#2542 = CARTESIAN_POINT('',(-7.054910144323,43.558975272043,10.));
#2543 = CARTESIAN_POINT('',(-7.239054908646,43.505655397623,0.));
#2544 = CARTESIAN_POINT('',(-7.239054908646,43.505655397623,10.));
#2545 = CARTESIAN_POINT('',(-7.421336012097,43.446053796295,0.));
#2546 = CARTESIAN_POINT('',(-7.421336012097,43.446053796295,10.));
#2547 = CARTESIAN_POINT('',(-7.60152467244,43.380219141394,0.));
#2548 = CARTESIAN_POINT('',(-7.60152467244,43.380219141394,10.));
#2549 = CARTESIAN_POINT('',(-7.779360648188,43.30818737805,0.));
#2550 = CARTESIAN_POINT('',(-7.779360648188,43.30818737805,10.));
#2551 = CARTESIAN_POINT('',(-7.954543613744,43.229974734472,0.));
#2552 = CARTESIAN_POINT('',(-7.954543613744,43.229974734472,10.));
#2553 = CARTESIAN_POINT('',(-8.126756229256,43.145588267925,0.));
#2554 = CARTESIAN_POINT('',(-8.126756229256,43.145588267925,10.));
#2555 = CARTESIAN_POINT('',(-8.295687214163,43.055036412706,0.));
#2556 = CARTESIAN_POINT('',(-8.295687214163,43.055036412706,10.));
#2557 = CARTESIAN_POINT('',(-8.461054418961,42.958339527227,0.));
#2558 = CARTESIAN_POINT('',(-8.461054418961,42.958339527227,10.));
#2559 = CARTESIAN_POINT('',(-8.622627898701,42.855540441855,0.));
#2560 = CARTESIAN_POINT('',(-8.622627898701,42.855540441855,10.));
#2561 = CARTESIAN_POINT('',(-8.780252983708,42.746715005629,0.));
#2562 = CARTESIAN_POINT('',(-8.780252983708,42.746715005629,10.));
#2563 = CARTESIAN_POINT('',(-8.93378542254,42.631952094422,0.));
#2564 = CARTESIAN_POINT('',(-8.93378542254,42.631952094422,10.));
#2565 = CARTESIAN_POINT('',(-9.083026513588,42.511333614548,0.));
#2566 = CARTESIAN_POINT('',(-9.083026513588,42.511333614548,10.));
#2567 = CARTESIAN_POINT('',(-9.227658263841,42.384914517246,0.));
#2568 = CARTESIAN_POINT('',(-9.227658263841,42.384914517246,10.));
#2569 = CARTESIAN_POINT('',(-9.367178482828,42.252702787351,0.));
#2570 = CARTESIAN_POINT('',(-9.367178482828,42.252702787351,10.));
#2571 = CARTESIAN_POINT('',(-9.500836049111,42.114639500619,0.));
#2572 = CARTESIAN_POINT('',(-9.500836049111,42.114639500619,10.));
#2573 = CARTESIAN_POINT('',(-9.627802466158,41.970671002457,0.));
#2574 = CARTESIAN_POINT('',(-9.627802466158,41.970671002457,10.));
#2575 = CARTESIAN_POINT('',(-9.747343307025,41.820821050489,0.));
#2576 = CARTESIAN_POINT('',(-9.747343307025,41.820821050489,10.));
#2577 = CARTESIAN_POINT('',(-9.858989598763,41.665262917159,0.));
#2578 = CARTESIAN_POINT('',(-9.858989598763,41.665262917159,10.));
#2579 = CARTESIAN_POINT('',(-9.962709467114,41.504391632927,0.));
#2580 = CARTESIAN_POINT('',(-9.962709467114,41.504391632927,10.));
#2581 = CARTESIAN_POINT('',(-10.05907902282,41.338895828937,0.));
#2582 = CARTESIAN_POINT('',(-10.05907902282,41.338895828937,10.));
#2583 = CARTESIAN_POINT('',(-10.14914969519,41.169670791246,0.));
#2584 = CARTESIAN_POINT('',(-10.14914969519,41.169670791246,10.));
#2585 = CARTESIAN_POINT('',(-10.23431631773,40.997731895572,0.));
#2586 = CARTESIAN_POINT('',(-10.23431631773,40.997731895572,10.));
#2587 = CARTESIAN_POINT('',(-10.31618496176,40.824127939454,0.));
#2588 = CARTESIAN_POINT('',(-10.31618496176,40.824127939454,10.));
#2589 = CARTESIAN_POINT('',(-10.39644081736,40.649854429887,0.));
#2590 = CARTESIAN_POINT('',(-10.39644081736,40.649854429887,10.));
#2591 = CARTESIAN_POINT('',(-10.47671622101,40.475767133962,0.));
#2592 = CARTESIAN_POINT('',(-10.47671622101,40.475767133962,10.));
#2593 = CARTESIAN_POINT('',(-10.55852714002,40.302595110436,0.));
#2594 = CARTESIAN_POINT('',(-10.55852714002,40.302595110436,10.));
#2595 = CARTESIAN_POINT('',(-10.6432094425,40.130953448007,0.));
#2596 = CARTESIAN_POINT('',(-10.6432094425,40.130953448007,10.));
#2597 = CARTESIAN_POINT('',(-10.73185525968,39.961356112734,0.));
#2598 = CARTESIAN_POINT('',(-10.73185525968,39.961356112734,10.));
#2599 = CARTESIAN_POINT('',(-10.82524927951,39.794228748151,0.));
#2600 = CARTESIAN_POINT('',(-10.82524927951,39.794228748151,10.));
#2601 = CARTESIAN_POINT('',(-10.92380514892,39.629921497595,0.));
#2602 = CARTESIAN_POINT('',(-10.92380514892,39.629921497595,10.));
#2603 = CARTESIAN_POINT('',(-11.0276549738,39.468725933225,0.));
#2604 = CARTESIAN_POINT('',(-11.0276549738,39.468725933225,10.));
#2605 = CARTESIAN_POINT('',(-11.13673872556,39.310891985958,0.));
#2606 = CARTESIAN_POINT('',(-11.13673872556,39.310891985958,10.));
#2607 = CARTESIAN_POINT('',(-11.2508936826,39.156644874904,0.));
#2608 = CARTESIAN_POINT('',(-11.2508936826,39.156644874904,10.));
#2609 = CARTESIAN_POINT('',(-11.36994385449,39.006202036535,0.));
#2610 = CARTESIAN_POINT('',(-11.36994385449,39.006202036535,10.));
#2611 = CARTESIAN_POINT('',(-11.4937894193,38.859790055055,0.));
#2612 = CARTESIAN_POINT('',(-11.4937894193,38.859790055055,10.));
#2613 = CARTESIAN_POINT('',(-11.62237969809,38.717639148129,0.));
#2614 = CARTESIAN_POINT('',(-11.62237969809,38.717639148129,10.));
#2615 = CARTESIAN_POINT('',(-11.75568612436,38.579977651392,0.));
#2616 = CARTESIAN_POINT('',(-11.75568612436,38.579977651392,10.));
#2617 = CARTESIAN_POINT('',(-11.89367521435,38.447026503191,0.));
#2618 = CARTESIAN_POINT('',(-11.89367521435,38.447026503191,10.));
#2619 = CARTESIAN_POINT('',(-12.03628153937,38.318993729727,0.));
#2620 = CARTESIAN_POINT('',(-12.03628153937,38.318993729727,10.));
#2621 = CARTESIAN_POINT('',(-12.18338069054,38.196068928571,0.));
#2622 = CARTESIAN_POINT('',(-12.18338069054,38.196068928571,10.));
#2623 = CARTESIAN_POINT('',(-12.33480298551,38.078426342953,0.));
#2624 = CARTESIAN_POINT('',(-12.33480298551,38.078426342953,10.));
#2625 = CARTESIAN_POINT('',(-12.4903471831,37.966227937663,0.));
#2626 = CARTESIAN_POINT('',(-12.4903471831,37.966227937663,10.));
#2627 = CARTESIAN_POINT('',(-12.6497941951,37.859626474426,0.));
#2628 = CARTESIAN_POINT('',(-12.6497941951,37.859626474426,10.));
#2629 = CARTESIAN_POINT('',(-12.8129207986,37.75876858722,0.));
#2630 = CARTESIAN_POINT('',(-12.8129207986,37.75876858722,10.));
#2631 = CARTESIAN_POINT('',(-12.97951334997,37.663797858313,0.));
#2632 = CARTESIAN_POINT('',(-12.97951334997,37.663797858313,10.));
#2633 = CARTESIAN_POINT('',(-13.1493642603,37.574851542287,0.));
#2634 = CARTESIAN_POINT('',(-13.1493642603,37.574851542287,10.));
#2635 = CARTESIAN_POINT('',(-13.32226846835,37.492057289178,0.));
#2636 = CARTESIAN_POINT('',(-13.32226846835,37.492057289178,10.));
#2637 = CARTESIAN_POINT('',(-13.49801991449,37.415529867922,0.));
#2638 = CARTESIAN_POINT('',(-13.49801991449,37.415529867922,10.));
#2639 = CARTESIAN_POINT('',(-13.67640801417,37.345367889624,0.));
#2640 = CARTESIAN_POINT('',(-13.67640801417,37.345367889624,10.));
#2641 = CARTESIAN_POINT('',(-13.85721413163,37.281650530897,0.));
#2642 = CARTESIAN_POINT('',(-13.85721413163,37.281650530897,10.));
#2643 = CARTESIAN_POINT('',(-14.04021140432,37.224442344061,0.));
#2644 = CARTESIAN_POINT('',(-14.04021140432,37.224442344061,10.));
#2645 = CARTESIAN_POINT('',(-14.22516456727,37.173798067502,0.));
#2646 = CARTESIAN_POINT('',(-14.22516456727,37.173798067502,10.));
#2647 = CARTESIAN_POINT('',(-14.41182977768,37.129767435623,0.));
#2648 = CARTESIAN_POINT('',(-14.41182977768,37.129767435623,10.));
#2649 = CARTESIAN_POINT('',(-14.59995443898,37.092399989667,0.));
#2650 = CARTESIAN_POINT('',(-14.59995443898,37.092399989667,10.));
#2651 = CARTESIAN_POINT('',(-14.78927702604,37.061749886201,0.));
#2652 = CARTESIAN_POINT('',(-14.78927702604,37.061749886201,10.));
#2653 = CARTESIAN_POINT('',(-14.97953460605,37.03786402489,0.));
#2654 = CARTESIAN_POINT('',(-14.97953460605,37.03786402489,10.));
#2655 = CARTESIAN_POINT('',(-15.17047035873,37.020770178039,0.));
#2656 = CARTESIAN_POINT('',(-15.17047035873,37.020770178039,10.));
#2657 = CARTESIAN_POINT('',(-15.36184109612,37.01046512035,0.));
#2658 = CARTESIAN_POINT('',(-15.36184109612,37.01046512035,10.));
#2659 = CARTESIAN_POINT('',(-15.55342478401,37.006902756413,0.));
#2660 = CARTESIAN_POINT('',(-15.55342478401,37.006902756413,10.));
#2661 = CARTESIAN_POINT('',(-15.7450280589,37.009982254857,0.));
#2662 = CARTESIAN_POINT('',(-15.7450280589,37.009982254857,10.));
#2663 = CARTESIAN_POINT('',(-15.9364710131,37.019571065765,0.));
#2664 = CARTESIAN_POINT('',(-15.9364710131,37.019571065765,10.));
#2665 = CARTESIAN_POINT('',(-16.12757198405,37.035527931484,0.));
#2666 = CARTESIAN_POINT('',(-16.12757198405,37.035527931484,10.));
#2667 = CARTESIAN_POINT('',(-16.31813234249,37.057725899217,0.));
#2668 = CARTESIAN_POINT('',(-16.31813234249,37.057725899217,10.));
#2669 = CARTESIAN_POINT('',(-16.50792128016,37.08607533434,0.));
#2670 = CARTESIAN_POINT('',(-16.50792128016,37.08607533434,10.));
#2671 = CARTESIAN_POINT('',(-16.69666060028,37.120546929311,0.));
#2672 = CARTESIAN_POINT('',(-16.69666060028,37.120546929311,10.));
#2673 = CARTESIAN_POINT('',(-16.88407598722,37.161096490679,0.));
#2674 = CARTESIAN_POINT('',(-16.88407598722,37.161096490679,10.));
#2675 = CARTESIAN_POINT('',(-17.06994826787,37.20758973619,0.));
#2676 = CARTESIAN_POINT('',(-17.06994826787,37.20758973619,10.));
#2677 = CARTESIAN_POINT('',(-17.25416468493,37.259727079557,0.));
#2678 = CARTESIAN_POINT('',(-17.25416468493,37.259727079557,10.));
#2679 = CARTESIAN_POINT('',(-17.43677014518,37.316968439473,0.));
#2680 = CARTESIAN_POINT('',(-17.43677014518,37.316968439473,10.));
#2681 = CARTESIAN_POINT('',(-17.61801853454,37.378457983287,0.));
#2682 = CARTESIAN_POINT('',(-17.61801853454,37.378457983287,10.));
#2683 = CARTESIAN_POINT('',(-17.79831868045,37.443060030261,0.));
#2684 = CARTESIAN_POINT('',(-17.79831868045,37.443060030261,10.));
#2685 = CARTESIAN_POINT('',(-17.97818025327,37.509395047317,0.));
#2686 = CARTESIAN_POINT('',(-17.97818025327,37.509395047317,10.));
#2687 = CARTESIAN_POINT('',(-18.15815968272,37.575875562837,0.));
#2688 = CARTESIAN_POINT('',(-18.15815968272,37.575875562837,10.));
#2689 = CARTESIAN_POINT('',(-18.33880608625,37.640742222799,0.));
#2690 = CARTESIAN_POINT('',(-18.33880608625,37.640742222799,10.));
#2691 = CARTESIAN_POINT('',(-18.52060714165,37.702099488091,0.));
#2692 = CARTESIAN_POINT('',(-18.52060714165,37.702099488091,10.));
#2693 = CARTESIAN_POINT('',(-18.70395689829,37.758070082217,0.));
#2694 = CARTESIAN_POINT('',(-18.70395689829,37.758070082217,10.));
#2695 = CARTESIAN_POINT('',(-18.88912367052,37.806949728799,0.));
#2696 = CARTESIAN_POINT('',(-18.88912367052,37.806949728799,10.));
#2697 = CARTESIAN_POINT('',(-19.07621786625,37.847361890974,0.));
#2698 = CARTESIAN_POINT('',(-19.07621786625,37.847361890974,10.));
#2699 = CARTESIAN_POINT('',(-19.26515992107,37.878412260113,0.));
#2700 = CARTESIAN_POINT('',(-19.26515992107,37.878412260113,10.));
#2701 = CARTESIAN_POINT('',(-19.45564796971,37.899844045254,0.));
#2702 = CARTESIAN_POINT('',(-19.45564796971,37.899844045254,10.));
#2703 = CARTESIAN_POINT('',(-19.64722787945,37.911866337684,0.));
#2704 = CARTESIAN_POINT('',(-19.64722787945,37.911866337684,10.));
#2705 = CARTESIAN_POINT('',(-19.83936353634,37.914981656241,0.));
#2706 = CARTESIAN_POINT('',(-19.83936353634,37.914981656241,10.));
#2707 = CARTESIAN_POINT('',(-20.03150704694,37.909813776015,0.));
#2708 = CARTESIAN_POINT('',(-20.03150704694,37.909813776015,10.));
#2709 = CARTESIAN_POINT('',(-20.2231689544,37.896935486166,0.));
#2710 = CARTESIAN_POINT('',(-20.2231689544,37.896935486166,10.));
#2711 = CARTESIAN_POINT('',(-20.41398850745,37.876696243661,0.));
#2712 = CARTESIAN_POINT('',(-20.41398850745,37.876696243661,10.));
#2713 = CARTESIAN_POINT('',(-20.60370198993,37.84928204821,0.));
#2714 = CARTESIAN_POINT('',(-20.60370198993,37.84928204821,10.));
#2715 = CARTESIAN_POINT('',(-20.79211097679,37.814775487621,0.));
#2716 = CARTESIAN_POINT('',(-20.79211097679,37.814775487621,10.));
#2717 = CARTESIAN_POINT('',(-20.9790506177,37.773215719116,0.));
#2718 = CARTESIAN_POINT('',(-20.9790506177,37.773215719116,10.));
#2719 = CARTESIAN_POINT('',(-21.16435790917,37.724658477529,0.));
#2720 = CARTESIAN_POINT('',(-21.16435790917,37.724658477529,10.));
#2721 = CARTESIAN_POINT('',(-21.34783997148,37.669236072239,0.));
#2722 = CARTESIAN_POINT('',(-21.34783997148,37.669236072239,10.));
#2723 = CARTESIAN_POINT('',(-21.52928290314,37.607133616396,0.));
#2724 = CARTESIAN_POINT('',(-21.52928290314,37.607133616396,10.));
#2725 = CARTESIAN_POINT('',(-21.70846063656,37.538565253411,0.));
#2726 = CARTESIAN_POINT('',(-21.70846063656,37.538565253411,10.));
#2727 = CARTESIAN_POINT('',(-21.885143793,37.463750385192,0.));
#2728 = CARTESIAN_POINT('',(-21.885143793,37.463750385192,10.));
#2729 = CARTESIAN_POINT('',(-22.05910853822,37.382889898492,0.));
#2730 = CARTESIAN_POINT('',(-22.05910853822,37.382889898492,10.));
#2731 = CARTESIAN_POINT('',(-22.23014543679,37.296142395307,0.));
#2732 = CARTESIAN_POINT('',(-22.23014543679,37.296142395307,10.));
#2733 = CARTESIAN_POINT('',(-22.39805829623,37.203635232882,0.));
#2734 = CARTESIAN_POINT('',(-22.39805829623,37.203635232882,10.));
#2735 = CARTESIAN_POINT('',(-22.56266301214,37.105475559827,0.));
#2736 = CARTESIAN_POINT('',(-22.56266301214,37.105475559827,10.));
#2737 = CARTESIAN_POINT('',(-22.72378641305,37.001761353601,0.));
#2738 = CARTESIAN_POINT('',(-22.72378641305,37.001761353601,10.));
#2739 = CARTESIAN_POINT('',(-22.88126510539,36.892592457385,0.));
#2740 = CARTESIAN_POINT('',(-22.88126510539,36.892592457385,10.));
#2741 = CARTESIAN_POINT('',(-23.03494431848,36.778081617219,0.));
#2742 = CARTESIAN_POINT('',(-23.03494431848,36.778081617219,10.));
#2743 = CARTESIAN_POINT('',(-23.1846672647,36.658351326103,0.));
#2744 = CARTESIAN_POINT('',(-23.1846672647,36.658351326103,10.));
#2745 = CARTESIAN_POINT('',(-23.33026449997,36.533530668208,0.));
#2746 = CARTESIAN_POINT('',(-23.33026449997,36.533530668208,10.));
#2747 = CARTESIAN_POINT('',(-23.47154328354,36.403752163001,0.));
#2748 = CARTESIAN_POINT('',(-23.47154328354,36.403752163001,10.));
#2749 = CARTESIAN_POINT('',(-23.60827693925,36.26914860956,0.));
#2750 = CARTESIAN_POINT('',(-23.60827693925,36.26914860956,10.));
#2751 = CARTESIAN_POINT('',(-23.74019421267,36.129849930425,0.));
#2752 = CARTESIAN_POINT('',(-23.74019421267,36.129849930425,10.));
#2753 = CARTESIAN_POINT('',(-23.86700462072,35.98598408636,0.));
#2754 = CARTESIAN_POINT('',(-23.86700462072,35.98598408636,10.));
#2755 = CARTESIAN_POINT('',(-23.98842380532,35.837677991555,0.));
#2756 = CARTESIAN_POINT('',(-23.98842380532,35.837677991555,10.));
#2757 = CARTESIAN_POINT('',(-24.10419888514,35.685058428671,0.));
#2758 = CARTESIAN_POINT('',(-24.10419888514,35.685058428671,10.));
#2759 = CARTESIAN_POINT('',(-24.21413380924,35.528252963926,0.));
#2760 = CARTESIAN_POINT('',(-24.21413380924,35.528252963926,10.));
#2761 = CARTESIAN_POINT('',(-24.31811470762,35.367390862222,0.));
#2762 = CARTESIAN_POINT('',(-24.31811470762,35.367390862222,10.));
#2763 = CARTESIAN_POINT('',(-24.41604232067,35.202609436795,0.));
#2764 = CARTESIAN_POINT('',(-24.41604232067,35.202609436795,10.));
#2765 = CARTESIAN_POINT('',(-24.50776441621,35.034060399026,0.));
#2766 = CARTESIAN_POINT('',(-24.50776441621,35.034060399026,10.));
#2767 = CARTESIAN_POINT('',(-24.59300823595,34.861916207895,0.));
#2768 = CARTESIAN_POINT('',(-24.59300823595,34.861916207895,10.));
#2769 = CARTESIAN_POINT('',(-24.67131287205,34.686376420403,0.));
#2770 = CARTESIAN_POINT('',(-24.67131287205,34.686376420403,10.));
#2771 = CARTESIAN_POINT('',(-24.74196182945,34.507674039375,0.));
#2772 = CARTESIAN_POINT('',(-24.74196182945,34.507674039375,10.));
#2773 = CARTESIAN_POINT('',(-24.80416914445,34.326076546327,0.));
#2774 = CARTESIAN_POINT('',(-24.80416914445,34.326076546327,10.));
#2775 = CARTESIAN_POINT('',(-24.85726538667,34.141886943464,0.));
#2776 = CARTESIAN_POINT('',(-24.85726538667,34.141886943464,10.));
#2777 = CARTESIAN_POINT('',(-24.90088359009,33.955444781829,0.));
#2778 = CARTESIAN_POINT('',(-24.90088359009,33.955444781829,10.));
#2779 = CARTESIAN_POINT('',(-24.93514547835,33.767127219729,0.));
#2780 = CARTESIAN_POINT('',(-24.93514547835,33.767127219729,10.));
#2781 = CARTESIAN_POINT('',(-24.96084683612,33.57735000135,0.));
#2782 = CARTESIAN_POINT('',(-24.96084683612,33.57735000135,10.));
#2783 = CARTESIAN_POINT('',(-24.97930166854,33.38653789858,0.));
#2784 = CARTESIAN_POINT('',(-24.97930166854,33.38653789858,10.));
#2785 = CARTESIAN_POINT('',(-24.9921872012,33.195095216593,0.));
#2786 = CARTESIAN_POINT('',(-24.9921872012,33.195095216593,10.));
#2787 = CARTESIAN_POINT('',(-25.00138860798,33.003376301071,0.));
#2788 = CARTESIAN_POINT('',(-25.00138860798,33.003376301071,10.));
#2789 = CARTESIAN_POINT('',(-25.00884376551,32.811655986239,0.));
#2790 = CARTESIAN_POINT('',(-25.00884376551,32.811655986239,10.));
#2791 = CARTESIAN_POINT('',(-25.01638824398,32.620100229659,0.));
#2792 = CARTESIAN_POINT('',(-25.01638824398,32.620100229659,10.));
#2793 = CARTESIAN_POINT('',(-25.02570161323,32.42880245823,0.));
#2794 = CARTESIAN_POINT('',(-25.02570161323,32.42880245823,10.));
#2795 = CARTESIAN_POINT('',(-25.03825343875,32.237819725209,0.));
#2796 = CARTESIAN_POINT('',(-25.03825343875,32.237819725209,10.));
#2797 = CARTESIAN_POINT('',(-25.0552494045,32.047208932798,0.));
#2798 = CARTESIAN_POINT('',(-25.0552494045,32.047208932798,10.));
#2799 = CARTESIAN_POINT('',(-25.07757735436,31.857063037267,0.));
#2800 = CARTESIAN_POINT('',(-25.07757735436,31.857063037267,10.));
#2801 = CARTESIAN_POINT('',(-25.10575344231,31.667547233049,0.));
#2802 = CARTESIAN_POINT('',(-25.10575344231,31.667547233049,10.));
#2803 = CARTESIAN_POINT('',(-25.14001129812,31.478880342962,0.));
#2804 = CARTESIAN_POINT('',(-25.14001129812,31.478880342962,10.));
#2805 = CARTESIAN_POINT('',(-25.18039110702,31.291316245007,0.));
#2806 = CARTESIAN_POINT('',(-25.18039110702,31.291316245007,10.));
#2807 = CARTESIAN_POINT('',(-25.22682872147,31.105125285373,0.));
#2808 = CARTESIAN_POINT('',(-25.22682872147,31.105125285373,10.));
#2809 = CARTESIAN_POINT('',(-25.27924475686,30.920575697787,0.));
#2810 = CARTESIAN_POINT('',(-25.27924475686,30.920575697787,10.));
#2811 = CARTESIAN_POINT('',(-25.33763369976,30.737915018958,0.));
#2812 = CARTESIAN_POINT('',(-25.33763369976,30.737915018958,10.));
#2813 = CARTESIAN_POINT('',(-25.40203682944,30.557375336264,0.));
#2814 = CARTESIAN_POINT('',(-25.40203682944,30.557375336264,10.));
#2815 = CARTESIAN_POINT('',(-25.47251513415,30.379178536253,0.));
#2816 = CARTESIAN_POINT('',(-25.47251513415,30.379178536253,10.));
#2817 = CARTESIAN_POINT('',(-25.54912222837,30.203541553023,0.));
#2818 = CARTESIAN_POINT('',(-25.54912222837,30.203541553023,10.));
#2819 = CARTESIAN_POINT('',(-25.63187727206,30.030681616194,0.));
#2820 = CARTESIAN_POINT('',(-25.63187727206,30.030681616194,10.));
#2821 = CARTESIAN_POINT('',(-25.72073788224,29.860821500302,0.));
#2822 = CARTESIAN_POINT('',(-25.72073788224,29.860821500302,10.));
#2823 = CARTESIAN_POINT('',(-25.81561397288,29.694187119719,0.));
#2824 = CARTESIAN_POINT('',(-25.81561397288,29.694187119719,10.));
#2825 = CARTESIAN_POINT('',(-25.91638160259,29.531005122074,0.));
#2826 = CARTESIAN_POINT('',(-25.91638160259,29.531005122074,10.));
#2827 = CARTESIAN_POINT('',(-26.02289681965,29.37150048222,0.));
#2828 = CARTESIAN_POINT('',(-26.02289681965,29.37150048222,10.));
#2829 = CARTESIAN_POINT('',(-26.13500950737,29.215894096002,0.));
#2830 = CARTESIAN_POINT('',(-26.13500950737,29.215894096002,10.));
#2831 = CARTESIAN_POINT('',(-26.25257723134,29.064400374011,0.));
#2832 = CARTESIAN_POINT('',(-26.25257723134,29.064400374011,10.));
#2833 = CARTESIAN_POINT('',(-26.37546072946,28.917225563788,0.));
#2834 = CARTESIAN_POINT('',(-26.37546072946,28.917225563788,10.));
#2835 = CARTESIAN_POINT('',(-26.5035193994,28.774566072124,0.));
#2836 = CARTESIAN_POINT('',(-26.5035193994,28.774566072124,10.));
#2837 = CARTESIAN_POINT('',(-26.63660678706,28.636606787298,0.));
#2838 = CARTESIAN_POINT('',(-26.63660678706,28.636606787298,10.));
#2839 = CARTESIAN_POINT('',(-26.77456607453,28.503519401308,0.));
#2840 = CARTESIAN_POINT('',(-26.77456607453,28.503519401308,10.));
#2841 = CARTESIAN_POINT('',(-26.91722556826,28.37546073209,0.));
#2842 = CARTESIAN_POINT('',(-26.91722556826,28.37546073209,10.));
#2843 = CARTESIAN_POINT('',(-27.0644003777,28.252577234756,0.));
#2844 = CARTESIAN_POINT('',(-27.0644003777,28.252577234756,10.));
#2845 = CARTESIAN_POINT('',(-27.21589409385,28.135009512978,0.));
#2846 = CARTESIAN_POINT('',(-27.21589409385,28.135009512978,10.));
#2847 = CARTESIAN_POINT('',(-27.37150046784,28.02289682996,0.));
#2848 = CARTESIAN_POINT('',(-27.37150046784,28.02289682996,10.));
#2849 = CARTESIAN_POINT('',(-27.5310050895,27.916381620361,0.));
#2850 = CARTESIAN_POINT('',(-27.5310050895,27.916381620361,10.));
#2851 = CARTESIAN_POINT('',(-27.69418706593,27.815613999661,0.));
#2852 = CARTESIAN_POINT('',(-27.69418706593,27.815613999661,10.));
#2853 = CARTESIAN_POINT('',(-27.86082142662,27.720737917525,0.));
#2854 = CARTESIAN_POINT('',(-27.86082142662,27.720737917525,10.));
#2855 = CARTESIAN_POINT('',(-28.03068152856,27.63187731309,0.));
#2856 = CARTESIAN_POINT('',(-28.03068152856,27.63187731309,10.));
#2857 = CARTESIAN_POINT('',(-28.2035414611,27.549122270571,0.));
#2858 = CARTESIAN_POINT('',(-28.2035414611,27.549122270571,10.));
#2859 = CARTESIAN_POINT('',(-28.37917845144,27.472515172178,0.));
#2860 = CARTESIAN_POINT('',(-28.37917845144,27.472515172178,10.));
#2861 = CARTESIAN_POINT('',(-28.55737526851,27.402036858874,0.));
#2862 = CARTESIAN_POINT('',(-28.55737526851,27.402036858874,10.));
#2863 = CARTESIAN_POINT('',(-28.73791497461,27.337633718197,0.));
#2864 = CARTESIAN_POINT('',(-28.73791497461,27.337633718197,10.));
#2865 = CARTESIAN_POINT('',(-28.92057567846,27.279244764345,0.));
#2866 = CARTESIAN_POINT('',(-28.92057567846,27.279244764345,10.));
#2867 = CARTESIAN_POINT('',(-29.10512528782,27.226828720356,0.));
#2868 = CARTESIAN_POINT('',(-29.10512528782,27.226828720356,10.));
#2869 = CARTESIAN_POINT('',(-29.29131626197,27.180391101128,0.));
#2870 = CARTESIAN_POINT('',(-29.29131626197,27.180391101128,10.));
#2871 = CARTESIAN_POINT('',(-29.47888036509,27.140011291332,0.));
#2872 = CARTESIAN_POINT('',(-29.47888036509,27.140011291332,10.));
#2873 = CARTESIAN_POINT('',(-29.66754725048,27.10575343758,0.));
#2874 = CARTESIAN_POINT('',(-29.66754725048,27.10575343758,10.));
#2875 = CARTESIAN_POINT('',(-29.85706304102,27.077577353165,0.));
#2876 = CARTESIAN_POINT('',(-29.85706304102,27.077577353165,10.));
#2877 = CARTESIAN_POINT('',(-30.0472089158,27.055249406807,0.));
#2878 = CARTESIAN_POINT('',(-30.0472089158,27.055249406807,10.));
#2879 = CARTESIAN_POINT('',(-30.23781968313,27.038253443349,0.));
#2880 = CARTESIAN_POINT('',(-30.23781968313,27.038253443349,10.));
#2881 = CARTESIAN_POINT('',(-30.42880239005,27.025701618591,0.));
#2882 = CARTESIAN_POINT('',(-30.42880239005,27.025701618591,10.));
#2883 = CARTESIAN_POINT('',(-30.62010013763,27.016388248857,0.));
#2884 = CARTESIAN_POINT('',(-30.62010013763,27.016388248857,10.));
#2885 = CARTESIAN_POINT('',(-30.81165587546,27.008843769366,0.));
#2886 = CARTESIAN_POINT('',(-30.81165587546,27.008843769366,10.));
#2887 = CARTESIAN_POINT('',(-31.00337617847,27.001388611149,0.));
#2888 = CARTESIAN_POINT('',(-31.00337617847,27.001388611149,10.));
#2889 = CARTESIAN_POINT('',(-31.1950950894,26.992187204879,0.));
#2890 = CARTESIAN_POINT('',(-31.1950950894,26.992187204879,10.));
#2891 = CARTESIAN_POINT('',(-31.38653777235,26.979301674565,0.));
#2892 = CARTESIAN_POINT('',(-31.38653777235,26.979301674565,10.));
#2893 = CARTESIAN_POINT('',(-31.57734987887,26.96084684671,0.));
#2894 = CARTESIAN_POINT('',(-31.57734987887,26.96084684671,10.));
#2895 = CARTESIAN_POINT('',(-31.76712710076,26.935145495785,0.));
#2896 = CARTESIAN_POINT('',(-31.76712710076,26.935145495785,10.));
#2897 = CARTESIAN_POINT('',(-31.95544466378,26.900883616284,0.));
#2898 = CARTESIAN_POINT('',(-31.95544466378,26.900883616284,10.));
#2899 = CARTESIAN_POINT('',(-32.14188682289,26.857265422755,0.));
#2900 = CARTESIAN_POINT('',(-32.14188682289,26.857265422755,10.));
#2901 = CARTESIAN_POINT('',(-32.32607642132,26.80416919011,0.));
#2902 = CARTESIAN_POINT('',(-32.32607642132,26.80416919011,10.));
#2903 = CARTESIAN_POINT('',(-32.5076739109,26.74196188259,0.));
#2904 = CARTESIAN_POINT('',(-32.5076739109,26.74196188259,10.));
#2905 = CARTESIAN_POINT('',(-32.68637629256,26.671312928985,0.));
#2906 = CARTESIAN_POINT('',(-32.68637629256,26.671312928985,10.));
#2907 = CARTESIAN_POINT('',(-32.86191608717,26.593008292073,0.));
#2908 = CARTESIAN_POINT('',(-32.86191608717,26.593008292073,10.));
#2909 = CARTESIAN_POINT('',(-33.03406029247,26.507764467071,0.));
#2910 = CARTESIAN_POINT('',(-33.03406029247,26.507764467071,10.));
#2911 = CARTESIAN_POINT('',(-33.20260934915,26.416042363642,0.));
#2912 = CARTESIAN_POINT('',(-33.20260934915,26.416042363642,10.));
#2913 = CARTESIAN_POINT('',(-33.36739079425,26.318114742922,0.));
#2914 = CARTESIAN_POINT('',(-33.36739079425,26.318114742922,10.));
#2915 = CARTESIAN_POINT('',(-33.5282529119,26.214133840079,0.));
#2916 = CARTESIAN_POINT('',(-33.5282529119,26.214133840079,10.));
#2917 = CARTESIAN_POINT('',(-33.68505838509,26.104198917153,0.));
#2918 = CARTESIAN_POINT('',(-33.68505838509,26.104198917153,10.));
#2919 = CARTESIAN_POINT('',(-33.83767794703,25.98842384515,0.));
#2920 = CARTESIAN_POINT('',(-33.83767794703,25.98842384515,10.));
#2921 = CARTESIAN_POINT('',(-33.9859840327,25.867004673876,0.));
#2922 = CARTESIAN_POINT('',(-33.9859840327,25.867004673876,10.));
#2923 = CARTESIAN_POINT('',(-34.12984986262,25.740194282138,0.));
#2924 = CARTESIAN_POINT('',(-34.12984986262,25.740194282138,10.));
#2925 = CARTESIAN_POINT('',(-34.2691485267,25.608277024972,0.));
#2926 = CARTESIAN_POINT('',(-34.2691485267,25.608277024972,10.));
#2927 = CARTESIAN_POINT('',(-34.40375206812,25.471543382748,0.));
#2928 = CARTESIAN_POINT('',(-34.40375206812,25.471543382748,10.));
#2929 = CARTESIAN_POINT('',(-34.53353056701,25.33026460829,0.));
#2930 = CARTESIAN_POINT('',(-34.53353056701,25.33026460829,10.));
#2931 = CARTESIAN_POINT('',(-34.65835122464,25.184667378194,0.));
#2932 = CARTESIAN_POINT('',(-34.65835122464,25.184667378194,10.));
#2933 = CARTESIAN_POINT('',(-34.77808152028,25.034944434832,0.));
#2934 = CARTESIAN_POINT('',(-34.77808152028,25.034944434832,10.));
#2935 = CARTESIAN_POINT('',(-34.89259236766,24.88126522431,0.));
#2936 = CARTESIAN_POINT('',(-34.89259236766,24.88126522431,10.));
#2937 = CARTESIAN_POINT('',(-35.00176127154,24.723786535851,0.));
#2938 = CARTESIAN_POINT('',(-35.00176127154,24.723786535851,10.));
#2939 = CARTESIAN_POINT('',(-35.10547548429,24.56266314054,0.));
#2940 = CARTESIAN_POINT('',(-35.10547548429,24.56266314054,10.));
#2941 = CARTESIAN_POINT('',(-35.20363516248,24.398058430313,0.));
#2942 = CARTESIAN_POINT('',(-35.20363516248,24.398058430313,10.));
#2943 = CARTESIAN_POINT('',(-35.29614232928,24.230145573966,0.));
#2944 = CARTESIAN_POINT('',(-35.29614232928,24.230145573966,10.));
#2945 = CARTESIAN_POINT('',(-35.38288983714,24.059108673166,0.));
#2946 = CARTESIAN_POINT('',(-35.38288983714,24.059108673166,10.));
#2947 = CARTESIAN_POINT('',(-35.46375032985,23.885143918626,0.));
#2948 = CARTESIAN_POINT('',(-35.46375032985,23.885143918626,10.));
#2949 = CARTESIAN_POINT('',(-35.53856520591,23.708460745915,0.));
#2950 = CARTESIAN_POINT('',(-35.53856520591,23.708460745915,10.));
#2951 = CARTESIAN_POINT('',(-35.60713357816,23.529282992374,0.));
#2952 = CARTESIAN_POINT('',(-35.60713357816,23.529282992374,10.));
#2953 = CARTESIAN_POINT('',(-35.66923604366,23.347840041403,0.));
#2954 = CARTESIAN_POINT('',(-35.66923604366,23.347840041403,10.));
#2955 = CARTESIAN_POINT('',(-35.72465845776,23.164357965549,0.));
#2956 = CARTESIAN_POINT('',(-35.72465845776,23.164357965549,10.));
#2957 = CARTESIAN_POINT('',(-35.77321570622,22.979050670209,0.));
#2958 = CARTESIAN_POINT('',(-35.77321570622,22.979050670209,10.));
#2959 = CARTESIAN_POINT('',(-35.81477547904,22.792111036657,0.));
#2960 = CARTESIAN_POINT('',(-35.81477547904,22.792111036657,10.));
#2961 = CARTESIAN_POINT('',(-35.84928204161,22.603702066242,0.));
#2962 = CARTESIAN_POINT('',(-35.84928204161,22.603702066242,10.));
#2963 = CARTESIAN_POINT('',(-35.8766962375,22.413988604868,0.));
#2964 = CARTESIAN_POINT('',(-35.8766962375,22.413988604868,10.));
#2965 = CARTESIAN_POINT('',(-35.89693547995,22.223169072302,0.));
#2966 = CARTESIAN_POINT('',(-35.89693547995,22.223169072302,10.));
#2967 = CARTESIAN_POINT('',(-35.90981377036,22.03150717995,0.));
#2968 = CARTESIAN_POINT('',(-35.90981377036,22.03150717995,10.));
#2969 = CARTESIAN_POINT('',(-35.91498165256,21.839363676232,0.));
#2970 = CARTESIAN_POINT('',(-35.91498165256,21.839363676232,10.));
#2971 = CARTESIAN_POINT('',(-35.91186633775,21.647228018477,0.));
#2972 = CARTESIAN_POINT('',(-35.91186633775,21.647228018477,10.));
#2973 = CARTESIAN_POINT('',(-35.8998440509,21.455648102673,0.));
#2974 = CARTESIAN_POINT('',(-35.8998440509,21.455648102673,10.));
#2975 = CARTESIAN_POINT('',(-35.87841227291,21.265160046269,0.));
#2976 = CARTESIAN_POINT('',(-35.87841227291,21.265160046269,10.));
#2977 = CARTESIAN_POINT('',(-35.84736191194,21.076217985338,0.));
#2978 = CARTESIAN_POINT('',(-35.84736191194,21.076217985338,10.));
#2979 = CARTESIAN_POINT('',(-35.80694975822,20.889123787103,0.));
#2980 = CARTESIAN_POINT('',(-35.80694975822,20.889123787103,10.));
#2981 = CARTESIAN_POINT('',(-35.7580701193,20.703957015499,0.));
#2982 = CARTESIAN_POINT('',(-35.7580701193,20.703957015499,10.));
#2983 = CARTESIAN_POINT('',(-35.70209953083,20.520607260582,0.));
#2984 = CARTESIAN_POINT('',(-35.70209953083,20.520607260582,10.));
#2985 = CARTESIAN_POINT('',(-35.64074226807,20.338806205179,0.));
#2986 = CARTESIAN_POINT('',(-35.64074226807,20.338806205179,10.));
#2987 = CARTESIAN_POINT('',(-35.57587560683,20.158159797201,0.));
#2988 = CARTESIAN_POINT('',(-35.57587560683,20.158159797201,10.));
#2989 = CARTESIAN_POINT('',(-35.50939508615,19.978180357086,0.));
#2990 = CARTESIAN_POINT('',(-35.50939508615,19.978180357086,10.));
#2991 = CARTESIAN_POINT('',(-35.44306006097,19.798318767333,0.));
#2992 = CARTESIAN_POINT('',(-35.44306006097,19.798318767333,10.));
#2993 = CARTESIAN_POINT('',(-35.37845800442,19.618018599583,0.));
#2994 = CARTESIAN_POINT('',(-35.37845800442,19.618018599583,10.));
#2995 = CARTESIAN_POINT('',(-35.31696845132,19.436770185811,0.));
#2996 = CARTESIAN_POINT('',(-35.31696845132,19.436770185811,10.));
#2997 = CARTESIAN_POINT('',(-35.25972708393,19.254164701517,0.));
#2998 = CARTESIAN_POINT('',(-35.25972708393,19.254164701517,10.));
#2999 = CARTESIAN_POINT('',(-35.20758973586,19.069948263954,0.));
#3000 = CARTESIAN_POINT('',(-35.20758973586,19.069948263954,10.));
#3001 = CARTESIAN_POINT('',(-35.16109648838,18.884075969299,0.));
#3002 = CARTESIAN_POINT('',(-35.16109648838,18.884075969299,10.));
#3003 = CARTESIAN_POINT('',(-35.12054692711,18.696660577241,0.));
#3004 = CARTESIAN_POINT('',(-35.12054692711,18.696660577241,10.));
#3005 = CARTESIAN_POINT('',(-35.08607533329,18.507921262239,0.));
#3006 = CARTESIAN_POINT('',(-35.08607533329,18.507921262239,10.));
#3007 = CARTESIAN_POINT('',(-35.05772589931,18.318132339806,0.));
#3008 = CARTESIAN_POINT('',(-35.05772589931,18.318132339806,10.));
#3009 = CARTESIAN_POINT('',(-35.03552793196,18.127572004771,0.));
#3010 = CARTESIAN_POINT('',(-35.03552793196,18.127572004771,10.));
#3011 = CARTESIAN_POINT('',(-35.0195710657,17.936471061123,0.));
#3012 = CARTESIAN_POINT('',(-35.0195710657,17.936471061123,10.));
#3013 = CARTESIAN_POINT('',(-35.00998225359,17.745028132757,0.));
#3014 = CARTESIAN_POINT('',(-35.00998225359,17.745028132757,10.));
#3015 = CARTESIAN_POINT('',(-35.00690275373,17.553424876911,0.));
#3016 = CARTESIAN_POINT('',(-35.00690275373,17.553424876911,10.));
#3017 = CARTESIAN_POINT('',(-35.01046511653,17.361841197193,0.));
#3018 = CARTESIAN_POINT('',(-35.01046511653,17.361841197193,10.));
#3019 = CARTESIAN_POINT('',(-35.02077017367,17.1704704554,0.));
#3020 = CARTESIAN_POINT('',(-35.02077017367,17.1704704554,10.));
#3021 = CARTESIAN_POINT('',(-35.03786402049,16.97953468763,0.));
#3022 = CARTESIAN_POINT('',(-35.03786402049,16.97953468763,10.));
#3023 = CARTESIAN_POINT('',(-35.06174988204,16.789277085982,0.));
#3024 = CARTESIAN_POINT('',(-35.06174988204,16.789277085982,10.));
#3025 = CARTESIAN_POINT('',(-35.09239998571,16.599954475876,0.));
#3026 = CARTESIAN_POINT('',(-35.09239998571,16.599954475876,10.));
#3027 = CARTESIAN_POINT('',(-35.1297674316,16.411829794912,0.));
#3028 = CARTESIAN_POINT('',(-35.1297674316,16.411829794912,10.));
#3029 = CARTESIAN_POINT('',(-35.17379806314,16.225164571408,0.));
#3030 = CARTESIAN_POINT('',(-35.17379806314,16.225164571408,10.));
#3031 = CARTESIAN_POINT('',(-35.22444233949,16.040211402212,0.));
#3032 = CARTESIAN_POINT('',(-35.22444233949,16.040211402212,10.));
#3033 = CARTESIAN_POINT('',(-35.28165052675,15.857214128505,0.));
#3034 = CARTESIAN_POINT('',(-35.28165052675,15.857214128505,10.));
#3035 = CARTESIAN_POINT('',(-35.34536788694,15.676408012679,0.));
#3036 = CARTESIAN_POINT('',(-35.34536788694,15.676408012679,10.));
#3037 = CARTESIAN_POINT('',(-35.41552986779,15.498019914795,0.));
#3038 = CARTESIAN_POINT('',(-35.41552986779,15.498019914795,10.));
#3039 = CARTESIAN_POINT('',(-35.49205729212,15.32226846919,0.));
#3040 = CARTESIAN_POINT('',(-35.49205729212,15.32226846919,10.));
#3041 = CARTESIAN_POINT('',(-35.57485154742,15.149364261017,0.));
#3042 = CARTESIAN_POINT('',(-35.57485154742,15.149364261017,10.));
#3043 = CARTESIAN_POINT('',(-35.66379786303,14.979513351712,0.));
#3044 = CARTESIAN_POINT('',(-35.66379786303,14.979513351712,10.));
#3045 = CARTESIAN_POINT('',(-35.75876858737,14.812920804602,0.));
#3046 = CARTESIAN_POINT('',(-35.75876858737,14.812920804602,10.));
#3047 = CARTESIAN_POINT('',(-35.85962646508,14.649794210128,0.));
#3048 = CARTESIAN_POINT('',(-35.85962646508,14.649794210128,10.));
#3049 = CARTESIAN_POINT('',(-35.96622791437,14.490347211984,0.));
#3050 = CARTESIAN_POINT('',(-35.96622791437,14.490347211984,10.));
#3051 = CARTESIAN_POINT('',(-36.0784263035,14.33480303084,0.));
#3052 = CARTESIAN_POINT('',(-36.0784263035,14.33480303084,10.));
#3053 = CARTESIAN_POINT('',(-36.196068874,14.183380751329,0.));
#3054 = CARTESIAN_POINT('',(-36.196068874,14.183380751329,10.));
#3055 = CARTESIAN_POINT('',(-36.31899366446,14.036281610815,0.));
#3056 = CARTESIAN_POINT('',(-36.31899366446,14.036281610815,10.));
#3057 = CARTESIAN_POINT('',(-36.44702643442,13.893675288513,0.));
#3058 = CARTESIAN_POINT('',(-36.44702643442,13.893675288513,10.));
#3059 = CARTESIAN_POINT('',(-36.57997758759,13.75568619195,0.));
#3060 = CARTESIAN_POINT('',(-36.57997758759,13.75568619195,10.));
#3061 = CARTESIAN_POINT('',(-36.71763909679,13.62237975121,0.));
#3062 = CARTESIAN_POINT('',(-36.71763909679,13.62237975121,10.));
#3063 = CARTESIAN_POINT('',(-36.85979002113,13.4937894533,0.));
#3064 = CARTESIAN_POINT('',(-36.85979002113,13.4937894533,10.));
#3065 = CARTESIAN_POINT('',(-37.00620202154,13.369943868803,0.));
#3066 = CARTESIAN_POINT('',(-37.00620202154,13.369943868803,10.));
#3067 = CARTESIAN_POINT('',(-37.15664487674,13.250893680638,0.));
#3068 = CARTESIAN_POINT('',(-37.15664487674,13.250893680638,10.));
#3069 = CARTESIAN_POINT('',(-37.31089199938,13.136738713631,0.));
#3070 = CARTESIAN_POINT('',(-37.31089199938,13.136738713631,10.));
#3071 = CARTESIAN_POINT('',(-37.46872595107,13.027654959063,0.));
#3072 = CARTESIAN_POINT('',(-37.46872595107,13.027654959063,10.));
#3073 = CARTESIAN_POINT('',(-37.62992151189,12.923805137877,0.));
#3074 = CARTESIAN_POINT('',(-37.62992151189,12.923805137877,10.));
#3075 = CARTESIAN_POINT('',(-37.79422875116,12.825249276972,0.));
#3076 = CARTESIAN_POINT('',(-37.79422875116,12.825249276972,10.));
#3077 = CARTESIAN_POINT('',(-37.96135609791,12.731855268317,0.));
#3078 = CARTESIAN_POINT('',(-37.96135609791,12.731855268317,10.));
#3079 = CARTESIAN_POINT('',(-38.13095341089,12.643209462852,0.));
#3080 = CARTESIAN_POINT('',(-38.13095341089,12.643209462852,10.));
#3081 = CARTESIAN_POINT('',(-38.30259504949,12.558527171059,0.));
#3082 = CARTESIAN_POINT('',(-38.30259504949,12.558527171059,10.));
#3083 = CARTESIAN_POINT('',(-38.47576705081,12.476716260733,0.));
#3084 = CARTESIAN_POINT('',(-38.47576705081,12.476716260733,10.));
#3085 = CARTESIAN_POINT('',(-38.64985432901,12.396440863305,0.));
#3086 = CARTESIAN_POINT('',(-38.64985432901,12.396440863305,10.));
#3087 = CARTESIAN_POINT('',(-38.82412782739,12.316185011611,0.));
#3088 = CARTESIAN_POINT('',(-38.82412782739,12.316185011611,10.));
#3089 = CARTESIAN_POINT('',(-38.99773177947,12.234316369805,0.));
#3090 = CARTESIAN_POINT('',(-38.99773177947,12.234316369805,10.));
#3091 = CARTESIAN_POINT('',(-39.16967067693,12.14914974907,0.));
#3092 = CARTESIAN_POINT('',(-39.16967067693,12.14914974907,10.));
#3093 = CARTESIAN_POINT('',(-39.33889571983,12.05907907948,0.));
#3094 = CARTESIAN_POINT('',(-39.33889571983,12.05907907948,10.));
#3095 = CARTESIAN_POINT('',(-39.50439152968,11.962709528741,0.));
#3096 = CARTESIAN_POINT('',(-39.50439152968,11.962709528741,10.));
#3097 = CARTESIAN_POINT('',(-39.66526281812,11.858989668133,0.));
#3098 = CARTESIAN_POINT('',(-39.66526281812,11.858989668133,10.));
#3099 = CARTESIAN_POINT('',(-39.8208209529,11.747343386499,0.));
#3100 = CARTESIAN_POINT('',(-39.8208209529,11.747343386499,10.));
#3101 = CARTESIAN_POINT('',(-39.97067090444,11.627802556171,0.));
#3102 = CARTESIAN_POINT('',(-39.97067090444,11.627802556171,10.));
#3103 = CARTESIAN_POINT('',(-40.11463940225,11.500836147361,0.));
#3104 = CARTESIAN_POINT('',(-40.11463940225,11.500836147361,10.));
#3105 = CARTESIAN_POINT('',(-40.25270269103,11.367178584346,0.));
#3106 = CARTESIAN_POINT('',(-40.25270269103,11.367178584346,10.));
#3107 = CARTESIAN_POINT('',(-40.38491442719,11.227658361884,0.));
#3108 = CARTESIAN_POINT('',(-40.38491442719,11.227658361884,10.));
#3109 = CARTESIAN_POINT('',(-40.51133353557,11.083026601347,0.));
#3110 = CARTESIAN_POINT('',(-40.51133353557,11.083026601347,10.));
#3111 = CARTESIAN_POINT('',(-40.6319520299,10.933785495778,0.));
#3112 = CARTESIAN_POINT('',(-40.6319520299,10.933785495778,10.));
#3113 = CARTESIAN_POINT('',(-40.74671495633,10.780253042328,0.));
#3114 = CARTESIAN_POINT('',(-40.74671495633,10.780253042328,10.));
#3115 = CARTESIAN_POINT('',(-40.85554040559,10.622627947099,0.));
#3116 = CARTESIAN_POINT('',(-40.85554040559,10.622627947099,10.));
#3117 = CARTESIAN_POINT('',(-40.95833949921,10.461054465206,0.));
#3118 = CARTESIAN_POINT('',(-40.95833949921,10.461054465206,10.));
#3119 = CARTESIAN_POINT('',(-41.05503638681,10.295687267996,0.));
#3120 = CARTESIAN_POINT('',(-41.05503638681,10.295687267996,10.));
#3121 = CARTESIAN_POINT('',(-41.14558823869,10.126756298899,0.));
#3122 = CARTESIAN_POINT('',(-41.14558823869,10.126756298899,10.));
#3123 = CARTESIAN_POINT('',(-41.22997469841,9.95454370387,0.));
#3124 = CARTESIAN_POINT('',(-41.22997469841,9.95454370387,10.));
#3125 = CARTESIAN_POINT('',(-41.3081873343,9.779360759093,0.));
#3126 = CARTESIAN_POINT('',(-41.3081873343,9.779360759093,10.));
#3127 = CARTESIAN_POINT('',(-41.3802190917,9.601524800397,0.));
#3128 = CARTESIAN_POINT('',(-41.3802190917,9.601524800397,10.));
#3129 = CARTESIAN_POINT('',(-41.44605374425,9.421336150893,0.));
#3130 = CARTESIAN_POINT('',(-41.44605374425,9.421336150893,10.));
#3131 = CARTESIAN_POINT('',(-41.50565534731,9.239055052326,0.));
#3132 = CARTESIAN_POINT('',(-41.50565534731,9.239055052326,10.));
#3133 = CARTESIAN_POINT('',(-41.55897522701,9.054910288912,0.));
#3134 = CARTESIAN_POINT('',(-41.55897522701,9.054910288912,10.));
#3135 = CARTESIAN_POINT('',(-41.60595896738,8.869107807621,0.));
#3136 = CARTESIAN_POINT('',(-41.60595896738,8.869107807621,10.));
#3137 = CARTESIAN_POINT('',(-41.64655339825,8.681839339702,0.));
#3138 = CARTESIAN_POINT('',(-41.64655339825,8.681839339702,10.));
#3139 = CARTESIAN_POINT('',(-41.68071358269,8.493291021645,0.));
#3140 = CARTESIAN_POINT('',(-41.68071358269,8.493291021645,10.));
#3141 = CARTESIAN_POINT('',(-41.70840980479,8.303652016344,0.));
#3142 = CARTESIAN_POINT('',(-41.70840980479,8.303652016344,10.));
#3143 = CARTESIAN_POINT('',(-41.7296178146,8.11311980501,0.));
#3144 = CARTESIAN_POINT('',(-41.7296178146,8.11311980501,10.));
#3145 = CARTESIAN_POINT('',(-41.74430907335,7.921905478998,0.));
#3146 = CARTESIAN_POINT('',(-41.74430907335,7.921905478998,10.));
#3147 = CARTESIAN_POINT('',(-41.75244099817,7.73023903201,0.));
#3148 = CARTESIAN_POINT('',(-41.75244099817,7.73023903201,10.));
#3149 = CARTESIAN_POINT('',(-41.75394720792,7.538374651437,0.));
#3150 = CARTESIAN_POINT('',(-41.75394720792,7.538374651437,10.));
#3151 = CARTESIAN_POINT('',(-41.74872776589,7.346596012217,0.));
#3152 = CARTESIAN_POINT('',(-41.74872776589,7.346596012217,10.));
#3153 = CARTESIAN_POINT('',(-41.73666775143,7.15519899884,0.));
#3154 = CARTESIAN_POINT('',(-41.73666775143,7.15519899884,10.));
#3155 = CARTESIAN_POINT('',(-41.7176558349,6.964474424716,0.));
#3156 = CARTESIAN_POINT('',(-41.7176558349,6.964474424716,10.));
#3157 = CARTESIAN_POINT('',(-41.69160285108,6.774690752821,0.));
#3158 = CARTESIAN_POINT('',(-41.69160285108,6.774690752821,10.));
#3159 = CARTESIAN_POINT('',(-41.65846037394,6.586076815058,0.));
#3160 = CARTESIAN_POINT('',(-41.65846037394,6.586076815058,10.));
#3161 = CARTESIAN_POINT('',(-41.61823928935,6.398804533745,0.));
#3162 = CARTESIAN_POINT('',(-41.61823928935,6.398804533745,10.));
#3163 = CARTESIAN_POINT('',(-41.57096650527,6.213041191163,0.));
#3164 = CARTESIAN_POINT('',(-41.57096650527,6.213041191163,10.));
#3165 = CARTESIAN_POINT('',(-41.51664165345,6.029001707849,0.));
#3166 = CARTESIAN_POINT('',(-41.51664165345,6.029001707849,10.));
#3167 = CARTESIAN_POINT('',(-41.45519381155,5.847000899968,0.));
#3168 = CARTESIAN_POINT('',(-41.45519381155,5.847000899968,10.));
#3169 = CARTESIAN_POINT('',(-41.38643817663,5.66750578668,0.));
#3170 = CARTESIAN_POINT('',(-41.38643817663,5.66750578668,10.));
#3171 = CARTESIAN_POINT('',(-41.31003286806,5.491187764376,0.));
#3172 = CARTESIAN_POINT('',(-41.31003286806,5.491187764376,10.));
#3173 = CARTESIAN_POINT('',(-41.22561126355,5.318791731321,0.));
#3174 = CARTESIAN_POINT('',(-41.22561126355,5.318791731321,10.));
#3175 = CARTESIAN_POINT('',(-41.13291425927,5.151005301186,0.));
#3176 = CARTESIAN_POINT('',(-41.13291425927,5.151005301186,10.));
#3177 = CARTESIAN_POINT('',(-41.0319224699,4.988328056972,0.));
#3178 = CARTESIAN_POINT('',(-41.0319224699,4.988328056972,10.));
#3179 = CARTESIAN_POINT('',(-40.92298865825,4.830940618268,0.));
#3180 = CARTESIAN_POINT('',(-40.92298865825,4.830940618268,10.));
#3181 = CARTESIAN_POINT('',(-40.80696950458,4.678574255875,0.));
#3182 = CARTESIAN_POINT('',(-40.80696950458,4.678574255875,10.));
#3183 = CARTESIAN_POINT('',(-40.68509450993,4.530600186926,0.));
#3184 = CARTESIAN_POINT('',(-40.68509450993,4.530600186926,10.));
#3185 = CARTESIAN_POINT('',(-40.55883553881,4.386118320762,0.));
#3186 = CARTESIAN_POINT('',(-40.55883553881,4.386118320762,10.));
#3187 = CARTESIAN_POINT('',(-40.42977617069,4.244046198381,0.));
#3188 = CARTESIAN_POINT('',(-40.42977617069,4.244046198381,10.));
#3189 = CARTESIAN_POINT('',(-40.29948102843,4.103207871223,0.));
#3190 = CARTESIAN_POINT('',(-40.29948102843,4.103207871223,10.));
#3191 = CARTESIAN_POINT('',(-40.16936540586,3.962422744887,0.));
#3192 = CARTESIAN_POINT('',(-40.16936540586,3.962422744887,10.));
#3193 = CARTESIAN_POINT('',(-40.04068300101,3.82056924693,0.));
#3194 = CARTESIAN_POINT('',(-40.04068300101,3.82056924693,10.));
#3195 = CARTESIAN_POINT('',(-39.91451329634,3.676648580383,0.));
#3196 = CARTESIAN_POINT('',(-39.91451329634,3.676648580383,10.));
#3197 = CARTESIAN_POINT('',(-39.7917490751,3.529848433866,0.));
#3198 = CARTESIAN_POINT('',(-39.7917490751,3.529848433866,10.));
#3199 = CARTESIAN_POINT('',(-39.67308386771,3.379606736968,0.));
#3200 = CARTESIAN_POINT('',(-39.67308386771,3.379606736968,10.));
#3201 = CARTESIAN_POINT('',(-39.55899946026,3.225675323801,0.));
#3202 = CARTESIAN_POINT('',(-39.55899946026,3.225675323801,10.));
#3203 = CARTESIAN_POINT('',(-39.44981578504,3.068043724289,0.));
#3204 = CARTESIAN_POINT('',(-39.44981578504,3.068043724289,10.));
#3205 = CARTESIAN_POINT('',(-39.34574077617,2.906863042022,0.));
#3206 = CARTESIAN_POINT('',(-39.34574077617,2.906863042022,10.));
#3207 = CARTESIAN_POINT('',(-39.2469202381,2.742369799787,0.));
#3208 = CARTESIAN_POINT('',(-39.2469202381,2.742369799787,10.));
#3209 = CARTESIAN_POINT('',(-39.15348770732,2.574809800874,0.));
#3210 = CARTESIAN_POINT('',(-39.15348770732,2.574809800874,10.));
#3211 = CARTESIAN_POINT('',(-39.06561432014,2.404361978741,0.));
#3212 = CARTESIAN_POINT('',(-39.06561432014,2.404361978741,10.));
#3213 = CARTESIAN_POINT('',(-38.98349337596,2.23116125511,0.));
#3214 = CARTESIAN_POINT('',(-38.98349337596,2.23116125511,10.));
#3215 = CARTESIAN_POINT('',(-38.90732489747,2.055321402249,0.));
#3216 = CARTESIAN_POINT('',(-38.90732489747,2.055321402249,10.));
#3217 = CARTESIAN_POINT('',(-38.83730019141,1.876957904572,0.));
#3218 = CARTESIAN_POINT('',(-38.83730019141,1.876957904572,10.));
#3219 = CARTESIAN_POINT('',(-38.77358641045,1.696210818476,0.));
#3220 = CARTESIAN_POINT('',(-38.77358641045,1.696210818476,10.));
#3221 = CARTESIAN_POINT('',(-38.71631111069,1.513267638637,0.));
#3222 = CARTESIAN_POINT('',(-38.71631111069,1.513267638637,10.));
#3223 = CARTESIAN_POINT('',(-38.66557033727,1.328351811085,0.));
#3224 = CARTESIAN_POINT('',(-38.66557033727,1.328351811085,10.));
#3225 = CARTESIAN_POINT('',(-38.62143671445,1.141711239692,0.));
#3226 = CARTESIAN_POINT('',(-38.62143671445,1.141711239692,10.));
#3227 = CARTESIAN_POINT('',(-38.58396753426,0.953606794936,0.));
#3228 = CARTESIAN_POINT('',(-38.58396753426,0.953606794936,10.));
#3229 = CARTESIAN_POINT('',(-38.55321284512,0.764300822297,0.));
#3230 = CARTESIAN_POINT('',(-38.55321284512,0.764300822297,10.));
#3231 = CARTESIAN_POINT('',(-38.52922354186,0.574045649301,0.));
#3232 = CARTESIAN_POINT('',(-38.52922354186,0.574045649301,10.));
#3233 = CARTESIAN_POINT('',(-38.51204699035,0.383085588157,0.));
#3234 = CARTESIAN_POINT('',(-38.51204699035,0.383085588157,10.));
#3235 = CARTESIAN_POINT('',(-38.5017226503,0.191658940294,0.));
#3236 = CARTESIAN_POINT('',(-38.5017226503,0.191658940294,10.));
#3237 = CARTESIAN_POINT('',(-38.49827769877,1.646860425808E-10,0.));
#3238 = CARTESIAN_POINT('',(-38.49827769877,1.646860425808E-10,10.));
#3239 = CARTESIAN_POINT('',(-38.50172265334,-0.191658940651,0.));
#3240 = CARTESIAN_POINT('',(-38.50172265334,-0.191658940651,10.));
#3241 = CARTESIAN_POINT('',(-38.51204699537,-0.383085589464,0.));
#3242 = CARTESIAN_POINT('',(-38.51204699537,-0.383085589464,10.));
#3243 = CARTESIAN_POINT('',(-38.52922354688,-0.5740456495,0.));
#3244 = CARTESIAN_POINT('',(-38.52922354688,-0.5740456495,10.));
#3245 = CARTESIAN_POINT('',(-38.55321284756,-0.764300816813,0.));
#3246 = CARTESIAN_POINT('',(-38.55321284756,-0.764300816813,10.));
#3247 = CARTESIAN_POINT('',(-38.58396753139,-0.953606777481,0.));
#3248 = CARTESIAN_POINT('',(-38.58396753139,-0.953606777481,10.));
#3249 = CARTESIAN_POINT('',(-38.62143670399,-1.141711204094,0.));
#3250 = CARTESIAN_POINT('',(-38.62143670399,-1.141711204094,10.));
#3251 = CARTESIAN_POINT('',(-38.66557031817,-1.328351754115,0.));
#3252 = CARTESIAN_POINT('',(-38.66557031817,-1.328351754115,10.));
#3253 = CARTESIAN_POINT('',(-38.71631108354,-1.513267561589,0.));
#3254 = CARTESIAN_POINT('',(-38.71631108354,-1.513267561589,10.));
#3255 = CARTESIAN_POINT('',(-38.7735863775,-1.696210727498,0.));
#3256 = CARTESIAN_POINT('',(-38.7735863775,-1.696210727498,10.));
#3257 = CARTESIAN_POINT('',(-38.83730015625,-1.87695780974,0.));
#3258 = CARTESIAN_POINT('',(-38.83730015625,-1.87695780974,10.));
#3259 = CARTESIAN_POINT('',(-38.90732486439,-2.055321315397,0.));
#3260 = CARTESIAN_POINT('',(-38.90732486439,-2.055321315397,10.));
#3261 = CARTESIAN_POINT('',(-38.98349334886,-2.231161186396,0.));
#3262 = CARTESIAN_POINT('',(-38.98349334886,-2.231161186396,10.));
#3263 = CARTESIAN_POINT('',(-39.06561430181,-2.404361934356,0.));
#3264 = CARTESIAN_POINT('',(-39.06561430181,-2.404361934356,10.));
#3265 = CARTESIAN_POINT('',(-39.15348769895,-2.574809781921,0.));
#3266 = CARTESIAN_POINT('',(-39.15348769895,-2.574809781921,10.));
#3267 = CARTESIAN_POINT('',(-39.24692023904,-2.742369802307,0.));
#3268 = CARTESIAN_POINT('',(-39.24692023904,-2.742369802307,10.));
#3269 = CARTESIAN_POINT('',(-39.345740784,-2.906863058183,0.));
#3270 = CARTESIAN_POINT('',(-39.345740784,-2.906863058183,10.));
#3271 = CARTESIAN_POINT('',(-39.44981579589,-3.068043744734,0.));
#3272 = CARTESIAN_POINT('',(-39.44981579589,-3.068043744734,10.));
#3273 = CARTESIAN_POINT('',(-39.55899946925,-3.22567533948,0.));
#3274 = CARTESIAN_POINT('',(-39.55899946925,-3.22567533948,10.));
#3275 = CARTESIAN_POINT('',(-39.67308386952,-3.379606740465,0.));
#3276 = CARTESIAN_POINT('',(-39.67308386952,-3.379606740465,10.));
#3277 = CARTESIAN_POINT('',(-39.79174906471,-3.529848420218,0.));
#3278 = CARTESIAN_POINT('',(-39.79174906471,-3.529848420218,10.));
#3279 = CARTESIAN_POINT('',(-39.91451326984,-3.676648547385,0.));
#3280 = CARTESIAN_POINT('',(-39.91451326984,-3.676648547385,10.));
#3281 = CARTESIAN_POINT('',(-40.04068295659,-3.820569194934,0.));
#3282 = CARTESIAN_POINT('',(-40.04068295659,-3.820569194934,10.));
#3283 = CARTESIAN_POINT('',(-40.16936534424,-3.962422676373,0.));
#3284 = CARTESIAN_POINT('',(-40.16936534424,-3.962422676373,10.));
#3285 = CARTESIAN_POINT('',(-40.29948095282,-4.103207790176,0.));
#3286 = CARTESIAN_POINT('',(-40.29948095282,-4.103207790176,10.));
#3287 = CARTESIAN_POINT('',(-40.42977608624,-4.244046109449,0.));
#3288 = CARTESIAN_POINT('',(-40.42977608624,-4.244046109449,10.));
#3289 = CARTESIAN_POINT('',(-40.55883545147,-4.386118228219,0.));
#3290 = CARTESIAN_POINT('',(-40.55883545147,-4.386118228219,10.));
#3291 = CARTESIAN_POINT('',(-40.68509442493,-4.530600093409,0.));
#3292 = CARTESIAN_POINT('',(-40.68509442493,-4.530600093409,10.));
#3293 = CARTESIAN_POINT('',(-40.80696942546,-4.678574161781,0.));
#3294 = CARTESIAN_POINT('',(-40.80696942546,-4.678574161781,10.));
#3295 = CARTESIAN_POINT('',(-40.92298858645,-4.830940521824,0.));
#3296 = CARTESIAN_POINT('',(-40.92298858645,-4.830940521824,10.));
#3297 = CARTESIAN_POINT('',(-41.03192240495,-4.988327954982,0.));
#3298 = CARTESIAN_POINT('',(-41.03192240495,-4.988327954982,10.));
#3299 = CARTESIAN_POINT('',(-41.13291419952,-5.151005190416,0.));
#3300 = CARTESIAN_POINT('',(-41.13291419952,-5.151005190416,10.));
#3301 = CARTESIAN_POINT('',(-41.22561120744,-5.31879161065,0.));
#3302 = CARTESIAN_POINT('',(-41.22561120744,-5.31879161065,10.));
#3303 = CARTESIAN_POINT('',(-41.31003281478,-5.491187635963,0.));
#3304 = CARTESIAN_POINT('',(-41.31003281478,-5.491187635963,10.));
#3305 = CARTESIAN_POINT('',(-41.38643812649,-5.667505656028,0.));
#3306 = CARTESIAN_POINT('',(-41.38643812649,-5.667505656028,10.));
#3307 = CARTESIAN_POINT('',(-41.45519376587,-5.847000774924,0.));
#3308 = CARTESIAN_POINT('',(-41.45519376587,-5.847000774924,10.));
#3309 = CARTESIAN_POINT('',(-41.51664161407,-6.029001596546,0.));
#3310 = CARTESIAN_POINT('',(-41.51664161407,-6.029001596546,10.));
#3311 = CARTESIAN_POINT('',(-41.57096647369,-6.213041098807,0.));
#3312 = CARTESIAN_POINT('',(-41.57096647369,-6.213041098807,10.));
#3313 = CARTESIAN_POINT('',(-41.61823926625,-6.398804460723,0.));
#3314 = CARTESIAN_POINT('',(-41.61823926625,-6.398804460723,10.));
#3315 = CARTESIAN_POINT('',(-41.65846035896,-6.586076756464,0.));
#3316 = CARTESIAN_POINT('',(-41.65846035896,-6.586076756464,10.));
#3317 = CARTESIAN_POINT('',(-41.69160284289,-6.774690699374,0.));
#3318 = CARTESIAN_POINT('',(-41.69160284289,-6.774690699374,10.));
#3319 = CARTESIAN_POINT('',(-41.71765583158,-6.964474365071,0.));
#3320 = CARTESIAN_POINT('',(-41.71765583158,-6.964474365071,10.));
#3321 = CARTESIAN_POINT('',(-41.73666775107,-7.155198923311,0.));
#3322 = CARTESIAN_POINT('',(-41.73666775107,-7.155198923311,10.));
#3323 = CARTESIAN_POINT('',(-41.74872776707,-7.34659591515,0.));
#3324 = CARTESIAN_POINT('',(-41.74872776707,-7.34659591515,10.));
#3325 = CARTESIAN_POINT('',(-41.75394720995,-7.538374532233,0.));
#3326 = CARTESIAN_POINT('',(-41.75394720995,-7.538374532233,10.));
#3327 = CARTESIAN_POINT('',(-41.75244100123,-7.730238894775,0.));
#3328 = CARTESIAN_POINT('',(-41.75244100123,-7.730238894775,10.));
#3329 = CARTESIAN_POINT('',(-41.74430907839,-7.92190533085,0.));
#3330 = CARTESIAN_POINT('',(-41.74430907839,-7.92190533085,10.));
#3331 = CARTESIAN_POINT('',(-41.7296178231,-8.113119653013,0.));
#3332 = CARTESIAN_POINT('',(-41.7296178231,-8.113119653013,10.));
#3333 = CARTESIAN_POINT('',(-41.70840981851,-8.303651865526,0.));
#3334 = CARTESIAN_POINT('',(-41.70840981851,-8.303651865526,10.));
#3335 = CARTESIAN_POINT('',(-41.68071360333,-8.493290874114,0.));
#3336 = CARTESIAN_POINT('',(-41.68071360333,-8.493290874114,10.));
#3337 = CARTESIAN_POINT('',(-41.64655342706,-8.681839194847,0.));
#3338 = CARTESIAN_POINT('',(-41.64655342706,-8.681839194847,10.));
#3339 = CARTESIAN_POINT('',(-41.60595900477,-8.869107663422,0.));
#3340 = CARTESIAN_POINT('',(-41.60595900477,-8.869107663422,10.));
#3341 = CARTESIAN_POINT('',(-41.55897527204,-9.054910144324,0.));
#3342 = CARTESIAN_POINT('',(-41.55897527204,-9.054910144324,10.));
#3343 = CARTESIAN_POINT('',(-41.50565539762,-9.239054908647,0.));
#3344 = CARTESIAN_POINT('',(-41.50565539762,-9.239054908647,10.));
#3345 = CARTESIAN_POINT('',(-41.44605379629,-9.421336012096,0.));
#3346 = CARTESIAN_POINT('',(-41.44605379629,-9.421336012096,10.));
#3347 = CARTESIAN_POINT('',(-41.38021914139,-9.601524672439,0.));
#3348 = CARTESIAN_POINT('',(-41.38021914139,-9.601524672439,10.));
#3349 = CARTESIAN_POINT('',(-41.30818737804,-9.779360648186,0.));
#3350 = CARTESIAN_POINT('',(-41.30818737804,-9.779360648186,10.));
#3351 = CARTESIAN_POINT('',(-41.22997473447,-9.954543613742,0.));
#3352 = CARTESIAN_POINT('',(-41.22997473447,-9.954543613742,10.));
#3353 = CARTESIAN_POINT('',(-41.14558826792,-10.12675622925,0.));
#3354 = CARTESIAN_POINT('',(-41.14558826792,-10.12675622925,10.));
#3355 = CARTESIAN_POINT('',(-41.0550364127,-10.29568721416,0.));
#3356 = CARTESIAN_POINT('',(-41.0550364127,-10.29568721416,10.));
#3357 = CARTESIAN_POINT('',(-40.95833952722,-10.46105441895,0.));
#3358 = CARTESIAN_POINT('',(-40.95833952722,-10.46105441895,10.));
#3359 = CARTESIAN_POINT('',(-40.85554044185,-10.62262789869,0.));
#3360 = CARTESIAN_POINT('',(-40.85554044185,-10.62262789869,10.));
#3361 = CARTESIAN_POINT('',(-40.74671500563,-10.7802529837,0.));
#3362 = CARTESIAN_POINT('',(-40.74671500563,-10.7802529837,10.));
#3363 = CARTESIAN_POINT('',(-40.63195209442,-10.93378542253,0.));
#3364 = CARTESIAN_POINT('',(-40.63195209442,-10.93378542253,10.));
#3365 = CARTESIAN_POINT('',(-40.51133361455,-11.08302651358,0.));
#3366 = CARTESIAN_POINT('',(-40.51133361455,-11.08302651358,10.));
#3367 = CARTESIAN_POINT('',(-40.38491451724,-11.22765826384,0.));
#3368 = CARTESIAN_POINT('',(-40.38491451724,-11.22765826384,10.));
#3369 = CARTESIAN_POINT('',(-40.25270278735,-11.36717848282,0.));
#3370 = CARTESIAN_POINT('',(-40.25270278735,-11.36717848282,10.));
#3371 = CARTESIAN_POINT('',(-40.11463950062,-11.50083604911,0.));
#3372 = CARTESIAN_POINT('',(-40.11463950062,-11.50083604911,10.));
#3373 = CARTESIAN_POINT('',(-39.97067100245,-11.62780246615,0.));
#3374 = CARTESIAN_POINT('',(-39.97067100245,-11.62780246615,10.));
#3375 = CARTESIAN_POINT('',(-39.82082105049,-11.74734330702,0.));
#3376 = CARTESIAN_POINT('',(-39.82082105049,-11.74734330702,10.));
#3377 = CARTESIAN_POINT('',(-39.66526291716,-11.85898959876,0.));
#3378 = CARTESIAN_POINT('',(-39.66526291716,-11.85898959876,10.));
#3379 = CARTESIAN_POINT('',(-39.50439163292,-11.96270946711,0.));
#3380 = CARTESIAN_POINT('',(-39.50439163292,-11.96270946711,10.));
#3381 = CARTESIAN_POINT('',(-39.33889582893,-12.05907902282,0.));
#3382 = CARTESIAN_POINT('',(-39.33889582893,-12.05907902282,10.));
#3383 = CARTESIAN_POINT('',(-39.16967079124,-12.14914969519,0.));
#3384 = CARTESIAN_POINT('',(-39.16967079124,-12.14914969519,10.));
#3385 = CARTESIAN_POINT('',(-38.99773189557,-12.23431631773,0.));
#3386 = CARTESIAN_POINT('',(-38.99773189557,-12.23431631773,10.));
#3387 = CARTESIAN_POINT('',(-38.82412793945,-12.31618496176,0.));
#3388 = CARTESIAN_POINT('',(-38.82412793945,-12.31618496176,10.));
#3389 = CARTESIAN_POINT('',(-38.64985442988,-12.39644081736,0.));
#3390 = CARTESIAN_POINT('',(-38.64985442988,-12.39644081736,10.));
#3391 = CARTESIAN_POINT('',(-38.47576713396,-12.47671622101,0.));
#3392 = CARTESIAN_POINT('',(-38.47576713396,-12.47671622101,10.));
#3393 = CARTESIAN_POINT('',(-38.30259511043,-12.55852714001,0.));
#3394 = CARTESIAN_POINT('',(-38.30259511043,-12.55852714001,10.));
#3395 = CARTESIAN_POINT('',(-38.130953448,-12.6432094425,0.));
#3396 = CARTESIAN_POINT('',(-38.130953448,-12.6432094425,10.));
#3397 = CARTESIAN_POINT('',(-37.96135611273,-12.73185525968,0.));
#3398 = CARTESIAN_POINT('',(-37.96135611273,-12.73185525968,10.));
#3399 = CARTESIAN_POINT('',(-37.79422874815,-12.82524927951,0.));
#3400 = CARTESIAN_POINT('',(-37.79422874815,-12.82524927951,10.));
#3401 = CARTESIAN_POINT('',(-37.62992149759,-12.92380514892,0.));
#3402 = CARTESIAN_POINT('',(-37.62992149759,-12.92380514892,10.));
#3403 = CARTESIAN_POINT('',(-37.46872593322,-13.0276549738,0.));
#3404 = CARTESIAN_POINT('',(-37.46872593322,-13.0276549738,10.));
#3405 = CARTESIAN_POINT('',(-37.31089198596,-13.13673872556,0.));
#3406 = CARTESIAN_POINT('',(-37.31089198596,-13.13673872556,10.));
#3407 = CARTESIAN_POINT('',(-37.1566448749,-13.2508936826,0.));
#3408 = CARTESIAN_POINT('',(-37.1566448749,-13.2508936826,10.));
#3409 = CARTESIAN_POINT('',(-37.00620203653,-13.36994385449,0.));
#3410 = CARTESIAN_POINT('',(-37.00620203653,-13.36994385449,10.));
#3411 = CARTESIAN_POINT('',(-36.85979005505,-13.4937894193,0.));
#3412 = CARTESIAN_POINT('',(-36.85979005505,-13.4937894193,10.));
#3413 = CARTESIAN_POINT('',(-36.71763914813,-13.62237969809,0.));
#3414 = CARTESIAN_POINT('',(-36.71763914813,-13.62237969809,10.));
#3415 = CARTESIAN_POINT('',(-36.57997765139,-13.75568612436,0.));
#3416 = CARTESIAN_POINT('',(-36.57997765139,-13.75568612436,10.));
#3417 = CARTESIAN_POINT('',(-36.44702650319,-13.89367521435,0.));
#3418 = CARTESIAN_POINT('',(-36.44702650319,-13.89367521435,10.));
#3419 = CARTESIAN_POINT('',(-36.31899372972,-14.03628153937,0.));
#3420 = CARTESIAN_POINT('',(-36.31899372972,-14.03628153937,10.));
#3421 = CARTESIAN_POINT('',(-36.19606892857,-14.18338069053,0.));
#3422 = CARTESIAN_POINT('',(-36.19606892857,-14.18338069053,10.));
#3423 = CARTESIAN_POINT('',(-36.07842634295,-14.33480298551,0.));
#3424 = CARTESIAN_POINT('',(-36.07842634295,-14.33480298551,10.));
#3425 = CARTESIAN_POINT('',(-35.96622793766,-14.4903471831,0.));
#3426 = CARTESIAN_POINT('',(-35.96622793766,-14.4903471831,10.));
#3427 = CARTESIAN_POINT('',(-35.85962647442,-14.6497941951,0.));
#3428 = CARTESIAN_POINT('',(-35.85962647442,-14.6497941951,10.));
#3429 = CARTESIAN_POINT('',(-35.75876858722,-14.8129207986,0.));
#3430 = CARTESIAN_POINT('',(-35.75876858722,-14.8129207986,10.));
#3431 = CARTESIAN_POINT('',(-35.66379785831,-14.97951334997,0.));
#3432 = CARTESIAN_POINT('',(-35.66379785831,-14.97951334997,10.));
#3433 = CARTESIAN_POINT('',(-35.57485154228,-15.1493642603,0.));
#3434 = CARTESIAN_POINT('',(-35.57485154228,-15.1493642603,10.));
#3435 = CARTESIAN_POINT('',(-35.49205728918,-15.32226846835,0.));
#3436 = CARTESIAN_POINT('',(-35.49205728918,-15.32226846835,10.));
#3437 = CARTESIAN_POINT('',(-35.41552986792,-15.49801991449,0.));
#3438 = CARTESIAN_POINT('',(-35.41552986792,-15.49801991449,10.));
#3439 = CARTESIAN_POINT('',(-35.34536788962,-15.67640801417,0.));
#3440 = CARTESIAN_POINT('',(-35.34536788962,-15.67640801417,10.));
#3441 = CARTESIAN_POINT('',(-35.28165053089,-15.85721413163,0.));
#3442 = CARTESIAN_POINT('',(-35.28165053089,-15.85721413163,10.));
#3443 = CARTESIAN_POINT('',(-35.22444234406,-16.04021140431,0.));
#3444 = CARTESIAN_POINT('',(-35.22444234406,-16.04021140431,10.));
#3445 = CARTESIAN_POINT('',(-35.1737980675,-16.22516456727,0.));
#3446 = CARTESIAN_POINT('',(-35.1737980675,-16.22516456727,10.));
#3447 = CARTESIAN_POINT('',(-35.12976743562,-16.41182977768,0.));
#3448 = CARTESIAN_POINT('',(-35.12976743562,-16.41182977768,10.));
#3449 = CARTESIAN_POINT('',(-35.09239998966,-16.59995443898,0.));
#3450 = CARTESIAN_POINT('',(-35.09239998966,-16.59995443898,10.));
#3451 = CARTESIAN_POINT('',(-35.0617498862,-16.78927702604,0.));
#3452 = CARTESIAN_POINT('',(-35.0617498862,-16.78927702604,10.));
#3453 = CARTESIAN_POINT('',(-35.03786402489,-16.97953460605,0.));
#3454 = CARTESIAN_POINT('',(-35.03786402489,-16.97953460605,10.));
#3455 = CARTESIAN_POINT('',(-35.02077017804,-17.17047035873,0.));
#3456 = CARTESIAN_POINT('',(-35.02077017804,-17.17047035873,10.));
#3457 = CARTESIAN_POINT('',(-35.01046512035,-17.36184109612,0.));
#3458 = CARTESIAN_POINT('',(-35.01046512035,-17.36184109612,10.));
#3459 = CARTESIAN_POINT('',(-35.00690275641,-17.553424784,0.));
#3460 = CARTESIAN_POINT('',(-35.00690275641,-17.553424784,10.));
#3461 = CARTESIAN_POINT('',(-35.00998225485,-17.7450280589,0.));
#3462 = CARTESIAN_POINT('',(-35.00998225485,-17.7450280589,10.));
#3463 = CARTESIAN_POINT('',(-35.01957106576,-17.9364710131,0.));
#3464 = CARTESIAN_POINT('',(-35.01957106576,-17.9364710131,10.));
#3465 = CARTESIAN_POINT('',(-35.03552793148,-18.12757198405,0.));
#3466 = CARTESIAN_POINT('',(-35.03552793148,-18.12757198405,10.));
#3467 = CARTESIAN_POINT('',(-35.05772589921,-18.31813234249,0.));
#3468 = CARTESIAN_POINT('',(-35.05772589921,-18.31813234249,10.));
#3469 = CARTESIAN_POINT('',(-35.08607533433,-18.50792128016,0.));
#3470 = CARTESIAN_POINT('',(-35.08607533433,-18.50792128016,10.));
#3471 = CARTESIAN_POINT('',(-35.12054692931,-18.69666060028,0.));
#3472 = CARTESIAN_POINT('',(-35.12054692931,-18.69666060028,10.));
#3473 = CARTESIAN_POINT('',(-35.16109649067,-18.88407598722,0.));
#3474 = CARTESIAN_POINT('',(-35.16109649067,-18.88407598722,10.));
#3475 = CARTESIAN_POINT('',(-35.20758973619,-19.06994826787,0.));
#3476 = CARTESIAN_POINT('',(-35.20758973619,-19.06994826787,10.));
#3477 = CARTESIAN_POINT('',(-35.25972707955,-19.25416468493,0.));
#3478 = CARTESIAN_POINT('',(-35.25972707955,-19.25416468493,10.));
#3479 = CARTESIAN_POINT('',(-35.31696843947,-19.43677014518,0.));
#3480 = CARTESIAN_POINT('',(-35.31696843947,-19.43677014518,10.));
#3481 = CARTESIAN_POINT('',(-35.37845798328,-19.61801853454,0.));
#3482 = CARTESIAN_POINT('',(-35.37845798328,-19.61801853454,10.));
#3483 = CARTESIAN_POINT('',(-35.44306003026,-19.79831868045,0.));
#3484 = CARTESIAN_POINT('',(-35.44306003026,-19.79831868045,10.));
#3485 = CARTESIAN_POINT('',(-35.50939504731,-19.97818025327,0.));
#3486 = CARTESIAN_POINT('',(-35.50939504731,-19.97818025327,10.));
#3487 = CARTESIAN_POINT('',(-35.57587556283,-20.15815968272,0.));
#3488 = CARTESIAN_POINT('',(-35.57587556283,-20.15815968272,10.));
#3489 = CARTESIAN_POINT('',(-35.64074222279,-20.33880608625,0.));
#3490 = CARTESIAN_POINT('',(-35.64074222279,-20.33880608625,10.));
#3491 = CARTESIAN_POINT('',(-35.70209948809,-20.52060714165,0.));
#3492 = CARTESIAN_POINT('',(-35.70209948809,-20.52060714165,10.));
#3493 = CARTESIAN_POINT('',(-35.75807008221,-20.70395689829,0.));
#3494 = CARTESIAN_POINT('',(-35.75807008221,-20.70395689829,10.));
#3495 = CARTESIAN_POINT('',(-35.8069497288,-20.88912367052,0.));
#3496 = CARTESIAN_POINT('',(-35.8069497288,-20.88912367052,10.));
#3497 = CARTESIAN_POINT('',(-35.84736189097,-21.07621786625,0.));
#3498 = CARTESIAN_POINT('',(-35.84736189097,-21.07621786625,10.));
#3499 = CARTESIAN_POINT('',(-35.87841226011,-21.26515992106,0.));
#3500 = CARTESIAN_POINT('',(-35.87841226011,-21.26515992106,10.));
#3501 = CARTESIAN_POINT('',(-35.89984404525,-21.45564796971,0.));
#3502 = CARTESIAN_POINT('',(-35.89984404525,-21.45564796971,10.));
#3503 = CARTESIAN_POINT('',(-35.91186633768,-21.64722787944,0.));
#3504 = CARTESIAN_POINT('',(-35.91186633768,-21.64722787944,10.));
#3505 = CARTESIAN_POINT('',(-35.91498165623,-21.83936353633,0.));
#3506 = CARTESIAN_POINT('',(-35.91498165623,-21.83936353633,10.));
#3507 = CARTESIAN_POINT('',(-35.90981377601,-22.03150704694,0.));
#3508 = CARTESIAN_POINT('',(-35.90981377601,-22.03150704694,10.));
#3509 = CARTESIAN_POINT('',(-35.89693548616,-22.2231689544,0.));
#3510 = CARTESIAN_POINT('',(-35.89693548616,-22.2231689544,10.));
#3511 = CARTESIAN_POINT('',(-35.87669624366,-22.41398850745,0.));
#3512 = CARTESIAN_POINT('',(-35.87669624366,-22.41398850745,10.));
#3513 = CARTESIAN_POINT('',(-35.84928204821,-22.60370198993,0.));
#3514 = CARTESIAN_POINT('',(-35.84928204821,-22.60370198993,10.));
#3515 = CARTESIAN_POINT('',(-35.81477548762,-22.79211097679,0.));
#3516 = CARTESIAN_POINT('',(-35.81477548762,-22.79211097679,10.));
#3517 = CARTESIAN_POINT('',(-35.77321571911,-22.97905061769,0.));
#3518 = CARTESIAN_POINT('',(-35.77321571911,-22.97905061769,10.));
#3519 = CARTESIAN_POINT('',(-35.72465847752,-23.16435790917,0.));
#3520 = CARTESIAN_POINT('',(-35.72465847752,-23.16435790917,10.));
#3521 = CARTESIAN_POINT('',(-35.66923607223,-23.34783997148,0.));
#3522 = CARTESIAN_POINT('',(-35.66923607223,-23.34783997148,10.));
#3523 = CARTESIAN_POINT('',(-35.60713361639,-23.52928290314,0.));
#3524 = CARTESIAN_POINT('',(-35.60713361639,-23.52928290314,10.));
#3525 = CARTESIAN_POINT('',(-35.53856525341,-23.70846063655,0.));
#3526 = CARTESIAN_POINT('',(-35.53856525341,-23.70846063655,10.));
#3527 = CARTESIAN_POINT('',(-35.46375038519,-23.885143793,0.));
#3528 = CARTESIAN_POINT('',(-35.46375038519,-23.885143793,10.));
#3529 = CARTESIAN_POINT('',(-35.38288989849,-24.05910853822,0.));
#3530 = CARTESIAN_POINT('',(-35.38288989849,-24.05910853822,10.));
#3531 = CARTESIAN_POINT('',(-35.2961423953,-24.23014543679,0.));
#3532 = CARTESIAN_POINT('',(-35.2961423953,-24.23014543679,10.));
#3533 = CARTESIAN_POINT('',(-35.20363523288,-24.39805829623,0.));
#3534 = CARTESIAN_POINT('',(-35.20363523288,-24.39805829623,10.));
#3535 = CARTESIAN_POINT('',(-35.10547555982,-24.56266301214,0.));
#3536 = CARTESIAN_POINT('',(-35.10547555982,-24.56266301214,10.));
#3537 = CARTESIAN_POINT('',(-35.0017613536,-24.72378641304,0.));
#3538 = CARTESIAN_POINT('',(-35.0017613536,-24.72378641304,10.));
#3539 = CARTESIAN_POINT('',(-34.89259245738,-24.88126510539,0.));
#3540 = CARTESIAN_POINT('',(-34.89259245738,-24.88126510539,10.));
#3541 = CARTESIAN_POINT('',(-34.77808161722,-25.03494431847,0.));
#3542 = CARTESIAN_POINT('',(-34.77808161722,-25.03494431847,10.));
#3543 = CARTESIAN_POINT('',(-34.6583513261,-25.18466726469,0.));
#3544 = CARTESIAN_POINT('',(-34.6583513261,-25.18466726469,10.));
#3545 = CARTESIAN_POINT('',(-34.5335306682,-25.33026449997,0.));
#3546 = CARTESIAN_POINT('',(-34.5335306682,-25.33026449997,10.));
#3547 = CARTESIAN_POINT('',(-34.403752163,-25.47154328354,0.));
#3548 = CARTESIAN_POINT('',(-34.403752163,-25.47154328354,10.));
#3549 = CARTESIAN_POINT('',(-34.26914860956,-25.60827693924,0.));
#3550 = CARTESIAN_POINT('',(-34.26914860956,-25.60827693924,10.));
#3551 = CARTESIAN_POINT('',(-34.12984993042,-25.74019421267,0.));
#3552 = CARTESIAN_POINT('',(-34.12984993042,-25.74019421267,10.));
#3553 = CARTESIAN_POINT('',(-33.98598408635,-25.86700462072,0.));
#3554 = CARTESIAN_POINT('',(-33.98598408635,-25.86700462072,10.));
#3555 = CARTESIAN_POINT('',(-33.83767799155,-25.98842380532,0.));
#3556 = CARTESIAN_POINT('',(-33.83767799155,-25.98842380532,10.));
#3557 = CARTESIAN_POINT('',(-33.68505842867,-26.10419888514,0.));
#3558 = CARTESIAN_POINT('',(-33.68505842867,-26.10419888514,10.));
#3559 = CARTESIAN_POINT('',(-33.52825296392,-26.21413380924,0.));
#3560 = CARTESIAN_POINT('',(-33.52825296392,-26.21413380924,10.));
#3561 = CARTESIAN_POINT('',(-33.36739086222,-26.31811470762,0.));
#3562 = CARTESIAN_POINT('',(-33.36739086222,-26.31811470762,10.));
#3563 = CARTESIAN_POINT('',(-33.20260943679,-26.41604232066,0.));
#3564 = CARTESIAN_POINT('',(-33.20260943679,-26.41604232066,10.));
#3565 = CARTESIAN_POINT('',(-33.03406039902,-26.50776441621,0.));
#3566 = CARTESIAN_POINT('',(-33.03406039902,-26.50776441621,10.));
#3567 = CARTESIAN_POINT('',(-32.86191620789,-26.59300823595,0.));
#3568 = CARTESIAN_POINT('',(-32.86191620789,-26.59300823595,10.));
#3569 = CARTESIAN_POINT('',(-32.6863764204,-26.67131287205,0.));
#3570 = CARTESIAN_POINT('',(-32.6863764204,-26.67131287205,10.));
#3571 = CARTESIAN_POINT('',(-32.50767403937,-26.74196182946,0.));
#3572 = CARTESIAN_POINT('',(-32.50767403937,-26.74196182946,10.));
#3573 = CARTESIAN_POINT('',(-32.32607654632,-26.80416914445,0.));
#3574 = CARTESIAN_POINT('',(-32.32607654632,-26.80416914445,10.));
#3575 = CARTESIAN_POINT('',(-32.14188694346,-26.85726538667,0.));
#3576 = CARTESIAN_POINT('',(-32.14188694346,-26.85726538667,10.));
#3577 = CARTESIAN_POINT('',(-31.95544478183,-26.90088359009,0.));
#3578 = CARTESIAN_POINT('',(-31.95544478183,-26.90088359009,10.));
#3579 = CARTESIAN_POINT('',(-31.76712721973,-26.93514547835,0.));
#3580 = CARTESIAN_POINT('',(-31.76712721973,-26.93514547835,10.));
#3581 = CARTESIAN_POINT('',(-31.57735000135,-26.96084683612,0.));
#3582 = CARTESIAN_POINT('',(-31.57735000135,-26.96084683612,10.));
#3583 = CARTESIAN_POINT('',(-31.38653789858,-26.97930166854,0.));
#3584 = CARTESIAN_POINT('',(-31.38653789858,-26.97930166854,10.));
#3585 = CARTESIAN_POINT('',(-31.19509521659,-26.99218720119,0.));
#3586 = CARTESIAN_POINT('',(-31.19509521659,-26.99218720119,10.));
#3587 = CARTESIAN_POINT('',(-31.00337630107,-27.00138860798,0.));
#3588 = CARTESIAN_POINT('',(-31.00337630107,-27.00138860798,10.));
#3589 = CARTESIAN_POINT('',(-30.81165598623,-27.00884376552,0.));
#3590 = CARTESIAN_POINT('',(-30.81165598623,-27.00884376552,10.));
#3591 = CARTESIAN_POINT('',(-30.62010022965,-27.01638824398,0.));
#3592 = CARTESIAN_POINT('',(-30.62010022965,-27.01638824398,10.));
#3593 = CARTESIAN_POINT('',(-30.42880245823,-27.02570161323,0.));
#3594 = CARTESIAN_POINT('',(-30.42880245823,-27.02570161323,10.));
#3595 = CARTESIAN_POINT('',(-30.2378197252,-27.03825343875,0.));
#3596 = CARTESIAN_POINT('',(-30.2378197252,-27.03825343875,10.));
#3597 = CARTESIAN_POINT('',(-30.0472089328,-27.0552494045,0.));
#3598 = CARTESIAN_POINT('',(-30.0472089328,-27.0552494045,10.));
#3599 = CARTESIAN_POINT('',(-29.85706303727,-27.07757735436,0.));
#3600 = CARTESIAN_POINT('',(-29.85706303727,-27.07757735436,10.));
#3601 = CARTESIAN_POINT('',(-29.66754723305,-27.10575344231,0.));
#3602 = CARTESIAN_POINT('',(-29.66754723305,-27.10575344231,10.));
#3603 = CARTESIAN_POINT('',(-29.47888034296,-27.14001129812,0.));
#3604 = CARTESIAN_POINT('',(-29.47888034296,-27.14001129812,10.));
#3605 = CARTESIAN_POINT('',(-29.291316245,-27.18039110702,0.));
#3606 = CARTESIAN_POINT('',(-29.291316245,-27.18039110702,10.));
#3607 = CARTESIAN_POINT('',(-29.10512528537,-27.22682872147,0.));
#3608 = CARTESIAN_POINT('',(-29.10512528537,-27.22682872147,10.));
#3609 = CARTESIAN_POINT('',(-28.92057569778,-27.27924475686,0.));
#3610 = CARTESIAN_POINT('',(-28.92057569778,-27.27924475686,10.));
#3611 = CARTESIAN_POINT('',(-28.73791501896,-27.33763369976,0.));
#3612 = CARTESIAN_POINT('',(-28.73791501896,-27.33763369976,10.));
#3613 = CARTESIAN_POINT('',(-28.55737533626,-27.40203682944,0.));
#3614 = CARTESIAN_POINT('',(-28.55737533626,-27.40203682944,10.));
#3615 = CARTESIAN_POINT('',(-28.37917853625,-27.47251513415,0.));
#3616 = CARTESIAN_POINT('',(-28.37917853625,-27.47251513415,10.));
#3617 = CARTESIAN_POINT('',(-28.20354155302,-27.54912222837,0.));
#3618 = CARTESIAN_POINT('',(-28.20354155302,-27.54912222837,10.));
#3619 = CARTESIAN_POINT('',(-28.03068161619,-27.63187727206,0.));
#3620 = CARTESIAN_POINT('',(-28.03068161619,-27.63187727206,10.));
#3621 = CARTESIAN_POINT('',(-27.8608215003,-27.72073788224,0.));
#3622 = CARTESIAN_POINT('',(-27.8608215003,-27.72073788224,10.));
#3623 = CARTESIAN_POINT('',(-27.69418711972,-27.81561397288,0.));
#3624 = CARTESIAN_POINT('',(-27.69418711972,-27.81561397288,10.));
#3625 = CARTESIAN_POINT('',(-27.53100512207,-27.91638160259,0.));
#3626 = CARTESIAN_POINT('',(-27.53100512207,-27.91638160259,10.));
#3627 = CARTESIAN_POINT('',(-27.37150048222,-28.02289681965,0.));
#3628 = CARTESIAN_POINT('',(-27.37150048222,-28.02289681965,10.));
#3629 = CARTESIAN_POINT('',(-27.215894096,-28.13500950737,0.));
#3630 = CARTESIAN_POINT('',(-27.215894096,-28.13500950737,10.));
#3631 = CARTESIAN_POINT('',(-27.06440037401,-28.25257723134,0.));
#3632 = CARTESIAN_POINT('',(-27.06440037401,-28.25257723134,10.));
#3633 = CARTESIAN_POINT('',(-26.91722556378,-28.37546072946,0.));
#3634 = CARTESIAN_POINT('',(-26.91722556378,-28.37546072946,10.));
#3635 = CARTESIAN_POINT('',(-26.77456607212,-28.5035193994,0.));
#3636 = CARTESIAN_POINT('',(-26.77456607212,-28.5035193994,10.));
#3637 = CARTESIAN_POINT('',(-26.63660678729,-28.63660678706,0.));
#3638 = CARTESIAN_POINT('',(-26.63660678729,-28.63660678706,10.));
#3639 = CARTESIAN_POINT('',(-26.5035194013,-28.77456607452,0.));
#3640 = CARTESIAN_POINT('',(-26.5035194013,-28.77456607452,10.));
#3641 = CARTESIAN_POINT('',(-26.37546073209,-28.91722556826,0.));
#3642 = CARTESIAN_POINT('',(-26.37546073209,-28.91722556826,10.));
#3643 = CARTESIAN_POINT('',(-26.25257723475,-29.0644003777,0.));
#3644 = CARTESIAN_POINT('',(-26.25257723475,-29.0644003777,10.));
#3645 = CARTESIAN_POINT('',(-26.13500951298,-29.21589409384,0.));
#3646 = CARTESIAN_POINT('',(-26.13500951298,-29.21589409384,10.));
#3647 = CARTESIAN_POINT('',(-26.02289682996,-29.37150046784,0.));
#3648 = CARTESIAN_POINT('',(-26.02289682996,-29.37150046784,10.));
#3649 = CARTESIAN_POINT('',(-25.91638162036,-29.5310050895,0.));
#3650 = CARTESIAN_POINT('',(-25.91638162036,-29.5310050895,10.));
#3651 = CARTESIAN_POINT('',(-25.81561399966,-29.69418706593,0.));
#3652 = CARTESIAN_POINT('',(-25.81561399966,-29.69418706593,10.));
#3653 = CARTESIAN_POINT('',(-25.72073791752,-29.86082142662,0.));
#3654 = CARTESIAN_POINT('',(-25.72073791752,-29.86082142662,10.));
#3655 = CARTESIAN_POINT('',(-25.63187731309,-30.03068152856,0.));
#3656 = CARTESIAN_POINT('',(-25.63187731309,-30.03068152856,10.));
#3657 = CARTESIAN_POINT('',(-25.54912227057,-30.2035414611,0.));
#3658 = CARTESIAN_POINT('',(-25.54912227057,-30.2035414611,10.));
#3659 = CARTESIAN_POINT('',(-25.47251517217,-30.37917845144,0.));
#3660 = CARTESIAN_POINT('',(-25.47251517217,-30.37917845144,10.));
#3661 = CARTESIAN_POINT('',(-25.40203685887,-30.55737526851,0.));
#3662 = CARTESIAN_POINT('',(-25.40203685887,-30.55737526851,10.));
#3663 = CARTESIAN_POINT('',(-25.33763371819,-30.73791497461,0.));
#3664 = CARTESIAN_POINT('',(-25.33763371819,-30.73791497461,10.));
#3665 = CARTESIAN_POINT('',(-25.27924476434,-30.92057567846,0.));
#3666 = CARTESIAN_POINT('',(-25.27924476434,-30.92057567846,10.));
#3667 = CARTESIAN_POINT('',(-25.22682872035,-31.10512528782,0.));
#3668 = CARTESIAN_POINT('',(-25.22682872035,-31.10512528782,10.));
#3669 = CARTESIAN_POINT('',(-25.18039110112,-31.29131626197,0.));
#3670 = CARTESIAN_POINT('',(-25.18039110112,-31.29131626197,10.));
#3671 = CARTESIAN_POINT('',(-25.14001129133,-31.47888036509,0.));
#3672 = CARTESIAN_POINT('',(-25.14001129133,-31.47888036509,10.));
#3673 = CARTESIAN_POINT('',(-25.10575343758,-31.66754725048,0.));
#3674 = CARTESIAN_POINT('',(-25.10575343758,-31.66754725048,10.));
#3675 = CARTESIAN_POINT('',(-25.07757735316,-31.85706304102,0.));
#3676 = CARTESIAN_POINT('',(-25.07757735316,-31.85706304102,10.));
#3677 = CARTESIAN_POINT('',(-25.0552494068,-32.0472089158,0.));
#3678 = CARTESIAN_POINT('',(-25.0552494068,-32.0472089158,10.));
#3679 = CARTESIAN_POINT('',(-25.03825344334,-32.23781968313,0.));
#3680 = CARTESIAN_POINT('',(-25.03825344334,-32.23781968313,10.));
#3681 = CARTESIAN_POINT('',(-25.02570161859,-32.42880239004,0.));
#3682 = CARTESIAN_POINT('',(-25.02570161859,-32.42880239004,10.));
#3683 = CARTESIAN_POINT('',(-25.01638824885,-32.62010013763,0.));
#3684 = CARTESIAN_POINT('',(-25.01638824885,-32.62010013763,10.));
#3685 = CARTESIAN_POINT('',(-25.00884376936,-32.81165587546,0.));
#3686 = CARTESIAN_POINT('',(-25.00884376936,-32.81165587546,10.));
#3687 = CARTESIAN_POINT('',(-25.00138861114,-33.00337617846,0.));
#3688 = CARTESIAN_POINT('',(-25.00138861114,-33.00337617846,10.));
#3689 = CARTESIAN_POINT('',(-24.99218720487,-33.19509508939,0.));
#3690 = CARTESIAN_POINT('',(-24.99218720487,-33.19509508939,10.));
#3691 = CARTESIAN_POINT('',(-24.97930167456,-33.38653777235,0.));
#3692 = CARTESIAN_POINT('',(-24.97930167456,-33.38653777235,10.));
#3693 = CARTESIAN_POINT('',(-24.96084684671,-33.57734987887,0.));
#3694 = CARTESIAN_POINT('',(-24.96084684671,-33.57734987887,10.));
#3695 = CARTESIAN_POINT('',(-24.93514549578,-33.76712710076,0.));
#3696 = CARTESIAN_POINT('',(-24.93514549578,-33.76712710076,10.));
#3697 = CARTESIAN_POINT('',(-24.90088361628,-33.95544466378,0.));
#3698 = CARTESIAN_POINT('',(-24.90088361628,-33.95544466378,10.));
#3699 = CARTESIAN_POINT('',(-24.85726542275,-34.14188682289,0.));
#3700 = CARTESIAN_POINT('',(-24.85726542275,-34.14188682289,10.));
#3701 = CARTESIAN_POINT('',(-24.80416919011,-34.32607642132,0.));
#3702 = CARTESIAN_POINT('',(-24.80416919011,-34.32607642132,10.));
#3703 = CARTESIAN_POINT('',(-24.74196188259,-34.5076739109,0.));
#3704 = CARTESIAN_POINT('',(-24.74196188259,-34.5076739109,10.));
#3705 = CARTESIAN_POINT('',(-24.67131292898,-34.68637629256,0.));
#3706 = CARTESIAN_POINT('',(-24.67131292898,-34.68637629256,10.));
#3707 = CARTESIAN_POINT('',(-24.59300829207,-34.86191608717,0.));
#3708 = CARTESIAN_POINT('',(-24.59300829207,-34.86191608717,10.));
#3709 = CARTESIAN_POINT('',(-24.50776446707,-35.03406029247,0.));
#3710 = CARTESIAN_POINT('',(-24.50776446707,-35.03406029247,10.));
#3711 = CARTESIAN_POINT('',(-24.41604236364,-35.20260934915,0.));
#3712 = CARTESIAN_POINT('',(-24.41604236364,-35.20260934915,10.));
#3713 = CARTESIAN_POINT('',(-24.31811474292,-35.36739079425,0.));
#3714 = CARTESIAN_POINT('',(-24.31811474292,-35.36739079425,10.));
#3715 = CARTESIAN_POINT('',(-24.21413384008,-35.5282529119,0.));
#3716 = CARTESIAN_POINT('',(-24.21413384008,-35.5282529119,10.));
#3717 = CARTESIAN_POINT('',(-24.10419891715,-35.68505838509,0.));
#3718 = CARTESIAN_POINT('',(-24.10419891715,-35.68505838509,10.));
#3719 = CARTESIAN_POINT('',(-23.98842384515,-35.83767794703,0.));
#3720 = CARTESIAN_POINT('',(-23.98842384515,-35.83767794703,10.));
#3721 = CARTESIAN_POINT('',(-23.86700467387,-35.98598403269,0.));
#3722 = CARTESIAN_POINT('',(-23.86700467387,-35.98598403269,10.));
#3723 = CARTESIAN_POINT('',(-23.74019428214,-36.12984986261,0.));
#3724 = CARTESIAN_POINT('',(-23.74019428214,-36.12984986261,10.));
#3725 = CARTESIAN_POINT('',(-23.60827702497,-36.2691485267,0.));
#3726 = CARTESIAN_POINT('',(-23.60827702497,-36.2691485267,10.));
#3727 = CARTESIAN_POINT('',(-23.47154338274,-36.40375206812,0.));
#3728 = CARTESIAN_POINT('',(-23.47154338274,-36.40375206812,10.));
#3729 = CARTESIAN_POINT('',(-23.33026460829,-36.53353056701,0.));
#3730 = CARTESIAN_POINT('',(-23.33026460829,-36.53353056701,10.));
#3731 = CARTESIAN_POINT('',(-23.18466737819,-36.65835122464,0.));
#3732 = CARTESIAN_POINT('',(-23.18466737819,-36.65835122464,10.));
#3733 = CARTESIAN_POINT('',(-23.03494443483,-36.77808152028,0.));
#3734 = CARTESIAN_POINT('',(-23.03494443483,-36.77808152028,10.));
#3735 = CARTESIAN_POINT('',(-22.88126522431,-36.89259236766,0.));
#3736 = CARTESIAN_POINT('',(-22.88126522431,-36.89259236766,10.));
#3737 = CARTESIAN_POINT('',(-22.72378653585,-37.00176127154,0.));
#3738 = CARTESIAN_POINT('',(-22.72378653585,-37.00176127154,10.));
#3739 = CARTESIAN_POINT('',(-22.56266314054,-37.10547548429,0.));
#3740 = CARTESIAN_POINT('',(-22.56266314054,-37.10547548429,10.));
#3741 = CARTESIAN_POINT('',(-22.39805843031,-37.20363516248,0.));
#3742 = CARTESIAN_POINT('',(-22.39805843031,-37.20363516248,10.));
#3743 = CARTESIAN_POINT('',(-22.23014557397,-37.29614232928,0.));
#3744 = CARTESIAN_POINT('',(-22.23014557397,-37.29614232928,10.));
#3745 = CARTESIAN_POINT('',(-22.05910867316,-37.38288983714,0.));
#3746 = CARTESIAN_POINT('',(-22.05910867316,-37.38288983714,10.));
#3747 = CARTESIAN_POINT('',(-21.88514391862,-37.46375032984,0.));
#3748 = CARTESIAN_POINT('',(-21.88514391862,-37.46375032984,10.));
#3749 = CARTESIAN_POINT('',(-21.70846074591,-37.53856520591,0.));
#3750 = CARTESIAN_POINT('',(-21.70846074591,-37.53856520591,10.));
#3751 = CARTESIAN_POINT('',(-21.52928299237,-37.60713357816,0.));
#3752 = CARTESIAN_POINT('',(-21.52928299237,-37.60713357816,10.));
#3753 = CARTESIAN_POINT('',(-21.3478400414,-37.66923604366,0.));
#3754 = CARTESIAN_POINT('',(-21.3478400414,-37.66923604366,10.));
#3755 = CARTESIAN_POINT('',(-21.16435796554,-37.72465845776,0.));
#3756 = CARTESIAN_POINT('',(-21.16435796554,-37.72465845776,10.));
#3757 = CARTESIAN_POINT('',(-20.97905067021,-37.77321570622,0.));
#3758 = CARTESIAN_POINT('',(-20.97905067021,-37.77321570622,10.));
#3759 = CARTESIAN_POINT('',(-20.79211103666,-37.81477547904,0.));
#3760 = CARTESIAN_POINT('',(-20.79211103666,-37.81477547904,10.));
#3761 = CARTESIAN_POINT('',(-20.60370206624,-37.84928204161,0.));
#3762 = CARTESIAN_POINT('',(-20.60370206624,-37.84928204161,10.));
#3763 = CARTESIAN_POINT('',(-20.41398860487,-37.8766962375,0.));
#3764 = CARTESIAN_POINT('',(-20.41398860487,-37.8766962375,10.));
#3765 = CARTESIAN_POINT('',(-20.2231690723,-37.89693547995,0.));
#3766 = CARTESIAN_POINT('',(-20.2231690723,-37.89693547995,10.));
#3767 = CARTESIAN_POINT('',(-20.03150717995,-37.90981377036,0.));
#3768 = CARTESIAN_POINT('',(-20.03150717995,-37.90981377036,10.));
#3769 = CARTESIAN_POINT('',(-19.83936367623,-37.91498165256,0.));
#3770 = CARTESIAN_POINT('',(-19.83936367623,-37.91498165256,10.));
#3771 = CARTESIAN_POINT('',(-19.64722801847,-37.91186633775,0.));
#3772 = CARTESIAN_POINT('',(-19.64722801847,-37.91186633775,10.));
#3773 = CARTESIAN_POINT('',(-19.45564810267,-37.8998440509,0.));
#3774 = CARTESIAN_POINT('',(-19.45564810267,-37.8998440509,10.));
#3775 = CARTESIAN_POINT('',(-19.26516004627,-37.87841227291,0.));
#3776 = CARTESIAN_POINT('',(-19.26516004627,-37.87841227291,10.));
#3777 = CARTESIAN_POINT('',(-19.07621798534,-37.84736191195,0.));
#3778 = CARTESIAN_POINT('',(-19.07621798534,-37.84736191195,10.));
#3779 = CARTESIAN_POINT('',(-18.8891237871,-37.80694975822,0.));
#3780 = CARTESIAN_POINT('',(-18.8891237871,-37.80694975822,10.));
#3781 = CARTESIAN_POINT('',(-18.7039570155,-37.7580701193,0.));
#3782 = CARTESIAN_POINT('',(-18.7039570155,-37.7580701193,10.));
#3783 = CARTESIAN_POINT('',(-18.52060726058,-37.70209953082,0.));
#3784 = CARTESIAN_POINT('',(-18.52060726058,-37.70209953082,10.));
#3785 = CARTESIAN_POINT('',(-18.33880620518,-37.64074226807,0.));
#3786 = CARTESIAN_POINT('',(-18.33880620518,-37.64074226807,10.));
#3787 = CARTESIAN_POINT('',(-18.1581597972,-37.57587560683,0.));
#3788 = CARTESIAN_POINT('',(-18.1581597972,-37.57587560683,10.));
#3789 = CARTESIAN_POINT('',(-17.97818035708,-37.50939508615,0.));
#3790 = CARTESIAN_POINT('',(-17.97818035708,-37.50939508615,10.));
#3791 = CARTESIAN_POINT('',(-17.79831876733,-37.44306006097,0.));
#3792 = CARTESIAN_POINT('',(-17.79831876733,-37.44306006097,10.));
#3793 = CARTESIAN_POINT('',(-17.61801859958,-37.37845800443,0.));
#3794 = CARTESIAN_POINT('',(-17.61801859958,-37.37845800443,10.));
#3795 = CARTESIAN_POINT('',(-17.43677018581,-37.31696845132,0.));
#3796 = CARTESIAN_POINT('',(-17.43677018581,-37.31696845132,10.));
#3797 = CARTESIAN_POINT('',(-17.25416470151,-37.25972708393,0.));
#3798 = CARTESIAN_POINT('',(-17.25416470151,-37.25972708393,10.));
#3799 = CARTESIAN_POINT('',(-17.06994826395,-37.20758973585,0.));
#3800 = CARTESIAN_POINT('',(-17.06994826395,-37.20758973585,10.));
#3801 = CARTESIAN_POINT('',(-16.8840759693,-37.16109648838,0.));
#3802 = CARTESIAN_POINT('',(-16.8840759693,-37.16109648838,10.));
#3803 = CARTESIAN_POINT('',(-16.69666057724,-37.12054692711,0.));
#3804 = CARTESIAN_POINT('',(-16.69666057724,-37.12054692711,10.));
#3805 = CARTESIAN_POINT('',(-16.50792126224,-37.08607533328,0.));
#3806 = CARTESIAN_POINT('',(-16.50792126224,-37.08607533328,10.));
#3807 = CARTESIAN_POINT('',(-16.3181323398,-37.05772589931,0.));
#3808 = CARTESIAN_POINT('',(-16.3181323398,-37.05772589931,10.));
#3809 = CARTESIAN_POINT('',(-16.12757200477,-37.03552793196,0.));
#3810 = CARTESIAN_POINT('',(-16.12757200477,-37.03552793196,10.));
#3811 = CARTESIAN_POINT('',(-15.93647106112,-37.0195710657,0.));
#3812 = CARTESIAN_POINT('',(-15.93647106112,-37.0195710657,10.));
#3813 = CARTESIAN_POINT('',(-15.74502813275,-37.00998225359,0.));
#3814 = CARTESIAN_POINT('',(-15.74502813275,-37.00998225359,10.));
#3815 = CARTESIAN_POINT('',(-15.55342487691,-37.00690275374,0.));
#3816 = CARTESIAN_POINT('',(-15.55342487691,-37.00690275374,10.));
#3817 = CARTESIAN_POINT('',(-15.36184119719,-37.01046511653,0.));
#3818 = CARTESIAN_POINT('',(-15.36184119719,-37.01046511653,10.));
#3819 = CARTESIAN_POINT('',(-15.1704704554,-37.02077017367,0.));
#3820 = CARTESIAN_POINT('',(-15.1704704554,-37.02077017367,10.));
#3821 = CARTESIAN_POINT('',(-14.97953468763,-37.03786402049,0.));
#3822 = CARTESIAN_POINT('',(-14.97953468763,-37.03786402049,10.));
#3823 = CARTESIAN_POINT('',(-14.78927708598,-37.06174988204,0.));
#3824 = CARTESIAN_POINT('',(-14.78927708598,-37.06174988204,10.));
#3825 = CARTESIAN_POINT('',(-14.59995447587,-37.09239998571,0.));
#3826 = CARTESIAN_POINT('',(-14.59995447587,-37.09239998571,10.));
#3827 = CARTESIAN_POINT('',(-14.41182979491,-37.1297674316,0.));
#3828 = CARTESIAN_POINT('',(-14.41182979491,-37.1297674316,10.));
#3829 = CARTESIAN_POINT('',(-14.22516457141,-37.17379806314,0.));
#3830 = CARTESIAN_POINT('',(-14.22516457141,-37.17379806314,10.));
#3831 = CARTESIAN_POINT('',(-14.04021140221,-37.22444233949,0.));
#3832 = CARTESIAN_POINT('',(-14.04021140221,-37.22444233949,10.));
#3833 = CARTESIAN_POINT('',(-13.8572141285,-37.28165052675,0.));
#3834 = CARTESIAN_POINT('',(-13.8572141285,-37.28165052675,10.));
#3835 = CARTESIAN_POINT('',(-13.67640801268,-37.34536788694,0.));
#3836 = CARTESIAN_POINT('',(-13.67640801268,-37.34536788694,10.));
#3837 = CARTESIAN_POINT('',(-13.49801991479,-37.41552986779,0.));
#3838 = CARTESIAN_POINT('',(-13.49801991479,-37.41552986779,10.));
#3839 = CARTESIAN_POINT('',(-13.32226846919,-37.49205729212,0.));
#3840 = CARTESIAN_POINT('',(-13.32226846919,-37.49205729212,10.));
#3841 = CARTESIAN_POINT('',(-13.14936426101,-37.57485154742,0.));
#3842 = CARTESIAN_POINT('',(-13.14936426101,-37.57485154742,10.));
#3843 = CARTESIAN_POINT('',(-12.97951335171,-37.66379786303,0.));
#3844 = CARTESIAN_POINT('',(-12.97951335171,-37.66379786303,10.));
#3845 = CARTESIAN_POINT('',(-12.8129208046,-37.75876858737,0.));
#3846 = CARTESIAN_POINT('',(-12.8129208046,-37.75876858737,10.));
#3847 = CARTESIAN_POINT('',(-12.64979421012,-37.85962646508,0.));
#3848 = CARTESIAN_POINT('',(-12.64979421012,-37.85962646508,10.));
#3849 = CARTESIAN_POINT('',(-12.49034721198,-37.96622791437,0.));
#3850 = CARTESIAN_POINT('',(-12.49034721198,-37.96622791437,10.));
#3851 = CARTESIAN_POINT('',(-12.33480303084,-38.0784263035,0.));
#3852 = CARTESIAN_POINT('',(-12.33480303084,-38.0784263035,10.));
#3853 = CARTESIAN_POINT('',(-12.18338075133,-38.196068874,0.));
#3854 = CARTESIAN_POINT('',(-12.18338075133,-38.196068874,10.));
#3855 = CARTESIAN_POINT('',(-12.03628161081,-38.31899366446,0.));
#3856 = CARTESIAN_POINT('',(-12.03628161081,-38.31899366446,10.));
#3857 = CARTESIAN_POINT('',(-11.89367528851,-38.44702643442,0.));
#3858 = CARTESIAN_POINT('',(-11.89367528851,-38.44702643442,10.));
#3859 = CARTESIAN_POINT('',(-11.75568619195,-38.57997758759,0.));
#3860 = CARTESIAN_POINT('',(-11.75568619195,-38.57997758759,10.));
#3861 = CARTESIAN_POINT('',(-11.62237975121,-38.71763909679,0.));
#3862 = CARTESIAN_POINT('',(-11.62237975121,-38.71763909679,10.));
#3863 = CARTESIAN_POINT('',(-11.4937894533,-38.85979002113,0.));
#3864 = CARTESIAN_POINT('',(-11.4937894533,-38.85979002113,10.));
#3865 = CARTESIAN_POINT('',(-11.3699438688,-39.00620202154,0.));
#3866 = CARTESIAN_POINT('',(-11.3699438688,-39.00620202154,10.));
#3867 = CARTESIAN_POINT('',(-11.25089368063,-39.15664487673,0.));
#3868 = CARTESIAN_POINT('',(-11.25089368063,-39.15664487673,10.));
#3869 = CARTESIAN_POINT('',(-11.13673871363,-39.31089199938,0.));
#3870 = CARTESIAN_POINT('',(-11.13673871363,-39.31089199938,10.));
#3871 = CARTESIAN_POINT('',(-11.02765495906,-39.46872595107,0.));
#3872 = CARTESIAN_POINT('',(-11.02765495906,-39.46872595107,10.));
#3873 = CARTESIAN_POINT('',(-10.92380513787,-39.62992151189,0.));
#3874 = CARTESIAN_POINT('',(-10.92380513787,-39.62992151189,10.));
#3875 = CARTESIAN_POINT('',(-10.82524927697,-39.79422875116,0.));
#3876 = CARTESIAN_POINT('',(-10.82524927697,-39.79422875116,10.));
#3877 = CARTESIAN_POINT('',(-10.73185526831,-39.96135609791,0.));
#3878 = CARTESIAN_POINT('',(-10.73185526831,-39.96135609791,10.));
#3879 = CARTESIAN_POINT('',(-10.64320946285,-40.13095341089,0.));
#3880 = CARTESIAN_POINT('',(-10.64320946285,-40.13095341089,10.));
#3881 = CARTESIAN_POINT('',(-10.55852717106,-40.30259504949,0.));
#3882 = CARTESIAN_POINT('',(-10.55852717106,-40.30259504949,10.));
#3883 = CARTESIAN_POINT('',(-10.47671626073,-40.47576705081,0.));
#3884 = CARTESIAN_POINT('',(-10.47671626073,-40.47576705081,10.));
#3885 = CARTESIAN_POINT('',(-10.3964408633,-40.64985432901,0.));
#3886 = CARTESIAN_POINT('',(-10.3964408633,-40.64985432901,10.));
#3887 = CARTESIAN_POINT('',(-10.31618501161,-40.82412782739,0.));
#3888 = CARTESIAN_POINT('',(-10.31618501161,-40.82412782739,10.));
#3889 = CARTESIAN_POINT('',(-10.2343163698,-40.99773177946,0.));
#3890 = CARTESIAN_POINT('',(-10.2343163698,-40.99773177946,10.));
#3891 = CARTESIAN_POINT('',(-10.14914974906,-41.16967067692,0.));
#3892 = CARTESIAN_POINT('',(-10.14914974906,-41.16967067692,10.));
#3893 = CARTESIAN_POINT('',(-10.05907907947,-41.33889571982,0.));
#3894 = CARTESIAN_POINT('',(-10.05907907947,-41.33889571982,10.));
#3895 = CARTESIAN_POINT('',(-9.96270952874,-41.50439152968,0.));
#3896 = CARTESIAN_POINT('',(-9.96270952874,-41.50439152968,10.));
#3897 = CARTESIAN_POINT('',(-9.858989668134,-41.66526281812,0.));
#3898 = CARTESIAN_POINT('',(-9.858989668134,-41.66526281812,10.));
#3899 = CARTESIAN_POINT('',(-9.747343386501,-41.8208209529,0.));
#3900 = CARTESIAN_POINT('',(-9.747343386501,-41.8208209529,10.));
#3901 = CARTESIAN_POINT('',(-9.627802556174,-41.97067090444,0.));
#3902 = CARTESIAN_POINT('',(-9.627802556174,-41.97067090444,10.));
#3903 = CARTESIAN_POINT('',(-9.500836147364,-42.11463940226,0.));
#3904 = CARTESIAN_POINT('',(-9.500836147364,-42.11463940226,10.));
#3905 = CARTESIAN_POINT('',(-9.367178584348,-42.25270269103,0.));
#3906 = CARTESIAN_POINT('',(-9.367178584348,-42.25270269103,10.));
#3907 = CARTESIAN_POINT('',(-9.227658361886,-42.38491442719,0.));
#3908 = CARTESIAN_POINT('',(-9.227658361886,-42.38491442719,10.));
#3909 = CARTESIAN_POINT('',(-9.083026601348,-42.51133353556,0.));
#3910 = CARTESIAN_POINT('',(-9.083026601348,-42.51133353556,10.));
#3911 = CARTESIAN_POINT('',(-8.933785495778,-42.63195202989,0.));
#3912 = CARTESIAN_POINT('',(-8.933785495778,-42.63195202989,10.));
#3913 = CARTESIAN_POINT('',(-8.780253042329,-42.74671495633,0.));
#3914 = CARTESIAN_POINT('',(-8.780253042329,-42.74671495633,10.));
#3915 = CARTESIAN_POINT('',(-8.6226279471,-42.85554040558,0.));
#3916 = CARTESIAN_POINT('',(-8.6226279471,-42.85554040558,10.));
#3917 = CARTESIAN_POINT('',(-8.461054465207,-42.95833949921,0.));
#3918 = CARTESIAN_POINT('',(-8.461054465207,-42.95833949921,10.));
#3919 = CARTESIAN_POINT('',(-8.295687267998,-43.05503638681,0.));
#3920 = CARTESIAN_POINT('',(-8.295687267998,-43.05503638681,10.));
#3921 = CARTESIAN_POINT('',(-8.126756298902,-43.14558823869,0.));
#3922 = CARTESIAN_POINT('',(-8.126756298902,-43.14558823869,10.));
#3923 = CARTESIAN_POINT('',(-7.954543703872,-43.22997469841,0.));
#3924 = CARTESIAN_POINT('',(-7.954543703872,-43.22997469841,10.));
#3925 = CARTESIAN_POINT('',(-7.779360759094,-43.3081873343,0.));
#3926 = CARTESIAN_POINT('',(-7.779360759094,-43.3081873343,10.));
#3927 = CARTESIAN_POINT('',(-7.601524800398,-43.3802190917,0.));
#3928 = CARTESIAN_POINT('',(-7.601524800398,-43.3802190917,10.));
#3929 = CARTESIAN_POINT('',(-7.421336150895,-43.44605374425,0.));
#3930 = CARTESIAN_POINT('',(-7.421336150895,-43.44605374425,10.));
#3931 = CARTESIAN_POINT('',(-7.239055052328,-43.50565534731,0.));
#3932 = CARTESIAN_POINT('',(-7.239055052328,-43.50565534731,10.));
#3933 = CARTESIAN_POINT('',(-7.054910288914,-43.55897522701,0.));
#3934 = CARTESIAN_POINT('',(-7.054910288914,-43.55897522701,10.));
#3935 = CARTESIAN_POINT('',(-6.869107807623,-43.60595896738,0.));
#3936 = CARTESIAN_POINT('',(-6.869107807623,-43.60595896738,10.));
#3937 = CARTESIAN_POINT('',(-6.681839339703,-43.64655339825,0.));
#3938 = CARTESIAN_POINT('',(-6.681839339703,-43.64655339825,10.));
#3939 = CARTESIAN_POINT('',(-6.493291021647,-43.68071358269,0.));
#3940 = CARTESIAN_POINT('',(-6.493291021647,-43.68071358269,10.));
#3941 = CARTESIAN_POINT('',(-6.303652016345,-43.70840980479,0.));
#3942 = CARTESIAN_POINT('',(-6.303652016345,-43.70840980479,10.));
#3943 = CARTESIAN_POINT('',(-6.113119805012,-43.7296178146,0.));
#3944 = CARTESIAN_POINT('',(-6.113119805012,-43.7296178146,10.));
#3945 = CARTESIAN_POINT('',(-5.921905479,-43.74430907335,0.));
#3946 = CARTESIAN_POINT('',(-5.921905479,-43.74430907335,10.));
#3947 = CARTESIAN_POINT('',(-5.730239032012,-43.75244099817,0.));
#3948 = CARTESIAN_POINT('',(-5.730239032012,-43.75244099817,10.));
#3949 = CARTESIAN_POINT('',(-5.538374651438,-43.75394720792,0.));
#3950 = CARTESIAN_POINT('',(-5.538374651438,-43.75394720792,10.));
#3951 = CARTESIAN_POINT('',(-5.346596012217,-43.74872776589,0.));
#3952 = CARTESIAN_POINT('',(-5.346596012217,-43.74872776589,10.));
#3953 = CARTESIAN_POINT('',(-5.155198998841,-43.73666775143,0.));
#3954 = CARTESIAN_POINT('',(-5.155198998841,-43.73666775143,10.));
#3955 = CARTESIAN_POINT('',(-4.964474424717,-43.7176558349,0.));
#3956 = CARTESIAN_POINT('',(-4.964474424717,-43.7176558349,10.));
#3957 = CARTESIAN_POINT('',(-4.774690752823,-43.69160285108,0.));
#3958 = CARTESIAN_POINT('',(-4.774690752823,-43.69160285108,10.));
#3959 = CARTESIAN_POINT('',(-4.58607681506,-43.65846037395,0.));
#3960 = CARTESIAN_POINT('',(-4.58607681506,-43.65846037395,10.));
#3961 = CARTESIAN_POINT('',(-4.398804533749,-43.61823928936,0.));
#3962 = CARTESIAN_POINT('',(-4.398804533749,-43.61823928936,10.));
#3963 = CARTESIAN_POINT('',(-4.213041191166,-43.57096650527,0.));
#3964 = CARTESIAN_POINT('',(-4.213041191166,-43.57096650527,10.));
#3965 = CARTESIAN_POINT('',(-4.029001707852,-43.51664165345,0.));
#3966 = CARTESIAN_POINT('',(-4.029001707852,-43.51664165345,10.));
#3967 = CARTESIAN_POINT('',(-3.847000899969,-43.45519381155,0.));
#3968 = CARTESIAN_POINT('',(-3.847000899969,-43.45519381155,10.));
#3969 = CARTESIAN_POINT('',(-3.66750578668,-43.38643817663,0.));
#3970 = CARTESIAN_POINT('',(-3.66750578668,-43.38643817663,10.));
#3971 = CARTESIAN_POINT('',(-3.491187764376,-43.31003286805,0.));
#3972 = CARTESIAN_POINT('',(-3.491187764376,-43.31003286805,10.));
#3973 = CARTESIAN_POINT('',(-3.318791731321,-43.22561126355,0.));
#3974 = CARTESIAN_POINT('',(-3.318791731321,-43.22561126355,10.));
#3975 = CARTESIAN_POINT('',(-3.151005301186,-43.13291425927,0.));
#3976 = CARTESIAN_POINT('',(-3.151005301186,-43.13291425927,10.));
#3977 = CARTESIAN_POINT('',(-2.988328056974,-43.0319224699,0.));
#3978 = CARTESIAN_POINT('',(-2.988328056974,-43.0319224699,10.));
#3979 = CARTESIAN_POINT('',(-2.83094061827,-42.92298865825,0.));
#3980 = CARTESIAN_POINT('',(-2.83094061827,-42.92298865825,10.));
#3981 = CARTESIAN_POINT('',(-2.678574255878,-42.80696950458,0.));
#3982 = CARTESIAN_POINT('',(-2.678574255878,-42.80696950458,10.));
#3983 = CARTESIAN_POINT('',(-2.530600186929,-42.68509450993,0.));
#3984 = CARTESIAN_POINT('',(-2.530600186929,-42.68509450993,10.));
#3985 = CARTESIAN_POINT('',(-2.386118320764,-42.55883553881,0.));
#3986 = CARTESIAN_POINT('',(-2.386118320764,-42.55883553881,10.));
#3987 = CARTESIAN_POINT('',(-2.244046198382,-42.42977617069,0.));
#3988 = CARTESIAN_POINT('',(-2.244046198382,-42.42977617069,10.));
#3989 = CARTESIAN_POINT('',(-2.103207871224,-42.29948102843,0.));
#3990 = CARTESIAN_POINT('',(-2.103207871224,-42.29948102843,10.));
#3991 = CARTESIAN_POINT('',(-1.962422744887,-42.16936540586,0.));
#3992 = CARTESIAN_POINT('',(-1.962422744887,-42.16936540586,10.));
#3993 = CARTESIAN_POINT('',(-1.820569246931,-42.04068300101,0.));
#3994 = CARTESIAN_POINT('',(-1.820569246931,-42.04068300101,10.));
#3995 = CARTESIAN_POINT('',(-1.676648580384,-41.91451329634,0.));
#3996 = CARTESIAN_POINT('',(-1.676648580384,-41.91451329634,10.));
#3997 = CARTESIAN_POINT('',(-1.529848433868,-41.7917490751,0.));
#3998 = CARTESIAN_POINT('',(-1.529848433868,-41.7917490751,10.));
#3999 = CARTESIAN_POINT('',(-1.379606736969,-41.67308386771,0.));
#4000 = CARTESIAN_POINT('',(-1.379606736969,-41.67308386771,10.));
#4001 = CARTESIAN_POINT('',(-1.225675323803,-41.55899946027,0.));
#4002 = CARTESIAN_POINT('',(-1.225675323803,-41.55899946027,10.));
#4003 = CARTESIAN_POINT('',(-1.06804372429,-41.44981578505,0.));
#4004 = CARTESIAN_POINT('',(-1.06804372429,-41.44981578505,10.));
#4005 = CARTESIAN_POINT('',(-0.906863042023,-41.34574077617,0.));
#4006 = CARTESIAN_POINT('',(-0.906863042023,-41.34574077617,10.));
#4007 = CARTESIAN_POINT('',(-0.742369799789,-41.2469202381,0.));
#4008 = CARTESIAN_POINT('',(-0.742369799789,-41.2469202381,10.));
#4009 = CARTESIAN_POINT('',(-0.574809800876,-41.15348770732,0.));
#4010 = CARTESIAN_POINT('',(-0.574809800876,-41.15348770732,10.));
#4011 = CARTESIAN_POINT('',(-0.404361978743,-41.06561432014,0.));
#4012 = CARTESIAN_POINT('',(-0.404361978743,-41.06561432014,10.));
#4013 = CARTESIAN_POINT('',(-0.231161255113,-40.98349337596,0.));
#4014 = CARTESIAN_POINT('',(-0.231161255113,-40.98349337596,10.));
#4015 = CARTESIAN_POINT('',(-5.532140225119E-02,-40.90732489747,0.));
#4016 = CARTESIAN_POINT('',(-5.532140225119E-02,-40.90732489747,10.));
#4017 = CARTESIAN_POINT('',(0.123042095426,-40.83730019141,0.));
#4018 = CARTESIAN_POINT('',(0.123042095426,-40.83730019141,10.));
#4019 = CARTESIAN_POINT('',(0.303789181523,-40.77358641045,0.));
#4020 = CARTESIAN_POINT('',(0.303789181523,-40.77358641045,10.));
#4021 = CARTESIAN_POINT('',(0.486732361363,-40.71631111069,0.));
#4022 = CARTESIAN_POINT('',(0.486732361363,-40.71631111069,10.));
#4023 = CARTESIAN_POINT('',(0.671648188916,-40.66557033727,0.));
#4024 = CARTESIAN_POINT('',(0.671648188916,-40.66557033727,10.));
#4025 = CARTESIAN_POINT('',(0.858288760308,-40.62143671445,0.));
#4026 = CARTESIAN_POINT('',(0.858288760308,-40.62143671445,10.));
#4027 = CARTESIAN_POINT('',(1.046393205063,-40.58396753427,0.));
#4028 = CARTESIAN_POINT('',(1.046393205063,-40.58396753427,10.));
#4029 = CARTESIAN_POINT('',(1.235699177699,-40.55321284512,0.));
#4030 = CARTESIAN_POINT('',(1.235699177699,-40.55321284512,10.));
#4031 = CARTESIAN_POINT('',(1.425954350694,-40.52922354186,0.));
#4032 = CARTESIAN_POINT('',(1.425954350694,-40.52922354186,10.));
#4033 = CARTESIAN_POINT('',(1.616914411837,-40.51204699035,0.));
#4034 = CARTESIAN_POINT('',(1.616914411837,-40.51204699035,10.));
#4035 = CARTESIAN_POINT('',(1.808341059702,-40.5017226503,0.));
#4036 = CARTESIAN_POINT('',(1.808341059702,-40.5017226503,10.));
#4037 = CARTESIAN_POINT('',(1.999999999834,-40.49827769877,0.));
#4038 = CARTESIAN_POINT('',(1.999999999834,-40.49827769877,10.));
#4039 = CARTESIAN_POINT('',(2.191658940651,-40.50172265334,0.));
#4040 = CARTESIAN_POINT('',(2.191658940651,-40.50172265334,10.));
#4041 = CARTESIAN_POINT('',(2.383085589466,-40.51204699537,0.));
#4042 = CARTESIAN_POINT('',(2.383085589466,-40.51204699537,10.));
#4043 = CARTESIAN_POINT('',(2.574045649502,-40.52922354689,0.));
#4044 = CARTESIAN_POINT('',(2.574045649502,-40.52922354689,10.));
#4045 = CARTESIAN_POINT('',(2.764300816813,-40.55321284756,0.));
#4046 = CARTESIAN_POINT('',(2.764300816813,-40.55321284756,10.));
#4047 = CARTESIAN_POINT('',(2.95360677748,-40.58396753139,0.));
#4048 = CARTESIAN_POINT('',(2.95360677748,-40.58396753139,10.));
#4049 = CARTESIAN_POINT('',(3.141711204091,-40.62143670399,0.));
#4050 = CARTESIAN_POINT('',(3.141711204091,-40.62143670399,10.));
#4051 = CARTESIAN_POINT('',(3.328351754111,-40.66557031816,0.));
#4052 = CARTESIAN_POINT('',(3.328351754111,-40.66557031816,10.));
#4053 = CARTESIAN_POINT('',(3.513267561586,-40.71631108354,0.));
#4054 = CARTESIAN_POINT('',(3.513267561586,-40.71631108354,10.));
#4055 = CARTESIAN_POINT('',(3.696210727496,-40.77358637749,0.));
#4056 = CARTESIAN_POINT('',(3.696210727496,-40.77358637749,10.));
#4057 = CARTESIAN_POINT('',(3.876957809739,-40.83730015625,0.));
#4058 = CARTESIAN_POINT('',(3.876957809739,-40.83730015625,10.));
#4059 = CARTESIAN_POINT('',(4.055321315396,-40.90732486439,0.));
#4060 = CARTESIAN_POINT('',(4.055321315396,-40.90732486439,10.));
#4061 = CARTESIAN_POINT('',(4.231161186395,-40.98349334886,0.));
#4062 = CARTESIAN_POINT('',(4.231161186395,-40.98349334886,10.));
#4063 = CARTESIAN_POINT('',(4.404361934355,-41.06561430181,0.));
#4064 = CARTESIAN_POINT('',(4.404361934355,-41.06561430181,10.));
#4065 = CARTESIAN_POINT('',(4.574809781919,-41.15348769895,0.));
#4066 = CARTESIAN_POINT('',(4.574809781919,-41.15348769895,10.));
#4067 = CARTESIAN_POINT('',(4.742369802306,-41.24692023904,0.));
#4068 = CARTESIAN_POINT('',(4.742369802306,-41.24692023904,10.));
#4069 = CARTESIAN_POINT('',(4.906863058182,-41.345740784,0.));
#4070 = CARTESIAN_POINT('',(4.906863058182,-41.345740784,10.));
#4071 = CARTESIAN_POINT('',(5.068043744733,-41.44981579589,0.));
#4072 = CARTESIAN_POINT('',(5.068043744733,-41.44981579589,10.));
#4073 = CARTESIAN_POINT('',(5.22567533948,-41.55899946924,0.));
#4074 = CARTESIAN_POINT('',(5.22567533948,-41.55899946924,10.));
#4075 = CARTESIAN_POINT('',(5.379606740464,-41.67308386951,0.));
#4076 = CARTESIAN_POINT('',(5.379606740464,-41.67308386951,10.));
#4077 = CARTESIAN_POINT('',(5.529848420217,-41.79174906471,0.));
#4078 = CARTESIAN_POINT('',(5.529848420217,-41.79174906471,10.));
#4079 = CARTESIAN_POINT('',(5.676648547383,-41.91451326984,0.));
#4080 = CARTESIAN_POINT('',(5.676648547383,-41.91451326984,10.));
#4081 = CARTESIAN_POINT('',(5.820569194932,-42.04068295659,0.));
#4082 = CARTESIAN_POINT('',(5.820569194932,-42.04068295659,10.));
#4083 = CARTESIAN_POINT('',(5.962422676371,-42.16936534424,0.));
#4084 = CARTESIAN_POINT('',(5.962422676371,-42.16936534424,10.));
#4085 = CARTESIAN_POINT('',(6.103207790175,-42.29948095282,0.));
#4086 = CARTESIAN_POINT('',(6.103207790175,-42.29948095282,10.));
#4087 = CARTESIAN_POINT('',(6.244046109448,-42.42977608624,0.));
#4088 = CARTESIAN_POINT('',(6.244046109448,-42.42977608624,10.));
#4089 = CARTESIAN_POINT('',(6.386118228218,-42.55883545147,0.));
#4090 = CARTESIAN_POINT('',(6.386118228218,-42.55883545147,10.));
#4091 = CARTESIAN_POINT('',(6.530600093408,-42.68509442493,0.));
#4092 = CARTESIAN_POINT('',(6.530600093408,-42.68509442493,10.));
#4093 = CARTESIAN_POINT('',(6.67857416178,-42.80696942546,0.));
#4094 = CARTESIAN_POINT('',(6.67857416178,-42.80696942546,10.));
#4095 = CARTESIAN_POINT('',(6.830940521823,-42.92298858645,0.));
#4096 = CARTESIAN_POINT('',(6.830940521823,-42.92298858645,10.));
#4097 = CARTESIAN_POINT('',(6.988327954981,-43.03192240495,0.));
#4098 = CARTESIAN_POINT('',(6.988327954981,-43.03192240495,10.));
#4099 = CARTESIAN_POINT('',(7.151005190414,-43.13291419952,0.));
#4100 = CARTESIAN_POINT('',(7.151005190414,-43.13291419952,10.));
#4101 = CARTESIAN_POINT('',(7.318791610648,-43.22561120744,0.));
#4102 = CARTESIAN_POINT('',(7.318791610648,-43.22561120744,10.));
#4103 = CARTESIAN_POINT('',(7.49118763596,-43.31003281478,0.));
#4104 = CARTESIAN_POINT('',(7.49118763596,-43.31003281478,10.));
#4105 = CARTESIAN_POINT('',(7.667505656026,-43.38643812649,0.));
#4106 = CARTESIAN_POINT('',(7.667505656026,-43.38643812649,10.));
#4107 = CARTESIAN_POINT('',(7.847000774923,-43.45519376587,0.));
#4108 = CARTESIAN_POINT('',(7.847000774923,-43.45519376587,10.));
#4109 = CARTESIAN_POINT('',(8.029001596545,-43.51664161407,0.));
#4110 = CARTESIAN_POINT('',(8.029001596545,-43.51664161407,10.));
#4111 = CARTESIAN_POINT('',(8.213041098806,-43.57096647369,0.));
#4112 = CARTESIAN_POINT('',(8.213041098806,-43.57096647369,10.));
#4113 = CARTESIAN_POINT('',(8.398804460723,-43.61823926625,0.));
#4114 = CARTESIAN_POINT('',(8.398804460723,-43.61823926625,10.));
#4115 = CARTESIAN_POINT('',(8.586076756463,-43.65846035896,0.));
#4116 = CARTESIAN_POINT('',(8.586076756463,-43.65846035896,10.));
#4117 = CARTESIAN_POINT('',(8.774690699373,-43.69160284289,0.));
#4118 = CARTESIAN_POINT('',(8.774690699373,-43.69160284289,10.));
#4119 = CARTESIAN_POINT('',(8.964474365069,-43.71765583158,0.));
#4120 = CARTESIAN_POINT('',(8.964474365069,-43.71765583158,10.));
#4121 = CARTESIAN_POINT('',(9.155198923308,-43.73666775107,0.));
#4122 = CARTESIAN_POINT('',(9.155198923308,-43.73666775107,10.));
#4123 = CARTESIAN_POINT('',(9.346595915148,-43.74872776706,0.));
#4124 = CARTESIAN_POINT('',(9.346595915148,-43.74872776706,10.));
#4125 = CARTESIAN_POINT('',(9.538374532231,-43.75394720995,0.));
#4126 = CARTESIAN_POINT('',(9.538374532231,-43.75394720995,10.));
#4127 = CARTESIAN_POINT('',(9.730238894774,-43.75244100123,0.));
#4128 = CARTESIAN_POINT('',(9.730238894774,-43.75244100123,10.));
#4129 = CARTESIAN_POINT('',(9.921905330849,-43.74430907839,0.));
#4130 = CARTESIAN_POINT('',(9.921905330849,-43.74430907839,10.));
#4131 = CARTESIAN_POINT('',(10.113119653013,-43.7296178231,0.));
#4132 = CARTESIAN_POINT('',(10.113119653013,-43.7296178231,10.));
#4133 = CARTESIAN_POINT('',(10.303651865526,-43.70840981852,0.));
#4134 = CARTESIAN_POINT('',(10.303651865526,-43.70840981852,10.));
#4135 = CARTESIAN_POINT('',(10.493290874113,-43.68071360333,0.));
#4136 = CARTESIAN_POINT('',(10.493290874113,-43.68071360333,10.));
#4137 = CARTESIAN_POINT('',(10.681839194846,-43.64655342706,0.));
#4138 = CARTESIAN_POINT('',(10.681839194846,-43.64655342706,10.));
#4139 = CARTESIAN_POINT('',(10.869107663419,-43.60595900477,0.));
#4140 = CARTESIAN_POINT('',(10.869107663419,-43.60595900477,10.));
#4141 = CARTESIAN_POINT('',(11.054910144321,-43.55897527204,0.));
#4142 = CARTESIAN_POINT('',(11.054910144321,-43.55897527204,10.));
#4143 = CARTESIAN_POINT('',(11.239054908644,-43.50565539762,0.));
#4144 = CARTESIAN_POINT('',(11.239054908644,-43.50565539762,10.));
#4145 = CARTESIAN_POINT('',(11.421336012094,-43.44605379629,0.));
#4146 = CARTESIAN_POINT('',(11.421336012094,-43.44605379629,10.));
#4147 = CARTESIAN_POINT('',(11.601524672437,-43.38021914139,0.));
#4148 = CARTESIAN_POINT('',(11.601524672437,-43.38021914139,10.));
#4149 = CARTESIAN_POINT('',(11.779360648185,-43.30818737805,0.));
#4150 = CARTESIAN_POINT('',(11.779360648185,-43.30818737805,10.));
#4151 = CARTESIAN_POINT('',(11.954543613741,-43.22997473447,0.));
#4152 = CARTESIAN_POINT('',(11.954543613741,-43.22997473447,10.));
#4153 = CARTESIAN_POINT('',(12.126756229254,-43.14558826792,0.));
#4154 = CARTESIAN_POINT('',(12.126756229254,-43.14558826792,10.));
#4155 = CARTESIAN_POINT('',(12.295687214161,-43.0550364127,0.));
#4156 = CARTESIAN_POINT('',(12.295687214161,-43.0550364127,10.));
#4157 = CARTESIAN_POINT('',(12.461054418958,-42.95833952722,0.));
#4158 = CARTESIAN_POINT('',(12.461054418958,-42.95833952722,10.));
#4159 = CARTESIAN_POINT('',(12.622627898697,-42.85554044185,0.));
#4160 = CARTESIAN_POINT('',(12.622627898697,-42.85554044185,10.));
#4161 = CARTESIAN_POINT('',(12.780252983704,-42.74671500562,0.));
#4162 = CARTESIAN_POINT('',(12.780252983704,-42.74671500562,10.));
#4163 = CARTESIAN_POINT('',(12.933785422536,-42.63195209442,0.));
#4164 = CARTESIAN_POINT('',(12.933785422536,-42.63195209442,10.));
#4165 = CARTESIAN_POINT('',(13.083026513585,-42.51133361454,0.));
#4166 = CARTESIAN_POINT('',(13.083026513585,-42.51133361454,10.));
#4167 = CARTESIAN_POINT('',(13.227658263839,-42.38491451724,0.));
#4168 = CARTESIAN_POINT('',(13.227658263839,-42.38491451724,10.));
#4169 = CARTESIAN_POINT('',(13.367178482827,-42.25270278735,0.));
#4170 = CARTESIAN_POINT('',(13.367178482827,-42.25270278735,10.));
#4171 = CARTESIAN_POINT('',(13.50083604911,-42.11463950062,0.));
#4172 = CARTESIAN_POINT('',(13.50083604911,-42.11463950062,10.));
#4173 = CARTESIAN_POINT('',(13.627802466157,-41.97067100246,0.));
#4174 = CARTESIAN_POINT('',(13.627802466157,-41.97067100246,10.));
#4175 = CARTESIAN_POINT('',(13.747343307023,-41.82082105049,0.));
#4176 = CARTESIAN_POINT('',(13.747343307023,-41.82082105049,10.));
#4177 = CARTESIAN_POINT('',(13.858989598761,-41.66526291716,0.));
#4178 = CARTESIAN_POINT('',(13.858989598761,-41.66526291716,10.));
#4179 = CARTESIAN_POINT('',(13.962709467111,-41.50439163292,0.));
#4180 = CARTESIAN_POINT('',(13.962709467111,-41.50439163292,10.));
#4181 = CARTESIAN_POINT('',(14.059079022823,-41.33889582893,0.));
#4182 = CARTESIAN_POINT('',(14.059079022823,-41.33889582893,10.));
#4183 = CARTESIAN_POINT('',(14.149149695194,-41.16967079124,0.));
#4184 = CARTESIAN_POINT('',(14.149149695194,-41.16967079124,10.));
#4185 = CARTESIAN_POINT('',(14.234316317728,-40.99773189557,0.));
#4186 = CARTESIAN_POINT('',(14.234316317728,-40.99773189557,10.));
#4187 = CARTESIAN_POINT('',(14.316184961767,-40.82412793945,0.));
#4188 = CARTESIAN_POINT('',(14.316184961767,-40.82412793945,10.));
#4189 = CARTESIAN_POINT('',(14.396440817361,-40.64985442989,0.));
#4190 = CARTESIAN_POINT('',(14.396440817361,-40.64985442989,10.));
#4191 = CARTESIAN_POINT('',(14.476716221016,-40.47576713396,0.));
#4192 = CARTESIAN_POINT('',(14.476716221016,-40.47576713396,10.));
#4193 = CARTESIAN_POINT('',(14.55852714002,-40.30259511044,0.));
#4194 = CARTESIAN_POINT('',(14.55852714002,-40.30259511044,10.));
#4195 = CARTESIAN_POINT('',(14.643209442505,-40.13095344801,0.));
#4196 = CARTESIAN_POINT('',(14.643209442505,-40.13095344801,10.));
#4197 = CARTESIAN_POINT('',(14.731855259684,-39.96135611273,0.));
#4198 = CARTESIAN_POINT('',(14.731855259684,-39.96135611273,10.));
#4199 = CARTESIAN_POINT('',(14.825249279511,-39.79422874815,0.));
#4200 = CARTESIAN_POINT('',(14.825249279511,-39.79422874815,10.));
#4201 = CARTESIAN_POINT('',(14.923805148926,-39.62992149759,0.));
#4202 = CARTESIAN_POINT('',(14.923805148926,-39.62992149759,10.));
#4203 = CARTESIAN_POINT('',(15.027654973802,-39.46872593323,0.));
#4204 = CARTESIAN_POINT('',(15.027654973802,-39.46872593323,10.));
#4205 = CARTESIAN_POINT('',(15.136738725565,-39.31089198596,0.));
#4206 = CARTESIAN_POINT('',(15.136738725565,-39.31089198596,10.));
#4207 = CARTESIAN_POINT('',(15.250893682604,-39.1566448749,0.));
#4208 = CARTESIAN_POINT('',(15.250893682604,-39.1566448749,10.));
#4209 = CARTESIAN_POINT('',(15.369943854494,-39.00620203653,0.));
#4210 = CARTESIAN_POINT('',(15.369943854494,-39.00620203653,10.));
#4211 = CARTESIAN_POINT('',(15.493789419304,-38.85979005505,0.));
#4212 = CARTESIAN_POINT('',(15.493789419304,-38.85979005505,10.));
#4213 = CARTESIAN_POINT('',(15.622379698094,-38.71763914812,0.));
#4214 = CARTESIAN_POINT('',(15.622379698094,-38.71763914812,10.));
#4215 = CARTESIAN_POINT('',(15.755686124367,-38.57997765139,0.));
#4216 = CARTESIAN_POINT('',(15.755686124367,-38.57997765139,10.));
#4217 = CARTESIAN_POINT('',(15.893675214352,-38.44702650319,0.));
#4218 = CARTESIAN_POINT('',(15.893675214352,-38.44702650319,10.));
#4219 = CARTESIAN_POINT('',(16.036281539372,-38.31899372973,0.));
#4220 = CARTESIAN_POINT('',(16.036281539372,-38.31899372973,10.));
#4221 = CARTESIAN_POINT('',(16.183380690537,-38.19606892857,0.));
#4222 = CARTESIAN_POINT('',(16.183380690537,-38.19606892857,10.));
#4223 = CARTESIAN_POINT('',(16.334802985515,-38.07842634295,0.));
#4224 = CARTESIAN_POINT('',(16.334802985515,-38.07842634295,10.));
#4225 = CARTESIAN_POINT('',(16.4903471831,-37.96622793766,0.));
#4226 = CARTESIAN_POINT('',(16.4903471831,-37.96622793766,10.));
#4227 = CARTESIAN_POINT('',(16.649794195101,-37.85962647442,0.));
#4228 = CARTESIAN_POINT('',(16.649794195101,-37.85962647442,10.));
#4229 = CARTESIAN_POINT('',(16.812920798598,-37.75876858722,0.));
#4230 = CARTESIAN_POINT('',(16.812920798598,-37.75876858722,10.));
#4231 = CARTESIAN_POINT('',(16.979513349971,-37.66379785831,0.));
#4232 = CARTESIAN_POINT('',(16.979513349971,-37.66379785831,10.));
#4233 = CARTESIAN_POINT('',(17.149364260299,-37.57485154228,0.));
#4234 = CARTESIAN_POINT('',(17.149364260299,-37.57485154228,10.));
#4235 = CARTESIAN_POINT('',(17.322268468353,-37.49205728918,0.));
#4236 = CARTESIAN_POINT('',(17.322268468353,-37.49205728918,10.));
#4237 = CARTESIAN_POINT('',(17.498019914489,-37.41552986792,0.));
#4238 = CARTESIAN_POINT('',(17.498019914489,-37.41552986792,10.));
#4239 = CARTESIAN_POINT('',(17.676408014172,-37.34536788962,0.));
#4240 = CARTESIAN_POINT('',(17.676408014172,-37.34536788962,10.));
#4241 = CARTESIAN_POINT('',(17.857214131634,-37.28165053089,0.));
#4242 = CARTESIAN_POINT('',(17.857214131634,-37.28165053089,10.));
#4243 = CARTESIAN_POINT('',(18.040211404317,-37.22444234406,0.));
#4244 = CARTESIAN_POINT('',(18.040211404317,-37.22444234406,10.));
#4245 = CARTESIAN_POINT('',(18.225164567273,-37.1737980675,0.));
#4246 = CARTESIAN_POINT('',(18.225164567273,-37.1737980675,10.));
#4247 = CARTESIAN_POINT('',(18.411829777684,-37.12976743562,0.));
#4248 = CARTESIAN_POINT('',(18.411829777684,-37.12976743562,10.));
#4249 = CARTESIAN_POINT('',(18.599954438983,-37.09239998966,0.));
#4250 = CARTESIAN_POINT('',(18.599954438983,-37.09239998966,10.));
#4251 = CARTESIAN_POINT('',(18.789277026039,-37.0617498862,0.));
#4252 = CARTESIAN_POINT('',(18.789277026039,-37.0617498862,10.));
#4253 = CARTESIAN_POINT('',(18.979534606057,-37.03786402489,0.));
#4254 = CARTESIAN_POINT('',(18.979534606057,-37.03786402489,10.));
#4255 = CARTESIAN_POINT('',(19.170470358735,-37.02077017804,0.));
#4256 = CARTESIAN_POINT('',(19.170470358735,-37.02077017804,10.));
#4257 = CARTESIAN_POINT('',(19.361841096125,-37.01046512035,0.));
#4258 = CARTESIAN_POINT('',(19.361841096125,-37.01046512035,10.));
#4259 = CARTESIAN_POINT('',(19.553424784007,-37.00690275641,0.));
#4260 = CARTESIAN_POINT('',(19.553424784007,-37.00690275641,10.));
#4261 = CARTESIAN_POINT('',(19.745028058897,-37.00998225485,0.));
#4262 = CARTESIAN_POINT('',(19.745028058897,-37.00998225485,10.));
#4263 = CARTESIAN_POINT('',(19.936471013099,-37.01957106576,0.));
#4264 = CARTESIAN_POINT('',(19.936471013099,-37.01957106576,10.));
#4265 = CARTESIAN_POINT('',(20.127571984054,-37.03552793148,0.));
#4266 = CARTESIAN_POINT('',(20.127571984054,-37.03552793148,10.));
#4267 = CARTESIAN_POINT('',(20.318132342493,-37.05772589921,0.));
#4268 = CARTESIAN_POINT('',(20.318132342493,-37.05772589921,10.));
#4269 = CARTESIAN_POINT('',(20.507921280168,-37.08607533433,0.));
#4270 = CARTESIAN_POINT('',(20.507921280168,-37.08607533433,10.));
#4271 = CARTESIAN_POINT('',(20.696660600282,-37.12054692931,0.));
#4272 = CARTESIAN_POINT('',(20.696660600282,-37.12054692931,10.));
#4273 = CARTESIAN_POINT('',(20.884075987222,-37.16109649067,0.));
#4274 = CARTESIAN_POINT('',(20.884075987222,-37.16109649067,10.));
#4275 = CARTESIAN_POINT('',(21.069948267877,-37.20758973618,0.));
#4276 = CARTESIAN_POINT('',(21.069948267877,-37.20758973618,10.));
#4277 = CARTESIAN_POINT('',(21.254164684929,-37.25972707955,0.));
#4278 = CARTESIAN_POINT('',(21.254164684929,-37.25972707955,10.));
#4279 = CARTESIAN_POINT('',(21.436770145182,-37.31696843947,0.));
#4280 = CARTESIAN_POINT('',(21.436770145182,-37.31696843947,10.));
#4281 = CARTESIAN_POINT('',(21.618018534541,-37.37845798328,0.));
#4282 = CARTESIAN_POINT('',(21.618018534541,-37.37845798328,10.));
#4283 = CARTESIAN_POINT('',(21.798318680449,-37.44306003026,0.));
#4284 = CARTESIAN_POINT('',(21.798318680449,-37.44306003026,10.));
#4285 = CARTESIAN_POINT('',(21.978180253272,-37.50939504731,0.));
#4286 = CARTESIAN_POINT('',(21.978180253272,-37.50939504731,10.));
#4287 = CARTESIAN_POINT('',(22.158159682718,-37.57587556283,0.));
#4288 = CARTESIAN_POINT('',(22.158159682718,-37.57587556283,10.));
#4289 = CARTESIAN_POINT('',(22.338806086256,-37.64074222279,0.));
#4290 = CARTESIAN_POINT('',(22.338806086256,-37.64074222279,10.));
#4291 = CARTESIAN_POINT('',(22.520607141655,-37.70209948809,0.));
#4292 = CARTESIAN_POINT('',(22.520607141655,-37.70209948809,10.));
#4293 = CARTESIAN_POINT('',(22.703956898288,-37.75807008221,0.));
#4294 = CARTESIAN_POINT('',(22.703956898288,-37.75807008221,10.));
#4295 = CARTESIAN_POINT('',(22.889123670524,-37.80694972879,0.));
#4296 = CARTESIAN_POINT('',(22.889123670524,-37.80694972879,10.));
#4297 = CARTESIAN_POINT('',(23.076217866255,-37.84736189097,0.));
#4298 = CARTESIAN_POINT('',(23.076217866255,-37.84736189097,10.));
#4299 = CARTESIAN_POINT('',(23.265159921067,-37.87841226011,0.));
#4300 = CARTESIAN_POINT('',(23.265159921067,-37.87841226011,10.));
#4301 = CARTESIAN_POINT('',(23.455647969713,-37.89984404525,0.));
#4302 = CARTESIAN_POINT('',(23.455647969713,-37.89984404525,10.));
#4303 = CARTESIAN_POINT('',(23.647227879448,-37.91186633768,0.));
#4304 = CARTESIAN_POINT('',(23.647227879448,-37.91186633768,10.));
#4305 = CARTESIAN_POINT('',(23.839363536336,-37.91498165623,0.));
#4306 = CARTESIAN_POINT('',(23.839363536336,-37.91498165623,10.));
#4307 = CARTESIAN_POINT('',(24.031507046943,-37.90981377601,0.));
#4308 = CARTESIAN_POINT('',(24.031507046943,-37.90981377601,10.));
#4309 = CARTESIAN_POINT('',(24.2231689544,-37.89693548616,0.));
#4310 = CARTESIAN_POINT('',(24.2231689544,-37.89693548616,10.));
#4311 = CARTESIAN_POINT('',(24.413988507456,-37.87669624366,0.));
#4312 = CARTESIAN_POINT('',(24.413988507456,-37.87669624366,10.));
#4313 = CARTESIAN_POINT('',(24.603701989936,-37.84928204821,0.));
#4314 = CARTESIAN_POINT('',(24.603701989936,-37.84928204821,10.));
#4315 = CARTESIAN_POINT('',(24.792110976789,-37.81477548762,0.));
#4316 = CARTESIAN_POINT('',(24.792110976789,-37.81477548762,10.));
#4317 = CARTESIAN_POINT('',(24.979050617697,-37.77321571911,0.));
#4318 = CARTESIAN_POINT('',(24.979050617697,-37.77321571911,10.));
#4319 = CARTESIAN_POINT('',(25.164357909172,-37.72465847752,0.));
#4320 = CARTESIAN_POINT('',(25.164357909172,-37.72465847752,10.));
#4321 = CARTESIAN_POINT('',(25.347839971483,-37.66923607223,0.));
#4322 = CARTESIAN_POINT('',(25.347839971483,-37.66923607223,10.));
#4323 = CARTESIAN_POINT('',(25.529282903143,-37.60713361639,0.));
#4324 = CARTESIAN_POINT('',(25.529282903143,-37.60713361639,10.));
#4325 = CARTESIAN_POINT('',(25.708460636559,-37.53856525341,0.));
#4326 = CARTESIAN_POINT('',(25.708460636559,-37.53856525341,10.));
#4327 = CARTESIAN_POINT('',(25.885143793006,-37.46375038519,0.));
#4328 = CARTESIAN_POINT('',(25.885143793006,-37.46375038519,10.));
#4329 = CARTESIAN_POINT('',(26.059108538223,-37.38288989849,0.));
#4330 = CARTESIAN_POINT('',(26.059108538223,-37.38288989849,10.));
#4331 = CARTESIAN_POINT('',(26.230145436796,-37.2961423953,0.));
#4332 = CARTESIAN_POINT('',(26.230145436796,-37.2961423953,10.));
#4333 = CARTESIAN_POINT('',(26.398058296231,-37.20363523288,0.));
#4334 = CARTESIAN_POINT('',(26.398058296231,-37.20363523288,10.));
#4335 = CARTESIAN_POINT('',(26.562663012139,-37.10547555982,0.));
#4336 = CARTESIAN_POINT('',(26.562663012139,-37.10547555982,10.));
#4337 = CARTESIAN_POINT('',(26.723786413048,-37.0017613536,0.));
#4338 = CARTESIAN_POINT('',(26.723786413048,-37.0017613536,10.));
#4339 = CARTESIAN_POINT('',(26.881265105391,-36.89259245738,0.));
#4340 = CARTESIAN_POINT('',(26.881265105391,-36.89259245738,10.));
#4341 = CARTESIAN_POINT('',(27.034944318478,-36.77808161722,0.));
#4342 = CARTESIAN_POINT('',(27.034944318478,-36.77808161722,10.));
#4343 = CARTESIAN_POINT('',(27.184667264698,-36.6583513261,0.));
#4344 = CARTESIAN_POINT('',(27.184667264698,-36.6583513261,10.));
#4345 = CARTESIAN_POINT('',(27.330264499969,-36.53353066821,0.));
#4346 = CARTESIAN_POINT('',(27.330264499969,-36.53353066821,10.));
#4347 = CARTESIAN_POINT('',(27.471543283545,-36.403752163,0.));
#4348 = CARTESIAN_POINT('',(27.471543283545,-36.403752163,10.));
#4349 = CARTESIAN_POINT('',(27.608276939247,-36.26914860956,0.));
#4350 = CARTESIAN_POINT('',(27.608276939247,-36.26914860956,10.));
#4351 = CARTESIAN_POINT('',(27.740194212672,-36.12984993042,0.));
#4352 = CARTESIAN_POINT('',(27.740194212672,-36.12984993042,10.));
#4353 = CARTESIAN_POINT('',(27.867004620721,-35.98598408636,0.));
#4354 = CARTESIAN_POINT('',(27.867004620721,-35.98598408636,10.));
#4355 = CARTESIAN_POINT('',(27.988423805321,-35.83767799155,0.));
#4356 = CARTESIAN_POINT('',(27.988423805321,-35.83767799155,10.));
#4357 = CARTESIAN_POINT('',(28.104198885147,-35.68505842867,0.));
#4358 = CARTESIAN_POINT('',(28.104198885147,-35.68505842867,10.));
#4359 = CARTESIAN_POINT('',(28.214133809239,-35.52825296393,0.));
#4360 = CARTESIAN_POINT('',(28.214133809239,-35.52825296393,10.));
#4361 = CARTESIAN_POINT('',(28.318114707623,-35.36739086222,0.));
#4362 = CARTESIAN_POINT('',(28.318114707623,-35.36739086222,10.));
#4363 = CARTESIAN_POINT('',(28.416042320668,-35.20260943679,0.));
#4364 = CARTESIAN_POINT('',(28.416042320668,-35.20260943679,10.));
#4365 = CARTESIAN_POINT('',(28.507764416213,-35.03406039903,0.));
#4366 = CARTESIAN_POINT('',(28.507764416213,-35.03406039903,10.));
#4367 = CARTESIAN_POINT('',(28.593008235953,-34.86191620789,0.));
#4368 = CARTESIAN_POINT('',(28.593008235953,-34.86191620789,10.));
#4369 = CARTESIAN_POINT('',(28.671312872053,-34.6863764204,0.));
#4370 = CARTESIAN_POINT('',(28.671312872053,-34.6863764204,10.));
#4371 = CARTESIAN_POINT('',(28.741961829458,-34.50767403937,0.));
#4372 = CARTESIAN_POINT('',(28.741961829458,-34.50767403937,10.));
#4373 = CARTESIAN_POINT('',(28.804169144456,-34.32607654632,0.));
#4374 = CARTESIAN_POINT('',(28.804169144456,-34.32607654632,10.));
#4375 = CARTESIAN_POINT('',(28.857265386672,-34.14188694346,0.));
#4376 = CARTESIAN_POINT('',(28.857265386672,-34.14188694346,10.));
#4377 = CARTESIAN_POINT('',(28.900883590093,-33.95544478183,0.));
#4378 = CARTESIAN_POINT('',(28.900883590093,-33.95544478183,10.));
#4379 = CARTESIAN_POINT('',(28.935145478357,-33.76712721973,0.));
#4380 = CARTESIAN_POINT('',(28.935145478357,-33.76712721973,10.));
#4381 = CARTESIAN_POINT('',(28.960846836122,-33.57735000135,0.));
#4382 = CARTESIAN_POINT('',(28.960846836122,-33.57735000135,10.));
#4383 = CARTESIAN_POINT('',(28.97930166854,-33.38653789858,0.));
#4384 = CARTESIAN_POINT('',(28.97930166854,-33.38653789858,10.));
#4385 = CARTESIAN_POINT('',(28.992187201199,-33.19509521659,0.));
#4386 = CARTESIAN_POINT('',(28.992187201199,-33.19509521659,10.));
#4387 = CARTESIAN_POINT('',(29.001388607983,-33.00337630107,0.));
#4388 = CARTESIAN_POINT('',(29.001388607983,-33.00337630107,10.));
#4389 = CARTESIAN_POINT('',(29.008843765519,-32.81165598624,0.));
#4390 = CARTESIAN_POINT('',(29.008843765519,-32.81165598624,10.));
#4391 = CARTESIAN_POINT('',(29.016388243985,-32.62010022966,0.));
#4392 = CARTESIAN_POINT('',(29.016388243985,-32.62010022966,10.));
#4393 = CARTESIAN_POINT('',(29.025701613236,-32.42880245823,0.));
#4394 = CARTESIAN_POINT('',(29.025701613236,-32.42880245823,10.));
#4395 = CARTESIAN_POINT('',(29.038253438752,-32.23781972521,0.));
#4396 = CARTESIAN_POINT('',(29.038253438752,-32.23781972521,10.));
#4397 = CARTESIAN_POINT('',(29.055249404504,-32.0472089328,0.));
#4398 = CARTESIAN_POINT('',(29.055249404504,-32.0472089328,10.));
#4399 = CARTESIAN_POINT('',(29.077577354361,-31.85706303727,0.));
#4400 = CARTESIAN_POINT('',(29.077577354361,-31.85706303727,10.));
#4401 = CARTESIAN_POINT('',(29.105753442318,-31.66754723305,0.));
#4402 = CARTESIAN_POINT('',(29.105753442318,-31.66754723305,10.));
#4403 = CARTESIAN_POINT('',(29.14001129812,-31.47888034296,0.));
#4404 = CARTESIAN_POINT('',(29.14001129812,-31.47888034296,10.));
#4405 = CARTESIAN_POINT('',(29.180391107019,-31.291316245,0.));
#4406 = CARTESIAN_POINT('',(29.180391107019,-31.291316245,10.));
#4407 = CARTESIAN_POINT('',(29.226828721471,-31.10512528537,0.));
#4408 = CARTESIAN_POINT('',(29.226828721471,-31.10512528537,10.));
#4409 = CARTESIAN_POINT('',(29.279244756859,-30.92057569779,0.));
#4410 = CARTESIAN_POINT('',(29.279244756859,-30.92057569779,10.));
#4411 = CARTESIAN_POINT('',(29.337633699767,-30.73791501896,0.));
#4412 = CARTESIAN_POINT('',(29.337633699767,-30.73791501896,10.));
#4413 = CARTESIAN_POINT('',(29.402036829444,-30.55737533627,0.));
#4414 = CARTESIAN_POINT('',(29.402036829444,-30.55737533627,10.));
#4415 = CARTESIAN_POINT('',(29.472515134155,-30.37917853625,0.));
#4416 = CARTESIAN_POINT('',(29.472515134155,-30.37917853625,10.));
#4417 = CARTESIAN_POINT('',(29.549122228373,-30.20354155302,0.));
#4418 = CARTESIAN_POINT('',(29.549122228373,-30.20354155302,10.));
#4419 = CARTESIAN_POINT('',(29.631877272063,-30.03068161619,0.));
#4420 = CARTESIAN_POINT('',(29.631877272063,-30.03068161619,10.));
#4421 = CARTESIAN_POINT('',(29.720737882245,-29.8608215003,0.));
#4422 = CARTESIAN_POINT('',(29.720737882245,-29.8608215003,10.));
#4423 = CARTESIAN_POINT('',(29.815613972884,-29.69418711972,0.));
#4424 = CARTESIAN_POINT('',(29.815613972884,-29.69418711972,10.));
#4425 = CARTESIAN_POINT('',(29.916381602591,-29.53100512207,0.));
#4426 = CARTESIAN_POINT('',(29.916381602591,-29.53100512207,10.));
#4427 = CARTESIAN_POINT('',(30.022896819651,-29.37150048222,0.));
#4428 = CARTESIAN_POINT('',(30.022896819651,-29.37150048222,10.));
#4429 = CARTESIAN_POINT('',(30.135009507372,-29.215894096,0.));
#4430 = CARTESIAN_POINT('',(30.135009507372,-29.215894096,10.));
#4431 = CARTESIAN_POINT('',(30.252577231342,-29.06440037401,0.));
#4432 = CARTESIAN_POINT('',(30.252577231342,-29.06440037401,10.));
#4433 = CARTESIAN_POINT('',(30.37546072946,-28.91722556379,0.));
#4434 = CARTESIAN_POINT('',(30.37546072946,-28.91722556379,10.));
#4435 = CARTESIAN_POINT('',(30.503519399406,-28.77456607212,0.));
#4436 = CARTESIAN_POINT('',(30.503519399406,-28.77456607212,10.));
#4437 = CARTESIAN_POINT('',(30.636606787064,-28.6366067873,0.));
#4438 = CARTESIAN_POINT('',(30.636606787064,-28.6366067873,10.));
#4439 = CARTESIAN_POINT('',(30.774566074529,-28.50351940131,0.));
#4440 = CARTESIAN_POINT('',(30.774566074529,-28.50351940131,10.));
#4441 = CARTESIAN_POINT('',(30.917225568264,-28.37546073209,0.));
#4442 = CARTESIAN_POINT('',(30.917225568264,-28.37546073209,10.));
#4443 = CARTESIAN_POINT('',(31.064400377705,-28.25257723475,0.));
#4444 = CARTESIAN_POINT('',(31.064400377705,-28.25257723475,10.));
#4445 = CARTESIAN_POINT('',(31.215894093849,-28.13500951298,0.));
#4446 = CARTESIAN_POINT('',(31.215894093849,-28.13500951298,10.));
#4447 = CARTESIAN_POINT('',(31.371500467843,-28.02289682996,0.));
#4448 = CARTESIAN_POINT('',(31.371500467843,-28.02289682996,10.));
#4449 = CARTESIAN_POINT('',(31.531005089501,-27.91638162036,0.));
#4450 = CARTESIAN_POINT('',(31.531005089501,-27.91638162036,10.));
#4451 = CARTESIAN_POINT('',(31.694187065928,-27.81561399966,0.));
#4452 = CARTESIAN_POINT('',(31.694187065928,-27.81561399966,10.));
#4453 = CARTESIAN_POINT('',(31.860821426619,-27.72073791752,0.));
#4454 = CARTESIAN_POINT('',(31.860821426619,-27.72073791752,10.));
#4455 = CARTESIAN_POINT('',(32.030681528558,-27.63187731309,0.));
#4456 = CARTESIAN_POINT('',(32.030681528558,-27.63187731309,10.));
#4457 = CARTESIAN_POINT('',(32.203541461106,-27.54912227057,0.));
#4458 = CARTESIAN_POINT('',(32.203541461106,-27.54912227057,10.));
#4459 = CARTESIAN_POINT('',(32.379178451445,-27.47251517217,0.));
#4460 = CARTESIAN_POINT('',(32.379178451445,-27.47251517217,10.));
#4461 = CARTESIAN_POINT('',(32.557375268513,-27.40203685887,0.));
#4462 = CARTESIAN_POINT('',(32.557375268513,-27.40203685887,10.));
#4463 = CARTESIAN_POINT('',(32.737914974614,-27.33763371819,0.));
#4464 = CARTESIAN_POINT('',(32.737914974614,-27.33763371819,10.));
#4465 = CARTESIAN_POINT('',(32.920575678465,-27.27924476434,0.));
#4466 = CARTESIAN_POINT('',(32.920575678465,-27.27924476434,10.));
#4467 = CARTESIAN_POINT('',(33.105125287819,-27.22682872035,0.));
#4468 = CARTESIAN_POINT('',(33.105125287819,-27.22682872035,10.));
#4469 = CARTESIAN_POINT('',(33.291316261972,-27.18039110113,0.));
#4470 = CARTESIAN_POINT('',(33.291316261972,-27.18039110113,10.));
#4471 = CARTESIAN_POINT('',(33.478880365088,-27.14001129133,0.));
#4472 = CARTESIAN_POINT('',(33.478880365088,-27.14001129133,10.));
#4473 = CARTESIAN_POINT('',(33.667547250485,-27.10575343758,0.));
#4474 = CARTESIAN_POINT('',(33.667547250485,-27.10575343758,10.));
#4475 = CARTESIAN_POINT('',(33.857063041017,-27.07757735316,0.));
#4476 = CARTESIAN_POINT('',(33.857063041017,-27.07757735316,10.));
#4477 = CARTESIAN_POINT('',(34.047208915798,-27.0552494068,0.));
#4478 = CARTESIAN_POINT('',(34.047208915798,-27.0552494068,10.));
#4479 = CARTESIAN_POINT('',(34.237819683137,-27.03825344334,0.));
#4480 = CARTESIAN_POINT('',(34.237819683137,-27.03825344334,10.));
#4481 = CARTESIAN_POINT('',(34.428802390048,-27.02570161859,0.));
#4482 = CARTESIAN_POINT('',(34.428802390048,-27.02570161859,10.));
#4483 = CARTESIAN_POINT('',(34.620100137636,-27.01638824885,0.));
#4484 = CARTESIAN_POINT('',(34.620100137636,-27.01638824885,10.));
#4485 = CARTESIAN_POINT('',(34.811655875465,-27.00884376936,0.));
#4486 = CARTESIAN_POINT('',(34.811655875465,-27.00884376936,10.));
#4487 = CARTESIAN_POINT('',(35.003376178467,-27.00138861114,0.));
#4488 = CARTESIAN_POINT('',(35.003376178467,-27.00138861114,10.));
#4489 = CARTESIAN_POINT('',(35.195095089397,-26.99218720487,0.));
#4490 = CARTESIAN_POINT('',(35.195095089397,-26.99218720487,10.));
#4491 = CARTESIAN_POINT('',(35.386537772351,-26.97930167456,0.));
#4492 = CARTESIAN_POINT('',(35.386537772351,-26.97930167456,10.));
#4493 = CARTESIAN_POINT('',(35.577349878868,-26.96084684671,0.));
#4494 = CARTESIAN_POINT('',(35.577349878868,-26.96084684671,10.));
#4495 = CARTESIAN_POINT('',(35.767127100764,-26.93514549578,0.));
#4496 = CARTESIAN_POINT('',(35.767127100764,-26.93514549578,10.));
#4497 = CARTESIAN_POINT('',(35.955444663783,-26.90088361628,0.));
#4498 = CARTESIAN_POINT('',(35.955444663783,-26.90088361628,10.));
#4499 = CARTESIAN_POINT('',(36.141886822893,-26.85726542275,0.));
#4500 = CARTESIAN_POINT('',(36.141886822893,-26.85726542275,10.));
#4501 = CARTESIAN_POINT('',(36.326076421324,-26.80416919011,0.));
#4502 = CARTESIAN_POINT('',(36.326076421324,-26.80416919011,10.));
#4503 = CARTESIAN_POINT('',(36.5076739109,-26.74196188259,0.));
#4504 = CARTESIAN_POINT('',(36.5076739109,-26.74196188259,10.));
#4505 = CARTESIAN_POINT('',(36.686376292563,-26.67131292898,0.));
#4506 = CARTESIAN_POINT('',(36.686376292563,-26.67131292898,10.));
#4507 = CARTESIAN_POINT('',(36.861916087176,-26.59300829207,0.));
#4508 = CARTESIAN_POINT('',(36.861916087176,-26.59300829207,10.));
#4509 = CARTESIAN_POINT('',(37.034060292475,-26.50776446707,0.));
#4510 = CARTESIAN_POINT('',(37.034060292475,-26.50776446707,10.));
#4511 = CARTESIAN_POINT('',(37.202609349156,-26.41604236364,0.));
#4512 = CARTESIAN_POINT('',(37.202609349156,-26.41604236364,10.));
#4513 = CARTESIAN_POINT('',(37.36739079425,-26.31811474292,0.));
#4514 = CARTESIAN_POINT('',(37.36739079425,-26.31811474292,10.));
#4515 = CARTESIAN_POINT('',(37.528252911899,-26.21413384008,0.));
#4516 = CARTESIAN_POINT('',(37.528252911899,-26.21413384008,10.));
#4517 = CARTESIAN_POINT('',(37.685058385089,-26.10419891715,0.));
#4518 = CARTESIAN_POINT('',(37.685058385089,-26.10419891715,10.));
#4519 = CARTESIAN_POINT('',(37.837677947031,-25.98842384515,0.));
#4520 = CARTESIAN_POINT('',(37.837677947031,-25.98842384515,10.));
#4521 = CARTESIAN_POINT('',(37.985984032697,-25.86700467387,0.));
#4522 = CARTESIAN_POINT('',(37.985984032697,-25.86700467387,10.));
#4523 = CARTESIAN_POINT('',(38.129849862617,-25.74019428214,0.));
#4524 = CARTESIAN_POINT('',(38.129849862617,-25.74019428214,10.));
#4525 = CARTESIAN_POINT('',(38.269148526702,-25.60827702497,0.));
#4526 = CARTESIAN_POINT('',(38.269148526702,-25.60827702497,10.));
#4527 = CARTESIAN_POINT('',(38.403752068122,-25.47154338275,0.));
#4528 = CARTESIAN_POINT('',(38.403752068122,-25.47154338275,10.));
#4529 = CARTESIAN_POINT('',(38.533530567013,-25.33026460829,0.));
#4530 = CARTESIAN_POINT('',(38.533530567013,-25.33026460829,10.));
#4531 = CARTESIAN_POINT('',(38.65835122464,-25.18466737819,0.));
#4532 = CARTESIAN_POINT('',(38.65835122464,-25.18466737819,10.));
#4533 = CARTESIAN_POINT('',(38.778081520283,-25.03494443483,0.));
#4534 = CARTESIAN_POINT('',(38.778081520283,-25.03494443483,10.));
#4535 = CARTESIAN_POINT('',(38.89259236766,-24.88126522431,0.));
#4536 = CARTESIAN_POINT('',(38.89259236766,-24.88126522431,10.));
#4537 = CARTESIAN_POINT('',(39.001761271546,-24.72378653585,0.));
#4538 = CARTESIAN_POINT('',(39.001761271546,-24.72378653585,10.));
#4539 = CARTESIAN_POINT('',(39.105475484297,-24.56266314054,0.));
#4540 = CARTESIAN_POINT('',(39.105475484297,-24.56266314054,10.));
#4541 = CARTESIAN_POINT('',(39.203635162484,-24.39805843031,0.));
#4542 = CARTESIAN_POINT('',(39.203635162484,-24.39805843031,10.));
#4543 = CARTESIAN_POINT('',(39.296142329282,-24.23014557396,0.));
#4544 = CARTESIAN_POINT('',(39.296142329282,-24.23014557396,10.));
#4545 = CARTESIAN_POINT('',(39.382889837146,-24.05910867316,0.));
#4546 = CARTESIAN_POINT('',(39.382889837146,-24.05910867316,10.));
#4547 = CARTESIAN_POINT('',(39.463750329849,-23.88514391862,0.));
#4548 = CARTESIAN_POINT('',(39.463750329849,-23.88514391862,10.));
#4549 = CARTESIAN_POINT('',(39.538565205917,-23.70846074591,0.));
#4550 = CARTESIAN_POINT('',(39.538565205917,-23.70846074591,10.));
#4551 = CARTESIAN_POINT('',(39.607133578162,-23.52928299237,0.));
#4552 = CARTESIAN_POINT('',(39.607133578162,-23.52928299237,10.));
#4553 = CARTESIAN_POINT('',(39.669236043662,-23.3478400414,0.));
#4554 = CARTESIAN_POINT('',(39.669236043662,-23.3478400414,10.));
#4555 = CARTESIAN_POINT('',(39.724658457767,-23.16435796555,0.));
#4556 = CARTESIAN_POINT('',(39.724658457767,-23.16435796555,10.));
#4557 = CARTESIAN_POINT('',(39.773215706224,-22.97905067021,0.));
#4558 = CARTESIAN_POINT('',(39.773215706224,-22.97905067021,10.));
#4559 = CARTESIAN_POINT('',(39.814775479041,-22.79211103666,0.));
#4560 = CARTESIAN_POINT('',(39.814775479041,-22.79211103666,10.));
#4561 = CARTESIAN_POINT('',(39.849282041612,-22.60370206624,0.));
#4562 = CARTESIAN_POINT('',(39.849282041612,-22.60370206624,10.));
#4563 = CARTESIAN_POINT('',(39.8766962375,-22.41398860487,0.));
#4564 = CARTESIAN_POINT('',(39.8766962375,-22.41398860487,10.));
#4565 = CARTESIAN_POINT('',(39.896935479957,-22.2231690723,0.));
#4566 = CARTESIAN_POINT('',(39.896935479957,-22.2231690723,10.));
#4567 = CARTESIAN_POINT('',(39.909813770363,-22.03150717995,0.));
#4568 = CARTESIAN_POINT('',(39.909813770363,-22.03150717995,10.));
#4569 = CARTESIAN_POINT('',(39.914981652563,-21.83936367623,0.));
#4570 = CARTESIAN_POINT('',(39.914981652563,-21.83936367623,10.));
#4571 = CARTESIAN_POINT('',(39.911866337758,-21.64722801847,0.));
#4572 = CARTESIAN_POINT('',(39.911866337758,-21.64722801847,10.));
#4573 = CARTESIAN_POINT('',(39.899844050908,-21.45564810267,0.));
#4574 = CARTESIAN_POINT('',(39.899844050908,-21.45564810267,10.));
#4575 = CARTESIAN_POINT('',(39.878412272916,-21.26516004627,0.));
#4576 = CARTESIAN_POINT('',(39.878412272916,-21.26516004627,10.));
#4577 = CARTESIAN_POINT('',(39.84736191195,-21.07621798534,0.));
#4578 = CARTESIAN_POINT('',(39.84736191195,-21.07621798534,10.));
#4579 = CARTESIAN_POINT('',(39.806949758224,-20.8891237871,0.));
#4580 = CARTESIAN_POINT('',(39.806949758224,-20.8891237871,10.));
#4581 = CARTESIAN_POINT('',(39.758070119308,-20.7039570155,0.));
#4582 = CARTESIAN_POINT('',(39.758070119308,-20.7039570155,10.));
#4583 = CARTESIAN_POINT('',(39.70209953083,-20.52060726058,0.));
#4584 = CARTESIAN_POINT('',(39.70209953083,-20.52060726058,10.));
#4585 = CARTESIAN_POINT('',(39.640742268075,-20.33880620518,0.));
#4586 = CARTESIAN_POINT('',(39.640742268075,-20.33880620518,10.));
#4587 = CARTESIAN_POINT('',(39.575875606831,-20.1581597972,0.));
#4588 = CARTESIAN_POINT('',(39.575875606831,-20.1581597972,10.));
#4589 = CARTESIAN_POINT('',(39.509395086156,-19.97818035708,0.));
#4590 = CARTESIAN_POINT('',(39.509395086156,-19.97818035708,10.));
#4591 = CARTESIAN_POINT('',(39.443060060977,-19.79831876733,0.));
#4592 = CARTESIAN_POINT('',(39.443060060977,-19.79831876733,10.));
#4593 = CARTESIAN_POINT('',(39.378458004433,-19.61801859958,0.));
#4594 = CARTESIAN_POINT('',(39.378458004433,-19.61801859958,10.));
#4595 = CARTESIAN_POINT('',(39.316968451327,-19.43677018581,0.));
#4596 = CARTESIAN_POINT('',(39.316968451327,-19.43677018581,10.));
#4597 = CARTESIAN_POINT('',(39.259727083935,-19.25416470152,0.));
#4598 = CARTESIAN_POINT('',(39.259727083935,-19.25416470152,10.));
#4599 = CARTESIAN_POINT('',(39.207589735859,-19.06994826395,0.));
#4600 = CARTESIAN_POINT('',(39.207589735859,-19.06994826395,10.));
#4601 = CARTESIAN_POINT('',(39.161096488382,-18.8840759693,0.));
#4602 = CARTESIAN_POINT('',(39.161096488382,-18.8840759693,10.));
#4603 = CARTESIAN_POINT('',(39.120546927114,-18.69666057724,0.));
#4604 = CARTESIAN_POINT('',(39.120546927114,-18.69666057724,10.));
#4605 = CARTESIAN_POINT('',(39.086075333289,-18.50792126224,0.));
#4606 = CARTESIAN_POINT('',(39.086075333289,-18.50792126224,10.));
#4607 = CARTESIAN_POINT('',(39.057725899312,-18.31813233981,0.));
#4608 = CARTESIAN_POINT('',(39.057725899312,-18.31813233981,10.));
#4609 = CARTESIAN_POINT('',(39.035527931964,-18.12757200477,0.));
#4610 = CARTESIAN_POINT('',(39.035527931964,-18.12757200477,10.));
#4611 = CARTESIAN_POINT('',(39.019571065709,-17.93647106112,0.));
#4612 = CARTESIAN_POINT('',(39.019571065709,-17.93647106112,10.));
#4613 = CARTESIAN_POINT('',(39.009982253596,-17.74502813275,0.));
#4614 = CARTESIAN_POINT('',(39.009982253596,-17.74502813275,10.));
#4615 = CARTESIAN_POINT('',(39.006902753739,-17.55342487691,0.));
#4616 = CARTESIAN_POINT('',(39.006902753739,-17.55342487691,10.));
#4617 = CARTESIAN_POINT('',(39.010465116539,-17.36184119719,0.));
#4618 = CARTESIAN_POINT('',(39.010465116539,-17.36184119719,10.));
#4619 = CARTESIAN_POINT('',(39.020770173671,-17.1704704554,0.));
#4620 = CARTESIAN_POINT('',(39.020770173671,-17.1704704554,10.));
#4621 = CARTESIAN_POINT('',(39.037864020493,-16.97953468763,0.));
#4622 = CARTESIAN_POINT('',(39.037864020493,-16.97953468763,10.));
#4623 = CARTESIAN_POINT('',(39.061749882048,-16.78927708598,0.));
#4624 = CARTESIAN_POINT('',(39.061749882048,-16.78927708598,10.));
#4625 = CARTESIAN_POINT('',(39.092399985714,-16.59995447588,0.));
#4626 = CARTESIAN_POINT('',(39.092399985714,-16.59995447588,10.));
#4627 = CARTESIAN_POINT('',(39.129767431601,-16.41182979491,0.));
#4628 = CARTESIAN_POINT('',(39.129767431601,-16.41182979491,10.));
#4629 = CARTESIAN_POINT('',(39.173798063146,-16.22516457141,0.));
#4630 = CARTESIAN_POINT('',(39.173798063146,-16.22516457141,10.));
#4631 = CARTESIAN_POINT('',(39.224442339493,-16.04021140221,0.));
#4632 = CARTESIAN_POINT('',(39.224442339493,-16.04021140221,10.));
#4633 = CARTESIAN_POINT('',(39.281650526753,-15.8572141285,0.));
#4634 = CARTESIAN_POINT('',(39.281650526753,-15.8572141285,10.));
#4635 = CARTESIAN_POINT('',(39.345367886947,-15.67640801268,0.));
#4636 = CARTESIAN_POINT('',(39.345367886947,-15.67640801268,10.));
#4637 = CARTESIAN_POINT('',(39.415529867795,-15.49801991479,0.));
#4638 = CARTESIAN_POINT('',(39.415529867795,-15.49801991479,10.));
#4639 = CARTESIAN_POINT('',(39.492057292128,-15.32226846919,0.));
#4640 = CARTESIAN_POINT('',(39.492057292128,-15.32226846919,10.));
#4641 = CARTESIAN_POINT('',(39.574851547429,-15.14936426102,0.));
#4642 = CARTESIAN_POINT('',(39.574851547429,-15.14936426102,10.));
#4643 = CARTESIAN_POINT('',(39.663797863032,-14.97951335171,0.));
#4644 = CARTESIAN_POINT('',(39.663797863032,-14.97951335171,10.));
#4645 = CARTESIAN_POINT('',(39.758768587376,-14.8129208046,0.));
#4646 = CARTESIAN_POINT('',(39.758768587376,-14.8129208046,10.));
#4647 = CARTESIAN_POINT('',(39.859626465088,-14.64979421013,0.));
#4648 = CARTESIAN_POINT('',(39.859626465088,-14.64979421013,10.));
#4649 = CARTESIAN_POINT('',(39.96622791437,-14.49034721198,0.));
#4650 = CARTESIAN_POINT('',(39.96622791437,-14.49034721198,10.));
#4651 = CARTESIAN_POINT('',(40.078426303504,-14.33480303084,0.));
#4652 = CARTESIAN_POINT('',(40.078426303504,-14.33480303084,10.));
#4653 = CARTESIAN_POINT('',(40.196068873999,-14.18338075133,0.));
#4654 = CARTESIAN_POINT('',(40.196068873999,-14.18338075133,10.));
#4655 = CARTESIAN_POINT('',(40.318993664464,-14.03628161081,0.));
#4656 = CARTESIAN_POINT('',(40.318993664464,-14.03628161081,10.));
#4657 = CARTESIAN_POINT('',(40.44702643442,-13.89367528851,0.));
#4658 = CARTESIAN_POINT('',(40.44702643442,-13.89367528851,10.));
#4659 = CARTESIAN_POINT('',(40.57997758759,-13.75568619195,0.));
#4660 = CARTESIAN_POINT('',(40.57997758759,-13.75568619195,10.));
#4661 = CARTESIAN_POINT('',(40.717639096795,-13.62237975121,0.));
#4662 = CARTESIAN_POINT('',(40.717639096795,-13.62237975121,10.));
#4663 = CARTESIAN_POINT('',(40.859790021137,-13.4937894533,0.));
#4664 = CARTESIAN_POINT('',(40.859790021137,-13.4937894533,10.));
#4665 = CARTESIAN_POINT('',(41.006202021548,-13.3699438688,0.));
#4666 = CARTESIAN_POINT('',(41.006202021548,-13.3699438688,10.));
#4667 = CARTESIAN_POINT('',(41.156644876737,-13.25089368064,0.));
#4668 = CARTESIAN_POINT('',(41.156644876737,-13.25089368064,10.));
#4669 = CARTESIAN_POINT('',(41.310891999378,-13.13673871363,0.));
#4670 = CARTESIAN_POINT('',(41.310891999378,-13.13673871363,10.));
#4671 = CARTESIAN_POINT('',(41.46872595107,-13.02765495906,0.));
#4672 = CARTESIAN_POINT('',(41.46872595107,-13.02765495906,10.));
#4673 = CARTESIAN_POINT('',(41.629921511892,-12.92380513788,0.));
#4674 = CARTESIAN_POINT('',(41.629921511892,-12.92380513788,10.));
#4675 = CARTESIAN_POINT('',(41.794228751158,-12.82524927697,0.));
#4676 = CARTESIAN_POINT('',(41.794228751158,-12.82524927697,10.));
#4677 = CARTESIAN_POINT('',(41.961356097909,-12.73185526831,0.));
#4678 = CARTESIAN_POINT('',(41.961356097909,-12.73185526831,10.));
#4679 = CARTESIAN_POINT('',(42.130953410898,-12.64320946285,0.));
#4680 = CARTESIAN_POINT('',(42.130953410898,-12.64320946285,10.));
#4681 = CARTESIAN_POINT('',(42.302595049495,-12.55852717106,0.));
#4682 = CARTESIAN_POINT('',(42.302595049495,-12.55852717106,10.));
#4683 = CARTESIAN_POINT('',(42.47576705081,-12.47671626073,0.));
#4684 = CARTESIAN_POINT('',(42.47576705081,-12.47671626073,10.));
#4685 = CARTESIAN_POINT('',(42.649854329018,-12.3964408633,0.));
#4686 = CARTESIAN_POINT('',(42.649854329018,-12.3964408633,10.));
#4687 = CARTESIAN_POINT('',(42.824127827393,-12.31618501161,0.));
#4688 = CARTESIAN_POINT('',(42.824127827393,-12.31618501161,10.));
#4689 = CARTESIAN_POINT('',(42.997731779465,-12.2343163698,0.));
#4690 = CARTESIAN_POINT('',(42.997731779465,-12.2343163698,10.));
#4691 = CARTESIAN_POINT('',(43.169670676927,-12.14914974906,0.));
#4692 = CARTESIAN_POINT('',(43.169670676927,-12.14914974906,10.));
#4693 = CARTESIAN_POINT('',(43.338895719827,-12.05907907947,0.));
#4694 = CARTESIAN_POINT('',(43.338895719827,-12.05907907947,10.));
#4695 = CARTESIAN_POINT('',(43.504391529685,-11.96270952874,0.));
#4696 = CARTESIAN_POINT('',(43.504391529685,-11.96270952874,10.));
#4697 = CARTESIAN_POINT('',(43.665262818122,-11.85898966813,0.));
#4698 = CARTESIAN_POINT('',(43.665262818122,-11.85898966813,10.));
#4699 = CARTESIAN_POINT('',(43.820820952906,-11.7473433865,0.));
#4700 = CARTESIAN_POINT('',(43.820820952906,-11.7473433865,10.));
#4701 = CARTESIAN_POINT('',(43.970670904443,-11.62780255617,0.));
#4702 = CARTESIAN_POINT('',(43.970670904443,-11.62780255617,10.));
#4703 = CARTESIAN_POINT('',(44.114639402259,-11.50083614736,0.));
#4704 = CARTESIAN_POINT('',(44.114639402259,-11.50083614736,10.));
#4705 = CARTESIAN_POINT('',(44.25270269103,-11.36717858434,0.));
#4706 = CARTESIAN_POINT('',(44.25270269103,-11.36717858434,10.));
#4707 = CARTESIAN_POINT('',(44.384914427192,-11.22765836188,0.));
#4708 = CARTESIAN_POINT('',(44.384914427192,-11.22765836188,10.));
#4709 = CARTESIAN_POINT('',(44.51133353557,-11.08302660134,0.));
#4710 = CARTESIAN_POINT('',(44.51133353557,-11.08302660134,10.));
#4711 = CARTESIAN_POINT('',(44.631952029897,-10.93378549577,0.));
#4712 = CARTESIAN_POINT('',(44.631952029897,-10.93378549577,10.));
#4713 = CARTESIAN_POINT('',(44.746714956337,-10.78025304233,0.));
#4714 = CARTESIAN_POINT('',(44.746714956337,-10.78025304233,10.));
#4715 = CARTESIAN_POINT('',(44.855540405589,-10.6226279471,0.));
#4716 = CARTESIAN_POINT('',(44.855540405589,-10.6226279471,10.));
#4717 = CARTESIAN_POINT('',(44.958339499212,-10.4610544652,0.));
#4718 = CARTESIAN_POINT('',(44.958339499212,-10.4610544652,10.));
#4719 = CARTESIAN_POINT('',(45.055036386814,-10.295687268,0.));
#4720 = CARTESIAN_POINT('',(45.055036386814,-10.295687268,10.));
#4721 = CARTESIAN_POINT('',(45.145588238689,-10.1267562989,0.));
#4722 = CARTESIAN_POINT('',(45.145588238689,-10.1267562989,10.));
#4723 = CARTESIAN_POINT('',(45.22997469841,-9.954543703873,0.));
#4724 = CARTESIAN_POINT('',(45.22997469841,-9.954543703873,10.));
#4725 = CARTESIAN_POINT('',(45.308187334305,-9.779360759096,0.));
#4726 = CARTESIAN_POINT('',(45.308187334305,-9.779360759096,10.));
#4727 = CARTESIAN_POINT('',(45.3802190917,-9.6015248004,0.));
#4728 = CARTESIAN_POINT('',(45.3802190917,-9.6015248004,10.));
#4729 = CARTESIAN_POINT('',(45.446053744256,-9.421336150896,0.));
#4730 = CARTESIAN_POINT('',(45.446053744256,-9.421336150896,10.));
#4731 = CARTESIAN_POINT('',(45.505655347316,-9.239055052329,0.));
#4732 = CARTESIAN_POINT('',(45.505655347316,-9.239055052329,10.));
#4733 = CARTESIAN_POINT('',(45.558975227012,-9.054910288915,0.));
#4734 = CARTESIAN_POINT('',(45.558975227012,-9.054910288915,10.));
#4735 = CARTESIAN_POINT('',(45.605958967389,-8.869107807624,0.));
#4736 = CARTESIAN_POINT('',(45.605958967389,-8.869107807624,10.));
#4737 = CARTESIAN_POINT('',(45.646553398252,-8.681839339705,0.));
#4738 = CARTESIAN_POINT('',(45.646553398252,-8.681839339705,10.));
#4739 = CARTESIAN_POINT('',(45.680713582692,-8.493291021649,0.));
#4740 = CARTESIAN_POINT('',(45.680713582692,-8.493291021649,10.));
#4741 = CARTESIAN_POINT('',(45.708409804793,-8.303652016347,0.));
#4742 = CARTESIAN_POINT('',(45.708409804793,-8.303652016347,10.));
#4743 = CARTESIAN_POINT('',(45.729617814604,-8.113119805013,0.));
#4744 = CARTESIAN_POINT('',(45.729617814604,-8.113119805013,10.));
#4745 = CARTESIAN_POINT('',(45.744309073356,-7.921905479001,0.));
#4746 = CARTESIAN_POINT('',(45.744309073356,-7.921905479001,10.));
#4747 = CARTESIAN_POINT('',(45.752440998176,-7.730239032013,0.));
#4748 = CARTESIAN_POINT('',(45.752440998176,-7.730239032013,10.));
#4749 = CARTESIAN_POINT('',(45.753947207928,-7.53837465144,0.));
#4750 = CARTESIAN_POINT('',(45.753947207928,-7.53837465144,10.));
#4751 = CARTESIAN_POINT('',(45.748727765894,-7.346596012219,0.));
#4752 = CARTESIAN_POINT('',(45.748727765894,-7.346596012219,10.));
#4753 = CARTESIAN_POINT('',(45.736667751432,-7.155198998842,0.));
#4754 = CARTESIAN_POINT('',(45.736667751432,-7.155198998842,10.));
#4755 = CARTESIAN_POINT('',(45.717655834901,-6.964474424719,0.));
#4756 = CARTESIAN_POINT('',(45.717655834901,-6.964474424719,10.));
#4757 = CARTESIAN_POINT('',(45.691602851083,-6.774690752824,0.));
#4758 = CARTESIAN_POINT('',(45.691602851083,-6.774690752824,10.));
#4759 = CARTESIAN_POINT('',(45.658460373951,-6.586076815062,0.));
#4760 = CARTESIAN_POINT('',(45.658460373951,-6.586076815062,10.));
#4761 = CARTESIAN_POINT('',(45.618239289362,-6.39880453375,0.));
#4762 = CARTESIAN_POINT('',(45.618239289362,-6.39880453375,10.));
#4763 = CARTESIAN_POINT('',(45.570966505278,-6.213041191168,0.));
#4764 = CARTESIAN_POINT('',(45.570966505278,-6.213041191168,10.));
#4765 = CARTESIAN_POINT('',(45.516641653453,-6.029001707854,0.));
#4766 = CARTESIAN_POINT('',(45.516641653453,-6.029001707854,10.));
#4767 = CARTESIAN_POINT('',(45.455193811554,-5.847000899971,0.));
#4768 = CARTESIAN_POINT('',(45.455193811554,-5.847000899971,10.));
#4769 = CARTESIAN_POINT('',(45.386438176635,-5.667505786681,0.));
#4770 = CARTESIAN_POINT('',(45.386438176635,-5.667505786681,10.));
#4771 = CARTESIAN_POINT('',(45.31003286806,-5.491187764377,0.));
#4772 = CARTESIAN_POINT('',(45.31003286806,-5.491187764377,10.));
#4773 = CARTESIAN_POINT('',(45.225611263553,-5.318791731322,0.));
#4774 = CARTESIAN_POINT('',(45.225611263553,-5.318791731322,10.));
#4775 = CARTESIAN_POINT('',(45.132914259272,-5.151005301188,0.));
#4776 = CARTESIAN_POINT('',(45.132914259272,-5.151005301188,10.));
#4777 = CARTESIAN_POINT('',(45.031922469903,-4.988328056975,0.));
#4778 = CARTESIAN_POINT('',(45.031922469903,-4.988328056975,10.));
#4779 = CARTESIAN_POINT('',(44.922988658256,-4.830940618271,0.));
#4780 = CARTESIAN_POINT('',(44.922988658256,-4.830940618271,10.));
#4781 = CARTESIAN_POINT('',(44.806969504587,-4.678574255879,0.));
#4782 = CARTESIAN_POINT('',(44.806969504587,-4.678574255879,10.));
#4783 = CARTESIAN_POINT('',(44.685094509935,-4.53060018693,0.));
#4784 = CARTESIAN_POINT('',(44.685094509935,-4.53060018693,10.));
#4785 = CARTESIAN_POINT('',(44.558835538815,-4.386118320765,0.));
#4786 = CARTESIAN_POINT('',(44.558835538815,-4.386118320765,10.));
#4787 = CARTESIAN_POINT('',(44.4297761707,-4.244046198384,0.));
#4788 = CARTESIAN_POINT('',(44.4297761707,-4.244046198384,10.));
#4789 = CARTESIAN_POINT('',(44.299481028438,-4.103207871225,0.));
#4790 = CARTESIAN_POINT('',(44.299481028438,-4.103207871225,10.));
#4791 = CARTESIAN_POINT('',(44.169365405868,-3.962422744889,0.));
#4792 = CARTESIAN_POINT('',(44.169365405868,-3.962422744889,10.));
#4793 = CARTESIAN_POINT('',(44.040683001019,-3.820569246933,0.));
#4794 = CARTESIAN_POINT('',(44.040683001019,-3.820569246933,10.));
#4795 = CARTESIAN_POINT('',(43.914513296349,-3.676648580386,0.));
#4796 = CARTESIAN_POINT('',(43.914513296349,-3.676648580386,10.));
#4797 = CARTESIAN_POINT('',(43.791749075104,-3.529848433869,0.));
#4798 = CARTESIAN_POINT('',(43.791749075104,-3.529848433869,10.));
#4799 = CARTESIAN_POINT('',(43.673083867714,-3.37960673697,0.));
#4800 = CARTESIAN_POINT('',(43.673083867714,-3.37960673697,10.));
#4801 = CARTESIAN_POINT('',(43.55899946027,-3.225675323803,0.));
#4802 = CARTESIAN_POINT('',(43.55899946027,-3.225675323803,10.));
#4803 = CARTESIAN_POINT('',(43.449815785051,-3.06804372429,0.));
#4804 = CARTESIAN_POINT('',(43.449815785051,-3.06804372429,10.));
#4805 = CARTESIAN_POINT('',(43.345740776175,-2.906863042024,0.));
#4806 = CARTESIAN_POINT('',(43.345740776175,-2.906863042024,10.));
#4807 = CARTESIAN_POINT('',(43.246920238104,-2.74236979979,0.));
#4808 = CARTESIAN_POINT('',(43.246920238104,-2.74236979979,10.));
#4809 = CARTESIAN_POINT('',(43.153487707323,-2.574809800878,0.));
#4810 = CARTESIAN_POINT('',(43.153487707323,-2.574809800878,10.));
#4811 = CARTESIAN_POINT('',(43.065614320144,-2.404361978745,0.));
#4812 = CARTESIAN_POINT('',(43.065614320144,-2.404361978745,10.));
#4813 = CARTESIAN_POINT('',(42.983493375963,-2.231161255115,0.));
#4814 = CARTESIAN_POINT('',(42.983493375963,-2.231161255115,10.));
#4815 = CARTESIAN_POINT('',(42.907324897475,-2.055321402253,0.));
#4816 = CARTESIAN_POINT('',(42.907324897475,-2.055321402253,10.));
#4817 = CARTESIAN_POINT('',(42.837300191415,-1.876957904576,0.));
#4818 = CARTESIAN_POINT('',(42.837300191415,-1.876957904576,10.));
#4819 = CARTESIAN_POINT('',(42.773586410453,-1.696210818478,0.));
#4820 = CARTESIAN_POINT('',(42.773586410453,-1.696210818478,10.));
#4821 = CARTESIAN_POINT('',(42.716311110702,-1.513267638638,0.));
#4822 = CARTESIAN_POINT('',(42.716311110702,-1.513267638638,10.));
#4823 = CARTESIAN_POINT('',(42.665570337251,-1.328351811085,0.));
#4824 = CARTESIAN_POINT('',(42.665570337251,-1.328351811085,10.));
#4825 = CARTESIAN_POINT('',(42.621436714498,-1.141711239693,0.));
#4826 = CARTESIAN_POINT('',(42.621436714498,-1.141711239693,10.));
#4827 = CARTESIAN_POINT('',(42.583967534174,-0.953606794939,0.));
#4828 = CARTESIAN_POINT('',(42.583967534174,-0.953606794939,10.));
#4829 = CARTESIAN_POINT('',(42.553212845347,-0.764300822303,0.));
#4830 = CARTESIAN_POINT('',(42.553212845347,-0.764300822303,10.));
#4831 = CARTESIAN_POINT('',(42.529223541351,-0.574045649308,0.));
#4832 = CARTESIAN_POINT('',(42.529223541351,-0.574045649308,10.));
#4833 = CARTESIAN_POINT('',(42.51204699155,-0.383085588165,0.));
#4834 = CARTESIAN_POINT('',(42.51204699155,-0.383085588165,10.));
#4835 = CARTESIAN_POINT('',(42.503787516319,-0.229944269868,0.));
#4836 = CARTESIAN_POINT('',(42.503787516319,-0.229944269868,10.));
#4837 = CARTESIAN_POINT('',(42.500688640819,-0.114983749632,0.));
#4838 = CARTESIAN_POINT('',(42.500688640819,-0.114983749632,10.));
#4839 = CARTESIAN_POINT('',(42.499999999705,-3.832791656047E-02,0.));
#4840 = CARTESIAN_POINT('',(42.499999999705,-3.832791656047E-02,10.));
#4841 = CARTESIAN_POINT('',(42.5,0.,0.));
#4842 = CARTESIAN_POINT('',(42.5,0.,10.));
#4843 = DEFINITIONAL_REPRESENTATION('',(#4844),#4848);
#4844 = LINE('',#4845,#4846);
#4845 = CARTESIAN_POINT('',(0.,0.));
#4846 = VECTOR('',#4847,1.);
#4847 = DIRECTION('',(1.,0.));
#4848 = ( GEOMETRIC_REPRESENTATION_CONTEXT(2) 
PARAMETRIC_REPRESENTATION_CONTEXT() REPRESENTATION_CONTEXT('2D SPACE',''
  ) );
#4849 = PCURVE('',#4850,#4855);
#4850 = PLANE('',#4851);
#4851 = AXIS2_PLACEMENT_3D('',#4852,#4853,#4854);
#4852 = CARTESIAN_POINT('',(2.,0.,2.22044604925E-15));
#4853 = DIRECTION('',(0.,0.,1.));
#4854 = DIRECTION('',(-0.923879532511,0.382683432365,0.));
#4855 = DEFINITIONAL_REPRESENTATION('',(#4856),#6462);
#4856 = B_SPLINE_CURVE_WITH_KNOTS('',5,(#4857,#4858,#4859,#4860,#4861,
    #4862,#4863,#4864,#4865,#4866,#4867,#4868,#4869,#4870,#4871,#4872,
    #4873,#4874,#4875,#4876,#4877,#4878,#4879,#4880,#4881,#4882,#4883,
    #4884,#4885,#4886,#4887,#4888,#4889,#4890,#4891,#4892,#4893,#4894,
    #4895,#4896,#4897,#4898,#4899,#4900,#4901,#4902,#4903,#4904,#4905,
    #4906,#4907,#4908,#4909,#4910,#4911,#4912,#4913,#4914,#4915,#4916,
    #4917,#4918,#4919,#4920,#4921,#4922,#4923,#4924,#4925,#4926,#4927,
    #4928,#4929,#4930,#4931,#4932,#4933,#4934,#4935,#4936,#4937,#4938,
    #4939,#4940,#4941,#4942,#4943,#4944,#4945,#4946,#4947,#4948,#4949,
    #4950,#4951,#4952,#4953,#4954,#4955,#4956,#4957,#4958,#4959,#4960,
    #4961,#4962,#4963,#4964,#4965,#4966,#4967,#4968,#4969,#4970,#4971,
    #4972,#4973,#4974,#4975,#4976,#4977,#4978,#4979,#4980,#4981,#4982,
    #4983,#4984,#4985,#4986,#4987,#4988,#4989,#4990,#4991,#4992,#4993,
    #4994,#4995,#4996,#4997,#4998,#4999,#5000,#5001,#5002,#5003,#5004,
    #5005,#5006,#5007,#5008,#5009,#5010,#5011,#5012,#5013,#5014,#5015,
    #5016,#5017,#5018,#5019,#5020,#5021,#5022,#5023,#5024,#5025,#5026,
    #5027,#5028,#5029,#5030,#5031,#5032,#5033,#5034,#5035,#5036,#5037,
    #5038,#5039,#5040,#5041,#5042,#5043,#5044,#5045,#5046,#5047,#5048,
    #5049,#5050,#5051,#5052,#5053,#5054,#5055,#5056,#5057,#5058,#5059,
    #5060,#5061,#5062,#5063,#5064,#5065,#5066,#5067,#5068,#5069,#5070,
    #5071,#5072,#5073,#5074,#5075,#5076,#5077,#5078,#5079,#5080,#5081,
    #5082,#5083,#5084,#5085,#5086,#5087,#5088,#5089,#5090,#5091,#5092,
    #5093,#5094,#5095,#5096,#5097,#5098,#5099,#5100,#5101,#5102,#5103,
    #5104,#5105,#5106,#5107,#5108,#5109,#5110,#5111,#5112,#5113,#5114,
    #5115,#5116,#5117,#5118,#5119,#5120,#5121,#5122,#5123,#5124,#5125,
    #5126,#5127,#5128,#5129,#5130,#5131,#5132,#5133,#5134,#5135,#5136,
    #5137,#5138,#5139,#5140,#5141,#5142,#5143,#5144,#5145,#5146,#5147,
    #5148,#5149,#5150,#5151,#5152,#5153,#5154,#5155,#5156,#5157,#5158,
    #5159,#5160,#5161,#5162,#5163,#5164,#5165,#5166,#5167,#5168,#5169,
    #5170,#5171,#5172,#5173,#5174,#5175,#5176,#5177,#5178,#5179,#5180,
    #5181,#5182,#5183,#5184,#5185,#5186,#5187,#5188,#5189,#5190,#5191,
    #5192,#5193,#5194,#5195,#5196,#5197,#5198,#5199,#5200,#5201,#5202,
    #5203,#5204,#5205,#5206,#5207,#5208,#5209,#5210,#5211,#5212,#5213,
    #5214,#5215,#5216,#5217,#5218,#5219,#5220,#5221,#5222,#5223,#5224,
    #5225,#5226,#5227,#5228,#5229,#5230,#5231,#5232,#5233,#5234,#5235,
    #5236,#5237,#5238,#5239,#5240,#5241,#5242,#5243,#5244,#5245,#5246,
    #5247,#5248,#5249,#5250,#5251,#5252,#5253,#5254,#5255,#5256,#5257,
    #5258,#5259,#5260,#5261,#5262,#5263,#5264,#5265,#5266,#5267,#5268,
    #5269,#5270,#5271,#5272,#5273,#5274,#5275,#5276,#5277,#5278,#5279,
    #5280,#5281,#5282,#5283,#5284,#5285,#5286,#5287,#5288,#5289,#5290,
    #5291,#5292,#5293,#5294,#5295,#5296,#5297,#5298,#5299,#5300,#5301,
    #5302,#5303,#5304,#5305,#5306,#5307,#5308,#5309,#5310,#5311,#5312,
    #5313,#5314,#5315,#5316,#5317,#5318,#5319,#5320,#5321,#5322,#5323,
    #5324,#5325,#5326,#5327,#5328,#5329,#5330,#5331,#5332,#5333,#5334,
    #5335,#5336,#5337,#5338,#5339,#5340,#5341,#5342,#5343,#5344,#5345,
    #5346,#5347,#5348,#5349,#5350,#5351,#5352,#5353,#5354,#5355,#5356,
    #5357,#5358,#5359,#5360,#5361,#5362,#5363,#5364,#5365,#5366,#5367,
    #5368,#5369,#5370,#5371,#5372,#5373,#5374,#5375,#5376,#5377,#5378,
    #5379,#5380,#5381,#5382,#5383,#5384,#5385,#5386,#5387,#5388,#5389,
    #5390,#5391,#5392,#5393,#5394,#5395,#5396,#5397,#5398,#5399,#5400,
    #5401,#5402,#5403,#5404,#5405,#5406,#5407,#5408,#5409,#5410,#5411,
    #5412,#5413,#5414,#5415,#5416,#5417,#5418,#5419,#5420,#5421,#5422,
    #5423,#5424,#5425,#5426,#5427,#5428,#5429,#5430,#5431,#5432,#5433,
    #5434,#5435,#5436,#5437,#5438,#5439,#5440,#5441,#5442,#5443,#5444,
    #5445,#5446,#5447,#5448,#5449,#5450,#5451,#5452,#5453,#5454,#5455,
    #5456,#5457,#5458,#5459,#5460,#5461,#5462,#5463,#5464,#5465,#5466,
    #5467,#5468,#5469,#5470,#5471,#5472,#5473,#5474,#5475,#5476,#5477,
    #5478,#5479,#5480,#5481,#5482,#5483,#5484,#5485,#5486,#5487,#5488,
    #5489,#5490,#5491,#5492,#5493,#5494,#5495,#5496,#5497,#5498,#5499,
    #5500,#5501,#5502,#5503,#5504,#5505,#5506,#5507,#5508,#5509,#5510,
    #5511,#5512,#5513,#5514,#5515,#5516,#5517,#5518,#5519,#5520,#5521,
    #5522,#5523,#5524,#5525,#5526,#5527,#5528,#5529,#5530,#5531,#5532,
    #5533,#5534,#5535,#5536,#5537,#5538,#5539,#5540,#5541,#5542,#5543,
    #5544,#5545,#5546,#5547,#5548,#5549,#5550,#5551,#5552,#5553,#5554,
    #5555,#5556,#5557,#5558,#5559,#5560,#5561,#5562,#5563,#5564,#5565,
    #5566,#5567,#5568,#5569,#5570,#5571,#5572,#5573,#5574,#5575,#5576,
    #5577,#5578,#5579,#5580,#5581,#5582,#5583,#5584,#5585,#5586,#5587,
    #5588,#5589,#5590,#5591,#5592,#5593,#5594,#5595,#5596,#5597,#5598,
    #5599,#5600,#5601,#5602,#5603,#5604,#5605,#5606,#5607,#5608,#5609,
    #5610,#5611,#5612,#5613,#5614,#5615,#5616,#5617,#5618,#5619,#5620,
    #5621,#5622,#5623,#5624,#5625,#5626,#5627,#5628,#5629,#5630,#5631,
    #5632,#5633,#5634,#5635,#5636,#5637,#5638,#5639,#5640,#5641,#5642,
    #5643,#5644,#5645,#5646,#5647,#5648,#5649,#5650,#5651,#5652,#5653,
    #5654,#5655,#5656,#5657,#5658,#5659,#5660,#5661,#5662,#5663,#5664,
    #5665,#5666,#5667,#5668,#5669,#5670,#5671,#5672,#5673,#5674,#5675,
    #5676,#5677,#5678,#5679,#5680,#5681,#5682,#5683,#5684,#5685,#5686,
    #5687,#5688,#5689,#5690,#5691,#5692,#5693,#5694,#5695,#5696,#5697,
    #5698,#5699,#5700,#5701,#5702,#5703,#5704,#5705,#5706,#5707,#5708,
    #5709,#5710,#5711,#5712,#5713,#5714,#5715,#5716,#5717,#5718,#5719,
    #5720,#5721,#5722,#5723,#5724,#5725,#5726,#5727,#5728,#5729,#5730,
    #5731,#5732,#5733,#5734,#5735,#5736,#5737,#5738,#5739,#5740,#5741,
    #5742,#5743,#5744,#5745,#5746,#5747,#5748,#5749,#5750,#5751,#5752,
    #5753,#5754,#5755,#5756,#5757,#5758,#5759,#5760,#5761,#5762,#5763,
    #5764,#5765,#5766,#5767,#5768,#5769,#5770,#5771,#5772,#5773,#5774,
    #5775,#5776,#5777,#5778,#5779,#5780,#5781,#5782,#5783,#5784,#5785,
    #5786,#5787,#5788,#5789,#5790,#5791,#5792,#5793,#5794,#5795,#5796,
    #5797,#5798,#5799,#5800,#5801,#5802,#5803,#5804,#5805,#5806,#5807,
    #5808,#5809,#5810,#5811,#5812,#5813,#5814,#5815,#5816,#5817,#5818,
    #5819,#5820,#5821,#5822,#5823,#5824,#5825,#5826,#5827,#5828,#5829,
    #5830,#5831,#5832,#5833,#5834,#5835,#5836,#5837,#5838,#5839,#5840,
    #5841,#5842,#5843,#5844,#5845,#5846,#5847,#5848,#5849,#5850,#5851,
    #5852,#5853,#5854,#5855,#5856,#5857,#5858,#5859,#5860,#5861,#5862,
    #5863,#5864,#5865,#5866,#5867,#5868,#5869,#5870,#5871,#5872,#5873,
    #5874,#5875,#5876,#5877,#5878,#5879,#5880,#5881,#5882,#5883,#5884,
    #5885,#5886,#5887,#5888,#5889,#5890,#5891,#5892,#5893,#5894,#5895,
    #5896,#5897,#5898,#5899,#5900,#5901,#5902,#5903,#5904,#5905,#5906,
    #5907,#5908,#5909,#5910,#5911,#5912,#5913,#5914,#5915,#5916,#5917,
    #5918,#5919,#5920,#5921,#5922,#5923,#5924,#5925,#5926,#5927,#5928,
    #5929,#5930,#5931,#5932,#5933,#5934,#5935,#5936,#5937,#5938,#5939,
    #5940,#5941,#5942,#5943,#5944,#5945,#5946,#5947,#5948,#5949,#5950,
    #5951,#5952,#5953,#5954,#5955,#5956,#5957,#5958,#5959,#5960,#5961,
    #5962,#5963,#5964,#5965,#5966,#5967,#5968,#5969,#5970,#5971,#5972,
    #5973,#5974,#5975,#5976,#5977,#5978,#5979,#5980,#5981,#5982,#5983,
    #5984,#5985,#5986,#5987,#5988,#5989,#5990,#5991,#5992,#5993,#5994,
    #5995,#5996,#5997,#5998,#5999,#6000,#6001,#6002,#6003,#6004,#6005,
    #6006,#6007,#6008,#6009,#6010,#6011,#6012,#6013,#6014,#6015,#6016,
    #6017,#6018,#6019,#6020,#6021,#6022,#6023,#6024,#6025,#6026,#6027,
    #6028,#6029,#6030,#6031,#6032,#6033,#6034,#6035,#6036,#6037,#6038,
    #6039,#6040,#6041,#6042,#6043,#6044,#6045,#6046,#6047,#6048,#6049,
    #6050,#6051,#6052,#6053,#6054,#6055,#6056,#6057,#6058,#6059,#6060,
    #6061,#6062,#6063,#6064,#6065,#6066,#6067,#6068,#6069,#6070,#6071,
    #6072,#6073,#6074,#6075,#6076,#6077,#6078,#6079,#6080,#6081,#6082,
    #6083,#6084,#6085,#6086,#6087,#6088,#6089,#6090,#6091,#6092,#6093,
    #6094,#6095,#6096,#6097,#6098,#6099,#6100,#6101,#6102,#6103,#6104,
    #6105,#6106,#6107,#6108,#6109,#6110,#6111,#6112,#6113,#6114,#6115,
    #6116,#6117,#6118,#6119,#6120,#6121,#6122,#6123,#6124,#6125,#6126,
    #6127,#6128,#6129,#6130,#6131,#6132,#6133,#6134,#6135,#6136,#6137,
    #6138,#6139,#6140,#6141,#6142,#6143,#6144,#6145,#6146,#6147,#6148,
    #6149,#6150,#6151,#6152,#6153,#6154,#6155,#6156,#6157,#6158,#6159,
    #6160,#6161,#6162,#6163,#6164,#6165,#6166,#6167,#6168,#6169,#6170,
    #6171,#6172,#6173,#6174,#6175,#6176,#6177,#6178,#6179,#6180,#6181,
    #6182,#6183,#6184,#6185,#6186,#6187,#6188,#6189,#6190,#6191,#6192,
    #6193,#6194,#6195,#6196,#6197,#6198,#6199,#6200,#6201,#6202,#6203,
    #6204,#6205,#6206,#6207,#6208,#6209,#6210,#6211,#6212,#6213,#6214,
    #6215,#6216,#6217,#6218,#6219,#6220,#6221,#6222,#6223,#6224,#6225,
    #6226,#6227,#6228,#6229,#6230,#6231,#6232,#6233,#6234,#6235,#6236,
    #6237,#6238,#6239,#6240,#6241,#6242,#6243,#6244,#6245,#6246,#6247,
    #6248,#6249,#6250,#6251,#6252,#6253,#6254,#6255,#6256,#6257,#6258,
    #6259,#6260,#6261,#6262,#6263,#6264,#6265,#6266,#6267,#6268,#6269,
    #6270,#6271,#6272,#6273,#6274,#6275,#6276,#6277,#6278,#6279,#6280,
    #6281,#6282,#6283,#6284,#6285,#6286,#6287,#6288,#6289,#6290,#6291,
    #6292,#6293,#6294,#6295,#6296,#6297,#6298,#6299,#6300,#6301,#6302,
    #6303,#6304,#6305,#6306,#6307,#6308,#6309,#6310,#6311,#6312,#6313,
    #6314,#6315,#6316,#6317,#6318,#6319,#6320,#6321,#6322,#6323,#6324,
    #6325,#6326,#6327,#6328,#6329,#6330,#6331,#6332,#6333,#6334,#6335,
    #6336,#6337,#6338,#6339,#6340,#6341,#6342,#6343,#6344,#6345,#6346,
    #6347,#6348,#6349,#6350,#6351,#6352,#6353,#6354,#6355,#6356,#6357,
    #6358,#6359,#6360,#6361,#6362,#6363,#6364,#6365,#6366,#6367,#6368,
    #6369,#6370,#6371,#6372,#6373,#6374,#6375,#6376,#6377,#6378,#6379,
    #6380,#6381,#6382,#6383,#6384,#6385,#6386,#6387,#6388,#6389,#6390,
    #6391,#6392,#6393,#6394,#6395,#6396,#6397,#6398,#6399,#6400,#6401,
    #6402,#6403,#6404,#6405,#6406,#6407,#6408,#6409,#6410,#6411,#6412,
    #6413,#6414,#6415,#6416,#6417,#6418,#6419,#6420,#6421,#6422,#6423,
    #6424,#6425,#6426,#6427,#6428,#6429,#6430,#6431,#6432,#6433,#6434,
    #6435,#6436,#6437,#6438,#6439,#6440,#6441,#6442,#6443,#6444,#6445,
    #6446,#6447,#6448,#6449,#6450,#6451,#6452,#6453,#6454,#6455,#6456,
    #6457,#6458,#6459,#6460,#6461),.UNSPECIFIED.,.T.,.F.,(1,5,1,1,1,1,1,
    1,1,1,1,1,1,1,1,1,1,1,1,1,1,1,1,1,1,1,1,1,1,1,1,1,1,1,1,1,1,1,1,1,1,
    1,1,1,1,1,1,1,1,1,1,1,1,1,1,1,1,1,1,1,1,1,1,1,1,1,1,1,1,1,1,1,1,1,1,
    1,1,1,1,1,1,1,1,1,1,1,1,1,1,1,1,1,1,1,1,1,1,1,1,1,1,1,1,1,1,1,1,1,1,
    1,1,1,1,1,1,1,1,1,1,1,1,1,1,1,1,1,1,1,1,1,1,1,1,1,1,1,1,1,1,1,1,1,1,
    1,1,1,1,1,1,1,1,1,1,1,1,1,1,1,1,1,1,1,1,1,1,1,1,1,1,1,1,1,1,1,1,1,1,
    1,1,1,1,1,1,1,1,1,1,1,1,1,1,1,1,1,1,1,1,1,1,1,1,1,1,1,1,1,1,1,1,1,1,
    1,1,1,1,1,1,1,1,1,1,1,1,1,1,1,1,1,1,1,1,1,1,1,1,1,1,1,1,1,1,1,1,1,1,
    1,1,1,1,1,1,1,1,1,1,1,1,1,1,1,1,1,1,1,1,1,1,1,1,1,1,1,1,1,1,1,1,1,1,
    1,1,1,1,1,1,1,1,1,1,1,1,1,1,1,1,1,1,1,1,1,1,1,1,1,1,1,1,1,1,1,1,1,1,
    1,1,1,1,1,1,1,1,1,1,1,1,1,1,1,1,1,1,1,1,1,1,1,1,1,1,1,1,1,1,1,1,1,1,
    1,1,1,1,1,1,1,1,1,1,1,1,1,1,1,1,1,1,1,1,1,1,1,1,1,1,1,1,1,1,1,1,1,1,
    1,1,1,1,1,1,1,1,1,1,1,1,1,1,1,1,1,1,1,1,1,1,1,1,1,1,1,1,1,1,1,1,1,1,
    1,1,1,1,1,1,1,1,1,1,1,1,1,1,1,1,1,1,1,1,1,1,1,1,1,1,1,1,1,1,1,1,1,1,
    1,1,1,1,1,1,1,1,1,1,1,1,1,1,1,1,1,1,1,1,1,1,1,1,1,1,1,1,1,1,1,1,1,1,
    1,1,1,1,1,1,1,1,1,1,1,1,1,1,1,1,1,1,1,1,1,1,1,1,1,1,1,1,1,1,1,1,1,1,
    1,1,1,1,1,1,1,1,1,1,1,1,1,1,1,1,1,1,1,1,1,1,1,1,1,1,1,1,1,1,1,1,1,1,
    1,1,1,1,1,1,1,1,1,1,1,1,1,1,1,1,1,1,1,1,1,1,1,1,1,1,1,1,1,1,1,1,1,1,
    1,1,1,1,1,1,1,1,1,1,1,1,1,1,1,1,1,1,1,1,1,1,1,1,1,1,1,1,1,1,1,1,1,1,
    1,1,1,1,1,1,1,1,1,1,1,1,1,1,1,1,1,1,1,1,1,1,1,1,1,1,1,1,1,1,1,1,1,1,
    1,1,1,1,1,1,1,1,1,1,1,1,1,1,1,1,1,1,1,1,1,1,1,1,1,1,1,1,1,1,1,1,1,1,
    1,1,1,1,1,1,1,1,1,1,1,1,1,1,1,1,1,1,1,1,1,1,1,1,1,1,1,1,1,1,1,1,1,1,
    1,1,1,1,1,1,1,1,1,1,1,1,1,1,1,1,1,1,1,1,1,1,1,1,1,1,1,1,1,1,1,1,1,1,
    1,1,1,1,1,1,1,1,1,1,1,1,1,1,1,1,1,1,1,1,1,1,1,1,1,1,1,1,1,1,1,1,1,1,
    1,1,1,1,1,1,1,1,1,1,1,1,1,1,1,1,1,1,1,1,1,1,1,1,1,1,1,1,1,1,1,1,1,1,
    1,1,1,1,1,1,1,1,1,1,1,1,1,1,1,1,1,1,1,1,1,1,1,1,1,1,1,1,1,1,1,1,1,1,
    1,1,1,1,1,1,1,1,1,1,1,1,1,1,1,1,1,1,1,1,1,1,1,1,1,1,1,1,1,1,1,1,1,1,
    1,1,1,1,1,1,1,1,1,1,1,1,1,1,1,1,1,1,1,1,1,1,1,1,1,1,1,1,1,1,1,1,1,1,
    1,1,1,1,1,1,1,1,1,1,1,1,1,1,1,1,1,1,1,1,1,1,1,1,1,1,1,1,1,1,1,1,1,1,
    1,1,1,1,1,1,1,1,1,1,1,1,1,1,1,1,1,1,1,1,1,1,1,1,1,1,1,1,1,1,1,1,1,1,
    1,1,1,1,1,1,1,1,1,1,1,1,1,1,1,1,1,1,1,1,1,1,1,1,1,1,1,1,1,1,1,1,1,1,
    1,1,1,1,1,1,1,1,1,1,1,1,1,1,1,1,1,1,1,1,1,1,1,1,1,1,1,1,1,1,1,1,1,1,
    1,1,1,1,1,1,1,1,1,1,1,1,1,1,1,1,1,1,1,1,1,1,1,1,1,1,1,1,1,1,1,1,1,1,
    1,1,1,1,1,1,1,1,1,1,1,1,1,1,1,1,1,1,1,1,1,1,1,1,1,1,1,1,1,1,1,1,1,1,
    1,1,1,1,1,1,1,1,1,1,1,1,1,1,1,1,1,1,1,1,1,1,1,1,1,1,1,1,1,1,1,1,1,1,
    1,1,1,1,1,1,1,1,1,1,1,1,1,1,1,1,1,1,1,1,1,1,1,1,1,1,1,1,1,1,1,1,1,1,
    1,1,1,1,1,1,1,1,1,1,1,1,1,1,1,1,1,1,1,1,1,1,1,1,1,1,1,1,1,1,1,1,1,1,
    1,1,1,1,1,1,1,1,1,1,1,1,1,1,1,1,1,1,1,1,1,1,1,1,1,1,1,1,1,1,1,1,1,1,
    1,1,1,1,1,1,1,1,1,1,1,1,1,1,1,1,1,1,1,1,1,1,1,1,1,1,1,1,1,1,1,1,1,1,
    1,1,1,1,1,1,1,1,1,1,1,1,1,1,1,1,1,1,1,1,1,1,1,1,1,1,1,1,1,1,1,1,1,1,
    1,1,1,1,1,1,1,1,1,1,1,1,1,1,1,1,1,1,1,1,1,1,1,1,1,1,1,1,1,1,1,1,1,1,
    1,1,1,1,1,1,1,1,1,1,1,1,1,1,1,1,1,1,1,1,1,1,1,1,1,1,1,1,1,1,1,1,1,1,
    1,1,1,1,1,1,1,1,1,1,1,1,1,1,1,1,1,1,1,1,1,1,1,1,1,1,1,1,1,1,1,1,1,1,
    1,1,1,1,1,1,1,1,1,1,1,1,1,1,1,1,1,1,1,1,1,1,1,1,1,1,1,1,1,1,1,1,1,1,
    1,1,1,1,1,1,1,1,1,1,1,1,1,1,1,1,1,1,1,1,1,1,1,1,1,1,1,1,1,1,1,1,1,1,
    1,1,1,1,1,1,1,1,1,1,1,1,1,1,1,1,1,1,1,1,1,1,1,1,1,1,1,1,1,1,1,1,1,1,
    1,1,1,1,1,1,1,1,1,1,1,1,1,1,1,1,1,1,1,1,1,1,1,1,1,1,1,1,1,1,1,1,1,1,
    1,1,1,1,1,1,1,1,1,1,1,1,1,1,1,1,1,1,1,1,1,1,1,1,1,1,1,1,1,1,5,1),(
    -6.25000000019E-04,0.,6.25E-04,1.25E-03,1.875E-03,2.5E-03,3.125E-03,
    3.75E-03,4.375E-03,5.E-03,5.625E-03,6.25E-03,6.875E-03,7.5E-03,
    8.125E-03,8.75E-03,9.375E-03,1.E-02,1.0625E-02,1.125E-02,1.1875E-02,
    1.25E-02,1.3125E-02,1.375E-02,1.4375E-02,1.5E-02,1.5625E-02,
    1.625E-02,1.6875E-02,1.75E-02,1.8125E-02,1.875E-02,1.9375E-02,2.E-02
    ,2.0625E-02,2.125E-02,2.1875E-02,2.25E-02,2.3125E-02,2.375E-02,
    2.4375E-02,2.5E-02,2.5625E-02,2.625E-02,2.6875E-02,2.75E-02,
    2.8125E-02,2.875E-02,2.9375E-02,3.E-02,3.0625E-02,3.125E-02,
    3.1875E-02,3.25E-02,3.3125E-02,3.375E-02,3.4375E-02,3.5E-02,
    3.5625E-02,3.625E-02,3.6875E-02,3.75E-02,3.8125E-02,3.875E-02,
    3.9375E-02,4.E-02,4.0625E-02,4.125E-02,4.1875E-02,4.25E-02,
    4.3125E-02,4.375E-02,4.4375E-02,4.5E-02,4.5625E-02,4.625E-02,
    4.6875E-02,4.75E-02,4.8125E-02,4.875E-02,4.9375E-02,5.E-02,
    5.0625E-02,5.125E-02,5.1875E-02,5.25E-02,5.3125E-02,5.375E-02,
    5.4375E-02,5.5E-02,5.5625E-02,5.625E-02,5.6875E-02,5.75E-02,
    5.8125E-02,5.875E-02,5.9375E-02,6.E-02,6.0625E-02,6.125E-02,
    6.1875E-02,6.25E-02,6.3125E-02,6.375E-02,6.4375E-02,6.5E-02,
    6.5625E-02,6.625E-02,6.6875E-02,6.75E-02,6.8125E-02,6.875E-02,
    6.9375E-02,7.E-02,7.0625E-02,7.125E-02,7.1875E-02,7.25E-02,
    7.3125E-02,7.375E-02,7.4375E-02,7.5E-02,7.5625E-02,7.625E-02,
    7.6875E-02,7.75E-02,7.8125E-02,7.875E-02,7.9375E-02,8.E-02,
    8.0625E-02,8.125E-02,8.1875E-02,8.25E-02,8.3125E-02,8.375E-02,
    8.4375E-02,8.5E-02,8.5625E-02,8.625E-02,8.6875E-02,8.75E-02,
    8.8125E-02,8.875E-02,8.9375E-02,9.E-02,9.0625E-02,9.125E-02,
    9.1875E-02,9.25E-02,9.3125E-02,9.375E-02,9.4375E-02,9.5E-02,
    9.5625E-02,9.625E-02,9.6875E-02,9.75E-02,9.8125E-02,9.875E-02,
    9.9375E-02,0.1,0.100625,0.10125,0.101875,0.1025,0.103125,0.10375,
    0.104375,0.105,0.105625,0.10625,0.106875,0.1075,0.108125,0.10875,
    0.109375,0.11,0.110625,0.11125,0.111875,0.1125,0.113125,0.11375,
    0.114375,0.115,0.115625,0.11625,0.116875,0.1175,0.118125,0.11875,
    0.119375,0.12,0.120625,0.12125,0.121875,0.1225,0.123125,0.12375,
    0.124375,0.125,0.125625,0.12625,0.126875,0.1275,0.128125,0.12875,
    0.129375,0.13,0.130625,0.13125,0.131875,0.1325,0.133125,0.13375,
    0.134375,0.135,0.135625,0.13625,0.136875,0.1375,0.138125,0.13875,
    0.139375,0.14,0.140625,0.14125,0.141875,0.1425,0.143125,0.14375,
    0.144375,0.145,0.145625,0.14625,0.146875,0.1475,0.148125,0.14875,
    0.149375,0.15,0.150625,0.15125,0.151875,0.1525,0.153125,0.15375,
    0.154375,0.155,0.155625,0.15625,0.156875,0.1575,0.158125,0.15875,
    0.159375,0.16,0.160625,0.16125,0.161875,0.1625,0.163125,0.16375,
    0.164375,0.165,0.165625,0.16625,0.166875,0.1675,0.168125,0.16875,
    0.169375,0.17,0.170625,0.17125,0.171875,0.1725,0.173125,0.17375,
    0.174375,0.175,0.175625,0.17625,0.176875,0.1775,0.178125,0.17875,
    0.179375,0.18,0.180625,0.18125,0.181875,0.1825,0.183125,0.18375,
    0.184375,0.185,0.185625,0.18625,0.186875,0.1875,0.188125,0.18875,
    0.189375,0.19,0.190625,0.19125,0.191875,0.1925,0.193125,0.19375,
    0.194375,0.195,0.195625,0.19625,0.196875,0.1975,0.198125,0.19875,
    0.199375,0.2,0.200625,0.20125,0.201875,0.2025,0.203125,0.20375,
    0.204375,0.205,0.205625,0.20625,0.206875,0.2075,0.208125,0.20875,
    0.209375,0.21,0.210625,0.21125,0.211875,0.2125,0.213125,0.21375,
    0.214375,0.215,0.215625,0.21625,0.216875,0.2175,0.218125,0.21875,
    0.219375,0.22,0.220625,0.22125,0.221875,0.2225,0.223125,0.22375,
    0.224375,0.225,0.225625,0.22625,0.226875,0.2275,0.228125,0.22875,
    0.229375,0.23,0.230625,0.23125,0.231875,0.2325,0.233125,0.23375,
    0.234375,0.235,0.235625,0.23625,0.236875,0.2375,0.238125,0.23875,
    0.239375,0.24,0.240625,0.24125,0.241875,0.2425,0.243125,0.24375,
    0.244375,0.245,0.245625,0.24625,0.246875,0.2475,0.248125,0.24875,
    0.249375,0.25,0.250625,0.25125,0.251875,0.2525,0.253125,0.25375,
    0.254375,0.255,0.255625,0.25625,0.256875,0.2575,0.258125,0.25875,
    0.259375,0.26,0.260625,0.26125,0.261875,0.2625,0.263125,0.26375,
    0.264375,0.265,0.265625,0.26625,0.266875,0.2675,0.268125,0.26875,
    0.269375,0.27,0.270625,0.27125,0.271875,0.2725,0.273125,0.27375,
    0.274375,0.275,0.275625,0.27625,0.276875,0.2775,0.278125,0.27875,
    0.279375,0.28,0.280625,0.28125,0.281875,0.2825,0.283125,0.28375,
    0.284375,0.285,0.285625,0.28625,0.286875,0.2875,0.288125,0.28875,
    0.289375,0.29,0.290625,0.29125,0.291875,0.2925,0.293125,0.29375,
    0.294375,0.295,0.295625,0.29625,0.296875,0.2975,0.298125,0.29875,
    0.299375,0.3,0.300625,0.30125,0.301875,0.3025,0.303125,0.30375,
    0.304375,0.305,0.305625,0.30625,0.306875,0.3075,0.308125,0.30875,
    0.309375,0.31,0.310625,0.31125,0.311875,0.3125,0.313125,0.31375,
    0.314375,0.315,0.315625,0.31625,0.316875,0.3175,0.318125,0.31875,
    0.319375,0.32,0.320625,0.32125,0.321875,0.3225,0.323125,0.32375,
    0.324375,0.325,0.325625,0.32625,0.326875,0.3275,0.328125,0.32875,
    0.329375,0.33,0.330625,0.33125,0.331875,0.3325,0.333125,0.33375,
    0.334375,0.335,0.335625,0.33625,0.336875,0.3375,0.338125,0.33875,
    0.339375,0.34,0.340625,0.34125,0.341875,0.3425,0.343125,0.34375,
    0.344375,0.345,0.345625,0.34625,0.346875,0.3475,0.348125,0.34875,
    0.349375,0.35,0.350625,0.35125,0.351875,0.3525,0.353125,0.35375,
    0.354375,0.355,0.355625,0.35625,0.356875,0.3575,0.358125,0.35875,
    0.359375,0.36,0.360625,0.36125,0.361875,0.3625,0.363125,0.36375,
    0.364375,0.365,0.365625,0.36625,0.366875,0.3675,0.368125,0.36875,
    0.369375,0.37,0.370625,0.37125,0.371875,0.3725,0.373125,0.37375,
    0.374375,0.375,0.375625,0.37625,0.376875,0.3775,0.378125,0.37875,
    0.379375,0.38,0.380625,0.38125,0.381875,0.3825,0.383125,0.38375,
    0.384375,0.385,0.385625,0.38625,0.386875,0.3875,0.388125,0.38875,
    0.389375,0.39,0.390625,0.39125,0.391875,0.3925,0.393125,0.39375,
    0.394375,0.395,0.395625,0.39625,0.396875,0.3975,0.398125,0.39875,
    0.399375,0.4,0.400625,0.40125,0.401875,0.4025,0.403125,0.40375,
    0.404375,0.405,0.405625,0.40625,0.406875,0.4075,0.408125,0.40875,
    0.409375,0.41,0.410625,0.41125,0.411875,0.4125,0.413125,0.41375,
    0.414375,0.415,0.415625,0.41625,0.416875,0.4175,0.418125,0.41875,
    0.419375,0.42,0.420625,0.42125,0.421875,0.4225,0.423125,0.42375,
    0.424375,0.425,0.425625,0.42625,0.426875,0.4275,0.428125,0.42875,
    0.429375,0.43,0.430625,0.43125,0.431875,0.4325,0.433125,0.43375,
    0.434375,0.435,0.435625,0.43625,0.436875,0.4375,0.438125,0.43875,
    0.439375,0.44,0.440625,0.44125,0.441875,0.4425,0.443125,0.44375,
    0.444375,0.445,0.445625,0.44625,0.446875,0.4475,0.448125,0.44875,
    0.449375,0.45,0.450625,0.45125,0.451875,0.4525,0.453125,0.45375,
    0.454375,0.455,0.455625,0.45625,0.456875,0.4575,0.458125,0.45875,
    0.459375,0.46,0.460625,0.46125,0.461875,0.4625,0.463125,0.46375,
    0.464375,0.465,0.465625,0.46625,0.466875,0.4675,0.468125,0.46875,
    0.469375,0.47,0.470625,0.47125,0.471875,0.4725,0.473125,0.47375,
    0.474375,0.475,0.475625,0.47625,0.476875,0.4775,0.478125,0.47875,
    0.479375,0.48,0.480625,0.48125,0.481875,0.4825,0.483125,0.48375,
    0.484375,0.485,0.485625,0.48625,0.486875,0.4875,0.488125,0.48875,
    0.489375,0.49,0.490625,0.49125,0.491875,0.4925,0.493125,0.49375,
    0.494375,0.495,0.495625,0.49625,0.496875,0.4975,0.498125,0.49875,
    0.499375,0.5,0.500625,0.50125,0.501875,0.5025,0.503125,0.50375,
    0.504375,0.505,0.505625,0.50625,0.506875,0.5075,0.508125,0.50875,
    0.509375,0.51,0.510625,0.51125,0.511875,0.5125,0.513125,0.51375,
    0.514375,0.515,0.515625,0.51625,0.516875,0.5175,0.518125,0.51875,
    0.519375,0.52,0.520625,0.52125,0.521875,0.5225,0.523125,0.52375,
    0.524375,0.525,0.525625,0.52625,0.526875,0.5275,0.528125,0.52875,
    0.529375,0.53,0.530625,0.53125,0.531875,0.5325,0.533125,0.53375,
    0.534375,0.535,0.535625,0.53625,0.536875,0.5375,0.538125,0.53875,
    0.539375,0.54,0.540625,0.54125,0.541875,0.5425,0.543125,0.54375,
    0.544375,0.545,0.545625,0.54625,0.546875,0.5475,0.548125,0.54875,
    0.549375,0.55,0.550625,0.55125,0.551875,0.5525,0.553125,0.55375,
    0.554375,0.555,0.555625,0.55625,0.556875,0.5575,0.558125,0.55875,
    0.559375,0.56,0.560625,0.56125,0.561875,0.5625,0.563125,0.56375,
    0.564375,0.565,0.565625,0.56625,0.566875,0.5675,0.568125,0.56875,
    0.569375,0.57,0.570625,0.57125,0.571875,0.5725,0.573125,0.57375,
    0.574375,0.575,0.575625,0.57625,0.576875,0.5775,0.578125,0.57875,
    0.579375,0.58,0.580625,0.58125,0.581875,0.5825,0.583125,0.58375,
    0.584375,0.585,0.585625,0.58625,0.586875,0.5875,0.588125,0.58875,
    0.589375,0.59,0.590625,0.59125,0.591875,0.5925,0.593125,0.59375,
    0.594375,0.595,0.595625,0.59625,0.596875,0.5975,0.598125,0.59875,
    0.599375,0.6,0.600625,0.60125,0.601875,0.6025,0.603125,0.60375,
    0.604375,0.605,0.605625,0.60625,0.606875,0.6075,0.608125,0.60875,
    0.609375,0.61,0.610625,0.61125,0.611875,0.6125,0.613125,0.61375,
    0.614375,0.615,0.615625,0.61625,0.616875,0.6175,0.618125,0.61875,
    0.619375,0.62,0.620625,0.62125,0.621875,0.6225,0.623125,0.62375,
    0.624375,0.625,0.625625,0.62625,0.626875,0.6275,0.628125,0.62875,
    0.629375,0.63,0.630625,0.63125,0.631875,0.6325,0.633125,0.63375,
    0.634375,0.635,0.635625,0.63625,0.636875,0.6375,0.638125,0.63875,
    0.639375,0.64,0.640625,0.64125,0.641875,0.6425,0.643125,0.64375,
    0.644375,0.645,0.645625,0.64625,0.646875,0.6475,0.648125,0.64875,
    0.649375,0.65,0.650625,0.65125,0.651875,0.6525,0.653125,0.65375,
    0.654375,0.655,0.655625,0.65625,0.656875,0.6575,0.658125,0.65875,
    0.659375,0.66,0.660625,0.66125,0.661875,0.6625,0.663125,0.66375,
    0.664375,0.665,0.665625,0.66625,0.666875,0.6675,0.668125,0.66875,
    0.669375,0.67,0.670625,0.67125,0.671875,0.6725,0.673125,0.67375,
    0.674375,0.675,0.675625,0.67625,0.676875,0.6775,0.678125,0.67875,
    0.679375,0.68,0.680625,0.68125,0.681875,0.6825,0.683125,0.68375,
    0.684375,0.685,0.685625,0.68625,0.686875,0.6875,0.688125,0.68875,
    0.689375,0.69,0.690625,0.69125,0.691875,0.6925,0.693125,0.69375,
    0.694375,0.695,0.695625,0.69625,0.696875,0.6975,0.698125,0.69875,
    0.699375,0.7,0.700625,0.70125,0.701875,0.7025,0.703125,0.70375,
    0.704375,0.705,0.705625,0.70625,0.706875,0.7075,0.708125,0.70875,
    0.709375,0.71,0.710625,0.71125,0.711875,0.7125,0.713125,0.71375,
    0.714375,0.715,0.715625,0.71625,0.716875,0.7175,0.718125,0.71875,
    0.719375,0.72,0.720625,0.72125,0.721875,0.7225,0.723125,0.72375,
    0.724375,0.725,0.725625,0.72625,0.726875,0.7275,0.728125,0.72875,
    0.729375,0.73,0.730625,0.73125,0.731875,0.7325,0.733125,0.73375,
    0.734375,0.735,0.735625,0.73625,0.736875,0.7375,0.738125,0.73875,
    0.739375,0.74,0.740625,0.74125,0.741875,0.7425,0.743125,0.74375,
    0.744375,0.745,0.745625,0.74625,0.746875,0.7475,0.748125,0.74875,
    0.749375,0.75,0.750625,0.75125,0.751875,0.7525,0.753125,0.75375,
    0.754375,0.755,0.755625,0.75625,0.756875,0.7575,0.758125,0.75875,
    0.759375,0.76,0.760625,0.76125,0.761875,0.7625,0.763125,0.76375,
    0.764375,0.765,0.765625,0.76625,0.766875,0.7675,0.768125,0.76875,
    0.769375,0.77,0.770625,0.77125,0.771875,0.7725,0.773125,0.77375,
    0.774375,0.775,0.775625,0.77625,0.776875,0.7775,0.778125,0.77875,
    0.779375,0.78,0.780625,0.78125,0.781875,0.7825,0.783125,0.78375,
    0.784375,0.785,0.785625,0.78625,0.786875,0.7875,0.788125,0.78875,
    0.789375,0.79,0.790625,0.79125,0.791875,0.7925,0.793125,0.79375,
    0.794375,0.795,0.795625,0.79625,0.796875,0.7975,0.798125,0.79875,
    0.799375,0.8,0.800625,0.80125,0.801875,0.8025,0.803125,0.80375,
    0.804375,0.805,0.805625,0.80625,0.806875,0.8075,0.808125,0.80875,
    0.809375,0.81,0.810625,0.81125,0.811875,0.8125,0.813125,0.81375,
    0.814375,0.815,0.815625,0.81625,0.816875,0.8175,0.818125,0.81875,
    0.819375,0.82,0.820625,0.82125,0.821875,0.8225,0.823125,0.82375,
    0.824375,0.825,0.825625,0.82625,0.826875,0.8275,0.828125,0.82875,
    0.829375,0.83,0.830625,0.83125,0.831875,0.8325,0.833125,0.83375,
    0.834375,0.835,0.835625,0.83625,0.836875,0.8375,0.838125,0.83875,
    0.839375,0.84,0.840625,0.84125,0.841875,0.8425,0.843125,0.84375,
    0.844375,0.845,0.845625,0.84625,0.846875,0.8475,0.848125,0.84875,
    0.849375,0.85,0.850625,0.85125,0.851875,0.8525,0.853125,0.85375,
    0.854375,0.855,0.855625,0.85625,0.856875,0.8575,0.858125,0.85875,
    0.859375,0.86,0.860625,0.86125,0.861875,0.8625,0.863125,0.86375,
    0.864375,0.865,0.865625,0.86625,0.866875,0.8675,0.868125,0.86875,
    0.869375,0.87,0.870625,0.87125,0.871875,0.8725,0.873125,0.87375,
    0.874375,0.875,0.875625,0.87625,0.876875,0.8775,0.878125,0.87875,
    0.879375,0.88,0.880625,0.88125,0.881875,0.8825,0.883125,0.88375,
    0.884375,0.885,0.885625,0.88625,0.886875,0.8875,0.888125,0.88875,
    0.889375,0.89,0.890625,0.89125,0.891875,0.8925,0.893125,0.89375,
    0.894375,0.895,0.895625,0.89625,0.896875,0.8975,0.898125,0.89875,
    0.899375,0.9,0.900625,0.90125,0.901875,0.9025,0.903125,0.90375,
    0.904375,0.905,0.905625,0.90625,0.906875,0.9075,0.908125,0.90875,
    0.909375,0.91,0.910625,0.91125,0.911875,0.9125,0.913125,0.91375,
    0.914375,0.915,0.915625,0.91625,0.916875,0.9175,0.918125,0.91875,
    0.919375,0.92,0.920625,0.92125,0.921875,0.9225,0.923125,0.92375,
    0.924375,0.925,0.925625,0.92625,0.926875,0.9275,0.928125,0.92875,
    0.929375,0.93,0.930625,0.93125,0.931875,0.9325,0.933125,0.93375,
    0.934375,0.935,0.935625,0.93625,0.936875,0.9375,0.938125,0.93875,
    0.939375,0.94,0.940625,0.94125,0.941875,0.9425,0.943125,0.94375,
    0.944375,0.945,0.945625,0.94625,0.946875,0.9475,0.948125,0.94875,
    0.949375,0.95,0.950625,0.95125,0.951875,0.9525,0.953125,0.95375,
    0.954375,0.955,0.955625,0.95625,0.956875,0.9575,0.958125,0.95875,
    0.959375,0.96,0.960625,0.96125,0.961875,0.9625,0.963125,0.96375,
    0.964375,0.965,0.965625,0.96625,0.966875,0.9675,0.968125,0.96875,
    0.969375,0.97,0.970625,0.97125,0.971875,0.9725,0.973125,0.97375,
    0.974375,0.975,0.975625,0.97625,0.976875,0.9775,0.978125,0.97875,
    0.979375,0.98,0.980625,0.98125,0.981875,0.9825,0.983125,0.98375,
    0.984375,0.985,0.985625,0.98625,0.986875,0.9875,0.988125,0.98875,
    0.989375,0.99,0.990625,0.99125,0.991875,0.9925,0.993125,0.99375,
    0.994375,0.995,0.995625,0.99625,0.996875,0.9975,0.998125,0.99875,
    0.999375,1.,1.000625),.UNSPECIFIED.);
#4857 = CARTESIAN_POINT('',(-37.4171210667,-15.49867901078));
#4858 = CARTESIAN_POINT('',(-37.40245360831,-15.53408938853));
#4859 = CARTESIAN_POINT('',(-37.37375491349,-15.60517367584));
#4860 = CARTESIAN_POINT('',(-37.33262441603,-15.7125692369));
#4861 = CARTESIAN_POINT('',(-37.281650532,-15.85721413209));
#4862 = CARTESIAN_POINT('',(-37.22444234358,-16.04021140412));
#4863 = CARTESIAN_POINT('',(-37.1737980677,-16.22516456736));
#4864 = CARTESIAN_POINT('',(-37.12976743553,-16.41182977765));
#4865 = CARTESIAN_POINT('',(-37.0923999897,-16.599954439));
#4866 = CARTESIAN_POINT('',(-37.06174988618,-16.78927702603));
#4867 = CARTESIAN_POINT('',(-37.03786402489,-16.97953460606));
#4868 = CARTESIAN_POINT('',(-37.02077017803,-17.17047035873));
#4869 = CARTESIAN_POINT('',(-37.01046512035,-17.36184109612));
#4870 = CARTESIAN_POINT('',(-37.00690275641,-17.55342478401));
#4871 = CARTESIAN_POINT('',(-37.00998225485,-17.7450280589));
#4872 = CARTESIAN_POINT('',(-37.01957106576,-17.9364710131));
#4873 = CARTESIAN_POINT('',(-37.03552793148,-18.12757198405));
#4874 = CARTESIAN_POINT('',(-37.05772589921,-18.31813234249));
#4875 = CARTESIAN_POINT('',(-37.08607533434,-18.50792128017));
#4876 = CARTESIAN_POINT('',(-37.12054692931,-18.69666060028));
#4877 = CARTESIAN_POINT('',(-37.16109649068,-18.88407598722));
#4878 = CARTESIAN_POINT('',(-37.20758973619,-19.06994826788));
#4879 = CARTESIAN_POINT('',(-37.25972707955,-19.25416468493));
#4880 = CARTESIAN_POINT('',(-37.31696843947,-19.43677014518));
#4881 = CARTESIAN_POINT('',(-37.37845798328,-19.61801853454));
#4882 = CARTESIAN_POINT('',(-37.44306003026,-19.79831868045));
#4883 = CARTESIAN_POINT('',(-37.50939504731,-19.97818025327));
#4884 = CARTESIAN_POINT('',(-37.57587556283,-20.15815968272));
#4885 = CARTESIAN_POINT('',(-37.6407422228,-20.33880608626));
#4886 = CARTESIAN_POINT('',(-37.70209948809,-20.52060714165));
#4887 = CARTESIAN_POINT('',(-37.75807008222,-20.70395689829));
#4888 = CARTESIAN_POINT('',(-37.8069497288,-20.88912367052));
#4889 = CARTESIAN_POINT('',(-37.84736189097,-21.07621786625));
#4890 = CARTESIAN_POINT('',(-37.87841226011,-21.26515992107));
#4891 = CARTESIAN_POINT('',(-37.89984404524,-21.45564796972));
#4892 = CARTESIAN_POINT('',(-37.91186633767,-21.64722787945));
#4893 = CARTESIAN_POINT('',(-37.91498165623,-21.83936353634));
#4894 = CARTESIAN_POINT('',(-37.90981377601,-22.03150704694));
#4895 = CARTESIAN_POINT('',(-37.89693548617,-22.2231689544));
#4896 = CARTESIAN_POINT('',(-37.87669624366,-22.41398850745));
#4897 = CARTESIAN_POINT('',(-37.84928204821,-22.60370198993));
#4898 = CARTESIAN_POINT('',(-37.81477548762,-22.79211097679));
#4899 = CARTESIAN_POINT('',(-37.77321571911,-22.9790506177));
#4900 = CARTESIAN_POINT('',(-37.72465847752,-23.16435790917));
#4901 = CARTESIAN_POINT('',(-37.66923607223,-23.34783997149));
#4902 = CARTESIAN_POINT('',(-37.60713361639,-23.52928290314));
#4903 = CARTESIAN_POINT('',(-37.5385652534,-23.70846063656));
#4904 = CARTESIAN_POINT('',(-37.46375038519,-23.88514379301));
#4905 = CARTESIAN_POINT('',(-37.38288989849,-24.05910853822));
#4906 = CARTESIAN_POINT('',(-37.2961423953,-24.23014543679));
#4907 = CARTESIAN_POINT('',(-37.20363523288,-24.39805829623));
#4908 = CARTESIAN_POINT('',(-37.10547555982,-24.56266301214));
#4909 = CARTESIAN_POINT('',(-37.0017613536,-24.72378641305));
#4910 = CARTESIAN_POINT('',(-36.89259245738,-24.88126510539));
#4911 = CARTESIAN_POINT('',(-36.77808161721,-25.03494431848));
#4912 = CARTESIAN_POINT('',(-36.6583513261,-25.1846672647));
#4913 = CARTESIAN_POINT('',(-36.5335306682,-25.33026449997));
#4914 = CARTESIAN_POINT('',(-36.403752163,-25.47154328354));
#4915 = CARTESIAN_POINT('',(-36.26914860955,-25.60827693925));
#4916 = CARTESIAN_POINT('',(-36.12984993042,-25.74019421267));
#4917 = CARTESIAN_POINT('',(-35.98598408635,-25.86700462072));
#4918 = CARTESIAN_POINT('',(-35.83767799155,-25.98842380532));
#4919 = CARTESIAN_POINT('',(-35.68505842867,-26.10419888514));
#4920 = CARTESIAN_POINT('',(-35.52825296392,-26.21413380924));
#4921 = CARTESIAN_POINT('',(-35.36739086222,-26.31811470762));
#4922 = CARTESIAN_POINT('',(-35.20260943679,-26.41604232067));
#4923 = CARTESIAN_POINT('',(-35.03406039902,-26.50776441621));
#4924 = CARTESIAN_POINT('',(-34.86191620789,-26.59300823595));
#4925 = CARTESIAN_POINT('',(-34.6863764204,-26.67131287205));
#4926 = CARTESIAN_POINT('',(-34.50767403937,-26.74196182946));
#4927 = CARTESIAN_POINT('',(-34.32607654632,-26.80416914445));
#4928 = CARTESIAN_POINT('',(-34.14188694346,-26.85726538667));
#4929 = CARTESIAN_POINT('',(-33.95544478182,-26.90088359009));
#4930 = CARTESIAN_POINT('',(-33.76712721972,-26.93514547835));
#4931 = CARTESIAN_POINT('',(-33.57735000134,-26.96084683612));
#4932 = CARTESIAN_POINT('',(-33.38653789857,-26.97930166854));
#4933 = CARTESIAN_POINT('',(-33.19509521659,-26.9921872012));
#4934 = CARTESIAN_POINT('',(-33.00337630107,-27.00138860798));
#4935 = CARTESIAN_POINT('',(-32.81165598623,-27.00884376551));
#4936 = CARTESIAN_POINT('',(-32.62010022965,-27.01638824398));
#4937 = CARTESIAN_POINT('',(-32.42880245822,-27.02570161323));
#4938 = CARTESIAN_POINT('',(-32.2378197252,-27.03825343875));
#4939 = CARTESIAN_POINT('',(-32.04720893279,-27.0552494045));
#4940 = CARTESIAN_POINT('',(-31.85706303726,-27.07757735436));
#4941 = CARTESIAN_POINT('',(-31.66754723304,-27.10575344231));
#4942 = CARTESIAN_POINT('',(-31.47888034295,-27.14001129812));
#4943 = CARTESIAN_POINT('',(-31.291316245,-27.18039110702));
#4944 = CARTESIAN_POINT('',(-31.10512528537,-27.22682872147));
#4945 = CARTESIAN_POINT('',(-30.92057569778,-27.27924475686));
#4946 = CARTESIAN_POINT('',(-30.73791501895,-27.33763369976));
#4947 = CARTESIAN_POINT('',(-30.55737533626,-27.40203682944));
#4948 = CARTESIAN_POINT('',(-30.37917853625,-27.47251513415));
#4949 = CARTESIAN_POINT('',(-30.20354155302,-27.54912222837));
#4950 = CARTESIAN_POINT('',(-30.03068161619,-27.63187727206));
#4951 = CARTESIAN_POINT('',(-29.8608215003,-27.72073788224));
#4952 = CARTESIAN_POINT('',(-29.69418711971,-27.81561397288));
#4953 = CARTESIAN_POINT('',(-29.53100512207,-27.91638160259));
#4954 = CARTESIAN_POINT('',(-29.37150048221,-28.02289681965));
#4955 = CARTESIAN_POINT('',(-29.215894096,-28.13500950737));
#4956 = CARTESIAN_POINT('',(-29.06440037401,-28.25257723134));
#4957 = CARTESIAN_POINT('',(-28.91722556378,-28.37546072946));
#4958 = CARTESIAN_POINT('',(-28.77456607212,-28.50351939941));
#4959 = CARTESIAN_POINT('',(-28.63660678729,-28.63660678706));
#4960 = CARTESIAN_POINT('',(-28.5035194013,-28.77456607453));
#4961 = CARTESIAN_POINT('',(-28.37546073208,-28.91722556826));
#4962 = CARTESIAN_POINT('',(-28.25257723475,-29.0644003777));
#4963 = CARTESIAN_POINT('',(-28.13500951297,-29.21589409385));
#4964 = CARTESIAN_POINT('',(-28.02289682995,-29.37150046784));
#4965 = CARTESIAN_POINT('',(-27.91638162036,-29.5310050895));
#4966 = CARTESIAN_POINT('',(-27.81561399966,-29.69418706593));
#4967 = CARTESIAN_POINT('',(-27.72073791752,-29.86082142662));
#4968 = CARTESIAN_POINT('',(-27.63187731309,-30.03068152856));
#4969 = CARTESIAN_POINT('',(-27.54912227057,-30.20354146111));
#4970 = CARTESIAN_POINT('',(-27.47251517217,-30.37917845144));
#4971 = CARTESIAN_POINT('',(-27.40203685887,-30.55737526851));
#4972 = CARTESIAN_POINT('',(-27.33763371819,-30.73791497461));
#4973 = CARTESIAN_POINT('',(-27.27924476434,-30.92057567846));
#4974 = CARTESIAN_POINT('',(-27.22682872035,-31.10512528782));
#4975 = CARTESIAN_POINT('',(-27.18039110112,-31.29131626197));
#4976 = CARTESIAN_POINT('',(-27.14001129133,-31.47888036509));
#4977 = CARTESIAN_POINT('',(-27.10575343758,-31.66754725049));
#4978 = CARTESIAN_POINT('',(-27.07757735316,-31.85706304102));
#4979 = CARTESIAN_POINT('',(-27.0552494068,-32.0472089158));
#4980 = CARTESIAN_POINT('',(-27.03825344334,-32.23781968314));
#4981 = CARTESIAN_POINT('',(-27.02570161859,-32.42880239005));
#4982 = CARTESIAN_POINT('',(-27.01638824885,-32.62010013763));
#4983 = CARTESIAN_POINT('',(-27.00884376936,-32.81165587546));
#4984 = CARTESIAN_POINT('',(-27.00138861114,-33.00337617847));
#4985 = CARTESIAN_POINT('',(-26.99218720488,-33.1950950894));
#4986 = CARTESIAN_POINT('',(-26.97930167456,-33.38653777235));
#4987 = CARTESIAN_POINT('',(-26.96084684671,-33.57734987887));
#4988 = CARTESIAN_POINT('',(-26.93514549578,-33.76712710077));
#4989 = CARTESIAN_POINT('',(-26.90088361628,-33.95544466378));
#4990 = CARTESIAN_POINT('',(-26.85726542275,-34.14188682289));
#4991 = CARTESIAN_POINT('',(-26.8041691901,-34.32607642132));
#4992 = CARTESIAN_POINT('',(-26.74196188258,-34.5076739109));
#4993 = CARTESIAN_POINT('',(-26.67131292898,-34.68637629256));
#4994 = CARTESIAN_POINT('',(-26.59300829207,-34.86191608718));
#4995 = CARTESIAN_POINT('',(-26.50776446707,-35.03406029248));
#4996 = CARTESIAN_POINT('',(-26.41604236364,-35.20260934916));
#4997 = CARTESIAN_POINT('',(-26.31811474292,-35.36739079425));
#4998 = CARTESIAN_POINT('',(-26.21413384007,-35.5282529119));
#4999 = CARTESIAN_POINT('',(-26.10419891715,-35.68505838509));
#5000 = CARTESIAN_POINT('',(-25.98842384514,-35.83767794703));
#5001 = CARTESIAN_POINT('',(-25.86700467387,-35.98598403269));
#5002 = CARTESIAN_POINT('',(-25.74019428213,-36.12984986261));
#5003 = CARTESIAN_POINT('',(-25.60827702497,-36.2691485267));
#5004 = CARTESIAN_POINT('',(-25.47154338274,-36.40375206812));
#5005 = CARTESIAN_POINT('',(-25.33026460828,-36.53353056701));
#5006 = CARTESIAN_POINT('',(-25.18466737819,-36.65835122464));
#5007 = CARTESIAN_POINT('',(-25.03494443483,-36.77808152028));
#5008 = CARTESIAN_POINT('',(-24.8812652243,-36.89259236766));
#5009 = CARTESIAN_POINT('',(-24.72378653585,-37.00176127154));
#5010 = CARTESIAN_POINT('',(-24.56266314053,-37.10547548429));
#5011 = CARTESIAN_POINT('',(-24.39805843031,-37.20363516248));
#5012 = CARTESIAN_POINT('',(-24.23014557396,-37.29614232928));
#5013 = CARTESIAN_POINT('',(-24.05910867316,-37.38288983714));
#5014 = CARTESIAN_POINT('',(-23.88514391862,-37.46375032985));
#5015 = CARTESIAN_POINT('',(-23.70846074591,-37.53856520592));
#5016 = CARTESIAN_POINT('',(-23.52928299236,-37.60713357816));
#5017 = CARTESIAN_POINT('',(-23.34784004139,-37.66923604366));
#5018 = CARTESIAN_POINT('',(-23.16435796554,-37.72465845776));
#5019 = CARTESIAN_POINT('',(-22.9790506702,-37.77321570622));
#5020 = CARTESIAN_POINT('',(-22.79211103665,-37.81477547904));
#5021 = CARTESIAN_POINT('',(-22.60370206624,-37.84928204161));
#5022 = CARTESIAN_POINT('',(-22.41398860487,-37.8766962375));
#5023 = CARTESIAN_POINT('',(-22.2231690723,-37.89693547995));
#5024 = CARTESIAN_POINT('',(-22.03150717994,-37.90981377036));
#5025 = CARTESIAN_POINT('',(-21.83936367622,-37.91498165256));
#5026 = CARTESIAN_POINT('',(-21.64722801847,-37.91186633775));
#5027 = CARTESIAN_POINT('',(-21.45564810266,-37.8998440509));
#5028 = CARTESIAN_POINT('',(-21.26516004626,-37.87841227291));
#5029 = CARTESIAN_POINT('',(-21.07621798533,-37.84736191194));
#5030 = CARTESIAN_POINT('',(-20.8891237871,-37.80694975822));
#5031 = CARTESIAN_POINT('',(-20.7039570155,-37.7580701193));
#5032 = CARTESIAN_POINT('',(-20.52060726058,-37.70209953083));
#5033 = CARTESIAN_POINT('',(-20.33880620517,-37.64074226807));
#5034 = CARTESIAN_POINT('',(-20.1581597972,-37.57587560682));
#5035 = CARTESIAN_POINT('',(-19.97818035708,-37.50939508615));
#5036 = CARTESIAN_POINT('',(-19.79831876732,-37.44306006097));
#5037 = CARTESIAN_POINT('',(-19.61801859957,-37.37845800442));
#5038 = CARTESIAN_POINT('',(-19.4367701858,-37.31696845132));
#5039 = CARTESIAN_POINT('',(-19.25416470151,-37.25972708393));
#5040 = CARTESIAN_POINT('',(-19.06994826395,-37.20758973585));
#5041 = CARTESIAN_POINT('',(-18.88407596929,-37.16109648838));
#5042 = CARTESIAN_POINT('',(-18.69666057724,-37.12054692711));
#5043 = CARTESIAN_POINT('',(-18.50792126223,-37.08607533328));
#5044 = CARTESIAN_POINT('',(-18.3181323398,-37.05772589931));
#5045 = CARTESIAN_POINT('',(-18.12757200476,-37.03552793196));
#5046 = CARTESIAN_POINT('',(-17.93647106112,-37.0195710657));
#5047 = CARTESIAN_POINT('',(-17.74502813275,-37.00998225359));
#5048 = CARTESIAN_POINT('',(-17.5534248769,-37.00690275374));
#5049 = CARTESIAN_POINT('',(-17.36184119719,-37.01046511653));
#5050 = CARTESIAN_POINT('',(-17.17047045539,-37.02077017367));
#5051 = CARTESIAN_POINT('',(-16.97953468762,-37.03786402049));
#5052 = CARTESIAN_POINT('',(-16.78927708598,-37.06174988204));
#5053 = CARTESIAN_POINT('',(-16.59995447587,-37.09239998571));
#5054 = CARTESIAN_POINT('',(-16.41182979491,-37.1297674316));
#5055 = CARTESIAN_POINT('',(-16.2251645714,-37.17379806314));
#5056 = CARTESIAN_POINT('',(-16.04021140221,-37.22444233949));
#5057 = CARTESIAN_POINT('',(-15.8572141285,-37.28165052675));
#5058 = CARTESIAN_POINT('',(-15.67640801267,-37.34536788694));
#5059 = CARTESIAN_POINT('',(-15.49801991479,-37.41552986779));
#5060 = CARTESIAN_POINT('',(-15.32226846918,-37.49205729213));
#5061 = CARTESIAN_POINT('',(-15.14936426101,-37.57485154743));
#5062 = CARTESIAN_POINT('',(-14.9795133517,-37.66379786303));
#5063 = CARTESIAN_POINT('',(-14.81292080459,-37.75876858737));
#5064 = CARTESIAN_POINT('',(-14.64979421012,-37.85962646509));
#5065 = CARTESIAN_POINT('',(-14.49034721198,-37.96622791437));
#5066 = CARTESIAN_POINT('',(-14.33480303083,-38.0784263035));
#5067 = CARTESIAN_POINT('',(-14.18338075132,-38.196068874));
#5068 = CARTESIAN_POINT('',(-14.03628161081,-38.31899366446));
#5069 = CARTESIAN_POINT('',(-13.89367528851,-38.44702643442));
#5070 = CARTESIAN_POINT('',(-13.75568619194,-38.57997758759));
#5071 = CARTESIAN_POINT('',(-13.6223797512,-38.7176390968));
#5072 = CARTESIAN_POINT('',(-13.49378945329,-38.85979002114));
#5073 = CARTESIAN_POINT('',(-13.3699438688,-39.00620202155));
#5074 = CARTESIAN_POINT('',(-13.25089368063,-39.15664487674));
#5075 = CARTESIAN_POINT('',(-13.13673871363,-39.31089199938));
#5076 = CARTESIAN_POINT('',(-13.02765495906,-39.46872595107));
#5077 = CARTESIAN_POINT('',(-12.92380513787,-39.62992151189));
#5078 = CARTESIAN_POINT('',(-12.82524927697,-39.79422875116));
#5079 = CARTESIAN_POINT('',(-12.73185526831,-39.96135609791));
#5080 = CARTESIAN_POINT('',(-12.64320946285,-40.1309534109));
#5081 = CARTESIAN_POINT('',(-12.55852717105,-40.3025950495));
#5082 = CARTESIAN_POINT('',(-12.47671626073,-40.47576705081));
#5083 = CARTESIAN_POINT('',(-12.3964408633,-40.64985432902));
#5084 = CARTESIAN_POINT('',(-12.31618501161,-40.82412782739));
#5085 = CARTESIAN_POINT('',(-12.2343163698,-40.99773177947));
#5086 = CARTESIAN_POINT('',(-12.14914974906,-41.16967067693));
#5087 = CARTESIAN_POINT('',(-12.05907907947,-41.33889571983));
#5088 = CARTESIAN_POINT('',(-11.96270952873,-41.50439152969));
#5089 = CARTESIAN_POINT('',(-11.85898966813,-41.66526281812));
#5090 = CARTESIAN_POINT('',(-11.7473433865,-41.8208209529));
#5091 = CARTESIAN_POINT('',(-11.62780255617,-41.97067090444));
#5092 = CARTESIAN_POINT('',(-11.50083614736,-42.11463940226));
#5093 = CARTESIAN_POINT('',(-11.36717858434,-42.25270269103));
#5094 = CARTESIAN_POINT('',(-11.22765836188,-42.38491442719));
#5095 = CARTESIAN_POINT('',(-11.08302660134,-42.51133353557));
#5096 = CARTESIAN_POINT('',(-10.93378549577,-42.6319520299));
#5097 = CARTESIAN_POINT('',(-10.78025304232,-42.74671495634));
#5098 = CARTESIAN_POINT('',(-10.62262794709,-42.85554040559));
#5099 = CARTESIAN_POINT('',(-10.4610544652,-42.95833949921));
#5100 = CARTESIAN_POINT('',(-10.29568726799,-43.05503638681));
#5101 = CARTESIAN_POINT('',(-10.1267562989,-43.14558823869));
#5102 = CARTESIAN_POINT('',(-9.95454370387,-43.22997469841));
#5103 = CARTESIAN_POINT('',(-9.779360759092,-43.3081873343));
#5104 = CARTESIAN_POINT('',(-9.601524800395,-43.3802190917));
#5105 = CARTESIAN_POINT('',(-9.42133615089,-43.44605374425));
#5106 = CARTESIAN_POINT('',(-9.239055052322,-43.50565534731));
#5107 = CARTESIAN_POINT('',(-9.054910288908,-43.55897522701));
#5108 = CARTESIAN_POINT('',(-8.869107807618,-43.60595896739));
#5109 = CARTESIAN_POINT('',(-8.6818393397,-43.64655339825));
#5110 = CARTESIAN_POINT('',(-8.493291021644,-43.68071358269));
#5111 = CARTESIAN_POINT('',(-8.303652016343,-43.70840980479));
#5112 = CARTESIAN_POINT('',(-8.11311980501,-43.7296178146));
#5113 = CARTESIAN_POINT('',(-7.921905478997,-43.74430907335));
#5114 = CARTESIAN_POINT('',(-7.730239032008,-43.75244099817));
#5115 = CARTESIAN_POINT('',(-7.538374651434,-43.75394720792));
#5116 = CARTESIAN_POINT('',(-7.346596012212,-43.74872776589));
#5117 = CARTESIAN_POINT('',(-7.155198998836,-43.73666775143));
#5118 = CARTESIAN_POINT('',(-6.964474424714,-43.7176558349));
#5119 = CARTESIAN_POINT('',(-6.774690752819,-43.69160285108));
#5120 = CARTESIAN_POINT('',(-6.586076815056,-43.65846037395));
#5121 = CARTESIAN_POINT('',(-6.398804533744,-43.61823928936));
#5122 = CARTESIAN_POINT('',(-6.213041191162,-43.57096650527));
#5123 = CARTESIAN_POINT('',(-6.029001707848,-43.51664165345));
#5124 = CARTESIAN_POINT('',(-5.847000899966,-43.45519381155));
#5125 = CARTESIAN_POINT('',(-5.667505786677,-43.38643817663));
#5126 = CARTESIAN_POINT('',(-5.491187764373,-43.31003286805));
#5127 = CARTESIAN_POINT('',(-5.318791731318,-43.22561126355));
#5128 = CARTESIAN_POINT('',(-5.151005301183,-43.13291425927));
#5129 = CARTESIAN_POINT('',(-4.98832805697,-43.0319224699));
#5130 = CARTESIAN_POINT('',(-4.830940618267,-42.92298865825));
#5131 = CARTESIAN_POINT('',(-4.678574255875,-42.80696950458));
#5132 = CARTESIAN_POINT('',(-4.530600186926,-42.68509450993));
#5133 = CARTESIAN_POINT('',(-4.386118320761,-42.55883553881));
#5134 = CARTESIAN_POINT('',(-4.24404619838,-42.42977617069));
#5135 = CARTESIAN_POINT('',(-4.103207871222,-42.29948102843));
#5136 = CARTESIAN_POINT('',(-3.962422744885,-42.16936540586));
#5137 = CARTESIAN_POINT('',(-3.820569246928,-42.04068300101));
#5138 = CARTESIAN_POINT('',(-3.676648580381,-41.91451329634));
#5139 = CARTESIAN_POINT('',(-3.529848433865,-41.7917490751));
#5140 = CARTESIAN_POINT('',(-3.379606736967,-41.67308386771));
#5141 = CARTESIAN_POINT('',(-3.225675323801,-41.55899946027));
#5142 = CARTESIAN_POINT('',(-3.068043724288,-41.44981578505));
#5143 = CARTESIAN_POINT('',(-2.90686304202,-41.34574077617));
#5144 = CARTESIAN_POINT('',(-2.742369799785,-41.2469202381));
#5145 = CARTESIAN_POINT('',(-2.574809800873,-41.15348770732));
#5146 = CARTESIAN_POINT('',(-2.40436197874,-41.06561432014));
#5147 = CARTESIAN_POINT('',(-2.231161255111,-40.98349337596));
#5148 = CARTESIAN_POINT('',(-2.055321402249,-40.90732489747));
#5149 = CARTESIAN_POINT('',(-1.876957904571,-40.83730019141));
#5150 = CARTESIAN_POINT('',(-1.696210818473,-40.77358641045));
#5151 = CARTESIAN_POINT('',(-1.513267638632,-40.71631111069));
#5152 = CARTESIAN_POINT('',(-1.32835181108,-40.66557033727));
#5153 = CARTESIAN_POINT('',(-1.141711239687,-40.62143671445));
#5154 = CARTESIAN_POINT('',(-0.953606794934,-40.58396753426));
#5155 = CARTESIAN_POINT('',(-0.764300822298,-40.55321284512));
#5156 = CARTESIAN_POINT('',(-0.574045649303,-40.52922354186));
#5157 = CARTESIAN_POINT('',(-0.38308558816,-40.51204699035));
#5158 = CARTESIAN_POINT('',(-0.191658940295,-40.5017226503));
#5159 = CARTESIAN_POINT('',(-1.627071810617E-10,-40.49827769877));
#5160 = CARTESIAN_POINT('',(0.191658940656,-40.50172265334));
#5161 = CARTESIAN_POINT('',(0.383085589471,-40.51204699537));
#5162 = CARTESIAN_POINT('',(0.574045649506,-40.52922354689));
#5163 = CARTESIAN_POINT('',(0.764300816817,-40.55321284756));
#5164 = CARTESIAN_POINT('',(0.953606777483,-40.58396753139));
#5165 = CARTESIAN_POINT('',(1.141711204094,-40.62143670399));
#5166 = CARTESIAN_POINT('',(1.328351754114,-40.66557031816));
#5167 = CARTESIAN_POINT('',(1.513267561589,-40.71631108354));
#5168 = CARTESIAN_POINT('',(1.696210727499,-40.77358637749));
#5169 = CARTESIAN_POINT('',(1.876957809742,-40.83730015625));
#5170 = CARTESIAN_POINT('',(2.0553213154,-40.90732486439));
#5171 = CARTESIAN_POINT('',(2.231161186399,-40.98349334886));
#5172 = CARTESIAN_POINT('',(2.404361934359,-41.06561430181));
#5173 = CARTESIAN_POINT('',(2.574809781923,-41.15348769895));
#5174 = CARTESIAN_POINT('',(2.742369802309,-41.24692023904));
#5175 = CARTESIAN_POINT('',(2.906863058185,-41.345740784));
#5176 = CARTESIAN_POINT('',(3.068043744735,-41.44981579589));
#5177 = CARTESIAN_POINT('',(3.225675339482,-41.55899946924));
#5178 = CARTESIAN_POINT('',(3.379606740466,-41.67308386951));
#5179 = CARTESIAN_POINT('',(3.529848420219,-41.79174906471));
#5180 = CARTESIAN_POINT('',(3.676648547387,-41.91451326985));
#5181 = CARTESIAN_POINT('',(3.820569194935,-42.04068295659));
#5182 = CARTESIAN_POINT('',(3.962422676374,-42.16936534424));
#5183 = CARTESIAN_POINT('',(4.103207790177,-42.29948095283));
#5184 = CARTESIAN_POINT('',(4.244046109451,-42.42977608624));
#5185 = CARTESIAN_POINT('',(4.386118228221,-42.55883545147));
#5186 = CARTESIAN_POINT('',(4.530600093411,-42.68509442493));
#5187 = CARTESIAN_POINT('',(4.678574161783,-42.80696942546));
#5188 = CARTESIAN_POINT('',(4.830940521826,-42.92298858645));
#5189 = CARTESIAN_POINT('',(4.988327954984,-43.03192240495));
#5190 = CARTESIAN_POINT('',(5.151005190417,-43.13291419953));
#5191 = CARTESIAN_POINT('',(5.318791610651,-43.22561120744));
#5192 = CARTESIAN_POINT('',(5.491187635963,-43.31003281478));
#5193 = CARTESIAN_POINT('',(5.667505656029,-43.38643812649));
#5194 = CARTESIAN_POINT('',(5.847000774926,-43.45519376587));
#5195 = CARTESIAN_POINT('',(6.029001596549,-43.51664161407));
#5196 = CARTESIAN_POINT('',(6.213041098811,-43.57096647369));
#5197 = CARTESIAN_POINT('',(6.398804460727,-43.61823926625));
#5198 = CARTESIAN_POINT('',(6.586076756467,-43.65846035896));
#5199 = CARTESIAN_POINT('',(6.774690699376,-43.69160284289));
#5200 = CARTESIAN_POINT('',(6.964474365073,-43.71765583158));
#5201 = CARTESIAN_POINT('',(7.155198923312,-43.73666775107));
#5202 = CARTESIAN_POINT('',(7.346595915152,-43.74872776707));
#5203 = CARTESIAN_POINT('',(7.538374532234,-43.75394720995));
#5204 = CARTESIAN_POINT('',(7.730238894777,-43.75244100123));
#5205 = CARTESIAN_POINT('',(7.921905330853,-43.74430907839));
#5206 = CARTESIAN_POINT('',(8.113119653017,-43.72961782311));
#5207 = CARTESIAN_POINT('',(8.303651865529,-43.70840981852));
#5208 = CARTESIAN_POINT('',(8.493290874117,-43.68071360333));
#5209 = CARTESIAN_POINT('',(8.681839194849,-43.64655342706));
#5210 = CARTESIAN_POINT('',(8.869107663422,-43.60595900477));
#5211 = CARTESIAN_POINT('',(9.054910144323,-43.55897527204));
#5212 = CARTESIAN_POINT('',(9.239054908646,-43.50565539762));
#5213 = CARTESIAN_POINT('',(9.421336012097,-43.44605379629));
#5214 = CARTESIAN_POINT('',(9.601524672441,-43.38021914139));
#5215 = CARTESIAN_POINT('',(9.779360648189,-43.30818737804));
#5216 = CARTESIAN_POINT('',(9.954543613746,-43.22997473446));
#5217 = CARTESIAN_POINT('',(10.126756229259,-43.14558826792));
#5218 = CARTESIAN_POINT('',(10.295687214164,-43.0550364127));
#5219 = CARTESIAN_POINT('',(10.461054418961,-42.95833952722));
#5220 = CARTESIAN_POINT('',(10.6226278987,-42.85554044185));
#5221 = CARTESIAN_POINT('',(10.780252983706,-42.74671500563));
#5222 = CARTESIAN_POINT('',(10.933785422539,-42.63195209442));
#5223 = CARTESIAN_POINT('',(11.083026513588,-42.51133361455));
#5224 = CARTESIAN_POINT('',(11.227658263841,-42.38491451724));
#5225 = CARTESIAN_POINT('',(11.367178482829,-42.25270278734));
#5226 = CARTESIAN_POINT('',(11.500836049111,-42.11463950061));
#5227 = CARTESIAN_POINT('',(11.627802466158,-41.97067100245));
#5228 = CARTESIAN_POINT('',(11.747343307025,-41.82082105048));
#5229 = CARTESIAN_POINT('',(11.858989598763,-41.66526291715));
#5230 = CARTESIAN_POINT('',(11.962709467114,-41.50439163292));
#5231 = CARTESIAN_POINT('',(12.059079022826,-41.33889582893));
#5232 = CARTESIAN_POINT('',(12.149149695197,-41.16967079124));
#5233 = CARTESIAN_POINT('',(12.23431631773,-40.99773189557));
#5234 = CARTESIAN_POINT('',(12.316184961769,-40.82412793945));
#5235 = CARTESIAN_POINT('',(12.396440817362,-40.64985442988));
#5236 = CARTESIAN_POINT('',(12.476716221016,-40.47576713396));
#5237 = CARTESIAN_POINT('',(12.55852714002,-40.30259511043));
#5238 = CARTESIAN_POINT('',(12.643209442505,-40.130953448));
#5239 = CARTESIAN_POINT('',(12.731855259685,-39.96135611273));
#5240 = CARTESIAN_POINT('',(12.825249279515,-39.79422874815));
#5241 = CARTESIAN_POINT('',(12.923805148931,-39.62992149759));
#5242 = CARTESIAN_POINT('',(13.027654973807,-39.46872593322));
#5243 = CARTESIAN_POINT('',(13.136738725569,-39.31089198595));
#5244 = CARTESIAN_POINT('',(13.250893682606,-39.1566448749));
#5245 = CARTESIAN_POINT('',(13.369943854494,-39.00620203653));
#5246 = CARTESIAN_POINT('',(13.493789419304,-38.85979005505));
#5247 = CARTESIAN_POINT('',(13.622379698094,-38.71763914812));
#5248 = CARTESIAN_POINT('',(13.755686124368,-38.57997765139));
#5249 = CARTESIAN_POINT('',(13.893675214355,-38.44702650319));
#5250 = CARTESIAN_POINT('',(14.036281539377,-38.31899372972));
#5251 = CARTESIAN_POINT('',(14.183380690542,-38.19606892857));
#5252 = CARTESIAN_POINT('',(14.33480298552,-38.07842634295));
#5253 = CARTESIAN_POINT('',(14.490347183104,-37.96622793766));
#5254 = CARTESIAN_POINT('',(14.649794195104,-37.85962647442));
#5255 = CARTESIAN_POINT('',(14.812920798601,-37.75876858721));
#5256 = CARTESIAN_POINT('',(14.979513349974,-37.66379785831));
#5257 = CARTESIAN_POINT('',(15.149364260302,-37.57485154228));
#5258 = CARTESIAN_POINT('',(15.322268468356,-37.49205728917));
#5259 = CARTESIAN_POINT('',(15.498019914492,-37.41552986792));
#5260 = CARTESIAN_POINT('',(15.676408014176,-37.34536788962));
#5261 = CARTESIAN_POINT('',(15.857214131636,-37.28165053089));
#5262 = CARTESIAN_POINT('',(16.04021140432,-37.22444234406));
#5263 = CARTESIAN_POINT('',(16.225164567276,-37.1737980675));
#5264 = CARTESIAN_POINT('',(16.411829777687,-37.12976743562));
#5265 = CARTESIAN_POINT('',(16.599954438987,-37.09239998966));
#5266 = CARTESIAN_POINT('',(16.789277026043,-37.0617498862));
#5267 = CARTESIAN_POINT('',(16.97953460606,-37.03786402489));
#5268 = CARTESIAN_POINT('',(17.170470358738,-37.02077017804));
#5269 = CARTESIAN_POINT('',(17.361841096128,-37.01046512035));
#5270 = CARTESIAN_POINT('',(17.553424784011,-37.00690275641));
#5271 = CARTESIAN_POINT('',(17.745028058901,-37.00998225485));
#5272 = CARTESIAN_POINT('',(17.936471013103,-37.01957106576));
#5273 = CARTESIAN_POINT('',(18.127571984057,-37.03552793148));
#5274 = CARTESIAN_POINT('',(18.318132342496,-37.05772589921));
#5275 = CARTESIAN_POINT('',(18.507921280171,-37.08607533434));
#5276 = CARTESIAN_POINT('',(18.696660600286,-37.12054692931));
#5277 = CARTESIAN_POINT('',(18.884075987226,-37.16109649068));
#5278 = CARTESIAN_POINT('',(19.069948267882,-37.20758973619));
#5279 = CARTESIAN_POINT('',(19.254164684932,-37.25972707955));
#5280 = CARTESIAN_POINT('',(19.436770145184,-37.31696843947));
#5281 = CARTESIAN_POINT('',(19.618018534543,-37.37845798328));
#5282 = CARTESIAN_POINT('',(19.79831868045,-37.44306003026));
#5283 = CARTESIAN_POINT('',(19.978180253274,-37.50939504731));
#5284 = CARTESIAN_POINT('',(20.158159682722,-37.57587556283));
#5285 = CARTESIAN_POINT('',(20.338806086261,-37.64074222279));
#5286 = CARTESIAN_POINT('',(20.520607141659,-37.70209948809));
#5287 = CARTESIAN_POINT('',(20.703956898293,-37.75807008221));
#5288 = CARTESIAN_POINT('',(20.889123670528,-37.8069497288));
#5289 = CARTESIAN_POINT('',(21.076217866259,-37.84736189097));
#5290 = CARTESIAN_POINT('',(21.265159921071,-37.87841226011));
#5291 = CARTESIAN_POINT('',(21.455647969717,-37.89984404525));
#5292 = CARTESIAN_POINT('',(21.647227879452,-37.91186633768));
#5293 = CARTESIAN_POINT('',(21.83936353634,-37.91498165623));
#5294 = CARTESIAN_POINT('',(22.031507046947,-37.90981377601));
#5295 = CARTESIAN_POINT('',(22.223168954404,-37.89693548616));
#5296 = CARTESIAN_POINT('',(22.413988507459,-37.87669624366));
#5297 = CARTESIAN_POINT('',(22.603701989939,-37.84928204821));
#5298 = CARTESIAN_POINT('',(22.792110976792,-37.81477548762));
#5299 = CARTESIAN_POINT('',(22.9790506177,-37.77321571911));
#5300 = CARTESIAN_POINT('',(23.164357909176,-37.72465847752));
#5301 = CARTESIAN_POINT('',(23.347839971487,-37.66923607223));
#5302 = CARTESIAN_POINT('',(23.529282903147,-37.60713361639));
#5303 = CARTESIAN_POINT('',(23.708460636562,-37.53856525341));
#5304 = CARTESIAN_POINT('',(23.88514379301,-37.46375038519));
#5305 = CARTESIAN_POINT('',(24.059108538226,-37.38288989849));
#5306 = CARTESIAN_POINT('',(24.230145436799,-37.2961423953));
#5307 = CARTESIAN_POINT('',(24.398058296234,-37.20363523288));
#5308 = CARTESIAN_POINT('',(24.562663012142,-37.10547555982));
#5309 = CARTESIAN_POINT('',(24.723786413051,-37.0017613536));
#5310 = CARTESIAN_POINT('',(24.881265105393,-36.89259245738));
#5311 = CARTESIAN_POINT('',(25.03494431848,-36.77808161721));
#5312 = CARTESIAN_POINT('',(25.184667264701,-36.6583513261));
#5313 = CARTESIAN_POINT('',(25.330264499972,-36.5335306682));
#5314 = CARTESIAN_POINT('',(25.471543283548,-36.403752163));
#5315 = CARTESIAN_POINT('',(25.60827693925,-36.26914860955));
#5316 = CARTESIAN_POINT('',(25.740194212673,-36.12984993042));
#5317 = CARTESIAN_POINT('',(25.867004620722,-35.98598408635));
#5318 = CARTESIAN_POINT('',(25.988423805321,-35.83767799155));
#5319 = CARTESIAN_POINT('',(26.104198885149,-35.68505842867));
#5320 = CARTESIAN_POINT('',(26.214133809243,-35.52825296392));
#5321 = CARTESIAN_POINT('',(26.318114707628,-35.36739086222));
#5322 = CARTESIAN_POINT('',(26.416042320672,-35.20260943679));
#5323 = CARTESIAN_POINT('',(26.507764416217,-35.03406039902));
#5324 = CARTESIAN_POINT('',(26.593008235954,-34.86191620789));
#5325 = CARTESIAN_POINT('',(26.671312872053,-34.6863764204));
#5326 = CARTESIAN_POINT('',(26.741961829457,-34.50767403937));
#5327 = CARTESIAN_POINT('',(26.804169144454,-34.32607654632));
#5328 = CARTESIAN_POINT('',(26.857265386671,-34.14188694346));
#5329 = CARTESIAN_POINT('',(26.900883590093,-33.95544478182));
#5330 = CARTESIAN_POINT('',(26.935145478359,-33.76712721973));
#5331 = CARTESIAN_POINT('',(26.960846836125,-33.57735000135));
#5332 = CARTESIAN_POINT('',(26.979301668543,-33.38653789858));
#5333 = CARTESIAN_POINT('',(26.992187201201,-33.19509521659));
#5334 = CARTESIAN_POINT('',(27.001388607983,-33.00337630107));
#5335 = CARTESIAN_POINT('',(27.008843765519,-32.81165598623));
#5336 = CARTESIAN_POINT('',(27.016388243985,-32.62010022965));
#5337 = CARTESIAN_POINT('',(27.025701613236,-32.42880245822));
#5338 = CARTESIAN_POINT('',(27.038253438752,-32.2378197252));
#5339 = CARTESIAN_POINT('',(27.055249404504,-32.04720893279));
#5340 = CARTESIAN_POINT('',(27.077577354361,-31.85706303726));
#5341 = CARTESIAN_POINT('',(27.105753442317,-31.66754723304));
#5342 = CARTESIAN_POINT('',(27.14001129812,-31.47888034296));
#5343 = CARTESIAN_POINT('',(27.18039110702,-31.291316245));
#5344 = CARTESIAN_POINT('',(27.226828721472,-31.10512528537));
#5345 = CARTESIAN_POINT('',(27.279244756861,-30.92057569778));
#5346 = CARTESIAN_POINT('',(27.337633699769,-30.73791501896));
#5347 = CARTESIAN_POINT('',(27.402036829446,-30.55737533626));
#5348 = CARTESIAN_POINT('',(27.472515134157,-30.37917853625));
#5349 = CARTESIAN_POINT('',(27.549122228374,-30.20354155302));
#5350 = CARTESIAN_POINT('',(27.631877272063,-30.03068161619));
#5351 = CARTESIAN_POINT('',(27.720737882246,-29.8608215003));
#5352 = CARTESIAN_POINT('',(27.815613972885,-29.69418711971));
#5353 = CARTESIAN_POINT('',(27.916381602592,-29.53100512207));
#5354 = CARTESIAN_POINT('',(28.022896819653,-29.37150048222));
#5355 = CARTESIAN_POINT('',(28.135009507374,-29.215894096));
#5356 = CARTESIAN_POINT('',(28.252577231344,-29.06440037401));
#5357 = CARTESIAN_POINT('',(28.375460729461,-28.91722556378));
#5358 = CARTESIAN_POINT('',(28.503519399408,-28.77456607212));
#5359 = CARTESIAN_POINT('',(28.636606787066,-28.63660678729));
#5360 = CARTESIAN_POINT('',(28.774566074532,-28.5035194013));
#5361 = CARTESIAN_POINT('',(28.917225568268,-28.37546073209));
#5362 = CARTESIAN_POINT('',(29.064400377709,-28.25257723475));
#5363 = CARTESIAN_POINT('',(29.215894093853,-28.13500951297));
#5364 = CARTESIAN_POINT('',(29.371500467846,-28.02289682995));
#5365 = CARTESIAN_POINT('',(29.531005089503,-27.91638162036));
#5366 = CARTESIAN_POINT('',(29.694187065929,-27.81561399966));
#5367 = CARTESIAN_POINT('',(29.86082142662,-27.72073791752));
#5368 = CARTESIAN_POINT('',(30.03068152856,-27.63187731309));
#5369 = CARTESIAN_POINT('',(30.20354146111,-27.54912227057));
#5370 = CARTESIAN_POINT('',(30.37917845145,-27.47251517217));
#5371 = CARTESIAN_POINT('',(30.557375268519,-27.40203685887));
#5372 = CARTESIAN_POINT('',(30.73791497462,-27.33763371819));
#5373 = CARTESIAN_POINT('',(30.920575678471,-27.27924476434));
#5374 = CARTESIAN_POINT('',(31.105125287822,-27.22682872035));
#5375 = CARTESIAN_POINT('',(31.291316261973,-27.18039110113));
#5376 = CARTESIAN_POINT('',(31.478880365089,-27.14001129133));
#5377 = CARTESIAN_POINT('',(31.667547250486,-27.10575343758));
#5378 = CARTESIAN_POINT('',(31.857063041019,-27.07757735316));
#5379 = CARTESIAN_POINT('',(32.047208915802,-27.0552494068));
#5380 = CARTESIAN_POINT('',(32.237819683142,-27.03825344334));
#5381 = CARTESIAN_POINT('',(32.428802390053,-27.02570161858));
#5382 = CARTESIAN_POINT('',(32.62010013764,-27.01638824885));
#5383 = CARTESIAN_POINT('',(32.811655875468,-27.00884376936));
#5384 = CARTESIAN_POINT('',(33.00337617847,-27.00138861114));
#5385 = CARTESIAN_POINT('',(33.1950950894,-26.99218720488));
#5386 = CARTESIAN_POINT('',(33.386537772354,-26.97930167456));
#5387 = CARTESIAN_POINT('',(33.577349878871,-26.96084684671));
#5388 = CARTESIAN_POINT('',(33.767127100767,-26.93514549578));
#5389 = CARTESIAN_POINT('',(33.955444663786,-26.90088361628));
#5390 = CARTESIAN_POINT('',(34.141886822897,-26.85726542275));
#5391 = CARTESIAN_POINT('',(34.326076421329,-26.80416919011));
#5392 = CARTESIAN_POINT('',(34.507673910906,-26.74196188259));
#5393 = CARTESIAN_POINT('',(34.686376292568,-26.67131292898));
#5394 = CARTESIAN_POINT('',(34.861916087179,-26.59300829207));
#5395 = CARTESIAN_POINT('',(35.034060292477,-26.50776446707));
#5396 = CARTESIAN_POINT('',(35.202609349157,-26.41604236364));
#5397 = CARTESIAN_POINT('',(35.367390794251,-26.31811474292));
#5398 = CARTESIAN_POINT('',(35.528252911901,-26.21413384007));
#5399 = CARTESIAN_POINT('',(35.685058385092,-26.10419891715));
#5400 = CARTESIAN_POINT('',(35.837677947036,-25.98842384515));
#5401 = CARTESIAN_POINT('',(35.985984032702,-25.86700467387));
#5402 = CARTESIAN_POINT('',(36.129849862622,-25.74019428213));
#5403 = CARTESIAN_POINT('',(36.269148526706,-25.60827702497));
#5404 = CARTESIAN_POINT('',(36.403752068124,-25.47154338274));
#5405 = CARTESIAN_POINT('',(36.533530567014,-25.33026460828));
#5406 = CARTESIAN_POINT('',(36.658351224642,-25.18466737819));
#5407 = CARTESIAN_POINT('',(36.778081520284,-25.03494443483));
#5408 = CARTESIAN_POINT('',(36.892592367662,-24.8812652243));
#5409 = CARTESIAN_POINT('',(37.001761271548,-24.72378653585));
#5410 = CARTESIAN_POINT('',(37.105475484299,-24.56266314054));
#5411 = CARTESIAN_POINT('',(37.203635162485,-24.39805843031));
#5412 = CARTESIAN_POINT('',(37.296142329283,-24.23014557396));
#5413 = CARTESIAN_POINT('',(37.382889837146,-24.05910867316));
#5414 = CARTESIAN_POINT('',(37.46375032985,-23.88514391862));
#5415 = CARTESIAN_POINT('',(37.538565205919,-23.70846074591));
#5416 = CARTESIAN_POINT('',(37.607133578165,-23.52928299237));
#5417 = CARTESIAN_POINT('',(37.669236043665,-23.3478400414));
#5418 = CARTESIAN_POINT('',(37.724658457769,-23.16435796554));
#5419 = CARTESIAN_POINT('',(37.773215706225,-22.9790506702));
#5420 = CARTESIAN_POINT('',(37.814775479041,-22.79211103665));
#5421 = CARTESIAN_POINT('',(37.849282041612,-22.60370206624));
#5422 = CARTESIAN_POINT('',(37.8766962375,-22.41398860486));
#5423 = CARTESIAN_POINT('',(37.896935479957,-22.2231690723));
#5424 = CARTESIAN_POINT('',(37.909813770364,-22.03150717995));
#5425 = CARTESIAN_POINT('',(37.914981652563,-21.83936367623));
#5426 = CARTESIAN_POINT('',(37.911866337759,-21.64722801847));
#5427 = CARTESIAN_POINT('',(37.899844050909,-21.45564810267));
#5428 = CARTESIAN_POINT('',(37.878412272916,-21.26516004626));
#5429 = CARTESIAN_POINT('',(37.847361911949,-21.07621798533));
#5430 = CARTESIAN_POINT('',(37.806949758223,-20.8891237871));
#5431 = CARTESIAN_POINT('',(37.758070119306,-20.70395701549));
#5432 = CARTESIAN_POINT('',(37.702099530829,-20.52060726058));
#5433 = CARTESIAN_POINT('',(37.640742268074,-20.33880620517));
#5434 = CARTESIAN_POINT('',(37.57587560683,-20.1581597972));
#5435 = CARTESIAN_POINT('',(37.509395086155,-19.97818035708));
#5436 = CARTESIAN_POINT('',(37.443060060975,-19.79831876733));
#5437 = CARTESIAN_POINT('',(37.378458004431,-19.61801859958));
#5438 = CARTESIAN_POINT('',(37.316968451326,-19.43677018581));
#5439 = CARTESIAN_POINT('',(37.259727083934,-19.25416470151));
#5440 = CARTESIAN_POINT('',(37.207589735858,-19.06994826395));
#5441 = CARTESIAN_POINT('',(37.161096488382,-18.8840759693));
#5442 = CARTESIAN_POINT('',(37.120546927114,-18.69666057724));
#5443 = CARTESIAN_POINT('',(37.086075333289,-18.50792126224));
#5444 = CARTESIAN_POINT('',(37.057725899311,-18.3181323398));
#5445 = CARTESIAN_POINT('',(37.035527931962,-18.12757200476));
#5446 = CARTESIAN_POINT('',(37.019571065707,-17.93647106112));
#5447 = CARTESIAN_POINT('',(37.009982253594,-17.74502813275));
#5448 = CARTESIAN_POINT('',(37.006902753738,-17.5534248769));
#5449 = CARTESIAN_POINT('',(37.010465116539,-17.36184119719));
#5450 = CARTESIAN_POINT('',(37.020770173672,-17.1704704554));
#5451 = CARTESIAN_POINT('',(37.037864020494,-16.97953468763));
#5452 = CARTESIAN_POINT('',(37.061749882049,-16.78927708598));
#5453 = CARTESIAN_POINT('',(37.092399985716,-16.59995447587));
#5454 = CARTESIAN_POINT('',(37.129767431602,-16.41182979491));
#5455 = CARTESIAN_POINT('',(37.173798063146,-16.2251645714));
#5456 = CARTESIAN_POINT('',(37.224442339492,-16.04021140221));
#5457 = CARTESIAN_POINT('',(37.281650526753,-15.8572141285));
#5458 = CARTESIAN_POINT('',(37.345367886947,-15.67640801267));
#5459 = CARTESIAN_POINT('',(37.415529867797,-15.49801991479));
#5460 = CARTESIAN_POINT('',(37.492057292131,-15.32226846918));
#5461 = CARTESIAN_POINT('',(37.574851547432,-15.14936426101));
#5462 = CARTESIAN_POINT('',(37.663797863034,-14.97951335171));
#5463 = CARTESIAN_POINT('',(37.758768587378,-14.8129208046));
#5464 = CARTESIAN_POINT('',(37.85962646509,-14.64979421012));
#5465 = CARTESIAN_POINT('',(37.966227914372,-14.49034721198));
#5466 = CARTESIAN_POINT('',(38.078426303507,-14.33480303084));
#5467 = CARTESIAN_POINT('',(38.196068874002,-14.18338075133));
#5468 = CARTESIAN_POINT('',(38.318993664467,-14.03628161081));
#5469 = CARTESIAN_POINT('',(38.447026434423,-13.89367528851));
#5470 = CARTESIAN_POINT('',(38.579977587592,-13.75568619194));
#5471 = CARTESIAN_POINT('',(38.717639096797,-13.6223797512));
#5472 = CARTESIAN_POINT('',(38.859790021139,-13.4937894533));
#5473 = CARTESIAN_POINT('',(39.00620202155,-13.3699438688));
#5474 = CARTESIAN_POINT('',(39.15664487674,-13.25089368063));
#5475 = CARTESIAN_POINT('',(39.310891999382,-13.13673871363));
#5476 = CARTESIAN_POINT('',(39.468725951074,-13.02765495906));
#5477 = CARTESIAN_POINT('',(39.629921511896,-12.92380513787));
#5478 = CARTESIAN_POINT('',(39.794228751162,-12.82524927697));
#5479 = CARTESIAN_POINT('',(39.961356097912,-12.73185526831));
#5480 = CARTESIAN_POINT('',(40.1309534109,-12.64320946285));
#5481 = CARTESIAN_POINT('',(40.302595049497,-12.55852717106));
#5482 = CARTESIAN_POINT('',(40.475767050812,-12.47671626073));
#5483 = CARTESIAN_POINT('',(40.649854329021,-12.3964408633));
#5484 = CARTESIAN_POINT('',(40.824127827397,-12.31618501161));
#5485 = CARTESIAN_POINT('',(40.997731779468,-12.2343163698));
#5486 = CARTESIAN_POINT('',(41.16967067693,-12.14914974906));
#5487 = CARTESIAN_POINT('',(41.338895719829,-12.05907907947));
#5488 = CARTESIAN_POINT('',(41.504391529687,-11.96270952873));
#5489 = CARTESIAN_POINT('',(41.665262818125,-11.85898966813));
#5490 = CARTESIAN_POINT('',(41.82082095291,-11.7473433865));
#5491 = CARTESIAN_POINT('',(41.970670904447,-11.62780255617));
#5492 = CARTESIAN_POINT('',(42.114639402262,-11.50083614736));
#5493 = CARTESIAN_POINT('',(42.252702691034,-11.36717858434));
#5494 = CARTESIAN_POINT('',(42.384914427194,-11.22765836188));
#5495 = CARTESIAN_POINT('',(42.511333535571,-11.08302660134));
#5496 = CARTESIAN_POINT('',(42.631952029898,-10.93378549577));
#5497 = CARTESIAN_POINT('',(42.746714956338,-10.78025304232));
#5498 = CARTESIAN_POINT('',(42.85554040559,-10.62262794709));
#5499 = CARTESIAN_POINT('',(42.958339499214,-10.4610544652));
#5500 = CARTESIAN_POINT('',(43.055036386817,-10.29568726799));
#5501 = CARTESIAN_POINT('',(43.145588238693,-10.12675629889));
#5502 = CARTESIAN_POINT('',(43.229974698414,-9.954543703869));
#5503 = CARTESIAN_POINT('',(43.308187334308,-9.779360759092));
#5504 = CARTESIAN_POINT('',(43.380219091702,-9.601524800396));
#5505 = CARTESIAN_POINT('',(43.446053744256,-9.421336150894));
#5506 = CARTESIAN_POINT('',(43.505655347316,-9.239055052328));
#5507 = CARTESIAN_POINT('',(43.558975227012,-9.054910288914));
#5508 = CARTESIAN_POINT('',(43.60595896739,-8.869107807622));
#5509 = CARTESIAN_POINT('',(43.646553398253,-8.681839339701));
#5510 = CARTESIAN_POINT('',(43.680713582693,-8.493291021644));
#5511 = CARTESIAN_POINT('',(43.708409804794,-8.303652016342));
#5512 = CARTESIAN_POINT('',(43.729617814604,-8.113119805009));
#5513 = CARTESIAN_POINT('',(43.744309073356,-7.921905478997));
#5514 = CARTESIAN_POINT('',(43.752440998176,-7.730239032009));
#5515 = CARTESIAN_POINT('',(43.753947207928,-7.538374651437));
#5516 = CARTESIAN_POINT('',(43.748727765895,-7.346596012216));
#5517 = CARTESIAN_POINT('',(43.736667751433,-7.15519899884));
#5518 = CARTESIAN_POINT('',(43.717655834901,-6.964474424716));
#5519 = CARTESIAN_POINT('',(43.691602851082,-6.774690752821));
#5520 = CARTESIAN_POINT('',(43.65846037395,-6.586076815057));
#5521 = CARTESIAN_POINT('',(43.61823928936,-6.398804533745));
#5522 = CARTESIAN_POINT('',(43.570966505277,-6.213041191163));
#5523 = CARTESIAN_POINT('',(43.516641653452,-6.029001707849));
#5524 = CARTESIAN_POINT('',(43.455193811553,-5.847000899967));
#5525 = CARTESIAN_POINT('',(43.386438176634,-5.667505786679));
#5526 = CARTESIAN_POINT('',(43.310032868059,-5.491187764376));
#5527 = CARTESIAN_POINT('',(43.225611263552,-5.318791731321));
#5528 = CARTESIAN_POINT('',(43.13291425927,-5.151005301186));
#5529 = CARTESIAN_POINT('',(43.031922469901,-4.988328056972));
#5530 = CARTESIAN_POINT('',(42.922988658253,-4.830940618267));
#5531 = CARTESIAN_POINT('',(42.806969504585,-4.678574255874));
#5532 = CARTESIAN_POINT('',(42.685094509933,-4.530600186926));
#5533 = CARTESIAN_POINT('',(42.558835538813,-4.386118320762));
#5534 = CARTESIAN_POINT('',(42.429776170697,-4.244046198381));
#5535 = CARTESIAN_POINT('',(42.299481028436,-4.103207871223));
#5536 = CARTESIAN_POINT('',(42.169365405866,-3.962422744887));
#5537 = CARTESIAN_POINT('',(42.040683001016,-3.820569246931));
#5538 = CARTESIAN_POINT('',(41.914513296346,-3.676648580384));
#5539 = CARTESIAN_POINT('',(41.791749075102,-3.529848433866));
#5540 = CARTESIAN_POINT('',(41.673083867712,-3.379606736966));
#5541 = CARTESIAN_POINT('',(41.55899946027,-3.225675323798));
#5542 = CARTESIAN_POINT('',(41.449815785051,-3.068043724285));
#5543 = CARTESIAN_POINT('',(41.345740776174,-2.906863042019));
#5544 = CARTESIAN_POINT('',(41.246920238102,-2.742369799787));
#5545 = CARTESIAN_POINT('',(41.15348770732,-2.574809800876));
#5546 = CARTESIAN_POINT('',(41.065614320141,-2.404361978745));
#5547 = CARTESIAN_POINT('',(40.983493375959,-2.231161255115));
#5548 = CARTESIAN_POINT('',(40.907324897473,-2.055321402251));
#5549 = CARTESIAN_POINT('',(40.837300191413,-1.876957904572));
#5550 = CARTESIAN_POINT('',(40.773586410456,-1.696210818473));
#5551 = CARTESIAN_POINT('',(40.716311110696,-1.513267638633));
#5552 = CARTESIAN_POINT('',(40.66557033727,-1.328351811081));
#5553 = CARTESIAN_POINT('',(40.621436714457,-1.141711239689));
#5554 = CARTESIAN_POINT('',(40.583967534269,-0.953606794935));
#5555 = CARTESIAN_POINT('',(40.553212845124,-0.764300822299));
#5556 = CARTESIAN_POINT('',(40.529223541866,-0.574045649304));
#5557 = CARTESIAN_POINT('',(40.512046990352,-0.38308558816));
#5558 = CARTESIAN_POINT('',(40.501722650304,-0.191658940295));
#5559 = CARTESIAN_POINT('',(40.498277698778,-1.641931035579E-10));
#5560 = CARTESIAN_POINT('',(40.501722653347,0.191658940653));
#5561 = CARTESIAN_POINT('',(40.512046995374,0.383085589467));
#5562 = CARTESIAN_POINT('',(40.529223546889,0.574045649503));
#5563 = CARTESIAN_POINT('',(40.553212847564,0.764300816814));
#5564 = CARTESIAN_POINT('',(40.583967531393,0.953606777481));
#5565 = CARTESIAN_POINT('',(40.621436703992,1.141711204094));
#5566 = CARTESIAN_POINT('',(40.66557031817,1.328351754114));
#5567 = CARTESIAN_POINT('',(40.716311083543,1.513267561589));
#5568 = CARTESIAN_POINT('',(40.773586377501,1.696210727498));
#5569 = CARTESIAN_POINT('',(40.837300156258,1.876957809741));
#5570 = CARTESIAN_POINT('',(40.907324864392,2.055321315397));
#5571 = CARTESIAN_POINT('',(40.983493348861,2.231161186395));
#5572 = CARTESIAN_POINT('',(41.065614301816,2.404361934355));
#5573 = CARTESIAN_POINT('',(41.153487698952,2.57480978192));
#5574 = CARTESIAN_POINT('',(41.246920239044,2.742369802307));
#5575 = CARTESIAN_POINT('',(41.345740784006,2.906863058185));
#5576 = CARTESIAN_POINT('',(41.449815795897,3.068043744736));
#5577 = CARTESIAN_POINT('',(41.558999469249,3.225675339483));
#5578 = CARTESIAN_POINT('',(41.67308386952,3.379606740467));
#5579 = CARTESIAN_POINT('',(41.791749064711,3.529848420218));
#5580 = CARTESIAN_POINT('',(41.914513269849,3.676648547384));
#5581 = CARTESIAN_POINT('',(42.040682956591,3.820569194933));
#5582 = CARTESIAN_POINT('',(42.16936534424,3.962422676372));
#5583 = CARTESIAN_POINT('',(42.299480952826,4.103207790176));
#5584 = CARTESIAN_POINT('',(42.429776086242,4.24404610945));
#5585 = CARTESIAN_POINT('',(42.558835451477,4.38611822822));
#5586 = CARTESIAN_POINT('',(42.685094424941,4.530600093409));
#5587 = CARTESIAN_POINT('',(42.80696942547,4.678574161782));
#5588 = CARTESIAN_POINT('',(42.92298858646,4.830940521824));
#5589 = CARTESIAN_POINT('',(43.031922404952,4.988327954982));
#5590 = CARTESIAN_POINT('',(43.132914199527,5.151005190416));
#5591 = CARTESIAN_POINT('',(43.225611207441,5.31879161065));
#5592 = CARTESIAN_POINT('',(43.310032814781,5.491187635962));
#5593 = CARTESIAN_POINT('',(43.386438126493,5.667505656028));
#5594 = CARTESIAN_POINT('',(43.455193765875,5.847000774925));
#5595 = CARTESIAN_POINT('',(43.516641614073,6.029001596547));
#5596 = CARTESIAN_POINT('',(43.570966473696,6.213041098808));
#5597 = CARTESIAN_POINT('',(43.618239266258,6.398804460724));
#5598 = CARTESIAN_POINT('',(43.658460358969,6.586076756465));
#5599 = CARTESIAN_POINT('',(43.691602842898,6.774690699375));
#5600 = CARTESIAN_POINT('',(43.717655831582,6.964474365072));
#5601 = CARTESIAN_POINT('',(43.736667751075,7.155198923311));
#5602 = CARTESIAN_POINT('',(43.74872776707,7.346595915151));
#5603 = CARTESIAN_POINT('',(43.753947209957,7.538374532233));
#5604 = CARTESIAN_POINT('',(43.752441001233,7.730238894776));
#5605 = CARTESIAN_POINT('',(43.744309078392,7.921905330851));
#5606 = CARTESIAN_POINT('',(43.729617823108,8.113119653014));
#5607 = CARTESIAN_POINT('',(43.70840981852,8.303651865526));
#5608 = CARTESIAN_POINT('',(43.680713603334,8.493290874114));
#5609 = CARTESIAN_POINT('',(43.646553427066,8.681839194848));
#5610 = CARTESIAN_POINT('',(43.605959004778,8.869107663422));
#5611 = CARTESIAN_POINT('',(43.558975272046,9.054910144323));
#5612 = CARTESIAN_POINT('',(43.505655397626,9.239054908646));
#5613 = CARTESIAN_POINT('',(43.446053796297,9.421336012096));
#5614 = CARTESIAN_POINT('',(43.380219141394,9.601524672439));
#5615 = CARTESIAN_POINT('',(43.308187378049,9.779360648186));
#5616 = CARTESIAN_POINT('',(43.229974734473,9.954543613743));
#5617 = CARTESIAN_POINT('',(43.145588267926,10.126756229256));
#5618 = CARTESIAN_POINT('',(43.055036412708,10.295687214162));
#5619 = CARTESIAN_POINT('',(42.958339527228,10.46105441896));
#5620 = CARTESIAN_POINT('',(42.855540441853,10.622627898699));
#5621 = CARTESIAN_POINT('',(42.746715005625,10.780252983706));
#5622 = CARTESIAN_POINT('',(42.631952094418,10.933785422538));
#5623 = CARTESIAN_POINT('',(42.511333614546,11.083026513586));
#5624 = CARTESIAN_POINT('',(42.384914517246,11.22765826384));
#5625 = CARTESIAN_POINT('',(42.252702787355,11.367178482828));
#5626 = CARTESIAN_POINT('',(42.114639500625,11.500836049111));
#5627 = CARTESIAN_POINT('',(41.970671002464,11.627802466158));
#5628 = CARTESIAN_POINT('',(41.820821050493,11.747343307024));
#5629 = CARTESIAN_POINT('',(41.66526291716,11.858989598762));
#5630 = CARTESIAN_POINT('',(41.504391632925,11.962709467113));
#5631 = CARTESIAN_POINT('',(41.338895828934,12.059079022825));
#5632 = CARTESIAN_POINT('',(41.169670791243,12.149149695197));
#5633 = CARTESIAN_POINT('',(40.997731895572,12.23431631773));
#5634 = CARTESIAN_POINT('',(40.824127939455,12.316184961768));
#5635 = CARTESIAN_POINT('',(40.649854429889,12.396440817361));
#5636 = CARTESIAN_POINT('',(40.475767133964,12.476716221016));
#5637 = CARTESIAN_POINT('',(40.302595110438,12.558527140021));
#5638 = CARTESIAN_POINT('',(40.130953448008,12.643209442506));
#5639 = CARTESIAN_POINT('',(39.961356112735,12.731855259685));
#5640 = CARTESIAN_POINT('',(39.794228748152,12.825249279513));
#5641 = CARTESIAN_POINT('',(39.629921497597,12.923805148928));
#5642 = CARTESIAN_POINT('',(39.468725933227,13.027654973803));
#5643 = CARTESIAN_POINT('',(39.31089198596,13.136738725566));
#5644 = CARTESIAN_POINT('',(39.156644874905,13.250893682605));
#5645 = CARTESIAN_POINT('',(39.006202036536,13.369943854495));
#5646 = CARTESIAN_POINT('',(38.859790055055,13.493789419306));
#5647 = CARTESIAN_POINT('',(38.717639148128,13.622379698096));
#5648 = CARTESIAN_POINT('',(38.579977651392,13.755686124369));
#5649 = CARTESIAN_POINT('',(38.447026503192,13.893675214354));
#5650 = CARTESIAN_POINT('',(38.31899372973,14.036281539373));
#5651 = CARTESIAN_POINT('',(38.196068928574,14.183380690537));
#5652 = CARTESIAN_POINT('',(38.078426342956,14.334802985515));
#5653 = CARTESIAN_POINT('',(37.966227937665,14.4903471831));
#5654 = CARTESIAN_POINT('',(37.859626474426,14.649794195103));
#5655 = CARTESIAN_POINT('',(37.75876858722,14.812920798602));
#5656 = CARTESIAN_POINT('',(37.663797858313,14.979513349977));
#5657 = CARTESIAN_POINT('',(37.574851542288,15.149364260305));
#5658 = CARTESIAN_POINT('',(37.492057289179,15.322268468357));
#5659 = CARTESIAN_POINT('',(37.415529867922,15.498019914491));
#5660 = CARTESIAN_POINT('',(37.345367889624,15.676408014172));
#5661 = CARTESIAN_POINT('',(37.281650530896,15.857214131632));
#5662 = CARTESIAN_POINT('',(37.22444234406,16.040211404316));
#5663 = CARTESIAN_POINT('',(37.173798067501,16.225164567273));
#5664 = CARTESIAN_POINT('',(37.129767435623,16.411829777686));
#5665 = CARTESIAN_POINT('',(37.092399989668,16.599954438986));
#5666 = CARTESIAN_POINT('',(37.061749886203,16.789277026043));
#5667 = CARTESIAN_POINT('',(37.037864024892,16.97953460606));
#5668 = CARTESIAN_POINT('',(37.02077017804,17.170470358737));
#5669 = CARTESIAN_POINT('',(37.01046512035,17.361841096126));
#5670 = CARTESIAN_POINT('',(37.006902756412,17.553424784009));
#5671 = CARTESIAN_POINT('',(37.009982254856,17.745028058899));
#5672 = CARTESIAN_POINT('',(37.019571065763,17.936471013101));
#5673 = CARTESIAN_POINT('',(37.035527931484,18.127571984056));
#5674 = CARTESIAN_POINT('',(37.057725899217,18.318132342495));
#5675 = CARTESIAN_POINT('',(37.08607533434,18.507921280169));
#5676 = CARTESIAN_POINT('',(37.120546929311,18.696660600284));
#5677 = CARTESIAN_POINT('',(37.16109649068,18.884075987224));
#5678 = CARTESIAN_POINT('',(37.20758973619,19.069948267879));
#5679 = CARTESIAN_POINT('',(37.259727079557,19.254164684931));
#5680 = CARTESIAN_POINT('',(37.316968439472,19.436770145185));
#5681 = CARTESIAN_POINT('',(37.378457983285,19.618018534544));
#5682 = CARTESIAN_POINT('',(37.44306003026,19.798318680452));
#5683 = CARTESIAN_POINT('',(37.509395047316,19.978180253274));
#5684 = CARTESIAN_POINT('',(37.575875562836,20.15815968272));
#5685 = CARTESIAN_POINT('',(37.6407422228,20.338806086258));
#5686 = CARTESIAN_POINT('',(37.702099488092,20.520607141657));
#5687 = CARTESIAN_POINT('',(37.758070082219,20.70395689829));
#5688 = CARTESIAN_POINT('',(37.8069497288,20.889123670525));
#5689 = CARTESIAN_POINT('',(37.847361890974,21.076217866257));
#5690 = CARTESIAN_POINT('',(37.878412260112,21.26515992107));
#5691 = CARTESIAN_POINT('',(37.899844045251,21.455647969717));
#5692 = CARTESIAN_POINT('',(37.911866337682,21.647227879452));
#5693 = CARTESIAN_POINT('',(37.914981656239,21.83936353634));
#5694 = CARTESIAN_POINT('',(37.909813776015,22.031507046946));
#5695 = CARTESIAN_POINT('',(37.896935486168,22.223168954401));
#5696 = CARTESIAN_POINT('',(37.876696243662,22.413988507455));
#5697 = CARTESIAN_POINT('',(37.84928204821,22.603701989936));
#5698 = CARTESIAN_POINT('',(37.814775487621,22.79211097679));
#5699 = CARTESIAN_POINT('',(37.773215719117,22.979050617699));
#5700 = CARTESIAN_POINT('',(37.724658477529,23.164357909175));
#5701 = CARTESIAN_POINT('',(37.669236072239,23.347839971487));
#5702 = CARTESIAN_POINT('',(37.607133616397,23.529282903148));
#5703 = CARTESIAN_POINT('',(37.538565253411,23.708460636562));
#5704 = CARTESIAN_POINT('',(37.463750385192,23.885143793008));
#5705 = CARTESIAN_POINT('',(37.382889898492,24.059108538223));
#5706 = CARTESIAN_POINT('',(37.296142395305,24.230145436794));
#5707 = CARTESIAN_POINT('',(37.203635232881,24.398058296229));
#5708 = CARTESIAN_POINT('',(37.105475559826,24.562663012139));
#5709 = CARTESIAN_POINT('',(37.001761353601,24.72378641305));
#5710 = CARTESIAN_POINT('',(36.892592457387,24.881265105394));
#5711 = CARTESIAN_POINT('',(36.778081617222,25.034944318482));
#5712 = CARTESIAN_POINT('',(36.658351326106,25.184667264703));
#5713 = CARTESIAN_POINT('',(36.53353066821,25.330264499973));
#5714 = CARTESIAN_POINT('',(36.403752163002,25.471543283547));
#5715 = CARTESIAN_POINT('',(36.269148609558,25.608276939247));
#5716 = CARTESIAN_POINT('',(36.129849930422,25.74019421267));
#5717 = CARTESIAN_POINT('',(35.985984086357,25.867004620719));
#5718 = CARTESIAN_POINT('',(35.837677991554,25.98842380532));
#5719 = CARTESIAN_POINT('',(35.685058428672,26.104198885148));
#5720 = CARTESIAN_POINT('',(35.52825296393,26.214133809242));
#5721 = CARTESIAN_POINT('',(35.367390862227,26.318114707627));
#5722 = CARTESIAN_POINT('',(35.2026094368,26.416042320671));
#5723 = CARTESIAN_POINT('',(35.034060399029,26.507764416215));
#5724 = CARTESIAN_POINT('',(34.861916207896,26.593008235954));
#5725 = CARTESIAN_POINT('',(34.686376420402,26.671312872053));
#5726 = CARTESIAN_POINT('',(34.507674039373,26.741961829457));
#5727 = CARTESIAN_POINT('',(34.326076546324,26.804169144455));
#5728 = CARTESIAN_POINT('',(34.141886943463,26.857265386671));
#5729 = CARTESIAN_POINT('',(33.95544478183,26.900883590093));
#5730 = CARTESIAN_POINT('',(33.767127219733,26.935145478358));
#5731 = CARTESIAN_POINT('',(33.577350001354,26.960846836125));
#5732 = CARTESIAN_POINT('',(33.386537898585,26.979301668543));
#5733 = CARTESIAN_POINT('',(33.195095216596,26.992187201201));
#5734 = CARTESIAN_POINT('',(33.003376301072,27.001388607983));
#5735 = CARTESIAN_POINT('',(32.811655986239,27.008843765518));
#5736 = CARTESIAN_POINT('',(32.620100229659,27.016388243983));
#5737 = CARTESIAN_POINT('',(32.428802458231,27.025701613234));
#5738 = CARTESIAN_POINT('',(32.23781972521,27.038253438751));
#5739 = CARTESIAN_POINT('',(32.0472089328,27.055249404504));
#5740 = CARTESIAN_POINT('',(31.857063037268,27.077577354362));
#5741 = CARTESIAN_POINT('',(31.667547233049,27.105753442319));
#5742 = CARTESIAN_POINT('',(31.478880342962,27.140011298122));
#5743 = CARTESIAN_POINT('',(31.291316245007,27.18039110702));
#5744 = CARTESIAN_POINT('',(31.105125285374,27.226828721472));
#5745 = CARTESIAN_POINT('',(30.92057569779,27.27924475686));
#5746 = CARTESIAN_POINT('',(30.737915018961,27.337633699768));
#5747 = CARTESIAN_POINT('',(30.557375336268,27.402036829446));
#5748 = CARTESIAN_POINT('',(30.379178536255,27.472515134157));
#5749 = CARTESIAN_POINT('',(30.203541553024,27.549122228374));
#5750 = CARTESIAN_POINT('',(30.030681616194,27.631877272062));
#5751 = CARTESIAN_POINT('',(29.860821500302,27.720737882244));
#5752 = CARTESIAN_POINT('',(29.694187119719,27.815613972883));
#5753 = CARTESIAN_POINT('',(29.531005122074,27.916381602591));
#5754 = CARTESIAN_POINT('',(29.371500482221,28.022896819652));
#5755 = CARTESIAN_POINT('',(29.215894096004,28.135009507374));
#5756 = CARTESIAN_POINT('',(29.064400374013,28.252577231344));
#5757 = CARTESIAN_POINT('',(28.91722556379,28.375460729462));
#5758 = CARTESIAN_POINT('',(28.774566072125,28.503519399407));
#5759 = CARTESIAN_POINT('',(28.636606787299,28.636606787065));
#5760 = CARTESIAN_POINT('',(28.503519401308,28.774566074529));
#5761 = CARTESIAN_POINT('',(28.375460732091,28.917225568265));
#5762 = CARTESIAN_POINT('',(28.252577234757,29.064400377705));
#5763 = CARTESIAN_POINT('',(28.135009512979,29.21589409385));
#5764 = CARTESIAN_POINT('',(28.02289682996,29.371500467844));
#5765 = CARTESIAN_POINT('',(27.916381620362,29.531005089503));
#5766 = CARTESIAN_POINT('',(27.815613999662,29.69418706593));
#5767 = CARTESIAN_POINT('',(27.720737917526,29.860821426621));
#5768 = CARTESIAN_POINT('',(27.631877313091,30.03068152856));
#5769 = CARTESIAN_POINT('',(27.549122270572,30.203541461108));
#5770 = CARTESIAN_POINT('',(27.472515172178,30.379178451447));
#5771 = CARTESIAN_POINT('',(27.402036858872,30.557375268515));
#5772 = CARTESIAN_POINT('',(27.337633718195,30.737914974616));
#5773 = CARTESIAN_POINT('',(27.279244764344,30.920575678468));
#5774 = CARTESIAN_POINT('',(27.226828720356,31.105125287821));
#5775 = CARTESIAN_POINT('',(27.18039110113,31.291316261973));
#5776 = CARTESIAN_POINT('',(27.140011291334,31.478880365089));
#5777 = CARTESIAN_POINT('',(27.105753437582,31.667547250486));
#5778 = CARTESIAN_POINT('',(27.077577353167,31.857063041019));
#5779 = CARTESIAN_POINT('',(27.055249406807,32.0472089158));
#5780 = CARTESIAN_POINT('',(27.038253443348,32.237819683139));
#5781 = CARTESIAN_POINT('',(27.02570161859,32.42880239005));
#5782 = CARTESIAN_POINT('',(27.016388248856,32.620100137637));
#5783 = CARTESIAN_POINT('',(27.008843769365,32.811655875466));
#5784 = CARTESIAN_POINT('',(27.001388611149,33.003376178469));
#5785 = CARTESIAN_POINT('',(26.99218720488,33.1950950894));
#5786 = CARTESIAN_POINT('',(26.979301674567,33.386537772354));
#5787 = CARTESIAN_POINT('',(26.960846846711,33.577349878871));
#5788 = CARTESIAN_POINT('',(26.935145495786,33.767127100767));
#5789 = CARTESIAN_POINT('',(26.900883616285,33.955444663785));
#5790 = CARTESIAN_POINT('',(26.857265422755,34.141886822894));
#5791 = CARTESIAN_POINT('',(26.80416919011,34.326076421324));
#5792 = CARTESIAN_POINT('',(26.741961882591,34.507673910901));
#5793 = CARTESIAN_POINT('',(26.671312928985,34.686376292564));
#5794 = CARTESIAN_POINT('',(26.593008292074,34.861916087177));
#5795 = CARTESIAN_POINT('',(26.507764467072,35.034060292478));
#5796 = CARTESIAN_POINT('',(26.416042363642,35.202609349159));
#5797 = CARTESIAN_POINT('',(26.318114742922,35.367390794253));
#5798 = CARTESIAN_POINT('',(26.214133840079,35.528252911902));
#5799 = CARTESIAN_POINT('',(26.104198917154,35.685058385091));
#5800 = CARTESIAN_POINT('',(25.988423845151,35.837677947032));
#5801 = CARTESIAN_POINT('',(25.867004673879,35.985984032697));
#5802 = CARTESIAN_POINT('',(25.740194282141,36.129849862617));
#5803 = CARTESIAN_POINT('',(25.608277024974,36.269148526703));
#5804 = CARTESIAN_POINT('',(25.471543382749,36.403752068123));
#5805 = CARTESIAN_POINT('',(25.330264608289,36.533530567015));
#5806 = CARTESIAN_POINT('',(25.184667378192,36.658351224644));
#5807 = CARTESIAN_POINT('',(25.03494443483,36.778081520286));
#5808 = CARTESIAN_POINT('',(24.881265224309,36.892592367663));
#5809 = CARTESIAN_POINT('',(24.723786535852,37.001761271547));
#5810 = CARTESIAN_POINT('',(24.562663140543,37.105475484297));
#5811 = CARTESIAN_POINT('',(24.398058430316,37.203635162483));
#5812 = CARTESIAN_POINT('',(24.230145573969,37.296142329281));
#5813 = CARTESIAN_POINT('',(24.059108673168,37.382889837145));
#5814 = CARTESIAN_POINT('',(23.885143918627,37.46375032985));
#5815 = CARTESIAN_POINT('',(23.708460745915,37.538565205919));
#5816 = CARTESIAN_POINT('',(23.529282992373,37.607133578164));
#5817 = CARTESIAN_POINT('',(23.347840041402,37.669236043664));
#5818 = CARTESIAN_POINT('',(23.164357965549,37.724658457769));
#5819 = CARTESIAN_POINT('',(22.97905067021,37.773215706225));
#5820 = CARTESIAN_POINT('',(22.79211103666,37.81477547904));
#5821 = CARTESIAN_POINT('',(22.603702066246,37.849282041611));
#5822 = CARTESIAN_POINT('',(22.413988604872,37.876696237499));
#5823 = CARTESIAN_POINT('',(22.223169072305,37.896935479957));
#5824 = CARTESIAN_POINT('',(22.031507179951,37.909813770364));
#5825 = CARTESIAN_POINT('',(21.839363676232,37.914981652564));
#5826 = CARTESIAN_POINT('',(21.647228018475,37.911866337759));
#5827 = CARTESIAN_POINT('',(21.45564810267,37.899844050909));
#5828 = CARTESIAN_POINT('',(21.265160046268,37.878412272916));
#5829 = CARTESIAN_POINT('',(21.07621798534,37.84736191195));
#5830 = CARTESIAN_POINT('',(20.889123787106,37.806949758224));
#5831 = CARTESIAN_POINT('',(20.703957015503,37.758070119307));
#5832 = CARTESIAN_POINT('',(20.520607260585,37.702099530829));
#5833 = CARTESIAN_POINT('',(20.338806205181,37.640742268075));
#5834 = CARTESIAN_POINT('',(20.158159797203,37.575875606831));
#5835 = CARTESIAN_POINT('',(19.978180357086,37.509395086155));
#5836 = CARTESIAN_POINT('',(19.798318767332,37.443060060975));
#5837 = CARTESIAN_POINT('',(19.618018599582,37.378458004431));
#5838 = CARTESIAN_POINT('',(19.436770185811,37.316968451326));
#5839 = CARTESIAN_POINT('',(19.254164701518,37.259727083934));
#5840 = CARTESIAN_POINT('',(19.069948263957,37.207589735859));
#5841 = CARTESIAN_POINT('',(18.884075969303,37.161096488383));
#5842 = CARTESIAN_POINT('',(18.696660577245,37.120546927115));
#5843 = CARTESIAN_POINT('',(18.507921262242,37.086075333289));
#5844 = CARTESIAN_POINT('',(18.318132339807,37.057725899311));
#5845 = CARTESIAN_POINT('',(18.127572004771,37.035527931963));
#5846 = CARTESIAN_POINT('',(17.936471061122,37.019571065708));
#5847 = CARTESIAN_POINT('',(17.745028132755,37.009982253595));
#5848 = CARTESIAN_POINT('',(17.553424876911,37.006902753739));
#5849 = CARTESIAN_POINT('',(17.361841197194,37.010465116539));
#5850 = CARTESIAN_POINT('',(17.170470455402,37.020770173672));
#5851 = CARTESIAN_POINT('',(16.979534687633,37.037864020494));
#5852 = CARTESIAN_POINT('',(16.789277085985,37.061749882048));
#5853 = CARTESIAN_POINT('',(16.599954475878,37.092399985715));
#5854 = CARTESIAN_POINT('',(16.411829794913,37.129767431601));
#5855 = CARTESIAN_POINT('',(16.225164571408,37.173798063147));
#5856 = CARTESIAN_POINT('',(16.040211402212,37.224442339494));
#5857 = CARTESIAN_POINT('',(15.857214128505,37.281650526754));
#5858 = CARTESIAN_POINT('',(15.676408012679,37.345367886948));
#5859 = CARTESIAN_POINT('',(15.498019914796,37.415529867796));
#5860 = CARTESIAN_POINT('',(15.322268469191,37.492057292129));
#5861 = CARTESIAN_POINT('',(15.149364261018,37.574851547429));
#5862 = CARTESIAN_POINT('',(14.979513351714,37.663797863031));
#5863 = CARTESIAN_POINT('',(14.812920804603,37.758768587376));
#5864 = CARTESIAN_POINT('',(14.649794210129,37.859626465089));
#5865 = CARTESIAN_POINT('',(14.490347211985,37.966227914372));
#5866 = CARTESIAN_POINT('',(14.33480303084,38.078426303507));
#5867 = CARTESIAN_POINT('',(14.18338075133,38.196068874002));
#5868 = CARTESIAN_POINT('',(14.036281610815,38.318993664466));
#5869 = CARTESIAN_POINT('',(13.893675288514,38.447026434422));
#5870 = CARTESIAN_POINT('',(13.755686191951,38.57997758759));
#5871 = CARTESIAN_POINT('',(13.622379751211,38.717639096795));
#5872 = CARTESIAN_POINT('',(13.493789453301,38.859790021137));
#5873 = CARTESIAN_POINT('',(13.369943868804,39.006202021548));
#5874 = CARTESIAN_POINT('',(13.250893680638,39.156644876739));
#5875 = CARTESIAN_POINT('',(13.136738713631,39.310891999381));
#5876 = CARTESIAN_POINT('',(13.027654959064,39.468725951073));
#5877 = CARTESIAN_POINT('',(12.923805137877,39.629921511895));
#5878 = CARTESIAN_POINT('',(12.825249276972,39.79422875116));
#5879 = CARTESIAN_POINT('',(12.731855268318,39.961356097911));
#5880 = CARTESIAN_POINT('',(12.643209462853,40.130953410899));
#5881 = CARTESIAN_POINT('',(12.558527171061,40.302595049496));
#5882 = CARTESIAN_POINT('',(12.476716260735,40.475767050811));
#5883 = CARTESIAN_POINT('',(12.396440863307,40.649854329019));
#5884 = CARTESIAN_POINT('',(12.316185011611,40.824127827395));
#5885 = CARTESIAN_POINT('',(12.234316369804,40.997731779466));
#5886 = CARTESIAN_POINT('',(12.149149749068,41.169670676929));
#5887 = CARTESIAN_POINT('',(12.059079079478,41.338895719828));
#5888 = CARTESIAN_POINT('',(11.96270952874,41.504391529686));
#5889 = CARTESIAN_POINT('',(11.858989668134,41.665262818124));
#5890 = CARTESIAN_POINT('',(11.747343386501,41.820820952908));
#5891 = CARTESIAN_POINT('',(11.627802556174,41.970670904446));
#5892 = CARTESIAN_POINT('',(11.500836147364,42.114639402261));
#5893 = CARTESIAN_POINT('',(11.367178584348,42.252702691032));
#5894 = CARTESIAN_POINT('',(11.227658361885,42.384914427193));
#5895 = CARTESIAN_POINT('',(11.083026601347,42.511333535571));
#5896 = CARTESIAN_POINT('',(10.933785495777,42.631952029899));
#5897 = CARTESIAN_POINT('',(10.780253042328,42.746714956339));
#5898 = CARTESIAN_POINT('',(10.622627947099,42.85554040559));
#5899 = CARTESIAN_POINT('',(10.461054465207,42.958339499213));
#5900 = CARTESIAN_POINT('',(10.295687267998,43.055036386814));
#5901 = CARTESIAN_POINT('',(10.126756298901,43.14558823869));
#5902 = CARTESIAN_POINT('',(9.954543703872,43.229974698411));
#5903 = CARTESIAN_POINT('',(9.779360759094,43.308187334306));
#5904 = CARTESIAN_POINT('',(9.601524800398,43.380219091701));
#5905 = CARTESIAN_POINT('',(9.421336150894,43.446053744256));
#5906 = CARTESIAN_POINT('',(9.239055052327,43.505655347316));
#5907 = CARTESIAN_POINT('',(9.054910288913,43.558975227012));
#5908 = CARTESIAN_POINT('',(8.869107807622,43.605958967389));
#5909 = CARTESIAN_POINT('',(8.681839339703,43.646553398253));
#5910 = CARTESIAN_POINT('',(8.493291021647,43.680713582694));
#5911 = CARTESIAN_POINT('',(8.303652016345,43.708409804796));
#5912 = CARTESIAN_POINT('',(8.113119805012,43.729617814606));
#5913 = CARTESIAN_POINT('',(7.921905479,43.744309073357));
#5914 = CARTESIAN_POINT('',(7.730239032011,43.752440998175));
#5915 = CARTESIAN_POINT('',(7.538374651437,43.753947207927));
#5916 = CARTESIAN_POINT('',(7.346596012216,43.748727765893));
#5917 = CARTESIAN_POINT('',(7.15519899884,43.73666775143));
#5918 = CARTESIAN_POINT('',(6.964474424717,43.7176558349));
#5919 = CARTESIAN_POINT('',(6.774690752822,43.691602851082));
#5920 = CARTESIAN_POINT('',(6.58607681506,43.658460373951));
#5921 = CARTESIAN_POINT('',(6.398804533747,43.618239289363));
#5922 = CARTESIAN_POINT('',(6.213041191165,43.570966505279));
#5923 = CARTESIAN_POINT('',(6.029001707851,43.516641653453));
#5924 = CARTESIAN_POINT('',(5.847000899969,43.455193811553));
#5925 = CARTESIAN_POINT('',(5.66750578668,43.386438176634));
#5926 = CARTESIAN_POINT('',(5.491187764376,43.310032868058));
#5927 = CARTESIAN_POINT('',(5.318791731321,43.225611263551));
#5928 = CARTESIAN_POINT('',(5.151005301186,43.13291425927));
#5929 = CARTESIAN_POINT('',(4.988328056973,43.031922469903));
#5930 = CARTESIAN_POINT('',(4.830940618269,42.922988658254));
#5931 = CARTESIAN_POINT('',(4.678574255877,42.806969504585));
#5932 = CARTESIAN_POINT('',(4.530600186928,42.685094509933));
#5933 = CARTESIAN_POINT('',(4.386118320763,42.558835538813));
#5934 = CARTESIAN_POINT('',(4.244046198382,42.429776170699));
#5935 = CARTESIAN_POINT('',(4.103207871224,42.299481028438));
#5936 = CARTESIAN_POINT('',(3.962422744887,42.169365405868));
#5937 = CARTESIAN_POINT('',(3.820569246931,42.040683001018));
#5938 = CARTESIAN_POINT('',(3.676648580384,41.914513296348));
#5939 = CARTESIAN_POINT('',(3.529848433867,41.791749075103));
#5940 = CARTESIAN_POINT('',(3.379606736968,41.673083867712));
#5941 = CARTESIAN_POINT('',(3.225675323801,41.558999460268));
#5942 = CARTESIAN_POINT('',(3.068043724288,41.449815785049));
#5943 = CARTESIAN_POINT('',(2.906863042022,41.345740776174));
#5944 = CARTESIAN_POINT('',(2.742369799788,41.246920238103));
#5945 = CARTESIAN_POINT('',(2.574809800877,41.153487707323));
#5946 = CARTESIAN_POINT('',(2.404361978744,41.065614320144));
#5947 = CARTESIAN_POINT('',(2.231161255114,40.983493375963));
#5948 = CARTESIAN_POINT('',(2.055321402251,40.907324897475));
#5949 = CARTESIAN_POINT('',(1.876957904574,40.837300191413));
#5950 = CARTESIAN_POINT('',(1.696210818476,40.773586410455));
#5951 = CARTESIAN_POINT('',(1.513267638635,40.716311110694));
#5952 = CARTESIAN_POINT('',(1.328351811083,40.665570337268));
#5953 = CARTESIAN_POINT('',(1.141711239691,40.621436714456));
#5954 = CARTESIAN_POINT('',(0.953606794937,40.58396753427));
#5955 = CARTESIAN_POINT('',(0.764300822301,40.553212845125));
#5956 = CARTESIAN_POINT('',(0.574045649306,40.529223541866));
#5957 = CARTESIAN_POINT('',(0.383085588162,40.512046990353));
#5958 = CARTESIAN_POINT('',(0.191658940297,40.501722650304));
#5959 = CARTESIAN_POINT('',(1.659010706589E-10,40.498277698778));
#5960 = CARTESIAN_POINT('',(-0.191658940652,40.501722653347));
#5961 = CARTESIAN_POINT('',(-0.383085589466,40.512046995375));
#5962 = CARTESIAN_POINT('',(-0.574045649502,40.529223546889));
#5963 = CARTESIAN_POINT('',(-0.764300816813,40.553212847565));
#5964 = CARTESIAN_POINT('',(-0.95360677748,40.583967531392));
#5965 = CARTESIAN_POINT('',(-1.141711204092,40.621436703991));
#5966 = CARTESIAN_POINT('',(-1.328351754112,40.665570318169));
#5967 = CARTESIAN_POINT('',(-1.513267561587,40.716311083541));
#5968 = CARTESIAN_POINT('',(-1.696210727496,40.773586377499));
#5969 = CARTESIAN_POINT('',(-1.876957809739,40.837300156257));
#5970 = CARTESIAN_POINT('',(-2.055321315396,40.907324864391));
#5971 = CARTESIAN_POINT('',(-2.231161186395,40.983493348861));
#5972 = CARTESIAN_POINT('',(-2.404361934355,41.065614301816));
#5973 = CARTESIAN_POINT('',(-2.57480978192,41.153487698951));
#5974 = CARTESIAN_POINT('',(-2.742369802306,41.246920239043));
#5975 = CARTESIAN_POINT('',(-2.906863058182,41.345740784005));
#5976 = CARTESIAN_POINT('',(-3.068043744734,41.449815795896));
#5977 = CARTESIAN_POINT('',(-3.22567533948,41.558999469249));
#5978 = CARTESIAN_POINT('',(-3.379606740465,41.673083869519));
#5979 = CARTESIAN_POINT('',(-3.529848420217,41.79174906471));
#5980 = CARTESIAN_POINT('',(-3.676648547383,41.914513269848));
#5981 = CARTESIAN_POINT('',(-3.820569194932,42.040682956591));
#5982 = CARTESIAN_POINT('',(-3.962422676371,42.169365344242));
#5983 = CARTESIAN_POINT('',(-4.103207790174,42.299480952827));
#5984 = CARTESIAN_POINT('',(-4.244046109449,42.429776086242));
#5985 = CARTESIAN_POINT('',(-4.386118228219,42.558835451474));
#5986 = CARTESIAN_POINT('',(-4.530600093409,42.685094424935));
#5987 = CARTESIAN_POINT('',(-4.678574161781,42.806969425464));
#5988 = CARTESIAN_POINT('',(-4.830940521823,42.922988586456));
#5989 = CARTESIAN_POINT('',(-4.988327954981,43.031922404951));
#5990 = CARTESIAN_POINT('',(-5.151005190414,43.132914199529));
#5991 = CARTESIAN_POINT('',(-5.318791610648,43.225611207445));
#5992 = CARTESIAN_POINT('',(-5.49118763596,43.310032814784));
#5993 = CARTESIAN_POINT('',(-5.667505656026,43.386438126495));
#5994 = CARTESIAN_POINT('',(-5.847000774923,43.455193765875));
#5995 = CARTESIAN_POINT('',(-6.029001596546,43.516641614071));
#5996 = CARTESIAN_POINT('',(-6.213041098807,43.570966473692));
#5997 = CARTESIAN_POINT('',(-6.398804460723,43.618239266256));
#5998 = CARTESIAN_POINT('',(-6.586076756463,43.658460358967));
#5999 = CARTESIAN_POINT('',(-6.774690699373,43.691602842897));
#6000 = CARTESIAN_POINT('',(-6.96447436507,43.717655831583));
#6001 = CARTESIAN_POINT('',(-7.155198923308,43.736667751075));
#6002 = CARTESIAN_POINT('',(-7.346595915148,43.74872776707));
#6003 = CARTESIAN_POINT('',(-7.538374532231,43.753947209957));
#6004 = CARTESIAN_POINT('',(-7.730238894774,43.752441001233));
#6005 = CARTESIAN_POINT('',(-7.92190533085,43.744309078393));
#6006 = CARTESIAN_POINT('',(-8.113119653013,43.729617823111));
#6007 = CARTESIAN_POINT('',(-8.303651865526,43.708409818522));
#6008 = CARTESIAN_POINT('',(-8.493290874113,43.680713603335));
#6009 = CARTESIAN_POINT('',(-8.681839194846,43.646553427067));
#6010 = CARTESIAN_POINT('',(-8.86910766342,43.605959004777));
#6011 = CARTESIAN_POINT('',(-9.054910144321,43.558975272045));
#6012 = CARTESIAN_POINT('',(-9.239054908644,43.505655397626));
#6013 = CARTESIAN_POINT('',(-9.421336012094,43.446053796298));
#6014 = CARTESIAN_POINT('',(-9.601524672438,43.380219141395));
#6015 = CARTESIAN_POINT('',(-9.779360648185,43.308187378049));
#6016 = CARTESIAN_POINT('',(-9.954543613741,43.229974734471));
#6017 = CARTESIAN_POINT('',(-10.12675622925,43.145588267924));
#6018 = CARTESIAN_POINT('',(-10.29568721416,43.055036412707));
#6019 = CARTESIAN_POINT('',(-10.46105441895,42.958339527229));
#6020 = CARTESIAN_POINT('',(-10.62262789869,42.855540441856));
#6021 = CARTESIAN_POINT('',(-10.7802529837,42.74671500563));
#6022 = CARTESIAN_POINT('',(-10.93378542253,42.631952094423));
#6023 = CARTESIAN_POINT('',(-11.08302651358,42.511333614549));
#6024 = CARTESIAN_POINT('',(-11.22765826383,42.384914517247));
#6025 = CARTESIAN_POINT('',(-11.36717848282,42.252702787354));
#6026 = CARTESIAN_POINT('',(-11.50083604911,42.114639500623));
#6027 = CARTESIAN_POINT('',(-11.62780246615,41.970671002462));
#6028 = CARTESIAN_POINT('',(-11.74734330702,41.820821050493));
#6029 = CARTESIAN_POINT('',(-11.85898959876,41.665262917161));
#6030 = CARTESIAN_POINT('',(-11.96270946711,41.504391632927));
#6031 = CARTESIAN_POINT('',(-12.05907902282,41.338895828937));
#6032 = CARTESIAN_POINT('',(-12.14914969519,41.169670791246));
#6033 = CARTESIAN_POINT('',(-12.23431631772,40.997731895574));
#6034 = CARTESIAN_POINT('',(-12.31618496176,40.824127939457));
#6035 = CARTESIAN_POINT('',(-12.39644081736,40.64985442989));
#6036 = CARTESIAN_POINT('',(-12.47671622101,40.475767133965));
#6037 = CARTESIAN_POINT('',(-12.55852714002,40.302595110439));
#6038 = CARTESIAN_POINT('',(-12.6432094425,40.130953448009));
#6039 = CARTESIAN_POINT('',(-12.73185525968,39.961356112737));
#6040 = CARTESIAN_POINT('',(-12.82524927951,39.794228748154));
#6041 = CARTESIAN_POINT('',(-12.92380514892,39.629921497599));
#6042 = CARTESIAN_POINT('',(-13.0276549738,39.46872593323));
#6043 = CARTESIAN_POINT('',(-13.13673872556,39.310891985962));
#6044 = CARTESIAN_POINT('',(-13.2508936826,39.156644874907));
#6045 = CARTESIAN_POINT('',(-13.36994385449,39.006202036536));
#6046 = CARTESIAN_POINT('',(-13.4937894193,38.859790055055));
#6047 = CARTESIAN_POINT('',(-13.62237969809,38.717639148129));
#6048 = CARTESIAN_POINT('',(-13.75568612436,38.579977651393));
#6049 = CARTESIAN_POINT('',(-13.89367521435,38.447026503193));
#6050 = CARTESIAN_POINT('',(-14.03628153937,38.31899372973));
#6051 = CARTESIAN_POINT('',(-14.18338069053,38.196068928575));
#6052 = CARTESIAN_POINT('',(-14.33480298551,38.078426342956));
#6053 = CARTESIAN_POINT('',(-14.4903471831,37.966227937665));
#6054 = CARTESIAN_POINT('',(-14.6497941951,37.859626474427));
#6055 = CARTESIAN_POINT('',(-14.81292079859,37.758768587221));
#6056 = CARTESIAN_POINT('',(-14.97951334997,37.663797858314));
#6057 = CARTESIAN_POINT('',(-15.1493642603,37.574851542289));
#6058 = CARTESIAN_POINT('',(-15.32226846835,37.49205728918));
#6059 = CARTESIAN_POINT('',(-15.49801991448,37.415529867923));
#6060 = CARTESIAN_POINT('',(-15.67640801417,37.345367889625));
#6061 = CARTESIAN_POINT('',(-15.85721413163,37.281650530897));
#6062 = CARTESIAN_POINT('',(-16.04021140431,37.224442344062));
#6063 = CARTESIAN_POINT('',(-16.22516456727,37.173798067502));
#6064 = CARTESIAN_POINT('',(-16.41182977768,37.129767435623));
#6065 = CARTESIAN_POINT('',(-16.59995443898,37.092399989668));
#6066 = CARTESIAN_POINT('',(-16.78927702603,37.061749886202));
#6067 = CARTESIAN_POINT('',(-16.97953460605,37.037864024891));
#6068 = CARTESIAN_POINT('',(-17.17047035873,37.020770178039));
#6069 = CARTESIAN_POINT('',(-17.36184109612,37.01046512035));
#6070 = CARTESIAN_POINT('',(-17.553424784,37.006902756413));
#6071 = CARTESIAN_POINT('',(-17.74502805889,37.009982254857));
#6072 = CARTESIAN_POINT('',(-17.9364710131,37.019571065765));
#6073 = CARTESIAN_POINT('',(-18.12757198405,37.035527931484));
#6074 = CARTESIAN_POINT('',(-18.31813234249,37.057725899217));
#6075 = CARTESIAN_POINT('',(-18.50792128016,37.086075334338));
#6076 = CARTESIAN_POINT('',(-18.69666060028,37.12054692931));
#6077 = CARTESIAN_POINT('',(-18.88407598722,37.161096490678));
#6078 = CARTESIAN_POINT('',(-19.06994826787,37.207589736189));
#6079 = CARTESIAN_POINT('',(-19.25416468492,37.259727079556));
#6080 = CARTESIAN_POINT('',(-19.43677014518,37.316968439473));
#6081 = CARTESIAN_POINT('',(-19.61801853454,37.378457983286));
#6082 = CARTESIAN_POINT('',(-19.79831868045,37.443060030261));
#6083 = CARTESIAN_POINT('',(-19.97818025327,37.509395047317));
#6084 = CARTESIAN_POINT('',(-20.15815968271,37.575875562836));
#6085 = CARTESIAN_POINT('',(-20.33880608625,37.640742222798));
#6086 = CARTESIAN_POINT('',(-20.52060714165,37.70209948809));
#6087 = CARTESIAN_POINT('',(-20.70395689828,37.758070082218));
#6088 = CARTESIAN_POINT('',(-20.88912367052,37.8069497288));
#6089 = CARTESIAN_POINT('',(-21.07621786625,37.847361890973));
#6090 = CARTESIAN_POINT('',(-21.26515992106,37.878412260111));
#6091 = CARTESIAN_POINT('',(-21.45564796971,37.89984404525));
#6092 = CARTESIAN_POINT('',(-21.64722787944,37.911866337681));
#6093 = CARTESIAN_POINT('',(-21.83936353633,37.914981656238));
#6094 = CARTESIAN_POINT('',(-22.03150704694,37.909813776015));
#6095 = CARTESIAN_POINT('',(-22.2231689544,37.896935486169));
#6096 = CARTESIAN_POINT('',(-22.41398850745,37.876696243664));
#6097 = CARTESIAN_POINT('',(-22.60370198993,37.849282048212));
#6098 = CARTESIAN_POINT('',(-22.79211097678,37.814775487623));
#6099 = CARTESIAN_POINT('',(-22.97905061769,37.773215719117));
#6100 = CARTESIAN_POINT('',(-23.16435790917,37.724658477528));
#6101 = CARTESIAN_POINT('',(-23.34783997148,37.669236072238));
#6102 = CARTESIAN_POINT('',(-23.52928290314,37.607133616396));
#6103 = CARTESIAN_POINT('',(-23.70846063656,37.538565253411));
#6104 = CARTESIAN_POINT('',(-23.885143793,37.463750385193));
#6105 = CARTESIAN_POINT('',(-24.05910853822,37.382889898494));
#6106 = CARTESIAN_POINT('',(-24.23014543679,37.296142395308));
#6107 = CARTESIAN_POINT('',(-24.39805829623,37.203635232883));
#6108 = CARTESIAN_POINT('',(-24.56266301213,37.105475559828));
#6109 = CARTESIAN_POINT('',(-24.72378641304,37.001761353602));
#6110 = CARTESIAN_POINT('',(-24.88126510539,36.892592457388));
#6111 = CARTESIAN_POINT('',(-25.03494431848,36.778081617223));
#6112 = CARTESIAN_POINT('',(-25.1846672647,36.658351326107));
#6113 = CARTESIAN_POINT('',(-25.33026449997,36.533530668211));
#6114 = CARTESIAN_POINT('',(-25.47154328354,36.403752163003));
#6115 = CARTESIAN_POINT('',(-25.60827693924,36.26914860956));
#6116 = CARTESIAN_POINT('',(-25.74019421267,36.129849930425));
#6117 = CARTESIAN_POINT('',(-25.86700462072,35.98598408636));
#6118 = CARTESIAN_POINT('',(-25.98842380532,35.837677991556));
#6119 = CARTESIAN_POINT('',(-26.10419888514,35.685058428673));
#6120 = CARTESIAN_POINT('',(-26.21413380924,35.52825296393));
#6121 = CARTESIAN_POINT('',(-26.31811470762,35.367390862226));
#6122 = CARTESIAN_POINT('',(-26.41604232066,35.202609436799));
#6123 = CARTESIAN_POINT('',(-26.50776441621,35.034060399029));
#6124 = CARTESIAN_POINT('',(-26.59300823595,34.861916207898));
#6125 = CARTESIAN_POINT('',(-26.67131287205,34.686376420405));
#6126 = CARTESIAN_POINT('',(-26.74196182945,34.507674039376));
#6127 = CARTESIAN_POINT('',(-26.80416914445,34.326076546328));
#6128 = CARTESIAN_POINT('',(-26.85726538667,34.141886943466));
#6129 = CARTESIAN_POINT('',(-26.90088359009,33.955444781831));
#6130 = CARTESIAN_POINT('',(-26.93514547835,33.767127219734));
#6131 = CARTESIAN_POINT('',(-26.96084683612,33.577350001355));
#6132 = CARTESIAN_POINT('',(-26.97930166854,33.386537898585));
#6133 = CARTESIAN_POINT('',(-26.9921872012,33.195095216598));
#6134 = CARTESIAN_POINT('',(-27.00138860798,33.003376301074));
#6135 = CARTESIAN_POINT('',(-27.00884376551,32.811655986241));
#6136 = CARTESIAN_POINT('',(-27.01638824398,32.620100229661));
#6137 = CARTESIAN_POINT('',(-27.02570161323,32.428802458232));
#6138 = CARTESIAN_POINT('',(-27.03825343875,32.237819725211));
#6139 = CARTESIAN_POINT('',(-27.0552494045,32.047208932801));
#6140 = CARTESIAN_POINT('',(-27.07757735436,31.857063037271));
#6141 = CARTESIAN_POINT('',(-27.10575344231,31.667547233052));
#6142 = CARTESIAN_POINT('',(-27.14001129812,31.478880342966));
#6143 = CARTESIAN_POINT('',(-27.18039110701,31.29131624501));
#6144 = CARTESIAN_POINT('',(-27.22682872147,31.105125285376));
#6145 = CARTESIAN_POINT('',(-27.27924475686,30.92057569779));
#6146 = CARTESIAN_POINT('',(-27.33763369976,30.73791501896));
#6147 = CARTESIAN_POINT('',(-27.40203682944,30.557375336267));
#6148 = CARTESIAN_POINT('',(-27.47251513415,30.379178536255));
#6149 = CARTESIAN_POINT('',(-27.54912222837,30.203541553025));
#6150 = CARTESIAN_POINT('',(-27.63187727206,30.030681616197));
#6151 = CARTESIAN_POINT('',(-27.72073788224,29.860821500306));
#6152 = CARTESIAN_POINT('',(-27.81561397288,29.694187119723));
#6153 = CARTESIAN_POINT('',(-27.91638160259,29.531005122077));
#6154 = CARTESIAN_POINT('',(-28.02289681965,29.371500482223));
#6155 = CARTESIAN_POINT('',(-28.13500950737,29.215894096004));
#6156 = CARTESIAN_POINT('',(-28.25257723134,29.064400374012));
#6157 = CARTESIAN_POINT('',(-28.37546072946,28.91722556379));
#6158 = CARTESIAN_POINT('',(-28.5035193994,28.774566072125));
#6159 = CARTESIAN_POINT('',(-28.63660678706,28.6366067873));
#6160 = CARTESIAN_POINT('',(-28.77456607452,28.50351940131));
#6161 = CARTESIAN_POINT('',(-28.91722556826,28.375460732093));
#6162 = CARTESIAN_POINT('',(-29.0644003777,28.252577234758));
#6163 = CARTESIAN_POINT('',(-29.21589409384,28.13500951298));
#6164 = CARTESIAN_POINT('',(-29.37150046784,28.022896829961));
#6165 = CARTESIAN_POINT('',(-29.5310050895,27.916381620363));
#6166 = CARTESIAN_POINT('',(-29.69418706592,27.815613999662));
#6167 = CARTESIAN_POINT('',(-29.86082142662,27.720737917526));
#6168 = CARTESIAN_POINT('',(-30.03068152855,27.631877313092));
#6169 = CARTESIAN_POINT('',(-30.2035414611,27.549122270573));
#6170 = CARTESIAN_POINT('',(-30.37917845144,27.472515172179));
#6171 = CARTESIAN_POINT('',(-30.55737526851,27.402036858873));
#6172 = CARTESIAN_POINT('',(-30.73791497461,27.337633718196));
#6173 = CARTESIAN_POINT('',(-30.92057567846,27.279244764345));
#6174 = CARTESIAN_POINT('',(-31.10512528781,27.226828720357));
#6175 = CARTESIAN_POINT('',(-31.29131626197,27.18039110113));
#6176 = CARTESIAN_POINT('',(-31.47888036508,27.140011291333));
#6177 = CARTESIAN_POINT('',(-31.66754725048,27.105753437581));
#6178 = CARTESIAN_POINT('',(-31.85706304101,27.077577353166));
#6179 = CARTESIAN_POINT('',(-32.04720891579,27.055249406807));
#6180 = CARTESIAN_POINT('',(-32.23781968313,27.038253443349));
#6181 = CARTESIAN_POINT('',(-32.42880239004,27.025701618591));
#6182 = CARTESIAN_POINT('',(-32.62010013763,27.016388248857));
#6183 = CARTESIAN_POINT('',(-32.81165587546,27.008843769365));
#6184 = CARTESIAN_POINT('',(-33.00337617846,27.001388611149));
#6185 = CARTESIAN_POINT('',(-33.19509508939,26.99218720488));
#6186 = CARTESIAN_POINT('',(-33.38653777235,26.979301674566));
#6187 = CARTESIAN_POINT('',(-33.57734987886,26.960846846711));
#6188 = CARTESIAN_POINT('',(-33.76712710076,26.935145495786));
#6189 = CARTESIAN_POINT('',(-33.95544466378,26.900883616285));
#6190 = CARTESIAN_POINT('',(-34.14188682289,26.857265422755));
#6191 = CARTESIAN_POINT('',(-34.32607642132,26.80416919011));
#6192 = CARTESIAN_POINT('',(-34.5076739109,26.741961882591));
#6193 = CARTESIAN_POINT('',(-34.68637629256,26.671312928986));
#6194 = CARTESIAN_POINT('',(-34.86191608717,26.593008292074));
#6195 = CARTESIAN_POINT('',(-35.03406029247,26.507764467073));
#6196 = CARTESIAN_POINT('',(-35.20260934915,26.416042363643));
#6197 = CARTESIAN_POINT('',(-35.36739079425,26.318114742924));
#6198 = CARTESIAN_POINT('',(-35.5282529119,26.21413384008));
#6199 = CARTESIAN_POINT('',(-35.68505838509,26.104198917155));
#6200 = CARTESIAN_POINT('',(-35.83767794703,25.988423845152));
#6201 = CARTESIAN_POINT('',(-35.98598403269,25.867004673879));
#6202 = CARTESIAN_POINT('',(-36.12984986261,25.740194282142));
#6203 = CARTESIAN_POINT('',(-36.2691485267,25.608277024975));
#6204 = CARTESIAN_POINT('',(-36.40375206812,25.47154338275));
#6205 = CARTESIAN_POINT('',(-36.53353056701,25.33026460829));
#6206 = CARTESIAN_POINT('',(-36.65835122464,25.184667378194));
#6207 = CARTESIAN_POINT('',(-36.77808152028,25.034944434832));
#6208 = CARTESIAN_POINT('',(-36.89259236766,24.881265224311));
#6209 = CARTESIAN_POINT('',(-37.00176127154,24.723786535854));
#6210 = CARTESIAN_POINT('',(-37.10547548429,24.562663140544));
#6211 = CARTESIAN_POINT('',(-37.20363516248,24.398058430317));
#6212 = CARTESIAN_POINT('',(-37.29614232928,24.23014557397));
#6213 = CARTESIAN_POINT('',(-37.38288983714,24.059108673169));
#6214 = CARTESIAN_POINT('',(-37.46375032984,23.885143918629));
#6215 = CARTESIAN_POINT('',(-37.53856520591,23.708460745916));
#6216 = CARTESIAN_POINT('',(-37.60713357816,23.529282992375));
#6217 = CARTESIAN_POINT('',(-37.66923604366,23.347840041404));
#6218 = CARTESIAN_POINT('',(-37.72465845776,23.164357965551));
#6219 = CARTESIAN_POINT('',(-37.77321570622,22.979050670212));
#6220 = CARTESIAN_POINT('',(-37.81477547904,22.792111036661));
#6221 = CARTESIAN_POINT('',(-37.84928204161,22.603702066246));
#6222 = CARTESIAN_POINT('',(-37.87669623749,22.413988604873));
#6223 = CARTESIAN_POINT('',(-37.89693547995,22.223169072306));
#6224 = CARTESIAN_POINT('',(-37.90981377036,22.031507179953));
#6225 = CARTESIAN_POINT('',(-37.91498165256,21.839363676234));
#6226 = CARTESIAN_POINT('',(-37.91186633775,21.647228018478));
#6227 = CARTESIAN_POINT('',(-37.8998440509,21.455648102674));
#6228 = CARTESIAN_POINT('',(-37.87841227291,21.265160046271));
#6229 = CARTESIAN_POINT('',(-37.84736191195,21.076217985341));
#6230 = CARTESIAN_POINT('',(-37.80694975822,20.889123787107));
#6231 = CARTESIAN_POINT('',(-37.7580701193,20.703957015503));
#6232 = CARTESIAN_POINT('',(-37.70209953083,20.520607260586));
#6233 = CARTESIAN_POINT('',(-37.64074226807,20.338806205182));
#6234 = CARTESIAN_POINT('',(-37.57587560683,20.158159797204));
#6235 = CARTESIAN_POINT('',(-37.50939508615,19.978180357088));
#6236 = CARTESIAN_POINT('',(-37.44306006097,19.798318767335));
#6237 = CARTESIAN_POINT('',(-37.37845800443,19.618018599585));
#6238 = CARTESIAN_POINT('',(-37.31696845132,19.436770185813));
#6239 = CARTESIAN_POINT('',(-37.25972708393,19.254164701519));
#6240 = CARTESIAN_POINT('',(-37.20758973585,19.069948263958));
#6241 = CARTESIAN_POINT('',(-37.16109648838,18.884075969303));
#6242 = CARTESIAN_POINT('',(-37.12054692711,18.696660577245));
#6243 = CARTESIAN_POINT('',(-37.08607533328,18.507921262242));
#6244 = CARTESIAN_POINT('',(-37.05772589931,18.318132339809));
#6245 = CARTESIAN_POINT('',(-37.03552793196,18.127572004773));
#6246 = CARTESIAN_POINT('',(-37.0195710657,17.936471061125));
#6247 = CARTESIAN_POINT('',(-37.00998225359,17.745028132759));
#6248 = CARTESIAN_POINT('',(-37.00690275373,17.553424876914));
#6249 = CARTESIAN_POINT('',(-37.01046511653,17.361841197196));
#6250 = CARTESIAN_POINT('',(-37.02077017367,17.170470455403));
#6251 = CARTESIAN_POINT('',(-37.03786402049,16.979534687633));
#6252 = CARTESIAN_POINT('',(-37.06174988204,16.789277085985));
#6253 = CARTESIAN_POINT('',(-37.09239998571,16.599954475879));
#6254 = CARTESIAN_POINT('',(-37.1297674316,16.411829794915));
#6255 = CARTESIAN_POINT('',(-37.17379806314,16.225164571411));
#6256 = CARTESIAN_POINT('',(-37.22444233949,16.040211402215));
#6257 = CARTESIAN_POINT('',(-37.28165052675,15.857214128508));
#6258 = CARTESIAN_POINT('',(-37.34536788694,15.676408012682));
#6259 = CARTESIAN_POINT('',(-37.41552986779,15.498019914797));
#6260 = CARTESIAN_POINT('',(-37.49205729212,15.322268469192));
#6261 = CARTESIAN_POINT('',(-37.57485154743,15.149364261019));
#6262 = CARTESIAN_POINT('',(-37.66379786303,14.979513351715));
#6263 = CARTESIAN_POINT('',(-37.75876858737,14.812920804604));
#6264 = CARTESIAN_POINT('',(-37.85962646508,14.64979421013));
#6265 = CARTESIAN_POINT('',(-37.96622791437,14.490347211986));
#6266 = CARTESIAN_POINT('',(-38.0784263035,14.334803030842));
#6267 = CARTESIAN_POINT('',(-38.196068874,14.183380751332));
#6268 = CARTESIAN_POINT('',(-38.31899366446,14.036281610817));
#6269 = CARTESIAN_POINT('',(-38.44702643442,13.893675288515));
#6270 = CARTESIAN_POINT('',(-38.57997758759,13.755686191952));
#6271 = CARTESIAN_POINT('',(-38.71763909679,13.622379751211));
#6272 = CARTESIAN_POINT('',(-38.85979002113,13.493789453302));
#6273 = CARTESIAN_POINT('',(-39.00620202154,13.369943868805));
#6274 = CARTESIAN_POINT('',(-39.15664487673,13.250893680639));
#6275 = CARTESIAN_POINT('',(-39.31089199937,13.136738713633));
#6276 = CARTESIAN_POINT('',(-39.46872595107,13.027654959065));
#6277 = CARTESIAN_POINT('',(-39.62992151189,12.923805137879));
#6278 = CARTESIAN_POINT('',(-39.79422875115,12.825249276973));
#6279 = CARTESIAN_POINT('',(-39.9613560979,12.731855268319));
#6280 = CARTESIAN_POINT('',(-40.13095341089,12.643209462853));
#6281 = CARTESIAN_POINT('',(-40.30259504949,12.558527171061));
#6282 = CARTESIAN_POINT('',(-40.47576705081,12.476716260735));
#6283 = CARTESIAN_POINT('',(-40.64985432901,12.396440863307));
#6284 = CARTESIAN_POINT('',(-40.82412782739,12.316185011612));
#6285 = CARTESIAN_POINT('',(-40.99773177946,12.234316369805));
#6286 = CARTESIAN_POINT('',(-41.16967067692,12.149149749069));
#6287 = CARTESIAN_POINT('',(-41.33889571982,12.059079079479));
#6288 = CARTESIAN_POINT('',(-41.50439152968,11.962709528741));
#6289 = CARTESIAN_POINT('',(-41.66526281812,11.858989668135));
#6290 = CARTESIAN_POINT('',(-41.8208209529,11.747343386502));
#6291 = CARTESIAN_POINT('',(-41.97067090444,11.627802556175));
#6292 = CARTESIAN_POINT('',(-42.11463940226,11.500836147365));
#6293 = CARTESIAN_POINT('',(-42.25270269103,11.367178584349));
#6294 = CARTESIAN_POINT('',(-42.38491442719,11.227658361887));
#6295 = CARTESIAN_POINT('',(-42.51133353556,11.083026601348));
#6296 = CARTESIAN_POINT('',(-42.63195202989,10.933785495779));
#6297 = CARTESIAN_POINT('',(-42.74671495633,10.78025304233));
#6298 = CARTESIAN_POINT('',(-42.85554040558,10.622627947101));
#6299 = CARTESIAN_POINT('',(-42.95833949921,10.461054465208));
#6300 = CARTESIAN_POINT('',(-43.05503638681,10.295687267999));
#6301 = CARTESIAN_POINT('',(-43.14558823869,10.126756298903));
#6302 = CARTESIAN_POINT('',(-43.22997469841,9.954543703873));
#6303 = CARTESIAN_POINT('',(-43.3081873343,9.779360759096));
#6304 = CARTESIAN_POINT('',(-43.3802190917,9.6015248004));
#6305 = CARTESIAN_POINT('',(-43.44605374425,9.421336150896));
#6306 = CARTESIAN_POINT('',(-43.50565534731,9.239055052329));
#6307 = CARTESIAN_POINT('',(-43.55897522701,9.054910288915));
#6308 = CARTESIAN_POINT('',(-43.60595896738,8.869107807624));
#6309 = CARTESIAN_POINT('',(-43.64655339825,8.681839339705));
#6310 = CARTESIAN_POINT('',(-43.68071358269,8.493291021648));
#6311 = CARTESIAN_POINT('',(-43.70840980479,8.303652016346));
#6312 = CARTESIAN_POINT('',(-43.7296178146,8.113119805013));
#6313 = CARTESIAN_POINT('',(-43.74430907335,7.921905479001));
#6314 = CARTESIAN_POINT('',(-43.75244099817,7.730239032013));
#6315 = CARTESIAN_POINT('',(-43.75394720792,7.53837465144));
#6316 = CARTESIAN_POINT('',(-43.74872776589,7.346596012219));
#6317 = CARTESIAN_POINT('',(-43.73666775143,7.155198998843));
#6318 = CARTESIAN_POINT('',(-43.7176558349,6.964474424719));
#6319 = CARTESIAN_POINT('',(-43.69160285108,6.774690752824));
#6320 = CARTESIAN_POINT('',(-43.65846037395,6.586076815061));
#6321 = CARTESIAN_POINT('',(-43.61823928936,6.398804533749));
#6322 = CARTESIAN_POINT('',(-43.57096650527,6.213041191167));
#6323 = CARTESIAN_POINT('',(-43.51664165345,6.029001707853));
#6324 = CARTESIAN_POINT('',(-43.45519381155,5.84700089997));
#6325 = CARTESIAN_POINT('',(-43.38643817663,5.667505786682));
#6326 = CARTESIAN_POINT('',(-43.31003286806,5.491187764377));
#6327 = CARTESIAN_POINT('',(-43.22561126355,5.318791731322));
#6328 = CARTESIAN_POINT('',(-43.13291425927,5.151005301188));
#6329 = CARTESIAN_POINT('',(-43.0319224699,4.988328056975));
#6330 = CARTESIAN_POINT('',(-42.92298865825,4.830940618271));
#6331 = CARTESIAN_POINT('',(-42.80696950458,4.678574255878));
#6332 = CARTESIAN_POINT('',(-42.68509450993,4.530600186929));
#6333 = CARTESIAN_POINT('',(-42.55883553881,4.386118320765));
#6334 = CARTESIAN_POINT('',(-42.4297761707,4.244046198383));
#6335 = CARTESIAN_POINT('',(-42.29948102843,4.103207871225));
#6336 = CARTESIAN_POINT('',(-42.16936540586,3.962422744889));
#6337 = CARTESIAN_POINT('',(-42.04068300101,3.820569246932));
#6338 = CARTESIAN_POINT('',(-41.91451329634,3.676648580385));
#6339 = CARTESIAN_POINT('',(-41.7917490751,3.529848433869));
#6340 = CARTESIAN_POINT('',(-41.67308386771,3.37960673697));
#6341 = CARTESIAN_POINT('',(-41.55899946027,3.225675323803));
#6342 = CARTESIAN_POINT('',(-41.44981578505,3.06804372429));
#6343 = CARTESIAN_POINT('',(-41.34574077617,2.906863042024));
#6344 = CARTESIAN_POINT('',(-41.2469202381,2.74236979979));
#6345 = CARTESIAN_POINT('',(-41.15348770732,2.574809800877));
#6346 = CARTESIAN_POINT('',(-41.06561432014,2.404361978745));
#6347 = CARTESIAN_POINT('',(-40.98349337596,2.231161255115));
#6348 = CARTESIAN_POINT('',(-40.90732489747,2.055321402252));
#6349 = CARTESIAN_POINT('',(-40.83730019141,1.876957904575));
#6350 = CARTESIAN_POINT('',(-40.77358641045,1.696210818478));
#6351 = CARTESIAN_POINT('',(-40.71631111069,1.513267638638));
#6352 = CARTESIAN_POINT('',(-40.66557033727,1.328351811085));
#6353 = CARTESIAN_POINT('',(-40.62143671445,1.141711239693));
#6354 = CARTESIAN_POINT('',(-40.58396753427,0.953606794938));
#6355 = CARTESIAN_POINT('',(-40.55321284512,0.764300822302));
#6356 = CARTESIAN_POINT('',(-40.52922354186,0.574045649307));
#6357 = CARTESIAN_POINT('',(-40.51204699035,0.383085588164));
#6358 = CARTESIAN_POINT('',(-40.5017226503,0.191658940299));
#6359 = CARTESIAN_POINT('',(-40.49827769877,1.676001559758E-10));
#6360 = CARTESIAN_POINT('',(-40.50172265334,-0.19165894065));
#6361 = CARTESIAN_POINT('',(-40.51204699537,-0.383085589464));
#6362 = CARTESIAN_POINT('',(-40.52922354689,-0.5740456495));
#6363 = CARTESIAN_POINT('',(-40.55321284756,-0.764300816811));
#6364 = CARTESIAN_POINT('',(-40.58396753139,-0.953606777478));
#6365 = CARTESIAN_POINT('',(-40.62143670399,-1.14171120409));
#6366 = CARTESIAN_POINT('',(-40.66557031816,-1.328351754111));
#6367 = CARTESIAN_POINT('',(-40.71631108354,-1.513267561585));
#6368 = CARTESIAN_POINT('',(-40.77358637749,-1.696210727494));
#6369 = CARTESIAN_POINT('',(-40.83730015625,-1.876957809738));
#6370 = CARTESIAN_POINT('',(-40.90732486439,-2.055321315395));
#6371 = CARTESIAN_POINT('',(-40.98349334886,-2.231161186394));
#6372 = CARTESIAN_POINT('',(-41.06561430181,-2.404361934354));
#6373 = CARTESIAN_POINT('',(-41.15348769895,-2.574809781919));
#6374 = CARTESIAN_POINT('',(-41.24692023904,-2.742369802304));
#6375 = CARTESIAN_POINT('',(-41.345740784,-2.906863058181));
#6376 = CARTESIAN_POINT('',(-41.44981579589,-3.068043744731));
#6377 = CARTESIAN_POINT('',(-41.55899946924,-3.225675339478));
#6378 = CARTESIAN_POINT('',(-41.67308386951,-3.379606740463));
#6379 = CARTESIAN_POINT('',(-41.7917490647,-3.529848420216));
#6380 = CARTESIAN_POINT('',(-41.91451326984,-3.676648547383));
#6381 = CARTESIAN_POINT('',(-42.04068295659,-3.820569194932));
#6382 = CARTESIAN_POINT('',(-42.16936534424,-3.962422676371));
#6383 = CARTESIAN_POINT('',(-42.29948095282,-4.103207790174));
#6384 = CARTESIAN_POINT('',(-42.42977608624,-4.244046109447));
#6385 = CARTESIAN_POINT('',(-42.55883545147,-4.386118228218));
#6386 = CARTESIAN_POINT('',(-42.68509442493,-4.530600093407));
#6387 = CARTESIAN_POINT('',(-42.80696942546,-4.67857416178));
#6388 = CARTESIAN_POINT('',(-42.92298858645,-4.830940521822));
#6389 = CARTESIAN_POINT('',(-43.03192240495,-4.98832795498));
#6390 = CARTESIAN_POINT('',(-43.13291419952,-5.151005190413));
#6391 = CARTESIAN_POINT('',(-43.22561120744,-5.318791610646));
#6392 = CARTESIAN_POINT('',(-43.31003281478,-5.491187635958));
#6393 = CARTESIAN_POINT('',(-43.38643812649,-5.667505656024));
#6394 = CARTESIAN_POINT('',(-43.45519376587,-5.847000774922));
#6395 = CARTESIAN_POINT('',(-43.51664161407,-6.029001596545));
#6396 = CARTESIAN_POINT('',(-43.57096647369,-6.213041098806));
#6397 = CARTESIAN_POINT('',(-43.61823926625,-6.398804460722));
#6398 = CARTESIAN_POINT('',(-43.65846035896,-6.586076756462));
#6399 = CARTESIAN_POINT('',(-43.69160284289,-6.774690699371));
#6400 = CARTESIAN_POINT('',(-43.71765583158,-6.964474365068));
#6401 = CARTESIAN_POINT('',(-43.73666775107,-7.155198923306));
#6402 = CARTESIAN_POINT('',(-43.74872776706,-7.346595915146));
#6403 = CARTESIAN_POINT('',(-43.75394720995,-7.538374532229));
#6404 = CARTESIAN_POINT('',(-43.75244100123,-7.730238894772));
#6405 = CARTESIAN_POINT('',(-43.74430907839,-7.921905330849));
#6406 = CARTESIAN_POINT('',(-43.72961782311,-8.113119653012));
#6407 = CARTESIAN_POINT('',(-43.70840981852,-8.303651865525));
#6408 = CARTESIAN_POINT('',(-43.68071360333,-8.493290874112));
#6409 = CARTESIAN_POINT('',(-43.64655342706,-8.681839194845));
#6410 = CARTESIAN_POINT('',(-43.60595900477,-8.869107663418));
#6411 = CARTESIAN_POINT('',(-43.55897527204,-9.054910144319));
#6412 = CARTESIAN_POINT('',(-43.50565539762,-9.239054908642));
#6413 = CARTESIAN_POINT('',(-43.44605379629,-9.421336012093));
#6414 = CARTESIAN_POINT('',(-43.38021914139,-9.601524672436));
#6415 = CARTESIAN_POINT('',(-43.30818737805,-9.779360648184));
#6416 = CARTESIAN_POINT('',(-43.22997473447,-9.95454361374));
#6417 = CARTESIAN_POINT('',(-43.14558826792,-10.12675622925));
#6418 = CARTESIAN_POINT('',(-43.0550364127,-10.29568721416));
#6419 = CARTESIAN_POINT('',(-42.95833952723,-10.46105441895));
#6420 = CARTESIAN_POINT('',(-42.85554044185,-10.62262789869));
#6421 = CARTESIAN_POINT('',(-42.74671500563,-10.7802529837));
#6422 = CARTESIAN_POINT('',(-42.63195209442,-10.93378542253));
#6423 = CARTESIAN_POINT('',(-42.51133361455,-11.08302651358));
#6424 = CARTESIAN_POINT('',(-42.38491451724,-11.22765826383));
#6425 = CARTESIAN_POINT('',(-42.25270278735,-11.36717848282));
#6426 = CARTESIAN_POINT('',(-42.11463950062,-11.50083604911));
#6427 = CARTESIAN_POINT('',(-41.97067100246,-11.62780246615));
#6428 = CARTESIAN_POINT('',(-41.82082105049,-11.74734330702));
#6429 = CARTESIAN_POINT('',(-41.66526291716,-11.85898959876));
#6430 = CARTESIAN_POINT('',(-41.50439163292,-11.96270946711));
#6431 = CARTESIAN_POINT('',(-41.33889582893,-12.05907902282));
#6432 = CARTESIAN_POINT('',(-41.16967079124,-12.14914969519));
#6433 = CARTESIAN_POINT('',(-40.99773189557,-12.23431631772));
#6434 = CARTESIAN_POINT('',(-40.82412793945,-12.31618496176));
#6435 = CARTESIAN_POINT('',(-40.64985442989,-12.39644081736));
#6436 = CARTESIAN_POINT('',(-40.47576713396,-12.47671622101));
#6437 = CARTESIAN_POINT('',(-40.30259511044,-12.55852714001));
#6438 = CARTESIAN_POINT('',(-40.13095344801,-12.6432094425));
#6439 = CARTESIAN_POINT('',(-39.96135611273,-12.73185525968));
#6440 = CARTESIAN_POINT('',(-39.79422874815,-12.82524927951));
#6441 = CARTESIAN_POINT('',(-39.6299214976,-12.92380514892));
#6442 = CARTESIAN_POINT('',(-39.46872593323,-13.0276549738));
#6443 = CARTESIAN_POINT('',(-39.31089198596,-13.13673872556));
#6444 = CARTESIAN_POINT('',(-39.1566448749,-13.2508936826));
#6445 = CARTESIAN_POINT('',(-39.00620203653,-13.36994385449));
#6446 = CARTESIAN_POINT('',(-38.85979005505,-13.4937894193));
#6447 = CARTESIAN_POINT('',(-38.71763914813,-13.62237969809));
#6448 = CARTESIAN_POINT('',(-38.57997765139,-13.75568612436));
#6449 = CARTESIAN_POINT('',(-38.44702650319,-13.89367521435));
#6450 = CARTESIAN_POINT('',(-38.31899372972,-14.03628153937));
#6451 = CARTESIAN_POINT('',(-38.19606892858,-14.18338069053));
#6452 = CARTESIAN_POINT('',(-38.07842634293,-14.3348029855));
#6453 = CARTESIAN_POINT('',(-37.9662279377,-14.49034718311));
#6454 = CARTESIAN_POINT('',(-37.85962647434,-14.64979419506));
#6455 = CARTESIAN_POINT('',(-37.75876858742,-14.81292079868));
#6456 = CARTESIAN_POINT('',(-37.66379785784,-14.97951334977));
#6457 = CARTESIAN_POINT('',(-37.57485154339,-15.14936426075));
#6458 = CARTESIAN_POINT('',(-37.50861613796,-15.28768762598));
#6459 = CARTESIAN_POINT('',(-37.46175966384,-15.39271140936));
#6460 = CARTESIAN_POINT('',(-37.43178852509,-15.46326863303));
#6461 = CARTESIAN_POINT('',(-37.4171210667,-15.49867901078));
#6462 = ( GEOMETRIC_REPRESENTATION_CONTEXT(2) 
PARAMETRIC_REPRESENTATION_CONTEXT() REPRESENTATION_CONTEXT('2D SPACE',''
  ) );
#6463 = ORIENTED_EDGE('',*,*,#6464,.T.);
#6464 = EDGE_CURVE('',#22,#6465,#6467,.T.);
#6465 = VERTEX_POINT('',#6466);
#6466 = CARTESIAN_POINT('',(42.5,0.,10.));
#6467 = SEAM_CURVE('',#6468,(#6472,#6478),.PCURVE_S1.);
#6468 = LINE('',#6469,#6470);
#6469 = CARTESIAN_POINT('',(42.5,0.,0.));
#6470 = VECTOR('',#6471,1.);
#6471 = DIRECTION('',(0.,0.,1.));
#6472 = PCURVE('',#1632,#6473);
#6473 = DEFINITIONAL_REPRESENTATION('',(#6474),#6477);
#6474 = B_SPLINE_CURVE_WITH_KNOTS('',1,(#6475,#6476),.UNSPECIFIED.,.F.,
  .F.,(2,2),(0.,10.),.PIECEWISE_BEZIER_KNOTS.);
#6475 = CARTESIAN_POINT('',(1.,0.));
#6476 = CARTESIAN_POINT('',(1.,1.));
#6477 = ( GEOMETRIC_REPRESENTATION_CONTEXT(2) 
PARAMETRIC_REPRESENTATION_CONTEXT() REPRESENTATION_CONTEXT('2D SPACE',''
  ) );
#6478 = PCURVE('',#1632,#6479);
#6479 = DEFINITIONAL_REPRESENTATION('',(#6480),#6483);
#6480 = B_SPLINE_CURVE_WITH_KNOTS('',1,(#6481,#6482),.UNSPECIFIED.,.F.,
  .F.,(2,2),(0.,10.),.PIECEWISE_BEZIER_KNOTS.);
#6481 = CARTESIAN_POINT('',(0.,0.));
#6482 = CARTESIAN_POINT('',(0.,1.));
#6483 = ( GEOMETRIC_REPRESENTATION_CONTEXT(2) 
PARAMETRIC_REPRESENTATION_CONTEXT() REPRESENTATION_CONTEXT('2D SPACE',''
  ) );
#6484 = ORIENTED_EDGE('',*,*,#6485,.F.);
#6485 = EDGE_CURVE('',#6465,#6465,#6486,.T.);
#6486 = SURFACE_CURVE('',#6487,(#8093,#8100),.PCURVE_S1.);
#6487 = B_SPLINE_CURVE_WITH_KNOTS('',5,(#6488,#6489,#6490,#6491,#6492,
    #6493,#6494,#6495,#6496,#6497,#6498,#6499,#6500,#6501,#6502,#6503,
    #6504,#6505,#6506,#6507,#6508,#6509,#6510,#6511,#6512,#6513,#6514,
    #6515,#6516,#6517,#6518,#6519,#6520,#6521,#6522,#6523,#6524,#6525,
    #6526,#6527,#6528,#6529,#6530,#6531,#6532,#6533,#6534,#6535,#6536,
    #6537,#6538,#6539,#6540,#6541,#6542,#6543,#6544,#6545,#6546,#6547,
    #6548,#6549,#6550,#6551,#6552,#6553,#6554,#6555,#6556,#6557,#6558,
    #6559,#6560,#6561,#6562,#6563,#6564,#6565,#6566,#6567,#6568,#6569,
    #6570,#6571,#6572,#6573,#6574,#6575,#6576,#6577,#6578,#6579,#6580,
    #6581,#6582,#6583,#6584,#6585,#6586,#6587,#6588,#6589,#6590,#6591,
    #6592,#6593,#6594,#6595,#6596,#6597,#6598,#6599,#6600,#6601,#6602,
    #6603,#6604,#6605,#6606,#6607,#6608,#6609,#6610,#6611,#6612,#6613,
    #6614,#6615,#6616,#6617,#6618,#6619,#6620,#6621,#6622,#6623,#6624,
    #6625,#6626,#6627,#6628,#6629,#6630,#6631,#6632,#6633,#6634,#6635,
    #6636,#6637,#6638,#6639,#6640,#6641,#6642,#6643,#6644,#6645,#6646,
    #6647,#6648,#6649,#6650,#6651,#6652,#6653,#6654,#6655,#6656,#6657,
    #6658,#6659,#6660,#6661,#6662,#6663,#6664,#6665,#6666,#6667,#6668,
    #6669,#6670,#6671,#6672,#6673,#6674,#6675,#6676,#6677,#6678,#6679,
    #6680,#6681,#6682,#6683,#6684,#6685,#6686,#6687,#6688,#6689,#6690,
    #6691,#6692,#6693,#6694,#6695,#6696,#6697,#6698,#6699,#6700,#6701,
    #6702,#6703,#6704,#6705,#6706,#6707,#6708,#6709,#6710,#6711,#6712,
    #6713,#6714,#6715,#6716,#6717,#6718,#6719,#6720,#6721,#6722,#6723,
    #6724,#6725,#6726,#6727,#6728,#6729,#6730,#6731,#6732,#6733,#6734,
    #6735,#6736,#6737,#6738,#6739,#6740,#6741,#6742,#6743,#6744,#6745,
    #6746,#6747,#6748,#6749,#6750,#6751,#6752,#6753,#6754,#6755,#6756,
    #6757,#6758,#6759,#6760,#6761,#6762,#6763,#6764,#6765,#6766,#6767,
    #6768,#6769,#6770,#6771,#6772,#6773,#6774,#6775,#6776,#6777,#6778,
    #6779,#6780,#6781,#6782,#6783,#6784,#6785,#6786,#6787,#6788,#6789,
    #6790,#6791,#6792,#6793,#6794,#6795,#6796,#6797,#6798,#6799,#6800,
    #6801,#6802,#6803,#6804,#6805,#6806,#6807,#6808,#6809,#6810,#6811,
    #6812,#6813,#6814,#6815,#6816,#6817,#6818,#6819,#6820,#6821,#6822,
    #6823,#6824,#6825,#6826,#6827,#6828,#6829,#6830,#6831,#6832,#6833,
    #6834,#6835,#6836,#6837,#6838,#6839,#6840,#6841,#6842,#6843,#6844,
    #6845,#6846,#6847,#6848,#6849,#6850,#6851,#6852,#6853,#6854,#6855,
    #6856,#6857,#6858,#6859,#6860,#6861,#6862,#6863,#6864,#6865,#6866,
    #6867,#6868,#6869,#6870,#6871,#6872,#6873,#6874,#6875,#6876,#6877,
    #6878,#6879,#6880,#6881,#6882,#6883,#6884,#6885,#6886,#6887,#6888,
    #6889,#6890,#6891,#6892,#6893,#6894,#6895,#6896,#6897,#6898,#6899,
    #6900,#6901,#6902,#6903,#6904,#6905,#6906,#6907,#6908,#6909,#6910,
    #6911,#6912,#6913,#6914,#6915,#6916,#6917,#6918,#6919,#6920,#6921,
    #6922,#6923,#6924,#6925,#6926,#6927,#6928,#6929,#6930,#6931,#6932,
    #6933,#6934,#6935,#6936,#6937,#6938,#6939,#6940,#6941,#6942,#6943,
    #6944,#6945,#6946,#6947,#6948,#6949,#6950,#6951,#6952,#6953,#6954,
    #6955,#6956,#6957,#6958,#6959,#6960,#6961,#6962,#6963,#6964,#6965,
    #6966,#6967,#6968,#6969,#6970,#6971,#6972,#6973,#6974,#6975,#6976,
    #6977,#6978,#6979,#6980,#6981,#6982,#6983,#6984,#6985,#6986,#6987,
    #6988,#6989,#6990,#6991,#6992,#6993,#6994,#6995,#6996,#6997,#6998,
    #6999,#7000,#7001,#7002,#7003,#7004,#7005,#7006,#7007,#7008,#7009,
    #7010,#7011,#7012,#7013,#7014,#7015,#7016,#7017,#7018,#7019,#7020,
    #7021,#7022,#7023,#7024,#7025,#7026,#7027,#7028,#7029,#7030,#7031,
    #7032,#7033,#7034,#7035,#7036,#7037,#7038,#7039,#7040,#7041,#7042,
    #7043,#7044,#7045,#7046,#7047,#7048,#7049,#7050,#7051,#7052,#7053,
    #7054,#7055,#7056,#7057,#7058,#7059,#7060,#7061,#7062,#7063,#7064,
    #7065,#7066,#7067,#7068,#7069,#7070,#7071,#7072,#7073,#7074,#7075,
    #7076,#7077,#7078,#7079,#7080,#7081,#7082,#7083,#7084,#7085,#7086,
    #7087,#7088,#7089,#7090,#7091,#7092,#7093,#7094,#7095,#7096,#7097,
    #7098,#7099,#7100,#7101,#7102,#7103,#7104,#7105,#7106,#7107,#7108,
    #7109,#7110,#7111,#7112,#7113,#7114,#7115,#7116,#7117,#7118,#7119,
    #7120,#7121,#7122,#7123,#7124,#7125,#7126,#7127,#7128,#7129,#7130,
    #7131,#7132,#7133,#7134,#7135,#7136,#7137,#7138,#7139,#7140,#7141,
    #7142,#7143,#7144,#7145,#7146,#7147,#7148,#7149,#7150,#7151,#7152,
    #7153,#7154,#7155,#7156,#7157,#7158,#7159,#7160,#7161,#7162,#7163,
    #7164,#7165,#7166,#7167,#7168,#7169,#7170,#7171,#7172,#7173,#7174,
    #7175,#7176,#7177,#7178,#7179,#7180,#7181,#7182,#7183,#7184,#7185,
    #7186,#7187,#7188,#7189,#7190,#7191,#7192,#7193,#7194,#7195,#7196,
    #7197,#7198,#7199,#7200,#7201,#7202,#7203,#7204,#7205,#7206,#7207,
    #7208,#7209,#7210,#7211,#7212,#7213,#7214,#7215,#7216,#7217,#7218,
    #7219,#7220,#7221,#7222,#7223,#7224,#7225,#7226,#7227,#7228,#7229,
    #7230,#7231,#7232,#7233,#7234,#7235,#7236,#7237,#7238,#7239,#7240,
    #7241,#7242,#7243,#7244,#7245,#7246,#7247,#7248,#7249,#7250,#7251,
    #7252,#7253,#7254,#7255,#7256,#7257,#7258,#7259,#7260,#7261,#7262,
    #7263,#7264,#7265,#7266,#7267,#7268,#7269,#7270,#7271,#7272,#7273,
    #7274,#7275,#7276,#7277,#7278,#7279,#7280,#7281,#7282,#7283,#7284,
    #7285,#7286,#7287,#7288,#7289,#7290,#7291,#7292,#7293,#7294,#7295,
    #7296,#7297,#7298,#7299,#7300,#7301,#7302,#7303,#7304,#7305,#7306,
    #7307,#7308,#7309,#7310,#7311,#7312,#7313,#7314,#7315,#7316,#7317,
    #7318,#7319,#7320,#7321,#7322,#7323,#7324,#7325,#7326,#7327,#7328,
    #7329,#7330,#7331,#7332,#7333,#7334,#7335,#7336,#7337,#7338,#7339,
    #7340,#7341,#7342,#7343,#7344,#7345,#7346,#7347,#7348,#7349,#7350,
    #7351,#7352,#7353,#7354,#7355,#7356,#7357,#7358,#7359,#7360,#7361,
    #7362,#7363,#7364,#7365,#7366,#7367,#7368,#7369,#7370,#7371,#7372,
    #7373,#7374,#7375,#7376,#7377,#7378,#7379,#7380,#7381,#7382,#7383,
    #7384,#7385,#7386,#7387,#7388,#7389,#7390,#7391,#7392,#7393,#7394,
    #7395,#7396,#7397,#7398,#7399,#7400,#7401,#7402,#7403,#7404,#7405,
    #7406,#7407,#7408,#7409,#7410,#7411,#7412,#7413,#7414,#7415,#7416,
    #7417,#7418,#7419,#7420,#7421,#7422,#7423,#7424,#7425,#7426,#7427,
    #7428,#7429,#7430,#7431,#7432,#7433,#7434,#7435,#7436,#7437,#7438,
    #7439,#7440,#7441,#7442,#7443,#7444,#7445,#7446,#7447,#7448,#7449,
    #7450,#7451,#7452,#7453,#7454,#7455,#7456,#7457,#7458,#7459,#7460,
    #7461,#7462,#7463,#7464,#7465,#7466,#7467,#7468,#7469,#7470,#7471,
    #7472,#7473,#7474,#7475,#7476,#7477,#7478,#7479,#7480,#7481,#7482,
    #7483,#7484,#7485,#7486,#7487,#7488,#7489,#7490,#7491,#7492,#7493,
    #7494,#7495,#7496,#7497,#7498,#7499,#7500,#7501,#7502,#7503,#7504,
    #7505,#7506,#7507,#7508,#7509,#7510,#7511,#7512,#7513,#7514,#7515,
    #7516,#7517,#7518,#7519,#7520,#7521,#7522,#7523,#7524,#7525,#7526,
    #7527,#7528,#7529,#7530,#7531,#7532,#7533,#7534,#7535,#7536,#7537,
    #7538,#7539,#7540,#7541,#7542,#7543,#7544,#7545,#7546,#7547,#7548,
    #7549,#7550,#7551,#7552,#7553,#7554,#7555,#7556,#7557,#7558,#7559,
    #7560,#7561,#7562,#7563,#7564,#7565,#7566,#7567,#7568,#7569,#7570,
    #7571,#7572,#7573,#7574,#7575,#7576,#7577,#7578,#7579,#7580,#7581,
    #7582,#7583,#7584,#7585,#7586,#7587,#7588,#7589,#7590,#7591,#7592,
    #7593,#7594,#7595,#7596,#7597,#7598,#7599,#7600,#7601,#7602,#7603,
    #7604,#7605,#7606,#7607,#7608,#7609,#7610,#7611,#7612,#7613,#7614,
    #7615,#7616,#7617,#7618,#7619,#7620,#7621,#7622,#7623,#7624,#7625,
    #7626,#7627,#7628,#7629,#7630,#7631,#7632,#7633,#7634,#7635,#7636,
    #7637,#7638,#7639,#7640,#7641,#7642,#7643,#7644,#7645,#7646,#7647,
    #7648,#7649,#7650,#7651,#7652,#7653,#7654,#7655,#7656,#7657,#7658,
    #7659,#7660,#7661,#7662,#7663,#7664,#7665,#7666,#7667,#7668,#7669,
    #7670,#7671,#7672,#7673,#7674,#7675,#7676,#7677,#7678,#7679,#7680,
    #7681,#7682,#7683,#7684,#7685,#7686,#7687,#7688,#7689,#7690,#7691,
    #7692,#7693,#7694,#7695,#7696,#7697,#7698,#7699,#7700,#7701,#7702,
    #7703,#7704,#7705,#7706,#7707,#7708,#7709,#7710,#7711,#7712,#7713,
    #7714,#7715,#7716,#7717,#7718,#7719,#7720,#7721,#7722,#7723,#7724,
    #7725,#7726,#7727,#7728,#7729,#7730,#7731,#7732,#7733,#7734,#7735,
    #7736,#7737,#7738,#7739,#7740,#7741,#7742,#7743,#7744,#7745,#7746,
    #7747,#7748,#7749,#7750,#7751,#7752,#7753,#7754,#7755,#7756,#7757,
    #7758,#7759,#7760,#7761,#7762,#7763,#7764,#7765,#7766,#7767,#7768,
    #7769,#7770,#7771,#7772,#7773,#7774,#7775,#7776,#7777,#7778,#7779,
    #7780,#7781,#7782,#7783,#7784,#7785,#7786,#7787,#7788,#7789,#7790,
    #7791,#7792,#7793,#7794,#7795,#7796,#7797,#7798,#7799,#7800,#7801,
    #7802,#7803,#7804,#7805,#7806,#7807,#7808,#7809,#7810,#7811,#7812,
    #7813,#7814,#7815,#7816,#7817,#7818,#7819,#7820,#7821,#7822,#7823,
    #7824,#7825,#7826,#7827,#7828,#7829,#7830,#7831,#7832,#7833,#7834,
    #7835,#7836,#7837,#7838,#7839,#7840,#7841,#7842,#7843,#7844,#7845,
    #7846,#7847,#7848,#7849,#7850,#7851,#7852,#7853,#7854,#7855,#7856,
    #7857,#7858,#7859,#7860,#7861,#7862,#7863,#7864,#7865,#7866,#7867,
    #7868,#7869,#7870,#7871,#7872,#7873,#7874,#7875,#7876,#7877,#7878,
    #7879,#7880,#7881,#7882,#7883,#7884,#7885,#7886,#7887,#7888,#7889,
    #7890,#7891,#7892,#7893,#7894,#7895,#7896,#7897,#7898,#7899,#7900,
    #7901,#7902,#7903,#7904,#7905,#7906,#7907,#7908,#7909,#7910,#7911,
    #7912,#7913,#7914,#7915,#7916,#7917,#7918,#7919,#7920,#7921,#7922,
    #7923,#7924,#7925,#7926,#7927,#7928,#7929,#7930,#7931,#7932,#7933,
    #7934,#7935,#7936,#7937,#7938,#7939,#7940,#7941,#7942,#7943,#7944,
    #7945,#7946,#7947,#7948,#7949,#7950,#7951,#7952,#7953,#7954,#7955,
    #7956,#7957,#7958,#7959,#7960,#7961,#7962,#7963,#7964,#7965,#7966,
    #7967,#7968,#7969,#7970,#7971,#7972,#7973,#7974,#7975,#7976,#7977,
    #7978,#7979,#7980,#7981,#7982,#7983,#7984,#7985,#7986,#7987,#7988,
    #7989,#7990,#7991,#7992,#7993,#7994,#7995,#7996,#7997,#7998,#7999,
    #8000,#8001,#8002,#8003,#8004,#8005,#8006,#8007,#8008,#8009,#8010,
    #8011,#8012,#8013,#8014,#8015,#8016,#8017,#8018,#8019,#8020,#8021,
    #8022,#8023,#8024,#8025,#8026,#8027,#8028,#8029,#8030,#8031,#8032,
    #8033,#8034,#8035,#8036,#8037,#8038,#8039,#8040,#8041,#8042,#8043,
    #8044,#8045,#8046,#8047,#8048,#8049,#8050,#8051,#8052,#8053,#8054,
    #8055,#8056,#8057,#8058,#8059,#8060,#8061,#8062,#8063,#8064,#8065,
    #8066,#8067,#8068,#8069,#8070,#8071,#8072,#8073,#8074,#8075,#8076,
    #8077,#8078,#8079,#8080,#8081,#8082,#8083,#8084,#8085,#8086,#8087,
    #8088,#8089,#8090,#8091,#8092),.UNSPECIFIED.,.T.,.F.,(1,5,1,1,1,1,1,
    1,1,1,1,1,1,1,1,1,1,1,1,1,1,1,1,1,1,1,1,1,1,1,1,1,1,1,1,1,1,1,1,1,1,
    1,1,1,1,1,1,1,1,1,1,1,1,1,1,1,1,1,1,1,1,1,1,1,1,1,1,1,1,1,1,1,1,1,1,
    1,1,1,1,1,1,1,1,1,1,1,1,1,1,1,1,1,1,1,1,1,1,1,1,1,1,1,1,1,1,1,1,1,1,
    1,1,1,1,1,1,1,1,1,1,1,1,1,1,1,1,1,1,1,1,1,1,1,1,1,1,1,1,1,1,1,1,1,1,
    1,1,1,1,1,1,1,1,1,1,1,1,1,1,1,1,1,1,1,1,1,1,1,1,1,1,1,1,1,1,1,1,1,1,
    1,1,1,1,1,1,1,1,1,1,1,1,1,1,1,1,1,1,1,1,1,1,1,1,1,1,1,1,1,1,1,1,1,1,
    1,1,1,1,1,1,1,1,1,1,1,1,1,1,1,1,1,1,1,1,1,1,1,1,1,1,1,1,1,1,1,1,1,1,
    1,1,1,1,1,1,1,1,1,1,1,1,1,1,1,1,1,1,1,1,1,1,1,1,1,1,1,1,1,1,1,1,1,1,
    1,1,1,1,1,1,1,1,1,1,1,1,1,1,1,1,1,1,1,1,1,1,1,1,1,1,1,1,1,1,1,1,1,1,
    1,1,1,1,1,1,1,1,1,1,1,1,1,1,1,1,1,1,1,1,1,1,1,1,1,1,1,1,1,1,1,1,1,1,
    1,1,1,1,1,1,1,1,1,1,1,1,1,1,1,1,1,1,1,1,1,1,1,1,1,1,1,1,1,1,1,1,1,1,
    1,1,1,1,1,1,1,1,1,1,1,1,1,1,1,1,1,1,1,1,1,1,1,1,1,1,1,1,1,1,1,1,1,1,
    1,1,1,1,1,1,1,1,1,1,1,1,1,1,1,1,1,1,1,1,1,1,1,1,1,1,1,1,1,1,1,1,1,1,
    1,1,1,1,1,1,1,1,1,1,1,1,1,1,1,1,1,1,1,1,1,1,1,1,1,1,1,1,1,1,1,1,1,1,
    1,1,1,1,1,1,1,1,1,1,1,1,1,1,1,1,1,1,1,1,1,1,1,1,1,1,1,1,1,1,1,1,1,1,
    1,1,1,1,1,1,1,1,1,1,1,1,1,1,1,1,1,1,1,1,1,1,1,1,1,1,1,1,1,1,1,1,1,1,
    1,1,1,1,1,1,1,1,1,1,1,1,1,1,1,1,1,1,1,1,1,1,1,1,1,1,1,1,1,1,1,1,1,1,
    1,1,1,1,1,1,1,1,1,1,1,1,1,1,1,1,1,1,1,1,1,1,1,1,1,1,1,1,1,1,1,1,1,1,
    1,1,1,1,1,1,1,1,1,1,1,1,1,1,1,1,1,1,1,1,1,1,1,1,1,1,1,1,1,1,1,1,1,1,
    1,1,1,1,1,1,1,1,1,1,1,1,1,1,1,1,1,1,1,1,1,1,1,1,1,1,1,1,1,1,1,1,1,1,
    1,1,1,1,1,1,1,1,1,1,1,1,1,1,1,1,1,1,1,1,1,1,1,1,1,1,1,1,1,1,1,1,1,1,
    1,1,1,1,1,1,1,1,1,1,1,1,1,1,1,1,1,1,1,1,1,1,1,1,1,1,1,1,1,1,1,1,1,1,
    1,1,1,1,1,1,1,1,1,1,1,1,1,1,1,1,1,1,1,1,1,1,1,1,1,1,1,1,1,1,1,1,1,1,
    1,1,1,1,1,1,1,1,1,1,1,1,1,1,1,1,1,1,1,1,1,1,1,1,1,1,1,1,1,1,1,1,1,1,
    1,1,1,1,1,1,1,1,1,1,1,1,1,1,1,1,1,1,1,1,1,1,1,1,1,1,1,1,1,1,1,1,1,1,
    1,1,1,1,1,1,1,1,1,1,1,1,1,1,1,1,1,1,1,1,1,1,1,1,1,1,1,1,1,1,1,1,1,1,
    1,1,1,1,1,1,1,1,1,1,1,1,1,1,1,1,1,1,1,1,1,1,1,1,1,1,1,1,1,1,1,1,1,1,
    1,1,1,1,1,1,1,1,1,1,1,1,1,1,1,1,1,1,1,1,1,1,1,1,1,1,1,1,1,1,1,1,1,1,
    1,1,1,1,1,1,1,1,1,1,1,1,1,1,1,1,1,1,1,1,1,1,1,1,1,1,1,1,1,1,1,1,1,1,
    1,1,1,1,1,1,1,1,1,1,1,1,1,1,1,1,1,1,1,1,1,1,1,1,1,1,1,1,1,1,1,1,1,1,
    1,1,1,1,1,1,1,1,1,1,1,1,1,1,1,1,1,1,1,1,1,1,1,1,1,1,1,1,1,1,1,1,1,1,
    1,1,1,1,1,1,1,1,1,1,1,1,1,1,1,1,1,1,1,1,1,1,1,1,1,1,1,1,1,1,1,1,1,1,
    1,1,1,1,1,1,1,1,1,1,1,1,1,1,1,1,1,1,1,1,1,1,1,1,1,1,1,1,1,1,1,1,1,1,
    1,1,1,1,1,1,1,1,1,1,1,1,1,1,1,1,1,1,1,1,1,1,1,1,1,1,1,1,1,1,1,1,1,1,
    1,1,1,1,1,1,1,1,1,1,1,1,1,1,1,1,1,1,1,1,1,1,1,1,1,1,1,1,1,1,1,1,1,1,
    1,1,1,1,1,1,1,1,1,1,1,1,1,1,1,1,1,1,1,1,1,1,1,1,1,1,1,1,1,1,1,1,1,1,
    1,1,1,1,1,1,1,1,1,1,1,1,1,1,1,1,1,1,1,1,1,1,1,1,1,1,1,1,1,1,1,1,1,1,
    1,1,1,1,1,1,1,1,1,1,1,1,1,1,1,1,1,1,1,1,1,1,1,1,1,1,1,1,1,1,1,1,1,1,
    1,1,1,1,1,1,1,1,1,1,1,1,1,1,1,1,1,1,1,1,1,1,1,1,1,1,1,1,1,1,1,1,1,1,
    1,1,1,1,1,1,1,1,1,1,1,1,1,1,1,1,1,1,1,1,1,1,1,1,1,1,1,1,1,1,1,1,1,1,
    1,1,1,1,1,1,1,1,1,1,1,1,1,1,1,1,1,1,1,1,1,1,1,1,1,1,1,1,1,1,1,1,1,1,
    1,1,1,1,1,1,1,1,1,1,1,1,1,1,1,1,1,1,1,1,1,1,1,1,1,1,1,1,1,1,1,1,1,1,
    1,1,1,1,1,1,1,1,1,1,1,1,1,1,1,1,1,1,1,1,1,1,1,1,1,1,1,1,1,1,1,1,1,1,
    1,1,1,1,1,1,1,1,1,1,1,1,1,1,1,1,1,1,1,1,1,1,1,1,1,1,1,1,1,1,1,1,1,1,
    1,1,1,1,1,1,1,1,1,1,1,1,1,1,1,1,1,1,1,1,1,1,1,1,1,1,1,1,1,1,1,1,1,1,
    1,1,1,1,1,1,1,1,1,1,1,1,1,1,1,1,1,1,1,1,1,1,1,1,1,1,1,1,1,1,1,1,1,1,
    1,1,1,1,1,1,1,1,1,1,1,1,1,1,1,1,1,1,1,1,1,1,1,1,1,1,1,1,1,1,5,1),(
    -6.25000000019E-04,0.,6.25E-04,1.25E-03,1.875E-03,2.5E-03,3.125E-03,
    3.75E-03,4.375E-03,5.E-03,5.625E-03,6.25E-03,6.875E-03,7.5E-03,
    8.125E-03,8.75E-03,9.375E-03,1.E-02,1.0625E-02,1.125E-02,1.1875E-02,
    1.25E-02,1.3125E-02,1.375E-02,1.4375E-02,1.5E-02,1.5625E-02,
    1.625E-02,1.6875E-02,1.75E-02,1.8125E-02,1.875E-02,1.9375E-02,2.E-02
    ,2.0625E-02,2.125E-02,2.1875E-02,2.25E-02,2.3125E-02,2.375E-02,
    2.4375E-02,2.5E-02,2.5625E-02,2.625E-02,2.6875E-02,2.75E-02,
    2.8125E-02,2.875E-02,2.9375E-02,3.E-02,3.0625E-02,3.125E-02,
    3.1875E-02,3.25E-02,3.3125E-02,3.375E-02,3.4375E-02,3.5E-02,
    3.5625E-02,3.625E-02,3.6875E-02,3.75E-02,3.8125E-02,3.875E-02,
    3.9375E-02,4.E-02,4.0625E-02,4.125E-02,4.1875E-02,4.25E-02,
    4.3125E-02,4.375E-02,4.4375E-02,4.5E-02,4.5625E-02,4.625E-02,
    4.6875E-02,4.75E-02,4.8125E-02,4.875E-02,4.9375E-02,5.E-02,
    5.0625E-02,5.125E-02,5.1875E-02,5.25E-02,5.3125E-02,5.375E-02,
    5.4375E-02,5.5E-02,5.5625E-02,5.625E-02,5.6875E-02,5.75E-02,
    5.8125E-02,5.875E-02,5.9375E-02,6.E-02,6.0625E-02,6.125E-02,
    6.1875E-02,6.25E-02,6.3125E-02,6.375E-02,6.4375E-02,6.5E-02,
    6.5625E-02,6.625E-02,6.6875E-02,6.75E-02,6.8125E-02,6.875E-02,
    6.9375E-02,7.E-02,7.0625E-02,7.125E-02,7.1875E-02,7.25E-02,
    7.3125E-02,7.375E-02,7.4375E-02,7.5E-02,7.5625E-02,7.625E-02,
    7.6875E-02,7.75E-02,7.8125E-02,7.875E-02,7.9375E-02,8.E-02,
    8.0625E-02,8.125E-02,8.1875E-02,8.25E-02,8.3125E-02,8.375E-02,
    8.4375E-02,8.5E-02,8.5625E-02,8.625E-02,8.6875E-02,8.75E-02,
    8.8125E-02,8.875E-02,8.9375E-02,9.E-02,9.0625E-02,9.125E-02,
    9.1875E-02,9.25E-02,9.3125E-02,9.375E-02,9.4375E-02,9.5E-02,
    9.5625E-02,9.625E-02,9.6875E-02,9.75E-02,9.8125E-02,9.875E-02,
    9.9375E-02,0.1,0.100625,0.10125,0.101875,0.1025,0.103125,0.10375,
    0.104375,0.105,0.105625,0.10625,0.106875,0.1075,0.108125,0.10875,
    0.109375,0.11,0.110625,0.11125,0.111875,0.1125,0.113125,0.11375,
    0.114375,0.115,0.115625,0.11625,0.116875,0.1175,0.118125,0.11875,
    0.119375,0.12,0.120625,0.12125,0.121875,0.1225,0.123125,0.12375,
    0.124375,0.125,0.125625,0.12625,0.126875,0.1275,0.128125,0.12875,
    0.129375,0.13,0.130625,0.13125,0.131875,0.1325,0.133125,0.13375,
    0.134375,0.135,0.135625,0.13625,0.136875,0.1375,0.138125,0.13875,
    0.139375,0.14,0.140625,0.14125,0.141875,0.1425,0.143125,0.14375,
    0.144375,0.145,0.145625,0.14625,0.146875,0.1475,0.148125,0.14875,
    0.149375,0.15,0.150625,0.15125,0.151875,0.1525,0.153125,0.15375,
    0.154375,0.155,0.155625,0.15625,0.156875,0.1575,0.158125,0.15875,
    0.159375,0.16,0.160625,0.16125,0.161875,0.1625,0.163125,0.16375,
    0.164375,0.165,0.165625,0.16625,0.166875,0.1675,0.168125,0.16875,
    0.169375,0.17,0.170625,0.17125,0.171875,0.1725,0.173125,0.17375,
    0.174375,0.175,0.175625,0.17625,0.176875,0.1775,0.178125,0.17875,
    0.179375,0.18,0.180625,0.18125,0.181875,0.1825,0.183125,0.18375,
    0.184375,0.185,0.185625,0.18625,0.186875,0.1875,0.188125,0.18875,
    0.189375,0.19,0.190625,0.19125,0.191875,0.1925,0.193125,0.19375,
    0.194375,0.195,0.195625,0.19625,0.196875,0.1975,0.198125,0.19875,
    0.199375,0.2,0.200625,0.20125,0.201875,0.2025,0.203125,0.20375,
    0.204375,0.205,0.205625,0.20625,0.206875,0.2075,0.208125,0.20875,
    0.209375,0.21,0.210625,0.21125,0.211875,0.2125,0.213125,0.21375,
    0.214375,0.215,0.215625,0.21625,0.216875,0.2175,0.218125,0.21875,
    0.219375,0.22,0.220625,0.22125,0.221875,0.2225,0.223125,0.22375,
    0.224375,0.225,0.225625,0.22625,0.226875,0.2275,0.228125,0.22875,
    0.229375,0.23,0.230625,0.23125,0.231875,0.2325,0.233125,0.23375,
    0.234375,0.235,0.235625,0.23625,0.236875,0.2375,0.238125,0.23875,
    0.239375,0.24,0.240625,0.24125,0.241875,0.2425,0.243125,0.24375,
    0.244375,0.245,0.245625,0.24625,0.246875,0.2475,0.248125,0.24875,
    0.249375,0.25,0.250625,0.25125,0.251875,0.2525,0.253125,0.25375,
    0.254375,0.255,0.255625,0.25625,0.256875,0.2575,0.258125,0.25875,
    0.259375,0.26,0.260625,0.26125,0.261875,0.2625,0.263125,0.26375,
    0.264375,0.265,0.265625,0.26625,0.266875,0.2675,0.268125,0.26875,
    0.269375,0.27,0.270625,0.27125,0.271875,0.2725,0.273125,0.27375,
    0.274375,0.275,0.275625,0.27625,0.276875,0.2775,0.278125,0.27875,
    0.279375,0.28,0.280625,0.28125,0.281875,0.2825,0.283125,0.28375,
    0.284375,0.285,0.285625,0.28625,0.286875,0.2875,0.288125,0.28875,
    0.289375,0.29,0.290625,0.29125,0.291875,0.2925,0.293125,0.29375,
    0.294375,0.295,0.295625,0.29625,0.296875,0.2975,0.298125,0.29875,
    0.299375,0.3,0.300625,0.30125,0.301875,0.3025,0.303125,0.30375,
    0.304375,0.305,0.305625,0.30625,0.306875,0.3075,0.308125,0.30875,
    0.309375,0.31,0.310625,0.31125,0.311875,0.3125,0.313125,0.31375,
    0.314375,0.315,0.315625,0.31625,0.316875,0.3175,0.318125,0.31875,
    0.319375,0.32,0.320625,0.32125,0.321875,0.3225,0.323125,0.32375,
    0.324375,0.325,0.325625,0.32625,0.326875,0.3275,0.328125,0.32875,
    0.329375,0.33,0.330625,0.33125,0.331875,0.3325,0.333125,0.33375,
    0.334375,0.335,0.335625,0.33625,0.336875,0.3375,0.338125,0.33875,
    0.339375,0.34,0.340625,0.34125,0.341875,0.3425,0.343125,0.34375,
    0.344375,0.345,0.345625,0.34625,0.346875,0.3475,0.348125,0.34875,
    0.349375,0.35,0.350625,0.35125,0.351875,0.3525,0.353125,0.35375,
    0.354375,0.355,0.355625,0.35625,0.356875,0.3575,0.358125,0.35875,
    0.359375,0.36,0.360625,0.36125,0.361875,0.3625,0.363125,0.36375,
    0.364375,0.365,0.365625,0.36625,0.366875,0.3675,0.368125,0.36875,
    0.369375,0.37,0.370625,0.37125,0.371875,0.3725,0.373125,0.37375,
    0.374375,0.375,0.375625,0.37625,0.376875,0.3775,0.378125,0.37875,
    0.379375,0.38,0.380625,0.38125,0.381875,0.3825,0.383125,0.38375,
    0.384375,0.385,0.385625,0.38625,0.386875,0.3875,0.388125,0.38875,
    0.389375,0.39,0.390625,0.39125,0.391875,0.3925,0.393125,0.39375,
    0.394375,0.395,0.395625,0.39625,0.396875,0.3975,0.398125,0.39875,
    0.399375,0.4,0.400625,0.40125,0.401875,0.4025,0.403125,0.40375,
    0.404375,0.405,0.405625,0.40625,0.406875,0.4075,0.408125,0.40875,
    0.409375,0.41,0.410625,0.41125,0.411875,0.4125,0.413125,0.41375,
    0.414375,0.415,0.415625,0.41625,0.416875,0.4175,0.418125,0.41875,
    0.419375,0.42,0.420625,0.42125,0.421875,0.4225,0.423125,0.42375,
    0.424375,0.425,0.425625,0.42625,0.426875,0.4275,0.428125,0.42875,
    0.429375,0.43,0.430625,0.43125,0.431875,0.4325,0.433125,0.43375,
    0.434375,0.435,0.435625,0.43625,0.436875,0.4375,0.438125,0.43875,
    0.439375,0.44,0.440625,0.44125,0.441875,0.4425,0.443125,0.44375,
    0.444375,0.445,0.445625,0.44625,0.446875,0.4475,0.448125,0.44875,
    0.449375,0.45,0.450625,0.45125,0.451875,0.4525,0.453125,0.45375,
    0.454375,0.455,0.455625,0.45625,0.456875,0.4575,0.458125,0.45875,
    0.459375,0.46,0.460625,0.46125,0.461875,0.4625,0.463125,0.46375,
    0.464375,0.465,0.465625,0.46625,0.466875,0.4675,0.468125,0.46875,
    0.469375,0.47,0.470625,0.47125,0.471875,0.4725,0.473125,0.47375,
    0.474375,0.475,0.475625,0.47625,0.476875,0.4775,0.478125,0.47875,
    0.479375,0.48,0.480625,0.48125,0.481875,0.4825,0.483125,0.48375,
    0.484375,0.485,0.485625,0.48625,0.486875,0.4875,0.488125,0.48875,
    0.489375,0.49,0.490625,0.49125,0.491875,0.4925,0.493125,0.49375,
    0.494375,0.495,0.495625,0.49625,0.496875,0.4975,0.498125,0.49875,
    0.499375,0.5,0.500625,0.50125,0.501875,0.5025,0.503125,0.50375,
    0.504375,0.505,0.505625,0.50625,0.506875,0.5075,0.508125,0.50875,
    0.509375,0.51,0.510625,0.51125,0.511875,0.5125,0.513125,0.51375,
    0.514375,0.515,0.515625,0.51625,0.516875,0.5175,0.518125,0.51875,
    0.519375,0.52,0.520625,0.52125,0.521875,0.5225,0.523125,0.52375,
    0.524375,0.525,0.525625,0.52625,0.526875,0.5275,0.528125,0.52875,
    0.529375,0.53,0.530625,0.53125,0.531875,0.5325,0.533125,0.53375,
    0.534375,0.535,0.535625,0.53625,0.536875,0.5375,0.538125,0.53875,
    0.539375,0.54,0.540625,0.54125,0.541875,0.5425,0.543125,0.54375,
    0.544375,0.545,0.545625,0.54625,0.546875,0.5475,0.548125,0.54875,
    0.549375,0.55,0.550625,0.55125,0.551875,0.5525,0.553125,0.55375,
    0.554375,0.555,0.555625,0.55625,0.556875,0.5575,0.558125,0.55875,
    0.559375,0.56,0.560625,0.56125,0.561875,0.5625,0.563125,0.56375,
    0.564375,0.565,0.565625,0.56625,0.566875,0.5675,0.568125,0.56875,
    0.569375,0.57,0.570625,0.57125,0.571875,0.5725,0.573125,0.57375,
    0.574375,0.575,0.575625,0.57625,0.576875,0.5775,0.578125,0.57875,
    0.579375,0.58,0.580625,0.58125,0.581875,0.5825,0.583125,0.58375,
    0.584375,0.585,0.585625,0.58625,0.586875,0.5875,0.588125,0.58875,
    0.589375,0.59,0.590625,0.59125,0.591875,0.5925,0.593125,0.59375,
    0.594375,0.595,0.595625,0.59625,0.596875,0.5975,0.598125,0.59875,
    0.599375,0.6,0.600625,0.60125,0.601875,0.6025,0.603125,0.60375,
    0.604375,0.605,0.605625,0.60625,0.606875,0.6075,0.608125,0.60875,
    0.609375,0.61,0.610625,0.61125,0.611875,0.6125,0.613125,0.61375,
    0.614375,0.615,0.615625,0.61625,0.616875,0.6175,0.618125,0.61875,
    0.619375,0.62,0.620625,0.62125,0.621875,0.6225,0.623125,0.62375,
    0.624375,0.625,0.625625,0.62625,0.626875,0.6275,0.628125,0.62875,
    0.629375,0.63,0.630625,0.63125,0.631875,0.6325,0.633125,0.63375,
    0.634375,0.635,0.635625,0.63625,0.636875,0.6375,0.638125,0.63875,
    0.639375,0.64,0.640625,0.64125,0.641875,0.6425,0.643125,0.64375,
    0.644375,0.645,0.645625,0.64625,0.646875,0.6475,0.648125,0.64875,
    0.649375,0.65,0.650625,0.65125,0.651875,0.6525,0.653125,0.65375,
    0.654375,0.655,0.655625,0.65625,0.656875,0.6575,0.658125,0.65875,
    0.659375,0.66,0.660625,0.66125,0.661875,0.6625,0.663125,0.66375,
    0.664375,0.665,0.665625,0.66625,0.666875,0.6675,0.668125,0.66875,
    0.669375,0.67,0.670625,0.67125,0.671875,0.6725,0.673125,0.67375,
    0.674375,0.675,0.675625,0.67625,0.676875,0.6775,0.678125,0.67875,
    0.679375,0.68,0.680625,0.68125,0.681875,0.6825,0.683125,0.68375,
    0.684375,0.685,0.685625,0.68625,0.686875,0.6875,0.688125,0.68875,
    0.689375,0.69,0.690625,0.69125,0.691875,0.6925,0.693125,0.69375,
    0.694375,0.695,0.695625,0.69625,0.696875,0.6975,0.698125,0.69875,
    0.699375,0.7,0.700625,0.70125,0.701875,0.7025,0.703125,0.70375,
    0.704375,0.705,0.705625,0.70625,0.706875,0.7075,0.708125,0.70875,
    0.709375,0.71,0.710625,0.71125,0.711875,0.7125,0.713125,0.71375,
    0.714375,0.715,0.715625,0.71625,0.716875,0.7175,0.718125,0.71875,
    0.719375,0.72,0.720625,0.72125,0.721875,0.7225,0.723125,0.72375,
    0.724375,0.725,0.725625,0.72625,0.726875,0.7275,0.728125,0.72875,
    0.729375,0.73,0.730625,0.73125,0.731875,0.7325,0.733125,0.73375,
    0.734375,0.735,0.735625,0.73625,0.736875,0.7375,0.738125,0.73875,
    0.739375,0.74,0.740625,0.74125,0.741875,0.7425,0.743125,0.74375,
    0.744375,0.745,0.745625,0.74625,0.746875,0.7475,0.748125,0.74875,
    0.749375,0.75,0.750625,0.75125,0.751875,0.7525,0.753125,0.75375,
    0.754375,0.755,0.755625,0.75625,0.756875,0.7575,0.758125,0.75875,
    0.759375,0.76,0.760625,0.76125,0.761875,0.7625,0.763125,0.76375,
    0.764375,0.765,0.765625,0.76625,0.766875,0.7675,0.768125,0.76875,
    0.769375,0.77,0.770625,0.77125,0.771875,0.7725,0.773125,0.77375,
    0.774375,0.775,0.775625,0.77625,0.776875,0.7775,0.778125,0.77875,
    0.779375,0.78,0.780625,0.78125,0.781875,0.7825,0.783125,0.78375,
    0.784375,0.785,0.785625,0.78625,0.786875,0.7875,0.788125,0.78875,
    0.789375,0.79,0.790625,0.79125,0.791875,0.7925,0.793125,0.79375,
    0.794375,0.795,0.795625,0.79625,0.796875,0.7975,0.798125,0.79875,
    0.799375,0.8,0.800625,0.80125,0.801875,0.8025,0.803125,0.80375,
    0.804375,0.805,0.805625,0.80625,0.806875,0.8075,0.808125,0.80875,
    0.809375,0.81,0.810625,0.81125,0.811875,0.8125,0.813125,0.81375,
    0.814375,0.815,0.815625,0.81625,0.816875,0.8175,0.818125,0.81875,
    0.819375,0.82,0.820625,0.82125,0.821875,0.8225,0.823125,0.82375,
    0.824375,0.825,0.825625,0.82625,0.826875,0.8275,0.828125,0.82875,
    0.829375,0.83,0.830625,0.83125,0.831875,0.8325,0.833125,0.83375,
    0.834375,0.835,0.835625,0.83625,0.836875,0.8375,0.838125,0.83875,
    0.839375,0.84,0.840625,0.84125,0.841875,0.8425,0.843125,0.84375,
    0.844375,0.845,0.845625,0.84625,0.846875,0.8475,0.848125,0.84875,
    0.849375,0.85,0.850625,0.85125,0.851875,0.8525,0.853125,0.85375,
    0.854375,0.855,0.855625,0.85625,0.856875,0.8575,0.858125,0.85875,
    0.859375,0.86,0.860625,0.86125,0.861875,0.8625,0.863125,0.86375,
    0.864375,0.865,0.865625,0.86625,0.866875,0.8675,0.868125,0.86875,
    0.869375,0.87,0.870625,0.87125,0.871875,0.8725,0.873125,0.87375,
    0.874375,0.875,0.875625,0.87625,0.876875,0.8775,0.878125,0.87875,
    0.879375,0.88,0.880625,0.88125,0.881875,0.8825,0.883125,0.88375,
    0.884375,0.885,0.885625,0.88625,0.886875,0.8875,0.888125,0.88875,
    0.889375,0.89,0.890625,0.89125,0.891875,0.8925,0.893125,0.89375,
    0.894375,0.895,0.895625,0.89625,0.896875,0.8975,0.898125,0.89875,
    0.899375,0.9,0.900625,0.90125,0.901875,0.9025,0.903125,0.90375,
    0.904375,0.905,0.905625,0.90625,0.906875,0.9075,0.908125,0.90875,
    0.909375,0.91,0.910625,0.91125,0.911875,0.9125,0.913125,0.91375,
    0.914375,0.915,0.915625,0.91625,0.916875,0.9175,0.918125,0.91875,
    0.919375,0.92,0.920625,0.92125,0.921875,0.9225,0.923125,0.92375,
    0.924375,0.925,0.925625,0.92625,0.926875,0.9275,0.928125,0.92875,
    0.929375,0.93,0.930625,0.93125,0.931875,0.9325,0.933125,0.93375,
    0.934375,0.935,0.935625,0.93625,0.936875,0.9375,0.938125,0.93875,
    0.939375,0.94,0.940625,0.94125,0.941875,0.9425,0.943125,0.94375,
    0.944375,0.945,0.945625,0.94625,0.946875,0.9475,0.948125,0.94875,
    0.949375,0.95,0.950625,0.95125,0.951875,0.9525,0.953125,0.95375,
    0.954375,0.955,0.955625,0.95625,0.956875,0.9575,0.958125,0.95875,
    0.959375,0.96,0.960625,0.96125,0.961875,0.9625,0.963125,0.96375,
    0.964375,0.965,0.965625,0.96625,0.966875,0.9675,0.968125,0.96875,
    0.969375,0.97,0.970625,0.97125,0.971875,0.9725,0.973125,0.97375,
    0.974375,0.975,0.975625,0.97625,0.976875,0.9775,0.978125,0.97875,
    0.979375,0.98,0.980625,0.98125,0.981875,0.9825,0.983125,0.98375,
    0.984375,0.985,0.985625,0.98625,0.986875,0.9875,0.988125,0.98875,
    0.989375,0.99,0.990625,0.99125,0.991875,0.9925,0.993125,0.99375,
    0.994375,0.995,0.995625,0.99625,0.996875,0.9975,0.998125,0.99875,
    0.999375,1.,1.000625),.UNSPECIFIED.);
#6488 = CARTESIAN_POINT('',(42.5,0.,10.));
#6489 = CARTESIAN_POINT('',(42.500000000296,3.832791655935E-02,10.));
#6490 = CARTESIAN_POINT('',(42.500688642591,0.114983749727,10.));
#6491 = CARTESIAN_POINT('',(42.503787519758,0.22994427042,10.));
#6492 = CARTESIAN_POINT('',(42.512046996572,0.383085589469,10.));
#6493 = CARTESIAN_POINT('',(42.529223546374,0.574045649506,10.));
#6494 = CARTESIAN_POINT('',(42.553212847787,0.764300816817,10.));
#6495 = CARTESIAN_POINT('',(42.583967531298,0.953606777484,10.));
#6496 = CARTESIAN_POINT('',(42.621436704033,1.141711204095,10.));
#6497 = CARTESIAN_POINT('',(42.665570318152,1.328351754114,10.));
#6498 = CARTESIAN_POINT('',(42.71631108355,1.513267561589,10.));
#6499 = CARTESIAN_POINT('',(42.773586377498,1.696210727499,10.));
#6500 = CARTESIAN_POINT('',(42.83730015626,1.876957809743,10.));
#6501 = CARTESIAN_POINT('',(42.907324864392,2.0553213154,10.));
#6502 = CARTESIAN_POINT('',(42.983493348862,2.2311611864,10.));
#6503 = CARTESIAN_POINT('',(43.065614301817,2.40436193436,10.));
#6504 = CARTESIAN_POINT('',(43.153487698952,2.574809781924,10.));
#6505 = CARTESIAN_POINT('',(43.246920239045,2.742369802309,10.));
#6506 = CARTESIAN_POINT('',(43.345740784008,2.906863058184,10.));
#6507 = CARTESIAN_POINT('',(43.449815795899,3.068043744735,10.));
#6508 = CARTESIAN_POINT('',(43.558999469252,3.225675339481,10.));
#6509 = CARTESIAN_POINT('',(43.673083869522,3.379606740466,10.));
#6510 = CARTESIAN_POINT('',(43.791749064712,3.52984842022,10.));
#6511 = CARTESIAN_POINT('',(43.91451326985,3.676648547388,10.));
#6512 = CARTESIAN_POINT('',(44.040682956592,3.820569194937,10.));
#6513 = CARTESIAN_POINT('',(44.169365344243,3.962422676376,10.));
#6514 = CARTESIAN_POINT('',(44.299480952829,4.103207790178,10.));
#6515 = CARTESIAN_POINT('',(44.429776086244,4.244046109451,10.));
#6516 = CARTESIAN_POINT('',(44.558835451476,4.386118228221,10.));
#6517 = CARTESIAN_POINT('',(44.685094424939,4.53060009341,10.));
#6518 = CARTESIAN_POINT('',(44.806969425467,4.678574161782,10.));
#6519 = CARTESIAN_POINT('',(44.922988586459,4.830940521825,10.));
#6520 = CARTESIAN_POINT('',(45.031922404953,4.988327954984,10.));
#6521 = CARTESIAN_POINT('',(45.13291419953,5.151005190419,10.));
#6522 = CARTESIAN_POINT('',(45.225611207445,5.318791610654,10.));
#6523 = CARTESIAN_POINT('',(45.310032814785,5.491187635967,10.));
#6524 = CARTESIAN_POINT('',(45.386438126495,5.667505656033,10.));
#6525 = CARTESIAN_POINT('',(45.455193765876,5.847000774927,10.));
#6526 = CARTESIAN_POINT('',(45.516641614073,6.029001596546,10.));
#6527 = CARTESIAN_POINT('',(45.570966473695,6.213041098806,10.));
#6528 = CARTESIAN_POINT('',(45.618239266258,6.398804460723,10.));
#6529 = CARTESIAN_POINT('',(45.658460358969,6.586076756465,10.));
#6530 = CARTESIAN_POINT('',(45.691602842898,6.774690699377,10.));
#6531 = CARTESIAN_POINT('',(45.717655831582,6.964474365075,10.));
#6532 = CARTESIAN_POINT('',(45.736667751075,7.155198923314,10.));
#6533 = CARTESIAN_POINT('',(45.748727767069,7.346595915153,10.));
#6534 = CARTESIAN_POINT('',(45.753947209957,7.538374532235,10.));
#6535 = CARTESIAN_POINT('',(45.752441001233,7.730238894778,10.));
#6536 = CARTESIAN_POINT('',(45.744309078393,7.921905330853,10.));
#6537 = CARTESIAN_POINT('',(45.729617823109,8.113119653017,10.));
#6538 = CARTESIAN_POINT('',(45.708409818521,8.30365186553,10.));
#6539 = CARTESIAN_POINT('',(45.680713603335,8.493290874117,10.));
#6540 = CARTESIAN_POINT('',(45.646553427066,8.68183919485,10.));
#6541 = CARTESIAN_POINT('',(45.605959004776,8.869107663423,10.));
#6542 = CARTESIAN_POINT('',(45.558975272044,9.054910144324,10.));
#6543 = CARTESIAN_POINT('',(45.505655397624,9.239054908647,10.));
#6544 = CARTESIAN_POINT('',(45.446053796296,9.421336012097,10.));
#6545 = CARTESIAN_POINT('',(45.380219141394,9.601524672441,10.));
#6546 = CARTESIAN_POINT('',(45.308187378049,9.779360648189,10.));
#6547 = CARTESIAN_POINT('',(45.229974734472,9.954543613745,10.));
#6548 = CARTESIAN_POINT('',(45.145588267925,10.126756229259,10.));
#6549 = CARTESIAN_POINT('',(45.055036412706,10.295687214164,10.));
#6550 = CARTESIAN_POINT('',(44.958339527227,10.461054418961,10.));
#6551 = CARTESIAN_POINT('',(44.855540441853,10.622627898701,10.));
#6552 = CARTESIAN_POINT('',(44.746715005626,10.780252983707,10.));
#6553 = CARTESIAN_POINT('',(44.631952094418,10.933785422539,10.));
#6554 = CARTESIAN_POINT('',(44.511333614546,11.083026513588,10.));
#6555 = CARTESIAN_POINT('',(44.384914517245,11.227658263842,10.));
#6556 = CARTESIAN_POINT('',(44.252702787353,11.367178482829,10.));
#6557 = CARTESIAN_POINT('',(44.114639500622,11.500836049113,10.));
#6558 = CARTESIAN_POINT('',(43.970671002461,11.62780246616,10.));
#6559 = CARTESIAN_POINT('',(43.820821050491,11.747343307026,10.));
#6560 = CARTESIAN_POINT('',(43.665262917158,11.858989598763,10.));
#6561 = CARTESIAN_POINT('',(43.504391632923,11.962709467114,10.));
#6562 = CARTESIAN_POINT('',(43.338895828931,12.059079022826,10.));
#6563 = CARTESIAN_POINT('',(43.16967079124,12.149149695197,10.));
#6564 = CARTESIAN_POINT('',(42.997731895569,12.23431631773,10.));
#6565 = CARTESIAN_POINT('',(42.824127939453,12.316184961769,10.));
#6566 = CARTESIAN_POINT('',(42.649854429888,12.396440817362,10.));
#6567 = CARTESIAN_POINT('',(42.475767133964,12.476716221017,10.));
#6568 = CARTESIAN_POINT('',(42.302595110437,12.558527140021,10.));
#6569 = CARTESIAN_POINT('',(42.130953448007,12.643209442506,10.));
#6570 = CARTESIAN_POINT('',(41.961356112733,12.731855259686,10.));
#6571 = CARTESIAN_POINT('',(41.79422874815,12.825249279515,10.));
#6572 = CARTESIAN_POINT('',(41.629921497594,12.923805148931,10.));
#6573 = CARTESIAN_POINT('',(41.468725933225,13.027654973807,10.));
#6574 = CARTESIAN_POINT('',(41.310891985958,13.136738725569,10.));
#6575 = CARTESIAN_POINT('',(41.156644874903,13.250893682607,10.));
#6576 = CARTESIAN_POINT('',(41.006202036534,13.369943854495,10.));
#6577 = CARTESIAN_POINT('',(40.859790055054,13.493789419305,10.));
#6578 = CARTESIAN_POINT('',(40.717639148128,13.622379698095,10.));
#6579 = CARTESIAN_POINT('',(40.579977651391,13.755686124369,10.));
#6580 = CARTESIAN_POINT('',(40.447026503191,13.893675214355,10.));
#6581 = CARTESIAN_POINT('',(40.318993729727,14.036281539376,10.));
#6582 = CARTESIAN_POINT('',(40.196068928571,14.183380690541,10.));
#6583 = CARTESIAN_POINT('',(40.078426342953,14.334802985519,10.));
#6584 = CARTESIAN_POINT('',(39.966227937662,14.490347183104,10.));
#6585 = CARTESIAN_POINT('',(39.859626474425,14.649794195105,10.));
#6586 = CARTESIAN_POINT('',(39.75876858722,14.812920798602,10.));
#6587 = CARTESIAN_POINT('',(39.663797858312,14.979513349975,10.));
#6588 = CARTESIAN_POINT('',(39.574851542287,15.149364260304,10.));
#6589 = CARTESIAN_POINT('',(39.492057289179,15.322268468357,10.));
#6590 = CARTESIAN_POINT('',(39.415529867922,15.498019914493,10.));
#6591 = CARTESIAN_POINT('',(39.345367889623,15.676408014176,10.));
#6592 = CARTESIAN_POINT('',(39.281650530894,15.857214131637,10.));
#6593 = CARTESIAN_POINT('',(39.224442344058,16.040211404321,10.));
#6594 = CARTESIAN_POINT('',(39.1737980675,16.225164567277,10.));
#6595 = CARTESIAN_POINT('',(39.129767435623,16.411829777688,10.));
#6596 = CARTESIAN_POINT('',(39.092399989668,16.599954438987,10.));
#6597 = CARTESIAN_POINT('',(39.061749886203,16.789277026044,10.));
#6598 = CARTESIAN_POINT('',(39.037864024892,16.979534606061,10.));
#6599 = CARTESIAN_POINT('',(39.020770178041,17.17047035874,10.));
#6600 = CARTESIAN_POINT('',(39.01046512035,17.361841096129,10.));
#6601 = CARTESIAN_POINT('',(39.006902756411,17.553424784011,10.));
#6602 = CARTESIAN_POINT('',(39.009982254854,17.745028058902,10.));
#6603 = CARTESIAN_POINT('',(39.019571065762,17.936471013103,10.));
#6604 = CARTESIAN_POINT('',(39.035527931483,18.127571984058,10.));
#6605 = CARTESIAN_POINT('',(39.057725899217,18.318132342497,10.));
#6606 = CARTESIAN_POINT('',(39.08607533434,18.507921280172,10.));
#6607 = CARTESIAN_POINT('',(39.120546929312,18.696660600288,10.));
#6608 = CARTESIAN_POINT('',(39.16109649068,18.884075987228,10.));
#6609 = CARTESIAN_POINT('',(39.20758973619,19.069948267883,10.));
#6610 = CARTESIAN_POINT('',(39.259727079557,19.254164684933,10.));
#6611 = CARTESIAN_POINT('',(39.316968439474,19.436770145185,10.));
#6612 = CARTESIAN_POINT('',(39.378457983287,19.618018534543,10.));
#6613 = CARTESIAN_POINT('',(39.443060030261,19.798318680451,10.));
#6614 = CARTESIAN_POINT('',(39.509395047317,19.978180253275,10.));
#6615 = CARTESIAN_POINT('',(39.575875562837,20.158159682722,10.));
#6616 = CARTESIAN_POINT('',(39.6407422228,20.338806086261,10.));
#6617 = CARTESIAN_POINT('',(39.702099488093,20.520607141661,10.));
#6618 = CARTESIAN_POINT('',(39.75807008222,20.703956898294,10.));
#6619 = CARTESIAN_POINT('',(39.806949728802,20.889123670529,10.));
#6620 = CARTESIAN_POINT('',(39.847361890974,21.076217866259,10.));
#6621 = CARTESIAN_POINT('',(39.878412260111,21.265159921071,10.));
#6622 = CARTESIAN_POINT('',(39.899844045249,21.455647969717,10.));
#6623 = CARTESIAN_POINT('',(39.911866337679,21.647227879452,10.));
#6624 = CARTESIAN_POINT('',(39.914981656238,21.839363536341,10.));
#6625 = CARTESIAN_POINT('',(39.909813776015,22.031507046948,10.));
#6626 = CARTESIAN_POINT('',(39.896935486169,22.223168954405,10.));
#6627 = CARTESIAN_POINT('',(39.876696243665,22.41398850746,10.));
#6628 = CARTESIAN_POINT('',(39.849282048213,22.603701989941,10.));
#6629 = CARTESIAN_POINT('',(39.814775487623,22.792110976794,10.));
#6630 = CARTESIAN_POINT('',(39.773215719116,22.979050617701,10.));
#6631 = CARTESIAN_POINT('',(39.724658477526,23.164357909176,10.));
#6632 = CARTESIAN_POINT('',(39.669236072234,23.347839971486,10.));
#6633 = CARTESIAN_POINT('',(39.607133616392,23.529282903146,10.));
#6634 = CARTESIAN_POINT('',(39.538565253408,23.708460636562,10.));
#6635 = CARTESIAN_POINT('',(39.463750385191,23.885143793011,10.));
#6636 = CARTESIAN_POINT('',(39.382889898494,24.059108538227,10.));
#6637 = CARTESIAN_POINT('',(39.296142395309,24.230145436801,10.));
#6638 = CARTESIAN_POINT('',(39.203635232884,24.398058296236,10.));
#6639 = CARTESIAN_POINT('',(39.105475559827,24.562663012144,10.));
#6640 = CARTESIAN_POINT('',(39.0017613536,24.723786413052,10.));
#6641 = CARTESIAN_POINT('',(38.892592457383,24.881265105393,10.));
#6642 = CARTESIAN_POINT('',(38.778081617217,25.034944318479,10.));
#6643 = CARTESIAN_POINT('',(38.658351326102,25.1846672647,10.));
#6644 = CARTESIAN_POINT('',(38.533530668207,25.330264499972,10.));
#6645 = CARTESIAN_POINT('',(38.403752163,25.471543283549,10.));
#6646 = CARTESIAN_POINT('',(38.269148609557,25.608276939251,10.));
#6647 = CARTESIAN_POINT('',(38.12984993042,25.740194212675,10.));
#6648 = CARTESIAN_POINT('',(37.985984086354,25.867004620724,10.));
#6649 = CARTESIAN_POINT('',(37.837677991551,25.988423805323,10.));
#6650 = CARTESIAN_POINT('',(37.68505842867,26.104198885149,10.));
#6651 = CARTESIAN_POINT('',(37.528252963928,26.214133809242,10.));
#6652 = CARTESIAN_POINT('',(37.367390862225,26.318114707626,10.));
#6653 = CARTESIAN_POINT('',(37.202609436798,26.41604232067,10.));
#6654 = CARTESIAN_POINT('',(37.034060399027,26.507764416215,10.));
#6655 = CARTESIAN_POINT('',(36.861916207894,26.593008235955,10.));
#6656 = CARTESIAN_POINT('',(36.6863764204,26.671312872055,10.));
#6657 = CARTESIAN_POINT('',(36.507674039371,26.74196182946,10.));
#6658 = CARTESIAN_POINT('',(36.326076546323,26.804169144457,10.));
#6659 = CARTESIAN_POINT('',(36.14188694346,26.857265386672,10.));
#6660 = CARTESIAN_POINT('',(35.955444781827,26.900883590093,10.));
#6661 = CARTESIAN_POINT('',(35.76712721973,26.935145478358,10.));
#6662 = CARTESIAN_POINT('',(35.577350001352,26.960846836124,10.));
#6663 = CARTESIAN_POINT('',(35.386537898583,26.979301668542,10.));
#6664 = CARTESIAN_POINT('',(35.195095216595,26.992187201201,10.));
#6665 = CARTESIAN_POINT('',(35.00337630107,27.001388607984,10.));
#6666 = CARTESIAN_POINT('',(34.811655986235,27.008843765518,10.));
#6667 = CARTESIAN_POINT('',(34.620100229653,27.016388243983,10.));
#6668 = CARTESIAN_POINT('',(34.428802458225,27.025701613234,10.));
#6669 = CARTESIAN_POINT('',(34.237819725206,27.038253438751,10.));
#6670 = CARTESIAN_POINT('',(34.047208932797,27.055249404504,10.));
#6671 = CARTESIAN_POINT('',(33.857063037267,27.077577354363,10.));
#6672 = CARTESIAN_POINT('',(33.667547233048,27.10575344232,10.));
#6673 = CARTESIAN_POINT('',(33.478880342961,27.140011298122,10.));
#6674 = CARTESIAN_POINT('',(33.291316245005,27.180391107021,10.));
#6675 = CARTESIAN_POINT('',(33.105125285371,27.226828721473,10.));
#6676 = CARTESIAN_POINT('',(32.920575697787,27.27924475686,10.));
#6677 = CARTESIAN_POINT('',(32.737915018959,27.337633699769,10.));
#6678 = CARTESIAN_POINT('',(32.557375336266,27.402036829447,10.));
#6679 = CARTESIAN_POINT('',(32.379178536253,27.472515134158,10.));
#6680 = CARTESIAN_POINT('',(32.203541553022,27.549122228375,10.));
#6681 = CARTESIAN_POINT('',(32.030681616191,27.631877272063,10.));
#6682 = CARTESIAN_POINT('',(31.860821500299,27.720737882245,10.));
#6683 = CARTESIAN_POINT('',(31.694187119716,27.815613972884,10.));
#6684 = CARTESIAN_POINT('',(31.531005122071,27.916381602592,10.));
#6685 = CARTESIAN_POINT('',(31.371500482219,28.022896819653,10.));
#6686 = CARTESIAN_POINT('',(31.215894096002,28.135009507376,10.));
#6687 = CARTESIAN_POINT('',(31.064400374011,28.252577231346,10.));
#6688 = CARTESIAN_POINT('',(30.917225563789,28.375460729464,10.));
#6689 = CARTESIAN_POINT('',(30.774566072124,28.503519399409,10.));
#6690 = CARTESIAN_POINT('',(30.636606787297,28.636606787067,10.));
#6691 = CARTESIAN_POINT('',(30.503519401305,28.774566074532,10.));
#6692 = CARTESIAN_POINT('',(30.375460732087,28.917225568268,10.));
#6693 = CARTESIAN_POINT('',(30.252577234754,29.064400377709,10.));
#6694 = CARTESIAN_POINT('',(30.135009512977,29.215894093853,10.));
#6695 = CARTESIAN_POINT('',(30.022896829959,29.371500467847,10.));
#6696 = CARTESIAN_POINT('',(29.916381620361,29.531005089504,10.));
#6697 = CARTESIAN_POINT('',(29.81561399966,29.694187065929,10.));
#6698 = CARTESIAN_POINT('',(29.720737917523,29.860821426621,10.));
#6699 = CARTESIAN_POINT('',(29.631877313089,30.03068152856,10.));
#6700 = CARTESIAN_POINT('',(29.549122270571,30.203541461111,10.));
#6701 = CARTESIAN_POINT('',(29.472515172178,30.379178451451,10.));
#6702 = CARTESIAN_POINT('',(29.402036858874,30.55737526852,10.));
#6703 = CARTESIAN_POINT('',(29.337633718197,30.737914974621,10.));
#6704 = CARTESIAN_POINT('',(29.279244764345,30.920575678472,10.));
#6705 = CARTESIAN_POINT('',(29.226828720355,31.105125287823,10.));
#6706 = CARTESIAN_POINT('',(29.180391101128,31.291316261975,10.));
#6707 = CARTESIAN_POINT('',(29.140011291331,31.47888036509,10.));
#6708 = CARTESIAN_POINT('',(29.105753437579,31.667547250488,10.));
#6709 = CARTESIAN_POINT('',(29.077577353165,31.857063041021,10.));
#6710 = CARTESIAN_POINT('',(29.055249406807,32.047208915803,10.));
#6711 = CARTESIAN_POINT('',(29.038253443349,32.237819683143,10.));
#6712 = CARTESIAN_POINT('',(29.025701618591,32.428802390054,10.));
#6713 = CARTESIAN_POINT('',(29.016388248857,32.62010013764,10.));
#6714 = CARTESIAN_POINT('',(29.008843769365,32.811655875469,10.));
#6715 = CARTESIAN_POINT('',(29.001388611148,33.003376178471,10.));
#6716 = CARTESIAN_POINT('',(28.99218720488,33.195095089403,10.));
#6717 = CARTESIAN_POINT('',(28.979301674566,33.386537772358,10.));
#6718 = CARTESIAN_POINT('',(28.960846846711,33.577349878876,10.));
#6719 = CARTESIAN_POINT('',(28.935145495785,33.767127100772,10.));
#6720 = CARTESIAN_POINT('',(28.900883616284,33.955444663788,10.));
#6721 = CARTESIAN_POINT('',(28.857265422754,34.141886822895,10.));
#6722 = CARTESIAN_POINT('',(28.804169190109,34.326076421324,10.));
#6723 = CARTESIAN_POINT('',(28.741961882589,34.507673910901,10.));
#6724 = CARTESIAN_POINT('',(28.671312928984,34.686376292565,10.));
#6725 = CARTESIAN_POINT('',(28.593008292073,34.86191608718,10.));
#6726 = CARTESIAN_POINT('',(28.50776446707,35.034060292481,10.));
#6727 = CARTESIAN_POINT('',(28.416042363641,35.202609349163,10.));
#6728 = CARTESIAN_POINT('',(28.318114742921,35.367390794257,10.));
#6729 = CARTESIAN_POINT('',(28.214133840077,35.528252911905,10.));
#6730 = CARTESIAN_POINT('',(28.104198917152,35.685058385093,10.));
#6731 = CARTESIAN_POINT('',(27.988423845149,35.837677947034,10.));
#6732 = CARTESIAN_POINT('',(27.867004673877,35.9859840327,10.));
#6733 = CARTESIAN_POINT('',(27.740194282139,36.129849862619,10.));
#6734 = CARTESIAN_POINT('',(27.608277024972,36.269148526705,10.));
#6735 = CARTESIAN_POINT('',(27.471543382747,36.403752068125,10.));
#6736 = CARTESIAN_POINT('',(27.330264608287,36.533530567017,10.));
#6737 = CARTESIAN_POINT('',(27.18466737819,36.658351224644,10.));
#6738 = CARTESIAN_POINT('',(27.034944434828,36.778081520286,10.));
#6739 = CARTESIAN_POINT('',(26.881265224307,36.892592367664,10.));
#6740 = CARTESIAN_POINT('',(26.72378653585,37.001761271549,10.));
#6741 = CARTESIAN_POINT('',(26.562663140541,37.105475484299,10.));
#6742 = CARTESIAN_POINT('',(26.398058430314,37.203635162485,10.));
#6743 = CARTESIAN_POINT('',(26.230145573967,37.296142329284,10.));
#6744 = CARTESIAN_POINT('',(26.059108673166,37.382889837148,10.));
#6745 = CARTESIAN_POINT('',(25.885143918625,37.463750329851,10.));
#6746 = CARTESIAN_POINT('',(25.708460745912,37.538565205919,10.));
#6747 = CARTESIAN_POINT('',(25.52928299237,37.607133578163,10.));
#6748 = CARTESIAN_POINT('',(25.347840041399,37.669236043663,10.));
#6749 = CARTESIAN_POINT('',(25.164357965546,37.724658457768,10.));
#6750 = CARTESIAN_POINT('',(24.979050670208,37.773215706226,10.));
#6751 = CARTESIAN_POINT('',(24.792111036656,37.814775479042,10.));
#6752 = CARTESIAN_POINT('',(24.603702066241,37.849282041613,10.));
#6753 = CARTESIAN_POINT('',(24.413988604868,37.8766962375,10.));
#6754 = CARTESIAN_POINT('',(24.223169072301,37.896935479957,10.));
#6755 = CARTESIAN_POINT('',(24.031507179949,37.909813770364,10.));
#6756 = CARTESIAN_POINT('',(23.83936367623,37.914981652563,10.));
#6757 = CARTESIAN_POINT('',(23.647228018474,37.911866337759,10.));
#6758 = CARTESIAN_POINT('',(23.45564810267,37.899844050909,10.));
#6759 = CARTESIAN_POINT('',(23.265160046267,37.878412272916,10.));
#6760 = CARTESIAN_POINT('',(23.076217985337,37.847361911949,10.));
#6761 = CARTESIAN_POINT('',(22.889123787102,37.806949758223,10.));
#6762 = CARTESIAN_POINT('',(22.703957015498,37.758070119306,10.));
#6763 = CARTESIAN_POINT('',(22.520607260581,37.702099530829,10.));
#6764 = CARTESIAN_POINT('',(22.338806205178,37.640742268074,10.));
#6765 = CARTESIAN_POINT('',(22.1581597972,37.575875606829,10.));
#6766 = CARTESIAN_POINT('',(21.978180357084,37.509395086154,10.));
#6767 = CARTESIAN_POINT('',(21.79831876733,37.443060060974,10.));
#6768 = CARTESIAN_POINT('',(21.61801859958,37.378458004429,10.));
#6769 = CARTESIAN_POINT('',(21.436770185808,37.316968451324,10.));
#6770 = CARTESIAN_POINT('',(21.254164701515,37.259727083933,10.));
#6771 = CARTESIAN_POINT('',(21.069948263955,37.207589735859,10.));
#6772 = CARTESIAN_POINT('',(20.884075969301,37.161096488383,10.));
#6773 = CARTESIAN_POINT('',(20.696660577244,37.120546927115,10.));
#6774 = CARTESIAN_POINT('',(20.50792126224,37.086075333289,10.));
#6775 = CARTESIAN_POINT('',(20.318132339804,37.057725899311,10.));
#6776 = CARTESIAN_POINT('',(20.127572004767,37.035527931962,10.));
#6777 = CARTESIAN_POINT('',(19.936471061119,37.019571065708,10.));
#6778 = CARTESIAN_POINT('',(19.745028132753,37.009982253595,10.));
#6779 = CARTESIAN_POINT('',(19.553424876909,37.006902753739,10.));
#6780 = CARTESIAN_POINT('',(19.361841197191,37.010465116539,10.));
#6781 = CARTESIAN_POINT('',(19.170470455399,37.020770173672,10.));
#6782 = CARTESIAN_POINT('',(18.97953468763,37.037864020494,10.));
#6783 = CARTESIAN_POINT('',(18.789277085981,37.061749882049,10.));
#6784 = CARTESIAN_POINT('',(18.599954475875,37.092399985716,10.));
#6785 = CARTESIAN_POINT('',(18.41182979491,37.129767431602,10.));
#6786 = CARTESIAN_POINT('',(18.225164571406,37.173798063147,10.));
#6787 = CARTESIAN_POINT('',(18.040211402211,37.224442339493,10.));
#6788 = CARTESIAN_POINT('',(17.857214128504,37.281650526754,10.));
#6789 = CARTESIAN_POINT('',(17.676408012677,37.345367886948,10.));
#6790 = CARTESIAN_POINT('',(17.498019914793,37.415529867797,10.));
#6791 = CARTESIAN_POINT('',(17.322268469188,37.492057292131,10.));
#6792 = CARTESIAN_POINT('',(17.149364261015,37.574851547432,10.));
#6793 = CARTESIAN_POINT('',(16.97951335171,37.663797863035,10.));
#6794 = CARTESIAN_POINT('',(16.8129208046,37.758768587379,10.));
#6795 = CARTESIAN_POINT('',(16.649794210126,37.85962646509,10.));
#6796 = CARTESIAN_POINT('',(16.490347211983,37.966227914372,10.));
#6797 = CARTESIAN_POINT('',(16.334803030839,38.078426303507,10.));
#6798 = CARTESIAN_POINT('',(16.183380751329,38.196068874001,10.));
#6799 = CARTESIAN_POINT('',(16.036281610814,38.318993664466,10.));
#6800 = CARTESIAN_POINT('',(15.893675288512,38.447026434424,10.));
#6801 = CARTESIAN_POINT('',(15.755686191948,38.579977587594,10.));
#6802 = CARTESIAN_POINT('',(15.622379751208,38.717639096799,10.));
#6803 = CARTESIAN_POINT('',(15.493789453298,38.859790021142,10.));
#6804 = CARTESIAN_POINT('',(15.369943868802,39.006202021552,10.));
#6805 = CARTESIAN_POINT('',(15.250893680637,39.156644876741,10.));
#6806 = CARTESIAN_POINT('',(15.136738713631,39.310891999381,10.));
#6807 = CARTESIAN_POINT('',(15.027654959064,39.468725951072,10.));
#6808 = CARTESIAN_POINT('',(14.923805137877,39.629921511894,10.));
#6809 = CARTESIAN_POINT('',(14.825249276972,39.794228751161,10.));
#6810 = CARTESIAN_POINT('',(14.731855268316,39.961356097913,10.));
#6811 = CARTESIAN_POINT('',(14.643209462851,40.130953410903,10.));
#6812 = CARTESIAN_POINT('',(14.558527171059,40.302595049501,10.));
#6813 = CARTESIAN_POINT('',(14.476716260733,40.475767050817,10.));
#6814 = CARTESIAN_POINT('',(14.396440863305,40.649854329024,10.));
#6815 = CARTESIAN_POINT('',(14.31618501161,40.824127827398,10.));
#6816 = CARTESIAN_POINT('',(14.234316369803,40.997731779467,10.));
#6817 = CARTESIAN_POINT('',(14.149149749066,41.169670676928,10.));
#6818 = CARTESIAN_POINT('',(14.059079079476,41.338895719828,10.));
#6819 = CARTESIAN_POINT('',(13.962709528739,41.504391529687,10.));
#6820 = CARTESIAN_POINT('',(13.858989668132,41.665262818126,10.));
#6821 = CARTESIAN_POINT('',(13.7473433865,41.820820952912,10.));
#6822 = CARTESIAN_POINT('',(13.627802556172,41.97067090445,10.));
#6823 = CARTESIAN_POINT('',(13.500836147362,42.114639402265,10.));
#6824 = CARTESIAN_POINT('',(13.367178584346,42.252702691035,10.));
#6825 = CARTESIAN_POINT('',(13.227658361883,42.384914427195,10.));
#6826 = CARTESIAN_POINT('',(13.083026601344,42.511333535571,10.));
#6827 = CARTESIAN_POINT('',(12.933785495774,42.631952029898,10.));
#6828 = CARTESIAN_POINT('',(12.780253042325,42.746714956338,10.));
#6829 = CARTESIAN_POINT('',(12.622627947097,42.85554040559,10.));
#6830 = CARTESIAN_POINT('',(12.461054465204,42.958339499215,10.));
#6831 = CARTESIAN_POINT('',(12.295687267996,43.055036386817,10.));
#6832 = CARTESIAN_POINT('',(12.126756298899,43.145588238693,10.));
#6833 = CARTESIAN_POINT('',(11.954543703869,43.229974698413,10.));
#6834 = CARTESIAN_POINT('',(11.779360759091,43.308187334307,10.));
#6835 = CARTESIAN_POINT('',(11.601524800396,43.380219091702,10.));
#6836 = CARTESIAN_POINT('',(11.421336150892,43.446053744257,10.));
#6837 = CARTESIAN_POINT('',(11.239055052324,43.505655347317,10.));
#6838 = CARTESIAN_POINT('',(11.05491028891,43.558975227013,10.));
#6839 = CARTESIAN_POINT('',(10.869107807619,43.60595896739,10.));
#6840 = CARTESIAN_POINT('',(10.6818393397,43.646553398253,10.));
#6841 = CARTESIAN_POINT('',(10.493291021645,43.680713582693,10.));
#6842 = CARTESIAN_POINT('',(10.303652016343,43.708409804795,10.));
#6843 = CARTESIAN_POINT('',(10.11311980501,43.729617814606,10.));
#6844 = CARTESIAN_POINT('',(9.921905478997,43.744309073357,10.));
#6845 = CARTESIAN_POINT('',(9.730239032008,43.752440998176,10.));
#6846 = CARTESIAN_POINT('',(9.538374651434,43.753947207927,10.));
#6847 = CARTESIAN_POINT('',(9.346596012212,43.748727765892,10.));
#6848 = CARTESIAN_POINT('',(9.155198998836,43.73666775143,10.));
#6849 = CARTESIAN_POINT('',(8.964474424713,43.717655834899,10.));
#6850 = CARTESIAN_POINT('',(8.77469075282,43.691602851082,10.));
#6851 = CARTESIAN_POINT('',(8.586076815058,43.658460373952,10.));
#6852 = CARTESIAN_POINT('',(8.398804533747,43.618239289365,10.));
#6853 = CARTESIAN_POINT('',(8.213041191165,43.570966505282,10.));
#6854 = CARTESIAN_POINT('',(8.02900170785,43.516641653455,10.));
#6855 = CARTESIAN_POINT('',(7.847000899966,43.455193811553,10.));
#6856 = CARTESIAN_POINT('',(7.667505786677,43.38643817663,10.));
#6857 = CARTESIAN_POINT('',(7.491187764372,43.310032868053,10.));
#6858 = CARTESIAN_POINT('',(7.318791731317,43.225611263546,10.));
#6859 = CARTESIAN_POINT('',(7.151005301183,43.132914259266,10.));
#6860 = CARTESIAN_POINT('',(6.988328056971,43.031922469901,10.));
#6861 = CARTESIAN_POINT('',(6.830940618268,42.922988658256,10.));
#6862 = CARTESIAN_POINT('',(6.678574255875,42.806969504588,10.));
#6863 = CARTESIAN_POINT('',(6.530600186926,42.685094509936,10.));
#6864 = CARTESIAN_POINT('',(6.386118320762,42.558835538814,10.));
#6865 = CARTESIAN_POINT('',(6.24404619838,42.429776170696,10.));
#6866 = CARTESIAN_POINT('',(6.103207871222,42.299481028433,10.));
#6867 = CARTESIAN_POINT('',(5.962422744886,42.169365405862,10.));
#6868 = CARTESIAN_POINT('',(5.82056924693,42.040683001013,10.));
#6869 = CARTESIAN_POINT('',(5.676648580383,41.914513296344,10.));
#6870 = CARTESIAN_POINT('',(5.529848433865,41.791749075101,10.));
#6871 = CARTESIAN_POINT('',(5.379606736965,41.673083867712,10.));
#6872 = CARTESIAN_POINT('',(5.225675323798,41.558999460269,10.));
#6873 = CARTESIAN_POINT('',(5.068043724285,41.44981578505,10.));
#6874 = CARTESIAN_POINT('',(4.906863042019,41.345740776174,10.));
#6875 = CARTESIAN_POINT('',(4.742369799786,41.246920238102,10.));
#6876 = CARTESIAN_POINT('',(4.574809800874,41.15348770732,10.));
#6877 = CARTESIAN_POINT('',(4.404361978742,41.06561432014,10.));
#6878 = CARTESIAN_POINT('',(4.231161255112,40.983493375958,10.));
#6879 = CARTESIAN_POINT('',(4.055321402249,40.907324897472,10.));
#6880 = CARTESIAN_POINT('',(3.876957904571,40.837300191412,10.));
#6881 = CARTESIAN_POINT('',(3.696210818473,40.773586410457,10.));
#6882 = CARTESIAN_POINT('',(3.513267638633,40.716311110698,10.));
#6883 = CARTESIAN_POINT('',(3.32835181108,40.665570337272,10.));
#6884 = CARTESIAN_POINT('',(3.141711239688,40.621436714458,10.));
#6885 = CARTESIAN_POINT('',(2.953606794934,40.583967534269,10.));
#6886 = CARTESIAN_POINT('',(2.764300822298,40.553212845122,10.));
#6887 = CARTESIAN_POINT('',(2.574045649303,40.529223541861,10.));
#6888 = CARTESIAN_POINT('',(2.383085588159,40.512046990348,10.));
#6889 = CARTESIAN_POINT('',(2.191658940294,40.501722650301,10.));
#6890 = CARTESIAN_POINT('',(2.000000000163,40.498277698778,10.));
#6891 = CARTESIAN_POINT('',(1.808341059346,40.501722653349,10.));
#6892 = CARTESIAN_POINT('',(1.616914410532,40.512046995377,10.));
#6893 = CARTESIAN_POINT('',(1.425954350496,40.529223546892,10.));
#6894 = CARTESIAN_POINT('',(1.235699183185,40.553212847566,10.));
#6895 = CARTESIAN_POINT('',(1.046393222517,40.583967531393,10.));
#6896 = CARTESIAN_POINT('',(0.858288795905,40.621436703991,10.));
#6897 = CARTESIAN_POINT('',(0.671648245885,40.665570318169,10.));
#6898 = CARTESIAN_POINT('',(0.48673243841,40.716311083541,10.));
#6899 = CARTESIAN_POINT('',(0.303789272501,40.7735863775,10.));
#6900 = CARTESIAN_POINT('',(0.123042190258,40.837300156258,10.));
#6901 = CARTESIAN_POINT('',(-5.532131539888E-02,40.907324864393,10.));
#6902 = CARTESIAN_POINT('',(-0.231161186398,40.983493348862,10.));
#6903 = CARTESIAN_POINT('',(-0.404361934358,41.065614301817,10.));
#6904 = CARTESIAN_POINT('',(-0.574809781922,41.153487698952,10.));
#6905 = CARTESIAN_POINT('',(-0.742369802308,41.246920239044,10.));
#6906 = CARTESIAN_POINT('',(-0.906863058185,41.345740784008,10.));
#6907 = CARTESIAN_POINT('',(-1.068043744736,41.449815795899,10.));
#6908 = CARTESIAN_POINT('',(-1.225675339482,41.558999469252,10.));
#6909 = CARTESIAN_POINT('',(-1.379606740467,41.673083869522,10.));
#6910 = CARTESIAN_POINT('',(-1.529848420219,41.791749064712,10.));
#6911 = CARTESIAN_POINT('',(-1.676648547385,41.914513269849,10.));
#6912 = CARTESIAN_POINT('',(-1.820569194933,42.040682956592,10.));
#6913 = CARTESIAN_POINT('',(-1.962422676372,42.169365344243,10.));
#6914 = CARTESIAN_POINT('',(-2.103207790176,42.299480952828,10.));
#6915 = CARTESIAN_POINT('',(-2.244046109451,42.429776086243,10.));
#6916 = CARTESIAN_POINT('',(-2.386118228222,42.558835451476,10.));
#6917 = CARTESIAN_POINT('',(-2.530600093411,42.685094424938,10.));
#6918 = CARTESIAN_POINT('',(-2.678574161783,42.806969425466,10.));
#6919 = CARTESIAN_POINT('',(-2.830940521826,42.922988586459,10.));
#6920 = CARTESIAN_POINT('',(-2.988327954983,43.031922404953,10.));
#6921 = CARTESIAN_POINT('',(-3.151005190417,43.132914199529,10.));
#6922 = CARTESIAN_POINT('',(-3.318791610651,43.225611207444,10.));
#6923 = CARTESIAN_POINT('',(-3.491187635963,43.310032814784,10.));
#6924 = CARTESIAN_POINT('',(-3.667505656029,43.386438126495,10.));
#6925 = CARTESIAN_POINT('',(-3.847000774926,43.455193765876,10.));
#6926 = CARTESIAN_POINT('',(-4.029001596548,43.516641614072,10.));
#6927 = CARTESIAN_POINT('',(-4.213041098809,43.570966473694,10.));
#6928 = CARTESIAN_POINT('',(-4.398804460725,43.618239266258,10.));
#6929 = CARTESIAN_POINT('',(-4.586076756466,43.658460358968,10.));
#6930 = CARTESIAN_POINT('',(-4.774690699376,43.691602842898,10.));
#6931 = CARTESIAN_POINT('',(-4.964474365072,43.717655831583,10.));
#6932 = CARTESIAN_POINT('',(-5.155198923311,43.736667751075,10.));
#6933 = CARTESIAN_POINT('',(-5.34659591515,43.748727767069,10.));
#6934 = CARTESIAN_POINT('',(-5.538374532234,43.753947209957,10.));
#6935 = CARTESIAN_POINT('',(-5.730238894777,43.752441001233,10.));
#6936 = CARTESIAN_POINT('',(-5.921905330853,43.744309078393,10.));
#6937 = CARTESIAN_POINT('',(-6.113119653017,43.72961782311,10.));
#6938 = CARTESIAN_POINT('',(-6.303651865529,43.708409818522,10.));
#6939 = CARTESIAN_POINT('',(-6.493290874116,43.680713603335,10.));
#6940 = CARTESIAN_POINT('',(-6.681839194849,43.646553427066,10.));
#6941 = CARTESIAN_POINT('',(-6.869107663422,43.605959004776,10.));
#6942 = CARTESIAN_POINT('',(-7.054910144323,43.558975272043,10.));
#6943 = CARTESIAN_POINT('',(-7.239054908646,43.505655397623,10.));
#6944 = CARTESIAN_POINT('',(-7.421336012097,43.446053796295,10.));
#6945 = CARTESIAN_POINT('',(-7.60152467244,43.380219141394,10.));
#6946 = CARTESIAN_POINT('',(-7.779360648188,43.30818737805,10.));
#6947 = CARTESIAN_POINT('',(-7.954543613744,43.229974734472,10.));
#6948 = CARTESIAN_POINT('',(-8.126756229256,43.145588267925,10.));
#6949 = CARTESIAN_POINT('',(-8.295687214163,43.055036412706,10.));
#6950 = CARTESIAN_POINT('',(-8.461054418961,42.958339527227,10.));
#6951 = CARTESIAN_POINT('',(-8.622627898701,42.855540441855,10.));
#6952 = CARTESIAN_POINT('',(-8.780252983708,42.746715005629,10.));
#6953 = CARTESIAN_POINT('',(-8.93378542254,42.631952094422,10.));
#6954 = CARTESIAN_POINT('',(-9.083026513588,42.511333614548,10.));
#6955 = CARTESIAN_POINT('',(-9.227658263841,42.384914517246,10.));
#6956 = CARTESIAN_POINT('',(-9.367178482828,42.252702787351,10.));
#6957 = CARTESIAN_POINT('',(-9.500836049111,42.114639500619,10.));
#6958 = CARTESIAN_POINT('',(-9.627802466158,41.970671002457,10.));
#6959 = CARTESIAN_POINT('',(-9.747343307025,41.820821050489,10.));
#6960 = CARTESIAN_POINT('',(-9.858989598763,41.665262917159,10.));
#6961 = CARTESIAN_POINT('',(-9.962709467114,41.504391632927,10.));
#6962 = CARTESIAN_POINT('',(-10.05907902282,41.338895828937,10.));
#6963 = CARTESIAN_POINT('',(-10.14914969519,41.169670791246,10.));
#6964 = CARTESIAN_POINT('',(-10.23431631773,40.997731895572,10.));
#6965 = CARTESIAN_POINT('',(-10.31618496176,40.824127939454,10.));
#6966 = CARTESIAN_POINT('',(-10.39644081736,40.649854429887,10.));
#6967 = CARTESIAN_POINT('',(-10.47671622101,40.475767133962,10.));
#6968 = CARTESIAN_POINT('',(-10.55852714002,40.302595110436,10.));
#6969 = CARTESIAN_POINT('',(-10.6432094425,40.130953448007,10.));
#6970 = CARTESIAN_POINT('',(-10.73185525968,39.961356112734,10.));
#6971 = CARTESIAN_POINT('',(-10.82524927951,39.794228748151,10.));
#6972 = CARTESIAN_POINT('',(-10.92380514892,39.629921497595,10.));
#6973 = CARTESIAN_POINT('',(-11.0276549738,39.468725933225,10.));
#6974 = CARTESIAN_POINT('',(-11.13673872556,39.310891985958,10.));
#6975 = CARTESIAN_POINT('',(-11.2508936826,39.156644874904,10.));
#6976 = CARTESIAN_POINT('',(-11.36994385449,39.006202036535,10.));
#6977 = CARTESIAN_POINT('',(-11.4937894193,38.859790055055,10.));
#6978 = CARTESIAN_POINT('',(-11.62237969809,38.717639148129,10.));
#6979 = CARTESIAN_POINT('',(-11.75568612436,38.579977651392,10.));
#6980 = CARTESIAN_POINT('',(-11.89367521435,38.447026503191,10.));
#6981 = CARTESIAN_POINT('',(-12.03628153937,38.318993729727,10.));
#6982 = CARTESIAN_POINT('',(-12.18338069054,38.196068928571,10.));
#6983 = CARTESIAN_POINT('',(-12.33480298551,38.078426342953,10.));
#6984 = CARTESIAN_POINT('',(-12.4903471831,37.966227937663,10.));
#6985 = CARTESIAN_POINT('',(-12.6497941951,37.859626474426,10.));
#6986 = CARTESIAN_POINT('',(-12.8129207986,37.75876858722,10.));
#6987 = CARTESIAN_POINT('',(-12.97951334997,37.663797858313,10.));
#6988 = CARTESIAN_POINT('',(-13.1493642603,37.574851542287,10.));
#6989 = CARTESIAN_POINT('',(-13.32226846835,37.492057289178,10.));
#6990 = CARTESIAN_POINT('',(-13.49801991449,37.415529867922,10.));
#6991 = CARTESIAN_POINT('',(-13.67640801417,37.345367889624,10.));
#6992 = CARTESIAN_POINT('',(-13.85721413163,37.281650530897,10.));
#6993 = CARTESIAN_POINT('',(-14.04021140432,37.224442344061,10.));
#6994 = CARTESIAN_POINT('',(-14.22516456727,37.173798067502,10.));
#6995 = CARTESIAN_POINT('',(-14.41182977768,37.129767435623,10.));
#6996 = CARTESIAN_POINT('',(-14.59995443898,37.092399989667,10.));
#6997 = CARTESIAN_POINT('',(-14.78927702604,37.061749886201,10.));
#6998 = CARTESIAN_POINT('',(-14.97953460605,37.03786402489,10.));
#6999 = CARTESIAN_POINT('',(-15.17047035873,37.020770178039,10.));
#7000 = CARTESIAN_POINT('',(-15.36184109612,37.01046512035,10.));
#7001 = CARTESIAN_POINT('',(-15.55342478401,37.006902756413,10.));
#7002 = CARTESIAN_POINT('',(-15.7450280589,37.009982254857,10.));
#7003 = CARTESIAN_POINT('',(-15.9364710131,37.019571065765,10.));
#7004 = CARTESIAN_POINT('',(-16.12757198405,37.035527931484,10.));
#7005 = CARTESIAN_POINT('',(-16.31813234249,37.057725899217,10.));
#7006 = CARTESIAN_POINT('',(-16.50792128016,37.08607533434,10.));
#7007 = CARTESIAN_POINT('',(-16.69666060028,37.120546929311,10.));
#7008 = CARTESIAN_POINT('',(-16.88407598722,37.161096490679,10.));
#7009 = CARTESIAN_POINT('',(-17.06994826787,37.20758973619,10.));
#7010 = CARTESIAN_POINT('',(-17.25416468493,37.259727079557,10.));
#7011 = CARTESIAN_POINT('',(-17.43677014518,37.316968439473,10.));
#7012 = CARTESIAN_POINT('',(-17.61801853454,37.378457983287,10.));
#7013 = CARTESIAN_POINT('',(-17.79831868045,37.443060030261,10.));
#7014 = CARTESIAN_POINT('',(-17.97818025327,37.509395047317,10.));
#7015 = CARTESIAN_POINT('',(-18.15815968272,37.575875562837,10.));
#7016 = CARTESIAN_POINT('',(-18.33880608625,37.640742222799,10.));
#7017 = CARTESIAN_POINT('',(-18.52060714165,37.702099488091,10.));
#7018 = CARTESIAN_POINT('',(-18.70395689829,37.758070082217,10.));
#7019 = CARTESIAN_POINT('',(-18.88912367052,37.806949728799,10.));
#7020 = CARTESIAN_POINT('',(-19.07621786625,37.847361890974,10.));
#7021 = CARTESIAN_POINT('',(-19.26515992107,37.878412260113,10.));
#7022 = CARTESIAN_POINT('',(-19.45564796971,37.899844045254,10.));
#7023 = CARTESIAN_POINT('',(-19.64722787945,37.911866337684,10.));
#7024 = CARTESIAN_POINT('',(-19.83936353634,37.914981656241,10.));
#7025 = CARTESIAN_POINT('',(-20.03150704694,37.909813776015,10.));
#7026 = CARTESIAN_POINT('',(-20.2231689544,37.896935486166,10.));
#7027 = CARTESIAN_POINT('',(-20.41398850745,37.876696243661,10.));
#7028 = CARTESIAN_POINT('',(-20.60370198993,37.84928204821,10.));
#7029 = CARTESIAN_POINT('',(-20.79211097679,37.814775487621,10.));
#7030 = CARTESIAN_POINT('',(-20.9790506177,37.773215719116,10.));
#7031 = CARTESIAN_POINT('',(-21.16435790917,37.724658477529,10.));
#7032 = CARTESIAN_POINT('',(-21.34783997148,37.669236072239,10.));
#7033 = CARTESIAN_POINT('',(-21.52928290314,37.607133616396,10.));
#7034 = CARTESIAN_POINT('',(-21.70846063656,37.538565253411,10.));
#7035 = CARTESIAN_POINT('',(-21.885143793,37.463750385192,10.));
#7036 = CARTESIAN_POINT('',(-22.05910853822,37.382889898492,10.));
#7037 = CARTESIAN_POINT('',(-22.23014543679,37.296142395307,10.));
#7038 = CARTESIAN_POINT('',(-22.39805829623,37.203635232882,10.));
#7039 = CARTESIAN_POINT('',(-22.56266301214,37.105475559827,10.));
#7040 = CARTESIAN_POINT('',(-22.72378641305,37.001761353601,10.));
#7041 = CARTESIAN_POINT('',(-22.88126510539,36.892592457385,10.));
#7042 = CARTESIAN_POINT('',(-23.03494431848,36.778081617219,10.));
#7043 = CARTESIAN_POINT('',(-23.1846672647,36.658351326103,10.));
#7044 = CARTESIAN_POINT('',(-23.33026449997,36.533530668208,10.));
#7045 = CARTESIAN_POINT('',(-23.47154328354,36.403752163001,10.));
#7046 = CARTESIAN_POINT('',(-23.60827693925,36.26914860956,10.));
#7047 = CARTESIAN_POINT('',(-23.74019421267,36.129849930425,10.));
#7048 = CARTESIAN_POINT('',(-23.86700462072,35.98598408636,10.));
#7049 = CARTESIAN_POINT('',(-23.98842380532,35.837677991555,10.));
#7050 = CARTESIAN_POINT('',(-24.10419888514,35.685058428671,10.));
#7051 = CARTESIAN_POINT('',(-24.21413380924,35.528252963926,10.));
#7052 = CARTESIAN_POINT('',(-24.31811470762,35.367390862222,10.));
#7053 = CARTESIAN_POINT('',(-24.41604232067,35.202609436795,10.));
#7054 = CARTESIAN_POINT('',(-24.50776441621,35.034060399026,10.));
#7055 = CARTESIAN_POINT('',(-24.59300823595,34.861916207895,10.));
#7056 = CARTESIAN_POINT('',(-24.67131287205,34.686376420403,10.));
#7057 = CARTESIAN_POINT('',(-24.74196182945,34.507674039375,10.));
#7058 = CARTESIAN_POINT('',(-24.80416914445,34.326076546327,10.));
#7059 = CARTESIAN_POINT('',(-24.85726538667,34.141886943464,10.));
#7060 = CARTESIAN_POINT('',(-24.90088359009,33.955444781829,10.));
#7061 = CARTESIAN_POINT('',(-24.93514547835,33.767127219729,10.));
#7062 = CARTESIAN_POINT('',(-24.96084683612,33.57735000135,10.));
#7063 = CARTESIAN_POINT('',(-24.97930166854,33.38653789858,10.));
#7064 = CARTESIAN_POINT('',(-24.9921872012,33.195095216593,10.));
#7065 = CARTESIAN_POINT('',(-25.00138860798,33.003376301071,10.));
#7066 = CARTESIAN_POINT('',(-25.00884376551,32.811655986239,10.));
#7067 = CARTESIAN_POINT('',(-25.01638824398,32.620100229659,10.));
#7068 = CARTESIAN_POINT('',(-25.02570161323,32.42880245823,10.));
#7069 = CARTESIAN_POINT('',(-25.03825343875,32.237819725209,10.));
#7070 = CARTESIAN_POINT('',(-25.0552494045,32.047208932798,10.));
#7071 = CARTESIAN_POINT('',(-25.07757735436,31.857063037267,10.));
#7072 = CARTESIAN_POINT('',(-25.10575344231,31.667547233049,10.));
#7073 = CARTESIAN_POINT('',(-25.14001129812,31.478880342962,10.));
#7074 = CARTESIAN_POINT('',(-25.18039110702,31.291316245007,10.));
#7075 = CARTESIAN_POINT('',(-25.22682872147,31.105125285373,10.));
#7076 = CARTESIAN_POINT('',(-25.27924475686,30.920575697787,10.));
#7077 = CARTESIAN_POINT('',(-25.33763369976,30.737915018958,10.));
#7078 = CARTESIAN_POINT('',(-25.40203682944,30.557375336264,10.));
#7079 = CARTESIAN_POINT('',(-25.47251513415,30.379178536253,10.));
#7080 = CARTESIAN_POINT('',(-25.54912222837,30.203541553023,10.));
#7081 = CARTESIAN_POINT('',(-25.63187727206,30.030681616194,10.));
#7082 = CARTESIAN_POINT('',(-25.72073788224,29.860821500302,10.));
#7083 = CARTESIAN_POINT('',(-25.81561397288,29.694187119719,10.));
#7084 = CARTESIAN_POINT('',(-25.91638160259,29.531005122074,10.));
#7085 = CARTESIAN_POINT('',(-26.02289681965,29.37150048222,10.));
#7086 = CARTESIAN_POINT('',(-26.13500950737,29.215894096002,10.));
#7087 = CARTESIAN_POINT('',(-26.25257723134,29.064400374011,10.));
#7088 = CARTESIAN_POINT('',(-26.37546072946,28.917225563788,10.));
#7089 = CARTESIAN_POINT('',(-26.5035193994,28.774566072124,10.));
#7090 = CARTESIAN_POINT('',(-26.63660678706,28.636606787298,10.));
#7091 = CARTESIAN_POINT('',(-26.77456607453,28.503519401308,10.));
#7092 = CARTESIAN_POINT('',(-26.91722556826,28.37546073209,10.));
#7093 = CARTESIAN_POINT('',(-27.0644003777,28.252577234756,10.));
#7094 = CARTESIAN_POINT('',(-27.21589409385,28.135009512978,10.));
#7095 = CARTESIAN_POINT('',(-27.37150046784,28.02289682996,10.));
#7096 = CARTESIAN_POINT('',(-27.5310050895,27.916381620361,10.));
#7097 = CARTESIAN_POINT('',(-27.69418706593,27.815613999661,10.));
#7098 = CARTESIAN_POINT('',(-27.86082142662,27.720737917525,10.));
#7099 = CARTESIAN_POINT('',(-28.03068152856,27.63187731309,10.));
#7100 = CARTESIAN_POINT('',(-28.2035414611,27.549122270571,10.));
#7101 = CARTESIAN_POINT('',(-28.37917845144,27.472515172178,10.));
#7102 = CARTESIAN_POINT('',(-28.55737526851,27.402036858874,10.));
#7103 = CARTESIAN_POINT('',(-28.73791497461,27.337633718197,10.));
#7104 = CARTESIAN_POINT('',(-28.92057567846,27.279244764345,10.));
#7105 = CARTESIAN_POINT('',(-29.10512528782,27.226828720356,10.));
#7106 = CARTESIAN_POINT('',(-29.29131626197,27.180391101128,10.));
#7107 = CARTESIAN_POINT('',(-29.47888036509,27.140011291332,10.));
#7108 = CARTESIAN_POINT('',(-29.66754725048,27.10575343758,10.));
#7109 = CARTESIAN_POINT('',(-29.85706304102,27.077577353165,10.));
#7110 = CARTESIAN_POINT('',(-30.0472089158,27.055249406807,10.));
#7111 = CARTESIAN_POINT('',(-30.23781968313,27.038253443349,10.));
#7112 = CARTESIAN_POINT('',(-30.42880239005,27.025701618591,10.));
#7113 = CARTESIAN_POINT('',(-30.62010013763,27.016388248857,10.));
#7114 = CARTESIAN_POINT('',(-30.81165587546,27.008843769366,10.));
#7115 = CARTESIAN_POINT('',(-31.00337617847,27.001388611149,10.));
#7116 = CARTESIAN_POINT('',(-31.1950950894,26.992187204879,10.));
#7117 = CARTESIAN_POINT('',(-31.38653777235,26.979301674565,10.));
#7118 = CARTESIAN_POINT('',(-31.57734987887,26.96084684671,10.));
#7119 = CARTESIAN_POINT('',(-31.76712710076,26.935145495785,10.));
#7120 = CARTESIAN_POINT('',(-31.95544466378,26.900883616284,10.));
#7121 = CARTESIAN_POINT('',(-32.14188682289,26.857265422755,10.));
#7122 = CARTESIAN_POINT('',(-32.32607642132,26.80416919011,10.));
#7123 = CARTESIAN_POINT('',(-32.5076739109,26.74196188259,10.));
#7124 = CARTESIAN_POINT('',(-32.68637629256,26.671312928985,10.));
#7125 = CARTESIAN_POINT('',(-32.86191608717,26.593008292073,10.));
#7126 = CARTESIAN_POINT('',(-33.03406029247,26.507764467071,10.));
#7127 = CARTESIAN_POINT('',(-33.20260934915,26.416042363642,10.));
#7128 = CARTESIAN_POINT('',(-33.36739079425,26.318114742922,10.));
#7129 = CARTESIAN_POINT('',(-33.5282529119,26.214133840079,10.));
#7130 = CARTESIAN_POINT('',(-33.68505838509,26.104198917153,10.));
#7131 = CARTESIAN_POINT('',(-33.83767794703,25.98842384515,10.));
#7132 = CARTESIAN_POINT('',(-33.9859840327,25.867004673876,10.));
#7133 = CARTESIAN_POINT('',(-34.12984986262,25.740194282138,10.));
#7134 = CARTESIAN_POINT('',(-34.2691485267,25.608277024972,10.));
#7135 = CARTESIAN_POINT('',(-34.40375206812,25.471543382748,10.));
#7136 = CARTESIAN_POINT('',(-34.53353056701,25.33026460829,10.));
#7137 = CARTESIAN_POINT('',(-34.65835122464,25.184667378194,10.));
#7138 = CARTESIAN_POINT('',(-34.77808152028,25.034944434832,10.));
#7139 = CARTESIAN_POINT('',(-34.89259236766,24.88126522431,10.));
#7140 = CARTESIAN_POINT('',(-35.00176127154,24.723786535851,10.));
#7141 = CARTESIAN_POINT('',(-35.10547548429,24.56266314054,10.));
#7142 = CARTESIAN_POINT('',(-35.20363516248,24.398058430313,10.));
#7143 = CARTESIAN_POINT('',(-35.29614232928,24.230145573966,10.));
#7144 = CARTESIAN_POINT('',(-35.38288983714,24.059108673166,10.));
#7145 = CARTESIAN_POINT('',(-35.46375032985,23.885143918626,10.));
#7146 = CARTESIAN_POINT('',(-35.53856520591,23.708460745915,10.));
#7147 = CARTESIAN_POINT('',(-35.60713357816,23.529282992374,10.));
#7148 = CARTESIAN_POINT('',(-35.66923604366,23.347840041403,10.));
#7149 = CARTESIAN_POINT('',(-35.72465845776,23.164357965549,10.));
#7150 = CARTESIAN_POINT('',(-35.77321570622,22.979050670209,10.));
#7151 = CARTESIAN_POINT('',(-35.81477547904,22.792111036657,10.));
#7152 = CARTESIAN_POINT('',(-35.84928204161,22.603702066242,10.));
#7153 = CARTESIAN_POINT('',(-35.8766962375,22.413988604868,10.));
#7154 = CARTESIAN_POINT('',(-35.89693547995,22.223169072302,10.));
#7155 = CARTESIAN_POINT('',(-35.90981377036,22.03150717995,10.));
#7156 = CARTESIAN_POINT('',(-35.91498165256,21.839363676232,10.));
#7157 = CARTESIAN_POINT('',(-35.91186633775,21.647228018477,10.));
#7158 = CARTESIAN_POINT('',(-35.8998440509,21.455648102673,10.));
#7159 = CARTESIAN_POINT('',(-35.87841227291,21.265160046269,10.));
#7160 = CARTESIAN_POINT('',(-35.84736191194,21.076217985338,10.));
#7161 = CARTESIAN_POINT('',(-35.80694975822,20.889123787103,10.));
#7162 = CARTESIAN_POINT('',(-35.7580701193,20.703957015499,10.));
#7163 = CARTESIAN_POINT('',(-35.70209953083,20.520607260582,10.));
#7164 = CARTESIAN_POINT('',(-35.64074226807,20.338806205179,10.));
#7165 = CARTESIAN_POINT('',(-35.57587560683,20.158159797201,10.));
#7166 = CARTESIAN_POINT('',(-35.50939508615,19.978180357086,10.));
#7167 = CARTESIAN_POINT('',(-35.44306006097,19.798318767333,10.));
#7168 = CARTESIAN_POINT('',(-35.37845800442,19.618018599583,10.));
#7169 = CARTESIAN_POINT('',(-35.31696845132,19.436770185811,10.));
#7170 = CARTESIAN_POINT('',(-35.25972708393,19.254164701517,10.));
#7171 = CARTESIAN_POINT('',(-35.20758973586,19.069948263954,10.));
#7172 = CARTESIAN_POINT('',(-35.16109648838,18.884075969299,10.));
#7173 = CARTESIAN_POINT('',(-35.12054692711,18.696660577241,10.));
#7174 = CARTESIAN_POINT('',(-35.08607533329,18.507921262239,10.));
#7175 = CARTESIAN_POINT('',(-35.05772589931,18.318132339806,10.));
#7176 = CARTESIAN_POINT('',(-35.03552793196,18.127572004771,10.));
#7177 = CARTESIAN_POINT('',(-35.0195710657,17.936471061123,10.));
#7178 = CARTESIAN_POINT('',(-35.00998225359,17.745028132757,10.));
#7179 = CARTESIAN_POINT('',(-35.00690275373,17.553424876911,10.));
#7180 = CARTESIAN_POINT('',(-35.01046511653,17.361841197193,10.));
#7181 = CARTESIAN_POINT('',(-35.02077017367,17.1704704554,10.));
#7182 = CARTESIAN_POINT('',(-35.03786402049,16.97953468763,10.));
#7183 = CARTESIAN_POINT('',(-35.06174988204,16.789277085982,10.));
#7184 = CARTESIAN_POINT('',(-35.09239998571,16.599954475876,10.));
#7185 = CARTESIAN_POINT('',(-35.1297674316,16.411829794912,10.));
#7186 = CARTESIAN_POINT('',(-35.17379806314,16.225164571408,10.));
#7187 = CARTESIAN_POINT('',(-35.22444233949,16.040211402212,10.));
#7188 = CARTESIAN_POINT('',(-35.28165052675,15.857214128505,10.));
#7189 = CARTESIAN_POINT('',(-35.34536788694,15.676408012679,10.));
#7190 = CARTESIAN_POINT('',(-35.41552986779,15.498019914795,10.));
#7191 = CARTESIAN_POINT('',(-35.49205729212,15.32226846919,10.));
#7192 = CARTESIAN_POINT('',(-35.57485154742,15.149364261017,10.));
#7193 = CARTESIAN_POINT('',(-35.66379786303,14.979513351712,10.));
#7194 = CARTESIAN_POINT('',(-35.75876858737,14.812920804602,10.));
#7195 = CARTESIAN_POINT('',(-35.85962646508,14.649794210128,10.));
#7196 = CARTESIAN_POINT('',(-35.96622791437,14.490347211984,10.));
#7197 = CARTESIAN_POINT('',(-36.0784263035,14.33480303084,10.));
#7198 = CARTESIAN_POINT('',(-36.196068874,14.183380751329,10.));
#7199 = CARTESIAN_POINT('',(-36.31899366446,14.036281610815,10.));
#7200 = CARTESIAN_POINT('',(-36.44702643442,13.893675288513,10.));
#7201 = CARTESIAN_POINT('',(-36.57997758759,13.75568619195,10.));
#7202 = CARTESIAN_POINT('',(-36.71763909679,13.62237975121,10.));
#7203 = CARTESIAN_POINT('',(-36.85979002113,13.4937894533,10.));
#7204 = CARTESIAN_POINT('',(-37.00620202154,13.369943868803,10.));
#7205 = CARTESIAN_POINT('',(-37.15664487674,13.250893680638,10.));
#7206 = CARTESIAN_POINT('',(-37.31089199938,13.136738713631,10.));
#7207 = CARTESIAN_POINT('',(-37.46872595107,13.027654959063,10.));
#7208 = CARTESIAN_POINT('',(-37.62992151189,12.923805137877,10.));
#7209 = CARTESIAN_POINT('',(-37.79422875116,12.825249276972,10.));
#7210 = CARTESIAN_POINT('',(-37.96135609791,12.731855268317,10.));
#7211 = CARTESIAN_POINT('',(-38.13095341089,12.643209462852,10.));
#7212 = CARTESIAN_POINT('',(-38.30259504949,12.558527171059,10.));
#7213 = CARTESIAN_POINT('',(-38.47576705081,12.476716260733,10.));
#7214 = CARTESIAN_POINT('',(-38.64985432901,12.396440863305,10.));
#7215 = CARTESIAN_POINT('',(-38.82412782739,12.316185011611,10.));
#7216 = CARTESIAN_POINT('',(-38.99773177947,12.234316369805,10.));
#7217 = CARTESIAN_POINT('',(-39.16967067693,12.14914974907,10.));
#7218 = CARTESIAN_POINT('',(-39.33889571983,12.05907907948,10.));
#7219 = CARTESIAN_POINT('',(-39.50439152968,11.962709528741,10.));
#7220 = CARTESIAN_POINT('',(-39.66526281812,11.858989668133,10.));
#7221 = CARTESIAN_POINT('',(-39.8208209529,11.747343386499,10.));
#7222 = CARTESIAN_POINT('',(-39.97067090444,11.627802556171,10.));
#7223 = CARTESIAN_POINT('',(-40.11463940225,11.500836147361,10.));
#7224 = CARTESIAN_POINT('',(-40.25270269103,11.367178584346,10.));
#7225 = CARTESIAN_POINT('',(-40.38491442719,11.227658361884,10.));
#7226 = CARTESIAN_POINT('',(-40.51133353557,11.083026601347,10.));
#7227 = CARTESIAN_POINT('',(-40.6319520299,10.933785495778,10.));
#7228 = CARTESIAN_POINT('',(-40.74671495633,10.780253042328,10.));
#7229 = CARTESIAN_POINT('',(-40.85554040559,10.622627947099,10.));
#7230 = CARTESIAN_POINT('',(-40.95833949921,10.461054465206,10.));
#7231 = CARTESIAN_POINT('',(-41.05503638681,10.295687267996,10.));
#7232 = CARTESIAN_POINT('',(-41.14558823869,10.126756298899,10.));
#7233 = CARTESIAN_POINT('',(-41.22997469841,9.95454370387,10.));
#7234 = CARTESIAN_POINT('',(-41.3081873343,9.779360759093,10.));
#7235 = CARTESIAN_POINT('',(-41.3802190917,9.601524800397,10.));
#7236 = CARTESIAN_POINT('',(-41.44605374425,9.421336150893,10.));
#7237 = CARTESIAN_POINT('',(-41.50565534731,9.239055052326,10.));
#7238 = CARTESIAN_POINT('',(-41.55897522701,9.054910288912,10.));
#7239 = CARTESIAN_POINT('',(-41.60595896738,8.869107807621,10.));
#7240 = CARTESIAN_POINT('',(-41.64655339825,8.681839339702,10.));
#7241 = CARTESIAN_POINT('',(-41.68071358269,8.493291021645,10.));
#7242 = CARTESIAN_POINT('',(-41.70840980479,8.303652016344,10.));
#7243 = CARTESIAN_POINT('',(-41.7296178146,8.11311980501,10.));
#7244 = CARTESIAN_POINT('',(-41.74430907335,7.921905478998,10.));
#7245 = CARTESIAN_POINT('',(-41.75244099817,7.73023903201,10.));
#7246 = CARTESIAN_POINT('',(-41.75394720792,7.538374651437,10.));
#7247 = CARTESIAN_POINT('',(-41.74872776589,7.346596012217,10.));
#7248 = CARTESIAN_POINT('',(-41.73666775143,7.15519899884,10.));
#7249 = CARTESIAN_POINT('',(-41.7176558349,6.964474424716,10.));
#7250 = CARTESIAN_POINT('',(-41.69160285108,6.774690752821,10.));
#7251 = CARTESIAN_POINT('',(-41.65846037394,6.586076815058,10.));
#7252 = CARTESIAN_POINT('',(-41.61823928935,6.398804533745,10.));
#7253 = CARTESIAN_POINT('',(-41.57096650527,6.213041191163,10.));
#7254 = CARTESIAN_POINT('',(-41.51664165345,6.029001707849,10.));
#7255 = CARTESIAN_POINT('',(-41.45519381155,5.847000899968,10.));
#7256 = CARTESIAN_POINT('',(-41.38643817663,5.66750578668,10.));
#7257 = CARTESIAN_POINT('',(-41.31003286806,5.491187764376,10.));
#7258 = CARTESIAN_POINT('',(-41.22561126355,5.318791731321,10.));
#7259 = CARTESIAN_POINT('',(-41.13291425927,5.151005301186,10.));
#7260 = CARTESIAN_POINT('',(-41.0319224699,4.988328056972,10.));
#7261 = CARTESIAN_POINT('',(-40.92298865825,4.830940618268,10.));
#7262 = CARTESIAN_POINT('',(-40.80696950458,4.678574255875,10.));
#7263 = CARTESIAN_POINT('',(-40.68509450993,4.530600186926,10.));
#7264 = CARTESIAN_POINT('',(-40.55883553881,4.386118320762,10.));
#7265 = CARTESIAN_POINT('',(-40.42977617069,4.244046198381,10.));
#7266 = CARTESIAN_POINT('',(-40.29948102843,4.103207871223,10.));
#7267 = CARTESIAN_POINT('',(-40.16936540586,3.962422744887,10.));
#7268 = CARTESIAN_POINT('',(-40.04068300101,3.82056924693,10.));
#7269 = CARTESIAN_POINT('',(-39.91451329634,3.676648580383,10.));
#7270 = CARTESIAN_POINT('',(-39.7917490751,3.529848433866,10.));
#7271 = CARTESIAN_POINT('',(-39.67308386771,3.379606736968,10.));
#7272 = CARTESIAN_POINT('',(-39.55899946026,3.225675323801,10.));
#7273 = CARTESIAN_POINT('',(-39.44981578504,3.068043724289,10.));
#7274 = CARTESIAN_POINT('',(-39.34574077617,2.906863042022,10.));
#7275 = CARTESIAN_POINT('',(-39.2469202381,2.742369799787,10.));
#7276 = CARTESIAN_POINT('',(-39.15348770732,2.574809800874,10.));
#7277 = CARTESIAN_POINT('',(-39.06561432014,2.404361978741,10.));
#7278 = CARTESIAN_POINT('',(-38.98349337596,2.23116125511,10.));
#7279 = CARTESIAN_POINT('',(-38.90732489747,2.055321402249,10.));
#7280 = CARTESIAN_POINT('',(-38.83730019141,1.876957904572,10.));
#7281 = CARTESIAN_POINT('',(-38.77358641045,1.696210818476,10.));
#7282 = CARTESIAN_POINT('',(-38.71631111069,1.513267638637,10.));
#7283 = CARTESIAN_POINT('',(-38.66557033727,1.328351811085,10.));
#7284 = CARTESIAN_POINT('',(-38.62143671445,1.141711239692,10.));
#7285 = CARTESIAN_POINT('',(-38.58396753426,0.953606794936,10.));
#7286 = CARTESIAN_POINT('',(-38.55321284512,0.764300822297,10.));
#7287 = CARTESIAN_POINT('',(-38.52922354186,0.574045649301,10.));
#7288 = CARTESIAN_POINT('',(-38.51204699035,0.383085588157,10.));
#7289 = CARTESIAN_POINT('',(-38.5017226503,0.191658940294,10.));
#7290 = CARTESIAN_POINT('',(-38.49827769877,1.646860425808E-10,10.));
#7291 = CARTESIAN_POINT('',(-38.50172265334,-0.191658940651,10.));
#7292 = CARTESIAN_POINT('',(-38.51204699537,-0.383085589464,10.));
#7293 = CARTESIAN_POINT('',(-38.52922354688,-0.5740456495,10.));
#7294 = CARTESIAN_POINT('',(-38.55321284756,-0.764300816813,10.));
#7295 = CARTESIAN_POINT('',(-38.58396753139,-0.953606777481,10.));
#7296 = CARTESIAN_POINT('',(-38.62143670399,-1.141711204094,10.));
#7297 = CARTESIAN_POINT('',(-38.66557031817,-1.328351754115,10.));
#7298 = CARTESIAN_POINT('',(-38.71631108354,-1.513267561589,10.));
#7299 = CARTESIAN_POINT('',(-38.7735863775,-1.696210727498,10.));
#7300 = CARTESIAN_POINT('',(-38.83730015625,-1.87695780974,10.));
#7301 = CARTESIAN_POINT('',(-38.90732486439,-2.055321315397,10.));
#7302 = CARTESIAN_POINT('',(-38.98349334886,-2.231161186396,10.));
#7303 = CARTESIAN_POINT('',(-39.06561430181,-2.404361934356,10.));
#7304 = CARTESIAN_POINT('',(-39.15348769895,-2.574809781921,10.));
#7305 = CARTESIAN_POINT('',(-39.24692023904,-2.742369802307,10.));
#7306 = CARTESIAN_POINT('',(-39.345740784,-2.906863058183,10.));
#7307 = CARTESIAN_POINT('',(-39.44981579589,-3.068043744734,10.));
#7308 = CARTESIAN_POINT('',(-39.55899946925,-3.22567533948,10.));
#7309 = CARTESIAN_POINT('',(-39.67308386952,-3.379606740465,10.));
#7310 = CARTESIAN_POINT('',(-39.79174906471,-3.529848420218,10.));
#7311 = CARTESIAN_POINT('',(-39.91451326984,-3.676648547385,10.));
#7312 = CARTESIAN_POINT('',(-40.04068295659,-3.820569194934,10.));
#7313 = CARTESIAN_POINT('',(-40.16936534424,-3.962422676373,10.));
#7314 = CARTESIAN_POINT('',(-40.29948095282,-4.103207790176,10.));
#7315 = CARTESIAN_POINT('',(-40.42977608624,-4.244046109449,10.));
#7316 = CARTESIAN_POINT('',(-40.55883545147,-4.386118228219,10.));
#7317 = CARTESIAN_POINT('',(-40.68509442493,-4.530600093409,10.));
#7318 = CARTESIAN_POINT('',(-40.80696942546,-4.678574161781,10.));
#7319 = CARTESIAN_POINT('',(-40.92298858645,-4.830940521824,10.));
#7320 = CARTESIAN_POINT('',(-41.03192240495,-4.988327954982,10.));
#7321 = CARTESIAN_POINT('',(-41.13291419952,-5.151005190416,10.));
#7322 = CARTESIAN_POINT('',(-41.22561120744,-5.31879161065,10.));
#7323 = CARTESIAN_POINT('',(-41.31003281478,-5.491187635963,10.));
#7324 = CARTESIAN_POINT('',(-41.38643812649,-5.667505656028,10.));
#7325 = CARTESIAN_POINT('',(-41.45519376587,-5.847000774924,10.));
#7326 = CARTESIAN_POINT('',(-41.51664161407,-6.029001596546,10.));
#7327 = CARTESIAN_POINT('',(-41.57096647369,-6.213041098807,10.));
#7328 = CARTESIAN_POINT('',(-41.61823926625,-6.398804460723,10.));
#7329 = CARTESIAN_POINT('',(-41.65846035896,-6.586076756464,10.));
#7330 = CARTESIAN_POINT('',(-41.69160284289,-6.774690699374,10.));
#7331 = CARTESIAN_POINT('',(-41.71765583158,-6.964474365071,10.));
#7332 = CARTESIAN_POINT('',(-41.73666775107,-7.155198923311,10.));
#7333 = CARTESIAN_POINT('',(-41.74872776707,-7.34659591515,10.));
#7334 = CARTESIAN_POINT('',(-41.75394720995,-7.538374532233,10.));
#7335 = CARTESIAN_POINT('',(-41.75244100123,-7.730238894775,10.));
#7336 = CARTESIAN_POINT('',(-41.74430907839,-7.92190533085,10.));
#7337 = CARTESIAN_POINT('',(-41.7296178231,-8.113119653013,10.));
#7338 = CARTESIAN_POINT('',(-41.70840981851,-8.303651865526,10.));
#7339 = CARTESIAN_POINT('',(-41.68071360333,-8.493290874114,10.));
#7340 = CARTESIAN_POINT('',(-41.64655342706,-8.681839194847,10.));
#7341 = CARTESIAN_POINT('',(-41.60595900477,-8.869107663422,10.));
#7342 = CARTESIAN_POINT('',(-41.55897527204,-9.054910144324,10.));
#7343 = CARTESIAN_POINT('',(-41.50565539762,-9.239054908647,10.));
#7344 = CARTESIAN_POINT('',(-41.44605379629,-9.421336012096,10.));
#7345 = CARTESIAN_POINT('',(-41.38021914139,-9.601524672439,10.));
#7346 = CARTESIAN_POINT('',(-41.30818737804,-9.779360648186,10.));
#7347 = CARTESIAN_POINT('',(-41.22997473447,-9.954543613742,10.));
#7348 = CARTESIAN_POINT('',(-41.14558826792,-10.12675622925,10.));
#7349 = CARTESIAN_POINT('',(-41.0550364127,-10.29568721416,10.));
#7350 = CARTESIAN_POINT('',(-40.95833952722,-10.46105441895,10.));
#7351 = CARTESIAN_POINT('',(-40.85554044185,-10.62262789869,10.));
#7352 = CARTESIAN_POINT('',(-40.74671500563,-10.7802529837,10.));
#7353 = CARTESIAN_POINT('',(-40.63195209442,-10.93378542253,10.));
#7354 = CARTESIAN_POINT('',(-40.51133361455,-11.08302651358,10.));
#7355 = CARTESIAN_POINT('',(-40.38491451724,-11.22765826384,10.));
#7356 = CARTESIAN_POINT('',(-40.25270278735,-11.36717848282,10.));
#7357 = CARTESIAN_POINT('',(-40.11463950062,-11.50083604911,10.));
#7358 = CARTESIAN_POINT('',(-39.97067100245,-11.62780246615,10.));
#7359 = CARTESIAN_POINT('',(-39.82082105049,-11.74734330702,10.));
#7360 = CARTESIAN_POINT('',(-39.66526291716,-11.85898959876,10.));
#7361 = CARTESIAN_POINT('',(-39.50439163292,-11.96270946711,10.));
#7362 = CARTESIAN_POINT('',(-39.33889582893,-12.05907902282,10.));
#7363 = CARTESIAN_POINT('',(-39.16967079124,-12.14914969519,10.));
#7364 = CARTESIAN_POINT('',(-38.99773189557,-12.23431631773,10.));
#7365 = CARTESIAN_POINT('',(-38.82412793945,-12.31618496176,10.));
#7366 = CARTESIAN_POINT('',(-38.64985442988,-12.39644081736,10.));
#7367 = CARTESIAN_POINT('',(-38.47576713396,-12.47671622101,10.));
#7368 = CARTESIAN_POINT('',(-38.30259511043,-12.55852714001,10.));
#7369 = CARTESIAN_POINT('',(-38.130953448,-12.6432094425,10.));
#7370 = CARTESIAN_POINT('',(-37.96135611273,-12.73185525968,10.));
#7371 = CARTESIAN_POINT('',(-37.79422874815,-12.82524927951,10.));
#7372 = CARTESIAN_POINT('',(-37.62992149759,-12.92380514892,10.));
#7373 = CARTESIAN_POINT('',(-37.46872593322,-13.0276549738,10.));
#7374 = CARTESIAN_POINT('',(-37.31089198596,-13.13673872556,10.));
#7375 = CARTESIAN_POINT('',(-37.1566448749,-13.2508936826,10.));
#7376 = CARTESIAN_POINT('',(-37.00620203653,-13.36994385449,10.));
#7377 = CARTESIAN_POINT('',(-36.85979005505,-13.4937894193,10.));
#7378 = CARTESIAN_POINT('',(-36.71763914813,-13.62237969809,10.));
#7379 = CARTESIAN_POINT('',(-36.57997765139,-13.75568612436,10.));
#7380 = CARTESIAN_POINT('',(-36.44702650319,-13.89367521435,10.));
#7381 = CARTESIAN_POINT('',(-36.31899372972,-14.03628153937,10.));
#7382 = CARTESIAN_POINT('',(-36.19606892857,-14.18338069053,10.));
#7383 = CARTESIAN_POINT('',(-36.07842634295,-14.33480298551,10.));
#7384 = CARTESIAN_POINT('',(-35.96622793766,-14.4903471831,10.));
#7385 = CARTESIAN_POINT('',(-35.85962647442,-14.6497941951,10.));
#7386 = CARTESIAN_POINT('',(-35.75876858722,-14.8129207986,10.));
#7387 = CARTESIAN_POINT('',(-35.66379785831,-14.97951334997,10.));
#7388 = CARTESIAN_POINT('',(-35.57485154228,-15.1493642603,10.));
#7389 = CARTESIAN_POINT('',(-35.49205728918,-15.32226846835,10.));
#7390 = CARTESIAN_POINT('',(-35.41552986792,-15.49801991449,10.));
#7391 = CARTESIAN_POINT('',(-35.34536788962,-15.67640801417,10.));
#7392 = CARTESIAN_POINT('',(-35.28165053089,-15.85721413163,10.));
#7393 = CARTESIAN_POINT('',(-35.22444234406,-16.04021140431,10.));
#7394 = CARTESIAN_POINT('',(-35.1737980675,-16.22516456727,10.));
#7395 = CARTESIAN_POINT('',(-35.12976743562,-16.41182977768,10.));
#7396 = CARTESIAN_POINT('',(-35.09239998966,-16.59995443898,10.));
#7397 = CARTESIAN_POINT('',(-35.0617498862,-16.78927702604,10.));
#7398 = CARTESIAN_POINT('',(-35.03786402489,-16.97953460605,10.));
#7399 = CARTESIAN_POINT('',(-35.02077017804,-17.17047035873,10.));
#7400 = CARTESIAN_POINT('',(-35.01046512035,-17.36184109612,10.));
#7401 = CARTESIAN_POINT('',(-35.00690275641,-17.553424784,10.));
#7402 = CARTESIAN_POINT('',(-35.00998225485,-17.7450280589,10.));
#7403 = CARTESIAN_POINT('',(-35.01957106576,-17.9364710131,10.));
#7404 = CARTESIAN_POINT('',(-35.03552793148,-18.12757198405,10.));
#7405 = CARTESIAN_POINT('',(-35.05772589921,-18.31813234249,10.));
#7406 = CARTESIAN_POINT('',(-35.08607533433,-18.50792128016,10.));
#7407 = CARTESIAN_POINT('',(-35.12054692931,-18.69666060028,10.));
#7408 = CARTESIAN_POINT('',(-35.16109649067,-18.88407598722,10.));
#7409 = CARTESIAN_POINT('',(-35.20758973619,-19.06994826787,10.));
#7410 = CARTESIAN_POINT('',(-35.25972707955,-19.25416468493,10.));
#7411 = CARTESIAN_POINT('',(-35.31696843947,-19.43677014518,10.));
#7412 = CARTESIAN_POINT('',(-35.37845798328,-19.61801853454,10.));
#7413 = CARTESIAN_POINT('',(-35.44306003026,-19.79831868045,10.));
#7414 = CARTESIAN_POINT('',(-35.50939504731,-19.97818025327,10.));
#7415 = CARTESIAN_POINT('',(-35.57587556283,-20.15815968272,10.));
#7416 = CARTESIAN_POINT('',(-35.64074222279,-20.33880608625,10.));
#7417 = CARTESIAN_POINT('',(-35.70209948809,-20.52060714165,10.));
#7418 = CARTESIAN_POINT('',(-35.75807008221,-20.70395689829,10.));
#7419 = CARTESIAN_POINT('',(-35.8069497288,-20.88912367052,10.));
#7420 = CARTESIAN_POINT('',(-35.84736189097,-21.07621786625,10.));
#7421 = CARTESIAN_POINT('',(-35.87841226011,-21.26515992106,10.));
#7422 = CARTESIAN_POINT('',(-35.89984404525,-21.45564796971,10.));
#7423 = CARTESIAN_POINT('',(-35.91186633768,-21.64722787944,10.));
#7424 = CARTESIAN_POINT('',(-35.91498165623,-21.83936353633,10.));
#7425 = CARTESIAN_POINT('',(-35.90981377601,-22.03150704694,10.));
#7426 = CARTESIAN_POINT('',(-35.89693548616,-22.2231689544,10.));
#7427 = CARTESIAN_POINT('',(-35.87669624366,-22.41398850745,10.));
#7428 = CARTESIAN_POINT('',(-35.84928204821,-22.60370198993,10.));
#7429 = CARTESIAN_POINT('',(-35.81477548762,-22.79211097679,10.));
#7430 = CARTESIAN_POINT('',(-35.77321571911,-22.97905061769,10.));
#7431 = CARTESIAN_POINT('',(-35.72465847752,-23.16435790917,10.));
#7432 = CARTESIAN_POINT('',(-35.66923607223,-23.34783997148,10.));
#7433 = CARTESIAN_POINT('',(-35.60713361639,-23.52928290314,10.));
#7434 = CARTESIAN_POINT('',(-35.53856525341,-23.70846063655,10.));
#7435 = CARTESIAN_POINT('',(-35.46375038519,-23.885143793,10.));
#7436 = CARTESIAN_POINT('',(-35.38288989849,-24.05910853822,10.));
#7437 = CARTESIAN_POINT('',(-35.2961423953,-24.23014543679,10.));
#7438 = CARTESIAN_POINT('',(-35.20363523288,-24.39805829623,10.));
#7439 = CARTESIAN_POINT('',(-35.10547555982,-24.56266301214,10.));
#7440 = CARTESIAN_POINT('',(-35.0017613536,-24.72378641304,10.));
#7441 = CARTESIAN_POINT('',(-34.89259245738,-24.88126510539,10.));
#7442 = CARTESIAN_POINT('',(-34.77808161722,-25.03494431847,10.));
#7443 = CARTESIAN_POINT('',(-34.6583513261,-25.18466726469,10.));
#7444 = CARTESIAN_POINT('',(-34.5335306682,-25.33026449997,10.));
#7445 = CARTESIAN_POINT('',(-34.403752163,-25.47154328354,10.));
#7446 = CARTESIAN_POINT('',(-34.26914860956,-25.60827693924,10.));
#7447 = CARTESIAN_POINT('',(-34.12984993042,-25.74019421267,10.));
#7448 = CARTESIAN_POINT('',(-33.98598408635,-25.86700462072,10.));
#7449 = CARTESIAN_POINT('',(-33.83767799155,-25.98842380532,10.));
#7450 = CARTESIAN_POINT('',(-33.68505842867,-26.10419888514,10.));
#7451 = CARTESIAN_POINT('',(-33.52825296392,-26.21413380924,10.));
#7452 = CARTESIAN_POINT('',(-33.36739086222,-26.31811470762,10.));
#7453 = CARTESIAN_POINT('',(-33.20260943679,-26.41604232066,10.));
#7454 = CARTESIAN_POINT('',(-33.03406039902,-26.50776441621,10.));
#7455 = CARTESIAN_POINT('',(-32.86191620789,-26.59300823595,10.));
#7456 = CARTESIAN_POINT('',(-32.6863764204,-26.67131287205,10.));
#7457 = CARTESIAN_POINT('',(-32.50767403937,-26.74196182946,10.));
#7458 = CARTESIAN_POINT('',(-32.32607654632,-26.80416914445,10.));
#7459 = CARTESIAN_POINT('',(-32.14188694346,-26.85726538667,10.));
#7460 = CARTESIAN_POINT('',(-31.95544478183,-26.90088359009,10.));
#7461 = CARTESIAN_POINT('',(-31.76712721973,-26.93514547835,10.));
#7462 = CARTESIAN_POINT('',(-31.57735000135,-26.96084683612,10.));
#7463 = CARTESIAN_POINT('',(-31.38653789858,-26.97930166854,10.));
#7464 = CARTESIAN_POINT('',(-31.19509521659,-26.99218720119,10.));
#7465 = CARTESIAN_POINT('',(-31.00337630107,-27.00138860798,10.));
#7466 = CARTESIAN_POINT('',(-30.81165598623,-27.00884376552,10.));
#7467 = CARTESIAN_POINT('',(-30.62010022965,-27.01638824398,10.));
#7468 = CARTESIAN_POINT('',(-30.42880245823,-27.02570161323,10.));
#7469 = CARTESIAN_POINT('',(-30.2378197252,-27.03825343875,10.));
#7470 = CARTESIAN_POINT('',(-30.0472089328,-27.0552494045,10.));
#7471 = CARTESIAN_POINT('',(-29.85706303727,-27.07757735436,10.));
#7472 = CARTESIAN_POINT('',(-29.66754723305,-27.10575344231,10.));
#7473 = CARTESIAN_POINT('',(-29.47888034296,-27.14001129812,10.));
#7474 = CARTESIAN_POINT('',(-29.291316245,-27.18039110702,10.));
#7475 = CARTESIAN_POINT('',(-29.10512528537,-27.22682872147,10.));
#7476 = CARTESIAN_POINT('',(-28.92057569778,-27.27924475686,10.));
#7477 = CARTESIAN_POINT('',(-28.73791501896,-27.33763369976,10.));
#7478 = CARTESIAN_POINT('',(-28.55737533626,-27.40203682944,10.));
#7479 = CARTESIAN_POINT('',(-28.37917853625,-27.47251513415,10.));
#7480 = CARTESIAN_POINT('',(-28.20354155302,-27.54912222837,10.));
#7481 = CARTESIAN_POINT('',(-28.03068161619,-27.63187727206,10.));
#7482 = CARTESIAN_POINT('',(-27.8608215003,-27.72073788224,10.));
#7483 = CARTESIAN_POINT('',(-27.69418711972,-27.81561397288,10.));
#7484 = CARTESIAN_POINT('',(-27.53100512207,-27.91638160259,10.));
#7485 = CARTESIAN_POINT('',(-27.37150048222,-28.02289681965,10.));
#7486 = CARTESIAN_POINT('',(-27.215894096,-28.13500950737,10.));
#7487 = CARTESIAN_POINT('',(-27.06440037401,-28.25257723134,10.));
#7488 = CARTESIAN_POINT('',(-26.91722556378,-28.37546072946,10.));
#7489 = CARTESIAN_POINT('',(-26.77456607212,-28.5035193994,10.));
#7490 = CARTESIAN_POINT('',(-26.63660678729,-28.63660678706,10.));
#7491 = CARTESIAN_POINT('',(-26.5035194013,-28.77456607452,10.));
#7492 = CARTESIAN_POINT('',(-26.37546073209,-28.91722556826,10.));
#7493 = CARTESIAN_POINT('',(-26.25257723475,-29.0644003777,10.));
#7494 = CARTESIAN_POINT('',(-26.13500951298,-29.21589409384,10.));
#7495 = CARTESIAN_POINT('',(-26.02289682996,-29.37150046784,10.));
#7496 = CARTESIAN_POINT('',(-25.91638162036,-29.5310050895,10.));
#7497 = CARTESIAN_POINT('',(-25.81561399966,-29.69418706593,10.));
#7498 = CARTESIAN_POINT('',(-25.72073791752,-29.86082142662,10.));
#7499 = CARTESIAN_POINT('',(-25.63187731309,-30.03068152856,10.));
#7500 = CARTESIAN_POINT('',(-25.54912227057,-30.2035414611,10.));
#7501 = CARTESIAN_POINT('',(-25.47251517217,-30.37917845144,10.));
#7502 = CARTESIAN_POINT('',(-25.40203685887,-30.55737526851,10.));
#7503 = CARTESIAN_POINT('',(-25.33763371819,-30.73791497461,10.));
#7504 = CARTESIAN_POINT('',(-25.27924476434,-30.92057567846,10.));
#7505 = CARTESIAN_POINT('',(-25.22682872035,-31.10512528782,10.));
#7506 = CARTESIAN_POINT('',(-25.18039110112,-31.29131626197,10.));
#7507 = CARTESIAN_POINT('',(-25.14001129133,-31.47888036509,10.));
#7508 = CARTESIAN_POINT('',(-25.10575343758,-31.66754725048,10.));
#7509 = CARTESIAN_POINT('',(-25.07757735316,-31.85706304102,10.));
#7510 = CARTESIAN_POINT('',(-25.0552494068,-32.0472089158,10.));
#7511 = CARTESIAN_POINT('',(-25.03825344334,-32.23781968313,10.));
#7512 = CARTESIAN_POINT('',(-25.02570161859,-32.42880239004,10.));
#7513 = CARTESIAN_POINT('',(-25.01638824885,-32.62010013763,10.));
#7514 = CARTESIAN_POINT('',(-25.00884376936,-32.81165587546,10.));
#7515 = CARTESIAN_POINT('',(-25.00138861114,-33.00337617846,10.));
#7516 = CARTESIAN_POINT('',(-24.99218720487,-33.19509508939,10.));
#7517 = CARTESIAN_POINT('',(-24.97930167456,-33.38653777235,10.));
#7518 = CARTESIAN_POINT('',(-24.96084684671,-33.57734987887,10.));
#7519 = CARTESIAN_POINT('',(-24.93514549578,-33.76712710076,10.));
#7520 = CARTESIAN_POINT('',(-24.90088361628,-33.95544466378,10.));
#7521 = CARTESIAN_POINT('',(-24.85726542275,-34.14188682289,10.));
#7522 = CARTESIAN_POINT('',(-24.80416919011,-34.32607642132,10.));
#7523 = CARTESIAN_POINT('',(-24.74196188259,-34.5076739109,10.));
#7524 = CARTESIAN_POINT('',(-24.67131292898,-34.68637629256,10.));
#7525 = CARTESIAN_POINT('',(-24.59300829207,-34.86191608717,10.));
#7526 = CARTESIAN_POINT('',(-24.50776446707,-35.03406029247,10.));
#7527 = CARTESIAN_POINT('',(-24.41604236364,-35.20260934915,10.));
#7528 = CARTESIAN_POINT('',(-24.31811474292,-35.36739079425,10.));
#7529 = CARTESIAN_POINT('',(-24.21413384008,-35.5282529119,10.));
#7530 = CARTESIAN_POINT('',(-24.10419891715,-35.68505838509,10.));
#7531 = CARTESIAN_POINT('',(-23.98842384515,-35.83767794703,10.));
#7532 = CARTESIAN_POINT('',(-23.86700467387,-35.98598403269,10.));
#7533 = CARTESIAN_POINT('',(-23.74019428214,-36.12984986261,10.));
#7534 = CARTESIAN_POINT('',(-23.60827702497,-36.2691485267,10.));
#7535 = CARTESIAN_POINT('',(-23.47154338274,-36.40375206812,10.));
#7536 = CARTESIAN_POINT('',(-23.33026460829,-36.53353056701,10.));
#7537 = CARTESIAN_POINT('',(-23.18466737819,-36.65835122464,10.));
#7538 = CARTESIAN_POINT('',(-23.03494443483,-36.77808152028,10.));
#7539 = CARTESIAN_POINT('',(-22.88126522431,-36.89259236766,10.));
#7540 = CARTESIAN_POINT('',(-22.72378653585,-37.00176127154,10.));
#7541 = CARTESIAN_POINT('',(-22.56266314054,-37.10547548429,10.));
#7542 = CARTESIAN_POINT('',(-22.39805843031,-37.20363516248,10.));
#7543 = CARTESIAN_POINT('',(-22.23014557397,-37.29614232928,10.));
#7544 = CARTESIAN_POINT('',(-22.05910867316,-37.38288983714,10.));
#7545 = CARTESIAN_POINT('',(-21.88514391862,-37.46375032984,10.));
#7546 = CARTESIAN_POINT('',(-21.70846074591,-37.53856520591,10.));
#7547 = CARTESIAN_POINT('',(-21.52928299237,-37.60713357816,10.));
#7548 = CARTESIAN_POINT('',(-21.3478400414,-37.66923604366,10.));
#7549 = CARTESIAN_POINT('',(-21.16435796554,-37.72465845776,10.));
#7550 = CARTESIAN_POINT('',(-20.97905067021,-37.77321570622,10.));
#7551 = CARTESIAN_POINT('',(-20.79211103666,-37.81477547904,10.));
#7552 = CARTESIAN_POINT('',(-20.60370206624,-37.84928204161,10.));
#7553 = CARTESIAN_POINT('',(-20.41398860487,-37.8766962375,10.));
#7554 = CARTESIAN_POINT('',(-20.2231690723,-37.89693547995,10.));
#7555 = CARTESIAN_POINT('',(-20.03150717995,-37.90981377036,10.));
#7556 = CARTESIAN_POINT('',(-19.83936367623,-37.91498165256,10.));
#7557 = CARTESIAN_POINT('',(-19.64722801847,-37.91186633775,10.));
#7558 = CARTESIAN_POINT('',(-19.45564810267,-37.8998440509,10.));
#7559 = CARTESIAN_POINT('',(-19.26516004627,-37.87841227291,10.));
#7560 = CARTESIAN_POINT('',(-19.07621798534,-37.84736191195,10.));
#7561 = CARTESIAN_POINT('',(-18.8891237871,-37.80694975822,10.));
#7562 = CARTESIAN_POINT('',(-18.7039570155,-37.7580701193,10.));
#7563 = CARTESIAN_POINT('',(-18.52060726058,-37.70209953082,10.));
#7564 = CARTESIAN_POINT('',(-18.33880620518,-37.64074226807,10.));
#7565 = CARTESIAN_POINT('',(-18.1581597972,-37.57587560683,10.));
#7566 = CARTESIAN_POINT('',(-17.97818035708,-37.50939508615,10.));
#7567 = CARTESIAN_POINT('',(-17.79831876733,-37.44306006097,10.));
#7568 = CARTESIAN_POINT('',(-17.61801859958,-37.37845800443,10.));
#7569 = CARTESIAN_POINT('',(-17.43677018581,-37.31696845132,10.));
#7570 = CARTESIAN_POINT('',(-17.25416470151,-37.25972708393,10.));
#7571 = CARTESIAN_POINT('',(-17.06994826395,-37.20758973585,10.));
#7572 = CARTESIAN_POINT('',(-16.8840759693,-37.16109648838,10.));
#7573 = CARTESIAN_POINT('',(-16.69666057724,-37.12054692711,10.));
#7574 = CARTESIAN_POINT('',(-16.50792126224,-37.08607533328,10.));
#7575 = CARTESIAN_POINT('',(-16.3181323398,-37.05772589931,10.));
#7576 = CARTESIAN_POINT('',(-16.12757200477,-37.03552793196,10.));
#7577 = CARTESIAN_POINT('',(-15.93647106112,-37.0195710657,10.));
#7578 = CARTESIAN_POINT('',(-15.74502813275,-37.00998225359,10.));
#7579 = CARTESIAN_POINT('',(-15.55342487691,-37.00690275374,10.));
#7580 = CARTESIAN_POINT('',(-15.36184119719,-37.01046511653,10.));
#7581 = CARTESIAN_POINT('',(-15.1704704554,-37.02077017367,10.));
#7582 = CARTESIAN_POINT('',(-14.97953468763,-37.03786402049,10.));
#7583 = CARTESIAN_POINT('',(-14.78927708598,-37.06174988204,10.));
#7584 = CARTESIAN_POINT('',(-14.59995447587,-37.09239998571,10.));
#7585 = CARTESIAN_POINT('',(-14.41182979491,-37.1297674316,10.));
#7586 = CARTESIAN_POINT('',(-14.22516457141,-37.17379806314,10.));
#7587 = CARTESIAN_POINT('',(-14.04021140221,-37.22444233949,10.));
#7588 = CARTESIAN_POINT('',(-13.8572141285,-37.28165052675,10.));
#7589 = CARTESIAN_POINT('',(-13.67640801268,-37.34536788694,10.));
#7590 = CARTESIAN_POINT('',(-13.49801991479,-37.41552986779,10.));
#7591 = CARTESIAN_POINT('',(-13.32226846919,-37.49205729212,10.));
#7592 = CARTESIAN_POINT('',(-13.14936426101,-37.57485154742,10.));
#7593 = CARTESIAN_POINT('',(-12.97951335171,-37.66379786303,10.));
#7594 = CARTESIAN_POINT('',(-12.8129208046,-37.75876858737,10.));
#7595 = CARTESIAN_POINT('',(-12.64979421012,-37.85962646508,10.));
#7596 = CARTESIAN_POINT('',(-12.49034721198,-37.96622791437,10.));
#7597 = CARTESIAN_POINT('',(-12.33480303084,-38.0784263035,10.));
#7598 = CARTESIAN_POINT('',(-12.18338075133,-38.196068874,10.));
#7599 = CARTESIAN_POINT('',(-12.03628161081,-38.31899366446,10.));
#7600 = CARTESIAN_POINT('',(-11.89367528851,-38.44702643442,10.));
#7601 = CARTESIAN_POINT('',(-11.75568619195,-38.57997758759,10.));
#7602 = CARTESIAN_POINT('',(-11.62237975121,-38.71763909679,10.));
#7603 = CARTESIAN_POINT('',(-11.4937894533,-38.85979002113,10.));
#7604 = CARTESIAN_POINT('',(-11.3699438688,-39.00620202154,10.));
#7605 = CARTESIAN_POINT('',(-11.25089368063,-39.15664487673,10.));
#7606 = CARTESIAN_POINT('',(-11.13673871363,-39.31089199938,10.));
#7607 = CARTESIAN_POINT('',(-11.02765495906,-39.46872595107,10.));
#7608 = CARTESIAN_POINT('',(-10.92380513787,-39.62992151189,10.));
#7609 = CARTESIAN_POINT('',(-10.82524927697,-39.79422875116,10.));
#7610 = CARTESIAN_POINT('',(-10.73185526831,-39.96135609791,10.));
#7611 = CARTESIAN_POINT('',(-10.64320946285,-40.13095341089,10.));
#7612 = CARTESIAN_POINT('',(-10.55852717106,-40.30259504949,10.));
#7613 = CARTESIAN_POINT('',(-10.47671626073,-40.47576705081,10.));
#7614 = CARTESIAN_POINT('',(-10.3964408633,-40.64985432901,10.));
#7615 = CARTESIAN_POINT('',(-10.31618501161,-40.82412782739,10.));
#7616 = CARTESIAN_POINT('',(-10.2343163698,-40.99773177946,10.));
#7617 = CARTESIAN_POINT('',(-10.14914974906,-41.16967067692,10.));
#7618 = CARTESIAN_POINT('',(-10.05907907947,-41.33889571982,10.));
#7619 = CARTESIAN_POINT('',(-9.96270952874,-41.50439152968,10.));
#7620 = CARTESIAN_POINT('',(-9.858989668134,-41.66526281812,10.));
#7621 = CARTESIAN_POINT('',(-9.747343386501,-41.8208209529,10.));
#7622 = CARTESIAN_POINT('',(-9.627802556174,-41.97067090444,10.));
#7623 = CARTESIAN_POINT('',(-9.500836147364,-42.11463940226,10.));
#7624 = CARTESIAN_POINT('',(-9.367178584348,-42.25270269103,10.));
#7625 = CARTESIAN_POINT('',(-9.227658361886,-42.38491442719,10.));
#7626 = CARTESIAN_POINT('',(-9.083026601348,-42.51133353556,10.));
#7627 = CARTESIAN_POINT('',(-8.933785495778,-42.63195202989,10.));
#7628 = CARTESIAN_POINT('',(-8.780253042329,-42.74671495633,10.));
#7629 = CARTESIAN_POINT('',(-8.6226279471,-42.85554040558,10.));
#7630 = CARTESIAN_POINT('',(-8.461054465207,-42.95833949921,10.));
#7631 = CARTESIAN_POINT('',(-8.295687267998,-43.05503638681,10.));
#7632 = CARTESIAN_POINT('',(-8.126756298902,-43.14558823869,10.));
#7633 = CARTESIAN_POINT('',(-7.954543703872,-43.22997469841,10.));
#7634 = CARTESIAN_POINT('',(-7.779360759094,-43.3081873343,10.));
#7635 = CARTESIAN_POINT('',(-7.601524800398,-43.3802190917,10.));
#7636 = CARTESIAN_POINT('',(-7.421336150895,-43.44605374425,10.));
#7637 = CARTESIAN_POINT('',(-7.239055052328,-43.50565534731,10.));
#7638 = CARTESIAN_POINT('',(-7.054910288914,-43.55897522701,10.));
#7639 = CARTESIAN_POINT('',(-6.869107807623,-43.60595896738,10.));
#7640 = CARTESIAN_POINT('',(-6.681839339703,-43.64655339825,10.));
#7641 = CARTESIAN_POINT('',(-6.493291021647,-43.68071358269,10.));
#7642 = CARTESIAN_POINT('',(-6.303652016345,-43.70840980479,10.));
#7643 = CARTESIAN_POINT('',(-6.113119805012,-43.7296178146,10.));
#7644 = CARTESIAN_POINT('',(-5.921905479,-43.74430907335,10.));
#7645 = CARTESIAN_POINT('',(-5.730239032012,-43.75244099817,10.));
#7646 = CARTESIAN_POINT('',(-5.538374651438,-43.75394720792,10.));
#7647 = CARTESIAN_POINT('',(-5.346596012217,-43.74872776589,10.));
#7648 = CARTESIAN_POINT('',(-5.155198998841,-43.73666775143,10.));
#7649 = CARTESIAN_POINT('',(-4.964474424717,-43.7176558349,10.));
#7650 = CARTESIAN_POINT('',(-4.774690752823,-43.69160285108,10.));
#7651 = CARTESIAN_POINT('',(-4.58607681506,-43.65846037395,10.));
#7652 = CARTESIAN_POINT('',(-4.398804533749,-43.61823928936,10.));
#7653 = CARTESIAN_POINT('',(-4.213041191166,-43.57096650527,10.));
#7654 = CARTESIAN_POINT('',(-4.029001707852,-43.51664165345,10.));
#7655 = CARTESIAN_POINT('',(-3.847000899969,-43.45519381155,10.));
#7656 = CARTESIAN_POINT('',(-3.66750578668,-43.38643817663,10.));
#7657 = CARTESIAN_POINT('',(-3.491187764376,-43.31003286805,10.));
#7658 = CARTESIAN_POINT('',(-3.318791731321,-43.22561126355,10.));
#7659 = CARTESIAN_POINT('',(-3.151005301186,-43.13291425927,10.));
#7660 = CARTESIAN_POINT('',(-2.988328056974,-43.0319224699,10.));
#7661 = CARTESIAN_POINT('',(-2.83094061827,-42.92298865825,10.));
#7662 = CARTESIAN_POINT('',(-2.678574255878,-42.80696950458,10.));
#7663 = CARTESIAN_POINT('',(-2.530600186929,-42.68509450993,10.));
#7664 = CARTESIAN_POINT('',(-2.386118320764,-42.55883553881,10.));
#7665 = CARTESIAN_POINT('',(-2.244046198382,-42.42977617069,10.));
#7666 = CARTESIAN_POINT('',(-2.103207871224,-42.29948102843,10.));
#7667 = CARTESIAN_POINT('',(-1.962422744887,-42.16936540586,10.));
#7668 = CARTESIAN_POINT('',(-1.820569246931,-42.04068300101,10.));
#7669 = CARTESIAN_POINT('',(-1.676648580384,-41.91451329634,10.));
#7670 = CARTESIAN_POINT('',(-1.529848433868,-41.7917490751,10.));
#7671 = CARTESIAN_POINT('',(-1.379606736969,-41.67308386771,10.));
#7672 = CARTESIAN_POINT('',(-1.225675323803,-41.55899946027,10.));
#7673 = CARTESIAN_POINT('',(-1.06804372429,-41.44981578505,10.));
#7674 = CARTESIAN_POINT('',(-0.906863042023,-41.34574077617,10.));
#7675 = CARTESIAN_POINT('',(-0.742369799789,-41.2469202381,10.));
#7676 = CARTESIAN_POINT('',(-0.574809800876,-41.15348770732,10.));
#7677 = CARTESIAN_POINT('',(-0.404361978743,-41.06561432014,10.));
#7678 = CARTESIAN_POINT('',(-0.231161255113,-40.98349337596,10.));
#7679 = CARTESIAN_POINT('',(-5.532140225119E-02,-40.90732489747,10.));
#7680 = CARTESIAN_POINT('',(0.123042095426,-40.83730019141,10.));
#7681 = CARTESIAN_POINT('',(0.303789181523,-40.77358641045,10.));
#7682 = CARTESIAN_POINT('',(0.486732361363,-40.71631111069,10.));
#7683 = CARTESIAN_POINT('',(0.671648188916,-40.66557033727,10.));
#7684 = CARTESIAN_POINT('',(0.858288760308,-40.62143671445,10.));
#7685 = CARTESIAN_POINT('',(1.046393205063,-40.58396753427,10.));
#7686 = CARTESIAN_POINT('',(1.235699177699,-40.55321284512,10.));
#7687 = CARTESIAN_POINT('',(1.425954350694,-40.52922354186,10.));
#7688 = CARTESIAN_POINT('',(1.616914411837,-40.51204699035,10.));
#7689 = CARTESIAN_POINT('',(1.808341059702,-40.5017226503,10.));
#7690 = CARTESIAN_POINT('',(1.999999999834,-40.49827769877,10.));
#7691 = CARTESIAN_POINT('',(2.191658940651,-40.50172265334,10.));
#7692 = CARTESIAN_POINT('',(2.383085589466,-40.51204699537,10.));
#7693 = CARTESIAN_POINT('',(2.574045649502,-40.52922354689,10.));
#7694 = CARTESIAN_POINT('',(2.764300816813,-40.55321284756,10.));
#7695 = CARTESIAN_POINT('',(2.95360677748,-40.58396753139,10.));
#7696 = CARTESIAN_POINT('',(3.141711204091,-40.62143670399,10.));
#7697 = CARTESIAN_POINT('',(3.328351754111,-40.66557031816,10.));
#7698 = CARTESIAN_POINT('',(3.513267561586,-40.71631108354,10.));
#7699 = CARTESIAN_POINT('',(3.696210727496,-40.77358637749,10.));
#7700 = CARTESIAN_POINT('',(3.876957809739,-40.83730015625,10.));
#7701 = CARTESIAN_POINT('',(4.055321315396,-40.90732486439,10.));
#7702 = CARTESIAN_POINT('',(4.231161186395,-40.98349334886,10.));
#7703 = CARTESIAN_POINT('',(4.404361934355,-41.06561430181,10.));
#7704 = CARTESIAN_POINT('',(4.574809781919,-41.15348769895,10.));
#7705 = CARTESIAN_POINT('',(4.742369802306,-41.24692023904,10.));
#7706 = CARTESIAN_POINT('',(4.906863058182,-41.345740784,10.));
#7707 = CARTESIAN_POINT('',(5.068043744733,-41.44981579589,10.));
#7708 = CARTESIAN_POINT('',(5.22567533948,-41.55899946924,10.));
#7709 = CARTESIAN_POINT('',(5.379606740464,-41.67308386951,10.));
#7710 = CARTESIAN_POINT('',(5.529848420217,-41.79174906471,10.));
#7711 = CARTESIAN_POINT('',(5.676648547383,-41.91451326984,10.));
#7712 = CARTESIAN_POINT('',(5.820569194932,-42.04068295659,10.));
#7713 = CARTESIAN_POINT('',(5.962422676371,-42.16936534424,10.));
#7714 = CARTESIAN_POINT('',(6.103207790175,-42.29948095282,10.));
#7715 = CARTESIAN_POINT('',(6.244046109448,-42.42977608624,10.));
#7716 = CARTESIAN_POINT('',(6.386118228218,-42.55883545147,10.));
#7717 = CARTESIAN_POINT('',(6.530600093408,-42.68509442493,10.));
#7718 = CARTESIAN_POINT('',(6.67857416178,-42.80696942546,10.));
#7719 = CARTESIAN_POINT('',(6.830940521823,-42.92298858645,10.));
#7720 = CARTESIAN_POINT('',(6.988327954981,-43.03192240495,10.));
#7721 = CARTESIAN_POINT('',(7.151005190414,-43.13291419952,10.));
#7722 = CARTESIAN_POINT('',(7.318791610648,-43.22561120744,10.));
#7723 = CARTESIAN_POINT('',(7.49118763596,-43.31003281478,10.));
#7724 = CARTESIAN_POINT('',(7.667505656026,-43.38643812649,10.));
#7725 = CARTESIAN_POINT('',(7.847000774923,-43.45519376587,10.));
#7726 = CARTESIAN_POINT('',(8.029001596545,-43.51664161407,10.));
#7727 = CARTESIAN_POINT('',(8.213041098806,-43.57096647369,10.));
#7728 = CARTESIAN_POINT('',(8.398804460723,-43.61823926625,10.));
#7729 = CARTESIAN_POINT('',(8.586076756463,-43.65846035896,10.));
#7730 = CARTESIAN_POINT('',(8.774690699373,-43.69160284289,10.));
#7731 = CARTESIAN_POINT('',(8.964474365069,-43.71765583158,10.));
#7732 = CARTESIAN_POINT('',(9.155198923308,-43.73666775107,10.));
#7733 = CARTESIAN_POINT('',(9.346595915148,-43.74872776706,10.));
#7734 = CARTESIAN_POINT('',(9.538374532231,-43.75394720995,10.));
#7735 = CARTESIAN_POINT('',(9.730238894774,-43.75244100123,10.));
#7736 = CARTESIAN_POINT('',(9.921905330849,-43.74430907839,10.));
#7737 = CARTESIAN_POINT('',(10.113119653013,-43.7296178231,10.));
#7738 = CARTESIAN_POINT('',(10.303651865526,-43.70840981852,10.));
#7739 = CARTESIAN_POINT('',(10.493290874113,-43.68071360333,10.));
#7740 = CARTESIAN_POINT('',(10.681839194846,-43.64655342706,10.));
#7741 = CARTESIAN_POINT('',(10.869107663419,-43.60595900477,10.));
#7742 = CARTESIAN_POINT('',(11.054910144321,-43.55897527204,10.));
#7743 = CARTESIAN_POINT('',(11.239054908644,-43.50565539762,10.));
#7744 = CARTESIAN_POINT('',(11.421336012094,-43.44605379629,10.));
#7745 = CARTESIAN_POINT('',(11.601524672437,-43.38021914139,10.));
#7746 = CARTESIAN_POINT('',(11.779360648185,-43.30818737805,10.));
#7747 = CARTESIAN_POINT('',(11.954543613741,-43.22997473447,10.));
#7748 = CARTESIAN_POINT('',(12.126756229254,-43.14558826792,10.));
#7749 = CARTESIAN_POINT('',(12.295687214161,-43.0550364127,10.));
#7750 = CARTESIAN_POINT('',(12.461054418958,-42.95833952722,10.));
#7751 = CARTESIAN_POINT('',(12.622627898697,-42.85554044185,10.));
#7752 = CARTESIAN_POINT('',(12.780252983704,-42.74671500562,10.));
#7753 = CARTESIAN_POINT('',(12.933785422536,-42.63195209442,10.));
#7754 = CARTESIAN_POINT('',(13.083026513585,-42.51133361454,10.));
#7755 = CARTESIAN_POINT('',(13.227658263839,-42.38491451724,10.));
#7756 = CARTESIAN_POINT('',(13.367178482827,-42.25270278735,10.));
#7757 = CARTESIAN_POINT('',(13.50083604911,-42.11463950062,10.));
#7758 = CARTESIAN_POINT('',(13.627802466157,-41.97067100246,10.));
#7759 = CARTESIAN_POINT('',(13.747343307023,-41.82082105049,10.));
#7760 = CARTESIAN_POINT('',(13.858989598761,-41.66526291716,10.));
#7761 = CARTESIAN_POINT('',(13.962709467111,-41.50439163292,10.));
#7762 = CARTESIAN_POINT('',(14.059079022823,-41.33889582893,10.));
#7763 = CARTESIAN_POINT('',(14.149149695194,-41.16967079124,10.));
#7764 = CARTESIAN_POINT('',(14.234316317728,-40.99773189557,10.));
#7765 = CARTESIAN_POINT('',(14.316184961767,-40.82412793945,10.));
#7766 = CARTESIAN_POINT('',(14.396440817361,-40.64985442989,10.));
#7767 = CARTESIAN_POINT('',(14.476716221016,-40.47576713396,10.));
#7768 = CARTESIAN_POINT('',(14.55852714002,-40.30259511044,10.));
#7769 = CARTESIAN_POINT('',(14.643209442505,-40.13095344801,10.));
#7770 = CARTESIAN_POINT('',(14.731855259684,-39.96135611273,10.));
#7771 = CARTESIAN_POINT('',(14.825249279511,-39.79422874815,10.));
#7772 = CARTESIAN_POINT('',(14.923805148926,-39.62992149759,10.));
#7773 = CARTESIAN_POINT('',(15.027654973802,-39.46872593323,10.));
#7774 = CARTESIAN_POINT('',(15.136738725565,-39.31089198596,10.));
#7775 = CARTESIAN_POINT('',(15.250893682604,-39.1566448749,10.));
#7776 = CARTESIAN_POINT('',(15.369943854494,-39.00620203653,10.));
#7777 = CARTESIAN_POINT('',(15.493789419304,-38.85979005505,10.));
#7778 = CARTESIAN_POINT('',(15.622379698094,-38.71763914812,10.));
#7779 = CARTESIAN_POINT('',(15.755686124367,-38.57997765139,10.));
#7780 = CARTESIAN_POINT('',(15.893675214352,-38.44702650319,10.));
#7781 = CARTESIAN_POINT('',(16.036281539372,-38.31899372973,10.));
#7782 = CARTESIAN_POINT('',(16.183380690537,-38.19606892857,10.));
#7783 = CARTESIAN_POINT('',(16.334802985515,-38.07842634295,10.));
#7784 = CARTESIAN_POINT('',(16.4903471831,-37.96622793766,10.));
#7785 = CARTESIAN_POINT('',(16.649794195101,-37.85962647442,10.));
#7786 = CARTESIAN_POINT('',(16.812920798598,-37.75876858722,10.));
#7787 = CARTESIAN_POINT('',(16.979513349971,-37.66379785831,10.));
#7788 = CARTESIAN_POINT('',(17.149364260299,-37.57485154228,10.));
#7789 = CARTESIAN_POINT('',(17.322268468353,-37.49205728918,10.));
#7790 = CARTESIAN_POINT('',(17.498019914489,-37.41552986792,10.));
#7791 = CARTESIAN_POINT('',(17.676408014172,-37.34536788962,10.));
#7792 = CARTESIAN_POINT('',(17.857214131634,-37.28165053089,10.));
#7793 = CARTESIAN_POINT('',(18.040211404317,-37.22444234406,10.));
#7794 = CARTESIAN_POINT('',(18.225164567273,-37.1737980675,10.));
#7795 = CARTESIAN_POINT('',(18.411829777684,-37.12976743562,10.));
#7796 = CARTESIAN_POINT('',(18.599954438983,-37.09239998966,10.));
#7797 = CARTESIAN_POINT('',(18.789277026039,-37.0617498862,10.));
#7798 = CARTESIAN_POINT('',(18.979534606057,-37.03786402489,10.));
#7799 = CARTESIAN_POINT('',(19.170470358735,-37.02077017804,10.));
#7800 = CARTESIAN_POINT('',(19.361841096125,-37.01046512035,10.));
#7801 = CARTESIAN_POINT('',(19.553424784007,-37.00690275641,10.));
#7802 = CARTESIAN_POINT('',(19.745028058897,-37.00998225485,10.));
#7803 = CARTESIAN_POINT('',(19.936471013099,-37.01957106576,10.));
#7804 = CARTESIAN_POINT('',(20.127571984054,-37.03552793148,10.));
#7805 = CARTESIAN_POINT('',(20.318132342493,-37.05772589921,10.));
#7806 = CARTESIAN_POINT('',(20.507921280168,-37.08607533433,10.));
#7807 = CARTESIAN_POINT('',(20.696660600282,-37.12054692931,10.));
#7808 = CARTESIAN_POINT('',(20.884075987222,-37.16109649067,10.));
#7809 = CARTESIAN_POINT('',(21.069948267877,-37.20758973618,10.));
#7810 = CARTESIAN_POINT('',(21.254164684929,-37.25972707955,10.));
#7811 = CARTESIAN_POINT('',(21.436770145182,-37.31696843947,10.));
#7812 = CARTESIAN_POINT('',(21.618018534541,-37.37845798328,10.));
#7813 = CARTESIAN_POINT('',(21.798318680449,-37.44306003026,10.));
#7814 = CARTESIAN_POINT('',(21.978180253272,-37.50939504731,10.));
#7815 = CARTESIAN_POINT('',(22.158159682718,-37.57587556283,10.));
#7816 = CARTESIAN_POINT('',(22.338806086256,-37.64074222279,10.));
#7817 = CARTESIAN_POINT('',(22.520607141655,-37.70209948809,10.));
#7818 = CARTESIAN_POINT('',(22.703956898288,-37.75807008221,10.));
#7819 = CARTESIAN_POINT('',(22.889123670524,-37.80694972879,10.));
#7820 = CARTESIAN_POINT('',(23.076217866255,-37.84736189097,10.));
#7821 = CARTESIAN_POINT('',(23.265159921067,-37.87841226011,10.));
#7822 = CARTESIAN_POINT('',(23.455647969713,-37.89984404525,10.));
#7823 = CARTESIAN_POINT('',(23.647227879448,-37.91186633768,10.));
#7824 = CARTESIAN_POINT('',(23.839363536336,-37.91498165623,10.));
#7825 = CARTESIAN_POINT('',(24.031507046943,-37.90981377601,10.));
#7826 = CARTESIAN_POINT('',(24.2231689544,-37.89693548616,10.));
#7827 = CARTESIAN_POINT('',(24.413988507456,-37.87669624366,10.));
#7828 = CARTESIAN_POINT('',(24.603701989936,-37.84928204821,10.));
#7829 = CARTESIAN_POINT('',(24.792110976789,-37.81477548762,10.));
#7830 = CARTESIAN_POINT('',(24.979050617697,-37.77321571911,10.));
#7831 = CARTESIAN_POINT('',(25.164357909172,-37.72465847752,10.));
#7832 = CARTESIAN_POINT('',(25.347839971483,-37.66923607223,10.));
#7833 = CARTESIAN_POINT('',(25.529282903143,-37.60713361639,10.));
#7834 = CARTESIAN_POINT('',(25.708460636559,-37.53856525341,10.));
#7835 = CARTESIAN_POINT('',(25.885143793006,-37.46375038519,10.));
#7836 = CARTESIAN_POINT('',(26.059108538223,-37.38288989849,10.));
#7837 = CARTESIAN_POINT('',(26.230145436796,-37.2961423953,10.));
#7838 = CARTESIAN_POINT('',(26.398058296231,-37.20363523288,10.));
#7839 = CARTESIAN_POINT('',(26.562663012139,-37.10547555982,10.));
#7840 = CARTESIAN_POINT('',(26.723786413048,-37.0017613536,10.));
#7841 = CARTESIAN_POINT('',(26.881265105391,-36.89259245738,10.));
#7842 = CARTESIAN_POINT('',(27.034944318478,-36.77808161722,10.));
#7843 = CARTESIAN_POINT('',(27.184667264698,-36.6583513261,10.));
#7844 = CARTESIAN_POINT('',(27.330264499969,-36.53353066821,10.));
#7845 = CARTESIAN_POINT('',(27.471543283545,-36.403752163,10.));
#7846 = CARTESIAN_POINT('',(27.608276939247,-36.26914860956,10.));
#7847 = CARTESIAN_POINT('',(27.740194212672,-36.12984993042,10.));
#7848 = CARTESIAN_POINT('',(27.867004620721,-35.98598408636,10.));
#7849 = CARTESIAN_POINT('',(27.988423805321,-35.83767799155,10.));
#7850 = CARTESIAN_POINT('',(28.104198885147,-35.68505842867,10.));
#7851 = CARTESIAN_POINT('',(28.214133809239,-35.52825296393,10.));
#7852 = CARTESIAN_POINT('',(28.318114707623,-35.36739086222,10.));
#7853 = CARTESIAN_POINT('',(28.416042320668,-35.20260943679,10.));
#7854 = CARTESIAN_POINT('',(28.507764416213,-35.03406039903,10.));
#7855 = CARTESIAN_POINT('',(28.593008235953,-34.86191620789,10.));
#7856 = CARTESIAN_POINT('',(28.671312872053,-34.6863764204,10.));
#7857 = CARTESIAN_POINT('',(28.741961829458,-34.50767403937,10.));
#7858 = CARTESIAN_POINT('',(28.804169144456,-34.32607654632,10.));
#7859 = CARTESIAN_POINT('',(28.857265386672,-34.14188694346,10.));
#7860 = CARTESIAN_POINT('',(28.900883590093,-33.95544478183,10.));
#7861 = CARTESIAN_POINT('',(28.935145478357,-33.76712721973,10.));
#7862 = CARTESIAN_POINT('',(28.960846836122,-33.57735000135,10.));
#7863 = CARTESIAN_POINT('',(28.97930166854,-33.38653789858,10.));
#7864 = CARTESIAN_POINT('',(28.992187201199,-33.19509521659,10.));
#7865 = CARTESIAN_POINT('',(29.001388607983,-33.00337630107,10.));
#7866 = CARTESIAN_POINT('',(29.008843765519,-32.81165598624,10.));
#7867 = CARTESIAN_POINT('',(29.016388243985,-32.62010022966,10.));
#7868 = CARTESIAN_POINT('',(29.025701613236,-32.42880245823,10.));
#7869 = CARTESIAN_POINT('',(29.038253438752,-32.23781972521,10.));
#7870 = CARTESIAN_POINT('',(29.055249404504,-32.0472089328,10.));
#7871 = CARTESIAN_POINT('',(29.077577354361,-31.85706303727,10.));
#7872 = CARTESIAN_POINT('',(29.105753442318,-31.66754723305,10.));
#7873 = CARTESIAN_POINT('',(29.14001129812,-31.47888034296,10.));
#7874 = CARTESIAN_POINT('',(29.180391107019,-31.291316245,10.));
#7875 = CARTESIAN_POINT('',(29.226828721471,-31.10512528537,10.));
#7876 = CARTESIAN_POINT('',(29.279244756859,-30.92057569779,10.));
#7877 = CARTESIAN_POINT('',(29.337633699767,-30.73791501896,10.));
#7878 = CARTESIAN_POINT('',(29.402036829444,-30.55737533627,10.));
#7879 = CARTESIAN_POINT('',(29.472515134155,-30.37917853625,10.));
#7880 = CARTESIAN_POINT('',(29.549122228373,-30.20354155302,10.));
#7881 = CARTESIAN_POINT('',(29.631877272063,-30.03068161619,10.));
#7882 = CARTESIAN_POINT('',(29.720737882245,-29.8608215003,10.));
#7883 = CARTESIAN_POINT('',(29.815613972884,-29.69418711972,10.));
#7884 = CARTESIAN_POINT('',(29.916381602591,-29.53100512207,10.));
#7885 = CARTESIAN_POINT('',(30.022896819651,-29.37150048222,10.));
#7886 = CARTESIAN_POINT('',(30.135009507372,-29.215894096,10.));
#7887 = CARTESIAN_POINT('',(30.252577231342,-29.06440037401,10.));
#7888 = CARTESIAN_POINT('',(30.37546072946,-28.91722556379,10.));
#7889 = CARTESIAN_POINT('',(30.503519399406,-28.77456607212,10.));
#7890 = CARTESIAN_POINT('',(30.636606787064,-28.6366067873,10.));
#7891 = CARTESIAN_POINT('',(30.774566074529,-28.50351940131,10.));
#7892 = CARTESIAN_POINT('',(30.917225568264,-28.37546073209,10.));
#7893 = CARTESIAN_POINT('',(31.064400377705,-28.25257723475,10.));
#7894 = CARTESIAN_POINT('',(31.215894093849,-28.13500951298,10.));
#7895 = CARTESIAN_POINT('',(31.371500467843,-28.02289682996,10.));
#7896 = CARTESIAN_POINT('',(31.531005089501,-27.91638162036,10.));
#7897 = CARTESIAN_POINT('',(31.694187065928,-27.81561399966,10.));
#7898 = CARTESIAN_POINT('',(31.860821426619,-27.72073791752,10.));
#7899 = CARTESIAN_POINT('',(32.030681528558,-27.63187731309,10.));
#7900 = CARTESIAN_POINT('',(32.203541461106,-27.54912227057,10.));
#7901 = CARTESIAN_POINT('',(32.379178451445,-27.47251517217,10.));
#7902 = CARTESIAN_POINT('',(32.557375268513,-27.40203685887,10.));
#7903 = CARTESIAN_POINT('',(32.737914974614,-27.33763371819,10.));
#7904 = CARTESIAN_POINT('',(32.920575678465,-27.27924476434,10.));
#7905 = CARTESIAN_POINT('',(33.105125287819,-27.22682872035,10.));
#7906 = CARTESIAN_POINT('',(33.291316261972,-27.18039110113,10.));
#7907 = CARTESIAN_POINT('',(33.478880365088,-27.14001129133,10.));
#7908 = CARTESIAN_POINT('',(33.667547250485,-27.10575343758,10.));
#7909 = CARTESIAN_POINT('',(33.857063041017,-27.07757735316,10.));
#7910 = CARTESIAN_POINT('',(34.047208915798,-27.0552494068,10.));
#7911 = CARTESIAN_POINT('',(34.237819683137,-27.03825344334,10.));
#7912 = CARTESIAN_POINT('',(34.428802390048,-27.02570161859,10.));
#7913 = CARTESIAN_POINT('',(34.620100137636,-27.01638824885,10.));
#7914 = CARTESIAN_POINT('',(34.811655875465,-27.00884376936,10.));
#7915 = CARTESIAN_POINT('',(35.003376178467,-27.00138861114,10.));
#7916 = CARTESIAN_POINT('',(35.195095089397,-26.99218720487,10.));
#7917 = CARTESIAN_POINT('',(35.386537772351,-26.97930167456,10.));
#7918 = CARTESIAN_POINT('',(35.577349878868,-26.96084684671,10.));
#7919 = CARTESIAN_POINT('',(35.767127100764,-26.93514549578,10.));
#7920 = CARTESIAN_POINT('',(35.955444663783,-26.90088361628,10.));
#7921 = CARTESIAN_POINT('',(36.141886822893,-26.85726542275,10.));
#7922 = CARTESIAN_POINT('',(36.326076421324,-26.80416919011,10.));
#7923 = CARTESIAN_POINT('',(36.5076739109,-26.74196188259,10.));
#7924 = CARTESIAN_POINT('',(36.686376292563,-26.67131292898,10.));
#7925 = CARTESIAN_POINT('',(36.861916087176,-26.59300829207,10.));
#7926 = CARTESIAN_POINT('',(37.034060292475,-26.50776446707,10.));
#7927 = CARTESIAN_POINT('',(37.202609349156,-26.41604236364,10.));
#7928 = CARTESIAN_POINT('',(37.36739079425,-26.31811474292,10.));
#7929 = CARTESIAN_POINT('',(37.528252911899,-26.21413384008,10.));
#7930 = CARTESIAN_POINT('',(37.685058385089,-26.10419891715,10.));
#7931 = CARTESIAN_POINT('',(37.837677947031,-25.98842384515,10.));
#7932 = CARTESIAN_POINT('',(37.985984032697,-25.86700467387,10.));
#7933 = CARTESIAN_POINT('',(38.129849862617,-25.74019428214,10.));
#7934 = CARTESIAN_POINT('',(38.269148526702,-25.60827702497,10.));
#7935 = CARTESIAN_POINT('',(38.403752068122,-25.47154338275,10.));
#7936 = CARTESIAN_POINT('',(38.533530567013,-25.33026460829,10.));
#7937 = CARTESIAN_POINT('',(38.65835122464,-25.18466737819,10.));
#7938 = CARTESIAN_POINT('',(38.778081520283,-25.03494443483,10.));
#7939 = CARTESIAN_POINT('',(38.89259236766,-24.88126522431,10.));
#7940 = CARTESIAN_POINT('',(39.001761271546,-24.72378653585,10.));
#7941 = CARTESIAN_POINT('',(39.105475484297,-24.56266314054,10.));
#7942 = CARTESIAN_POINT('',(39.203635162484,-24.39805843031,10.));
#7943 = CARTESIAN_POINT('',(39.296142329282,-24.23014557396,10.));
#7944 = CARTESIAN_POINT('',(39.382889837146,-24.05910867316,10.));
#7945 = CARTESIAN_POINT('',(39.463750329849,-23.88514391862,10.));
#7946 = CARTESIAN_POINT('',(39.538565205917,-23.70846074591,10.));
#7947 = CARTESIAN_POINT('',(39.607133578162,-23.52928299237,10.));
#7948 = CARTESIAN_POINT('',(39.669236043662,-23.3478400414,10.));
#7949 = CARTESIAN_POINT('',(39.724658457767,-23.16435796555,10.));
#7950 = CARTESIAN_POINT('',(39.773215706224,-22.97905067021,10.));
#7951 = CARTESIAN_POINT('',(39.814775479041,-22.79211103666,10.));
#7952 = CARTESIAN_POINT('',(39.849282041612,-22.60370206624,10.));
#7953 = CARTESIAN_POINT('',(39.8766962375,-22.41398860487,10.));
#7954 = CARTESIAN_POINT('',(39.896935479957,-22.2231690723,10.));
#7955 = CARTESIAN_POINT('',(39.909813770363,-22.03150717995,10.));
#7956 = CARTESIAN_POINT('',(39.914981652563,-21.83936367623,10.));
#7957 = CARTESIAN_POINT('',(39.911866337758,-21.64722801847,10.));
#7958 = CARTESIAN_POINT('',(39.899844050908,-21.45564810267,10.));
#7959 = CARTESIAN_POINT('',(39.878412272916,-21.26516004627,10.));
#7960 = CARTESIAN_POINT('',(39.84736191195,-21.07621798534,10.));
#7961 = CARTESIAN_POINT('',(39.806949758224,-20.8891237871,10.));
#7962 = CARTESIAN_POINT('',(39.758070119308,-20.7039570155,10.));
#7963 = CARTESIAN_POINT('',(39.70209953083,-20.52060726058,10.));
#7964 = CARTESIAN_POINT('',(39.640742268075,-20.33880620518,10.));
#7965 = CARTESIAN_POINT('',(39.575875606831,-20.1581597972,10.));
#7966 = CARTESIAN_POINT('',(39.509395086156,-19.97818035708,10.));
#7967 = CARTESIAN_POINT('',(39.443060060977,-19.79831876733,10.));
#7968 = CARTESIAN_POINT('',(39.378458004433,-19.61801859958,10.));
#7969 = CARTESIAN_POINT('',(39.316968451327,-19.43677018581,10.));
#7970 = CARTESIAN_POINT('',(39.259727083935,-19.25416470152,10.));
#7971 = CARTESIAN_POINT('',(39.207589735859,-19.06994826395,10.));
#7972 = CARTESIAN_POINT('',(39.161096488382,-18.8840759693,10.));
#7973 = CARTESIAN_POINT('',(39.120546927114,-18.69666057724,10.));
#7974 = CARTESIAN_POINT('',(39.086075333289,-18.50792126224,10.));
#7975 = CARTESIAN_POINT('',(39.057725899312,-18.31813233981,10.));
#7976 = CARTESIAN_POINT('',(39.035527931964,-18.12757200477,10.));
#7977 = CARTESIAN_POINT('',(39.019571065709,-17.93647106112,10.));
#7978 = CARTESIAN_POINT('',(39.009982253596,-17.74502813275,10.));
#7979 = CARTESIAN_POINT('',(39.006902753739,-17.55342487691,10.));
#7980 = CARTESIAN_POINT('',(39.010465116539,-17.36184119719,10.));
#7981 = CARTESIAN_POINT('',(39.020770173671,-17.1704704554,10.));
#7982 = CARTESIAN_POINT('',(39.037864020493,-16.97953468763,10.));
#7983 = CARTESIAN_POINT('',(39.061749882048,-16.78927708598,10.));
#7984 = CARTESIAN_POINT('',(39.092399985714,-16.59995447588,10.));
#7985 = CARTESIAN_POINT('',(39.129767431601,-16.41182979491,10.));
#7986 = CARTESIAN_POINT('',(39.173798063146,-16.22516457141,10.));
#7987 = CARTESIAN_POINT('',(39.224442339493,-16.04021140221,10.));
#7988 = CARTESIAN_POINT('',(39.281650526753,-15.8572141285,10.));
#7989 = CARTESIAN_POINT('',(39.345367886947,-15.67640801268,10.));
#7990 = CARTESIAN_POINT('',(39.415529867795,-15.49801991479,10.));
#7991 = CARTESIAN_POINT('',(39.492057292128,-15.32226846919,10.));
#7992 = CARTESIAN_POINT('',(39.574851547429,-15.14936426102,10.));
#7993 = CARTESIAN_POINT('',(39.663797863032,-14.97951335171,10.));
#7994 = CARTESIAN_POINT('',(39.758768587376,-14.8129208046,10.));
#7995 = CARTESIAN_POINT('',(39.859626465088,-14.64979421013,10.));
#7996 = CARTESIAN_POINT('',(39.96622791437,-14.49034721198,10.));
#7997 = CARTESIAN_POINT('',(40.078426303504,-14.33480303084,10.));
#7998 = CARTESIAN_POINT('',(40.196068873999,-14.18338075133,10.));
#7999 = CARTESIAN_POINT('',(40.318993664464,-14.03628161081,10.));
#8000 = CARTESIAN_POINT('',(40.44702643442,-13.89367528851,10.));
#8001 = CARTESIAN_POINT('',(40.57997758759,-13.75568619195,10.));
#8002 = CARTESIAN_POINT('',(40.717639096795,-13.62237975121,10.));
#8003 = CARTESIAN_POINT('',(40.859790021137,-13.4937894533,10.));
#8004 = CARTESIAN_POINT('',(41.006202021548,-13.3699438688,10.));
#8005 = CARTESIAN_POINT('',(41.156644876737,-13.25089368064,10.));
#8006 = CARTESIAN_POINT('',(41.310891999378,-13.13673871363,10.));
#8007 = CARTESIAN_POINT('',(41.46872595107,-13.02765495906,10.));
#8008 = CARTESIAN_POINT('',(41.629921511892,-12.92380513788,10.));
#8009 = CARTESIAN_POINT('',(41.794228751158,-12.82524927697,10.));
#8010 = CARTESIAN_POINT('',(41.961356097909,-12.73185526831,10.));
#8011 = CARTESIAN_POINT('',(42.130953410898,-12.64320946285,10.));
#8012 = CARTESIAN_POINT('',(42.302595049495,-12.55852717106,10.));
#8013 = CARTESIAN_POINT('',(42.47576705081,-12.47671626073,10.));
#8014 = CARTESIAN_POINT('',(42.649854329018,-12.3964408633,10.));
#8015 = CARTESIAN_POINT('',(42.824127827393,-12.31618501161,10.));
#8016 = CARTESIAN_POINT('',(42.997731779465,-12.2343163698,10.));
#8017 = CARTESIAN_POINT('',(43.169670676927,-12.14914974906,10.));
#8018 = CARTESIAN_POINT('',(43.338895719827,-12.05907907947,10.));
#8019 = CARTESIAN_POINT('',(43.504391529685,-11.96270952874,10.));
#8020 = CARTESIAN_POINT('',(43.665262818122,-11.85898966813,10.));
#8021 = CARTESIAN_POINT('',(43.820820952906,-11.7473433865,10.));
#8022 = CARTESIAN_POINT('',(43.970670904443,-11.62780255617,10.));
#8023 = CARTESIAN_POINT('',(44.114639402259,-11.50083614736,10.));
#8024 = CARTESIAN_POINT('',(44.25270269103,-11.36717858434,10.));
#8025 = CARTESIAN_POINT('',(44.384914427192,-11.22765836188,10.));
#8026 = CARTESIAN_POINT('',(44.51133353557,-11.08302660134,10.));
#8027 = CARTESIAN_POINT('',(44.631952029897,-10.93378549577,10.));
#8028 = CARTESIAN_POINT('',(44.746714956337,-10.78025304233,10.));
#8029 = CARTESIAN_POINT('',(44.855540405589,-10.6226279471,10.));
#8030 = CARTESIAN_POINT('',(44.958339499212,-10.4610544652,10.));
#8031 = CARTESIAN_POINT('',(45.055036386814,-10.295687268,10.));
#8032 = CARTESIAN_POINT('',(45.145588238689,-10.1267562989,10.));
#8033 = CARTESIAN_POINT('',(45.22997469841,-9.954543703873,10.));
#8034 = CARTESIAN_POINT('',(45.308187334305,-9.779360759096,10.));
#8035 = CARTESIAN_POINT('',(45.3802190917,-9.6015248004,10.));
#8036 = CARTESIAN_POINT('',(45.446053744256,-9.421336150896,10.));
#8037 = CARTESIAN_POINT('',(45.505655347316,-9.239055052329,10.));
#8038 = CARTESIAN_POINT('',(45.558975227012,-9.054910288915,10.));
#8039 = CARTESIAN_POINT('',(45.605958967389,-8.869107807624,10.));
#8040 = CARTESIAN_POINT('',(45.646553398252,-8.681839339705,10.));
#8041 = CARTESIAN_POINT('',(45.680713582692,-8.493291021649,10.));
#8042 = CARTESIAN_POINT('',(45.708409804793,-8.303652016347,10.));
#8043 = CARTESIAN_POINT('',(45.729617814604,-8.113119805013,10.));
#8044 = CARTESIAN_POINT('',(45.744309073356,-7.921905479001,10.));
#8045 = CARTESIAN_POINT('',(45.752440998176,-7.730239032013,10.));
#8046 = CARTESIAN_POINT('',(45.753947207928,-7.53837465144,10.));
#8047 = CARTESIAN_POINT('',(45.748727765894,-7.346596012219,10.));
#8048 = CARTESIAN_POINT('',(45.736667751432,-7.155198998842,10.));
#8049 = CARTESIAN_POINT('',(45.717655834901,-6.964474424719,10.));
#8050 = CARTESIAN_POINT('',(45.691602851083,-6.774690752824,10.));
#8051 = CARTESIAN_POINT('',(45.658460373951,-6.586076815062,10.));
#8052 = CARTESIAN_POINT('',(45.618239289362,-6.39880453375,10.));
#8053 = CARTESIAN_POINT('',(45.570966505278,-6.213041191168,10.));
#8054 = CARTESIAN_POINT('',(45.516641653453,-6.029001707854,10.));
#8055 = CARTESIAN_POINT('',(45.455193811554,-5.847000899971,10.));
#8056 = CARTESIAN_POINT('',(45.386438176635,-5.667505786681,10.));
#8057 = CARTESIAN_POINT('',(45.31003286806,-5.491187764377,10.));
#8058 = CARTESIAN_POINT('',(45.225611263553,-5.318791731322,10.));
#8059 = CARTESIAN_POINT('',(45.132914259272,-5.151005301188,10.));
#8060 = CARTESIAN_POINT('',(45.031922469903,-4.988328056975,10.));
#8061 = CARTESIAN_POINT('',(44.922988658256,-4.830940618271,10.));
#8062 = CARTESIAN_POINT('',(44.806969504587,-4.678574255879,10.));
#8063 = CARTESIAN_POINT('',(44.685094509935,-4.53060018693,10.));
#8064 = CARTESIAN_POINT('',(44.558835538815,-4.386118320765,10.));
#8065 = CARTESIAN_POINT('',(44.4297761707,-4.244046198384,10.));
#8066 = CARTESIAN_POINT('',(44.299481028438,-4.103207871225,10.));
#8067 = CARTESIAN_POINT('',(44.169365405868,-3.962422744889,10.));
#8068 = CARTESIAN_POINT('',(44.040683001019,-3.820569246933,10.));
#8069 = CARTESIAN_POINT('',(43.914513296349,-3.676648580386,10.));
#8070 = CARTESIAN_POINT('',(43.791749075104,-3.529848433869,10.));
#8071 = CARTESIAN_POINT('',(43.673083867714,-3.37960673697,10.));
#8072 = CARTESIAN_POINT('',(43.55899946027,-3.225675323803,10.));
#8073 = CARTESIAN_POINT('',(43.449815785051,-3.06804372429,10.));
#8074 = CARTESIAN_POINT('',(43.345740776175,-2.906863042024,10.));
#8075 = CARTESIAN_POINT('',(43.246920238104,-2.74236979979,10.));
#8076 = CARTESIAN_POINT('',(43.153487707323,-2.574809800878,10.));
#8077 = CARTESIAN_POINT('',(43.065614320144,-2.404361978745,10.));
#8078 = CARTESIAN_POINT('',(42.983493375963,-2.231161255115,10.));
#8079 = CARTESIAN_POINT('',(42.907324897475,-2.055321402253,10.));
#8080 = CARTESIAN_POINT('',(42.837300191415,-1.876957904576,10.));
#8081 = CARTESIAN_POINT('',(42.773586410453,-1.696210818478,10.));
#8082 = CARTESIAN_POINT('',(42.716311110702,-1.513267638638,10.));
#8083 = CARTESIAN_POINT('',(42.665570337251,-1.328351811085,10.));
#8084 = CARTESIAN_POINT('',(42.621436714498,-1.141711239693,10.));
#8085 = CARTESIAN_POINT('',(42.583967534174,-0.953606794939,10.));
#8086 = CARTESIAN_POINT('',(42.553212845347,-0.764300822303,10.));
#8087 = CARTESIAN_POINT('',(42.529223541351,-0.574045649308,10.));
#8088 = CARTESIAN_POINT('',(42.51204699155,-0.383085588165,10.));
#8089 = CARTESIAN_POINT('',(42.503787516319,-0.229944269868,10.));
#8090 = CARTESIAN_POINT('',(42.500688640819,-0.114983749632,10.));
#8091 = CARTESIAN_POINT('',(42.499999999705,-3.832791656047E-02,10.));
#8092 = CARTESIAN_POINT('',(42.5,0.,10.));
#8093 = PCURVE('',#1632,#8094);
#8094 = DEFINITIONAL_REPRESENTATION('',(#8095),#8099);
#8095 = LINE('',#8096,#8097);
#8096 = CARTESIAN_POINT('',(0.,1.));
#8097 = VECTOR('',#8098,1.);
#8098 = DIRECTION('',(1.,0.));
#8099 = ( GEOMETRIC_REPRESENTATION_CONTEXT(2) 
PARAMETRIC_REPRESENTATION_CONTEXT() REPRESENTATION_CONTEXT('2D SPACE',''
  ) );
#8100 = PCURVE('',#8101,#8106);
#8101 = PLANE('',#8102);
#8102 = AXIS2_PLACEMENT_3D('',#8103,#8104,#8105);
#8103 = CARTESIAN_POINT('',(2.,0.,10.));
#8104 = DIRECTION('',(0.,0.,1.));
#8105 = DIRECTION('',(-0.923879532511,0.382683432365,0.));
#8106 = DEFINITIONAL_REPRESENTATION('',(#8107),#9713);
#8107 = B_SPLINE_CURVE_WITH_KNOTS('',5,(#8108,#8109,#8110,#8111,#8112,
    #8113,#8114,#8115,#8116,#8117,#8118,#8119,#8120,#8121,#8122,#8123,
    #8124,#8125,#8126,#8127,#8128,#8129,#8130,#8131,#8132,#8133,#8134,
    #8135,#8136,#8137,#8138,#8139,#8140,#8141,#8142,#8143,#8144,#8145,
    #8146,#8147,#8148,#8149,#8150,#8151,#8152,#8153,#8154,#8155,#8156,
    #8157,#8158,#8159,#8160,#8161,#8162,#8163,#8164,#8165,#8166,#8167,
    #8168,#8169,#8170,#8171,#8172,#8173,#8174,#8175,#8176,#8177,#8178,
    #8179,#8180,#8181,#8182,#8183,#8184,#8185,#8186,#8187,#8188,#8189,
    #8190,#8191,#8192,#8193,#8194,#8195,#8196,#8197,#8198,#8199,#8200,
    #8201,#8202,#8203,#8204,#8205,#8206,#8207,#8208,#8209,#8210,#8211,
    #8212,#8213,#8214,#8215,#8216,#8217,#8218,#8219,#8220,#8221,#8222,
    #8223,#8224,#8225,#8226,#8227,#8228,#8229,#8230,#8231,#8232,#8233,
    #8234,#8235,#8236,#8237,#8238,#8239,#8240,#8241,#8242,#8243,#8244,
    #8245,#8246,#8247,#8248,#8249,#8250,#8251,#8252,#8253,#8254,#8255,
    #8256,#8257,#8258,#8259,#8260,#8261,#8262,#8263,#8264,#8265,#8266,
    #8267,#8268,#8269,#8270,#8271,#8272,#8273,#8274,#8275,#8276,#8277,
    #8278,#8279,#8280,#8281,#8282,#8283,#8284,#8285,#8286,#8287,#8288,
    #8289,#8290,#8291,#8292,#8293,#8294,#8295,#8296,#8297,#8298,#8299,
    #8300,#8301,#8302,#8303,#8304,#8305,#8306,#8307,#8308,#8309,#8310,
    #8311,#8312,#8313,#8314,#8315,#8316,#8317,#8318,#8319,#8320,#8321,
    #8322,#8323,#8324,#8325,#8326,#8327,#8328,#8329,#8330,#8331,#8332,
    #8333,#8334,#8335,#8336,#8337,#8338,#8339,#8340,#8341,#8342,#8343,
    #8344,#8345,#8346,#8347,#8348,#8349,#8350,#8351,#8352,#8353,#8354,
    #8355,#8356,#8357,#8358,#8359,#8360,#8361,#8362,#8363,#8364,#8365,
    #8366,#8367,#8368,#8369,#8370,#8371,#8372,#8373,#8374,#8375,#8376,
    #8377,#8378,#8379,#8380,#8381,#8382,#8383,#8384,#8385,#8386,#8387,
    #8388,#8389,#8390,#8391,#8392,#8393,#8394,#8395,#8396,#8397,#8398,
    #8399,#8400,#8401,#8402,#8403,#8404,#8405,#8406,#8407,#8408,#8409,
    #8410,#8411,#8412,#8413,#8414,#8415,#8416,#8417,#8418,#8419,#8420,
    #8421,#8422,#8423,#8424,#8425,#8426,#8427,#8428,#8429,#8430,#8431,
    #8432,#8433,#8434,#8435,#8436,#8437,#8438,#8439,#8440,#8441,#8442,
    #8443,#8444,#8445,#8446,#8447,#8448,#8449,#8450,#8451,#8452,#8453,
    #8454,#8455,#8456,#8457,#8458,#8459,#8460,#8461,#8462,#8463,#8464,
    #8465,#8466,#8467,#8468,#8469,#8470,#8471,#8472,#8473,#8474,#8475,
    #8476,#8477,#8478,#8479,#8480,#8481,#8482,#8483,#8484,#8485,#8486,
    #8487,#8488,#8489,#8490,#8491,#8492,#8493,#8494,#8495,#8496,#8497,
    #8498,#8499,#8500,#8501,#8502,#8503,#8504,#8505,#8506,#8507,#8508,
    #8509,#8510,#8511,#8512,#8513,#8514,#8515,#8516,#8517,#8518,#8519,
    #8520,#8521,#8522,#8523,#8524,#8525,#8526,#8527,#8528,#8529,#8530,
    #8531,#8532,#8533,#8534,#8535,#8536,#8537,#8538,#8539,#8540,#8541,
    #8542,#8543,#8544,#8545,#8546,#8547,#8548,#8549,#8550,#8551,#8552,
    #8553,#8554,#8555,#8556,#8557,#8558,#8559,#8560,#8561,#8562,#8563,
    #8564,#8565,#8566,#8567,#8568,#8569,#8570,#8571,#8572,#8573,#8574,
    #8575,#8576,#8577,#8578,#8579,#8580,#8581,#8582,#8583,#8584,#8585,
    #8586,#8587,#8588,#8589,#8590,#8591,#8592,#8593,#8594,#8595,#8596,
    #8597,#8598,#8599,#8600,#8601,#8602,#8603,#8604,#8605,#8606,#8607,
    #8608,#8609,#8610,#8611,#8612,#8613,#8614,#8615,#8616,#8617,#8618,
    #8619,#8620,#8621,#8622,#8623,#8624,#8625,#8626,#8627,#8628,#8629,
    #8630,#8631,#8632,#8633,#8634,#8635,#8636,#8637,#8638,#8639,#8640,
    #8641,#8642,#8643,#8644,#8645,#8646,#8647,#8648,#8649,#8650,#8651,
    #8652,#8653,#8654,#8655,#8656,#8657,#8658,#8659,#8660,#8661,#8662,
    #8663,#8664,#8665,#8666,#8667,#8668,#8669,#8670,#8671,#8672,#8673,
    #8674,#8675,#8676,#8677,#8678,#8679,#8680,#8681,#8682,#8683,#8684,
    #8685,#8686,#8687,#8688,#8689,#8690,#8691,#8692,#8693,#8694,#8695,
    #8696,#8697,#8698,#8699,#8700,#8701,#8702,#8703,#8704,#8705,#8706,
    #8707,#8708,#8709,#8710,#8711,#8712,#8713,#8714,#8715,#8716,#8717,
    #8718,#8719,#8720,#8721,#8722,#8723,#8724,#8725,#8726,#8727,#8728,
    #8729,#8730,#8731,#8732,#8733,#8734,#8735,#8736,#8737,#8738,#8739,
    #8740,#8741,#8742,#8743,#8744,#8745,#8746,#8747,#8748,#8749,#8750,
    #8751,#8752,#8753,#8754,#8755,#8756,#8757,#8758,#8759,#8760,#8761,
    #8762,#8763,#8764,#8765,#8766,#8767,#8768,#8769,#8770,#8771,#8772,
    #8773,#8774,#8775,#8776,#8777,#8778,#8779,#8780,#8781,#8782,#8783,
    #8784,#8785,#8786,#8787,#8788,#8789,#8790,#8791,#8792,#8793,#8794,
    #8795,#8796,#8797,#8798,#8799,#8800,#8801,#8802,#8803,#8804,#8805,
    #8806,#8807,#8808,#8809,#8810,#8811,#8812,#8813,#8814,#8815,#8816,
    #8817,#8818,#8819,#8820,#8821,#8822,#8823,#8824,#8825,#8826,#8827,
    #8828,#8829,#8830,#8831,#8832,#8833,#8834,#8835,#8836,#8837,#8838,
    #8839,#8840,#8841,#8842,#8843,#8844,#8845,#8846,#8847,#8848,#8849,
    #8850,#8851,#8852,#8853,#8854,#8855,#8856,#8857,#8858,#8859,#8860,
    #8861,#8862,#8863,#8864,#8865,#8866,#8867,#8868,#8869,#8870,#8871,
    #8872,#8873,#8874,#8875,#8876,#8877,#8878,#8879,#8880,#8881,#8882,
    #8883,#8884,#8885,#8886,#8887,#8888,#8889,#8890,#8891,#8892,#8893,
    #8894,#8895,#8896,#8897,#8898,#8899,#8900,#8901,#8902,#8903,#8904,
    #8905,#8906,#8907,#8908,#8909,#8910,#8911,#8912,#8913,#8914,#8915,
    #8916,#8917,#8918,#8919,#8920,#8921,#8922,#8923,#8924,#8925,#8926,
    #8927,#8928,#8929,#8930,#8931,#8932,#8933,#8934,#8935,#8936,#8937,
    #8938,#8939,#8940,#8941,#8942,#8943,#8944,#8945,#8946,#8947,#8948,
    #8949,#8950,#8951,#8952,#8953,#8954,#8955,#8956,#8957,#8958,#8959,
    #8960,#8961,#8962,#8963,#8964,#8965,#8966,#8967,#8968,#8969,#8970,
    #8971,#8972,#8973,#8974,#8975,#8976,#8977,#8978,#8979,#8980,#8981,
    #8982,#8983,#8984,#8985,#8986,#8987,#8988,#8989,#8990,#8991,#8992,
    #8993,#8994,#8995,#8996,#8997,#8998,#8999,#9000,#9001,#9002,#9003,
    #9004,#9005,#9006,#9007,#9008,#9009,#9010,#9011,#9012,#9013,#9014,
    #9015,#9016,#9017,#9018,#9019,#9020,#9021,#9022,#9023,#9024,#9025,
    #9026,#9027,#9028,#9029,#9030,#9031,#9032,#9033,#9034,#9035,#9036,
    #9037,#9038,#9039,#9040,#9041,#9042,#9043,#9044,#9045,#9046,#9047,
    #9048,#9049,#9050,#9051,#9052,#9053,#9054,#9055,#9056,#9057,#9058,
    #9059,#9060,#9061,#9062,#9063,#9064,#9065,#9066,#9067,#9068,#9069,
    #9070,#9071,#9072,#9073,#9074,#9075,#9076,#9077,#9078,#9079,#9080,
    #9081,#9082,#9083,#9084,#9085,#9086,#9087,#9088,#9089,#9090,#9091,
    #9092,#9093,#9094,#9095,#9096,#9097,#9098,#9099,#9100,#9101,#9102,
    #9103,#9104,#9105,#9106,#9107,#9108,#9109,#9110,#9111,#9112,#9113,
    #9114,#9115,#9116,#9117,#9118,#9119,#9120,#9121,#9122,#9123,#9124,
    #9125,#9126,#9127,#9128,#9129,#9130,#9131,#9132,#9133,#9134,#9135,
    #9136,#9137,#9138,#9139,#9140,#9141,#9142,#9143,#9144,#9145,#9146,
    #9147,#9148,#9149,#9150,#9151,#9152,#9153,#9154,#9155,#9156,#9157,
    #9158,#9159,#9160,#9161,#9162,#9163,#9164,#9165,#9166,#9167,#9168,
    #9169,#9170,#9171,#9172,#9173,#9174,#9175,#9176,#9177,#9178,#9179,
    #9180,#9181,#9182,#9183,#9184,#9185,#9186,#9187,#9188,#9189,#9190,
    #9191,#9192,#9193,#9194,#9195,#9196,#9197,#9198,#9199,#9200,#9201,
    #9202,#9203,#9204,#9205,#9206,#9207,#9208,#9209,#9210,#9211,#9212,
    #9213,#9214,#9215,#9216,#9217,#9218,#9219,#9220,#9221,#9222,#9223,
    #9224,#9225,#9226,#9227,#9228,#9229,#9230,#9231,#9232,#9233,#9234,
    #9235,#9236,#9237,#9238,#9239,#9240,#9241,#9242,#9243,#9244,#9245,
    #9246,#9247,#9248,#9249,#9250,#9251,#9252,#9253,#9254,#9255,#9256,
    #9257,#9258,#9259,#9260,#9261,#9262,#9263,#9264,#9265,#9266,#9267,
    #9268,#9269,#9270,#9271,#9272,#9273,#9274,#9275,#9276,#9277,#9278,
    #9279,#9280,#9281,#9282,#9283,#9284,#9285,#9286,#9287,#9288,#9289,
    #9290,#9291,#9292,#9293,#9294,#9295,#9296,#9297,#9298,#9299,#9300,
    #9301,#9302,#9303,#9304,#9305,#9306,#9307,#9308,#9309,#9310,#9311,
    #9312,#9313,#9314,#9315,#9316,#9317,#9318,#9319,#9320,#9321,#9322,
    #9323,#9324,#9325,#9326,#9327,#9328,#9329,#9330,#9331,#9332,#9333,
    #9334,#9335,#9336,#9337,#9338,#9339,#9340,#9341,#9342,#9343,#9344,
    #9345,#9346,#9347,#9348,#9349,#9350,#9351,#9352,#9353,#9354,#9355,
    #9356,#9357,#9358,#9359,#9360,#9361,#9362,#9363,#9364,#9365,#9366,
    #9367,#9368,#9369,#9370,#9371,#9372,#9373,#9374,#9375,#9376,#9377,
    #9378,#9379,#9380,#9381,#9382,#9383,#9384,#9385,#9386,#9387,#9388,
    #9389,#9390,#9391,#9392,#9393,#9394,#9395,#9396,#9397,#9398,#9399,
    #9400,#9401,#9402,#9403,#9404,#9405,#9406,#9407,#9408,#9409,#9410,
    #9411,#9412,#9413,#9414,#9415,#9416,#9417,#9418,#9419,#9420,#9421,
    #9422,#9423,#9424,#9425,#9426,#9427,#9428,#9429,#9430,#9431,#9432,
    #9433,#9434,#9435,#9436,#9437,#9438,#9439,#9440,#9441,#9442,#9443,
    #9444,#9445,#9446,#9447,#9448,#9449,#9450,#9451,#9452,#9453,#9454,
    #9455,#9456,#9457,#9458,#9459,#9460,#9461,#9462,#9463,#9464,#9465,
    #9466,#9467,#9468,#9469,#9470,#9471,#9472,#9473,#9474,#9475,#9476,
    #9477,#9478,#9479,#9480,#9481,#9482,#9483,#9484,#9485,#9486,#9487,
    #9488,#9489,#9490,#9491,#9492,#9493,#9494,#9495,#9496,#9497,#9498,
    #9499,#9500,#9501,#9502,#9503,#9504,#9505,#9506,#9507,#9508,#9509,
    #9510,#9511,#9512,#9513,#9514,#9515,#9516,#9517,#9518,#9519,#9520,
    #9521,#9522,#9523,#9524,#9525,#9526,#9527,#9528,#9529,#9530,#9531,
    #9532,#9533,#9534,#9535,#9536,#9537,#9538,#9539,#9540,#9541,#9542,
    #9543,#9544,#9545,#9546,#9547,#9548,#9549,#9550,#9551,#9552,#9553,
    #9554,#9555,#9556,#9557,#9558,#9559,#9560,#9561,#9562,#9563,#9564,
    #9565,#9566,#9567,#9568,#9569,#9570,#9571,#9572,#9573,#9574,#9575,
    #9576,#9577,#9578,#9579,#9580,#9581,#9582,#9583,#9584,#9585,#9586,
    #9587,#9588,#9589,#9590,#9591,#9592,#9593,#9594,#9595,#9596,#9597,
    #9598,#9599,#9600,#9601,#9602,#9603,#9604,#9605,#9606,#9607,#9608,
    #9609,#9610,#9611,#9612,#9613,#9614,#9615,#9616,#9617,#9618,#9619,
    #9620,#9621,#9622,#9623,#9624,#9625,#9626,#9627,#9628,#9629,#9630,
    #9631,#9632,#9633,#9634,#9635,#9636,#9637,#9638,#9639,#9640,#9641,
    #9642,#9643,#9644,#9645,#9646,#9647,#9648,#9649,#9650,#9651,#9652,
    #9653,#9654,#9655,#9656,#9657,#9658,#9659,#9660,#9661,#9662,#9663,
    #9664,#9665,#9666,#9667,#9668,#9669,#9670,#9671,#9672,#9673,#9674,
    #9675,#9676,#9677,#9678,#9679,#9680,#9681,#9682,#9683,#9684,#9685,
    #9686,#9687,#9688,#9689,#9690,#9691,#9692,#9693,#9694,#9695,#9696,
    #9697,#9698,#9699,#9700,#9701,#9702,#9703,#9704,#9705,#9706,#9707,
    #9708,#9709,#9710,#9711,#9712),.UNSPECIFIED.,.T.,.F.,(1,5,1,1,1,1,1,
    1,1,1,1,1,1,1,1,1,1,1,1,1,1,1,1,1,1,1,1,1,1,1,1,1,1,1,1,1,1,1,1,1,1,
    1,1,1,1,1,1,1,1,1,1,1,1,1,1,1,1,1,1,1,1,1,1,1,1,1,1,1,1,1,1,1,1,1,1,
    1,1,1,1,1,1,1,1,1,1,1,1,1,1,1,1,1,1,1,1,1,1,1,1,1,1,1,1,1,1,1,1,1,1,
    1,1,1,1,1,1,1,1,1,1,1,1,1,1,1,1,1,1,1,1,1,1,1,1,1,1,1,1,1,1,1,1,1,1,
    1,1,1,1,1,1,1,1,1,1,1,1,1,1,1,1,1,1,1,1,1,1,1,1,1,1,1,1,1,1,1,1,1,1,
    1,1,1,1,1,1,1,1,1,1,1,1,1,1,1,1,1,1,1,1,1,1,1,1,1,1,1,1,1,1,1,1,1,1,
    1,1,1,1,1,1,1,1,1,1,1,1,1,1,1,1,1,1,1,1,1,1,1,1,1,1,1,1,1,1,1,1,1,1,
    1,1,1,1,1,1,1,1,1,1,1,1,1,1,1,1,1,1,1,1,1,1,1,1,1,1,1,1,1,1,1,1,1,1,
    1,1,1,1,1,1,1,1,1,1,1,1,1,1,1,1,1,1,1,1,1,1,1,1,1,1,1,1,1,1,1,1,1,1,
    1,1,1,1,1,1,1,1,1,1,1,1,1,1,1,1,1,1,1,1,1,1,1,1,1,1,1,1,1,1,1,1,1,1,
    1,1,1,1,1,1,1,1,1,1,1,1,1,1,1,1,1,1,1,1,1,1,1,1,1,1,1,1,1,1,1,1,1,1,
    1,1,1,1,1,1,1,1,1,1,1,1,1,1,1,1,1,1,1,1,1,1,1,1,1,1,1,1,1,1,1,1,1,1,
    1,1,1,1,1,1,1,1,1,1,1,1,1,1,1,1,1,1,1,1,1,1,1,1,1,1,1,1,1,1,1,1,1,1,
    1,1,1,1,1,1,1,1,1,1,1,1,1,1,1,1,1,1,1,1,1,1,1,1,1,1,1,1,1,1,1,1,1,1,
    1,1,1,1,1,1,1,1,1,1,1,1,1,1,1,1,1,1,1,1,1,1,1,1,1,1,1,1,1,1,1,1,1,1,
    1,1,1,1,1,1,1,1,1,1,1,1,1,1,1,1,1,1,1,1,1,1,1,1,1,1,1,1,1,1,1,1,1,1,
    1,1,1,1,1,1,1,1,1,1,1,1,1,1,1,1,1,1,1,1,1,1,1,1,1,1,1,1,1,1,1,1,1,1,
    1,1,1,1,1,1,1,1,1,1,1,1,1,1,1,1,1,1,1,1,1,1,1,1,1,1,1,1,1,1,1,1,1,1,
    1,1,1,1,1,1,1,1,1,1,1,1,1,1,1,1,1,1,1,1,1,1,1,1,1,1,1,1,1,1,1,1,1,1,
    1,1,1,1,1,1,1,1,1,1,1,1,1,1,1,1,1,1,1,1,1,1,1,1,1,1,1,1,1,1,1,1,1,1,
    1,1,1,1,1,1,1,1,1,1,1,1,1,1,1,1,1,1,1,1,1,1,1,1,1,1,1,1,1,1,1,1,1,1,
    1,1,1,1,1,1,1,1,1,1,1,1,1,1,1,1,1,1,1,1,1,1,1,1,1,1,1,1,1,1,1,1,1,1,
    1,1,1,1,1,1,1,1,1,1,1,1,1,1,1,1,1,1,1,1,1,1,1,1,1,1,1,1,1,1,1,1,1,1,
    1,1,1,1,1,1,1,1,1,1,1,1,1,1,1,1,1,1,1,1,1,1,1,1,1,1,1,1,1,1,1,1,1,1,
    1,1,1,1,1,1,1,1,1,1,1,1,1,1,1,1,1,1,1,1,1,1,1,1,1,1,1,1,1,1,1,1,1,1,
    1,1,1,1,1,1,1,1,1,1,1,1,1,1,1,1,1,1,1,1,1,1,1,1,1,1,1,1,1,1,1,1,1,1,
    1,1,1,1,1,1,1,1,1,1,1,1,1,1,1,1,1,1,1,1,1,1,1,1,1,1,1,1,1,1,1,1,1,1,
    1,1,1,1,1,1,1,1,1,1,1,1,1,1,1,1,1,1,1,1,1,1,1,1,1,1,1,1,1,1,1,1,1,1,
    1,1,1,1,1,1,1,1,1,1,1,1,1,1,1,1,1,1,1,1,1,1,1,1,1,1,1,1,1,1,1,1,1,1,
    1,1,1,1,1,1,1,1,1,1,1,1,1,1,1,1,1,1,1,1,1,1,1,1,1,1,1,1,1,1,1,1,1,1,
    1,1,1,1,1,1,1,1,1,1,1,1,1,1,1,1,1,1,1,1,1,1,1,1,1,1,1,1,1,1,1,1,1,1,
    1,1,1,1,1,1,1,1,1,1,1,1,1,1,1,1,1,1,1,1,1,1,1,1,1,1,1,1,1,1,1,1,1,1,
    1,1,1,1,1,1,1,1,1,1,1,1,1,1,1,1,1,1,1,1,1,1,1,1,1,1,1,1,1,1,1,1,1,1,
    1,1,1,1,1,1,1,1,1,1,1,1,1,1,1,1,1,1,1,1,1,1,1,1,1,1,1,1,1,1,1,1,1,1,
    1,1,1,1,1,1,1,1,1,1,1,1,1,1,1,1,1,1,1,1,1,1,1,1,1,1,1,1,1,1,1,1,1,1,
    1,1,1,1,1,1,1,1,1,1,1,1,1,1,1,1,1,1,1,1,1,1,1,1,1,1,1,1,1,1,1,1,1,1,
    1,1,1,1,1,1,1,1,1,1,1,1,1,1,1,1,1,1,1,1,1,1,1,1,1,1,1,1,1,1,1,1,1,1,
    1,1,1,1,1,1,1,1,1,1,1,1,1,1,1,1,1,1,1,1,1,1,1,1,1,1,1,1,1,1,1,1,1,1,
    1,1,1,1,1,1,1,1,1,1,1,1,1,1,1,1,1,1,1,1,1,1,1,1,1,1,1,1,1,1,1,1,1,1,
    1,1,1,1,1,1,1,1,1,1,1,1,1,1,1,1,1,1,1,1,1,1,1,1,1,1,1,1,1,1,1,1,1,1,
    1,1,1,1,1,1,1,1,1,1,1,1,1,1,1,1,1,1,1,1,1,1,1,1,1,1,1,1,1,1,1,1,1,1,
    1,1,1,1,1,1,1,1,1,1,1,1,1,1,1,1,1,1,1,1,1,1,1,1,1,1,1,1,1,1,1,1,1,1,
    1,1,1,1,1,1,1,1,1,1,1,1,1,1,1,1,1,1,1,1,1,1,1,1,1,1,1,1,1,1,1,1,1,1,
    1,1,1,1,1,1,1,1,1,1,1,1,1,1,1,1,1,1,1,1,1,1,1,1,1,1,1,1,1,1,1,1,1,1,
    1,1,1,1,1,1,1,1,1,1,1,1,1,1,1,1,1,1,1,1,1,1,1,1,1,1,1,1,1,1,1,1,1,1,
    1,1,1,1,1,1,1,1,1,1,1,1,1,1,1,1,1,1,1,1,1,1,1,1,1,1,1,1,1,1,1,1,1,1,
    1,1,1,1,1,1,1,1,1,1,1,1,1,1,1,1,1,1,1,1,1,1,1,1,1,1,1,1,1,1,5,1),(
    -6.25000000019E-04,0.,6.25E-04,1.25E-03,1.875E-03,2.5E-03,3.125E-03,
    3.75E-03,4.375E-03,5.E-03,5.625E-03,6.25E-03,6.875E-03,7.5E-03,
    8.125E-03,8.75E-03,9.375E-03,1.E-02,1.0625E-02,1.125E-02,1.1875E-02,
    1.25E-02,1.3125E-02,1.375E-02,1.4375E-02,1.5E-02,1.5625E-02,
    1.625E-02,1.6875E-02,1.75E-02,1.8125E-02,1.875E-02,1.9375E-02,2.E-02
    ,2.0625E-02,2.125E-02,2.1875E-02,2.25E-02,2.3125E-02,2.375E-02,
    2.4375E-02,2.5E-02,2.5625E-02,2.625E-02,2.6875E-02,2.75E-02,
    2.8125E-02,2.875E-02,2.9375E-02,3.E-02,3.0625E-02,3.125E-02,
    3.1875E-02,3.25E-02,3.3125E-02,3.375E-02,3.4375E-02,3.5E-02,
    3.5625E-02,3.625E-02,3.6875E-02,3.75E-02,3.8125E-02,3.875E-02,
    3.9375E-02,4.E-02,4.0625E-02,4.125E-02,4.1875E-02,4.25E-02,
    4.3125E-02,4.375E-02,4.4375E-02,4.5E-02,4.5625E-02,4.625E-02,
    4.6875E-02,4.75E-02,4.8125E-02,4.875E-02,4.9375E-02,5.E-02,
    5.0625E-02,5.125E-02,5.1875E-02,5.25E-02,5.3125E-02,5.375E-02,
    5.4375E-02,5.5E-02,5.5625E-02,5.625E-02,5.6875E-02,5.75E-02,
    5.8125E-02,5.875E-02,5.9375E-02,6.E-02,6.0625E-02,6.125E-02,
    6.1875E-02,6.25E-02,6.3125E-02,6.375E-02,6.4375E-02,6.5E-02,
    6.5625E-02,6.625E-02,6.6875E-02,6.75E-02,6.8125E-02,6.875E-02,
    6.9375E-02,7.E-02,7.0625E-02,7.125E-02,7.1875E-02,7.25E-02,
    7.3125E-02,7.375E-02,7.4375E-02,7.5E-02,7.5625E-02,7.625E-02,
    7.6875E-02,7.75E-02,7.8125E-02,7.875E-02,7.9375E-02,8.E-02,
    8.0625E-02,8.125E-02,8.1875E-02,8.25E-02,8.3125E-02,8.375E-02,
    8.4375E-02,8.5E-02,8.5625E-02,8.625E-02,8.6875E-02,8.75E-02,
    8.8125E-02,8.875E-02,8.9375E-02,9.E-02,9.0625E-02,9.125E-02,
    9.1875E-02,9.25E-02,9.3125E-02,9.375E-02,9.4375E-02,9.5E-02,
    9.5625E-02,9.625E-02,9.6875E-02,9.75E-02,9.8125E-02,9.875E-02,
    9.9375E-02,0.1,0.100625,0.10125,0.101875,0.1025,0.103125,0.10375,
    0.104375,0.105,0.105625,0.10625,0.106875,0.1075,0.108125,0.10875,
    0.109375,0.11,0.110625,0.11125,0.111875,0.1125,0.113125,0.11375,
    0.114375,0.115,0.115625,0.11625,0.116875,0.1175,0.118125,0.11875,
    0.119375,0.12,0.120625,0.12125,0.121875,0.1225,0.123125,0.12375,
    0.124375,0.125,0.125625,0.12625,0.126875,0.1275,0.128125,0.12875,
    0.129375,0.13,0.130625,0.13125,0.131875,0.1325,0.133125,0.13375,
    0.134375,0.135,0.135625,0.13625,0.136875,0.1375,0.138125,0.13875,
    0.139375,0.14,0.140625,0.14125,0.141875,0.1425,0.143125,0.14375,
    0.144375,0.145,0.145625,0.14625,0.146875,0.1475,0.148125,0.14875,
    0.149375,0.15,0.150625,0.15125,0.151875,0.1525,0.153125,0.15375,
    0.154375,0.155,0.155625,0.15625,0.156875,0.1575,0.158125,0.15875,
    0.159375,0.16,0.160625,0.16125,0.161875,0.1625,0.163125,0.16375,
    0.164375,0.165,0.165625,0.16625,0.166875,0.1675,0.168125,0.16875,
    0.169375,0.17,0.170625,0.17125,0.171875,0.1725,0.173125,0.17375,
    0.174375,0.175,0.175625,0.17625,0.176875,0.1775,0.178125,0.17875,
    0.179375,0.18,0.180625,0.18125,0.181875,0.1825,0.183125,0.18375,
    0.184375,0.185,0.185625,0.18625,0.186875,0.1875,0.188125,0.18875,
    0.189375,0.19,0.190625,0.19125,0.191875,0.1925,0.193125,0.19375,
    0.194375,0.195,0.195625,0.19625,0.196875,0.1975,0.198125,0.19875,
    0.199375,0.2,0.200625,0.20125,0.201875,0.2025,0.203125,0.20375,
    0.204375,0.205,0.205625,0.20625,0.206875,0.2075,0.208125,0.20875,
    0.209375,0.21,0.210625,0.21125,0.211875,0.2125,0.213125,0.21375,
    0.214375,0.215,0.215625,0.21625,0.216875,0.2175,0.218125,0.21875,
    0.219375,0.22,0.220625,0.22125,0.221875,0.2225,0.223125,0.22375,
    0.224375,0.225,0.225625,0.22625,0.226875,0.2275,0.228125,0.22875,
    0.229375,0.23,0.230625,0.23125,0.231875,0.2325,0.233125,0.23375,
    0.234375,0.235,0.235625,0.23625,0.236875,0.2375,0.238125,0.23875,
    0.239375,0.24,0.240625,0.24125,0.241875,0.2425,0.243125,0.24375,
    0.244375,0.245,0.245625,0.24625,0.246875,0.2475,0.248125,0.24875,
    0.249375,0.25,0.250625,0.25125,0.251875,0.2525,0.253125,0.25375,
    0.254375,0.255,0.255625,0.25625,0.256875,0.2575,0.258125,0.25875,
    0.259375,0.26,0.260625,0.26125,0.261875,0.2625,0.263125,0.26375,
    0.264375,0.265,0.265625,0.26625,0.266875,0.2675,0.268125,0.26875,
    0.269375,0.27,0.270625,0.27125,0.271875,0.2725,0.273125,0.27375,
    0.274375,0.275,0.275625,0.27625,0.276875,0.2775,0.278125,0.27875,
    0.279375,0.28,0.280625,0.28125,0.281875,0.2825,0.283125,0.28375,
    0.284375,0.285,0.285625,0.28625,0.286875,0.2875,0.288125,0.28875,
    0.289375,0.29,0.290625,0.29125,0.291875,0.2925,0.293125,0.29375,
    0.294375,0.295,0.295625,0.29625,0.296875,0.2975,0.298125,0.29875,
    0.299375,0.3,0.300625,0.30125,0.301875,0.3025,0.303125,0.30375,
    0.304375,0.305,0.305625,0.30625,0.306875,0.3075,0.308125,0.30875,
    0.309375,0.31,0.310625,0.31125,0.311875,0.3125,0.313125,0.31375,
    0.314375,0.315,0.315625,0.31625,0.316875,0.3175,0.318125,0.31875,
    0.319375,0.32,0.320625,0.32125,0.321875,0.3225,0.323125,0.32375,
    0.324375,0.325,0.325625,0.32625,0.326875,0.3275,0.328125,0.32875,
    0.329375,0.33,0.330625,0.33125,0.331875,0.3325,0.333125,0.33375,
    0.334375,0.335,0.335625,0.33625,0.336875,0.3375,0.338125,0.33875,
    0.339375,0.34,0.340625,0.34125,0.341875,0.3425,0.343125,0.34375,
    0.344375,0.345,0.345625,0.34625,0.346875,0.3475,0.348125,0.34875,
    0.349375,0.35,0.350625,0.35125,0.351875,0.3525,0.353125,0.35375,
    0.354375,0.355,0.355625,0.35625,0.356875,0.3575,0.358125,0.35875,
    0.359375,0.36,0.360625,0.36125,0.361875,0.3625,0.363125,0.36375,
    0.364375,0.365,0.365625,0.36625,0.366875,0.3675,0.368125,0.36875,
    0.369375,0.37,0.370625,0.37125,0.371875,0.3725,0.373125,0.37375,
    0.374375,0.375,0.375625,0.37625,0.376875,0.3775,0.378125,0.37875,
    0.379375,0.38,0.380625,0.38125,0.381875,0.3825,0.383125,0.38375,
    0.384375,0.385,0.385625,0.38625,0.386875,0.3875,0.388125,0.38875,
    0.389375,0.39,0.390625,0.39125,0.391875,0.3925,0.393125,0.39375,
    0.394375,0.395,0.395625,0.39625,0.396875,0.3975,0.398125,0.39875,
    0.399375,0.4,0.400625,0.40125,0.401875,0.4025,0.403125,0.40375,
    0.404375,0.405,0.405625,0.40625,0.406875,0.4075,0.408125,0.40875,
    0.409375,0.41,0.410625,0.41125,0.411875,0.4125,0.413125,0.41375,
    0.414375,0.415,0.415625,0.41625,0.416875,0.4175,0.418125,0.41875,
    0.419375,0.42,0.420625,0.42125,0.421875,0.4225,0.423125,0.42375,
    0.424375,0.425,0.425625,0.42625,0.426875,0.4275,0.428125,0.42875,
    0.429375,0.43,0.430625,0.43125,0.431875,0.4325,0.433125,0.43375,
    0.434375,0.435,0.435625,0.43625,0.436875,0.4375,0.438125,0.43875,
    0.439375,0.44,0.440625,0.44125,0.441875,0.4425,0.443125,0.44375,
    0.444375,0.445,0.445625,0.44625,0.446875,0.4475,0.448125,0.44875,
    0.449375,0.45,0.450625,0.45125,0.451875,0.4525,0.453125,0.45375,
    0.454375,0.455,0.455625,0.45625,0.456875,0.4575,0.458125,0.45875,
    0.459375,0.46,0.460625,0.46125,0.461875,0.4625,0.463125,0.46375,
    0.464375,0.465,0.465625,0.46625,0.466875,0.4675,0.468125,0.46875,
    0.469375,0.47,0.470625,0.47125,0.471875,0.4725,0.473125,0.47375,
    0.474375,0.475,0.475625,0.47625,0.476875,0.4775,0.478125,0.47875,
    0.479375,0.48,0.480625,0.48125,0.481875,0.4825,0.483125,0.48375,
    0.484375,0.485,0.485625,0.48625,0.486875,0.4875,0.488125,0.48875,
    0.489375,0.49,0.490625,0.49125,0.491875,0.4925,0.493125,0.49375,
    0.494375,0.495,0.495625,0.49625,0.496875,0.4975,0.498125,0.49875,
    0.499375,0.5,0.500625,0.50125,0.501875,0.5025,0.503125,0.50375,
    0.504375,0.505,0.505625,0.50625,0.506875,0.5075,0.508125,0.50875,
    0.509375,0.51,0.510625,0.51125,0.511875,0.5125,0.513125,0.51375,
    0.514375,0.515,0.515625,0.51625,0.516875,0.5175,0.518125,0.51875,
    0.519375,0.52,0.520625,0.52125,0.521875,0.5225,0.523125,0.52375,
    0.524375,0.525,0.525625,0.52625,0.526875,0.5275,0.528125,0.52875,
    0.529375,0.53,0.530625,0.53125,0.531875,0.5325,0.533125,0.53375,
    0.534375,0.535,0.535625,0.53625,0.536875,0.5375,0.538125,0.53875,
    0.539375,0.54,0.540625,0.54125,0.541875,0.5425,0.543125,0.54375,
    0.544375,0.545,0.545625,0.54625,0.546875,0.5475,0.548125,0.54875,
    0.549375,0.55,0.550625,0.55125,0.551875,0.5525,0.553125,0.55375,
    0.554375,0.555,0.555625,0.55625,0.556875,0.5575,0.558125,0.55875,
    0.559375,0.56,0.560625,0.56125,0.561875,0.5625,0.563125,0.56375,
    0.564375,0.565,0.565625,0.56625,0.566875,0.5675,0.568125,0.56875,
    0.569375,0.57,0.570625,0.57125,0.571875,0.5725,0.573125,0.57375,
    0.574375,0.575,0.575625,0.57625,0.576875,0.5775,0.578125,0.57875,
    0.579375,0.58,0.580625,0.58125,0.581875,0.5825,0.583125,0.58375,
    0.584375,0.585,0.585625,0.58625,0.586875,0.5875,0.588125,0.58875,
    0.589375,0.59,0.590625,0.59125,0.591875,0.5925,0.593125,0.59375,
    0.594375,0.595,0.595625,0.59625,0.596875,0.5975,0.598125,0.59875,
    0.599375,0.6,0.600625,0.60125,0.601875,0.6025,0.603125,0.60375,
    0.604375,0.605,0.605625,0.60625,0.606875,0.6075,0.608125,0.60875,
    0.609375,0.61,0.610625,0.61125,0.611875,0.6125,0.613125,0.61375,
    0.614375,0.615,0.615625,0.61625,0.616875,0.6175,0.618125,0.61875,
    0.619375,0.62,0.620625,0.62125,0.621875,0.6225,0.623125,0.62375,
    0.624375,0.625,0.625625,0.62625,0.626875,0.6275,0.628125,0.62875,
    0.629375,0.63,0.630625,0.63125,0.631875,0.6325,0.633125,0.63375,
    0.634375,0.635,0.635625,0.63625,0.636875,0.6375,0.638125,0.63875,
    0.639375,0.64,0.640625,0.64125,0.641875,0.6425,0.643125,0.64375,
    0.644375,0.645,0.645625,0.64625,0.646875,0.6475,0.648125,0.64875,
    0.649375,0.65,0.650625,0.65125,0.651875,0.6525,0.653125,0.65375,
    0.654375,0.655,0.655625,0.65625,0.656875,0.6575,0.658125,0.65875,
    0.659375,0.66,0.660625,0.66125,0.661875,0.6625,0.663125,0.66375,
    0.664375,0.665,0.665625,0.66625,0.666875,0.6675,0.668125,0.66875,
    0.669375,0.67,0.670625,0.67125,0.671875,0.6725,0.673125,0.67375,
    0.674375,0.675,0.675625,0.67625,0.676875,0.6775,0.678125,0.67875,
    0.679375,0.68,0.680625,0.68125,0.681875,0.6825,0.683125,0.68375,
    0.684375,0.685,0.685625,0.68625,0.686875,0.6875,0.688125,0.68875,
    0.689375,0.69,0.690625,0.69125,0.691875,0.6925,0.693125,0.69375,
    0.694375,0.695,0.695625,0.69625,0.696875,0.6975,0.698125,0.69875,
    0.699375,0.7,0.700625,0.70125,0.701875,0.7025,0.703125,0.70375,
    0.704375,0.705,0.705625,0.70625,0.706875,0.7075,0.708125,0.70875,
    0.709375,0.71,0.710625,0.71125,0.711875,0.7125,0.713125,0.71375,
    0.714375,0.715,0.715625,0.71625,0.716875,0.7175,0.718125,0.71875,
    0.719375,0.72,0.720625,0.72125,0.721875,0.7225,0.723125,0.72375,
    0.724375,0.725,0.725625,0.72625,0.726875,0.7275,0.728125,0.72875,
    0.729375,0.73,0.730625,0.73125,0.731875,0.7325,0.733125,0.73375,
    0.734375,0.735,0.735625,0.73625,0.736875,0.7375,0.738125,0.73875,
    0.739375,0.74,0.740625,0.74125,0.741875,0.7425,0.743125,0.74375,
    0.744375,0.745,0.745625,0.74625,0.746875,0.7475,0.748125,0.74875,
    0.749375,0.75,0.750625,0.75125,0.751875,0.7525,0.753125,0.75375,
    0.754375,0.755,0.755625,0.75625,0.756875,0.7575,0.758125,0.75875,
    0.759375,0.76,0.760625,0.76125,0.761875,0.7625,0.763125,0.76375,
    0.764375,0.765,0.765625,0.76625,0.766875,0.7675,0.768125,0.76875,
    0.769375,0.77,0.770625,0.77125,0.771875,0.7725,0.773125,0.77375,
    0.774375,0.775,0.775625,0.77625,0.776875,0.7775,0.778125,0.77875,
    0.779375,0.78,0.780625,0.78125,0.781875,0.7825,0.783125,0.78375,
    0.784375,0.785,0.785625,0.78625,0.786875,0.7875,0.788125,0.78875,
    0.789375,0.79,0.790625,0.79125,0.791875,0.7925,0.793125,0.79375,
    0.794375,0.795,0.795625,0.79625,0.796875,0.7975,0.798125,0.79875,
    0.799375,0.8,0.800625,0.80125,0.801875,0.8025,0.803125,0.80375,
    0.804375,0.805,0.805625,0.80625,0.806875,0.8075,0.808125,0.80875,
    0.809375,0.81,0.810625,0.81125,0.811875,0.8125,0.813125,0.81375,
    0.814375,0.815,0.815625,0.81625,0.816875,0.8175,0.818125,0.81875,
    0.819375,0.82,0.820625,0.82125,0.821875,0.8225,0.823125,0.82375,
    0.824375,0.825,0.825625,0.82625,0.826875,0.8275,0.828125,0.82875,
    0.829375,0.83,0.830625,0.83125,0.831875,0.8325,0.833125,0.83375,
    0.834375,0.835,0.835625,0.83625,0.836875,0.8375,0.838125,0.83875,
    0.839375,0.84,0.840625,0.84125,0.841875,0.8425,0.843125,0.84375,
    0.844375,0.845,0.845625,0.84625,0.846875,0.8475,0.848125,0.84875,
    0.849375,0.85,0.850625,0.85125,0.851875,0.8525,0.853125,0.85375,
    0.854375,0.855,0.855625,0.85625,0.856875,0.8575,0.858125,0.85875,
    0.859375,0.86,0.860625,0.86125,0.861875,0.8625,0.863125,0.86375,
    0.864375,0.865,0.865625,0.86625,0.866875,0.8675,0.868125,0.86875,
    0.869375,0.87,0.870625,0.87125,0.871875,0.8725,0.873125,0.87375,
    0.874375,0.875,0.875625,0.87625,0.876875,0.8775,0.878125,0.87875,
    0.879375,0.88,0.880625,0.88125,0.881875,0.8825,0.883125,0.88375,
    0.884375,0.885,0.885625,0.88625,0.886875,0.8875,0.888125,0.88875,
    0.889375,0.89,0.890625,0.89125,0.891875,0.8925,0.893125,0.89375,
    0.894375,0.895,0.895625,0.89625,0.896875,0.8975,0.898125,0.89875,
    0.899375,0.9,0.900625,0.90125,0.901875,0.9025,0.903125,0.90375,
    0.904375,0.905,0.905625,0.90625,0.906875,0.9075,0.908125,0.90875,
    0.909375,0.91,0.910625,0.91125,0.911875,0.9125,0.913125,0.91375,
    0.914375,0.915,0.915625,0.91625,0.916875,0.9175,0.918125,0.91875,
    0.919375,0.92,0.920625,0.92125,0.921875,0.9225,0.923125,0.92375,
    0.924375,0.925,0.925625,0.92625,0.926875,0.9275,0.928125,0.92875,
    0.929375,0.93,0.930625,0.93125,0.931875,0.9325,0.933125,0.93375,
    0.934375,0.935,0.935625,0.93625,0.936875,0.9375,0.938125,0.93875,
    0.939375,0.94,0.940625,0.94125,0.941875,0.9425,0.943125,0.94375,
    0.944375,0.945,0.945625,0.94625,0.946875,0.9475,0.948125,0.94875,
    0.949375,0.95,0.950625,0.95125,0.951875,0.9525,0.953125,0.95375,
    0.954375,0.955,0.955625,0.95625,0.956875,0.9575,0.958125,0.95875,
    0.959375,0.96,0.960625,0.96125,0.961875,0.9625,0.963125,0.96375,
    0.964375,0.965,0.965625,0.96625,0.966875,0.9675,0.968125,0.96875,
    0.969375,0.97,0.970625,0.97125,0.971875,0.9725,0.973125,0.97375,
    0.974375,0.975,0.975625,0.97625,0.976875,0.9775,0.978125,0.97875,
    0.979375,0.98,0.980625,0.98125,0.981875,0.9825,0.983125,0.98375,
    0.984375,0.985,0.985625,0.98625,0.986875,0.9875,0.988125,0.98875,
    0.989375,0.99,0.990625,0.99125,0.991875,0.9925,0.993125,0.99375,
    0.994375,0.995,0.995625,0.99625,0.996875,0.9975,0.998125,0.99875,
    0.999375,1.,1.000625),.UNSPECIFIED.);
#8108 = CARTESIAN_POINT('',(-37.4171210667,-15.49867901078));
#8109 = CARTESIAN_POINT('',(-37.40245360831,-15.53408938853));
#8110 = CARTESIAN_POINT('',(-37.37375491349,-15.60517367584));
#8111 = CARTESIAN_POINT('',(-37.33262441603,-15.7125692369));
#8112 = CARTESIAN_POINT('',(-37.281650532,-15.85721413209));
#8113 = CARTESIAN_POINT('',(-37.22444234358,-16.04021140412));
#8114 = CARTESIAN_POINT('',(-37.1737980677,-16.22516456736));
#8115 = CARTESIAN_POINT('',(-37.12976743553,-16.41182977765));
#8116 = CARTESIAN_POINT('',(-37.0923999897,-16.599954439));
#8117 = CARTESIAN_POINT('',(-37.06174988618,-16.78927702603));
#8118 = CARTESIAN_POINT('',(-37.03786402489,-16.97953460606));
#8119 = CARTESIAN_POINT('',(-37.02077017803,-17.17047035873));
#8120 = CARTESIAN_POINT('',(-37.01046512035,-17.36184109612));
#8121 = CARTESIAN_POINT('',(-37.00690275641,-17.55342478401));
#8122 = CARTESIAN_POINT('',(-37.00998225485,-17.7450280589));
#8123 = CARTESIAN_POINT('',(-37.01957106576,-17.9364710131));
#8124 = CARTESIAN_POINT('',(-37.03552793148,-18.12757198405));
#8125 = CARTESIAN_POINT('',(-37.05772589921,-18.31813234249));
#8126 = CARTESIAN_POINT('',(-37.08607533434,-18.50792128017));
#8127 = CARTESIAN_POINT('',(-37.12054692931,-18.69666060028));
#8128 = CARTESIAN_POINT('',(-37.16109649068,-18.88407598722));
#8129 = CARTESIAN_POINT('',(-37.20758973619,-19.06994826788));
#8130 = CARTESIAN_POINT('',(-37.25972707955,-19.25416468493));
#8131 = CARTESIAN_POINT('',(-37.31696843947,-19.43677014518));
#8132 = CARTESIAN_POINT('',(-37.37845798328,-19.61801853454));
#8133 = CARTESIAN_POINT('',(-37.44306003026,-19.79831868045));
#8134 = CARTESIAN_POINT('',(-37.50939504731,-19.97818025327));
#8135 = CARTESIAN_POINT('',(-37.57587556283,-20.15815968272));
#8136 = CARTESIAN_POINT('',(-37.6407422228,-20.33880608626));
#8137 = CARTESIAN_POINT('',(-37.70209948809,-20.52060714165));
#8138 = CARTESIAN_POINT('',(-37.75807008222,-20.70395689829));
#8139 = CARTESIAN_POINT('',(-37.8069497288,-20.88912367052));
#8140 = CARTESIAN_POINT('',(-37.84736189097,-21.07621786625));
#8141 = CARTESIAN_POINT('',(-37.87841226011,-21.26515992107));
#8142 = CARTESIAN_POINT('',(-37.89984404524,-21.45564796972));
#8143 = CARTESIAN_POINT('',(-37.91186633767,-21.64722787945));
#8144 = CARTESIAN_POINT('',(-37.91498165623,-21.83936353634));
#8145 = CARTESIAN_POINT('',(-37.90981377601,-22.03150704694));
#8146 = CARTESIAN_POINT('',(-37.89693548617,-22.2231689544));
#8147 = CARTESIAN_POINT('',(-37.87669624366,-22.41398850745));
#8148 = CARTESIAN_POINT('',(-37.84928204821,-22.60370198993));
#8149 = CARTESIAN_POINT('',(-37.81477548762,-22.79211097679));
#8150 = CARTESIAN_POINT('',(-37.77321571911,-22.9790506177));
#8151 = CARTESIAN_POINT('',(-37.72465847752,-23.16435790917));
#8152 = CARTESIAN_POINT('',(-37.66923607223,-23.34783997149));
#8153 = CARTESIAN_POINT('',(-37.60713361639,-23.52928290314));
#8154 = CARTESIAN_POINT('',(-37.5385652534,-23.70846063656));
#8155 = CARTESIAN_POINT('',(-37.46375038519,-23.88514379301));
#8156 = CARTESIAN_POINT('',(-37.38288989849,-24.05910853822));
#8157 = CARTESIAN_POINT('',(-37.2961423953,-24.23014543679));
#8158 = CARTESIAN_POINT('',(-37.20363523288,-24.39805829623));
#8159 = CARTESIAN_POINT('',(-37.10547555982,-24.56266301214));
#8160 = CARTESIAN_POINT('',(-37.0017613536,-24.72378641305));
#8161 = CARTESIAN_POINT('',(-36.89259245738,-24.88126510539));
#8162 = CARTESIAN_POINT('',(-36.77808161721,-25.03494431848));
#8163 = CARTESIAN_POINT('',(-36.6583513261,-25.1846672647));
#8164 = CARTESIAN_POINT('',(-36.5335306682,-25.33026449997));
#8165 = CARTESIAN_POINT('',(-36.403752163,-25.47154328354));
#8166 = CARTESIAN_POINT('',(-36.26914860955,-25.60827693925));
#8167 = CARTESIAN_POINT('',(-36.12984993042,-25.74019421267));
#8168 = CARTESIAN_POINT('',(-35.98598408635,-25.86700462072));
#8169 = CARTESIAN_POINT('',(-35.83767799155,-25.98842380532));
#8170 = CARTESIAN_POINT('',(-35.68505842867,-26.10419888514));
#8171 = CARTESIAN_POINT('',(-35.52825296392,-26.21413380924));
#8172 = CARTESIAN_POINT('',(-35.36739086222,-26.31811470762));
#8173 = CARTESIAN_POINT('',(-35.20260943679,-26.41604232067));
#8174 = CARTESIAN_POINT('',(-35.03406039902,-26.50776441621));
#8175 = CARTESIAN_POINT('',(-34.86191620789,-26.59300823595));
#8176 = CARTESIAN_POINT('',(-34.6863764204,-26.67131287205));
#8177 = CARTESIAN_POINT('',(-34.50767403937,-26.74196182946));
#8178 = CARTESIAN_POINT('',(-34.32607654632,-26.80416914445));
#8179 = CARTESIAN_POINT('',(-34.14188694346,-26.85726538667));
#8180 = CARTESIAN_POINT('',(-33.95544478182,-26.90088359009));
#8181 = CARTESIAN_POINT('',(-33.76712721972,-26.93514547835));
#8182 = CARTESIAN_POINT('',(-33.57735000134,-26.96084683612));
#8183 = CARTESIAN_POINT('',(-33.38653789857,-26.97930166854));
#8184 = CARTESIAN_POINT('',(-33.19509521659,-26.9921872012));
#8185 = CARTESIAN_POINT('',(-33.00337630107,-27.00138860798));
#8186 = CARTESIAN_POINT('',(-32.81165598623,-27.00884376551));
#8187 = CARTESIAN_POINT('',(-32.62010022965,-27.01638824398));
#8188 = CARTESIAN_POINT('',(-32.42880245822,-27.02570161323));
#8189 = CARTESIAN_POINT('',(-32.2378197252,-27.03825343875));
#8190 = CARTESIAN_POINT('',(-32.04720893279,-27.0552494045));
#8191 = CARTESIAN_POINT('',(-31.85706303726,-27.07757735436));
#8192 = CARTESIAN_POINT('',(-31.66754723304,-27.10575344231));
#8193 = CARTESIAN_POINT('',(-31.47888034295,-27.14001129812));
#8194 = CARTESIAN_POINT('',(-31.291316245,-27.18039110702));
#8195 = CARTESIAN_POINT('',(-31.10512528537,-27.22682872147));
#8196 = CARTESIAN_POINT('',(-30.92057569778,-27.27924475686));
#8197 = CARTESIAN_POINT('',(-30.73791501895,-27.33763369976));
#8198 = CARTESIAN_POINT('',(-30.55737533626,-27.40203682944));
#8199 = CARTESIAN_POINT('',(-30.37917853625,-27.47251513415));
#8200 = CARTESIAN_POINT('',(-30.20354155302,-27.54912222837));
#8201 = CARTESIAN_POINT('',(-30.03068161619,-27.63187727206));
#8202 = CARTESIAN_POINT('',(-29.8608215003,-27.72073788224));
#8203 = CARTESIAN_POINT('',(-29.69418711971,-27.81561397288));
#8204 = CARTESIAN_POINT('',(-29.53100512207,-27.91638160259));
#8205 = CARTESIAN_POINT('',(-29.37150048221,-28.02289681965));
#8206 = CARTESIAN_POINT('',(-29.215894096,-28.13500950737));
#8207 = CARTESIAN_POINT('',(-29.06440037401,-28.25257723134));
#8208 = CARTESIAN_POINT('',(-28.91722556378,-28.37546072946));
#8209 = CARTESIAN_POINT('',(-28.77456607212,-28.50351939941));
#8210 = CARTESIAN_POINT('',(-28.63660678729,-28.63660678706));
#8211 = CARTESIAN_POINT('',(-28.5035194013,-28.77456607453));
#8212 = CARTESIAN_POINT('',(-28.37546073208,-28.91722556826));
#8213 = CARTESIAN_POINT('',(-28.25257723475,-29.0644003777));
#8214 = CARTESIAN_POINT('',(-28.13500951297,-29.21589409385));
#8215 = CARTESIAN_POINT('',(-28.02289682995,-29.37150046784));
#8216 = CARTESIAN_POINT('',(-27.91638162036,-29.5310050895));
#8217 = CARTESIAN_POINT('',(-27.81561399966,-29.69418706593));
#8218 = CARTESIAN_POINT('',(-27.72073791752,-29.86082142662));
#8219 = CARTESIAN_POINT('',(-27.63187731309,-30.03068152856));
#8220 = CARTESIAN_POINT('',(-27.54912227057,-30.20354146111));
#8221 = CARTESIAN_POINT('',(-27.47251517217,-30.37917845144));
#8222 = CARTESIAN_POINT('',(-27.40203685887,-30.55737526851));
#8223 = CARTESIAN_POINT('',(-27.33763371819,-30.73791497461));
#8224 = CARTESIAN_POINT('',(-27.27924476434,-30.92057567846));
#8225 = CARTESIAN_POINT('',(-27.22682872035,-31.10512528782));
#8226 = CARTESIAN_POINT('',(-27.18039110112,-31.29131626197));
#8227 = CARTESIAN_POINT('',(-27.14001129133,-31.47888036509));
#8228 = CARTESIAN_POINT('',(-27.10575343758,-31.66754725049));
#8229 = CARTESIAN_POINT('',(-27.07757735316,-31.85706304102));
#8230 = CARTESIAN_POINT('',(-27.0552494068,-32.0472089158));
#8231 = CARTESIAN_POINT('',(-27.03825344334,-32.23781968314));
#8232 = CARTESIAN_POINT('',(-27.02570161859,-32.42880239005));
#8233 = CARTESIAN_POINT('',(-27.01638824885,-32.62010013763));
#8234 = CARTESIAN_POINT('',(-27.00884376936,-32.81165587546));
#8235 = CARTESIAN_POINT('',(-27.00138861114,-33.00337617847));
#8236 = CARTESIAN_POINT('',(-26.99218720488,-33.1950950894));
#8237 = CARTESIAN_POINT('',(-26.97930167456,-33.38653777235));
#8238 = CARTESIAN_POINT('',(-26.96084684671,-33.57734987887));
#8239 = CARTESIAN_POINT('',(-26.93514549578,-33.76712710077));
#8240 = CARTESIAN_POINT('',(-26.90088361628,-33.95544466378));
#8241 = CARTESIAN_POINT('',(-26.85726542275,-34.14188682289));
#8242 = CARTESIAN_POINT('',(-26.8041691901,-34.32607642132));
#8243 = CARTESIAN_POINT('',(-26.74196188258,-34.5076739109));
#8244 = CARTESIAN_POINT('',(-26.67131292898,-34.68637629256));
#8245 = CARTESIAN_POINT('',(-26.59300829207,-34.86191608718));
#8246 = CARTESIAN_POINT('',(-26.50776446707,-35.03406029248));
#8247 = CARTESIAN_POINT('',(-26.41604236364,-35.20260934916));
#8248 = CARTESIAN_POINT('',(-26.31811474292,-35.36739079425));
#8249 = CARTESIAN_POINT('',(-26.21413384007,-35.5282529119));
#8250 = CARTESIAN_POINT('',(-26.10419891715,-35.68505838509));
#8251 = CARTESIAN_POINT('',(-25.98842384514,-35.83767794703));
#8252 = CARTESIAN_POINT('',(-25.86700467387,-35.98598403269));
#8253 = CARTESIAN_POINT('',(-25.74019428213,-36.12984986261));
#8254 = CARTESIAN_POINT('',(-25.60827702497,-36.2691485267));
#8255 = CARTESIAN_POINT('',(-25.47154338274,-36.40375206812));
#8256 = CARTESIAN_POINT('',(-25.33026460828,-36.53353056701));
#8257 = CARTESIAN_POINT('',(-25.18466737819,-36.65835122464));
#8258 = CARTESIAN_POINT('',(-25.03494443483,-36.77808152028));
#8259 = CARTESIAN_POINT('',(-24.8812652243,-36.89259236766));
#8260 = CARTESIAN_POINT('',(-24.72378653585,-37.00176127154));
#8261 = CARTESIAN_POINT('',(-24.56266314053,-37.10547548429));
#8262 = CARTESIAN_POINT('',(-24.39805843031,-37.20363516248));
#8263 = CARTESIAN_POINT('',(-24.23014557396,-37.29614232928));
#8264 = CARTESIAN_POINT('',(-24.05910867316,-37.38288983714));
#8265 = CARTESIAN_POINT('',(-23.88514391862,-37.46375032985));
#8266 = CARTESIAN_POINT('',(-23.70846074591,-37.53856520592));
#8267 = CARTESIAN_POINT('',(-23.52928299236,-37.60713357816));
#8268 = CARTESIAN_POINT('',(-23.34784004139,-37.66923604366));
#8269 = CARTESIAN_POINT('',(-23.16435796554,-37.72465845776));
#8270 = CARTESIAN_POINT('',(-22.9790506702,-37.77321570622));
#8271 = CARTESIAN_POINT('',(-22.79211103665,-37.81477547904));
#8272 = CARTESIAN_POINT('',(-22.60370206624,-37.84928204161));
#8273 = CARTESIAN_POINT('',(-22.41398860487,-37.8766962375));
#8274 = CARTESIAN_POINT('',(-22.2231690723,-37.89693547995));
#8275 = CARTESIAN_POINT('',(-22.03150717994,-37.90981377036));
#8276 = CARTESIAN_POINT('',(-21.83936367622,-37.91498165256));
#8277 = CARTESIAN_POINT('',(-21.64722801847,-37.91186633775));
#8278 = CARTESIAN_POINT('',(-21.45564810266,-37.8998440509));
#8279 = CARTESIAN_POINT('',(-21.26516004626,-37.87841227291));
#8280 = CARTESIAN_POINT('',(-21.07621798533,-37.84736191194));
#8281 = CARTESIAN_POINT('',(-20.8891237871,-37.80694975822));
#8282 = CARTESIAN_POINT('',(-20.7039570155,-37.7580701193));
#8283 = CARTESIAN_POINT('',(-20.52060726058,-37.70209953083));
#8284 = CARTESIAN_POINT('',(-20.33880620517,-37.64074226807));
#8285 = CARTESIAN_POINT('',(-20.1581597972,-37.57587560682));
#8286 = CARTESIAN_POINT('',(-19.97818035708,-37.50939508615));
#8287 = CARTESIAN_POINT('',(-19.79831876732,-37.44306006097));
#8288 = CARTESIAN_POINT('',(-19.61801859957,-37.37845800442));
#8289 = CARTESIAN_POINT('',(-19.4367701858,-37.31696845132));
#8290 = CARTESIAN_POINT('',(-19.25416470151,-37.25972708393));
#8291 = CARTESIAN_POINT('',(-19.06994826395,-37.20758973585));
#8292 = CARTESIAN_POINT('',(-18.88407596929,-37.16109648838));
#8293 = CARTESIAN_POINT('',(-18.69666057724,-37.12054692711));
#8294 = CARTESIAN_POINT('',(-18.50792126223,-37.08607533328));
#8295 = CARTESIAN_POINT('',(-18.3181323398,-37.05772589931));
#8296 = CARTESIAN_POINT('',(-18.12757200476,-37.03552793196));
#8297 = CARTESIAN_POINT('',(-17.93647106112,-37.0195710657));
#8298 = CARTESIAN_POINT('',(-17.74502813275,-37.00998225359));
#8299 = CARTESIAN_POINT('',(-17.5534248769,-37.00690275374));
#8300 = CARTESIAN_POINT('',(-17.36184119719,-37.01046511653));
#8301 = CARTESIAN_POINT('',(-17.17047045539,-37.02077017367));
#8302 = CARTESIAN_POINT('',(-16.97953468762,-37.03786402049));
#8303 = CARTESIAN_POINT('',(-16.78927708598,-37.06174988204));
#8304 = CARTESIAN_POINT('',(-16.59995447587,-37.09239998571));
#8305 = CARTESIAN_POINT('',(-16.41182979491,-37.1297674316));
#8306 = CARTESIAN_POINT('',(-16.2251645714,-37.17379806314));
#8307 = CARTESIAN_POINT('',(-16.04021140221,-37.22444233949));
#8308 = CARTESIAN_POINT('',(-15.8572141285,-37.28165052675));
#8309 = CARTESIAN_POINT('',(-15.67640801267,-37.34536788694));
#8310 = CARTESIAN_POINT('',(-15.49801991479,-37.41552986779));
#8311 = CARTESIAN_POINT('',(-15.32226846918,-37.49205729213));
#8312 = CARTESIAN_POINT('',(-15.14936426101,-37.57485154743));
#8313 = CARTESIAN_POINT('',(-14.9795133517,-37.66379786303));
#8314 = CARTESIAN_POINT('',(-14.81292080459,-37.75876858737));
#8315 = CARTESIAN_POINT('',(-14.64979421012,-37.85962646509));
#8316 = CARTESIAN_POINT('',(-14.49034721198,-37.96622791437));
#8317 = CARTESIAN_POINT('',(-14.33480303083,-38.0784263035));
#8318 = CARTESIAN_POINT('',(-14.18338075132,-38.196068874));
#8319 = CARTESIAN_POINT('',(-14.03628161081,-38.31899366446));
#8320 = CARTESIAN_POINT('',(-13.89367528851,-38.44702643442));
#8321 = CARTESIAN_POINT('',(-13.75568619194,-38.57997758759));
#8322 = CARTESIAN_POINT('',(-13.6223797512,-38.7176390968));
#8323 = CARTESIAN_POINT('',(-13.49378945329,-38.85979002114));
#8324 = CARTESIAN_POINT('',(-13.3699438688,-39.00620202155));
#8325 = CARTESIAN_POINT('',(-13.25089368063,-39.15664487674));
#8326 = CARTESIAN_POINT('',(-13.13673871363,-39.31089199938));
#8327 = CARTESIAN_POINT('',(-13.02765495906,-39.46872595107));
#8328 = CARTESIAN_POINT('',(-12.92380513787,-39.62992151189));
#8329 = CARTESIAN_POINT('',(-12.82524927697,-39.79422875116));
#8330 = CARTESIAN_POINT('',(-12.73185526831,-39.96135609791));
#8331 = CARTESIAN_POINT('',(-12.64320946285,-40.1309534109));
#8332 = CARTESIAN_POINT('',(-12.55852717105,-40.3025950495));
#8333 = CARTESIAN_POINT('',(-12.47671626073,-40.47576705081));
#8334 = CARTESIAN_POINT('',(-12.3964408633,-40.64985432902));
#8335 = CARTESIAN_POINT('',(-12.31618501161,-40.82412782739));
#8336 = CARTESIAN_POINT('',(-12.2343163698,-40.99773177947));
#8337 = CARTESIAN_POINT('',(-12.14914974906,-41.16967067693));
#8338 = CARTESIAN_POINT('',(-12.05907907947,-41.33889571983));
#8339 = CARTESIAN_POINT('',(-11.96270952873,-41.50439152969));
#8340 = CARTESIAN_POINT('',(-11.85898966813,-41.66526281812));
#8341 = CARTESIAN_POINT('',(-11.7473433865,-41.8208209529));
#8342 = CARTESIAN_POINT('',(-11.62780255617,-41.97067090444));
#8343 = CARTESIAN_POINT('',(-11.50083614736,-42.11463940226));
#8344 = CARTESIAN_POINT('',(-11.36717858434,-42.25270269103));
#8345 = CARTESIAN_POINT('',(-11.22765836188,-42.38491442719));
#8346 = CARTESIAN_POINT('',(-11.08302660134,-42.51133353557));
#8347 = CARTESIAN_POINT('',(-10.93378549577,-42.6319520299));
#8348 = CARTESIAN_POINT('',(-10.78025304232,-42.74671495634));
#8349 = CARTESIAN_POINT('',(-10.62262794709,-42.85554040559));
#8350 = CARTESIAN_POINT('',(-10.4610544652,-42.95833949921));
#8351 = CARTESIAN_POINT('',(-10.29568726799,-43.05503638681));
#8352 = CARTESIAN_POINT('',(-10.1267562989,-43.14558823869));
#8353 = CARTESIAN_POINT('',(-9.95454370387,-43.22997469841));
#8354 = CARTESIAN_POINT('',(-9.779360759092,-43.3081873343));
#8355 = CARTESIAN_POINT('',(-9.601524800395,-43.3802190917));
#8356 = CARTESIAN_POINT('',(-9.42133615089,-43.44605374425));
#8357 = CARTESIAN_POINT('',(-9.239055052322,-43.50565534731));
#8358 = CARTESIAN_POINT('',(-9.054910288908,-43.55897522701));
#8359 = CARTESIAN_POINT('',(-8.869107807618,-43.60595896739));
#8360 = CARTESIAN_POINT('',(-8.6818393397,-43.64655339825));
#8361 = CARTESIAN_POINT('',(-8.493291021644,-43.68071358269));
#8362 = CARTESIAN_POINT('',(-8.303652016343,-43.70840980479));
#8363 = CARTESIAN_POINT('',(-8.11311980501,-43.7296178146));
#8364 = CARTESIAN_POINT('',(-7.921905478997,-43.74430907335));
#8365 = CARTESIAN_POINT('',(-7.730239032008,-43.75244099817));
#8366 = CARTESIAN_POINT('',(-7.538374651434,-43.75394720792));
#8367 = CARTESIAN_POINT('',(-7.346596012212,-43.74872776589));
#8368 = CARTESIAN_POINT('',(-7.155198998836,-43.73666775143));
#8369 = CARTESIAN_POINT('',(-6.964474424714,-43.7176558349));
#8370 = CARTESIAN_POINT('',(-6.774690752819,-43.69160285108));
#8371 = CARTESIAN_POINT('',(-6.586076815056,-43.65846037395));
#8372 = CARTESIAN_POINT('',(-6.398804533744,-43.61823928936));
#8373 = CARTESIAN_POINT('',(-6.213041191162,-43.57096650527));
#8374 = CARTESIAN_POINT('',(-6.029001707848,-43.51664165345));
#8375 = CARTESIAN_POINT('',(-5.847000899966,-43.45519381155));
#8376 = CARTESIAN_POINT('',(-5.667505786677,-43.38643817663));
#8377 = CARTESIAN_POINT('',(-5.491187764373,-43.31003286805));
#8378 = CARTESIAN_POINT('',(-5.318791731318,-43.22561126355));
#8379 = CARTESIAN_POINT('',(-5.151005301183,-43.13291425927));
#8380 = CARTESIAN_POINT('',(-4.98832805697,-43.0319224699));
#8381 = CARTESIAN_POINT('',(-4.830940618267,-42.92298865825));
#8382 = CARTESIAN_POINT('',(-4.678574255875,-42.80696950458));
#8383 = CARTESIAN_POINT('',(-4.530600186926,-42.68509450993));
#8384 = CARTESIAN_POINT('',(-4.386118320761,-42.55883553881));
#8385 = CARTESIAN_POINT('',(-4.24404619838,-42.42977617069));
#8386 = CARTESIAN_POINT('',(-4.103207871222,-42.29948102843));
#8387 = CARTESIAN_POINT('',(-3.962422744885,-42.16936540586));
#8388 = CARTESIAN_POINT('',(-3.820569246928,-42.04068300101));
#8389 = CARTESIAN_POINT('',(-3.676648580381,-41.91451329634));
#8390 = CARTESIAN_POINT('',(-3.529848433865,-41.7917490751));
#8391 = CARTESIAN_POINT('',(-3.379606736967,-41.67308386771));
#8392 = CARTESIAN_POINT('',(-3.225675323801,-41.55899946027));
#8393 = CARTESIAN_POINT('',(-3.068043724288,-41.44981578505));
#8394 = CARTESIAN_POINT('',(-2.90686304202,-41.34574077617));
#8395 = CARTESIAN_POINT('',(-2.742369799785,-41.2469202381));
#8396 = CARTESIAN_POINT('',(-2.574809800873,-41.15348770732));
#8397 = CARTESIAN_POINT('',(-2.40436197874,-41.06561432014));
#8398 = CARTESIAN_POINT('',(-2.231161255111,-40.98349337596));
#8399 = CARTESIAN_POINT('',(-2.055321402249,-40.90732489747));
#8400 = CARTESIAN_POINT('',(-1.876957904571,-40.83730019141));
#8401 = CARTESIAN_POINT('',(-1.696210818473,-40.77358641045));
#8402 = CARTESIAN_POINT('',(-1.513267638632,-40.71631111069));
#8403 = CARTESIAN_POINT('',(-1.32835181108,-40.66557033727));
#8404 = CARTESIAN_POINT('',(-1.141711239687,-40.62143671445));
#8405 = CARTESIAN_POINT('',(-0.953606794934,-40.58396753426));
#8406 = CARTESIAN_POINT('',(-0.764300822298,-40.55321284512));
#8407 = CARTESIAN_POINT('',(-0.574045649303,-40.52922354186));
#8408 = CARTESIAN_POINT('',(-0.38308558816,-40.51204699035));
#8409 = CARTESIAN_POINT('',(-0.191658940295,-40.5017226503));
#8410 = CARTESIAN_POINT('',(-1.627071810617E-10,-40.49827769877));
#8411 = CARTESIAN_POINT('',(0.191658940656,-40.50172265334));
#8412 = CARTESIAN_POINT('',(0.383085589471,-40.51204699537));
#8413 = CARTESIAN_POINT('',(0.574045649506,-40.52922354689));
#8414 = CARTESIAN_POINT('',(0.764300816817,-40.55321284756));
#8415 = CARTESIAN_POINT('',(0.953606777483,-40.58396753139));
#8416 = CARTESIAN_POINT('',(1.141711204094,-40.62143670399));
#8417 = CARTESIAN_POINT('',(1.328351754114,-40.66557031816));
#8418 = CARTESIAN_POINT('',(1.513267561589,-40.71631108354));
#8419 = CARTESIAN_POINT('',(1.696210727499,-40.77358637749));
#8420 = CARTESIAN_POINT('',(1.876957809742,-40.83730015625));
#8421 = CARTESIAN_POINT('',(2.0553213154,-40.90732486439));
#8422 = CARTESIAN_POINT('',(2.231161186399,-40.98349334886));
#8423 = CARTESIAN_POINT('',(2.404361934359,-41.06561430181));
#8424 = CARTESIAN_POINT('',(2.574809781923,-41.15348769895));
#8425 = CARTESIAN_POINT('',(2.742369802309,-41.24692023904));
#8426 = CARTESIAN_POINT('',(2.906863058185,-41.345740784));
#8427 = CARTESIAN_POINT('',(3.068043744735,-41.44981579589));
#8428 = CARTESIAN_POINT('',(3.225675339482,-41.55899946924));
#8429 = CARTESIAN_POINT('',(3.379606740466,-41.67308386951));
#8430 = CARTESIAN_POINT('',(3.529848420219,-41.79174906471));
#8431 = CARTESIAN_POINT('',(3.676648547387,-41.91451326985));
#8432 = CARTESIAN_POINT('',(3.820569194935,-42.04068295659));
#8433 = CARTESIAN_POINT('',(3.962422676374,-42.16936534424));
#8434 = CARTESIAN_POINT('',(4.103207790177,-42.29948095283));
#8435 = CARTESIAN_POINT('',(4.244046109451,-42.42977608624));
#8436 = CARTESIAN_POINT('',(4.386118228221,-42.55883545147));
#8437 = CARTESIAN_POINT('',(4.530600093411,-42.68509442493));
#8438 = CARTESIAN_POINT('',(4.678574161783,-42.80696942546));
#8439 = CARTESIAN_POINT('',(4.830940521826,-42.92298858645));
#8440 = CARTESIAN_POINT('',(4.988327954984,-43.03192240495));
#8441 = CARTESIAN_POINT('',(5.151005190417,-43.13291419953));
#8442 = CARTESIAN_POINT('',(5.318791610651,-43.22561120744));
#8443 = CARTESIAN_POINT('',(5.491187635963,-43.31003281478));
#8444 = CARTESIAN_POINT('',(5.667505656029,-43.38643812649));
#8445 = CARTESIAN_POINT('',(5.847000774926,-43.45519376587));
#8446 = CARTESIAN_POINT('',(6.029001596549,-43.51664161407));
#8447 = CARTESIAN_POINT('',(6.213041098811,-43.57096647369));
#8448 = CARTESIAN_POINT('',(6.398804460727,-43.61823926625));
#8449 = CARTESIAN_POINT('',(6.586076756467,-43.65846035896));
#8450 = CARTESIAN_POINT('',(6.774690699376,-43.69160284289));
#8451 = CARTESIAN_POINT('',(6.964474365073,-43.71765583158));
#8452 = CARTESIAN_POINT('',(7.155198923312,-43.73666775107));
#8453 = CARTESIAN_POINT('',(7.346595915152,-43.74872776707));
#8454 = CARTESIAN_POINT('',(7.538374532234,-43.75394720995));
#8455 = CARTESIAN_POINT('',(7.730238894777,-43.75244100123));
#8456 = CARTESIAN_POINT('',(7.921905330853,-43.74430907839));
#8457 = CARTESIAN_POINT('',(8.113119653017,-43.72961782311));
#8458 = CARTESIAN_POINT('',(8.303651865529,-43.70840981852));
#8459 = CARTESIAN_POINT('',(8.493290874117,-43.68071360333));
#8460 = CARTESIAN_POINT('',(8.681839194849,-43.64655342706));
#8461 = CARTESIAN_POINT('',(8.869107663422,-43.60595900477));
#8462 = CARTESIAN_POINT('',(9.054910144323,-43.55897527204));
#8463 = CARTESIAN_POINT('',(9.239054908646,-43.50565539762));
#8464 = CARTESIAN_POINT('',(9.421336012097,-43.44605379629));
#8465 = CARTESIAN_POINT('',(9.601524672441,-43.38021914139));
#8466 = CARTESIAN_POINT('',(9.779360648189,-43.30818737804));
#8467 = CARTESIAN_POINT('',(9.954543613746,-43.22997473446));
#8468 = CARTESIAN_POINT('',(10.126756229259,-43.14558826792));
#8469 = CARTESIAN_POINT('',(10.295687214164,-43.0550364127));
#8470 = CARTESIAN_POINT('',(10.461054418961,-42.95833952722));
#8471 = CARTESIAN_POINT('',(10.6226278987,-42.85554044185));
#8472 = CARTESIAN_POINT('',(10.780252983706,-42.74671500563));
#8473 = CARTESIAN_POINT('',(10.933785422539,-42.63195209442));
#8474 = CARTESIAN_POINT('',(11.083026513588,-42.51133361455));
#8475 = CARTESIAN_POINT('',(11.227658263841,-42.38491451724));
#8476 = CARTESIAN_POINT('',(11.367178482829,-42.25270278734));
#8477 = CARTESIAN_POINT('',(11.500836049111,-42.11463950061));
#8478 = CARTESIAN_POINT('',(11.627802466158,-41.97067100245));
#8479 = CARTESIAN_POINT('',(11.747343307025,-41.82082105048));
#8480 = CARTESIAN_POINT('',(11.858989598763,-41.66526291715));
#8481 = CARTESIAN_POINT('',(11.962709467114,-41.50439163292));
#8482 = CARTESIAN_POINT('',(12.059079022826,-41.33889582893));
#8483 = CARTESIAN_POINT('',(12.149149695197,-41.16967079124));
#8484 = CARTESIAN_POINT('',(12.23431631773,-40.99773189557));
#8485 = CARTESIAN_POINT('',(12.316184961769,-40.82412793945));
#8486 = CARTESIAN_POINT('',(12.396440817362,-40.64985442988));
#8487 = CARTESIAN_POINT('',(12.476716221016,-40.47576713396));
#8488 = CARTESIAN_POINT('',(12.55852714002,-40.30259511043));
#8489 = CARTESIAN_POINT('',(12.643209442505,-40.130953448));
#8490 = CARTESIAN_POINT('',(12.731855259685,-39.96135611273));
#8491 = CARTESIAN_POINT('',(12.825249279515,-39.79422874815));
#8492 = CARTESIAN_POINT('',(12.923805148931,-39.62992149759));
#8493 = CARTESIAN_POINT('',(13.027654973807,-39.46872593322));
#8494 = CARTESIAN_POINT('',(13.136738725569,-39.31089198595));
#8495 = CARTESIAN_POINT('',(13.250893682606,-39.1566448749));
#8496 = CARTESIAN_POINT('',(13.369943854494,-39.00620203653));
#8497 = CARTESIAN_POINT('',(13.493789419304,-38.85979005505));
#8498 = CARTESIAN_POINT('',(13.622379698094,-38.71763914812));
#8499 = CARTESIAN_POINT('',(13.755686124368,-38.57997765139));
#8500 = CARTESIAN_POINT('',(13.893675214355,-38.44702650319));
#8501 = CARTESIAN_POINT('',(14.036281539377,-38.31899372972));
#8502 = CARTESIAN_POINT('',(14.183380690542,-38.19606892857));
#8503 = CARTESIAN_POINT('',(14.33480298552,-38.07842634295));
#8504 = CARTESIAN_POINT('',(14.490347183104,-37.96622793766));
#8505 = CARTESIAN_POINT('',(14.649794195104,-37.85962647442));
#8506 = CARTESIAN_POINT('',(14.812920798601,-37.75876858721));
#8507 = CARTESIAN_POINT('',(14.979513349974,-37.66379785831));
#8508 = CARTESIAN_POINT('',(15.149364260302,-37.57485154228));
#8509 = CARTESIAN_POINT('',(15.322268468356,-37.49205728917));
#8510 = CARTESIAN_POINT('',(15.498019914492,-37.41552986792));
#8511 = CARTESIAN_POINT('',(15.676408014176,-37.34536788962));
#8512 = CARTESIAN_POINT('',(15.857214131636,-37.28165053089));
#8513 = CARTESIAN_POINT('',(16.04021140432,-37.22444234406));
#8514 = CARTESIAN_POINT('',(16.225164567276,-37.1737980675));
#8515 = CARTESIAN_POINT('',(16.411829777687,-37.12976743562));
#8516 = CARTESIAN_POINT('',(16.599954438987,-37.09239998966));
#8517 = CARTESIAN_POINT('',(16.789277026043,-37.0617498862));
#8518 = CARTESIAN_POINT('',(16.97953460606,-37.03786402489));
#8519 = CARTESIAN_POINT('',(17.170470358738,-37.02077017804));
#8520 = CARTESIAN_POINT('',(17.361841096128,-37.01046512035));
#8521 = CARTESIAN_POINT('',(17.553424784011,-37.00690275641));
#8522 = CARTESIAN_POINT('',(17.745028058901,-37.00998225485));
#8523 = CARTESIAN_POINT('',(17.936471013103,-37.01957106576));
#8524 = CARTESIAN_POINT('',(18.127571984057,-37.03552793148));
#8525 = CARTESIAN_POINT('',(18.318132342496,-37.05772589921));
#8526 = CARTESIAN_POINT('',(18.507921280171,-37.08607533434));
#8527 = CARTESIAN_POINT('',(18.696660600286,-37.12054692931));
#8528 = CARTESIAN_POINT('',(18.884075987226,-37.16109649068));
#8529 = CARTESIAN_POINT('',(19.069948267882,-37.20758973619));
#8530 = CARTESIAN_POINT('',(19.254164684932,-37.25972707955));
#8531 = CARTESIAN_POINT('',(19.436770145184,-37.31696843947));
#8532 = CARTESIAN_POINT('',(19.618018534543,-37.37845798328));
#8533 = CARTESIAN_POINT('',(19.79831868045,-37.44306003026));
#8534 = CARTESIAN_POINT('',(19.978180253274,-37.50939504731));
#8535 = CARTESIAN_POINT('',(20.158159682722,-37.57587556283));
#8536 = CARTESIAN_POINT('',(20.338806086261,-37.64074222279));
#8537 = CARTESIAN_POINT('',(20.520607141659,-37.70209948809));
#8538 = CARTESIAN_POINT('',(20.703956898293,-37.75807008221));
#8539 = CARTESIAN_POINT('',(20.889123670528,-37.8069497288));
#8540 = CARTESIAN_POINT('',(21.076217866259,-37.84736189097));
#8541 = CARTESIAN_POINT('',(21.265159921071,-37.87841226011));
#8542 = CARTESIAN_POINT('',(21.455647969717,-37.89984404525));
#8543 = CARTESIAN_POINT('',(21.647227879452,-37.91186633768));
#8544 = CARTESIAN_POINT('',(21.83936353634,-37.91498165623));
#8545 = CARTESIAN_POINT('',(22.031507046947,-37.90981377601));
#8546 = CARTESIAN_POINT('',(22.223168954404,-37.89693548616));
#8547 = CARTESIAN_POINT('',(22.413988507459,-37.87669624366));
#8548 = CARTESIAN_POINT('',(22.603701989939,-37.84928204821));
#8549 = CARTESIAN_POINT('',(22.792110976792,-37.81477548762));
#8550 = CARTESIAN_POINT('',(22.9790506177,-37.77321571911));
#8551 = CARTESIAN_POINT('',(23.164357909176,-37.72465847752));
#8552 = CARTESIAN_POINT('',(23.347839971487,-37.66923607223));
#8553 = CARTESIAN_POINT('',(23.529282903147,-37.60713361639));
#8554 = CARTESIAN_POINT('',(23.708460636562,-37.53856525341));
#8555 = CARTESIAN_POINT('',(23.88514379301,-37.46375038519));
#8556 = CARTESIAN_POINT('',(24.059108538226,-37.38288989849));
#8557 = CARTESIAN_POINT('',(24.230145436799,-37.2961423953));
#8558 = CARTESIAN_POINT('',(24.398058296234,-37.20363523288));
#8559 = CARTESIAN_POINT('',(24.562663012142,-37.10547555982));
#8560 = CARTESIAN_POINT('',(24.723786413051,-37.0017613536));
#8561 = CARTESIAN_POINT('',(24.881265105393,-36.89259245738));
#8562 = CARTESIAN_POINT('',(25.03494431848,-36.77808161721));
#8563 = CARTESIAN_POINT('',(25.184667264701,-36.6583513261));
#8564 = CARTESIAN_POINT('',(25.330264499972,-36.5335306682));
#8565 = CARTESIAN_POINT('',(25.471543283548,-36.403752163));
#8566 = CARTESIAN_POINT('',(25.60827693925,-36.26914860955));
#8567 = CARTESIAN_POINT('',(25.740194212673,-36.12984993042));
#8568 = CARTESIAN_POINT('',(25.867004620722,-35.98598408635));
#8569 = CARTESIAN_POINT('',(25.988423805321,-35.83767799155));
#8570 = CARTESIAN_POINT('',(26.104198885149,-35.68505842867));
#8571 = CARTESIAN_POINT('',(26.214133809243,-35.52825296392));
#8572 = CARTESIAN_POINT('',(26.318114707628,-35.36739086222));
#8573 = CARTESIAN_POINT('',(26.416042320672,-35.20260943679));
#8574 = CARTESIAN_POINT('',(26.507764416217,-35.03406039902));
#8575 = CARTESIAN_POINT('',(26.593008235954,-34.86191620789));
#8576 = CARTESIAN_POINT('',(26.671312872053,-34.6863764204));
#8577 = CARTESIAN_POINT('',(26.741961829457,-34.50767403937));
#8578 = CARTESIAN_POINT('',(26.804169144454,-34.32607654632));
#8579 = CARTESIAN_POINT('',(26.857265386671,-34.14188694346));
#8580 = CARTESIAN_POINT('',(26.900883590093,-33.95544478182));
#8581 = CARTESIAN_POINT('',(26.935145478359,-33.76712721973));
#8582 = CARTESIAN_POINT('',(26.960846836125,-33.57735000135));
#8583 = CARTESIAN_POINT('',(26.979301668543,-33.38653789858));
#8584 = CARTESIAN_POINT('',(26.992187201201,-33.19509521659));
#8585 = CARTESIAN_POINT('',(27.001388607983,-33.00337630107));
#8586 = CARTESIAN_POINT('',(27.008843765519,-32.81165598623));
#8587 = CARTESIAN_POINT('',(27.016388243985,-32.62010022965));
#8588 = CARTESIAN_POINT('',(27.025701613236,-32.42880245822));
#8589 = CARTESIAN_POINT('',(27.038253438752,-32.2378197252));
#8590 = CARTESIAN_POINT('',(27.055249404504,-32.04720893279));
#8591 = CARTESIAN_POINT('',(27.077577354361,-31.85706303726));
#8592 = CARTESIAN_POINT('',(27.105753442317,-31.66754723304));
#8593 = CARTESIAN_POINT('',(27.14001129812,-31.47888034296));
#8594 = CARTESIAN_POINT('',(27.18039110702,-31.291316245));
#8595 = CARTESIAN_POINT('',(27.226828721472,-31.10512528537));
#8596 = CARTESIAN_POINT('',(27.279244756861,-30.92057569778));
#8597 = CARTESIAN_POINT('',(27.337633699769,-30.73791501896));
#8598 = CARTESIAN_POINT('',(27.402036829446,-30.55737533626));
#8599 = CARTESIAN_POINT('',(27.472515134157,-30.37917853625));
#8600 = CARTESIAN_POINT('',(27.549122228374,-30.20354155302));
#8601 = CARTESIAN_POINT('',(27.631877272063,-30.03068161619));
#8602 = CARTESIAN_POINT('',(27.720737882246,-29.8608215003));
#8603 = CARTESIAN_POINT('',(27.815613972885,-29.69418711971));
#8604 = CARTESIAN_POINT('',(27.916381602592,-29.53100512207));
#8605 = CARTESIAN_POINT('',(28.022896819653,-29.37150048222));
#8606 = CARTESIAN_POINT('',(28.135009507374,-29.215894096));
#8607 = CARTESIAN_POINT('',(28.252577231344,-29.06440037401));
#8608 = CARTESIAN_POINT('',(28.375460729461,-28.91722556378));
#8609 = CARTESIAN_POINT('',(28.503519399408,-28.77456607212));
#8610 = CARTESIAN_POINT('',(28.636606787066,-28.63660678729));
#8611 = CARTESIAN_POINT('',(28.774566074532,-28.5035194013));
#8612 = CARTESIAN_POINT('',(28.917225568268,-28.37546073209));
#8613 = CARTESIAN_POINT('',(29.064400377709,-28.25257723475));
#8614 = CARTESIAN_POINT('',(29.215894093853,-28.13500951297));
#8615 = CARTESIAN_POINT('',(29.371500467846,-28.02289682995));
#8616 = CARTESIAN_POINT('',(29.531005089503,-27.91638162036));
#8617 = CARTESIAN_POINT('',(29.694187065929,-27.81561399966));
#8618 = CARTESIAN_POINT('',(29.86082142662,-27.72073791752));
#8619 = CARTESIAN_POINT('',(30.03068152856,-27.63187731309));
#8620 = CARTESIAN_POINT('',(30.20354146111,-27.54912227057));
#8621 = CARTESIAN_POINT('',(30.37917845145,-27.47251517217));
#8622 = CARTESIAN_POINT('',(30.557375268519,-27.40203685887));
#8623 = CARTESIAN_POINT('',(30.73791497462,-27.33763371819));
#8624 = CARTESIAN_POINT('',(30.920575678471,-27.27924476434));
#8625 = CARTESIAN_POINT('',(31.105125287822,-27.22682872035));
#8626 = CARTESIAN_POINT('',(31.291316261973,-27.18039110113));
#8627 = CARTESIAN_POINT('',(31.478880365089,-27.14001129133));
#8628 = CARTESIAN_POINT('',(31.667547250486,-27.10575343758));
#8629 = CARTESIAN_POINT('',(31.857063041019,-27.07757735316));
#8630 = CARTESIAN_POINT('',(32.047208915802,-27.0552494068));
#8631 = CARTESIAN_POINT('',(32.237819683142,-27.03825344334));
#8632 = CARTESIAN_POINT('',(32.428802390053,-27.02570161858));
#8633 = CARTESIAN_POINT('',(32.62010013764,-27.01638824885));
#8634 = CARTESIAN_POINT('',(32.811655875468,-27.00884376936));
#8635 = CARTESIAN_POINT('',(33.00337617847,-27.00138861114));
#8636 = CARTESIAN_POINT('',(33.1950950894,-26.99218720488));
#8637 = CARTESIAN_POINT('',(33.386537772354,-26.97930167456));
#8638 = CARTESIAN_POINT('',(33.577349878871,-26.96084684671));
#8639 = CARTESIAN_POINT('',(33.767127100767,-26.93514549578));
#8640 = CARTESIAN_POINT('',(33.955444663786,-26.90088361628));
#8641 = CARTESIAN_POINT('',(34.141886822897,-26.85726542275));
#8642 = CARTESIAN_POINT('',(34.326076421329,-26.80416919011));
#8643 = CARTESIAN_POINT('',(34.507673910906,-26.74196188259));
#8644 = CARTESIAN_POINT('',(34.686376292568,-26.67131292898));
#8645 = CARTESIAN_POINT('',(34.861916087179,-26.59300829207));
#8646 = CARTESIAN_POINT('',(35.034060292477,-26.50776446707));
#8647 = CARTESIAN_POINT('',(35.202609349157,-26.41604236364));
#8648 = CARTESIAN_POINT('',(35.367390794251,-26.31811474292));
#8649 = CARTESIAN_POINT('',(35.528252911901,-26.21413384007));
#8650 = CARTESIAN_POINT('',(35.685058385092,-26.10419891715));
#8651 = CARTESIAN_POINT('',(35.837677947036,-25.98842384515));
#8652 = CARTESIAN_POINT('',(35.985984032702,-25.86700467387));
#8653 = CARTESIAN_POINT('',(36.129849862622,-25.74019428213));
#8654 = CARTESIAN_POINT('',(36.269148526706,-25.60827702497));
#8655 = CARTESIAN_POINT('',(36.403752068124,-25.47154338274));
#8656 = CARTESIAN_POINT('',(36.533530567014,-25.33026460828));
#8657 = CARTESIAN_POINT('',(36.658351224642,-25.18466737819));
#8658 = CARTESIAN_POINT('',(36.778081520284,-25.03494443483));
#8659 = CARTESIAN_POINT('',(36.892592367662,-24.8812652243));
#8660 = CARTESIAN_POINT('',(37.001761271548,-24.72378653585));
#8661 = CARTESIAN_POINT('',(37.105475484299,-24.56266314054));
#8662 = CARTESIAN_POINT('',(37.203635162485,-24.39805843031));
#8663 = CARTESIAN_POINT('',(37.296142329283,-24.23014557396));
#8664 = CARTESIAN_POINT('',(37.382889837146,-24.05910867316));
#8665 = CARTESIAN_POINT('',(37.46375032985,-23.88514391862));
#8666 = CARTESIAN_POINT('',(37.538565205919,-23.70846074591));
#8667 = CARTESIAN_POINT('',(37.607133578165,-23.52928299237));
#8668 = CARTESIAN_POINT('',(37.669236043665,-23.3478400414));
#8669 = CARTESIAN_POINT('',(37.724658457769,-23.16435796554));
#8670 = CARTESIAN_POINT('',(37.773215706225,-22.9790506702));
#8671 = CARTESIAN_POINT('',(37.814775479041,-22.79211103665));
#8672 = CARTESIAN_POINT('',(37.849282041612,-22.60370206624));
#8673 = CARTESIAN_POINT('',(37.8766962375,-22.41398860486));
#8674 = CARTESIAN_POINT('',(37.896935479957,-22.2231690723));
#8675 = CARTESIAN_POINT('',(37.909813770364,-22.03150717995));
#8676 = CARTESIAN_POINT('',(37.914981652563,-21.83936367623));
#8677 = CARTESIAN_POINT('',(37.911866337759,-21.64722801847));
#8678 = CARTESIAN_POINT('',(37.899844050909,-21.45564810267));
#8679 = CARTESIAN_POINT('',(37.878412272916,-21.26516004626));
#8680 = CARTESIAN_POINT('',(37.847361911949,-21.07621798533));
#8681 = CARTESIAN_POINT('',(37.806949758223,-20.8891237871));
#8682 = CARTESIAN_POINT('',(37.758070119306,-20.70395701549));
#8683 = CARTESIAN_POINT('',(37.702099530829,-20.52060726058));
#8684 = CARTESIAN_POINT('',(37.640742268074,-20.33880620517));
#8685 = CARTESIAN_POINT('',(37.57587560683,-20.1581597972));
#8686 = CARTESIAN_POINT('',(37.509395086155,-19.97818035708));
#8687 = CARTESIAN_POINT('',(37.443060060975,-19.79831876733));
#8688 = CARTESIAN_POINT('',(37.378458004431,-19.61801859958));
#8689 = CARTESIAN_POINT('',(37.316968451326,-19.43677018581));
#8690 = CARTESIAN_POINT('',(37.259727083934,-19.25416470151));
#8691 = CARTESIAN_POINT('',(37.207589735858,-19.06994826395));
#8692 = CARTESIAN_POINT('',(37.161096488382,-18.8840759693));
#8693 = CARTESIAN_POINT('',(37.120546927114,-18.69666057724));
#8694 = CARTESIAN_POINT('',(37.086075333289,-18.50792126224));
#8695 = CARTESIAN_POINT('',(37.057725899311,-18.3181323398));
#8696 = CARTESIAN_POINT('',(37.035527931962,-18.12757200476));
#8697 = CARTESIAN_POINT('',(37.019571065707,-17.93647106112));
#8698 = CARTESIAN_POINT('',(37.009982253594,-17.74502813275));
#8699 = CARTESIAN_POINT('',(37.006902753738,-17.5534248769));
#8700 = CARTESIAN_POINT('',(37.010465116539,-17.36184119719));
#8701 = CARTESIAN_POINT('',(37.020770173672,-17.1704704554));
#8702 = CARTESIAN_POINT('',(37.037864020494,-16.97953468763));
#8703 = CARTESIAN_POINT('',(37.061749882049,-16.78927708598));
#8704 = CARTESIAN_POINT('',(37.092399985716,-16.59995447587));
#8705 = CARTESIAN_POINT('',(37.129767431602,-16.41182979491));
#8706 = CARTESIAN_POINT('',(37.173798063146,-16.2251645714));
#8707 = CARTESIAN_POINT('',(37.224442339492,-16.04021140221));
#8708 = CARTESIAN_POINT('',(37.281650526753,-15.8572141285));
#8709 = CARTESIAN_POINT('',(37.345367886947,-15.67640801267));
#8710 = CARTESIAN_POINT('',(37.415529867797,-15.49801991479));
#8711 = CARTESIAN_POINT('',(37.492057292131,-15.32226846918));
#8712 = CARTESIAN_POINT('',(37.574851547432,-15.14936426101));
#8713 = CARTESIAN_POINT('',(37.663797863034,-14.97951335171));
#8714 = CARTESIAN_POINT('',(37.758768587378,-14.8129208046));
#8715 = CARTESIAN_POINT('',(37.85962646509,-14.64979421012));
#8716 = CARTESIAN_POINT('',(37.966227914372,-14.49034721198));
#8717 = CARTESIAN_POINT('',(38.078426303507,-14.33480303084));
#8718 = CARTESIAN_POINT('',(38.196068874002,-14.18338075133));
#8719 = CARTESIAN_POINT('',(38.318993664467,-14.03628161081));
#8720 = CARTESIAN_POINT('',(38.447026434423,-13.89367528851));
#8721 = CARTESIAN_POINT('',(38.579977587592,-13.75568619194));
#8722 = CARTESIAN_POINT('',(38.717639096797,-13.6223797512));
#8723 = CARTESIAN_POINT('',(38.859790021139,-13.4937894533));
#8724 = CARTESIAN_POINT('',(39.00620202155,-13.3699438688));
#8725 = CARTESIAN_POINT('',(39.15664487674,-13.25089368063));
#8726 = CARTESIAN_POINT('',(39.310891999382,-13.13673871363));
#8727 = CARTESIAN_POINT('',(39.468725951074,-13.02765495906));
#8728 = CARTESIAN_POINT('',(39.629921511896,-12.92380513787));
#8729 = CARTESIAN_POINT('',(39.794228751162,-12.82524927697));
#8730 = CARTESIAN_POINT('',(39.961356097912,-12.73185526831));
#8731 = CARTESIAN_POINT('',(40.1309534109,-12.64320946285));
#8732 = CARTESIAN_POINT('',(40.302595049497,-12.55852717106));
#8733 = CARTESIAN_POINT('',(40.475767050812,-12.47671626073));
#8734 = CARTESIAN_POINT('',(40.649854329021,-12.3964408633));
#8735 = CARTESIAN_POINT('',(40.824127827397,-12.31618501161));
#8736 = CARTESIAN_POINT('',(40.997731779468,-12.2343163698));
#8737 = CARTESIAN_POINT('',(41.16967067693,-12.14914974906));
#8738 = CARTESIAN_POINT('',(41.338895719829,-12.05907907947));
#8739 = CARTESIAN_POINT('',(41.504391529687,-11.96270952873));
#8740 = CARTESIAN_POINT('',(41.665262818125,-11.85898966813));
#8741 = CARTESIAN_POINT('',(41.82082095291,-11.7473433865));
#8742 = CARTESIAN_POINT('',(41.970670904447,-11.62780255617));
#8743 = CARTESIAN_POINT('',(42.114639402262,-11.50083614736));
#8744 = CARTESIAN_POINT('',(42.252702691034,-11.36717858434));
#8745 = CARTESIAN_POINT('',(42.384914427194,-11.22765836188));
#8746 = CARTESIAN_POINT('',(42.511333535571,-11.08302660134));
#8747 = CARTESIAN_POINT('',(42.631952029898,-10.93378549577));
#8748 = CARTESIAN_POINT('',(42.746714956338,-10.78025304232));
#8749 = CARTESIAN_POINT('',(42.85554040559,-10.62262794709));
#8750 = CARTESIAN_POINT('',(42.958339499214,-10.4610544652));
#8751 = CARTESIAN_POINT('',(43.055036386817,-10.29568726799));
#8752 = CARTESIAN_POINT('',(43.145588238693,-10.12675629889));
#8753 = CARTESIAN_POINT('',(43.229974698414,-9.954543703869));
#8754 = CARTESIAN_POINT('',(43.308187334308,-9.779360759092));
#8755 = CARTESIAN_POINT('',(43.380219091702,-9.601524800396));
#8756 = CARTESIAN_POINT('',(43.446053744256,-9.421336150894));
#8757 = CARTESIAN_POINT('',(43.505655347316,-9.239055052328));
#8758 = CARTESIAN_POINT('',(43.558975227012,-9.054910288914));
#8759 = CARTESIAN_POINT('',(43.60595896739,-8.869107807622));
#8760 = CARTESIAN_POINT('',(43.646553398253,-8.681839339701));
#8761 = CARTESIAN_POINT('',(43.680713582693,-8.493291021644));
#8762 = CARTESIAN_POINT('',(43.708409804794,-8.303652016342));
#8763 = CARTESIAN_POINT('',(43.729617814604,-8.113119805009));
#8764 = CARTESIAN_POINT('',(43.744309073356,-7.921905478997));
#8765 = CARTESIAN_POINT('',(43.752440998176,-7.730239032009));
#8766 = CARTESIAN_POINT('',(43.753947207928,-7.538374651437));
#8767 = CARTESIAN_POINT('',(43.748727765895,-7.346596012216));
#8768 = CARTESIAN_POINT('',(43.736667751433,-7.15519899884));
#8769 = CARTESIAN_POINT('',(43.717655834901,-6.964474424716));
#8770 = CARTESIAN_POINT('',(43.691602851082,-6.774690752821));
#8771 = CARTESIAN_POINT('',(43.65846037395,-6.586076815057));
#8772 = CARTESIAN_POINT('',(43.61823928936,-6.398804533745));
#8773 = CARTESIAN_POINT('',(43.570966505277,-6.213041191163));
#8774 = CARTESIAN_POINT('',(43.516641653452,-6.029001707849));
#8775 = CARTESIAN_POINT('',(43.455193811553,-5.847000899967));
#8776 = CARTESIAN_POINT('',(43.386438176634,-5.667505786679));
#8777 = CARTESIAN_POINT('',(43.310032868059,-5.491187764376));
#8778 = CARTESIAN_POINT('',(43.225611263552,-5.318791731321));
#8779 = CARTESIAN_POINT('',(43.13291425927,-5.151005301186));
#8780 = CARTESIAN_POINT('',(43.031922469901,-4.988328056972));
#8781 = CARTESIAN_POINT('',(42.922988658253,-4.830940618267));
#8782 = CARTESIAN_POINT('',(42.806969504585,-4.678574255874));
#8783 = CARTESIAN_POINT('',(42.685094509933,-4.530600186926));
#8784 = CARTESIAN_POINT('',(42.558835538813,-4.386118320762));
#8785 = CARTESIAN_POINT('',(42.429776170697,-4.244046198381));
#8786 = CARTESIAN_POINT('',(42.299481028436,-4.103207871223));
#8787 = CARTESIAN_POINT('',(42.169365405866,-3.962422744887));
#8788 = CARTESIAN_POINT('',(42.040683001016,-3.820569246931));
#8789 = CARTESIAN_POINT('',(41.914513296346,-3.676648580384));
#8790 = CARTESIAN_POINT('',(41.791749075102,-3.529848433866));
#8791 = CARTESIAN_POINT('',(41.673083867712,-3.379606736966));
#8792 = CARTESIAN_POINT('',(41.55899946027,-3.225675323798));
#8793 = CARTESIAN_POINT('',(41.449815785051,-3.068043724285));
#8794 = CARTESIAN_POINT('',(41.345740776174,-2.906863042019));
#8795 = CARTESIAN_POINT('',(41.246920238102,-2.742369799787));
#8796 = CARTESIAN_POINT('',(41.15348770732,-2.574809800876));
#8797 = CARTESIAN_POINT('',(41.065614320141,-2.404361978745));
#8798 = CARTESIAN_POINT('',(40.983493375959,-2.231161255115));
#8799 = CARTESIAN_POINT('',(40.907324897473,-2.055321402251));
#8800 = CARTESIAN_POINT('',(40.837300191413,-1.876957904572));
#8801 = CARTESIAN_POINT('',(40.773586410456,-1.696210818473));
#8802 = CARTESIAN_POINT('',(40.716311110696,-1.513267638633));
#8803 = CARTESIAN_POINT('',(40.66557033727,-1.328351811081));
#8804 = CARTESIAN_POINT('',(40.621436714457,-1.141711239689));
#8805 = CARTESIAN_POINT('',(40.583967534269,-0.953606794935));
#8806 = CARTESIAN_POINT('',(40.553212845124,-0.764300822299));
#8807 = CARTESIAN_POINT('',(40.529223541866,-0.574045649304));
#8808 = CARTESIAN_POINT('',(40.512046990352,-0.38308558816));
#8809 = CARTESIAN_POINT('',(40.501722650304,-0.191658940295));
#8810 = CARTESIAN_POINT('',(40.498277698778,-1.641931035579E-10));
#8811 = CARTESIAN_POINT('',(40.501722653347,0.191658940653));
#8812 = CARTESIAN_POINT('',(40.512046995374,0.383085589467));
#8813 = CARTESIAN_POINT('',(40.529223546889,0.574045649503));
#8814 = CARTESIAN_POINT('',(40.553212847564,0.764300816814));
#8815 = CARTESIAN_POINT('',(40.583967531393,0.953606777481));
#8816 = CARTESIAN_POINT('',(40.621436703992,1.141711204094));
#8817 = CARTESIAN_POINT('',(40.66557031817,1.328351754114));
#8818 = CARTESIAN_POINT('',(40.716311083543,1.513267561589));
#8819 = CARTESIAN_POINT('',(40.773586377501,1.696210727498));
#8820 = CARTESIAN_POINT('',(40.837300156258,1.876957809741));
#8821 = CARTESIAN_POINT('',(40.907324864392,2.055321315397));
#8822 = CARTESIAN_POINT('',(40.983493348861,2.231161186395));
#8823 = CARTESIAN_POINT('',(41.065614301816,2.404361934355));
#8824 = CARTESIAN_POINT('',(41.153487698952,2.57480978192));
#8825 = CARTESIAN_POINT('',(41.246920239044,2.742369802307));
#8826 = CARTESIAN_POINT('',(41.345740784006,2.906863058185));
#8827 = CARTESIAN_POINT('',(41.449815795897,3.068043744736));
#8828 = CARTESIAN_POINT('',(41.558999469249,3.225675339483));
#8829 = CARTESIAN_POINT('',(41.67308386952,3.379606740467));
#8830 = CARTESIAN_POINT('',(41.791749064711,3.529848420218));
#8831 = CARTESIAN_POINT('',(41.914513269849,3.676648547384));
#8832 = CARTESIAN_POINT('',(42.040682956591,3.820569194933));
#8833 = CARTESIAN_POINT('',(42.16936534424,3.962422676372));
#8834 = CARTESIAN_POINT('',(42.299480952826,4.103207790176));
#8835 = CARTESIAN_POINT('',(42.429776086242,4.24404610945));
#8836 = CARTESIAN_POINT('',(42.558835451477,4.38611822822));
#8837 = CARTESIAN_POINT('',(42.685094424941,4.530600093409));
#8838 = CARTESIAN_POINT('',(42.80696942547,4.678574161782));
#8839 = CARTESIAN_POINT('',(42.92298858646,4.830940521824));
#8840 = CARTESIAN_POINT('',(43.031922404952,4.988327954982));
#8841 = CARTESIAN_POINT('',(43.132914199527,5.151005190416));
#8842 = CARTESIAN_POINT('',(43.225611207441,5.31879161065));
#8843 = CARTESIAN_POINT('',(43.310032814781,5.491187635962));
#8844 = CARTESIAN_POINT('',(43.386438126493,5.667505656028));
#8845 = CARTESIAN_POINT('',(43.455193765875,5.847000774925));
#8846 = CARTESIAN_POINT('',(43.516641614073,6.029001596547));
#8847 = CARTESIAN_POINT('',(43.570966473696,6.213041098808));
#8848 = CARTESIAN_POINT('',(43.618239266258,6.398804460724));
#8849 = CARTESIAN_POINT('',(43.658460358969,6.586076756465));
#8850 = CARTESIAN_POINT('',(43.691602842898,6.774690699375));
#8851 = CARTESIAN_POINT('',(43.717655831582,6.964474365072));
#8852 = CARTESIAN_POINT('',(43.736667751075,7.155198923311));
#8853 = CARTESIAN_POINT('',(43.74872776707,7.346595915151));
#8854 = CARTESIAN_POINT('',(43.753947209957,7.538374532233));
#8855 = CARTESIAN_POINT('',(43.752441001233,7.730238894776));
#8856 = CARTESIAN_POINT('',(43.744309078392,7.921905330851));
#8857 = CARTESIAN_POINT('',(43.729617823108,8.113119653014));
#8858 = CARTESIAN_POINT('',(43.70840981852,8.303651865526));
#8859 = CARTESIAN_POINT('',(43.680713603334,8.493290874114));
#8860 = CARTESIAN_POINT('',(43.646553427066,8.681839194848));
#8861 = CARTESIAN_POINT('',(43.605959004778,8.869107663422));
#8862 = CARTESIAN_POINT('',(43.558975272046,9.054910144323));
#8863 = CARTESIAN_POINT('',(43.505655397626,9.239054908646));
#8864 = CARTESIAN_POINT('',(43.446053796297,9.421336012096));
#8865 = CARTESIAN_POINT('',(43.380219141394,9.601524672439));
#8866 = CARTESIAN_POINT('',(43.308187378049,9.779360648186));
#8867 = CARTESIAN_POINT('',(43.229974734473,9.954543613743));
#8868 = CARTESIAN_POINT('',(43.145588267926,10.126756229256));
#8869 = CARTESIAN_POINT('',(43.055036412708,10.295687214162));
#8870 = CARTESIAN_POINT('',(42.958339527228,10.46105441896));
#8871 = CARTESIAN_POINT('',(42.855540441853,10.622627898699));
#8872 = CARTESIAN_POINT('',(42.746715005625,10.780252983706));
#8873 = CARTESIAN_POINT('',(42.631952094418,10.933785422538));
#8874 = CARTESIAN_POINT('',(42.511333614546,11.083026513586));
#8875 = CARTESIAN_POINT('',(42.384914517246,11.22765826384));
#8876 = CARTESIAN_POINT('',(42.252702787355,11.367178482828));
#8877 = CARTESIAN_POINT('',(42.114639500625,11.500836049111));
#8878 = CARTESIAN_POINT('',(41.970671002464,11.627802466158));
#8879 = CARTESIAN_POINT('',(41.820821050493,11.747343307024));
#8880 = CARTESIAN_POINT('',(41.66526291716,11.858989598762));
#8881 = CARTESIAN_POINT('',(41.504391632925,11.962709467113));
#8882 = CARTESIAN_POINT('',(41.338895828934,12.059079022825));
#8883 = CARTESIAN_POINT('',(41.169670791243,12.149149695197));
#8884 = CARTESIAN_POINT('',(40.997731895572,12.23431631773));
#8885 = CARTESIAN_POINT('',(40.824127939455,12.316184961768));
#8886 = CARTESIAN_POINT('',(40.649854429889,12.396440817361));
#8887 = CARTESIAN_POINT('',(40.475767133964,12.476716221016));
#8888 = CARTESIAN_POINT('',(40.302595110438,12.558527140021));
#8889 = CARTESIAN_POINT('',(40.130953448008,12.643209442506));
#8890 = CARTESIAN_POINT('',(39.961356112735,12.731855259685));
#8891 = CARTESIAN_POINT('',(39.794228748152,12.825249279513));
#8892 = CARTESIAN_POINT('',(39.629921497597,12.923805148928));
#8893 = CARTESIAN_POINT('',(39.468725933227,13.027654973803));
#8894 = CARTESIAN_POINT('',(39.31089198596,13.136738725566));
#8895 = CARTESIAN_POINT('',(39.156644874905,13.250893682605));
#8896 = CARTESIAN_POINT('',(39.006202036536,13.369943854495));
#8897 = CARTESIAN_POINT('',(38.859790055055,13.493789419306));
#8898 = CARTESIAN_POINT('',(38.717639148128,13.622379698096));
#8899 = CARTESIAN_POINT('',(38.579977651392,13.755686124369));
#8900 = CARTESIAN_POINT('',(38.447026503192,13.893675214354));
#8901 = CARTESIAN_POINT('',(38.31899372973,14.036281539373));
#8902 = CARTESIAN_POINT('',(38.196068928574,14.183380690537));
#8903 = CARTESIAN_POINT('',(38.078426342956,14.334802985515));
#8904 = CARTESIAN_POINT('',(37.966227937665,14.4903471831));
#8905 = CARTESIAN_POINT('',(37.859626474426,14.649794195103));
#8906 = CARTESIAN_POINT('',(37.75876858722,14.812920798602));
#8907 = CARTESIAN_POINT('',(37.663797858313,14.979513349977));
#8908 = CARTESIAN_POINT('',(37.574851542288,15.149364260305));
#8909 = CARTESIAN_POINT('',(37.492057289179,15.322268468357));
#8910 = CARTESIAN_POINT('',(37.415529867922,15.498019914491));
#8911 = CARTESIAN_POINT('',(37.345367889624,15.676408014172));
#8912 = CARTESIAN_POINT('',(37.281650530896,15.857214131632));
#8913 = CARTESIAN_POINT('',(37.22444234406,16.040211404316));
#8914 = CARTESIAN_POINT('',(37.173798067501,16.225164567273));
#8915 = CARTESIAN_POINT('',(37.129767435623,16.411829777686));
#8916 = CARTESIAN_POINT('',(37.092399989668,16.599954438986));
#8917 = CARTESIAN_POINT('',(37.061749886203,16.789277026043));
#8918 = CARTESIAN_POINT('',(37.037864024892,16.97953460606));
#8919 = CARTESIAN_POINT('',(37.02077017804,17.170470358737));
#8920 = CARTESIAN_POINT('',(37.01046512035,17.361841096126));
#8921 = CARTESIAN_POINT('',(37.006902756412,17.553424784009));
#8922 = CARTESIAN_POINT('',(37.009982254856,17.745028058899));
#8923 = CARTESIAN_POINT('',(37.019571065763,17.936471013101));
#8924 = CARTESIAN_POINT('',(37.035527931484,18.127571984056));
#8925 = CARTESIAN_POINT('',(37.057725899217,18.318132342495));
#8926 = CARTESIAN_POINT('',(37.08607533434,18.507921280169));
#8927 = CARTESIAN_POINT('',(37.120546929311,18.696660600284));
#8928 = CARTESIAN_POINT('',(37.16109649068,18.884075987224));
#8929 = CARTESIAN_POINT('',(37.20758973619,19.069948267879));
#8930 = CARTESIAN_POINT('',(37.259727079557,19.254164684931));
#8931 = CARTESIAN_POINT('',(37.316968439472,19.436770145185));
#8932 = CARTESIAN_POINT('',(37.378457983285,19.618018534544));
#8933 = CARTESIAN_POINT('',(37.44306003026,19.798318680452));
#8934 = CARTESIAN_POINT('',(37.509395047316,19.978180253274));
#8935 = CARTESIAN_POINT('',(37.575875562836,20.15815968272));
#8936 = CARTESIAN_POINT('',(37.6407422228,20.338806086258));
#8937 = CARTESIAN_POINT('',(37.702099488092,20.520607141657));
#8938 = CARTESIAN_POINT('',(37.758070082219,20.70395689829));
#8939 = CARTESIAN_POINT('',(37.8069497288,20.889123670525));
#8940 = CARTESIAN_POINT('',(37.847361890974,21.076217866257));
#8941 = CARTESIAN_POINT('',(37.878412260112,21.26515992107));
#8942 = CARTESIAN_POINT('',(37.899844045251,21.455647969717));
#8943 = CARTESIAN_POINT('',(37.911866337682,21.647227879452));
#8944 = CARTESIAN_POINT('',(37.914981656239,21.83936353634));
#8945 = CARTESIAN_POINT('',(37.909813776015,22.031507046946));
#8946 = CARTESIAN_POINT('',(37.896935486168,22.223168954401));
#8947 = CARTESIAN_POINT('',(37.876696243662,22.413988507455));
#8948 = CARTESIAN_POINT('',(37.84928204821,22.603701989936));
#8949 = CARTESIAN_POINT('',(37.814775487621,22.79211097679));
#8950 = CARTESIAN_POINT('',(37.773215719117,22.979050617699));
#8951 = CARTESIAN_POINT('',(37.724658477529,23.164357909175));
#8952 = CARTESIAN_POINT('',(37.669236072239,23.347839971487));
#8953 = CARTESIAN_POINT('',(37.607133616397,23.529282903148));
#8954 = CARTESIAN_POINT('',(37.538565253411,23.708460636562));
#8955 = CARTESIAN_POINT('',(37.463750385192,23.885143793008));
#8956 = CARTESIAN_POINT('',(37.382889898492,24.059108538223));
#8957 = CARTESIAN_POINT('',(37.296142395305,24.230145436794));
#8958 = CARTESIAN_POINT('',(37.203635232881,24.398058296229));
#8959 = CARTESIAN_POINT('',(37.105475559826,24.562663012139));
#8960 = CARTESIAN_POINT('',(37.001761353601,24.72378641305));
#8961 = CARTESIAN_POINT('',(36.892592457387,24.881265105394));
#8962 = CARTESIAN_POINT('',(36.778081617222,25.034944318482));
#8963 = CARTESIAN_POINT('',(36.658351326106,25.184667264703));
#8964 = CARTESIAN_POINT('',(36.53353066821,25.330264499973));
#8965 = CARTESIAN_POINT('',(36.403752163002,25.471543283547));
#8966 = CARTESIAN_POINT('',(36.269148609558,25.608276939247));
#8967 = CARTESIAN_POINT('',(36.129849930422,25.74019421267));
#8968 = CARTESIAN_POINT('',(35.985984086357,25.867004620719));
#8969 = CARTESIAN_POINT('',(35.837677991554,25.98842380532));
#8970 = CARTESIAN_POINT('',(35.685058428672,26.104198885148));
#8971 = CARTESIAN_POINT('',(35.52825296393,26.214133809242));
#8972 = CARTESIAN_POINT('',(35.367390862227,26.318114707627));
#8973 = CARTESIAN_POINT('',(35.2026094368,26.416042320671));
#8974 = CARTESIAN_POINT('',(35.034060399029,26.507764416215));
#8975 = CARTESIAN_POINT('',(34.861916207896,26.593008235954));
#8976 = CARTESIAN_POINT('',(34.686376420402,26.671312872053));
#8977 = CARTESIAN_POINT('',(34.507674039373,26.741961829457));
#8978 = CARTESIAN_POINT('',(34.326076546324,26.804169144455));
#8979 = CARTESIAN_POINT('',(34.141886943463,26.857265386671));
#8980 = CARTESIAN_POINT('',(33.95544478183,26.900883590093));
#8981 = CARTESIAN_POINT('',(33.767127219733,26.935145478358));
#8982 = CARTESIAN_POINT('',(33.577350001354,26.960846836125));
#8983 = CARTESIAN_POINT('',(33.386537898585,26.979301668543));
#8984 = CARTESIAN_POINT('',(33.195095216596,26.992187201201));
#8985 = CARTESIAN_POINT('',(33.003376301072,27.001388607983));
#8986 = CARTESIAN_POINT('',(32.811655986239,27.008843765518));
#8987 = CARTESIAN_POINT('',(32.620100229659,27.016388243983));
#8988 = CARTESIAN_POINT('',(32.428802458231,27.025701613234));
#8989 = CARTESIAN_POINT('',(32.23781972521,27.038253438751));
#8990 = CARTESIAN_POINT('',(32.0472089328,27.055249404504));
#8991 = CARTESIAN_POINT('',(31.857063037268,27.077577354362));
#8992 = CARTESIAN_POINT('',(31.667547233049,27.105753442319));
#8993 = CARTESIAN_POINT('',(31.478880342962,27.140011298122));
#8994 = CARTESIAN_POINT('',(31.291316245007,27.18039110702));
#8995 = CARTESIAN_POINT('',(31.105125285374,27.226828721472));
#8996 = CARTESIAN_POINT('',(30.92057569779,27.27924475686));
#8997 = CARTESIAN_POINT('',(30.737915018961,27.337633699768));
#8998 = CARTESIAN_POINT('',(30.557375336268,27.402036829446));
#8999 = CARTESIAN_POINT('',(30.379178536255,27.472515134157));
#9000 = CARTESIAN_POINT('',(30.203541553024,27.549122228374));
#9001 = CARTESIAN_POINT('',(30.030681616194,27.631877272062));
#9002 = CARTESIAN_POINT('',(29.860821500302,27.720737882244));
#9003 = CARTESIAN_POINT('',(29.694187119719,27.815613972883));
#9004 = CARTESIAN_POINT('',(29.531005122074,27.916381602591));
#9005 = CARTESIAN_POINT('',(29.371500482221,28.022896819652));
#9006 = CARTESIAN_POINT('',(29.215894096004,28.135009507374));
#9007 = CARTESIAN_POINT('',(29.064400374013,28.252577231344));
#9008 = CARTESIAN_POINT('',(28.91722556379,28.375460729462));
#9009 = CARTESIAN_POINT('',(28.774566072125,28.503519399407));
#9010 = CARTESIAN_POINT('',(28.636606787299,28.636606787065));
#9011 = CARTESIAN_POINT('',(28.503519401308,28.774566074529));
#9012 = CARTESIAN_POINT('',(28.375460732091,28.917225568265));
#9013 = CARTESIAN_POINT('',(28.252577234757,29.064400377705));
#9014 = CARTESIAN_POINT('',(28.135009512979,29.21589409385));
#9015 = CARTESIAN_POINT('',(28.02289682996,29.371500467844));
#9016 = CARTESIAN_POINT('',(27.916381620362,29.531005089503));
#9017 = CARTESIAN_POINT('',(27.815613999662,29.69418706593));
#9018 = CARTESIAN_POINT('',(27.720737917526,29.860821426621));
#9019 = CARTESIAN_POINT('',(27.631877313091,30.03068152856));
#9020 = CARTESIAN_POINT('',(27.549122270572,30.203541461108));
#9021 = CARTESIAN_POINT('',(27.472515172178,30.379178451447));
#9022 = CARTESIAN_POINT('',(27.402036858872,30.557375268515));
#9023 = CARTESIAN_POINT('',(27.337633718195,30.737914974616));
#9024 = CARTESIAN_POINT('',(27.279244764344,30.920575678468));
#9025 = CARTESIAN_POINT('',(27.226828720356,31.105125287821));
#9026 = CARTESIAN_POINT('',(27.18039110113,31.291316261973));
#9027 = CARTESIAN_POINT('',(27.140011291334,31.478880365089));
#9028 = CARTESIAN_POINT('',(27.105753437582,31.667547250486));
#9029 = CARTESIAN_POINT('',(27.077577353167,31.857063041019));
#9030 = CARTESIAN_POINT('',(27.055249406807,32.0472089158));
#9031 = CARTESIAN_POINT('',(27.038253443348,32.237819683139));
#9032 = CARTESIAN_POINT('',(27.02570161859,32.42880239005));
#9033 = CARTESIAN_POINT('',(27.016388248856,32.620100137637));
#9034 = CARTESIAN_POINT('',(27.008843769365,32.811655875466));
#9035 = CARTESIAN_POINT('',(27.001388611149,33.003376178469));
#9036 = CARTESIAN_POINT('',(26.99218720488,33.1950950894));
#9037 = CARTESIAN_POINT('',(26.979301674567,33.386537772354));
#9038 = CARTESIAN_POINT('',(26.960846846711,33.577349878871));
#9039 = CARTESIAN_POINT('',(26.935145495786,33.767127100767));
#9040 = CARTESIAN_POINT('',(26.900883616285,33.955444663785));
#9041 = CARTESIAN_POINT('',(26.857265422755,34.141886822894));
#9042 = CARTESIAN_POINT('',(26.80416919011,34.326076421324));
#9043 = CARTESIAN_POINT('',(26.741961882591,34.507673910901));
#9044 = CARTESIAN_POINT('',(26.671312928985,34.686376292564));
#9045 = CARTESIAN_POINT('',(26.593008292074,34.861916087177));
#9046 = CARTESIAN_POINT('',(26.507764467072,35.034060292478));
#9047 = CARTESIAN_POINT('',(26.416042363642,35.202609349159));
#9048 = CARTESIAN_POINT('',(26.318114742922,35.367390794253));
#9049 = CARTESIAN_POINT('',(26.214133840079,35.528252911902));
#9050 = CARTESIAN_POINT('',(26.104198917154,35.685058385091));
#9051 = CARTESIAN_POINT('',(25.988423845151,35.837677947032));
#9052 = CARTESIAN_POINT('',(25.867004673879,35.985984032697));
#9053 = CARTESIAN_POINT('',(25.740194282141,36.129849862617));
#9054 = CARTESIAN_POINT('',(25.608277024974,36.269148526703));
#9055 = CARTESIAN_POINT('',(25.471543382749,36.403752068123));
#9056 = CARTESIAN_POINT('',(25.330264608289,36.533530567015));
#9057 = CARTESIAN_POINT('',(25.184667378192,36.658351224644));
#9058 = CARTESIAN_POINT('',(25.03494443483,36.778081520286));
#9059 = CARTESIAN_POINT('',(24.881265224309,36.892592367663));
#9060 = CARTESIAN_POINT('',(24.723786535852,37.001761271547));
#9061 = CARTESIAN_POINT('',(24.562663140543,37.105475484297));
#9062 = CARTESIAN_POINT('',(24.398058430316,37.203635162483));
#9063 = CARTESIAN_POINT('',(24.230145573969,37.296142329281));
#9064 = CARTESIAN_POINT('',(24.059108673168,37.382889837145));
#9065 = CARTESIAN_POINT('',(23.885143918627,37.46375032985));
#9066 = CARTESIAN_POINT('',(23.708460745915,37.538565205919));
#9067 = CARTESIAN_POINT('',(23.529282992373,37.607133578164));
#9068 = CARTESIAN_POINT('',(23.347840041402,37.669236043664));
#9069 = CARTESIAN_POINT('',(23.164357965549,37.724658457769));
#9070 = CARTESIAN_POINT('',(22.97905067021,37.773215706225));
#9071 = CARTESIAN_POINT('',(22.79211103666,37.81477547904));
#9072 = CARTESIAN_POINT('',(22.603702066246,37.849282041611));
#9073 = CARTESIAN_POINT('',(22.413988604872,37.876696237499));
#9074 = CARTESIAN_POINT('',(22.223169072305,37.896935479957));
#9075 = CARTESIAN_POINT('',(22.031507179951,37.909813770364));
#9076 = CARTESIAN_POINT('',(21.839363676232,37.914981652564));
#9077 = CARTESIAN_POINT('',(21.647228018475,37.911866337759));
#9078 = CARTESIAN_POINT('',(21.45564810267,37.899844050909));
#9079 = CARTESIAN_POINT('',(21.265160046268,37.878412272916));
#9080 = CARTESIAN_POINT('',(21.07621798534,37.84736191195));
#9081 = CARTESIAN_POINT('',(20.889123787106,37.806949758224));
#9082 = CARTESIAN_POINT('',(20.703957015503,37.758070119307));
#9083 = CARTESIAN_POINT('',(20.520607260585,37.702099530829));
#9084 = CARTESIAN_POINT('',(20.338806205181,37.640742268075));
#9085 = CARTESIAN_POINT('',(20.158159797203,37.575875606831));
#9086 = CARTESIAN_POINT('',(19.978180357086,37.509395086155));
#9087 = CARTESIAN_POINT('',(19.798318767332,37.443060060975));
#9088 = CARTESIAN_POINT('',(19.618018599582,37.378458004431));
#9089 = CARTESIAN_POINT('',(19.436770185811,37.316968451326));
#9090 = CARTESIAN_POINT('',(19.254164701518,37.259727083934));
#9091 = CARTESIAN_POINT('',(19.069948263957,37.207589735859));
#9092 = CARTESIAN_POINT('',(18.884075969303,37.161096488383));
#9093 = CARTESIAN_POINT('',(18.696660577245,37.120546927115));
#9094 = CARTESIAN_POINT('',(18.507921262242,37.086075333289));
#9095 = CARTESIAN_POINT('',(18.318132339807,37.057725899311));
#9096 = CARTESIAN_POINT('',(18.127572004771,37.035527931963));
#9097 = CARTESIAN_POINT('',(17.936471061122,37.019571065708));
#9098 = CARTESIAN_POINT('',(17.745028132755,37.009982253595));
#9099 = CARTESIAN_POINT('',(17.553424876911,37.006902753739));
#9100 = CARTESIAN_POINT('',(17.361841197194,37.010465116539));
#9101 = CARTESIAN_POINT('',(17.170470455402,37.020770173672));
#9102 = CARTESIAN_POINT('',(16.979534687633,37.037864020494));
#9103 = CARTESIAN_POINT('',(16.789277085985,37.061749882048));
#9104 = CARTESIAN_POINT('',(16.599954475878,37.092399985715));
#9105 = CARTESIAN_POINT('',(16.411829794913,37.129767431601));
#9106 = CARTESIAN_POINT('',(16.225164571408,37.173798063147));
#9107 = CARTESIAN_POINT('',(16.040211402212,37.224442339494));
#9108 = CARTESIAN_POINT('',(15.857214128505,37.281650526754));
#9109 = CARTESIAN_POINT('',(15.676408012679,37.345367886948));
#9110 = CARTESIAN_POINT('',(15.498019914796,37.415529867796));
#9111 = CARTESIAN_POINT('',(15.322268469191,37.492057292129));
#9112 = CARTESIAN_POINT('',(15.149364261018,37.574851547429));
#9113 = CARTESIAN_POINT('',(14.979513351714,37.663797863031));
#9114 = CARTESIAN_POINT('',(14.812920804603,37.758768587376));
#9115 = CARTESIAN_POINT('',(14.649794210129,37.859626465089));
#9116 = CARTESIAN_POINT('',(14.490347211985,37.966227914372));
#9117 = CARTESIAN_POINT('',(14.33480303084,38.078426303507));
#9118 = CARTESIAN_POINT('',(14.18338075133,38.196068874002));
#9119 = CARTESIAN_POINT('',(14.036281610815,38.318993664466));
#9120 = CARTESIAN_POINT('',(13.893675288514,38.447026434422));
#9121 = CARTESIAN_POINT('',(13.755686191951,38.57997758759));
#9122 = CARTESIAN_POINT('',(13.622379751211,38.717639096795));
#9123 = CARTESIAN_POINT('',(13.493789453301,38.859790021137));
#9124 = CARTESIAN_POINT('',(13.369943868804,39.006202021548));
#9125 = CARTESIAN_POINT('',(13.250893680638,39.156644876739));
#9126 = CARTESIAN_POINT('',(13.136738713631,39.310891999381));
#9127 = CARTESIAN_POINT('',(13.027654959064,39.468725951073));
#9128 = CARTESIAN_POINT('',(12.923805137877,39.629921511895));
#9129 = CARTESIAN_POINT('',(12.825249276972,39.79422875116));
#9130 = CARTESIAN_POINT('',(12.731855268318,39.961356097911));
#9131 = CARTESIAN_POINT('',(12.643209462853,40.130953410899));
#9132 = CARTESIAN_POINT('',(12.558527171061,40.302595049496));
#9133 = CARTESIAN_POINT('',(12.476716260735,40.475767050811));
#9134 = CARTESIAN_POINT('',(12.396440863307,40.649854329019));
#9135 = CARTESIAN_POINT('',(12.316185011611,40.824127827395));
#9136 = CARTESIAN_POINT('',(12.234316369804,40.997731779466));
#9137 = CARTESIAN_POINT('',(12.149149749068,41.169670676929));
#9138 = CARTESIAN_POINT('',(12.059079079478,41.338895719828));
#9139 = CARTESIAN_POINT('',(11.96270952874,41.504391529686));
#9140 = CARTESIAN_POINT('',(11.858989668134,41.665262818124));
#9141 = CARTESIAN_POINT('',(11.747343386501,41.820820952908));
#9142 = CARTESIAN_POINT('',(11.627802556174,41.970670904446));
#9143 = CARTESIAN_POINT('',(11.500836147364,42.114639402261));
#9144 = CARTESIAN_POINT('',(11.367178584348,42.252702691032));
#9145 = CARTESIAN_POINT('',(11.227658361885,42.384914427193));
#9146 = CARTESIAN_POINT('',(11.083026601347,42.511333535571));
#9147 = CARTESIAN_POINT('',(10.933785495777,42.631952029899));
#9148 = CARTESIAN_POINT('',(10.780253042328,42.746714956339));
#9149 = CARTESIAN_POINT('',(10.622627947099,42.85554040559));
#9150 = CARTESIAN_POINT('',(10.461054465207,42.958339499213));
#9151 = CARTESIAN_POINT('',(10.295687267998,43.055036386814));
#9152 = CARTESIAN_POINT('',(10.126756298901,43.14558823869));
#9153 = CARTESIAN_POINT('',(9.954543703872,43.229974698411));
#9154 = CARTESIAN_POINT('',(9.779360759094,43.308187334306));
#9155 = CARTESIAN_POINT('',(9.601524800398,43.380219091701));
#9156 = CARTESIAN_POINT('',(9.421336150894,43.446053744256));
#9157 = CARTESIAN_POINT('',(9.239055052327,43.505655347316));
#9158 = CARTESIAN_POINT('',(9.054910288913,43.558975227012));
#9159 = CARTESIAN_POINT('',(8.869107807622,43.605958967389));
#9160 = CARTESIAN_POINT('',(8.681839339703,43.646553398253));
#9161 = CARTESIAN_POINT('',(8.493291021647,43.680713582694));
#9162 = CARTESIAN_POINT('',(8.303652016345,43.708409804796));
#9163 = CARTESIAN_POINT('',(8.113119805012,43.729617814606));
#9164 = CARTESIAN_POINT('',(7.921905479,43.744309073357));
#9165 = CARTESIAN_POINT('',(7.730239032011,43.752440998175));
#9166 = CARTESIAN_POINT('',(7.538374651437,43.753947207927));
#9167 = CARTESIAN_POINT('',(7.346596012216,43.748727765893));
#9168 = CARTESIAN_POINT('',(7.15519899884,43.73666775143));
#9169 = CARTESIAN_POINT('',(6.964474424717,43.7176558349));
#9170 = CARTESIAN_POINT('',(6.774690752822,43.691602851082));
#9171 = CARTESIAN_POINT('',(6.58607681506,43.658460373951));
#9172 = CARTESIAN_POINT('',(6.398804533747,43.618239289363));
#9173 = CARTESIAN_POINT('',(6.213041191165,43.570966505279));
#9174 = CARTESIAN_POINT('',(6.029001707851,43.516641653453));
#9175 = CARTESIAN_POINT('',(5.847000899969,43.455193811553));
#9176 = CARTESIAN_POINT('',(5.66750578668,43.386438176634));
#9177 = CARTESIAN_POINT('',(5.491187764376,43.310032868058));
#9178 = CARTESIAN_POINT('',(5.318791731321,43.225611263551));
#9179 = CARTESIAN_POINT('',(5.151005301186,43.13291425927));
#9180 = CARTESIAN_POINT('',(4.988328056973,43.031922469903));
#9181 = CARTESIAN_POINT('',(4.830940618269,42.922988658254));
#9182 = CARTESIAN_POINT('',(4.678574255877,42.806969504585));
#9183 = CARTESIAN_POINT('',(4.530600186928,42.685094509933));
#9184 = CARTESIAN_POINT('',(4.386118320763,42.558835538813));
#9185 = CARTESIAN_POINT('',(4.244046198382,42.429776170699));
#9186 = CARTESIAN_POINT('',(4.103207871224,42.299481028438));
#9187 = CARTESIAN_POINT('',(3.962422744887,42.169365405868));
#9188 = CARTESIAN_POINT('',(3.820569246931,42.040683001018));
#9189 = CARTESIAN_POINT('',(3.676648580384,41.914513296348));
#9190 = CARTESIAN_POINT('',(3.529848433867,41.791749075103));
#9191 = CARTESIAN_POINT('',(3.379606736968,41.673083867712));
#9192 = CARTESIAN_POINT('',(3.225675323801,41.558999460268));
#9193 = CARTESIAN_POINT('',(3.068043724288,41.449815785049));
#9194 = CARTESIAN_POINT('',(2.906863042022,41.345740776174));
#9195 = CARTESIAN_POINT('',(2.742369799788,41.246920238103));
#9196 = CARTESIAN_POINT('',(2.574809800877,41.153487707323));
#9197 = CARTESIAN_POINT('',(2.404361978744,41.065614320144));
#9198 = CARTESIAN_POINT('',(2.231161255114,40.983493375963));
#9199 = CARTESIAN_POINT('',(2.055321402251,40.907324897475));
#9200 = CARTESIAN_POINT('',(1.876957904574,40.837300191413));
#9201 = CARTESIAN_POINT('',(1.696210818476,40.773586410455));
#9202 = CARTESIAN_POINT('',(1.513267638635,40.716311110694));
#9203 = CARTESIAN_POINT('',(1.328351811083,40.665570337268));
#9204 = CARTESIAN_POINT('',(1.141711239691,40.621436714456));
#9205 = CARTESIAN_POINT('',(0.953606794937,40.58396753427));
#9206 = CARTESIAN_POINT('',(0.764300822301,40.553212845125));
#9207 = CARTESIAN_POINT('',(0.574045649306,40.529223541866));
#9208 = CARTESIAN_POINT('',(0.383085588162,40.512046990353));
#9209 = CARTESIAN_POINT('',(0.191658940297,40.501722650304));
#9210 = CARTESIAN_POINT('',(1.659010706589E-10,40.498277698778));
#9211 = CARTESIAN_POINT('',(-0.191658940652,40.501722653347));
#9212 = CARTESIAN_POINT('',(-0.383085589466,40.512046995375));
#9213 = CARTESIAN_POINT('',(-0.574045649502,40.529223546889));
#9214 = CARTESIAN_POINT('',(-0.764300816813,40.553212847565));
#9215 = CARTESIAN_POINT('',(-0.95360677748,40.583967531392));
#9216 = CARTESIAN_POINT('',(-1.141711204092,40.621436703991));
#9217 = CARTESIAN_POINT('',(-1.328351754112,40.665570318169));
#9218 = CARTESIAN_POINT('',(-1.513267561587,40.716311083541));
#9219 = CARTESIAN_POINT('',(-1.696210727496,40.773586377499));
#9220 = CARTESIAN_POINT('',(-1.876957809739,40.837300156257));
#9221 = CARTESIAN_POINT('',(-2.055321315396,40.907324864391));
#9222 = CARTESIAN_POINT('',(-2.231161186395,40.983493348861));
#9223 = CARTESIAN_POINT('',(-2.404361934355,41.065614301816));
#9224 = CARTESIAN_POINT('',(-2.57480978192,41.153487698951));
#9225 = CARTESIAN_POINT('',(-2.742369802306,41.246920239043));
#9226 = CARTESIAN_POINT('',(-2.906863058182,41.345740784005));
#9227 = CARTESIAN_POINT('',(-3.068043744734,41.449815795896));
#9228 = CARTESIAN_POINT('',(-3.22567533948,41.558999469249));
#9229 = CARTESIAN_POINT('',(-3.379606740465,41.673083869519));
#9230 = CARTESIAN_POINT('',(-3.529848420217,41.79174906471));
#9231 = CARTESIAN_POINT('',(-3.676648547383,41.914513269848));
#9232 = CARTESIAN_POINT('',(-3.820569194932,42.040682956591));
#9233 = CARTESIAN_POINT('',(-3.962422676371,42.169365344242));
#9234 = CARTESIAN_POINT('',(-4.103207790174,42.299480952827));
#9235 = CARTESIAN_POINT('',(-4.244046109449,42.429776086242));
#9236 = CARTESIAN_POINT('',(-4.386118228219,42.558835451474));
#9237 = CARTESIAN_POINT('',(-4.530600093409,42.685094424935));
#9238 = CARTESIAN_POINT('',(-4.678574161781,42.806969425464));
#9239 = CARTESIAN_POINT('',(-4.830940521823,42.922988586456));
#9240 = CARTESIAN_POINT('',(-4.988327954981,43.031922404951));
#9241 = CARTESIAN_POINT('',(-5.151005190414,43.132914199529));
#9242 = CARTESIAN_POINT('',(-5.318791610648,43.225611207445));
#9243 = CARTESIAN_POINT('',(-5.49118763596,43.310032814784));
#9244 = CARTESIAN_POINT('',(-5.667505656026,43.386438126495));
#9245 = CARTESIAN_POINT('',(-5.847000774923,43.455193765875));
#9246 = CARTESIAN_POINT('',(-6.029001596546,43.516641614071));
#9247 = CARTESIAN_POINT('',(-6.213041098807,43.570966473692));
#9248 = CARTESIAN_POINT('',(-6.398804460723,43.618239266256));
#9249 = CARTESIAN_POINT('',(-6.586076756463,43.658460358967));
#9250 = CARTESIAN_POINT('',(-6.774690699373,43.691602842897));
#9251 = CARTESIAN_POINT('',(-6.96447436507,43.717655831583));
#9252 = CARTESIAN_POINT('',(-7.155198923308,43.736667751075));
#9253 = CARTESIAN_POINT('',(-7.346595915148,43.74872776707));
#9254 = CARTESIAN_POINT('',(-7.538374532231,43.753947209957));
#9255 = CARTESIAN_POINT('',(-7.730238894774,43.752441001233));
#9256 = CARTESIAN_POINT('',(-7.92190533085,43.744309078393));
#9257 = CARTESIAN_POINT('',(-8.113119653013,43.729617823111));
#9258 = CARTESIAN_POINT('',(-8.303651865526,43.708409818522));
#9259 = CARTESIAN_POINT('',(-8.493290874113,43.680713603335));
#9260 = CARTESIAN_POINT('',(-8.681839194846,43.646553427067));
#9261 = CARTESIAN_POINT('',(-8.86910766342,43.605959004777));
#9262 = CARTESIAN_POINT('',(-9.054910144321,43.558975272045));
#9263 = CARTESIAN_POINT('',(-9.239054908644,43.505655397626));
#9264 = CARTESIAN_POINT('',(-9.421336012094,43.446053796298));
#9265 = CARTESIAN_POINT('',(-9.601524672438,43.380219141395));
#9266 = CARTESIAN_POINT('',(-9.779360648185,43.308187378049));
#9267 = CARTESIAN_POINT('',(-9.954543613741,43.229974734471));
#9268 = CARTESIAN_POINT('',(-10.12675622925,43.145588267924));
#9269 = CARTESIAN_POINT('',(-10.29568721416,43.055036412707));
#9270 = CARTESIAN_POINT('',(-10.46105441895,42.958339527229));
#9271 = CARTESIAN_POINT('',(-10.62262789869,42.855540441856));
#9272 = CARTESIAN_POINT('',(-10.7802529837,42.74671500563));
#9273 = CARTESIAN_POINT('',(-10.93378542253,42.631952094423));
#9274 = CARTESIAN_POINT('',(-11.08302651358,42.511333614549));
#9275 = CARTESIAN_POINT('',(-11.22765826383,42.384914517247));
#9276 = CARTESIAN_POINT('',(-11.36717848282,42.252702787354));
#9277 = CARTESIAN_POINT('',(-11.50083604911,42.114639500623));
#9278 = CARTESIAN_POINT('',(-11.62780246615,41.970671002462));
#9279 = CARTESIAN_POINT('',(-11.74734330702,41.820821050493));
#9280 = CARTESIAN_POINT('',(-11.85898959876,41.665262917161));
#9281 = CARTESIAN_POINT('',(-11.96270946711,41.504391632927));
#9282 = CARTESIAN_POINT('',(-12.05907902282,41.338895828937));
#9283 = CARTESIAN_POINT('',(-12.14914969519,41.169670791246));
#9284 = CARTESIAN_POINT('',(-12.23431631772,40.997731895574));
#9285 = CARTESIAN_POINT('',(-12.31618496176,40.824127939457));
#9286 = CARTESIAN_POINT('',(-12.39644081736,40.64985442989));
#9287 = CARTESIAN_POINT('',(-12.47671622101,40.475767133965));
#9288 = CARTESIAN_POINT('',(-12.55852714002,40.302595110439));
#9289 = CARTESIAN_POINT('',(-12.6432094425,40.130953448009));
#9290 = CARTESIAN_POINT('',(-12.73185525968,39.961356112737));
#9291 = CARTESIAN_POINT('',(-12.82524927951,39.794228748154));
#9292 = CARTESIAN_POINT('',(-12.92380514892,39.629921497599));
#9293 = CARTESIAN_POINT('',(-13.0276549738,39.46872593323));
#9294 = CARTESIAN_POINT('',(-13.13673872556,39.310891985962));
#9295 = CARTESIAN_POINT('',(-13.2508936826,39.156644874907));
#9296 = CARTESIAN_POINT('',(-13.36994385449,39.006202036536));
#9297 = CARTESIAN_POINT('',(-13.4937894193,38.859790055055));
#9298 = CARTESIAN_POINT('',(-13.62237969809,38.717639148129));
#9299 = CARTESIAN_POINT('',(-13.75568612436,38.579977651393));
#9300 = CARTESIAN_POINT('',(-13.89367521435,38.447026503193));
#9301 = CARTESIAN_POINT('',(-14.03628153937,38.31899372973));
#9302 = CARTESIAN_POINT('',(-14.18338069053,38.196068928575));
#9303 = CARTESIAN_POINT('',(-14.33480298551,38.078426342956));
#9304 = CARTESIAN_POINT('',(-14.4903471831,37.966227937665));
#9305 = CARTESIAN_POINT('',(-14.6497941951,37.859626474427));
#9306 = CARTESIAN_POINT('',(-14.81292079859,37.758768587221));
#9307 = CARTESIAN_POINT('',(-14.97951334997,37.663797858314));
#9308 = CARTESIAN_POINT('',(-15.1493642603,37.574851542289));
#9309 = CARTESIAN_POINT('',(-15.32226846835,37.49205728918));
#9310 = CARTESIAN_POINT('',(-15.49801991448,37.415529867923));
#9311 = CARTESIAN_POINT('',(-15.67640801417,37.345367889625));
#9312 = CARTESIAN_POINT('',(-15.85721413163,37.281650530897));
#9313 = CARTESIAN_POINT('',(-16.04021140431,37.224442344062));
#9314 = CARTESIAN_POINT('',(-16.22516456727,37.173798067502));
#9315 = CARTESIAN_POINT('',(-16.41182977768,37.129767435623));
#9316 = CARTESIAN_POINT('',(-16.59995443898,37.092399989668));
#9317 = CARTESIAN_POINT('',(-16.78927702603,37.061749886202));
#9318 = CARTESIAN_POINT('',(-16.97953460605,37.037864024891));
#9319 = CARTESIAN_POINT('',(-17.17047035873,37.020770178039));
#9320 = CARTESIAN_POINT('',(-17.36184109612,37.01046512035));
#9321 = CARTESIAN_POINT('',(-17.553424784,37.006902756413));
#9322 = CARTESIAN_POINT('',(-17.74502805889,37.009982254857));
#9323 = CARTESIAN_POINT('',(-17.9364710131,37.019571065765));
#9324 = CARTESIAN_POINT('',(-18.12757198405,37.035527931484));
#9325 = CARTESIAN_POINT('',(-18.31813234249,37.057725899217));
#9326 = CARTESIAN_POINT('',(-18.50792128016,37.086075334338));
#9327 = CARTESIAN_POINT('',(-18.69666060028,37.12054692931));
#9328 = CARTESIAN_POINT('',(-18.88407598722,37.161096490678));
#9329 = CARTESIAN_POINT('',(-19.06994826787,37.207589736189));
#9330 = CARTESIAN_POINT('',(-19.25416468492,37.259727079556));
#9331 = CARTESIAN_POINT('',(-19.43677014518,37.316968439473));
#9332 = CARTESIAN_POINT('',(-19.61801853454,37.378457983286));
#9333 = CARTESIAN_POINT('',(-19.79831868045,37.443060030261));
#9334 = CARTESIAN_POINT('',(-19.97818025327,37.509395047317));
#9335 = CARTESIAN_POINT('',(-20.15815968271,37.575875562836));
#9336 = CARTESIAN_POINT('',(-20.33880608625,37.640742222798));
#9337 = CARTESIAN_POINT('',(-20.52060714165,37.70209948809));
#9338 = CARTESIAN_POINT('',(-20.70395689828,37.758070082218));
#9339 = CARTESIAN_POINT('',(-20.88912367052,37.8069497288));
#9340 = CARTESIAN_POINT('',(-21.07621786625,37.847361890973));
#9341 = CARTESIAN_POINT('',(-21.26515992106,37.878412260111));
#9342 = CARTESIAN_POINT('',(-21.45564796971,37.89984404525));
#9343 = CARTESIAN_POINT('',(-21.64722787944,37.911866337681));
#9344 = CARTESIAN_POINT('',(-21.83936353633,37.914981656238));
#9345 = CARTESIAN_POINT('',(-22.03150704694,37.909813776015));
#9346 = CARTESIAN_POINT('',(-22.2231689544,37.896935486169));
#9347 = CARTESIAN_POINT('',(-22.41398850745,37.876696243664));
#9348 = CARTESIAN_POINT('',(-22.60370198993,37.849282048212));
#9349 = CARTESIAN_POINT('',(-22.79211097678,37.814775487623));
#9350 = CARTESIAN_POINT('',(-22.97905061769,37.773215719117));
#9351 = CARTESIAN_POINT('',(-23.16435790917,37.724658477528));
#9352 = CARTESIAN_POINT('',(-23.34783997148,37.669236072238));
#9353 = CARTESIAN_POINT('',(-23.52928290314,37.607133616396));
#9354 = CARTESIAN_POINT('',(-23.70846063656,37.538565253411));
#9355 = CARTESIAN_POINT('',(-23.885143793,37.463750385193));
#9356 = CARTESIAN_POINT('',(-24.05910853822,37.382889898494));
#9357 = CARTESIAN_POINT('',(-24.23014543679,37.296142395308));
#9358 = CARTESIAN_POINT('',(-24.39805829623,37.203635232883));
#9359 = CARTESIAN_POINT('',(-24.56266301213,37.105475559828));
#9360 = CARTESIAN_POINT('',(-24.72378641304,37.001761353602));
#9361 = CARTESIAN_POINT('',(-24.88126510539,36.892592457388));
#9362 = CARTESIAN_POINT('',(-25.03494431848,36.778081617223));
#9363 = CARTESIAN_POINT('',(-25.1846672647,36.658351326107));
#9364 = CARTESIAN_POINT('',(-25.33026449997,36.533530668211));
#9365 = CARTESIAN_POINT('',(-25.47154328354,36.403752163003));
#9366 = CARTESIAN_POINT('',(-25.60827693924,36.26914860956));
#9367 = CARTESIAN_POINT('',(-25.74019421267,36.129849930425));
#9368 = CARTESIAN_POINT('',(-25.86700462072,35.98598408636));
#9369 = CARTESIAN_POINT('',(-25.98842380532,35.837677991556));
#9370 = CARTESIAN_POINT('',(-26.10419888514,35.685058428673));
#9371 = CARTESIAN_POINT('',(-26.21413380924,35.52825296393));
#9372 = CARTESIAN_POINT('',(-26.31811470762,35.367390862226));
#9373 = CARTESIAN_POINT('',(-26.41604232066,35.202609436799));
#9374 = CARTESIAN_POINT('',(-26.50776441621,35.034060399029));
#9375 = CARTESIAN_POINT('',(-26.59300823595,34.861916207898));
#9376 = CARTESIAN_POINT('',(-26.67131287205,34.686376420405));
#9377 = CARTESIAN_POINT('',(-26.74196182945,34.507674039376));
#9378 = CARTESIAN_POINT('',(-26.80416914445,34.326076546328));
#9379 = CARTESIAN_POINT('',(-26.85726538667,34.141886943466));
#9380 = CARTESIAN_POINT('',(-26.90088359009,33.955444781831));
#9381 = CARTESIAN_POINT('',(-26.93514547835,33.767127219734));
#9382 = CARTESIAN_POINT('',(-26.96084683612,33.577350001355));
#9383 = CARTESIAN_POINT('',(-26.97930166854,33.386537898585));
#9384 = CARTESIAN_POINT('',(-26.9921872012,33.195095216598));
#9385 = CARTESIAN_POINT('',(-27.00138860798,33.003376301074));
#9386 = CARTESIAN_POINT('',(-27.00884376551,32.811655986241));
#9387 = CARTESIAN_POINT('',(-27.01638824398,32.620100229661));
#9388 = CARTESIAN_POINT('',(-27.02570161323,32.428802458232));
#9389 = CARTESIAN_POINT('',(-27.03825343875,32.237819725211));
#9390 = CARTESIAN_POINT('',(-27.0552494045,32.047208932801));
#9391 = CARTESIAN_POINT('',(-27.07757735436,31.857063037271));
#9392 = CARTESIAN_POINT('',(-27.10575344231,31.667547233052));
#9393 = CARTESIAN_POINT('',(-27.14001129812,31.478880342966));
#9394 = CARTESIAN_POINT('',(-27.18039110701,31.29131624501));
#9395 = CARTESIAN_POINT('',(-27.22682872147,31.105125285376));
#9396 = CARTESIAN_POINT('',(-27.27924475686,30.92057569779));
#9397 = CARTESIAN_POINT('',(-27.33763369976,30.73791501896));
#9398 = CARTESIAN_POINT('',(-27.40203682944,30.557375336267));
#9399 = CARTESIAN_POINT('',(-27.47251513415,30.379178536255));
#9400 = CARTESIAN_POINT('',(-27.54912222837,30.203541553025));
#9401 = CARTESIAN_POINT('',(-27.63187727206,30.030681616197));
#9402 = CARTESIAN_POINT('',(-27.72073788224,29.860821500306));
#9403 = CARTESIAN_POINT('',(-27.81561397288,29.694187119723));
#9404 = CARTESIAN_POINT('',(-27.91638160259,29.531005122077));
#9405 = CARTESIAN_POINT('',(-28.02289681965,29.371500482223));
#9406 = CARTESIAN_POINT('',(-28.13500950737,29.215894096004));
#9407 = CARTESIAN_POINT('',(-28.25257723134,29.064400374012));
#9408 = CARTESIAN_POINT('',(-28.37546072946,28.91722556379));
#9409 = CARTESIAN_POINT('',(-28.5035193994,28.774566072125));
#9410 = CARTESIAN_POINT('',(-28.63660678706,28.6366067873));
#9411 = CARTESIAN_POINT('',(-28.77456607452,28.50351940131));
#9412 = CARTESIAN_POINT('',(-28.91722556826,28.375460732093));
#9413 = CARTESIAN_POINT('',(-29.0644003777,28.252577234758));
#9414 = CARTESIAN_POINT('',(-29.21589409384,28.13500951298));
#9415 = CARTESIAN_POINT('',(-29.37150046784,28.022896829961));
#9416 = CARTESIAN_POINT('',(-29.5310050895,27.916381620363));
#9417 = CARTESIAN_POINT('',(-29.69418706592,27.815613999662));
#9418 = CARTESIAN_POINT('',(-29.86082142662,27.720737917526));
#9419 = CARTESIAN_POINT('',(-30.03068152855,27.631877313092));
#9420 = CARTESIAN_POINT('',(-30.2035414611,27.549122270573));
#9421 = CARTESIAN_POINT('',(-30.37917845144,27.472515172179));
#9422 = CARTESIAN_POINT('',(-30.55737526851,27.402036858873));
#9423 = CARTESIAN_POINT('',(-30.73791497461,27.337633718196));
#9424 = CARTESIAN_POINT('',(-30.92057567846,27.279244764345));
#9425 = CARTESIAN_POINT('',(-31.10512528781,27.226828720357));
#9426 = CARTESIAN_POINT('',(-31.29131626197,27.18039110113));
#9427 = CARTESIAN_POINT('',(-31.47888036508,27.140011291333));
#9428 = CARTESIAN_POINT('',(-31.66754725048,27.105753437581));
#9429 = CARTESIAN_POINT('',(-31.85706304101,27.077577353166));
#9430 = CARTESIAN_POINT('',(-32.04720891579,27.055249406807));
#9431 = CARTESIAN_POINT('',(-32.23781968313,27.038253443349));
#9432 = CARTESIAN_POINT('',(-32.42880239004,27.025701618591));
#9433 = CARTESIAN_POINT('',(-32.62010013763,27.016388248857));
#9434 = CARTESIAN_POINT('',(-32.81165587546,27.008843769365));
#9435 = CARTESIAN_POINT('',(-33.00337617846,27.001388611149));
#9436 = CARTESIAN_POINT('',(-33.19509508939,26.99218720488));
#9437 = CARTESIAN_POINT('',(-33.38653777235,26.979301674566));
#9438 = CARTESIAN_POINT('',(-33.57734987886,26.960846846711));
#9439 = CARTESIAN_POINT('',(-33.76712710076,26.935145495786));
#9440 = CARTESIAN_POINT('',(-33.95544466378,26.900883616285));
#9441 = CARTESIAN_POINT('',(-34.14188682289,26.857265422755));
#9442 = CARTESIAN_POINT('',(-34.32607642132,26.80416919011));
#9443 = CARTESIAN_POINT('',(-34.5076739109,26.741961882591));
#9444 = CARTESIAN_POINT('',(-34.68637629256,26.671312928986));
#9445 = CARTESIAN_POINT('',(-34.86191608717,26.593008292074));
#9446 = CARTESIAN_POINT('',(-35.03406029247,26.507764467073));
#9447 = CARTESIAN_POINT('',(-35.20260934915,26.416042363643));
#9448 = CARTESIAN_POINT('',(-35.36739079425,26.318114742924));
#9449 = CARTESIAN_POINT('',(-35.5282529119,26.21413384008));
#9450 = CARTESIAN_POINT('',(-35.68505838509,26.104198917155));
#9451 = CARTESIAN_POINT('',(-35.83767794703,25.988423845152));
#9452 = CARTESIAN_POINT('',(-35.98598403269,25.867004673879));
#9453 = CARTESIAN_POINT('',(-36.12984986261,25.740194282142));
#9454 = CARTESIAN_POINT('',(-36.2691485267,25.608277024975));
#9455 = CARTESIAN_POINT('',(-36.40375206812,25.47154338275));
#9456 = CARTESIAN_POINT('',(-36.53353056701,25.33026460829));
#9457 = CARTESIAN_POINT('',(-36.65835122464,25.184667378194));
#9458 = CARTESIAN_POINT('',(-36.77808152028,25.034944434832));
#9459 = CARTESIAN_POINT('',(-36.89259236766,24.881265224311));
#9460 = CARTESIAN_POINT('',(-37.00176127154,24.723786535854));
#9461 = CARTESIAN_POINT('',(-37.10547548429,24.562663140544));
#9462 = CARTESIAN_POINT('',(-37.20363516248,24.398058430317));
#9463 = CARTESIAN_POINT('',(-37.29614232928,24.23014557397));
#9464 = CARTESIAN_POINT('',(-37.38288983714,24.059108673169));
#9465 = CARTESIAN_POINT('',(-37.46375032984,23.885143918629));
#9466 = CARTESIAN_POINT('',(-37.53856520591,23.708460745916));
#9467 = CARTESIAN_POINT('',(-37.60713357816,23.529282992375));
#9468 = CARTESIAN_POINT('',(-37.66923604366,23.347840041404));
#9469 = CARTESIAN_POINT('',(-37.72465845776,23.164357965551));
#9470 = CARTESIAN_POINT('',(-37.77321570622,22.979050670212));
#9471 = CARTESIAN_POINT('',(-37.81477547904,22.792111036661));
#9472 = CARTESIAN_POINT('',(-37.84928204161,22.603702066246));
#9473 = CARTESIAN_POINT('',(-37.87669623749,22.413988604873));
#9474 = CARTESIAN_POINT('',(-37.89693547995,22.223169072306));
#9475 = CARTESIAN_POINT('',(-37.90981377036,22.031507179953));
#9476 = CARTESIAN_POINT('',(-37.91498165256,21.839363676234));
#9477 = CARTESIAN_POINT('',(-37.91186633775,21.647228018478));
#9478 = CARTESIAN_POINT('',(-37.8998440509,21.455648102674));
#9479 = CARTESIAN_POINT('',(-37.87841227291,21.265160046271));
#9480 = CARTESIAN_POINT('',(-37.84736191195,21.076217985341));
#9481 = CARTESIAN_POINT('',(-37.80694975822,20.889123787107));
#9482 = CARTESIAN_POINT('',(-37.7580701193,20.703957015503));
#9483 = CARTESIAN_POINT('',(-37.70209953083,20.520607260586));
#9484 = CARTESIAN_POINT('',(-37.64074226807,20.338806205182));
#9485 = CARTESIAN_POINT('',(-37.57587560683,20.158159797204));
#9486 = CARTESIAN_POINT('',(-37.50939508615,19.978180357088));
#9487 = CARTESIAN_POINT('',(-37.44306006097,19.798318767335));
#9488 = CARTESIAN_POINT('',(-37.37845800443,19.618018599585));
#9489 = CARTESIAN_POINT('',(-37.31696845132,19.436770185813));
#9490 = CARTESIAN_POINT('',(-37.25972708393,19.254164701519));
#9491 = CARTESIAN_POINT('',(-37.20758973585,19.069948263958));
#9492 = CARTESIAN_POINT('',(-37.16109648838,18.884075969303));
#9493 = CARTESIAN_POINT('',(-37.12054692711,18.696660577245));
#9494 = CARTESIAN_POINT('',(-37.08607533328,18.507921262242));
#9495 = CARTESIAN_POINT('',(-37.05772589931,18.318132339809));
#9496 = CARTESIAN_POINT('',(-37.03552793196,18.127572004773));
#9497 = CARTESIAN_POINT('',(-37.0195710657,17.936471061125));
#9498 = CARTESIAN_POINT('',(-37.00998225359,17.745028132759));
#9499 = CARTESIAN_POINT('',(-37.00690275373,17.553424876914));
#9500 = CARTESIAN_POINT('',(-37.01046511653,17.361841197196));
#9501 = CARTESIAN_POINT('',(-37.02077017367,17.170470455403));
#9502 = CARTESIAN_POINT('',(-37.03786402049,16.979534687633));
#9503 = CARTESIAN_POINT('',(-37.06174988204,16.789277085985));
#9504 = CARTESIAN_POINT('',(-37.09239998571,16.599954475879));
#9505 = CARTESIAN_POINT('',(-37.1297674316,16.411829794915));
#9506 = CARTESIAN_POINT('',(-37.17379806314,16.225164571411));
#9507 = CARTESIAN_POINT('',(-37.22444233949,16.040211402215));
#9508 = CARTESIAN_POINT('',(-37.28165052675,15.857214128508));
#9509 = CARTESIAN_POINT('',(-37.34536788694,15.676408012682));
#9510 = CARTESIAN_POINT('',(-37.41552986779,15.498019914797));
#9511 = CARTESIAN_POINT('',(-37.49205729212,15.322268469192));
#9512 = CARTESIAN_POINT('',(-37.57485154743,15.149364261019));
#9513 = CARTESIAN_POINT('',(-37.66379786303,14.979513351715));
#9514 = CARTESIAN_POINT('',(-37.75876858737,14.812920804604));
#9515 = CARTESIAN_POINT('',(-37.85962646508,14.64979421013));
#9516 = CARTESIAN_POINT('',(-37.96622791437,14.490347211986));
#9517 = CARTESIAN_POINT('',(-38.0784263035,14.334803030842));
#9518 = CARTESIAN_POINT('',(-38.196068874,14.183380751332));
#9519 = CARTESIAN_POINT('',(-38.31899366446,14.036281610817));
#9520 = CARTESIAN_POINT('',(-38.44702643442,13.893675288515));
#9521 = CARTESIAN_POINT('',(-38.57997758759,13.755686191952));
#9522 = CARTESIAN_POINT('',(-38.71763909679,13.622379751211));
#9523 = CARTESIAN_POINT('',(-38.85979002113,13.493789453302));
#9524 = CARTESIAN_POINT('',(-39.00620202154,13.369943868805));
#9525 = CARTESIAN_POINT('',(-39.15664487673,13.250893680639));
#9526 = CARTESIAN_POINT('',(-39.31089199937,13.136738713633));
#9527 = CARTESIAN_POINT('',(-39.46872595107,13.027654959065));
#9528 = CARTESIAN_POINT('',(-39.62992151189,12.923805137879));
#9529 = CARTESIAN_POINT('',(-39.79422875115,12.825249276973));
#9530 = CARTESIAN_POINT('',(-39.9613560979,12.731855268319));
#9531 = CARTESIAN_POINT('',(-40.13095341089,12.643209462853));
#9532 = CARTESIAN_POINT('',(-40.30259504949,12.558527171061));
#9533 = CARTESIAN_POINT('',(-40.47576705081,12.476716260735));
#9534 = CARTESIAN_POINT('',(-40.64985432901,12.396440863307));
#9535 = CARTESIAN_POINT('',(-40.82412782739,12.316185011612));
#9536 = CARTESIAN_POINT('',(-40.99773177946,12.234316369805));
#9537 = CARTESIAN_POINT('',(-41.16967067692,12.149149749069));
#9538 = CARTESIAN_POINT('',(-41.33889571982,12.059079079479));
#9539 = CARTESIAN_POINT('',(-41.50439152968,11.962709528741));
#9540 = CARTESIAN_POINT('',(-41.66526281812,11.858989668135));
#9541 = CARTESIAN_POINT('',(-41.8208209529,11.747343386502));
#9542 = CARTESIAN_POINT('',(-41.97067090444,11.627802556175));
#9543 = CARTESIAN_POINT('',(-42.11463940226,11.500836147365));
#9544 = CARTESIAN_POINT('',(-42.25270269103,11.367178584349));
#9545 = CARTESIAN_POINT('',(-42.38491442719,11.227658361887));
#9546 = CARTESIAN_POINT('',(-42.51133353556,11.083026601348));
#9547 = CARTESIAN_POINT('',(-42.63195202989,10.933785495779));
#9548 = CARTESIAN_POINT('',(-42.74671495633,10.78025304233));
#9549 = CARTESIAN_POINT('',(-42.85554040558,10.622627947101));
#9550 = CARTESIAN_POINT('',(-42.95833949921,10.461054465208));
#9551 = CARTESIAN_POINT('',(-43.05503638681,10.295687267999));
#9552 = CARTESIAN_POINT('',(-43.14558823869,10.126756298903));
#9553 = CARTESIAN_POINT('',(-43.22997469841,9.954543703873));
#9554 = CARTESIAN_POINT('',(-43.3081873343,9.779360759096));
#9555 = CARTESIAN_POINT('',(-43.3802190917,9.6015248004));
#9556 = CARTESIAN_POINT('',(-43.44605374425,9.421336150896));
#9557 = CARTESIAN_POINT('',(-43.50565534731,9.239055052329));
#9558 = CARTESIAN_POINT('',(-43.55897522701,9.054910288915));
#9559 = CARTESIAN_POINT('',(-43.60595896738,8.869107807624));
#9560 = CARTESIAN_POINT('',(-43.64655339825,8.681839339705));
#9561 = CARTESIAN_POINT('',(-43.68071358269,8.493291021648));
#9562 = CARTESIAN_POINT('',(-43.70840980479,8.303652016346));
#9563 = CARTESIAN_POINT('',(-43.7296178146,8.113119805013));
#9564 = CARTESIAN_POINT('',(-43.74430907335,7.921905479001));
#9565 = CARTESIAN_POINT('',(-43.75244099817,7.730239032013));
#9566 = CARTESIAN_POINT('',(-43.75394720792,7.53837465144));
#9567 = CARTESIAN_POINT('',(-43.74872776589,7.346596012219));
#9568 = CARTESIAN_POINT('',(-43.73666775143,7.155198998843));
#9569 = CARTESIAN_POINT('',(-43.7176558349,6.964474424719));
#9570 = CARTESIAN_POINT('',(-43.69160285108,6.774690752824));
#9571 = CARTESIAN_POINT('',(-43.65846037395,6.586076815061));
#9572 = CARTESIAN_POINT('',(-43.61823928936,6.398804533749));
#9573 = CARTESIAN_POINT('',(-43.57096650527,6.213041191167));
#9574 = CARTESIAN_POINT('',(-43.51664165345,6.029001707853));
#9575 = CARTESIAN_POINT('',(-43.45519381155,5.84700089997));
#9576 = CARTESIAN_POINT('',(-43.38643817663,5.667505786682));
#9577 = CARTESIAN_POINT('',(-43.31003286806,5.491187764377));
#9578 = CARTESIAN_POINT('',(-43.22561126355,5.318791731322));
#9579 = CARTESIAN_POINT('',(-43.13291425927,5.151005301188));
#9580 = CARTESIAN_POINT('',(-43.0319224699,4.988328056975));
#9581 = CARTESIAN_POINT('',(-42.92298865825,4.830940618271));
#9582 = CARTESIAN_POINT('',(-42.80696950458,4.678574255878));
#9583 = CARTESIAN_POINT('',(-42.68509450993,4.530600186929));
#9584 = CARTESIAN_POINT('',(-42.55883553881,4.386118320765));
#9585 = CARTESIAN_POINT('',(-42.4297761707,4.244046198383));
#9586 = CARTESIAN_POINT('',(-42.29948102843,4.103207871225));
#9587 = CARTESIAN_POINT('',(-42.16936540586,3.962422744889));
#9588 = CARTESIAN_POINT('',(-42.04068300101,3.820569246932));
#9589 = CARTESIAN_POINT('',(-41.91451329634,3.676648580385));
#9590 = CARTESIAN_POINT('',(-41.7917490751,3.529848433869));
#9591 = CARTESIAN_POINT('',(-41.67308386771,3.37960673697));
#9592 = CARTESIAN_POINT('',(-41.55899946027,3.225675323803));
#9593 = CARTESIAN_POINT('',(-41.44981578505,3.06804372429));
#9594 = CARTESIAN_POINT('',(-41.34574077617,2.906863042024));
#9595 = CARTESIAN_POINT('',(-41.2469202381,2.74236979979));
#9596 = CARTESIAN_POINT('',(-41.15348770732,2.574809800877));
#9597 = CARTESIAN_POINT('',(-41.06561432014,2.404361978745));
#9598 = CARTESIAN_POINT('',(-40.98349337596,2.231161255115));
#9599 = CARTESIAN_POINT('',(-40.90732489747,2.055321402252));
#9600 = CARTESIAN_POINT('',(-40.83730019141,1.876957904575));
#9601 = CARTESIAN_POINT('',(-40.77358641045,1.696210818478));
#9602 = CARTESIAN_POINT('',(-40.71631111069,1.513267638638));
#9603 = CARTESIAN_POINT('',(-40.66557033727,1.328351811085));
#9604 = CARTESIAN_POINT('',(-40.62143671445,1.141711239693));
#9605 = CARTESIAN_POINT('',(-40.58396753427,0.953606794938));
#9606 = CARTESIAN_POINT('',(-40.55321284512,0.764300822302));
#9607 = CARTESIAN_POINT('',(-40.52922354186,0.574045649307));
#9608 = CARTESIAN_POINT('',(-40.51204699035,0.383085588164));
#9609 = CARTESIAN_POINT('',(-40.5017226503,0.191658940299));
#9610 = CARTESIAN_POINT('',(-40.49827769877,1.676001559758E-10));
#9611 = CARTESIAN_POINT('',(-40.50172265334,-0.19165894065));
#9612 = CARTESIAN_POINT('',(-40.51204699537,-0.383085589464));
#9613 = CARTESIAN_POINT('',(-40.52922354689,-0.5740456495));
#9614 = CARTESIAN_POINT('',(-40.55321284756,-0.764300816811));
#9615 = CARTESIAN_POINT('',(-40.58396753139,-0.953606777478));
#9616 = CARTESIAN_POINT('',(-40.62143670399,-1.14171120409));
#9617 = CARTESIAN_POINT('',(-40.66557031816,-1.328351754111));
#9618 = CARTESIAN_POINT('',(-40.71631108354,-1.513267561585));
#9619 = CARTESIAN_POINT('',(-40.77358637749,-1.696210727494));
#9620 = CARTESIAN_POINT('',(-40.83730015625,-1.876957809738));
#9621 = CARTESIAN_POINT('',(-40.90732486439,-2.055321315395));
#9622 = CARTESIAN_POINT('',(-40.98349334886,-2.231161186394));
#9623 = CARTESIAN_POINT('',(-41.06561430181,-2.404361934354));
#9624 = CARTESIAN_POINT('',(-41.15348769895,-2.574809781919));
#9625 = CARTESIAN_POINT('',(-41.24692023904,-2.742369802304));
#9626 = CARTESIAN_POINT('',(-41.345740784,-2.906863058181));
#9627 = CARTESIAN_POINT('',(-41.44981579589,-3.068043744731));
#9628 = CARTESIAN_POINT('',(-41.55899946924,-3.225675339478));
#9629 = CARTESIAN_POINT('',(-41.67308386951,-3.379606740463));
#9630 = CARTESIAN_POINT('',(-41.7917490647,-3.529848420216));
#9631 = CARTESIAN_POINT('',(-41.91451326984,-3.676648547383));
#9632 = CARTESIAN_POINT('',(-42.04068295659,-3.820569194932));
#9633 = CARTESIAN_POINT('',(-42.16936534424,-3.962422676371));
#9634 = CARTESIAN_POINT('',(-42.29948095282,-4.103207790174));
#9635 = CARTESIAN_POINT('',(-42.42977608624,-4.244046109447));
#9636 = CARTESIAN_POINT('',(-42.55883545147,-4.386118228218));
#9637 = CARTESIAN_POINT('',(-42.68509442493,-4.530600093407));
#9638 = CARTESIAN_POINT('',(-42.80696942546,-4.67857416178));
#9639 = CARTESIAN_POINT('',(-42.92298858645,-4.830940521822));
#9640 = CARTESIAN_POINT('',(-43.03192240495,-4.98832795498));
#9641 = CARTESIAN_POINT('',(-43.13291419952,-5.151005190413));
#9642 = CARTESIAN_POINT('',(-43.22561120744,-5.318791610646));
#9643 = CARTESIAN_POINT('',(-43.31003281478,-5.491187635958));
#9644 = CARTESIAN_POINT('',(-43.38643812649,-5.667505656024));
#9645 = CARTESIAN_POINT('',(-43.45519376587,-5.847000774922));
#9646 = CARTESIAN_POINT('',(-43.51664161407,-6.029001596545));
#9647 = CARTESIAN_POINT('',(-43.57096647369,-6.213041098806));
#9648 = CARTESIAN_POINT('',(-43.61823926625,-6.398804460722));
#9649 = CARTESIAN_POINT('',(-43.65846035896,-6.586076756462));
#9650 = CARTESIAN_POINT('',(-43.69160284289,-6.774690699371));
#9651 = CARTESIAN_POINT('',(-43.71765583158,-6.964474365068));
#9652 = CARTESIAN_POINT('',(-43.73666775107,-7.155198923306));
#9653 = CARTESIAN_POINT('',(-43.74872776706,-7.346595915146));
#9654 = CARTESIAN_POINT('',(-43.75394720995,-7.538374532229));
#9655 = CARTESIAN_POINT('',(-43.75244100123,-7.730238894772));
#9656 = CARTESIAN_POINT('',(-43.74430907839,-7.921905330849));
#9657 = CARTESIAN_POINT('',(-43.72961782311,-8.113119653012));
#9658 = CARTESIAN_POINT('',(-43.70840981852,-8.303651865525));
#9659 = CARTESIAN_POINT('',(-43.68071360333,-8.493290874112));
#9660 = CARTESIAN_POINT('',(-43.64655342706,-8.681839194845));
#9661 = CARTESIAN_POINT('',(-43.60595900477,-8.869107663418));
#9662 = CARTESIAN_POINT('',(-43.55897527204,-9.054910144319));
#9663 = CARTESIAN_POINT('',(-43.50565539762,-9.239054908642));
#9664 = CARTESIAN_POINT('',(-43.44605379629,-9.421336012093));
#9665 = CARTESIAN_POINT('',(-43.38021914139,-9.601524672436));
#9666 = CARTESIAN_POINT('',(-43.30818737805,-9.779360648184));
#9667 = CARTESIAN_POINT('',(-43.22997473447,-9.95454361374));
#9668 = CARTESIAN_POINT('',(-43.14558826792,-10.12675622925));
#9669 = CARTESIAN_POINT('',(-43.0550364127,-10.29568721416));
#9670 = CARTESIAN_POINT('',(-42.95833952723,-10.46105441895));
#9671 = CARTESIAN_POINT('',(-42.85554044185,-10.62262789869));
#9672 = CARTESIAN_POINT('',(-42.74671500563,-10.7802529837));
#9673 = CARTESIAN_POINT('',(-42.63195209442,-10.93378542253));
#9674 = CARTESIAN_POINT('',(-42.51133361455,-11.08302651358));
#9675 = CARTESIAN_POINT('',(-42.38491451724,-11.22765826383));
#9676 = CARTESIAN_POINT('',(-42.25270278735,-11.36717848282));
#9677 = CARTESIAN_POINT('',(-42.11463950062,-11.50083604911));
#9678 = CARTESIAN_POINT('',(-41.97067100246,-11.62780246615));
#9679 = CARTESIAN_POINT('',(-41.82082105049,-11.74734330702));
#9680 = CARTESIAN_POINT('',(-41.66526291716,-11.85898959876));
#9681 = CARTESIAN_POINT('',(-41.50439163292,-11.96270946711));
#9682 = CARTESIAN_POINT('',(-41.33889582893,-12.05907902282));
#9683 = CARTESIAN_POINT('',(-41.16967079124,-12.14914969519));
#9684 = CARTESIAN_POINT('',(-40.99773189557,-12.23431631772));
#9685 = CARTESIAN_POINT('',(-40.82412793945,-12.31618496176));
#9686 = CARTESIAN_POINT('',(-40.64985442989,-12.39644081736));
#9687 = CARTESIAN_POINT('',(-40.47576713396,-12.47671622101));
#9688 = CARTESIAN_POINT('',(-40.30259511044,-12.55852714001));
#9689 = CARTESIAN_POINT('',(-40.13095344801,-12.6432094425));
#9690 = CARTESIAN_POINT('',(-39.96135611273,-12.73185525968));
#9691 = CARTESIAN_POINT('',(-39.79422874815,-12.82524927951));
#9692 = CARTESIAN_POINT('',(-39.6299214976,-12.92380514892));
#9693 = CARTESIAN_POINT('',(-39.46872593323,-13.0276549738));
#9694 = CARTESIAN_POINT('',(-39.31089198596,-13.13673872556));
#9695 = CARTESIAN_POINT('',(-39.1566448749,-13.2508936826));
#9696 = CARTESIAN_POINT('',(-39.00620203653,-13.36994385449));
#9697 = CARTESIAN_POINT('',(-38.85979005505,-13.4937894193));
#9698 = CARTESIAN_POINT('',(-38.71763914813,-13.62237969809));
#9699 = CARTESIAN_POINT('',(-38.57997765139,-13.75568612436));
#9700 = CARTESIAN_POINT('',(-38.44702650319,-13.89367521435));
#9701 = CARTESIAN_POINT('',(-38.31899372972,-14.03628153937));
#9702 = CARTESIAN_POINT('',(-38.19606892858,-14.18338069053));
#9703 = CARTESIAN_POINT('',(-38.07842634293,-14.3348029855));
#9704 = CARTESIAN_POINT('',(-37.9662279377,-14.49034718311));
#9705 = CARTESIAN_POINT('',(-37.85962647434,-14.64979419506));
#9706 = CARTESIAN_POINT('',(-37.75876858742,-14.81292079868));
#9707 = CARTESIAN_POINT('',(-37.66379785784,-14.97951334977));
#9708 = CARTESIAN_POINT('',(-37.57485154339,-15.14936426075));
#9709 = CARTESIAN_POINT('',(-37.50861613796,-15.28768762598));
#9710 = CARTESIAN_POINT('',(-37.46175966384,-15.39271140936));
#9711 = CARTESIAN_POINT('',(-37.43178852509,-15.46326863303));
#9712 = CARTESIAN_POINT('',(-37.4171210667,-15.49867901078));
#9713 = ( GEOMETRIC_REPRESENTATION_CONTEXT(2) 
PARAMETRIC_REPRESENTATION_CONTEXT() REPRESENTATION_CONTEXT('2D SPACE',''
  ) );
#9714 = ORIENTED_EDGE('',*,*,#6464,.F.);
#9715 = ADVANCED_FACE('',(#9716),#9730,.F.);
#9716 = FACE_BOUND('',#9717,.F.);
#9717 = EDGE_LOOP('',(#9718,#9748,#9774,#9775));
#9718 = ORIENTED_EDGE('',*,*,#9719,.T.);
#9719 = EDGE_CURVE('',#9720,#9722,#9724,.T.);
#9720 = VERTEX_POINT('',#9721);
#9721 = CARTESIAN_POINT('',(19.899331367359,-3.560398376794,7.1));
#9722 = VERTEX_POINT('',#9723);
#9723 = CARTESIAN_POINT('',(19.899331367359,-3.560398376794,10.));
#9724 = SEAM_CURVE('',#9725,(#9729,#9741),.PCURVE_S1.);
#9725 = LINE('',#9726,#9727);
#9726 = CARTESIAN_POINT('',(19.899331367359,-3.560398376794,10.));
#9727 = VECTOR('',#9728,1.);
#9728 = DIRECTION('',(0.,0.,1.));
#9729 = PCURVE('',#9730,#9735);
#9730 = CYLINDRICAL_SURFACE('',#9731,18.25);
#9731 = AXIS2_PLACEMENT_3D('',#9732,#9733,#9734);
#9732 = CARTESIAN_POINT('',(2.,0.,10.));
#9733 = DIRECTION('',(0.,0.,-1.));
#9734 = DIRECTION('',(-0.980785280403,0.195090322016,0.));
#9735 = DEFINITIONAL_REPRESENTATION('',(#9736),#9740);
#9736 = LINE('',#9737,#9738);
#9737 = CARTESIAN_POINT('',(-3.14159265359,0.));
#9738 = VECTOR('',#9739,1.);
#9739 = DIRECTION('',(0.,-1.));
#9740 = ( GEOMETRIC_REPRESENTATION_CONTEXT(2) 
PARAMETRIC_REPRESENTATION_CONTEXT() REPRESENTATION_CONTEXT('2D SPACE',''
  ) );
#9741 = PCURVE('',#9730,#9742);
#9742 = DEFINITIONAL_REPRESENTATION('',(#9743),#9747);
#9743 = LINE('',#9744,#9745);
#9744 = CARTESIAN_POINT('',(3.14159265359,0.));
#9745 = VECTOR('',#9746,1.);
#9746 = DIRECTION('',(0.,-1.));
#9747 = ( GEOMETRIC_REPRESENTATION_CONTEXT(2) 
PARAMETRIC_REPRESENTATION_CONTEXT() REPRESENTATION_CONTEXT('2D SPACE',''
  ) );
#9748 = ORIENTED_EDGE('',*,*,#9749,.T.);
#9749 = EDGE_CURVE('',#9722,#9722,#9750,.T.);
#9750 = SURFACE_CURVE('',#9751,(#9756,#9763),.PCURVE_S1.);
#9751 = CIRCLE('',#9752,18.25);
#9752 = AXIS2_PLACEMENT_3D('',#9753,#9754,#9755);
#9753 = CARTESIAN_POINT('',(2.,0.,10.));
#9754 = DIRECTION('',(0.,0.,-1.));
#9755 = DIRECTION('',(-0.980785280403,0.195090322016,0.));
#9756 = PCURVE('',#9730,#9757);
#9757 = DEFINITIONAL_REPRESENTATION('',(#9758),#9762);
#9758 = LINE('',#9759,#9760);
#9759 = CARTESIAN_POINT('',(-6.28318530718,0.));
#9760 = VECTOR('',#9761,1.);
#9761 = DIRECTION('',(1.,0.));
#9762 = ( GEOMETRIC_REPRESENTATION_CONTEXT(2) 
PARAMETRIC_REPRESENTATION_CONTEXT() REPRESENTATION_CONTEXT('2D SPACE',''
  ) );
#9763 = PCURVE('',#8101,#9764);
#9764 = DEFINITIONAL_REPRESENTATION('',(#9765),#9773);
#9765 = ( BOUNDED_CURVE() B_SPLINE_CURVE(2,(#9766,#9767,#9768,#9769,
#9770,#9771,#9772),.UNSPECIFIED.,.T.,.F.) B_SPLINE_CURVE_WITH_KNOTS((1,2
    ,2,2,2,1),(-2.094395102393,0.,2.094395102393,4.188790204786,
6.28318530718,8.377580409573),.UNSPECIFIED.) CURVE() 
GEOMETRIC_REPRESENTATION_ITEM() RATIONAL_B_SPLINE_CURVE((1.,0.5,1.,0.5,
1.,0.5,1.)) REPRESENTATION_ITEM('') );
#9766 = CARTESIAN_POINT('',(17.899331367359,3.560398376794));
#9767 = CARTESIAN_POINT('',(24.066122251153,-27.44215297298));
#9768 = CARTESIAN_POINT('',(-5.866270241783,-17.28147486328));
#9769 = CARTESIAN_POINT('',(-35.79866273471,-7.120796753589));
#9770 = CARTESIAN_POINT('',(-12.03306112557,13.721076486491));
#9771 = CARTESIAN_POINT('',(11.732540483565,34.562949726571));
#9772 = CARTESIAN_POINT('',(17.899331367359,3.560398376794));
#9773 = ( GEOMETRIC_REPRESENTATION_CONTEXT(2) 
PARAMETRIC_REPRESENTATION_CONTEXT() REPRESENTATION_CONTEXT('2D SPACE',''
  ) );
#9774 = ORIENTED_EDGE('',*,*,#9719,.F.);
#9775 = ORIENTED_EDGE('',*,*,#9776,.T.);
#9776 = EDGE_CURVE('',#9720,#9720,#9777,.T.);
#9777 = SURFACE_CURVE('',#9778,(#9783,#9790),.PCURVE_S1.);
#9778 = CIRCLE('',#9779,18.25);
#9779 = AXIS2_PLACEMENT_3D('',#9780,#9781,#9782);
#9780 = CARTESIAN_POINT('',(2.,0.,7.1));
#9781 = DIRECTION('',(0.,0.,1.));
#9782 = DIRECTION('',(-0.980785280403,0.195090322016,0.));
#9783 = PCURVE('',#9730,#9784);
#9784 = DEFINITIONAL_REPRESENTATION('',(#9785),#9789);
#9785 = LINE('',#9786,#9787);
#9786 = CARTESIAN_POINT('',(6.28318530718,2.9));
#9787 = VECTOR('',#9788,1.);
#9788 = DIRECTION('',(-1.,0.));
#9789 = ( GEOMETRIC_REPRESENTATION_CONTEXT(2) 
PARAMETRIC_REPRESENTATION_CONTEXT() REPRESENTATION_CONTEXT('2D SPACE',''
  ) );
#9790 = PCURVE('',#9791,#9796);
#9791 = PLANE('',#9792);
#9792 = AXIS2_PLACEMENT_3D('',#9793,#9794,#9795);
#9793 = CARTESIAN_POINT('',(2.,0.,7.1));
#9794 = DIRECTION('',(0.,0.,1.));
#9795 = DIRECTION('',(-0.980785280403,0.195090322016,0.));
#9796 = DEFINITIONAL_REPRESENTATION('',(#9797),#9801);
#9797 = CIRCLE('',#9798,18.25);
#9798 = AXIS2_PLACEMENT_2D('',#9799,#9800);
#9799 = CARTESIAN_POINT('',(0.,0.));
#9800 = DIRECTION('',(1.,1.942890293094E-16));
#9801 = ( GEOMETRIC_REPRESENTATION_CONTEXT(2) 
PARAMETRIC_REPRESENTATION_CONTEXT() REPRESENTATION_CONTEXT('2D SPACE',''
  ) );
#9802 = ADVANCED_FACE('',(#9803,#9834),#9791,.F.);
#9803 = FACE_BOUND('',#9804,.T.);
#9804 = EDGE_LOOP('',(#9805));
#9805 = ORIENTED_EDGE('',*,*,#9806,.F.);
#9806 = EDGE_CURVE('',#9807,#9807,#9809,.T.);
#9807 = VERTEX_POINT('',#9808);
#9808 = CARTESIAN_POINT('',(21.401470182737,-8.036352079667,7.1));
#9809 = SURFACE_CURVE('',#9810,(#9815,#9822),.PCURVE_S1.);
#9810 = CIRCLE('',#9811,21.);
#9811 = AXIS2_PLACEMENT_3D('',#9812,#9813,#9814);
#9812 = CARTESIAN_POINT('',(2.,0.,7.1));
#9813 = DIRECTION('',(0.,0.,1.));
#9814 = DIRECTION('',(-0.923879532511,0.382683432365,0.));
#9815 = PCURVE('',#9791,#9816);
#9816 = DEFINITIONAL_REPRESENTATION('',(#9817),#9821);
#9817 = CIRCLE('',#9818,21.);
#9818 = AXIS2_PLACEMENT_2D('',#9819,#9820);
#9819 = CARTESIAN_POINT('',(0.,0.));
#9820 = DIRECTION('',(0.980785280403,-0.195090322016));
#9821 = ( GEOMETRIC_REPRESENTATION_CONTEXT(2) 
PARAMETRIC_REPRESENTATION_CONTEXT() REPRESENTATION_CONTEXT('2D SPACE',''
  ) );
#9822 = PCURVE('',#9823,#9828);
#9823 = CYLINDRICAL_SURFACE('',#9824,21.);
#9824 = AXIS2_PLACEMENT_3D('',#9825,#9826,#9827);
#9825 = CARTESIAN_POINT('',(2.,0.,10.));
#9826 = DIRECTION('',(0.,0.,-1.));
#9827 = DIRECTION('',(-0.923879532511,0.382683432365,0.));
#9828 = DEFINITIONAL_REPRESENTATION('',(#9829),#9833);
#9829 = LINE('',#9830,#9831);
#9830 = CARTESIAN_POINT('',(6.28318530718,2.9));
#9831 = VECTOR('',#9832,1.);
#9832 = DIRECTION('',(-1.,0.));
#9833 = ( GEOMETRIC_REPRESENTATION_CONTEXT(2) 
PARAMETRIC_REPRESENTATION_CONTEXT() REPRESENTATION_CONTEXT('2D SPACE',''
  ) );
#9834 = FACE_BOUND('',#9835,.T.);
#9835 = EDGE_LOOP('',(#9836));
#9836 = ORIENTED_EDGE('',*,*,#9776,.T.);
#9837 = ADVANCED_FACE('',(#9838),#9852,.F.);
#9838 = FACE_BOUND('',#9839,.F.);
#9839 = EDGE_LOOP('',(#9840,#9870,#9892,#9893));
#9840 = ORIENTED_EDGE('',*,*,#9841,.T.);
#9841 = EDGE_CURVE('',#9842,#9844,#9846,.T.);
#9842 = VERTEX_POINT('',#9843);
#9843 = CARTESIAN_POINT('',(1.713664522897,-31.72922609209,
    2.22044604925E-15));
#9844 = VERTEX_POINT('',#9845);
#9845 = CARTESIAN_POINT('',(1.713664522897,-31.72922609209,10.));
#9846 = SEAM_CURVE('',#9847,(#9851,#9863),.PCURVE_S1.);
#9847 = LINE('',#9848,#9849);
#9848 = CARTESIAN_POINT('',(1.713664522897,-31.72922609209,10.));
#9849 = VECTOR('',#9850,1.);
#9850 = DIRECTION('',(0.,0.,1.));
#9851 = PCURVE('',#9852,#9857);
#9852 = CYLINDRICAL_SURFACE('',#9853,6.025);
#9853 = AXIS2_PLACEMENT_3D('',#9854,#9855,#9856);
#9854 = CARTESIAN_POINT('',(-3.852709660484,-29.42355841209,10.));
#9855 = DIRECTION('',(0.,0.,-1.));
#9856 = DIRECTION('',(-0.923879532511,0.382683432365,0.));
#9857 = DEFINITIONAL_REPRESENTATION('',(#9858),#9862);
#9858 = LINE('',#9859,#9860);
#9859 = CARTESIAN_POINT('',(3.14159265359,0.));
#9860 = VECTOR('',#9861,1.);
#9861 = DIRECTION('',(0.,-1.));
#9862 = ( GEOMETRIC_REPRESENTATION_CONTEXT(2) 
PARAMETRIC_REPRESENTATION_CONTEXT() REPRESENTATION_CONTEXT('2D SPACE',''
  ) );
#9863 = PCURVE('',#9852,#9864);
#9864 = DEFINITIONAL_REPRESENTATION('',(#9865),#9869);
#9865 = LINE('',#9866,#9867);
#9866 = CARTESIAN_POINT('',(9.424777960769,0.));
#9867 = VECTOR('',#9868,1.);
#9868 = DIRECTION('',(0.,-1.));
#9869 = ( GEOMETRIC_REPRESENTATION_CONTEXT(2) 
PARAMETRIC_REPRESENTATION_CONTEXT() REPRESENTATION_CONTEXT('2D SPACE',''
  ) );
#9870 = ORIENTED_EDGE('',*,*,#9871,.F.);
#9871 = EDGE_CURVE('',#9844,#9844,#9872,.T.);
#9872 = SURFACE_CURVE('',#9873,(#9878,#9885),.PCURVE_S1.);
#9873 = CIRCLE('',#9874,6.025);
#9874 = AXIS2_PLACEMENT_3D('',#9875,#9876,#9877);
#9875 = CARTESIAN_POINT('',(-3.852709660484,-29.42355841209,10.));
#9876 = DIRECTION('',(0.,0.,1.));
#9877 = DIRECTION('',(-0.923879532511,0.382683432365,0.));
#9878 = PCURVE('',#9852,#9879);
#9879 = DEFINITIONAL_REPRESENTATION('',(#9880),#9884);
#9880 = LINE('',#9881,#9882);
#9881 = CARTESIAN_POINT('',(12.566370614359,0.));
#9882 = VECTOR('',#9883,1.);
#9883 = DIRECTION('',(-1.,0.));
#9884 = ( GEOMETRIC_REPRESENTATION_CONTEXT(2) 
PARAMETRIC_REPRESENTATION_CONTEXT() REPRESENTATION_CONTEXT('2D SPACE',''
  ) );
#9885 = PCURVE('',#8101,#9886);
#9886 = DEFINITIONAL_REPRESENTATION('',(#9887),#9891);
#9887 = CIRCLE('',#9888,6.025);
#9888 = AXIS2_PLACEMENT_2D('',#9889,#9890);
#9889 = CARTESIAN_POINT('',(-5.852709660484,29.423558412097));
#9890 = DIRECTION('',(1.,0.));
#9891 = ( GEOMETRIC_REPRESENTATION_CONTEXT(2) 
PARAMETRIC_REPRESENTATION_CONTEXT() REPRESENTATION_CONTEXT('2D SPACE',''
  ) );
#9892 = ORIENTED_EDGE('',*,*,#9841,.F.);
#9893 = ORIENTED_EDGE('',*,*,#9894,.T.);
#9894 = EDGE_CURVE('',#9842,#9842,#9895,.T.);
#9895 = SURFACE_CURVE('',#9896,(#9901,#9908),.PCURVE_S1.);
#9896 = CIRCLE('',#9897,6.025);
#9897 = AXIS2_PLACEMENT_3D('',#9898,#9899,#9900);
#9898 = CARTESIAN_POINT('',(-3.852709660484,-29.42355841209,
    2.22044604925E-15));
#9899 = DIRECTION('',(0.,0.,1.));
#9900 = DIRECTION('',(-0.923879532511,0.382683432365,0.));
#9901 = PCURVE('',#9852,#9902);
#9902 = DEFINITIONAL_REPRESENTATION('',(#9903),#9907);
#9903 = LINE('',#9904,#9905);
#9904 = CARTESIAN_POINT('',(12.566370614359,10.));
#9905 = VECTOR('',#9906,1.);
#9906 = DIRECTION('',(-1.,0.));
#9907 = ( GEOMETRIC_REPRESENTATION_CONTEXT(2) 
PARAMETRIC_REPRESENTATION_CONTEXT() REPRESENTATION_CONTEXT('2D SPACE',''
  ) );
#9908 = PCURVE('',#4850,#9909);
#9909 = DEFINITIONAL_REPRESENTATION('',(#9910),#9914);
#9910 = CIRCLE('',#9911,6.025);
#9911 = AXIS2_PLACEMENT_2D('',#9912,#9913);
#9912 = CARTESIAN_POINT('',(-5.852709660484,29.423558412097));
#9913 = DIRECTION('',(1.,0.));
#9914 = ( GEOMETRIC_REPRESENTATION_CONTEXT(2) 
PARAMETRIC_REPRESENTATION_CONTEXT() REPRESENTATION_CONTEXT('2D SPACE',''
  ) );
#9915 = ADVANCED_FACE('',(#9916),#9930,.F.);
#9916 = FACE_BOUND('',#9917,.F.);
#9917 = EDGE_LOOP('',(#9918,#9948,#9970,#9971));
#9918 = ORIENTED_EDGE('',*,*,#9919,.T.);
#9919 = EDGE_CURVE('',#9920,#9922,#9924,.T.);
#9920 = VERTEX_POINT('',#9921);
#9921 = CARTESIAN_POINT('',(36.989932595477,-8.158377340483,
    2.22044604925E-15));
#9922 = VERTEX_POINT('',#9923);
#9923 = CARTESIAN_POINT('',(36.989932595477,-8.158377340483,10.));
#9924 = SEAM_CURVE('',#9925,(#9929,#9941),.PCURVE_S1.);
#9925 = LINE('',#9926,#9927);
#9926 = CARTESIAN_POINT('',(36.989932595477,-8.158377340484,10.));
#9927 = VECTOR('',#9928,1.);
#9928 = DIRECTION('',(0.,0.,1.));
#9929 = PCURVE('',#9930,#9935);
#9930 = CYLINDRICAL_SURFACE('',#9931,6.025);
#9931 = AXIS2_PLACEMENT_3D('',#9932,#9933,#9934);
#9932 = CARTESIAN_POINT('',(31.423558412097,-5.852709660484,10.));
#9933 = DIRECTION('',(0.,0.,-1.));
#9934 = DIRECTION('',(-0.923879532511,0.382683432365,0.));
#9935 = DEFINITIONAL_REPRESENTATION('',(#9936),#9940);
#9936 = LINE('',#9937,#9938);
#9937 = CARTESIAN_POINT('',(-3.14159265359,0.));
#9938 = VECTOR('',#9939,1.);
#9939 = DIRECTION('',(0.,-1.));
#9940 = ( GEOMETRIC_REPRESENTATION_CONTEXT(2) 
PARAMETRIC_REPRESENTATION_CONTEXT() REPRESENTATION_CONTEXT('2D SPACE',''
  ) );
#9941 = PCURVE('',#9930,#9942);
#9942 = DEFINITIONAL_REPRESENTATION('',(#9943),#9947);
#9943 = LINE('',#9944,#9945);
#9944 = CARTESIAN_POINT('',(3.14159265359,0.));
#9945 = VECTOR('',#9946,1.);
#9946 = DIRECTION('',(0.,-1.));
#9947 = ( GEOMETRIC_REPRESENTATION_CONTEXT(2) 
PARAMETRIC_REPRESENTATION_CONTEXT() REPRESENTATION_CONTEXT('2D SPACE',''
  ) );
#9948 = ORIENTED_EDGE('',*,*,#9949,.F.);
#9949 = EDGE_CURVE('',#9922,#9922,#9950,.T.);
#9950 = SURFACE_CURVE('',#9951,(#9956,#9963),.PCURVE_S1.);
#9951 = CIRCLE('',#9952,6.025);
#9952 = AXIS2_PLACEMENT_3D('',#9953,#9954,#9955);
#9953 = CARTESIAN_POINT('',(31.423558412097,-5.852709660484,10.));
#9954 = DIRECTION('',(0.,0.,1.));
#9955 = DIRECTION('',(-0.923879532511,0.382683432365,0.));
#9956 = PCURVE('',#9930,#9957);
#9957 = DEFINITIONAL_REPRESENTATION('',(#9958),#9962);
#9958 = LINE('',#9959,#9960);
#9959 = CARTESIAN_POINT('',(6.28318530718,0.));
#9960 = VECTOR('',#9961,1.);
#9961 = DIRECTION('',(-1.,0.));
#9962 = ( GEOMETRIC_REPRESENTATION_CONTEXT(2) 
PARAMETRIC_REPRESENTATION_CONTEXT() REPRESENTATION_CONTEXT('2D SPACE',''
  ) );
#9963 = PCURVE('',#8101,#9964);
#9964 = DEFINITIONAL_REPRESENTATION('',(#9965),#9969);
#9965 = CIRCLE('',#9966,6.025);
#9966 = AXIS2_PLACEMENT_2D('',#9967,#9968);
#9967 = CARTESIAN_POINT('',(-29.42355841209,-5.852709660484));
#9968 = DIRECTION('',(1.,0.));
#9969 = ( GEOMETRIC_REPRESENTATION_CONTEXT(2) 
PARAMETRIC_REPRESENTATION_CONTEXT() REPRESENTATION_CONTEXT('2D SPACE',''
  ) );
#9970 = ORIENTED_EDGE('',*,*,#9919,.F.);
#9971 = ORIENTED_EDGE('',*,*,#9972,.T.);
#9972 = EDGE_CURVE('',#9920,#9920,#9973,.T.);
#9973 = SURFACE_CURVE('',#9974,(#9979,#9986),.PCURVE_S1.);
#9974 = CIRCLE('',#9975,6.025);
#9975 = AXIS2_PLACEMENT_3D('',#9976,#9977,#9978);
#9976 = CARTESIAN_POINT('',(31.423558412097,-5.852709660484,
    2.22044604925E-15));
#9977 = DIRECTION('',(0.,0.,1.));
#9978 = DIRECTION('',(-0.923879532511,0.382683432365,0.));
#9979 = PCURVE('',#9930,#9980);
#9980 = DEFINITIONAL_REPRESENTATION('',(#9981),#9985);
#9981 = LINE('',#9982,#9983);
#9982 = CARTESIAN_POINT('',(6.28318530718,10.));
#9983 = VECTOR('',#9984,1.);
#9984 = DIRECTION('',(-1.,0.));
#9985 = ( GEOMETRIC_REPRESENTATION_CONTEXT(2) 
PARAMETRIC_REPRESENTATION_CONTEXT() REPRESENTATION_CONTEXT('2D SPACE',''
  ) );
#9986 = PCURVE('',#4850,#9987);
#9987 = DEFINITIONAL_REPRESENTATION('',(#9988),#9992);
#9988 = CIRCLE('',#9989,6.025);
#9989 = AXIS2_PLACEMENT_2D('',#9990,#9991);
#9990 = CARTESIAN_POINT('',(-29.42355841209,-5.852709660484));
#9991 = DIRECTION('',(1.,0.));
#9992 = ( GEOMETRIC_REPRESENTATION_CONTEXT(2) 
PARAMETRIC_REPRESENTATION_CONTEXT() REPRESENTATION_CONTEXT('2D SPACE',''
  ) );
#9993 = ADVANCED_FACE('',(#9994),#10008,.F.);
#9994 = FACE_BOUND('',#9995,.F.);
#9995 = EDGE_LOOP('',(#9996,#10026,#10048,#10049));
#9996 = ORIENTED_EDGE('',*,*,#9997,.T.);
#9997 = EDGE_CURVE('',#9998,#10000,#10002,.T.);
#9998 = VERTEX_POINT('',#9999);
#9999 = CARTESIAN_POINT('',(13.419083843864,27.117890732097,
    2.22044604925E-15));
#10000 = VERTEX_POINT('',#10001);
#10001 = CARTESIAN_POINT('',(13.419083843864,27.117890732097,10.));
#10002 = SEAM_CURVE('',#10003,(#10007,#10019),.PCURVE_S1.);
#10003 = LINE('',#10004,#10005);
#10004 = CARTESIAN_POINT('',(13.419083843864,27.117890732097,10.));
#10005 = VECTOR('',#10006,1.);
#10006 = DIRECTION('',(0.,0.,1.));
#10007 = PCURVE('',#10008,#10013);
#10008 = CYLINDRICAL_SURFACE('',#10009,6.025);
#10009 = AXIS2_PLACEMENT_3D('',#10010,#10011,#10012);
#10010 = CARTESIAN_POINT('',(7.852709660484,29.423558412097,10.));
#10011 = DIRECTION('',(0.,0.,-1.));
#10012 = DIRECTION('',(-0.923879532511,0.382683432365,0.));
#10013 = DEFINITIONAL_REPRESENTATION('',(#10014),#10018);
#10014 = LINE('',#10015,#10016);
#10015 = CARTESIAN_POINT('',(-3.14159265359,0.));
#10016 = VECTOR('',#10017,1.);
#10017 = DIRECTION('',(0.,-1.));
#10018 = ( GEOMETRIC_REPRESENTATION_CONTEXT(2) 
PARAMETRIC_REPRESENTATION_CONTEXT() REPRESENTATION_CONTEXT('2D SPACE',''
  ) );
#10019 = PCURVE('',#10008,#10020);
#10020 = DEFINITIONAL_REPRESENTATION('',(#10021),#10025);
#10021 = LINE('',#10022,#10023);
#10022 = CARTESIAN_POINT('',(3.14159265359,0.));
#10023 = VECTOR('',#10024,1.);
#10024 = DIRECTION('',(0.,-1.));
#10025 = ( GEOMETRIC_REPRESENTATION_CONTEXT(2) 
PARAMETRIC_REPRESENTATION_CONTEXT() REPRESENTATION_CONTEXT('2D SPACE',''
  ) );
#10026 = ORIENTED_EDGE('',*,*,#10027,.F.);
#10027 = EDGE_CURVE('',#10000,#10000,#10028,.T.);
#10028 = SURFACE_CURVE('',#10029,(#10034,#10041),.PCURVE_S1.);
#10029 = CIRCLE('',#10030,6.025);
#10030 = AXIS2_PLACEMENT_3D('',#10031,#10032,#10033);
#10031 = CARTESIAN_POINT('',(7.852709660484,29.423558412097,10.));
#10032 = DIRECTION('',(0.,0.,1.));
#10033 = DIRECTION('',(-0.923879532511,0.382683432365,0.));
#10034 = PCURVE('',#10008,#10035);
#10035 = DEFINITIONAL_REPRESENTATION('',(#10036),#10040);
#10036 = LINE('',#10037,#10038);
#10037 = CARTESIAN_POINT('',(6.28318530718,0.));
#10038 = VECTOR('',#10039,1.);
#10039 = DIRECTION('',(-1.,0.));
#10040 = ( GEOMETRIC_REPRESENTATION_CONTEXT(2) 
PARAMETRIC_REPRESENTATION_CONTEXT() REPRESENTATION_CONTEXT('2D SPACE',''
  ) );
#10041 = PCURVE('',#8101,#10042);
#10042 = DEFINITIONAL_REPRESENTATION('',(#10043),#10047);
#10043 = CIRCLE('',#10044,6.025);
#10044 = AXIS2_PLACEMENT_2D('',#10045,#10046);
#10045 = CARTESIAN_POINT('',(5.852709660484,-29.42355841209));
#10046 = DIRECTION('',(1.,0.));
#10047 = ( GEOMETRIC_REPRESENTATION_CONTEXT(2) 
PARAMETRIC_REPRESENTATION_CONTEXT() REPRESENTATION_CONTEXT('2D SPACE',''
  ) );
#10048 = ORIENTED_EDGE('',*,*,#9997,.F.);
#10049 = ORIENTED_EDGE('',*,*,#10050,.T.);
#10050 = EDGE_CURVE('',#9998,#9998,#10051,.T.);
#10051 = SURFACE_CURVE('',#10052,(#10057,#10064),.PCURVE_S1.);
#10052 = CIRCLE('',#10053,6.025);
#10053 = AXIS2_PLACEMENT_3D('',#10054,#10055,#10056);
#10054 = CARTESIAN_POINT('',(7.852709660484,29.423558412097,
    2.22044604925E-15));
#10055 = DIRECTION('',(0.,0.,1.));
#10056 = DIRECTION('',(-0.923879532511,0.382683432365,0.));
#10057 = PCURVE('',#10008,#10058);
#10058 = DEFINITIONAL_REPRESENTATION('',(#10059),#10063);
#10059 = LINE('',#10060,#10061);
#10060 = CARTESIAN_POINT('',(6.28318530718,10.));
#10061 = VECTOR('',#10062,1.);
#10062 = DIRECTION('',(-1.,0.));
#10063 = ( GEOMETRIC_REPRESENTATION_CONTEXT(2) 
PARAMETRIC_REPRESENTATION_CONTEXT() REPRESENTATION_CONTEXT('2D SPACE',''
  ) );
#10064 = PCURVE('',#4850,#10065);
#10065 = DEFINITIONAL_REPRESENTATION('',(#10066),#10070);
#10066 = CIRCLE('',#10067,6.025);
#10067 = AXIS2_PLACEMENT_2D('',#10068,#10069);
#10068 = CARTESIAN_POINT('',(5.852709660484,-29.42355841209));
#10069 = DIRECTION('',(1.,0.));
#10070 = ( GEOMETRIC_REPRESENTATION_CONTEXT(2) 
PARAMETRIC_REPRESENTATION_CONTEXT() REPRESENTATION_CONTEXT('2D SPACE',''
  ) );
#10071 = ADVANCED_FACE('',(#10072),#10086,.F.);
#10072 = FACE_BOUND('',#10073,.F.);
#10073 = EDGE_LOOP('',(#10074,#10104,#10126,#10127));
#10074 = ORIENTED_EDGE('',*,*,#10075,.T.);
#10075 = EDGE_CURVE('',#10076,#10078,#10080,.T.);
#10076 = VERTEX_POINT('',#10077);
#10077 = CARTESIAN_POINT('',(24.233481173969,-27.24975604907,
    2.22044604925E-15));
#10078 = VERTEX_POINT('',#10079);
#10079 = CARTESIAN_POINT('',(24.233481173969,-27.24975604907,10.));
#10080 = SEAM_CURVE('',#10081,(#10085,#10097),.PCURVE_S1.);
#10081 = LINE('',#10082,#10083);
#10082 = CARTESIAN_POINT('',(24.233481173969,-27.24975604907,10.));
#10083 = VECTOR('',#10084,1.);
#10084 = DIRECTION('',(0.,0.,1.));
#10085 = PCURVE('',#10086,#10091);
#10086 = CYLINDRICAL_SURFACE('',#10087,6.025);
#10087 = AXIS2_PLACEMENT_3D('',#10088,#10089,#10090);
#10088 = CARTESIAN_POINT('',(18.667106990588,-24.94408836907,10.));
#10089 = DIRECTION('',(0.,0.,-1.));
#10090 = DIRECTION('',(-0.923879532511,0.382683432365,0.));
#10091 = DEFINITIONAL_REPRESENTATION('',(#10092),#10096);
#10092 = LINE('',#10093,#10094);
#10093 = CARTESIAN_POINT('',(-3.14159265359,0.));
#10094 = VECTOR('',#10095,1.);
#10095 = DIRECTION('',(0.,-1.));
#10096 = ( GEOMETRIC_REPRESENTATION_CONTEXT(2) 
PARAMETRIC_REPRESENTATION_CONTEXT() REPRESENTATION_CONTEXT('2D SPACE',''
  ) );
#10097 = PCURVE('',#10086,#10098);
#10098 = DEFINITIONAL_REPRESENTATION('',(#10099),#10103);
#10099 = LINE('',#10100,#10101);
#10100 = CARTESIAN_POINT('',(3.14159265359,0.));
#10101 = VECTOR('',#10102,1.);
#10102 = DIRECTION('',(0.,-1.));
#10103 = ( GEOMETRIC_REPRESENTATION_CONTEXT(2) 
PARAMETRIC_REPRESENTATION_CONTEXT() REPRESENTATION_CONTEXT('2D SPACE',''
  ) );
#10104 = ORIENTED_EDGE('',*,*,#10105,.F.);
#10105 = EDGE_CURVE('',#10078,#10078,#10106,.T.);
#10106 = SURFACE_CURVE('',#10107,(#10112,#10119),.PCURVE_S1.);
#10107 = CIRCLE('',#10108,6.025);
#10108 = AXIS2_PLACEMENT_3D('',#10109,#10110,#10111);
#10109 = CARTESIAN_POINT('',(18.667106990588,-24.94408836907,10.));
#10110 = DIRECTION('',(0.,0.,1.));
#10111 = DIRECTION('',(-0.923879532511,0.382683432365,0.));
#10112 = PCURVE('',#10086,#10113);
#10113 = DEFINITIONAL_REPRESENTATION('',(#10114),#10118);
#10114 = LINE('',#10115,#10116);
#10115 = CARTESIAN_POINT('',(6.28318530718,0.));
#10116 = VECTOR('',#10117,1.);
#10117 = DIRECTION('',(-1.,0.));
#10118 = ( GEOMETRIC_REPRESENTATION_CONTEXT(2) 
PARAMETRIC_REPRESENTATION_CONTEXT() REPRESENTATION_CONTEXT('2D SPACE',''
  ) );
#10119 = PCURVE('',#8101,#10120);
#10120 = DEFINITIONAL_REPRESENTATION('',(#10121),#10125);
#10121 = CIRCLE('',#10122,6.025);
#10122 = AXIS2_PLACEMENT_2D('',#10123,#10124);
#10123 = CARTESIAN_POINT('',(-24.94408836907,16.667106990588));
#10124 = DIRECTION('',(1.,0.));
#10125 = ( GEOMETRIC_REPRESENTATION_CONTEXT(2) 
PARAMETRIC_REPRESENTATION_CONTEXT() REPRESENTATION_CONTEXT('2D SPACE',''
  ) );
#10126 = ORIENTED_EDGE('',*,*,#10075,.F.);
#10127 = ORIENTED_EDGE('',*,*,#10128,.T.);
#10128 = EDGE_CURVE('',#10076,#10076,#10129,.T.);
#10129 = SURFACE_CURVE('',#10130,(#10135,#10142),.PCURVE_S1.);
#10130 = CIRCLE('',#10131,6.025);
#10131 = AXIS2_PLACEMENT_3D('',#10132,#10133,#10134);
#10132 = CARTESIAN_POINT('',(18.667106990588,-24.94408836907,
    2.22044604925E-15));
#10133 = DIRECTION('',(0.,0.,1.));
#10134 = DIRECTION('',(-0.923879532511,0.382683432365,0.));
#10135 = PCURVE('',#10086,#10136);
#10136 = DEFINITIONAL_REPRESENTATION('',(#10137),#10141);
#10137 = LINE('',#10138,#10139);
#10138 = CARTESIAN_POINT('',(6.28318530718,10.));
#10139 = VECTOR('',#10140,1.);
#10140 = DIRECTION('',(-1.,0.));
#10141 = ( GEOMETRIC_REPRESENTATION_CONTEXT(2) 
PARAMETRIC_REPRESENTATION_CONTEXT() REPRESENTATION_CONTEXT('2D SPACE',''
  ) );
#10142 = PCURVE('',#4850,#10143);
#10143 = DEFINITIONAL_REPRESENTATION('',(#10144),#10148);
#10144 = CIRCLE('',#10145,6.025);
#10145 = AXIS2_PLACEMENT_2D('',#10146,#10147);
#10146 = CARTESIAN_POINT('',(-24.94408836907,16.667106990588));
#10147 = DIRECTION('',(1.,0.));
#10148 = ( GEOMETRIC_REPRESENTATION_CONTEXT(2) 
PARAMETRIC_REPRESENTATION_CONTEXT() REPRESENTATION_CONTEXT('2D SPACE',''
  ) );
#10149 = ADVANCED_FACE('',(#10150),#10164,.F.);
#10150 = FACE_BOUND('',#10151,.F.);
#10151 = EDGE_LOOP('',(#10152,#10182,#10204,#10205));
#10152 = ORIENTED_EDGE('',*,*,#10153,.T.);
#10153 = EDGE_CURVE('',#10154,#10156,#10158,.T.);
#10154 = VERTEX_POINT('',#10155);
#10155 = CARTESIAN_POINT('',(-21.85718422871,3.547041980484,
    2.22044604925E-15));
#10156 = VERTEX_POINT('',#10157);
#10157 = CARTESIAN_POINT('',(-21.85718422871,3.547041980484,10.));
#10158 = SEAM_CURVE('',#10159,(#10163,#10175),.PCURVE_S1.);
#10159 = LINE('',#10160,#10161);
#10160 = CARTESIAN_POINT('',(-21.85718422871,3.547041980484,10.));
#10161 = VECTOR('',#10162,1.);
#10162 = DIRECTION('',(0.,0.,1.));
#10163 = PCURVE('',#10164,#10169);
#10164 = CYLINDRICAL_SURFACE('',#10165,6.025);
#10165 = AXIS2_PLACEMENT_3D('',#10166,#10167,#10168);
#10166 = CARTESIAN_POINT('',(-27.42355841209,5.852709660484,10.));
#10167 = DIRECTION('',(0.,0.,-1.));
#10168 = DIRECTION('',(-0.923879532511,0.382683432365,0.));
#10169 = DEFINITIONAL_REPRESENTATION('',(#10170),#10174);
#10170 = LINE('',#10171,#10172);
#10171 = CARTESIAN_POINT('',(3.14159265359,0.));
#10172 = VECTOR('',#10173,1.);
#10173 = DIRECTION('',(0.,-1.));
#10174 = ( GEOMETRIC_REPRESENTATION_CONTEXT(2) 
PARAMETRIC_REPRESENTATION_CONTEXT() REPRESENTATION_CONTEXT('2D SPACE',''
  ) );
#10175 = PCURVE('',#10164,#10176);
#10176 = DEFINITIONAL_REPRESENTATION('',(#10177),#10181);
#10177 = LINE('',#10178,#10179);
#10178 = CARTESIAN_POINT('',(9.424777960769,0.));
#10179 = VECTOR('',#10180,1.);
#10180 = DIRECTION('',(0.,-1.));
#10181 = ( GEOMETRIC_REPRESENTATION_CONTEXT(2) 
PARAMETRIC_REPRESENTATION_CONTEXT() REPRESENTATION_CONTEXT('2D SPACE',''
  ) );
#10182 = ORIENTED_EDGE('',*,*,#10183,.F.);
#10183 = EDGE_CURVE('',#10156,#10156,#10184,.T.);
#10184 = SURFACE_CURVE('',#10185,(#10190,#10197),.PCURVE_S1.);
#10185 = CIRCLE('',#10186,6.025);
#10186 = AXIS2_PLACEMENT_3D('',#10187,#10188,#10189);
#10187 = CARTESIAN_POINT('',(-27.42355841209,5.852709660484,10.));
#10188 = DIRECTION('',(0.,0.,1.));
#10189 = DIRECTION('',(-0.923879532511,0.382683432365,0.));
#10190 = PCURVE('',#10164,#10191);
#10191 = DEFINITIONAL_REPRESENTATION('',(#10192),#10196);
#10192 = LINE('',#10193,#10194);
#10193 = CARTESIAN_POINT('',(12.566370614359,0.));
#10194 = VECTOR('',#10195,1.);
#10195 = DIRECTION('',(-1.,0.));
#10196 = ( GEOMETRIC_REPRESENTATION_CONTEXT(2) 
PARAMETRIC_REPRESENTATION_CONTEXT() REPRESENTATION_CONTEXT('2D SPACE',''
  ) );
#10197 = PCURVE('',#8101,#10198);
#10198 = DEFINITIONAL_REPRESENTATION('',(#10199),#10203);
#10199 = CIRCLE('',#10200,6.025);
#10200 = AXIS2_PLACEMENT_2D('',#10201,#10202);
#10201 = CARTESIAN_POINT('',(29.423558412097,5.852709660484));
#10202 = DIRECTION('',(1.,0.));
#10203 = ( GEOMETRIC_REPRESENTATION_CONTEXT(2) 
PARAMETRIC_REPRESENTATION_CONTEXT() REPRESENTATION_CONTEXT('2D SPACE',''
  ) );
#10204 = ORIENTED_EDGE('',*,*,#10153,.F.);
#10205 = ORIENTED_EDGE('',*,*,#10206,.T.);
#10206 = EDGE_CURVE('',#10154,#10154,#10207,.T.);
#10207 = SURFACE_CURVE('',#10208,(#10213,#10220),.PCURVE_S1.);
#10208 = CIRCLE('',#10209,6.025);
#10209 = AXIS2_PLACEMENT_3D('',#10210,#10211,#10212);
#10210 = CARTESIAN_POINT('',(-27.42355841209,5.852709660484,
    2.22044604925E-15));
#10211 = DIRECTION('',(0.,0.,1.));
#10212 = DIRECTION('',(-0.923879532511,0.382683432365,0.));
#10213 = PCURVE('',#10164,#10214);
#10214 = DEFINITIONAL_REPRESENTATION('',(#10215),#10219);
#10215 = LINE('',#10216,#10217);
#10216 = CARTESIAN_POINT('',(12.566370614359,10.));
#10217 = VECTOR('',#10218,1.);
#10218 = DIRECTION('',(-1.,0.));
#10219 = ( GEOMETRIC_REPRESENTATION_CONTEXT(2) 
PARAMETRIC_REPRESENTATION_CONTEXT() REPRESENTATION_CONTEXT('2D SPACE',''
  ) );
#10220 = PCURVE('',#4850,#10221);
#10221 = DEFINITIONAL_REPRESENTATION('',(#10222),#10226);
#10222 = CIRCLE('',#10223,6.025);
#10223 = AXIS2_PLACEMENT_2D('',#10224,#10225);
#10224 = CARTESIAN_POINT('',(29.423558412097,5.852709660484));
#10225 = DIRECTION('',(1.,0.));
#10226 = ( GEOMETRIC_REPRESENTATION_CONTEXT(2) 
PARAMETRIC_REPRESENTATION_CONTEXT() REPRESENTATION_CONTEXT('2D SPACE',''
  ) );
#10227 = ADVANCED_FACE('',(#10228),#10242,.F.);
#10228 = FACE_BOUND('',#10229,.F.);
#10229 = EDGE_LOOP('',(#10230,#10260,#10282,#10283));
#10230 = ORIENTED_EDGE('',*,*,#10231,.T.);
#10231 = EDGE_CURVE('',#10232,#10234,#10236,.T.);
#10232 = VERTEX_POINT('',#10233);
#10233 = CARTESIAN_POINT('',(-17.37771418569,-18.97277467058,
    2.22044604925E-15));
#10234 = VERTEX_POINT('',#10235);
#10235 = CARTESIAN_POINT('',(-17.37771418569,-18.97277467058,10.));
#10236 = SEAM_CURVE('',#10237,(#10241,#10253),.PCURVE_S1.);
#10237 = LINE('',#10238,#10239);
#10238 = CARTESIAN_POINT('',(-17.37771418569,-18.97277467058,10.));
#10239 = VECTOR('',#10240,1.);
#10240 = DIRECTION('',(0.,0.,1.));
#10241 = PCURVE('',#10242,#10247);
#10242 = CYLINDRICAL_SURFACE('',#10243,6.025);
#10243 = AXIS2_PLACEMENT_3D('',#10244,#10245,#10246);
#10244 = CARTESIAN_POINT('',(-22.94408836907,-16.66710699058,10.));
#10245 = DIRECTION('',(0.,0.,-1.));
#10246 = DIRECTION('',(-0.923879532511,0.382683432365,0.));
#10247 = DEFINITIONAL_REPRESENTATION('',(#10248),#10252);
#10248 = LINE('',#10249,#10250);
#10249 = CARTESIAN_POINT('',(3.14159265359,0.));
#10250 = VECTOR('',#10251,1.);
#10251 = DIRECTION('',(0.,-1.));
#10252 = ( GEOMETRIC_REPRESENTATION_CONTEXT(2) 
PARAMETRIC_REPRESENTATION_CONTEXT() REPRESENTATION_CONTEXT('2D SPACE',''
  ) );
#10253 = PCURVE('',#10242,#10254);
#10254 = DEFINITIONAL_REPRESENTATION('',(#10255),#10259);
#10255 = LINE('',#10256,#10257);
#10256 = CARTESIAN_POINT('',(9.424777960769,0.));
#10257 = VECTOR('',#10258,1.);
#10258 = DIRECTION('',(0.,-1.));
#10259 = ( GEOMETRIC_REPRESENTATION_CONTEXT(2) 
PARAMETRIC_REPRESENTATION_CONTEXT() REPRESENTATION_CONTEXT('2D SPACE',''
  ) );
#10260 = ORIENTED_EDGE('',*,*,#10261,.F.);
#10261 = EDGE_CURVE('',#10234,#10234,#10262,.T.);
#10262 = SURFACE_CURVE('',#10263,(#10268,#10275),.PCURVE_S1.);
#10263 = CIRCLE('',#10264,6.025);
#10264 = AXIS2_PLACEMENT_3D('',#10265,#10266,#10267);
#10265 = CARTESIAN_POINT('',(-22.94408836907,-16.66710699058,10.));
#10266 = DIRECTION('',(0.,0.,1.));
#10267 = DIRECTION('',(-0.923879532511,0.382683432365,0.));
#10268 = PCURVE('',#10242,#10269);
#10269 = DEFINITIONAL_REPRESENTATION('',(#10270),#10274);
#10270 = LINE('',#10271,#10272);
#10271 = CARTESIAN_POINT('',(12.566370614359,0.));
#10272 = VECTOR('',#10273,1.);
#10273 = DIRECTION('',(-1.,0.));
#10274 = ( GEOMETRIC_REPRESENTATION_CONTEXT(2) 
PARAMETRIC_REPRESENTATION_CONTEXT() REPRESENTATION_CONTEXT('2D SPACE',''
  ) );
#10275 = PCURVE('',#8101,#10276);
#10276 = DEFINITIONAL_REPRESENTATION('',(#10277),#10281);
#10277 = CIRCLE('',#10278,6.025);
#10278 = AXIS2_PLACEMENT_2D('',#10279,#10280);
#10279 = CARTESIAN_POINT('',(16.667106990588,24.944088369076));
#10280 = DIRECTION('',(1.,0.));
#10281 = ( GEOMETRIC_REPRESENTATION_CONTEXT(2) 
PARAMETRIC_REPRESENTATION_CONTEXT() REPRESENTATION_CONTEXT('2D SPACE',''
  ) );
#10282 = ORIENTED_EDGE('',*,*,#10231,.F.);
#10283 = ORIENTED_EDGE('',*,*,#10284,.T.);
#10284 = EDGE_CURVE('',#10232,#10232,#10285,.T.);
#10285 = SURFACE_CURVE('',#10286,(#10291,#10298),.PCURVE_S1.);
#10286 = CIRCLE('',#10287,6.025);
#10287 = AXIS2_PLACEMENT_3D('',#10288,#10289,#10290);
#10288 = CARTESIAN_POINT('',(-22.94408836907,-16.66710699058,
    2.22044604925E-15));
#10289 = DIRECTION('',(0.,0.,1.));
#10290 = DIRECTION('',(-0.923879532511,0.382683432365,0.));
#10291 = PCURVE('',#10242,#10292);
#10292 = DEFINITIONAL_REPRESENTATION('',(#10293),#10297);
#10293 = LINE('',#10294,#10295);
#10294 = CARTESIAN_POINT('',(12.566370614359,10.));
#10295 = VECTOR('',#10296,1.);
#10296 = DIRECTION('',(-1.,0.));
#10297 = ( GEOMETRIC_REPRESENTATION_CONTEXT(2) 
PARAMETRIC_REPRESENTATION_CONTEXT() REPRESENTATION_CONTEXT('2D SPACE',''
  ) );
#10298 = PCURVE('',#4850,#10299);
#10299 = DEFINITIONAL_REPRESENTATION('',(#10300),#10304);
#10300 = CIRCLE('',#10301,6.025);
#10301 = AXIS2_PLACEMENT_2D('',#10302,#10303);
#10302 = CARTESIAN_POINT('',(16.667106990588,24.944088369076));
#10303 = DIRECTION('',(1.,0.));
#10304 = ( GEOMETRIC_REPRESENTATION_CONTEXT(2) 
PARAMETRIC_REPRESENTATION_CONTEXT() REPRESENTATION_CONTEXT('2D SPACE',''
  ) );
#10305 = ADVANCED_FACE('',(#10306),#10320,.F.);
#10306 = FACE_BOUND('',#10307,.F.);
#10307 = EDGE_LOOP('',(#10308,#10338,#10360,#10361));
#10308 = ORIENTED_EDGE('',*,*,#10309,.T.);
#10309 = EDGE_CURVE('',#10310,#10312,#10314,.T.);
#10310 = VERTEX_POINT('',#10311);
#10311 = CARTESIAN_POINT('',(32.510462552457,14.361439310588,
    2.22044604925E-15));
#10312 = VERTEX_POINT('',#10313);
#10313 = CARTESIAN_POINT('',(32.510462552457,14.361439310588,10.));
#10314 = SEAM_CURVE('',#10315,(#10319,#10331),.PCURVE_S1.);
#10315 = LINE('',#10316,#10317);
#10316 = CARTESIAN_POINT('',(32.510462552457,14.361439310588,10.));
#10317 = VECTOR('',#10318,1.);
#10318 = DIRECTION('',(0.,0.,1.));
#10319 = PCURVE('',#10320,#10325);
#10320 = CYLINDRICAL_SURFACE('',#10321,6.025);
#10321 = AXIS2_PLACEMENT_3D('',#10322,#10323,#10324);
#10322 = CARTESIAN_POINT('',(26.944088369076,16.667106990588,10.));
#10323 = DIRECTION('',(0.,0.,-1.));
#10324 = DIRECTION('',(-0.923879532511,0.382683432365,0.));
#10325 = DEFINITIONAL_REPRESENTATION('',(#10326),#10330);
#10326 = LINE('',#10327,#10328);
#10327 = CARTESIAN_POINT('',(-3.14159265359,0.));
#10328 = VECTOR('',#10329,1.);
#10329 = DIRECTION('',(0.,-1.));
#10330 = ( GEOMETRIC_REPRESENTATION_CONTEXT(2) 
PARAMETRIC_REPRESENTATION_CONTEXT() REPRESENTATION_CONTEXT('2D SPACE',''
  ) );
#10331 = PCURVE('',#10320,#10332);
#10332 = DEFINITIONAL_REPRESENTATION('',(#10333),#10337);
#10333 = LINE('',#10334,#10335);
#10334 = CARTESIAN_POINT('',(3.14159265359,0.));
#10335 = VECTOR('',#10336,1.);
#10336 = DIRECTION('',(0.,-1.));
#10337 = ( GEOMETRIC_REPRESENTATION_CONTEXT(2) 
PARAMETRIC_REPRESENTATION_CONTEXT() REPRESENTATION_CONTEXT('2D SPACE',''
  ) );
#10338 = ORIENTED_EDGE('',*,*,#10339,.F.);
#10339 = EDGE_CURVE('',#10312,#10312,#10340,.T.);
#10340 = SURFACE_CURVE('',#10341,(#10346,#10353),.PCURVE_S1.);
#10341 = CIRCLE('',#10342,6.025);
#10342 = AXIS2_PLACEMENT_3D('',#10343,#10344,#10345);
#10343 = CARTESIAN_POINT('',(26.944088369076,16.667106990588,10.));
#10344 = DIRECTION('',(0.,0.,1.));
#10345 = DIRECTION('',(-0.923879532511,0.382683432365,0.));
#10346 = PCURVE('',#10320,#10347);
#10347 = DEFINITIONAL_REPRESENTATION('',(#10348),#10352);
#10348 = LINE('',#10349,#10350);
#10349 = CARTESIAN_POINT('',(6.28318530718,0.));
#10350 = VECTOR('',#10351,1.);
#10351 = DIRECTION('',(-1.,0.));
#10352 = ( GEOMETRIC_REPRESENTATION_CONTEXT(2) 
PARAMETRIC_REPRESENTATION_CONTEXT() REPRESENTATION_CONTEXT('2D SPACE',''
  ) );
#10353 = PCURVE('',#8101,#10354);
#10354 = DEFINITIONAL_REPRESENTATION('',(#10355),#10359);
#10355 = CIRCLE('',#10356,6.025);
#10356 = AXIS2_PLACEMENT_2D('',#10357,#10358);
#10357 = CARTESIAN_POINT('',(-16.66710699058,-24.94408836907));
#10358 = DIRECTION('',(1.,0.));
#10359 = ( GEOMETRIC_REPRESENTATION_CONTEXT(2) 
PARAMETRIC_REPRESENTATION_CONTEXT() REPRESENTATION_CONTEXT('2D SPACE',''
  ) );
#10360 = ORIENTED_EDGE('',*,*,#10309,.F.);
#10361 = ORIENTED_EDGE('',*,*,#10362,.T.);
#10362 = EDGE_CURVE('',#10310,#10310,#10363,.T.);
#10363 = SURFACE_CURVE('',#10364,(#10369,#10376),.PCURVE_S1.);
#10364 = CIRCLE('',#10365,6.025);
#10365 = AXIS2_PLACEMENT_3D('',#10366,#10367,#10368);
#10366 = CARTESIAN_POINT('',(26.944088369076,16.667106990588,
    2.22044604925E-15));
#10367 = DIRECTION('',(0.,0.,1.));
#10368 = DIRECTION('',(-0.923879532511,0.382683432365,0.));
#10369 = PCURVE('',#10320,#10370);
#10370 = DEFINITIONAL_REPRESENTATION('',(#10371),#10375);
#10371 = LINE('',#10372,#10373);
#10372 = CARTESIAN_POINT('',(6.28318530718,10.));
#10373 = VECTOR('',#10374,1.);
#10374 = DIRECTION('',(-1.,0.));
#10375 = ( GEOMETRIC_REPRESENTATION_CONTEXT(2) 
PARAMETRIC_REPRESENTATION_CONTEXT() REPRESENTATION_CONTEXT('2D SPACE',''
  ) );
#10376 = PCURVE('',#4850,#10377);
#10377 = DEFINITIONAL_REPRESENTATION('',(#10378),#10382);
#10378 = CIRCLE('',#10379,6.025);
#10379 = AXIS2_PLACEMENT_2D('',#10380,#10381);
#10380 = CARTESIAN_POINT('',(-16.66710699058,-24.94408836907));
#10381 = DIRECTION('',(1.,0.));
#10382 = ( GEOMETRIC_REPRESENTATION_CONTEXT(2) 
PARAMETRIC_REPRESENTATION_CONTEXT() REPRESENTATION_CONTEXT('2D SPACE',''
  ) );
#10383 = ADVANCED_FACE('',(#10384),#9823,.F.);
#10384 = FACE_BOUND('',#10385,.F.);
#10385 = EDGE_LOOP('',(#10386,#10409,#10410,#10411));
#10386 = ORIENTED_EDGE('',*,*,#10387,.T.);
#10387 = EDGE_CURVE('',#10388,#9807,#10390,.T.);
#10388 = VERTEX_POINT('',#10389);
#10389 = CARTESIAN_POINT('',(21.401470182737,-8.036352079667,
    2.22044604925E-15));
#10390 = SEAM_CURVE('',#10391,(#10395,#10402),.PCURVE_S1.);
#10391 = LINE('',#10392,#10393);
#10392 = CARTESIAN_POINT('',(21.401470182737,-8.036352079667,10.));
#10393 = VECTOR('',#10394,1.);
#10394 = DIRECTION('',(0.,0.,1.));
#10395 = PCURVE('',#9823,#10396);
#10396 = DEFINITIONAL_REPRESENTATION('',(#10397),#10401);
#10397 = LINE('',#10398,#10399);
#10398 = CARTESIAN_POINT('',(-3.14159265359,0.));
#10399 = VECTOR('',#10400,1.);
#10400 = DIRECTION('',(0.,-1.));
#10401 = ( GEOMETRIC_REPRESENTATION_CONTEXT(2) 
PARAMETRIC_REPRESENTATION_CONTEXT() REPRESENTATION_CONTEXT('2D SPACE',''
  ) );
#10402 = PCURVE('',#9823,#10403);
#10403 = DEFINITIONAL_REPRESENTATION('',(#10404),#10408);
#10404 = LINE('',#10405,#10406);
#10405 = CARTESIAN_POINT('',(3.14159265359,0.));
#10406 = VECTOR('',#10407,1.);
#10407 = DIRECTION('',(0.,-1.));
#10408 = ( GEOMETRIC_REPRESENTATION_CONTEXT(2) 
PARAMETRIC_REPRESENTATION_CONTEXT() REPRESENTATION_CONTEXT('2D SPACE',''
  ) );
#10409 = ORIENTED_EDGE('',*,*,#9806,.F.);
#10410 = ORIENTED_EDGE('',*,*,#10387,.F.);
#10411 = ORIENTED_EDGE('',*,*,#10412,.T.);
#10412 = EDGE_CURVE('',#10388,#10388,#10413,.T.);
#10413 = SURFACE_CURVE('',#10414,(#10419,#10426),.PCURVE_S1.);
#10414 = CIRCLE('',#10415,21.);
#10415 = AXIS2_PLACEMENT_3D('',#10416,#10417,#10418);
#10416 = CARTESIAN_POINT('',(2.,0.,2.22044604925E-15));
#10417 = DIRECTION('',(0.,0.,1.));
#10418 = DIRECTION('',(-0.923879532511,0.382683432365,0.));
#10419 = PCURVE('',#9823,#10420);
#10420 = DEFINITIONAL_REPRESENTATION('',(#10421),#10425);
#10421 = LINE('',#10422,#10423);
#10422 = CARTESIAN_POINT('',(6.28318530718,10.));
#10423 = VECTOR('',#10424,1.);
#10424 = DIRECTION('',(-1.,0.));
#10425 = ( GEOMETRIC_REPRESENTATION_CONTEXT(2) 
PARAMETRIC_REPRESENTATION_CONTEXT() REPRESENTATION_CONTEXT('2D SPACE',''
  ) );
#10426 = PCURVE('',#4850,#10427);
#10427 = DEFINITIONAL_REPRESENTATION('',(#10428),#10432);
#10428 = CIRCLE('',#10429,21.);
#10429 = AXIS2_PLACEMENT_2D('',#10430,#10431);
#10430 = CARTESIAN_POINT('',(0.,0.));
#10431 = DIRECTION('',(1.,0.));
#10432 = ( GEOMETRIC_REPRESENTATION_CONTEXT(2) 
PARAMETRIC_REPRESENTATION_CONTEXT() REPRESENTATION_CONTEXT('2D SPACE',''
  ) );
#10433 = ADVANCED_FACE('',(#10434),#10448,.F.);
#10434 = FACE_BOUND('',#10435,.F.);
#10435 = EDGE_LOOP('',(#10436,#10466,#10488,#10489));
#10436 = ORIENTED_EDGE('',*,*,#10437,.T.);
#10437 = EDGE_CURVE('',#10438,#10440,#10442,.T.);
#10438 = VERTEX_POINT('',#10439);
#10439 = CARTESIAN_POINT('',(-9.100732807208,22.638420689077,
    2.22044604925E-15));
#10440 = VERTEX_POINT('',#10441);
#10441 = CARTESIAN_POINT('',(-9.100732807208,22.638420689077,10.));
#10442 = SEAM_CURVE('',#10443,(#10447,#10459),.PCURVE_S1.);
#10443 = LINE('',#10444,#10445);
#10444 = CARTESIAN_POINT('',(-9.100732807208,22.638420689077,10.));
#10445 = VECTOR('',#10446,1.);
#10446 = DIRECTION('',(0.,0.,1.));
#10447 = PCURVE('',#10448,#10453);
#10448 = CYLINDRICAL_SURFACE('',#10449,6.025);
#10449 = AXIS2_PLACEMENT_3D('',#10450,#10451,#10452);
#10450 = CARTESIAN_POINT('',(-14.66710699058,24.944088369076,10.));
#10451 = DIRECTION('',(0.,0.,-1.));
#10452 = DIRECTION('',(-0.923879532511,0.382683432365,0.));
#10453 = DEFINITIONAL_REPRESENTATION('',(#10454),#10458);
#10454 = LINE('',#10455,#10456);
#10455 = CARTESIAN_POINT('',(3.14159265359,0.));
#10456 = VECTOR('',#10457,1.);
#10457 = DIRECTION('',(0.,-1.));
#10458 = ( GEOMETRIC_REPRESENTATION_CONTEXT(2) 
PARAMETRIC_REPRESENTATION_CONTEXT() REPRESENTATION_CONTEXT('2D SPACE',''
  ) );
#10459 = PCURVE('',#10448,#10460);
#10460 = DEFINITIONAL_REPRESENTATION('',(#10461),#10465);
#10461 = LINE('',#10462,#10463);
#10462 = CARTESIAN_POINT('',(9.424777960769,0.));
#10463 = VECTOR('',#10464,1.);
#10464 = DIRECTION('',(0.,-1.));
#10465 = ( GEOMETRIC_REPRESENTATION_CONTEXT(2) 
PARAMETRIC_REPRESENTATION_CONTEXT() REPRESENTATION_CONTEXT('2D SPACE',''
  ) );
#10466 = ORIENTED_EDGE('',*,*,#10467,.F.);
#10467 = EDGE_CURVE('',#10440,#10440,#10468,.T.);
#10468 = SURFACE_CURVE('',#10469,(#10474,#10481),.PCURVE_S1.);
#10469 = CIRCLE('',#10470,6.025);
#10470 = AXIS2_PLACEMENT_3D('',#10471,#10472,#10473);
#10471 = CARTESIAN_POINT('',(-14.66710699058,24.944088369076,10.));
#10472 = DIRECTION('',(0.,0.,1.));
#10473 = DIRECTION('',(-0.923879532511,0.382683432365,0.));
#10474 = PCURVE('',#10448,#10475);
#10475 = DEFINITIONAL_REPRESENTATION('',(#10476),#10480);
#10476 = LINE('',#10477,#10478);
#10477 = CARTESIAN_POINT('',(12.566370614359,0.));
#10478 = VECTOR('',#10479,1.);
#10479 = DIRECTION('',(-1.,0.));
#10480 = ( GEOMETRIC_REPRESENTATION_CONTEXT(2) 
PARAMETRIC_REPRESENTATION_CONTEXT() REPRESENTATION_CONTEXT('2D SPACE',''
  ) );
#10481 = PCURVE('',#8101,#10482);
#10482 = DEFINITIONAL_REPRESENTATION('',(#10483),#10487);
#10483 = CIRCLE('',#10484,6.025);
#10484 = AXIS2_PLACEMENT_2D('',#10485,#10486);
#10485 = CARTESIAN_POINT('',(24.944088369076,-16.66710699058));
#10486 = DIRECTION('',(1.,0.));
#10487 = ( GEOMETRIC_REPRESENTATION_CONTEXT(2) 
PARAMETRIC_REPRESENTATION_CONTEXT() REPRESENTATION_CONTEXT('2D SPACE',''
  ) );
#10488 = ORIENTED_EDGE('',*,*,#10437,.F.);
#10489 = ORIENTED_EDGE('',*,*,#10490,.T.);
#10490 = EDGE_CURVE('',#10438,#10438,#10491,.T.);
#10491 = SURFACE_CURVE('',#10492,(#10497,#10504),.PCURVE_S1.);
#10492 = CIRCLE('',#10493,6.025);
#10493 = AXIS2_PLACEMENT_3D('',#10494,#10495,#10496);
#10494 = CARTESIAN_POINT('',(-14.66710699058,24.944088369076,
    2.22044604925E-15));
#10495 = DIRECTION('',(0.,0.,1.));
#10496 = DIRECTION('',(-0.923879532511,0.382683432365,0.));
#10497 = PCURVE('',#10448,#10498);
#10498 = DEFINITIONAL_REPRESENTATION('',(#10499),#10503);
#10499 = LINE('',#10500,#10501);
#10500 = CARTESIAN_POINT('',(12.566370614359,10.));
#10501 = VECTOR('',#10502,1.);
#10502 = DIRECTION('',(-1.,0.));
#10503 = ( GEOMETRIC_REPRESENTATION_CONTEXT(2) 
PARAMETRIC_REPRESENTATION_CONTEXT() REPRESENTATION_CONTEXT('2D SPACE',''
  ) );
#10504 = PCURVE('',#4850,#10505);
#10505 = DEFINITIONAL_REPRESENTATION('',(#10506),#10510);
#10506 = CIRCLE('',#10507,6.025);
#10507 = AXIS2_PLACEMENT_2D('',#10508,#10509);
#10508 = CARTESIAN_POINT('',(24.944088369076,-16.66710699058));
#10509 = DIRECTION('',(1.,0.));
#10510 = ( GEOMETRIC_REPRESENTATION_CONTEXT(2) 
PARAMETRIC_REPRESENTATION_CONTEXT() REPRESENTATION_CONTEXT('2D SPACE',''
  ) );
#10511 = ADVANCED_FACE('',(#10512,#10515,#10518,#10521,#10524,#10527,
    #10530,#10533,#10536,#10539),#8101,.T.);
#10512 = FACE_BOUND('',#10513,.T.);
#10513 = EDGE_LOOP('',(#10514));
#10514 = ORIENTED_EDGE('',*,*,#6485,.T.);
#10515 = FACE_BOUND('',#10516,.T.);
#10516 = EDGE_LOOP('',(#10517));
#10517 = ORIENTED_EDGE('',*,*,#9749,.T.);
#10518 = FACE_BOUND('',#10519,.T.);
#10519 = EDGE_LOOP('',(#10520));
#10520 = ORIENTED_EDGE('',*,*,#10467,.F.);
#10521 = FACE_BOUND('',#10522,.T.);
#10522 = EDGE_LOOP('',(#10523));
#10523 = ORIENTED_EDGE('',*,*,#10339,.F.);
#10524 = FACE_BOUND('',#10525,.T.);
#10525 = EDGE_LOOP('',(#10526));
#10526 = ORIENTED_EDGE('',*,*,#10261,.F.);
#10527 = FACE_BOUND('',#10528,.T.);
#10528 = EDGE_LOOP('',(#10529));
#10529 = ORIENTED_EDGE('',*,*,#10183,.F.);
#10530 = FACE_BOUND('',#10531,.T.);
#10531 = EDGE_LOOP('',(#10532));
#10532 = ORIENTED_EDGE('',*,*,#10105,.F.);
#10533 = FACE_BOUND('',#10534,.T.);
#10534 = EDGE_LOOP('',(#10535));
#10535 = ORIENTED_EDGE('',*,*,#10027,.F.);
#10536 = FACE_BOUND('',#10537,.T.);
#10537 = EDGE_LOOP('',(#10538));
#10538 = ORIENTED_EDGE('',*,*,#9949,.F.);
#10539 = FACE_BOUND('',#10540,.T.);
#10540 = EDGE_LOOP('',(#10541));
#10541 = ORIENTED_EDGE('',*,*,#9871,.F.);
#10542 = ADVANCED_FACE('',(#10543,#10546,#10549,#10552,#10555,#10558,
    #10561,#10564,#10567,#10570),#4850,.F.);
#10543 = FACE_BOUND('',#10544,.T.);
#10544 = EDGE_LOOP('',(#10545));
#10545 = ORIENTED_EDGE('',*,*,#21,.F.);
#10546 = FACE_BOUND('',#10547,.T.);
#10547 = EDGE_LOOP('',(#10548));
#10548 = ORIENTED_EDGE('',*,*,#10490,.T.);
#10549 = FACE_BOUND('',#10550,.T.);
#10550 = EDGE_LOOP('',(#10551));
#10551 = ORIENTED_EDGE('',*,*,#10412,.T.);
#10552 = FACE_BOUND('',#10553,.T.);
#10553 = EDGE_LOOP('',(#10554));
#10554 = ORIENTED_EDGE('',*,*,#10362,.T.);
#10555 = FACE_BOUND('',#10556,.T.);
#10556 = EDGE_LOOP('',(#10557));
#10557 = ORIENTED_EDGE('',*,*,#10284,.T.);
#10558 = FACE_BOUND('',#10559,.T.);
#10559 = EDGE_LOOP('',(#10560));
#10560 = ORIENTED_EDGE('',*,*,#10206,.T.);
#10561 = FACE_BOUND('',#10562,.T.);
#10562 = EDGE_LOOP('',(#10563));
#10563 = ORIENTED_EDGE('',*,*,#10128,.T.);
#10564 = FACE_BOUND('',#10565,.T.);
#10565 = EDGE_LOOP('',(#10566));
#10566 = ORIENTED_EDGE('',*,*,#10050,.T.);
#10567 = FACE_BOUND('',#10568,.T.);
#10568 = EDGE_LOOP('',(#10569));
#10569 = ORIENTED_EDGE('',*,*,#9972,.T.);
#10570 = FACE_BOUND('',#10571,.T.);
#10571 = EDGE_LOOP('',(#10572));
#10572 = ORIENTED_EDGE('',*,*,#9894,.T.);
#10573 = ( GEOMETRIC_REPRESENTATION_CONTEXT(3) 
GLOBAL_UNCERTAINTY_ASSIGNED_CONTEXT((#10577)) 
GLOBAL_UNIT_ASSIGNED_CONTEXT((#10574,#10575,#10576)) 
REPRESENTATION_CONTEXT('Context #1',
  '3D Context with UNIT and UNCERTAINTY') );
#10574 = ( LENGTH_UNIT() NAMED_UNIT(*) SI_UNIT(.MILLI.,.METRE.) );
#10575 = ( NAMED_UNIT(*) PLANE_ANGLE_UNIT() SI_UNIT($,.RADIAN.) );
#10576 = ( NAMED_UNIT(*) SI_UNIT($,.STERADIAN.) SOLID_ANGLE_UNIT() );
#10577 = UNCERTAINTY_MEASURE_WITH_UNIT(LENGTH_MEASURE(1.E-07),#10574,
  'distance_accuracy_value','confusion accuracy');
#10578 = PRODUCT_RELATED_PRODUCT_CATEGORY('part',$,(#7));
ENDSEC;
END-ISO-10303-21;
